{"type":"FeatureCollection","features":[{"type":"Feature","geometry":{"type":"Polygon","coordinates":[[[9.9305,12.3712],[9.9277,12.3719],[9.9261,12.3773],[9.9217,12.3829],[9.9187,12.384],[9.9155,12.3816],[9.9127,12.3738],[9.9134,12.3719],[9.918,12.3692],[9.9193,12.365],[9.9121,12.3641],[9.9118,12.3632],[9.9141,12.3616],[9.9148,12.3577],[9.9194,12.355],[9.92,12.351],[9.9186,12.3477],[9.9222,12.3458],[9.9217,12.3425],[9.9226,12.338],[9.9201,12.3342],[9.9234,12.3286],[9.9229,12.3265],[9.926,12.3218],[9.9286,12.3235],[9.9356,12.3211],[9.9355,12.3113],[9.9331,12.3096],[9.9373,12.3042],[9.9427,12.2993],[9.9484,12.2972],[9.948,12.3024],[9.9518,12.3061],[9.9551,12.3044],[9.9598,12.3072],[9.9617,12.3094],[9.9574,12.3159],[9.9612,12.3189],[9.9657,12.3207],[9.9676,12.3233],[9.9665,12.3265],[9.9642,12.3269],[9.9601,12.3298],[9.9555,12.3296],[9.9555,12.3344],[9.9538,12.3373],[9.9549,12.3411],[9.9492,12.3468],[9.9437,12.3554],[9.9406,12.3552],[9.9366,12.3564],[9.9341,12.3605],[9.9345,12.3639],[9.9305,12.3712]]]},"properties":{"name":"AUYO","state":"17","code":"17/01/01"}},{"type":"Feature","geometry":{"type":"Polygon","coordinates":[[[10.0101,12.4261],[10.0031,12.4256],[9.9998,12.4267],[9.9974,12.4241],[9.9997,12.4206],[9.9997,12.4151],[10.0006,12.4135],[9.9969,12.4111],[9.9952,12.408],[9.9977,12.4064],[10.0021,12.3959],[9.998,12.3927],[9.9958,12.3866],[9.9895,12.3824],[9.9844,12.3898],[9.9792,12.3869],[9.9714,12.3837],[9.9705,12.3815],[9.9702,12.375],[9.9731,12.3707],[9.9754,12.3689],[9.9722,12.3631],[9.9702,12.363],[9.9674,12.3562],[9.9708,12.3526],[9.9756,12.3515],[9.982,12.3474],[9.9804,12.3432],[9.9779,12.3409],[9.9805,12.3354],[9.9855,12.3378],[9.9911,12.3389],[9.9932,12.349],[9.9957,12.3491],[9.9971,12.3536],[10.0033,12.3588],[10.0073,12.3612],[10.0155,12.3654],[10.016,12.3713],[10.0178,12.3744],[10.0214,12.3814],[10.0203,12.3887],[10.0176,12.3904],[10.0161,12.3936],[10.0174,12.3951],[10.012,12.4009],[10.0023,12.4049],[10.0054,12.4123],[10.0044,12.4154],[10.0052,12.4179],[10.0091,12.4201],[10.0105,12.4226],[10.0101,12.4261]]]},"properties":{"name":"AUYAKAYI","state":"17","code":"17/01/02"}},{"type":"Feature","geometry":{"type":"Polygon","coordinates":[[[9.904,12.2906],[9.8969,12.2885],[9.8912,12.2844],[9.8903,12.2864],[9.8863,12.2898],[9.8842,12.2952],[9.8802,12.2987],[9.8765,12.3037],[9.8736,12.3111],[9.8656,12.3035],[9.8576,12.3045],[9.853,12.3003],[9.8498,12.3036],[9.8476,12.3005],[9.8437,12.3005],[9.842,12.2961],[9.8383,12.2938],[9.8369,12.2971],[9.8317,12.2992],[9.8208,12.2955],[9.8235,12.2902],[9.8266,12.2887],[9.8338,12.2901],[9.8343,12.2871],[9.8284,12.2816],[9.8277,12.2788],[9.8368,12.2815],[9.8399,12.2775],[9.8424,12.2763],[9.8434,12.2729],[9.838,12.2674],[9.8333,12.2684],[9.832,12.2633],[9.8347,12.2544],[9.842,12.2445],[9.848,12.2433],[9.8508,12.2415],[9.8513,12.2391],[9.8558,12.2329],[9.8608,12.2303],[9.8662,12.2321],[9.8684,12.2356],[9.8786,12.2346],[9.8831,12.2351],[9.8832,12.2389],[9.8803,12.2408],[9.8821,12.2461],[9.8876,12.248],[9.8908,12.2475],[9.8945,12.2525],[9.8991,12.2488],[9.9037,12.2485],[9.9087,12.2529],[9.9089,12.2587],[9.9135,12.2606],[9.9188,12.261],[9.9231,12.2674],[9.9167,12.2775],[9.9065,12.2768],[9.9031,12.2749],[9.9022,12.2769],[9.9022,12.2845],[9.9044,12.2868],[9.904,12.2906]]]},"properties":{"name":"AYAMA","state":"17","code":"17/01/03"}},{"type":"Feature","geometry":{"type":"Polygon","coordinates":[[[10.0745,12.4391],[10.061,12.4341],[10.0611,12.4318],[10.0576,12.4292],[10.0577,12.4233],[10.0513,12.4192],[10.0512,12.4164],[10.0544,12.4133],[10.0564,12.4092],[10.057,12.4016],[10.0492,12.4006],[10.0472,12.399],[10.0513,12.3952],[10.0538,12.3915],[10.0558,12.3915],[10.0579,12.3812],[10.0564,12.3759],[10.0576,12.3744],[10.0665,12.3702],[10.0718,12.3698],[10.0765,12.367],[10.078,12.3689],[10.0776,12.3737],[10.0796,12.3769],[10.0829,12.3787],[10.0882,12.379],[10.091,12.3811],[10.088,12.3838],[10.092,12.3846],[10.0954,12.3827],[10.0961,12.3867],[10.0999,12.3849],[10.1018,12.3862],[10.096,12.397],[10.0942,12.4016],[10.0936,12.413],[10.0933,12.4162],[10.0903,12.4223],[10.0854,12.4288],[10.0785,12.4324],[10.0761,12.4346],[10.0745,12.4391]]]},"properties":{"name":"AYAN","state":"17","code":"17/01/04"}},{"type":"Feature","geometry":{"type":"Polygon","coordinates":[[[9.926,12.3218],[9.9231,12.318],[9.9195,12.3167],[9.9168,12.3138],[9.9103,12.312],[9.9113,12.3094],[9.9124,12.3018],[9.9095,12.2962],[9.9049,12.2937],[9.904,12.2906],[9.9044,12.2868],[9.9022,12.2845],[9.9022,12.2769],[9.9031,12.2749],[9.9065,12.2768],[9.9167,12.2775],[9.9231,12.2674],[9.928,12.2678],[9.9344,12.2721],[9.9453,12.2735],[9.9478,12.2763],[9.953,12.2767],[9.9557,12.2791],[9.9514,12.2857],[9.9523,12.2875],[9.9566,12.2891],[9.9583,12.2917],[9.9553,12.2963],[9.9539,12.3018],[9.9518,12.3061],[9.948,12.3024],[9.9484,12.2972],[9.9427,12.2993],[9.9373,12.3042],[9.9331,12.3096],[9.9355,12.3113],[9.9356,12.3211],[9.9286,12.3235],[9.926,12.3218]]]},"properties":{"name":"GAMAFOI","state":"17","code":"17/01/05"}},{"type":"Feature","geometry":{"type":"Polygon","coordinates":[[[9.9118,12.3632],[9.9117,12.3605],[9.9053,12.3617],[9.9012,12.3605],[9.8979,12.3506],[9.8963,12.3499],[9.8879,12.3457],[9.885,12.3421],[9.8781,12.3399],[9.8752,12.3418],[9.8741,12.3463],[9.8675,12.3444],[9.8623,12.3443],[9.859,12.3426],[9.8606,12.3362],[9.8618,12.3306],[9.8468,12.3364],[9.8386,12.3346],[9.8342,12.3321],[9.8268,12.329],[9.8227,12.3283],[9.8249,12.3328],[9.8227,12.3342],[9.8191,12.3302],[9.8125,12.3263],[9.8097,12.3257],[9.8104,12.3225],[9.8054,12.3214],[9.8003,12.3179],[9.8005,12.3113],[9.8055,12.3073],[9.8054,12.3032],[9.8067,12.3002],[9.8112,12.2974],[9.8147,12.2975],[9.8208,12.2955],[9.8317,12.2992],[9.8369,12.2971],[9.8383,12.2938],[9.842,12.2961],[9.8437,12.3005],[9.8476,12.3005],[9.8498,12.3036],[9.853,12.3003],[9.8576,12.3045],[9.8656,12.3035],[9.8736,12.3111],[9.8765,12.3037],[9.8802,12.2987],[9.8842,12.2952],[9.8863,12.2898],[9.8903,12.2864],[9.8912,12.2844],[9.8969,12.2885],[9.904,12.2906],[9.9049,12.2937],[9.9095,12.2962],[9.9124,12.3018],[9.9113,12.3094],[9.9103,12.312],[9.9168,12.3138],[9.9195,12.3167],[9.9231,12.318],[9.926,12.3218],[9.9229,12.3265],[9.9234,12.3286],[9.9201,12.3342],[9.9226,12.338],[9.9217,12.3425],[9.9222,12.3458],[9.9186,12.3477],[9.92,12.351],[9.9194,12.355],[9.9148,12.3577],[9.9141,12.3616],[9.9118,12.3632]]]},"properties":{"name":"GAMSARKA","state":"17","code":"17/01/06"}},{"type":"Feature","geometry":{"type":"Polygon","coordinates":[[[9.9974,12.4241],[9.9939,12.4149],[9.9874,12.4103],[9.9847,12.4113],[9.9821,12.4164],[9.9645,12.4139],[9.9639,12.4111],[9.9646,12.4066],[9.9633,12.4049],[9.9586,12.403],[9.9631,12.4008],[9.9663,12.3953],[9.9663,12.3933],[9.9641,12.3891],[9.9667,12.3873],[9.9687,12.3826],[9.9705,12.3815],[9.9714,12.3837],[9.9792,12.3869],[9.9844,12.3898],[9.9895,12.3824],[9.9958,12.3866],[9.998,12.3927],[10.0021,12.3959],[9.9977,12.4064],[9.9952,12.408],[9.9969,12.4111],[10.0006,12.4135],[9.9997,12.4151],[9.9997,12.4206],[9.9974,12.4241]]]},"properties":{"name":"GATAFA","state":"17","code":"17/01/07"}},{"type":"Feature","geometry":{"type":"Polygon","coordinates":[[[10.0178,12.3744],[10.0223,12.3717],[10.029,12.3723],[10.0337,12.3709],[10.04,12.3672],[10.0419,12.3708],[10.0486,12.3747],[10.0564,12.3759],[10.0579,12.3812],[10.0558,12.3915],[10.0538,12.3915],[10.0513,12.3952],[10.0472,12.399],[10.0492,12.4006],[10.057,12.4016],[10.0564,12.4092],[10.0544,12.4133],[10.0512,12.4164],[10.0513,12.4192],[10.0577,12.4233],[10.0576,12.4292],[10.0611,12.4318],[10.061,12.4341],[10.0542,12.4331],[10.0502,12.4322],[10.0455,12.4357],[10.0342,12.44],[10.0308,12.4405],[10.0237,12.4396],[10.0208,12.437],[10.0203,12.4285],[10.0215,12.4243],[10.0204,12.4233],[10.0152,12.4255],[10.0101,12.4261],[10.0105,12.4226],[10.0091,12.4201],[10.0052,12.4179],[10.0044,12.4154],[10.0054,12.4123],[10.0023,12.4049],[10.012,12.4009],[10.0174,12.3951],[10.0161,12.3936],[10.0176,12.3904],[10.0203,12.3887],[10.0214,12.3814],[10.0178,12.3744]]]},"properties":{"name":"KAFUR","state":"17","code":"17/01/08"}},{"type":"Feature","geometry":{"type":"Polygon","coordinates":[[[9.9676,12.3233],[9.9717,12.3222],[9.9768,12.3243],[9.9756,12.3284],[9.9811,12.3338],[9.9805,12.3354],[9.9779,12.3409],[9.9804,12.3432],[9.982,12.3474],[9.9756,12.3515],[9.9708,12.3526],[9.9674,12.3562],[9.9702,12.363],[9.9722,12.3631],[9.9754,12.3689],[9.9731,12.3707],[9.9702,12.375],[9.9705,12.3815],[9.9687,12.3826],[9.9667,12.3873],[9.9641,12.3891],[9.9607,12.3857],[9.9576,12.3847],[9.9542,12.3886],[9.9512,12.3897],[9.9477,12.3893],[9.9431,12.387],[9.9393,12.3835],[9.9357,12.383],[9.9362,12.3806],[9.9403,12.3782],[9.9382,12.3732],[9.9348,12.3711],[9.9305,12.3712],[9.9345,12.3639],[9.9341,12.3605],[9.9366,12.3564],[9.9406,12.3552],[9.9437,12.3554],[9.9492,12.3468],[9.9549,12.3411],[9.9538,12.3373],[9.9555,12.3344],[9.9555,12.3296],[9.9601,12.3298],[9.9642,12.3269],[9.9665,12.3265],[9.9676,12.3233]]]},"properties":{"name":"TSIDIR","state":"17","code":"17/01/09"}},{"type":"Feature","geometry":{"type":"Polygon","coordinates":[[[10.1018,12.3862],[10.1069,12.3896],[10.1082,12.3861],[10.113,12.3785],[10.115,12.3741],[10.1179,12.3727],[10.1217,12.3691],[10.1172,12.3647],[10.1128,12.3631],[10.1091,12.3541],[10.1119,12.3509],[10.1132,12.3455],[10.1146,12.3446],[10.1215,12.3467],[10.124,12.3501],[10.1229,12.3559],[10.1265,12.3578],[10.13,12.3571],[10.1341,12.3537],[10.1409,12.3508],[10.1415,12.3474],[10.1455,12.3442],[10.1478,12.34],[10.1475,12.337],[10.1512,12.3316],[10.1534,12.3323],[10.1613,12.3321],[10.1624,12.3354],[10.1645,12.3348],[10.1682,12.3369],[10.1704,12.3396],[10.1753,12.3419],[10.1789,12.3453],[10.184,12.3443],[10.1856,12.3424],[10.1844,12.3358],[10.1858,12.3322],[10.1898,12.33],[10.1924,12.3273],[10.1953,12.3276],[10.1991,12.332],[10.202,12.3374],[10.2012,12.3419],[10.2077,12.3542],[10.2096,12.3557],[10.2163,12.3553],[10.2205,12.3563],[10.2258,12.364],[10.2266,12.3686],[10.2429,12.3799],[10.2541,12.391],[10.244,12.4059],[10.2445,12.408],[10.2398,12.4148],[10.2356,12.419],[10.2337,12.4224],[10.2356,12.4252],[10.2383,12.4264],[10.2367,12.429],[10.2317,12.4274],[10.2287,12.4275],[10.2231,12.4318],[10.2208,12.4314],[10.2185,12.4288],[10.2164,12.4302],[10.2133,12.4354],[10.2068,12.4376],[10.2012,12.4419],[10.1962,12.4388],[10.1958,12.4301],[10.1871,12.4337],[10.1827,12.4322],[10.1769,12.4326],[10.1695,12.4256],[10.1684,12.4223],[10.1572,12.4209],[10.1568,12.4185],[10.1604,12.4166],[10.1583,12.4147],[10.1531,12.4146],[10.1475,12.4192],[10.1418,12.4226],[10.1345,12.4233],[10.1301,12.4245],[10.1279,12.4237],[10.124,12.4169],[10.1217,12.414],[10.1142,12.4128],[10.111,12.414],[10.1041,12.4125],[10.0963,12.4123],[10.0936,12.413],[10.0942,12.4016],[10.096,12.397],[10.1018,12.3862]]]},"properties":{"name":"UNIK","state":"17","code":"17/01/10"}},{"type":"Feature","geometry":{"type":"Polygon","coordinates":[[[9.083,12.7425],[9.0859,12.7468],[9.0901,12.7477],[9.0916,12.7509],[9.0899,12.7535],[9.0913,12.7607],[9.0867,12.761],[9.0822,12.7631],[9.0835,12.7693],[9.0906,12.7744],[9.0909,12.7774],[9.0853,12.7793],[9.0823,12.7795],[9.0825,12.7825],[9.0771,12.7856],[9.0737,12.786],[9.069,12.7881],[9.0697,12.7922],[9.0757,12.798],[9.0706,12.7989],[9.0643,12.8011],[9.0581,12.8008],[9.0559,12.7983],[9.0461,12.799],[9.0394,12.7951],[9.0361,12.7904],[9.0321,12.793],[9.0265,12.7931],[9.0193,12.7913],[9.0172,12.792],[9.0105,12.7898],[9.0045,12.7893],[8.9985,12.7872],[8.994,12.7864],[8.9934,12.7819],[8.9961,12.7772],[8.9964,12.77],[8.9945,12.7666],[8.9951,12.7641],[9,12.7627],[9.0007,12.7587],[9.0035,12.7549],[9.0107,12.7526],[9.0161,12.7468],[9.0174,12.7461],[9.015,12.7416],[9.0126,12.7352],[9.0152,12.7336],[9.0194,12.7273],[9.0216,12.7264],[9.0241,12.7226],[9.0297,12.7187],[9.0354,12.7161],[9.0396,12.7182],[9.0464,12.7189],[9.0504,12.7206],[9.0544,12.7188],[9.0548,12.7214],[9.0619,12.7316],[9.0649,12.7328],[9.067,12.7372],[9.071,12.7373],[9.0804,12.7356],[9.0822,12.7362],[9.083,12.7425]]]},"properties":{"name":"BABURA","state":"17","code":"17/02/01"}},{"type":"Feature","geometry":{"type":"Polygon","coordinates":[[[8.8299,12.6517],[8.8222,12.6614],[8.8207,12.6651],[8.8154,12.6674],[8.8165,12.6708],[8.8158,12.6741],[8.8035,12.6731],[8.794,12.6729],[8.7593,12.6739],[8.7524,12.6727],[8.7448,12.6667],[8.743,12.6669],[8.7426,12.6655],[8.744,12.6588],[8.7406,12.6542],[8.7337,12.6526],[8.7282,12.6544],[8.7257,12.6531],[8.7243,12.6503],[8.7275,12.647],[8.7316,12.6444],[8.7296,12.6401],[8.7251,12.6337],[8.7251,12.6268],[8.7189,12.6231],[8.7208,12.6183],[8.714,12.6111],[8.716,12.6086],[8.7114,12.6046],[8.7136,12.6026],[8.711,12.6005],[8.7088,12.596],[8.7084,12.5866],[8.7088,12.5823],[8.7044,12.5773],[8.6979,12.5807],[8.695,12.5796],[8.694,12.5718],[8.7191,12.5666],[8.73,12.5591],[8.7323,12.5567],[8.7355,12.5572],[8.7406,12.5604],[8.739,12.5658],[8.7406,12.5712],[8.734,12.571],[8.7318,12.5701],[8.7304,12.5748],[8.7284,12.5784],[8.7288,12.583],[8.7275,12.5878],[8.727,12.5953],[8.728,12.6038],[8.7314,12.6062],[8.7325,12.6108],[8.7351,12.6134],[8.7422,12.6128],[8.7455,12.6112],[8.7487,12.606],[8.7486,12.602],[8.7526,12.6014],[8.7591,12.602],[8.7629,12.6036],[8.7655,12.6059],[8.7681,12.6108],[8.7723,12.6102],[8.7796,12.6104],[8.7836,12.6133],[8.7873,12.6094],[8.7923,12.6113],[8.8012,12.6162],[8.8081,12.6156],[8.8085,12.6185],[8.8112,12.6222],[8.8176,12.6227],[8.8245,12.6268],[8.825,12.6393],[8.827,12.6426],[8.8299,12.6517]]]},"properties":{"name":"BATALI","state":"17","code":"17/02/02"}},{"type":"Feature","geometry":{"type":"Polygon","coordinates":[[[8.8329,12.5515],[8.8302,12.5479],[8.8261,12.5545],[8.8242,12.5557],[8.8177,12.5551],[8.8133,12.5624],[8.8113,12.5633],[8.8105,12.5675],[8.8058,12.5666],[8.8,12.5617],[8.795,12.5583],[8.7897,12.5573],[8.7856,12.5601],[8.7844,12.5589],[8.7787,12.557],[8.769,12.5522],[8.7676,12.5484],[8.7647,12.5455],[8.7685,12.5336],[8.7732,12.5314],[8.7794,12.5296],[8.7821,12.5298],[8.7886,12.533],[8.7887,12.5358],[8.794,12.5378],[8.7977,12.5378],[8.8023,12.5396],[8.8041,12.5378],[8.807,12.5321],[8.8064,12.5263],[8.807,12.5235],[8.8015,12.5186],[8.8025,12.5172],[8.802,12.5114],[8.8072,12.5074],[8.8021,12.5053],[8.8004,12.5078],[8.802,12.5095],[8.7981,12.5122],[8.7931,12.508],[8.7936,12.5062],[8.7928,12.4987],[8.7932,12.496],[8.7984,12.4935],[8.8013,12.4893],[8.8028,12.4848],[8.8091,12.4823],[8.8125,12.48],[8.8149,12.48],[8.8191,12.4756],[8.8255,12.4775],[8.8318,12.475],[8.8354,12.4709],[8.8441,12.469],[8.8459,12.4757],[8.847,12.4769],[8.8492,12.4864],[8.8436,12.4951],[8.8439,12.4974],[8.8389,12.5074],[8.8429,12.5084],[8.8399,12.5108],[8.8398,12.5152],[8.8424,12.5169],[8.8459,12.5161],[8.8435,12.5122],[8.849,12.5093],[8.8584,12.5059],[8.8669,12.5116],[8.8699,12.5129],[8.8752,12.5172],[8.8758,12.5251],[8.871,12.5324],[8.8731,12.5339],[8.8786,12.5411],[8.8811,12.5416],[8.8821,12.5472],[8.8812,12.5493],[8.8759,12.5447],[8.8671,12.54],[8.8636,12.5429],[8.8613,12.5424],[8.8577,12.5459],[8.854,12.5437],[8.8499,12.5456],[8.8475,12.5453],[8.8474,12.5493],[8.8459,12.5539],[8.844,12.555],[8.839,12.5517],[8.8343,12.5535],[8.8329,12.5515]]]},"properties":{"name":"DORAWA","state":"17","code":"17/02/03"}},{"type":"Feature","geometry":{"type":"Polygon","coordinates":[[[8.7406,12.5604],[8.7466,12.5636],[8.7502,12.5605],[8.7507,12.5584],[8.755,12.558],[8.7638,12.5607],[8.7656,12.5651],[8.7706,12.5681],[8.7781,12.5681],[8.782,12.5647],[8.7833,12.5616],[8.7856,12.5601],[8.7897,12.5573],[8.795,12.5583],[8.8,12.5617],[8.8058,12.5666],[8.8105,12.5675],[8.8113,12.5633],[8.8133,12.5624],[8.8177,12.5551],[8.8242,12.5557],[8.8261,12.5545],[8.8302,12.5479],[8.8329,12.5515],[8.8336,12.556],[8.8309,12.5591],[8.8367,12.5707],[8.8438,12.571],[8.846,12.5727],[8.8454,12.5762],[8.842,12.579],[8.8379,12.5806],[8.8402,12.5844],[8.8446,12.5871],[8.8429,12.5911],[8.8427,12.5943],[8.8489,12.5978],[8.8518,12.6072],[8.8535,12.6109],[8.8506,12.6122],[8.8469,12.6076],[8.8438,12.6054],[8.8369,12.603],[8.8359,12.6],[8.8326,12.5998],[8.8298,12.6032],[8.8312,12.6087],[8.8351,12.6159],[8.8333,12.6186],[8.8321,12.6249],[8.8362,12.6285],[8.8397,12.6288],[8.843,12.6275],[8.8497,12.6273],[8.8509,12.6292],[8.852,12.6351],[8.846,12.6392],[8.8458,12.6424],[8.8491,12.6454],[8.8497,12.65],[8.8474,12.6528],[8.8402,12.6553],[8.8371,12.6534],[8.8299,12.6517],[8.827,12.6426],[8.825,12.6393],[8.8245,12.6268],[8.8176,12.6227],[8.8112,12.6222],[8.8085,12.6185],[8.8081,12.6156],[8.8012,12.6162],[8.7923,12.6113],[8.7873,12.6094],[8.7836,12.6133],[8.7796,12.6104],[8.7723,12.6102],[8.7681,12.6108],[8.7655,12.6059],[8.7629,12.6036],[8.7591,12.602],[8.7526,12.6014],[8.7486,12.602],[8.7487,12.606],[8.7455,12.6112],[8.7422,12.6128],[8.7351,12.6134],[8.7325,12.6108],[8.7314,12.6062],[8.728,12.6038],[8.727,12.5953],[8.7275,12.5878],[8.7288,12.583],[8.7284,12.5784],[8.7304,12.5748],[8.7318,12.5701],[8.734,12.571],[8.7406,12.5712],[8.739,12.5658],[8.7406,12.5604]]]},"properties":{"name":"GARU","state":"17","code":"17/02/04"}},{"type":"Feature","geometry":{"type":"Polygon","coordinates":[[[8.7323,12.5567],[8.7376,12.551],[8.7282,12.546],[8.7218,12.54],[8.7181,12.538],[8.7145,12.5235],[8.7117,12.5169],[8.7138,12.514],[8.7096,12.5123],[8.7053,12.5031],[8.7006,12.4992],[8.6971,12.4951],[8.6932,12.4946],[8.6903,12.4886],[8.6875,12.4828],[8.6886,12.4685],[8.6968,12.4574],[8.7013,12.4584],[8.7042,12.4578],[8.7075,12.4555],[8.7121,12.4548],[8.7178,12.4553],[8.7182,12.4503],[8.7204,12.4476],[8.7275,12.4499],[8.7343,12.4544],[8.7385,12.4523],[8.7416,12.4492],[8.7422,12.4429],[8.7415,12.4366],[8.745,12.435],[8.7543,12.4334],[8.7632,12.4306],[8.7662,12.4333],[8.7725,12.4369],[8.7774,12.4343],[8.7803,12.4342],[8.783,12.4281],[8.7855,12.4283],[8.7914,12.4317],[8.7978,12.4311],[8.8014,12.4322],[8.8011,12.4347],[8.802,12.4417],[8.8006,12.4486],[8.806,12.4508],[8.8101,12.4576],[8.8117,12.4582],[8.8233,12.4533],[8.8261,12.4531],[8.8317,12.4597],[8.8342,12.4653],[8.8354,12.4709],[8.8318,12.475],[8.8255,12.4775],[8.8191,12.4756],[8.8149,12.48],[8.8125,12.48],[8.8091,12.4823],[8.8028,12.4848],[8.7994,12.4844],[8.7981,12.4813],[8.7914,12.4788],[8.7945,12.4717],[8.7936,12.4691],[8.7855,12.4659],[8.7812,12.4713],[8.774,12.4688],[8.771,12.4654],[8.7656,12.466],[8.7603,12.4645],[8.7586,12.4657],[8.7605,12.4759],[8.7582,12.4773],[8.7501,12.4776],[8.7489,12.4765],[8.7421,12.4756],[8.7366,12.4796],[8.7363,12.4753],[8.7291,12.4714],[8.7287,12.4682],[8.7245,12.4692],[8.7192,12.4686],[8.7169,12.472],[8.7147,12.4727],[8.7106,12.477],[8.7111,12.4793],[8.7144,12.4821],[8.7156,12.4846],[8.7136,12.4922],[8.711,12.4964],[8.7117,12.4995],[8.7187,12.504],[8.7191,12.5068],[8.7218,12.5098],[8.7295,12.5063],[8.734,12.5037],[8.7397,12.5089],[8.742,12.5101],[8.7459,12.5169],[8.7493,12.5213],[8.7491,12.5234],[8.7516,12.5254],[8.747,12.5302],[8.742,12.5323],[8.7401,12.5341],[8.7414,12.5393],[8.7442,12.5415],[8.7497,12.5436],[8.7573,12.5339],[8.7631,12.5285],[8.7621,12.5275],[8.7619,12.521],[8.7645,12.5144],[8.7638,12.5092],[8.7616,12.5066],[8.7552,12.5039],[8.7559,12.4976],[8.7675,12.4994],[8.7688,12.4966],[8.7738,12.4977],[8.7768,12.4974],[8.7769,12.4928],[8.7756,12.4911],[8.7758,12.4861],[8.7821,12.4831],[8.7855,12.4828],[8.7868,12.4849],[8.789,12.4927],[8.7932,12.496],[8.7928,12.4987],[8.7936,12.5062],[8.7931,12.508],[8.7981,12.5122],[8.802,12.5095],[8.8004,12.5078],[8.8021,12.5053],[8.8072,12.5074],[8.802,12.5114],[8.8025,12.5172],[8.8015,12.5186],[8.807,12.5235],[8.8064,12.5263],[8.807,12.5321],[8.8041,12.5378],[8.8023,12.5396],[8.7977,12.5378],[8.794,12.5378],[8.7887,12.5358],[8.7886,12.533],[8.7821,12.5298],[8.7794,12.5296],[8.7732,12.5314],[8.7685,12.5336],[8.7647,12.5455],[8.7676,12.5484],[8.769,12.5522],[8.7787,12.557],[8.7844,12.5589],[8.7856,12.5601],[8.7833,12.5616],[8.782,12.5647],[8.7781,12.5681],[8.7706,12.5681],[8.7656,12.5651],[8.7638,12.5607],[8.755,12.558],[8.7507,12.5584],[8.7502,12.5605],[8.7466,12.5636],[8.7406,12.5604],[8.7355,12.5572],[8.7323,12.5567]]]},"properties":{"name":"GASAKOLI","state":"17","code":"17/02/05"}},{"type":"Feature","geometry":{"type":"Polygon","coordinates":[[[9.0581,12.8008],[9.056,12.8062],[9.0518,12.8129],[9.0476,12.8128],[9.0443,12.8156],[9.0358,12.8142],[9.0182,12.8097],[9.013,12.809],[8.9829,12.8068],[8.9713,12.7851],[8.9702,12.7761],[8.9522,12.7398],[8.9513,12.7381],[8.9232,12.7071],[8.9084,12.702],[8.8969,12.699],[8.8835,12.6961],[8.8717,12.679],[8.8646,12.669],[8.8608,12.6717],[8.8616,12.6635],[8.8613,12.6595],[8.8631,12.6542],[8.8594,12.6499],[8.8597,12.6471],[8.8654,12.6415],[8.8737,12.638],[8.8748,12.6367],[8.8787,12.6381],[8.8856,12.6349],[8.891,12.6302],[8.8954,12.6288],[8.9008,12.6318],[8.9028,12.6311],[8.9086,12.6241],[8.9164,12.6266],[8.9204,12.6268],[8.9258,12.6247],[8.9311,12.6269],[8.9323,12.633],[8.9347,12.6335],[8.9377,12.6363],[8.9407,12.6411],[8.9394,12.6459],[8.937,12.6501],[8.9382,12.6545],[8.9434,12.6621],[8.9441,12.6702],[8.9436,12.6751],[8.9446,12.6821],[8.9469,12.6866],[8.9504,12.6891],[8.952,12.6935],[8.956,12.6953],[8.9614,12.7005],[8.9627,12.7052],[8.9662,12.709],[8.9685,12.709],[8.9705,12.7135],[8.9725,12.7142],[8.972,12.7177],[8.9729,12.722],[8.9785,12.7227],[8.9809,12.722],[8.9847,12.7252],[8.9862,12.7251],[8.9949,12.7296],[8.9969,12.7319],[9.0008,12.7298],[9.0022,12.7242],[9.0063,12.7189],[9.0073,12.715],[9.0066,12.7086],[9.0075,12.706],[9.0162,12.7054],[9.0179,12.7021],[9.0221,12.6973],[9.0249,12.6952],[9.0297,12.6962],[9.0338,12.696],[9.0379,12.6971],[9.0382,12.7022],[9.0414,12.7028],[9.0473,12.7056],[9.0499,12.7091],[9.0506,12.7135],[9.0544,12.7188],[9.0504,12.7206],[9.0464,12.7189],[9.0396,12.7182],[9.0354,12.7161],[9.0297,12.7187],[9.0241,12.7226],[9.0216,12.7264],[9.0194,12.7273],[9.0152,12.7336],[9.0126,12.7352],[9.015,12.7416],[9.0174,12.7461],[9.0161,12.7468],[9.0107,12.7526],[9.0035,12.7549],[9.0007,12.7587],[9,12.7627],[8.9951,12.7641],[8.9945,12.7666],[8.9964,12.77],[8.9961,12.7772],[8.9934,12.7819],[8.994,12.7864],[8.9985,12.7872],[9.0045,12.7893],[9.0105,12.7898],[9.0172,12.792],[9.0193,12.7913],[9.0265,12.7931],[9.0321,12.793],[9.0361,12.7904],[9.0394,12.7951],[9.0461,12.799],[9.0559,12.7983],[9.0581,12.8008]]]},"properties":{"name":"INSHARUWA","state":"17","code":"17/02/06"}},{"type":"Feature","geometry":{"type":"Polygon","coordinates":[[[8.9086,12.6241],[8.9083,12.6194],[8.9071,12.6168],[8.9098,12.613],[8.9086,12.6069],[8.9006,12.6037],[8.8978,12.6014],[8.8983,12.5975],[8.9009,12.5958],[8.9033,12.5918],[8.9031,12.5882],[8.906,12.5813],[8.9093,12.5808],[8.9122,12.5821],[8.9147,12.5805],[8.9162,12.5768],[8.9236,12.5747],[8.9276,12.5745],[8.9304,12.5775],[8.9338,12.5772],[8.9386,12.5748],[8.9455,12.5727],[8.9519,12.5697],[8.9578,12.5638],[8.9633,12.5615],[8.9679,12.5679],[8.9758,12.5675],[8.9789,12.5687],[8.9797,12.5703],[8.9843,12.5709],[8.9866,12.5737],[8.9872,12.5809],[8.9895,12.5823],[8.9966,12.5832],[8.9997,12.5854],[9.0026,12.59],[9.0049,12.5918],[9.0127,12.5936],[9.0154,12.5985],[9.0127,12.6038],[9.0149,12.6051],[9.0174,12.6118],[9.0218,12.6176],[9.0273,12.6173],[9.0308,12.6192],[9.0314,12.6219],[9.0347,12.6269],[9.0289,12.6311],[9.0269,12.6317],[9.027,12.6374],[9.0235,12.6397],[9.0274,12.6425],[9.0324,12.6412],[9.0296,12.6497],[9.0298,12.6555],[9.032,12.6588],[9.037,12.6609],[9.0378,12.663],[9.0376,12.665],[9.0315,12.6719],[9.0315,12.6739],[9.0272,12.6767],[9.0251,12.6757],[9.0203,12.6765],[9.019,12.679],[9.0184,12.6851],[9.0199,12.6897],[9.0234,12.6923],[9.0249,12.6952],[9.0221,12.6973],[9.0179,12.7021],[9.0162,12.7054],[9.0075,12.706],[9.0066,12.7086],[9.0073,12.715],[9.0063,12.7189],[9.0022,12.7242],[9.0008,12.7298],[8.9969,12.7319],[8.9949,12.7296],[8.9862,12.7251],[8.9847,12.7252],[8.9809,12.722],[8.9785,12.7227],[8.9729,12.722],[8.972,12.7177],[8.9725,12.7142],[8.9705,12.7135],[8.9685,12.709],[8.9662,12.709],[8.9627,12.7052],[8.9614,12.7005],[8.956,12.6953],[8.952,12.6935],[8.9504,12.6891],[8.9469,12.6866],[8.9446,12.6821],[8.9436,12.6751],[8.9441,12.6702],[8.9434,12.6621],[8.9382,12.6545],[8.937,12.6501],[8.9394,12.6459],[8.9407,12.6411],[8.9377,12.6363],[8.9347,12.6335],[8.9323,12.633],[8.9311,12.6269],[8.9258,12.6247],[8.9204,12.6268],[8.9164,12.6266],[8.9086,12.6241]]]},"properties":{"name":"JIGAWA","state":"17","code":"17/02/07"}},{"type":"Feature","geometry":{"type":"Polygon","coordinates":[[[8.8354,12.4709],[8.8342,12.4653],[8.8317,12.4597],[8.8261,12.4531],[8.8233,12.4533],[8.8117,12.4582],[8.8101,12.4576],[8.806,12.4508],[8.8006,12.4486],[8.802,12.4417],[8.8011,12.4347],[8.8014,12.4322],[8.7978,12.4311],[8.7914,12.4317],[8.7855,12.4283],[8.783,12.4281],[8.7803,12.4342],[8.7774,12.4343],[8.7725,12.4369],[8.7662,12.4333],[8.7632,12.4306],[8.7543,12.4334],[8.745,12.435],[8.7415,12.4366],[8.7379,12.4339],[8.7354,12.4308],[8.7326,12.4239],[8.7387,12.4172],[8.7574,12.4213],[8.7638,12.4199],[8.774,12.4033],[8.7804,12.3871],[8.7854,12.3916],[8.7921,12.3855],[8.7986,12.3923],[8.8025,12.3948],[8.8038,12.3993],[8.8084,12.4045],[8.8109,12.4048],[8.817,12.4085],[8.8259,12.4077],[8.8294,12.4054],[8.8314,12.4065],[8.8349,12.4041],[8.8372,12.4097],[8.8418,12.4158],[8.8451,12.4177],[8.8479,12.4215],[8.8506,12.423],[8.8528,12.4258],[8.8568,12.4267],[8.853,12.4338],[8.8579,12.4351],[8.8771,12.4423],[8.8757,12.447],[8.8733,12.4469],[8.8686,12.4526],[8.8624,12.463],[8.8734,12.4666],[8.875,12.4683],[8.8762,12.4729],[8.8709,12.477],[8.8801,12.4917],[8.8843,12.491],[8.887,12.4891],[8.8914,12.4885],[8.8952,12.492],[8.8949,12.4945],[8.8966,12.4992],[8.9017,12.5016],[8.9032,12.5046],[8.8982,12.5111],[8.9096,12.5215],[8.9141,12.527],[8.9253,12.5457],[8.9194,12.5476],[8.9141,12.5457],[8.9092,12.5471],[8.9064,12.5501],[8.8991,12.5489],[8.8942,12.5468],[8.8913,12.5439],[8.8821,12.5472],[8.8811,12.5416],[8.8786,12.5411],[8.8731,12.5339],[8.871,12.5324],[8.8758,12.5251],[8.8752,12.5172],[8.8699,12.5129],[8.8669,12.5116],[8.8584,12.5059],[8.849,12.5093],[8.8435,12.5122],[8.8459,12.5161],[8.8424,12.5169],[8.8398,12.5152],[8.8399,12.5108],[8.8429,12.5084],[8.8389,12.5074],[8.8439,12.4974],[8.8436,12.4951],[8.8492,12.4864],[8.847,12.4769],[8.8459,12.4757],[8.8441,12.469],[8.8354,12.4709]]]},"properties":{"name":"KANYA","state":"17","code":"17/02/08"}},{"type":"Feature","geometry":{"type":"Polygon","coordinates":[[[8.743,12.6669],[8.7307,12.6697],[8.7229,12.6699],[8.7228,12.6814],[8.7199,12.6821],[8.7124,12.6806],[8.7012,12.687],[8.6983,12.6873],[8.6985,12.6798],[8.6964,12.6754],[8.6886,12.6703],[8.6845,12.664],[8.6751,12.6644],[8.6697,12.6654],[8.6669,12.6671],[8.6663,12.6709],[8.6618,12.6708],[8.6603,12.6642],[8.6572,12.6575],[8.6574,12.6534],[8.6607,12.6526],[8.6622,12.6471],[8.6576,12.643],[8.6496,12.6386],[8.6482,12.6337],[8.6504,12.6258],[8.6501,12.6239],[8.6467,12.619],[8.6469,12.6148],[8.6455,12.61],[8.6439,12.6082],[8.6418,12.6029],[8.6396,12.6019],[8.6382,12.5985],[8.6349,12.5966],[8.6325,12.5985],[8.6276,12.5989],[8.6265,12.5978],[8.6241,12.5974],[8.6228,12.5944],[8.6407,12.593],[8.6457,12.587],[8.6484,12.5858],[8.6481,12.5752],[8.6459,12.5598],[8.6608,12.5589],[8.6832,12.5619],[8.6919,12.5722],[8.694,12.5718],[8.695,12.5796],[8.6979,12.5807],[8.7044,12.5773],[8.7088,12.5823],[8.7084,12.5866],[8.7088,12.596],[8.711,12.6005],[8.7136,12.6026],[8.7114,12.6046],[8.716,12.6086],[8.714,12.6111],[8.7208,12.6183],[8.7189,12.6231],[8.7251,12.6268],[8.7251,12.6337],[8.7296,12.6401],[8.7316,12.6444],[8.7275,12.647],[8.7243,12.6503],[8.7257,12.6531],[8.7282,12.6544],[8.7337,12.6526],[8.7406,12.6542],[8.744,12.6588],[8.7426,12.6655],[8.743,12.6669]]]},"properties":{"name":"KUZUNZUMI","state":"17","code":"17/02/09"}},{"type":"Feature","geometry":{"type":"MultiPolygon","coordinates":[[[[8.7932,12.496],[8.789,12.4927],[8.7868,12.4849],[8.7855,12.4828],[8.7821,12.4831],[8.7758,12.4861],[8.7756,12.4911],[8.7769,12.4928],[8.7768,12.4974],[8.7738,12.4977],[8.7688,12.4966],[8.7675,12.4994],[8.7559,12.4976],[8.7552,12.5039],[8.7616,12.5066],[8.7638,12.5092],[8.7645,12.5144],[8.7619,12.521],[8.7621,12.5275],[8.7631,12.5285],[8.7573,12.5339],[8.7497,12.5436],[8.7442,12.5415],[8.7414,12.5393],[8.7401,12.5341],[8.742,12.5323],[8.747,12.5302],[8.7516,12.5254],[8.7491,12.5234],[8.7493,12.5213],[8.7459,12.5169],[8.742,12.5101],[8.7397,12.5089],[8.734,12.5037],[8.7295,12.5063],[8.7218,12.5098],[8.7191,12.5068],[8.7187,12.504],[8.7117,12.4995],[8.711,12.4964],[8.7136,12.4922],[8.7156,12.4846],[8.7144,12.4821],[8.7111,12.4793],[8.7106,12.477],[8.7147,12.4727],[8.7169,12.472],[8.7192,12.4686],[8.7245,12.4692],[8.7287,12.4682],[8.7291,12.4714],[8.7363,12.4753],[8.7366,12.4796],[8.7421,12.4756],[8.7489,12.4765],[8.7501,12.4776],[8.7582,12.4773],[8.7605,12.4759],[8.7586,12.4657],[8.7603,12.4645],[8.7656,12.466],[8.771,12.4654],[8.774,12.4688],[8.7812,12.4713],[8.7855,12.4659],[8.7936,12.4691],[8.7945,12.4717],[8.7914,12.4788],[8.7981,12.4813],[8.7994,12.4844],[8.8028,12.4848],[8.8013,12.4893],[8.7984,12.4935],[8.7932,12.496]]],[[[8.6968,12.4574],[8.6989,12.4546],[8.6955,12.4451],[8.6959,12.4422],[8.7018,12.4313],[8.7049,12.4273],[8.7073,12.4216],[8.711,12.4203],[8.7117,12.4171],[8.7295,12.4255],[8.7326,12.4239],[8.7354,12.4308],[8.7379,12.4339],[8.7415,12.4366],[8.7422,12.4429],[8.7416,12.4492],[8.7385,12.4523],[8.7343,12.4544],[8.7275,12.4499],[8.7204,12.4476],[8.7182,12.4503],[8.7178,12.4553],[8.7121,12.4548],[8.7075,12.4555],[8.7042,12.4578],[8.7013,12.4584],[8.6968,12.4574]]]]},"properties":{"name":"KYAMBO","state":"17","code":"17/02/10"}},{"type":"Feature","geometry":{"type":"Polygon","coordinates":[[[8.8299,12.6517],[8.8371,12.6534],[8.8402,12.6553],[8.8474,12.6528],[8.8497,12.65],[8.8491,12.6454],[8.8458,12.6424],[8.846,12.6392],[8.852,12.6351],[8.8509,12.6292],[8.8497,12.6273],[8.843,12.6275],[8.8397,12.6288],[8.8362,12.6285],[8.8321,12.6249],[8.8333,12.6186],[8.8351,12.6159],[8.8312,12.6087],[8.8298,12.6032],[8.8326,12.5998],[8.8359,12.6],[8.8369,12.603],[8.8438,12.6054],[8.8469,12.6076],[8.8506,12.6122],[8.8535,12.6109],[8.8518,12.6072],[8.8489,12.5978],[8.8427,12.5943],[8.8429,12.5911],[8.8446,12.5871],[8.8402,12.5844],[8.8379,12.5806],[8.842,12.579],[8.8454,12.5762],[8.846,12.5727],[8.8438,12.571],[8.8367,12.5707],[8.8309,12.5591],[8.8336,12.556],[8.8329,12.5515],[8.8343,12.5535],[8.839,12.5517],[8.844,12.555],[8.8459,12.5539],[8.8474,12.5493],[8.8475,12.5453],[8.8499,12.5456],[8.854,12.5437],[8.8577,12.5459],[8.8613,12.5424],[8.8636,12.5429],[8.8671,12.54],[8.8759,12.5447],[8.8812,12.5493],[8.8821,12.5472],[8.8913,12.5439],[8.8942,12.5468],[8.8991,12.5489],[8.9064,12.5501],[8.9092,12.5471],[8.9141,12.5457],[8.9194,12.5476],[8.9253,12.5457],[8.9334,12.5592],[8.9319,12.5632],[8.928,12.5698],[8.9236,12.5747],[8.9162,12.5768],[8.9147,12.5805],[8.9122,12.5821],[8.9093,12.5808],[8.906,12.5813],[8.9031,12.5882],[8.9033,12.5918],[8.9009,12.5958],[8.8983,12.5975],[8.8978,12.6014],[8.9006,12.6037],[8.9086,12.6069],[8.9098,12.613],[8.9071,12.6168],[8.9083,12.6194],[8.9086,12.6241],[8.9028,12.6311],[8.9008,12.6318],[8.8954,12.6288],[8.891,12.6302],[8.8856,12.6349],[8.8787,12.6381],[8.8748,12.6367],[8.8737,12.638],[8.8654,12.6415],[8.8597,12.6471],[8.8594,12.6499],[8.8631,12.6542],[8.8613,12.6595],[8.8616,12.6635],[8.8608,12.6717],[8.8505,12.6788],[8.8481,12.6756],[8.8407,12.6737],[8.8398,12.672],[8.8297,12.6705],[8.8286,12.6759],[8.8239,12.6744],[8.8158,12.6741],[8.8165,12.6708],[8.8154,12.6674],[8.8207,12.6651],[8.8222,12.6614],[8.8299,12.6517]]]},"properties":{"name":"TAKWASA","state":"17","code":"17/02/11"}},{"type":"Feature","geometry":{"type":"Polygon","coordinates":[[[9.5581,11.455],[9.5574,11.4575],[9.5536,11.4607],[9.5437,11.468],[9.5404,11.4682],[9.5325,11.4657],[9.5288,11.4683],[9.5257,11.4722],[9.5252,11.4746],[9.5269,11.4804],[9.5301,11.485],[9.5273,11.4906],[9.5243,11.4925],[9.52,11.4919],[9.516,11.4892],[9.5079,11.488],[9.5073,11.4838],[9.5056,11.48],[9.4999,11.4786],[9.4945,11.473],[9.4912,11.465],[9.4858,11.4584],[9.4822,11.4578],[9.4826,11.4633],[9.4753,11.4708],[9.4731,11.4713],[9.4548,11.4658],[9.4553,11.4603],[9.4507,11.4578],[9.4446,11.4594],[9.4382,11.4537],[9.4327,11.4505],[9.4259,11.4482],[9.4235,11.4457],[9.4206,11.447],[9.4171,11.4462],[9.4113,11.4405],[9.4079,11.4383],[9.3999,11.4415],[9.3983,11.4395],[9.3972,11.4322],[9.3985,11.4261],[9.3985,11.4213],[9.3935,11.4179],[9.3915,11.4148],[9.3838,11.4144],[9.3803,11.4129],[9.3795,11.4083],[9.3804,11.4006],[9.3794,11.3974],[9.3801,11.394],[9.3792,11.3909],[9.3797,11.382],[9.3861,11.3814],[9.3896,11.3829],[9.3898,11.3888],[9.3921,11.3934],[9.3986,11.3973],[9.4023,11.3987],[9.4034,11.4032],[9.4113,11.4059],[9.4137,11.4077],[9.4169,11.4073],[9.4184,11.4102],[9.4238,11.412],[9.4238,11.4147],[9.4283,11.4146],[9.4298,11.4174],[9.4346,11.4126],[9.4378,11.4116],[9.4405,11.4074],[9.4481,11.4109],[9.4487,11.4136],[9.4469,11.4168],[9.4486,11.4183],[9.452,11.4162],[9.4542,11.4183],[9.4576,11.4184],[9.4592,11.4154],[9.4591,11.4128],[9.4628,11.4129],[9.463,11.4167],[9.4665,11.4167],[9.4695,11.4208],[9.4698,11.4228],[9.4727,11.4263],[9.4762,11.4287],[9.476,11.4314],[9.4778,11.4329],[9.4817,11.4299],[9.4823,11.4278],[9.4875,11.4276],[9.4864,11.43],[9.4871,11.4359],[9.495,11.4398],[9.4976,11.4389],[9.5025,11.4391],[9.5053,11.4407],[9.5096,11.4396],[9.5115,11.4347],[9.5139,11.4333],[9.5139,11.4304],[9.5172,11.4295],[9.5219,11.4243],[9.5231,11.424],[9.5231,11.4264],[9.5254,11.4285],[9.527,11.4326],[9.526,11.4364],[9.5284,11.4392],[9.5321,11.4397],[9.5401,11.4393],[9.5465,11.4354],[9.5493,11.4357],[9.5572,11.4386],[9.5583,11.4434],[9.5547,11.4433],[9.5523,11.4461],[9.5559,11.45],[9.5559,11.4525],[9.5581,11.455]]]},"properties":{"name":"BIRNIN KUDU","state":"17","code":"17/03/01"}},{"type":"Feature","geometry":{"type":"Polygon","coordinates":[[[9.5243,11.4925],[9.5277,11.4982],[9.5283,11.5063],[9.5278,11.5097],[9.5311,11.5149],[9.5356,11.5184],[9.5386,11.5243],[9.5414,11.527],[9.5428,11.5317],[9.5457,11.5363],[9.5408,11.535],[9.5386,11.5373],[9.5332,11.5399],[9.5292,11.5399],[9.5247,11.5437],[9.5224,11.5427],[9.5198,11.5441],[9.5169,11.543],[9.5117,11.5437],[9.5085,11.5417],[9.5055,11.5419],[9.4982,11.5407],[9.4937,11.5362],[9.4878,11.5353],[9.4845,11.5327],[9.4793,11.5375],[9.4764,11.5386],[9.4729,11.5375],[9.4719,11.5419],[9.4704,11.544],[9.4668,11.5457],[9.4662,11.5522],[9.4683,11.5615],[9.4726,11.5658],[9.4693,11.5692],[9.4704,11.573],[9.4707,11.5836],[9.4664,11.5923],[9.461,11.594],[9.4591,11.593],[9.4502,11.5924],[9.4452,11.5944],[9.4339,11.5924],[9.4253,11.5938],[9.4192,11.5902],[9.4157,11.593],[9.4139,11.5961],[9.4109,11.5924],[9.4134,11.5888],[9.4129,11.5844],[9.4091,11.5857],[9.4069,11.5808],[9.4109,11.5736],[9.4124,11.568],[9.4121,11.5633],[9.4145,11.5595],[9.4155,11.5539],[9.4153,11.548],[9.4129,11.5439],[9.4039,11.5374],[9.398,11.5369],[9.396,11.5335],[9.4004,11.5265],[9.4027,11.5247],[9.4007,11.5185],[9.4023,11.5154],[9.4033,11.5101],[9.4106,11.5104],[9.415,11.5142],[9.4177,11.515],[9.4238,11.5101],[9.4264,11.5096],[9.4326,11.5128],[9.4353,11.512],[9.4401,11.5127],[9.4416,11.5091],[9.4445,11.5056],[9.4418,11.5036],[9.4396,11.4962],[9.4374,11.4923],[9.4376,11.4896],[9.4412,11.4822],[9.4466,11.4822],[9.4521,11.4813],[9.4548,11.4772],[9.4552,11.4733],[9.4548,11.4658],[9.4731,11.4713],[9.4753,11.4708],[9.4826,11.4633],[9.4822,11.4578],[9.4858,11.4584],[9.4912,11.465],[9.4945,11.473],[9.4999,11.4786],[9.5056,11.48],[9.5073,11.4838],[9.5079,11.488],[9.516,11.4892],[9.52,11.4919],[9.5243,11.4925]]]},"properties":{"name":"KANGIRE","state":"17","code":"17/03/02"}},{"type":"Feature","geometry":{"type":"Polygon","coordinates":[[[9.4548,11.4658],[9.4552,11.4733],[9.4548,11.4772],[9.4521,11.4813],[9.4466,11.4822],[9.4412,11.4822],[9.4376,11.4896],[9.4374,11.4923],[9.4396,11.4962],[9.4418,11.5036],[9.4445,11.5056],[9.4416,11.5091],[9.4401,11.5127],[9.4353,11.512],[9.4326,11.5128],[9.4264,11.5096],[9.4238,11.5101],[9.4177,11.515],[9.415,11.5142],[9.4106,11.5104],[9.4033,11.5101],[9.4023,11.5154],[9.4007,11.5185],[9.4027,11.5247],[9.4004,11.5265],[9.396,11.5335],[9.398,11.5369],[9.4039,11.5374],[9.4129,11.5439],[9.4153,11.548],[9.4155,11.5539],[9.4145,11.5595],[9.4121,11.5633],[9.4124,11.568],[9.4109,11.5736],[9.4069,11.5808],[9.4047,11.5838],[9.3981,11.5826],[9.3928,11.5835],[9.3871,11.5795],[9.3799,11.5778],[9.3747,11.5759],[9.3761,11.5693],[9.3751,11.5621],[9.3603,11.5608],[9.3432,11.5317],[9.3305,11.5166],[9.3009,11.5],[9.3022,11.4938],[9.3086,11.4965],[9.313,11.5007],[9.3152,11.4948],[9.3183,11.4925],[9.314,11.4908],[9.3164,11.4843],[9.3221,11.4817],[9.3261,11.4832],[9.3309,11.4837],[9.3377,11.4803],[9.3366,11.4745],[9.3418,11.4694],[9.3426,11.4667],[9.3456,11.4625],[9.3514,11.4638],[9.3554,11.4627],[9.359,11.4593],[9.3616,11.4544],[9.3639,11.4473],[9.368,11.4456],[9.3777,11.4477],[9.3795,11.4416],[9.3788,11.4367],[9.38,11.4338],[9.3811,11.4257],[9.3823,11.4242],[9.387,11.425],[9.3906,11.4197],[9.3935,11.4179],[9.3985,11.4213],[9.3985,11.4261],[9.3972,11.4322],[9.3983,11.4395],[9.3999,11.4415],[9.4079,11.4383],[9.4113,11.4405],[9.4171,11.4462],[9.4206,11.447],[9.4235,11.4457],[9.4259,11.4482],[9.4327,11.4505],[9.4382,11.4537],[9.4446,11.4594],[9.4507,11.4578],[9.4553,11.4603],[9.4548,11.4658]]]},"properties":{"name":"KANTOGA","state":"17","code":"17/03/03"}},{"type":"Feature","geometry":{"type":"Polygon","coordinates":[[[9.6011,11.3787],[9.5977,11.3779],[9.593,11.3872],[9.5906,11.3901],[9.5893,11.3938],[9.587,11.3944],[9.5795,11.392],[9.5802,11.3868],[9.5805,11.3787],[9.5773,11.3777],[9.5716,11.3737],[9.5677,11.3724],[9.5587,11.3726],[9.5562,11.3737],[9.5541,11.372],[9.5478,11.3751],[9.5471,11.3839],[9.5451,11.3849],[9.5412,11.392],[9.5423,11.4035],[9.5484,11.4092],[9.5463,11.4114],[9.539,11.4149],[9.5236,11.4164],[9.5199,11.416],[9.5231,11.4079],[9.5228,11.4049],[9.5198,11.3986],[9.5194,11.3959],[9.5138,11.3958],[9.5104,11.3975],[9.5073,11.3963],[9.5055,11.3929],[9.5018,11.3927],[9.5005,11.3888],[9.4973,11.386],[9.4974,11.3826],[9.5002,11.3751],[9.4991,11.3735],[9.4923,11.3708],[9.4888,11.3682],[9.4938,11.3636],[9.4946,11.3615],[9.4983,11.3597],[9.5024,11.3546],[9.5092,11.3522],[9.5125,11.3554],[9.5195,11.357],[9.5208,11.3591],[9.5208,11.3627],[9.5267,11.3617],[9.5284,11.3602],[9.5299,11.3559],[9.5343,11.3522],[9.5375,11.3553],[9.5411,11.3638],[9.5449,11.3622],[9.5478,11.3626],[9.5517,11.3574],[9.5551,11.3579],[9.5566,11.3566],[9.5548,11.3488],[9.559,11.342],[9.5628,11.339],[9.5683,11.3384],[9.5669,11.3338],[9.5672,11.3264],[9.5645,11.3267],[9.5575,11.3229],[9.5551,11.3198],[9.5566,11.3169],[9.5591,11.3155],[9.596,11.3158],[9.6075,11.3155],[9.6115,11.3236],[9.6089,11.324],[9.605,11.3266],[9.6052,11.3312],[9.6039,11.3328],[9.6032,11.3371],[9.6075,11.3387],[9.61,11.3408],[9.6099,11.3456],[9.6072,11.349],[9.6147,11.353],[9.6181,11.3591],[9.6093,11.3612],[9.6049,11.359],[9.6024,11.3596],[9.6024,11.3627],[9.5993,11.3668],[9.6011,11.3787]]]},"properties":{"name":"KIYAKO","state":"17","code":"17/03/04"}},{"type":"Feature","geometry":{"type":"Polygon","coordinates":[[[9.5581,11.455],[9.563,11.455],[9.5693,11.4592],[9.5677,11.4623],[9.5693,11.4636],[9.5746,11.4578],[9.5838,11.451],[9.5883,11.4516],[9.5941,11.4513],[9.5977,11.4463],[9.6015,11.4459],[9.6042,11.4514],[9.6037,11.4552],[9.6058,11.4608],[9.6148,11.4624],[9.6138,11.4649],[9.6104,11.4679],[9.6096,11.4703],[9.606,11.475],[9.6065,11.4783],[9.6026,11.4817],[9.6029,11.4916],[9.6064,11.4954],[9.6083,11.4991],[9.6067,11.5038],[9.6106,11.5071],[9.6115,11.5123],[9.6175,11.5169],[9.6179,11.5224],[9.621,11.5235],[9.6286,11.5312],[9.6315,11.5306],[9.6375,11.5337],[9.6433,11.5397],[9.6454,11.5448],[9.645,11.5487],[9.6473,11.5489],[9.6493,11.5539],[9.6464,11.5544],[9.6401,11.5518],[9.6388,11.5549],[9.6386,11.5644],[9.6404,11.5709],[9.6357,11.5701],[9.6321,11.5708],[9.6306,11.5737],[9.6325,11.5753],[9.629,11.5776],[9.6257,11.578],[9.6228,11.5756],[9.6178,11.5756],[9.6159,11.5744],[9.6127,11.5753],[9.6065,11.5737],[9.6039,11.5693],[9.5965,11.5661],[9.5887,11.5642],[9.5871,11.5619],[9.5805,11.5616],[9.5758,11.558],[9.5763,11.5551],[9.5801,11.5476],[9.5788,11.5457],[9.5712,11.5435],[9.5676,11.5447],[9.5658,11.5468],[9.5614,11.5457],[9.5555,11.5453],[9.5506,11.5401],[9.5457,11.5363],[9.5428,11.5317],[9.5414,11.527],[9.5386,11.5243],[9.5356,11.5184],[9.5311,11.5149],[9.5278,11.5097],[9.5283,11.5063],[9.5277,11.4982],[9.5243,11.4925],[9.5273,11.4906],[9.5301,11.485],[9.5269,11.4804],[9.5252,11.4746],[9.5257,11.4722],[9.5288,11.4683],[9.5325,11.4657],[9.5404,11.4682],[9.5437,11.468],[9.5536,11.4607],[9.5574,11.4575],[9.5581,11.455]]]},"properties":{"name":"KWANGWARA","state":"17","code":"17/03/05"}},{"type":"Feature","geometry":{"type":"Polygon","coordinates":[[[9.3797,11.382],[9.3762,11.3855],[9.3728,11.3809],[9.3676,11.3771],[9.3583,11.3801],[9.3492,11.3781],[9.3469,11.3786],[9.3382,11.3763],[9.3361,11.3745],[9.329,11.3751],[9.3255,11.379],[9.3221,11.3806],[9.3196,11.3802],[9.3155,11.3755],[9.3112,11.3721],[9.3124,11.3604],[9.3118,11.3575],[9.3051,11.3547],[9.3034,11.3532],[9.3064,11.347],[9.3079,11.3416],[9.3136,11.3462],[9.315,11.3441],[9.3226,11.3409],[9.3245,11.3416],[9.3236,11.3449],[9.3264,11.3458],[9.3309,11.3444],[9.337,11.3414],[9.3378,11.3449],[9.3411,11.3437],[9.3458,11.345],[9.3506,11.3437],[9.3584,11.3406],[9.3593,11.339],[9.3638,11.3386],[9.3796,11.3313],[9.3837,11.3269],[9.398,11.3166],[9.4116,11.3],[9.4169,11.2994],[9.4174,11.3054],[9.4206,11.3105],[9.4212,11.313],[9.424,11.3156],[9.4237,11.3191],[9.4209,11.3256],[9.413,11.332],[9.4138,11.3362],[9.4174,11.3411],[9.4261,11.344],[9.4349,11.3401],[9.4397,11.3394],[9.4434,11.3402],[9.4438,11.3419],[9.4404,11.3499],[9.4398,11.3533],[9.4445,11.3573],[9.4524,11.3581],[9.4561,11.3595],[9.4624,11.3647],[9.4693,11.363],[9.4719,11.3607],[9.4763,11.3602],[9.481,11.3651],[9.4835,11.3663],[9.4862,11.3696],[9.4888,11.3682],[9.4923,11.3708],[9.4991,11.3735],[9.5002,11.3751],[9.4974,11.3826],[9.4973,11.386],[9.5005,11.3888],[9.5018,11.3927],[9.5055,11.3929],[9.5073,11.3963],[9.5104,11.3975],[9.5138,11.3958],[9.5194,11.3959],[9.5198,11.3986],[9.5228,11.4049],[9.5231,11.4079],[9.5199,11.416],[9.5199,11.4179],[9.5232,11.4227],[9.5231,11.424],[9.5219,11.4243],[9.5172,11.4295],[9.5139,11.4304],[9.5139,11.4333],[9.5115,11.4347],[9.5096,11.4396],[9.5053,11.4407],[9.5025,11.4391],[9.4976,11.4389],[9.495,11.4398],[9.4871,11.4359],[9.4864,11.43],[9.4875,11.4276],[9.4823,11.4278],[9.4817,11.4299],[9.4778,11.4329],[9.476,11.4314],[9.4762,11.4287],[9.4727,11.4263],[9.4698,11.4228],[9.4695,11.4208],[9.4665,11.4167],[9.463,11.4167],[9.4628,11.4129],[9.4591,11.4128],[9.4592,11.4154],[9.4576,11.4184],[9.4542,11.4183],[9.452,11.4162],[9.4486,11.4183],[9.4469,11.4168],[9.4487,11.4136],[9.4481,11.4109],[9.4405,11.4074],[9.4378,11.4116],[9.4346,11.4126],[9.4298,11.4174],[9.4283,11.4146],[9.4238,11.4147],[9.4238,11.412],[9.4184,11.4102],[9.4169,11.4073],[9.4137,11.4077],[9.4113,11.4059],[9.4034,11.4032],[9.4023,11.3987],[9.3986,11.3973],[9.3921,11.3934],[9.3898,11.3888],[9.3896,11.3829],[9.3861,11.3814],[9.3797,11.382]]]},"properties":{"name":"LAFIYA","state":"17","code":"17/03/06"}},{"type":"Feature","geometry":{"type":"Polygon","coordinates":[[[9.5457,11.5363],[9.5506,11.5401],[9.5555,11.5453],[9.5614,11.5457],[9.5658,11.5468],[9.5676,11.5447],[9.5712,11.5435],[9.5788,11.5457],[9.5801,11.5476],[9.5763,11.5551],[9.5758,11.558],[9.5805,11.5616],[9.5871,11.5619],[9.5887,11.5642],[9.5965,11.5661],[9.6039,11.5693],[9.6065,11.5737],[9.6127,11.5753],[9.6159,11.5744],[9.6178,11.5756],[9.612,11.5844],[9.6098,11.591],[9.6083,11.5912],[9.6051,11.595],[9.61,11.5966],[9.612,11.5982],[9.6184,11.6005],[9.6227,11.6002],[9.6267,11.6037],[9.6261,11.6122],[9.6285,11.614],[9.6325,11.6206],[9.6361,11.6211],[9.6385,11.6196],[9.6471,11.6202],[9.6492,11.6195],[9.6511,11.6247],[9.6548,11.6294],[9.6548,11.6317],[9.6578,11.6356],[9.6564,11.6394],[9.66,11.6402],[9.6601,11.6437],[9.6651,11.6447],[9.6655,11.6494],[9.6616,11.6526],[9.6606,11.658],[9.6602,11.6592],[9.6634,11.6603],[9.6646,11.6617],[9.6638,11.6646],[9.6611,11.6663],[9.6617,11.6687],[9.657,11.6681],[9.6561,11.6702],[9.6582,11.6721],[9.6574,11.6744],[9.6613,11.6748],[9.6613,11.6792],[9.6569,11.6814],[9.652,11.6827],[9.6547,11.6874],[9.6577,11.689],[9.6571,11.6915],[9.6534,11.6926],[9.6514,11.6984],[9.6532,11.7013],[9.6514,11.7055],[9.6522,11.7091],[9.6509,11.7127],[9.6463,11.7135],[9.648,11.7167],[9.6433,11.7219],[9.6394,11.7216],[9.6385,11.7254],[9.6407,11.7292],[9.6394,11.7304],[9.6356,11.7288],[9.6347,11.7315],[9.6379,11.7343],[9.6307,11.7395],[9.628,11.7394],[9.6236,11.7423],[9.6233,11.744],[9.619,11.7458],[9.6154,11.7432],[9.6082,11.7418],[9.6034,11.74],[9.5996,11.7403],[9.5982,11.7377],[9.5956,11.7372],[9.5935,11.73],[9.5908,11.729],[9.5881,11.7257],[9.5857,11.7272],[9.5795,11.7267],[9.5771,11.7226],[9.5748,11.7239],[9.5707,11.721],[9.572,11.7178],[9.5694,11.7134],[9.5652,11.7136],[9.5614,11.7126],[9.5614,11.7057],[9.5581,11.7073],[9.5506,11.7061],[9.5487,11.7079],[9.5418,11.7044],[9.54,11.7022],[9.5366,11.703],[9.533,11.7015],[9.5325,11.699],[9.5286,11.699],[9.5289,11.6955],[9.5266,11.6942],[9.5232,11.6902],[9.5253,11.683],[9.5223,11.6787],[9.5277,11.6715],[9.5311,11.6647],[9.5273,11.6561],[9.5278,11.6523],[9.5262,11.6492],[9.5219,11.6503],[9.5222,11.6479],[9.5202,11.6426],[9.515,11.6399],[9.5142,11.6379],[9.5075,11.637],[9.5037,11.6325],[9.499,11.6318],[9.4995,11.6275],[9.4971,11.6256],[9.4945,11.6271],[9.4905,11.6211],[9.4922,11.6193],[9.4904,11.616],[9.4881,11.6176],[9.486,11.6219],[9.4851,11.6193],[9.4836,11.61],[9.4817,11.6043],[9.4758,11.5942],[9.4694,11.5943],[9.4664,11.5923],[9.4707,11.5836],[9.4704,11.573],[9.4693,11.5692],[9.4726,11.5658],[9.4683,11.5615],[9.4662,11.5522],[9.4668,11.5457],[9.4704,11.544],[9.4719,11.5419],[9.4729,11.5375],[9.4764,11.5386],[9.4793,11.5375],[9.4845,11.5327],[9.4878,11.5353],[9.4937,11.5362],[9.4982,11.5407],[9.5055,11.5419],[9.5085,11.5417],[9.5117,11.5437],[9.5169,11.543],[9.5198,11.5441],[9.5224,11.5427],[9.5247,11.5437],[9.5292,11.5399],[9.5332,11.5399],[9.5386,11.5373],[9.5408,11.535],[9.5457,11.5363]]]},"properties":{"name":"SUNDIMINA","state":"17","code":"17/03/07"}},{"type":"Feature","geometry":{"type":"Polygon","coordinates":[[[9.4888,11.3682],[9.4862,11.3696],[9.4835,11.3663],[9.481,11.3651],[9.4763,11.3602],[9.4719,11.3607],[9.4693,11.363],[9.4624,11.3647],[9.4561,11.3595],[9.4524,11.3581],[9.4445,11.3573],[9.4398,11.3533],[9.4404,11.3499],[9.4438,11.3419],[9.4434,11.3402],[9.4397,11.3394],[9.4349,11.3401],[9.4261,11.344],[9.4174,11.3411],[9.4138,11.3362],[9.413,11.332],[9.4209,11.3256],[9.4237,11.3191],[9.424,11.3156],[9.4212,11.313],[9.4206,11.3105],[9.4174,11.3054],[9.4169,11.2994],[9.4229,11.2986],[9.4274,11.295],[9.4362,11.2946],[9.4452,11.2913],[9.4476,11.2886],[9.4508,11.2884],[9.4536,11.2859],[9.4641,11.2815],[9.4667,11.2836],[9.4712,11.2818],[9.4753,11.2846],[9.4798,11.286],[9.4898,11.282],[9.4944,11.279],[9.4975,11.2781],[9.5,11.2826],[9.5041,11.2862],[9.5057,11.2902],[9.5047,11.2927],[9.5058,11.2968],[9.5076,11.2976],[9.5083,11.3051],[9.5114,11.3079],[9.5118,11.3131],[9.5256,11.3165],[9.5379,11.3173],[9.5439,11.3165],[9.5566,11.3169],[9.5551,11.3198],[9.5575,11.3229],[9.5645,11.3267],[9.5672,11.3264],[9.5669,11.3338],[9.5683,11.3384],[9.5628,11.339],[9.559,11.342],[9.5548,11.3488],[9.5566,11.3566],[9.5551,11.3579],[9.5517,11.3574],[9.5478,11.3626],[9.5449,11.3622],[9.5411,11.3638],[9.5375,11.3553],[9.5343,11.3522],[9.5299,11.3559],[9.5284,11.3602],[9.5267,11.3617],[9.5208,11.3627],[9.5208,11.3591],[9.5195,11.357],[9.5125,11.3554],[9.5092,11.3522],[9.5024,11.3546],[9.4983,11.3597],[9.4946,11.3615],[9.4938,11.3636],[9.4888,11.3682]]]},"properties":{"name":"SURKO","state":"17","code":"17/03/08"}},{"type":"Feature","geometry":{"type":"Polygon","coordinates":[[[9.3583,11.3801],[9.3573,11.3834],[9.3548,11.3852],[9.3509,11.39],[9.3499,11.3934],[9.3473,11.3974],[9.3414,11.4019],[9.3354,11.4039],[9.3321,11.4068],[9.3289,11.4057],[9.3264,11.4092],[9.3199,11.4145],[9.3189,11.4201],[9.3176,11.4229],[9.3131,11.4236],[9.3106,11.4268],[9.3088,11.4324],[9.309,11.4368],[9.3014,11.436],[9.2946,11.4322],[9.2876,11.4314],[9.2807,11.4281],[9.2753,11.4293],[9.273,11.4342],[9.2697,11.437],[9.2684,11.4435],[9.2608,11.4411],[9.2572,11.4384],[9.2567,11.4343],[9.2507,11.4337],[9.2444,11.4342],[9.2417,11.4381],[9.2361,11.4408],[9.2327,11.4402],[9.23,11.4428],[9.2305,11.4469],[9.2233,11.4442],[9.216,11.4424],[9.2195,11.4391],[9.2211,11.4358],[9.2256,11.4298],[9.2283,11.4305],[9.2276,11.4262],[9.2212,11.4255],[9.2154,11.4228],[9.2157,11.4204],[9.2126,11.42],[9.2135,11.4155],[9.2188,11.4065],[9.2183,11.4037],[9.224,11.4013],[9.2292,11.397],[9.2249,11.3924],[9.2244,11.3873],[9.2262,11.3828],[9.2262,11.3785],[9.2252,11.3753],[9.2257,11.3669],[9.2271,11.3624],[9.2252,11.3552],[9.2227,11.354],[9.2207,11.3495],[9.2202,11.3425],[9.2146,11.3373],[9.2118,11.3371],[9.2057,11.3313],[9.1992,11.3272],[9.2114,11.3288],[9.2303,11.3352],[9.2382,11.3372],[9.2542,11.3404],[9.2665,11.3434],[9.287,11.3493],[9.291,11.3482],[9.2926,11.3457],[9.2943,11.3394],[9.2977,11.3382],[9.3038,11.3377],[9.3079,11.3416],[9.3064,11.347],[9.3034,11.3532],[9.3051,11.3547],[9.3118,11.3575],[9.3124,11.3604],[9.3112,11.3721],[9.3155,11.3755],[9.3196,11.3802],[9.3221,11.3806],[9.3255,11.379],[9.329,11.3751],[9.3361,11.3745],[9.3382,11.3763],[9.3469,11.3786],[9.3492,11.3781],[9.3583,11.3801]]]},"properties":{"name":"UNGUWAR\"YA","state":"17","code":"17/03/09"}},{"type":"Feature","geometry":{"type":"MultiPolygon","coordinates":[[[[9.5231,11.424],[9.5232,11.4227],[9.5199,11.4179],[9.5199,11.416],[9.5236,11.4164],[9.539,11.4149],[9.5463,11.4114],[9.5484,11.4092],[9.5423,11.4035],[9.5412,11.392],[9.5451,11.3849],[9.5471,11.3839],[9.5478,11.3751],[9.5541,11.372],[9.5562,11.3737],[9.5587,11.3726],[9.5677,11.3724],[9.5716,11.3737],[9.5773,11.3777],[9.5805,11.3787],[9.5802,11.3868],[9.5795,11.392],[9.587,11.3944],[9.5893,11.3938],[9.5906,11.3901],[9.593,11.3872],[9.5977,11.3779],[9.6011,11.3787],[9.6047,11.3819],[9.6096,11.3823],[9.6167,11.387],[9.6176,11.3893],[9.6255,11.3874],[9.628,11.3892],[9.6304,11.3868],[9.6349,11.3869],[9.6389,11.386],[9.6418,11.3913],[9.6408,11.394],[9.6465,11.3991],[9.6465,11.4032],[9.6512,11.412],[9.6511,11.4135],[9.6461,11.4183],[9.6423,11.4188],[9.6415,11.4202],[9.6428,11.4292],[9.6441,11.432],[9.6471,11.4347],[9.6496,11.4393],[9.6471,11.4474],[9.6458,11.4542],[9.6468,11.457],[9.6463,11.4605],[9.6479,11.4628],[9.6503,11.47],[9.6492,11.4755],[9.6474,11.4783],[9.6486,11.4828],[9.6484,11.4895],[9.6452,11.4948],[9.6428,11.4956],[9.6379,11.5056],[9.6383,11.5089],[9.6412,11.5087],[9.6441,11.5104],[9.6424,11.5132],[9.6453,11.5151],[9.6483,11.5185],[9.648,11.521],[9.6498,11.5246],[9.6498,11.529],[9.646,11.5307],[9.6474,11.533],[9.6446,11.5356],[9.6412,11.5354],[9.6374,11.5326],[9.6398,11.5302],[9.6368,11.5283],[9.6324,11.5292],[9.6315,11.5306],[9.6286,11.5312],[9.621,11.5235],[9.6179,11.5224],[9.6175,11.5169],[9.6115,11.5123],[9.6106,11.5071],[9.6067,11.5038],[9.6083,11.4991],[9.6064,11.4954],[9.6029,11.4916],[9.6026,11.4817],[9.6065,11.4783],[9.606,11.475],[9.6096,11.4703],[9.6104,11.4679],[9.6138,11.4649],[9.6148,11.4624],[9.6058,11.4608],[9.6037,11.4552],[9.6042,11.4514],[9.6015,11.4459],[9.5977,11.4463],[9.5941,11.4513],[9.5883,11.4516],[9.5838,11.451],[9.5746,11.4578],[9.5693,11.4636],[9.5677,11.4623],[9.5693,11.4592],[9.563,11.455],[9.5581,11.455],[9.5559,11.4525],[9.5559,11.45],[9.5523,11.4461],[9.5547,11.4433],[9.5583,11.4434],[9.5572,11.4386],[9.5493,11.4357],[9.5465,11.4354],[9.5401,11.4393],[9.5321,11.4397],[9.5284,11.4392],[9.526,11.4364],[9.527,11.4326],[9.5254,11.4285],[9.5231,11.4264],[9.5231,11.424]]],[[[9.6075,11.3155],[9.6094,11.3155],[9.6096,11.3091],[9.6083,11.3075],[9.6073,11.3026],[9.6016,11.2983],[9.5991,11.2941],[9.5983,11.2901],[9.5968,11.2668],[9.5935,11.2572],[9.5956,11.2476],[9.6034,11.2434],[9.6141,11.2404],[9.6182,11.2399],[9.6259,11.2367],[9.6315,11.2358],[9.6322,11.2393],[9.631,11.2439],[9.6289,11.2453],[9.6301,11.249],[9.6286,11.2513],[9.6285,11.2556],[9.6372,11.2603],[9.64,11.26],[9.6432,11.2617],[9.6489,11.2686],[9.6455,11.275],[9.644,11.2825],[9.6406,11.2881],[9.6413,11.2925],[9.6456,11.2972],[9.6481,11.2981],[9.6521,11.3024],[9.6543,11.3033],[9.659,11.3083],[9.658,11.3126],[9.6499,11.3233],[9.6444,11.3295],[9.642,11.3332],[9.6412,11.3386],[9.6426,11.3473],[9.6459,11.3491],[9.6462,11.3568],[9.6439,11.3616],[9.6385,11.3596],[9.6338,11.3588],[9.6329,11.3615],[9.6278,11.3634],[9.6224,11.3594],[9.6181,11.3591],[9.6147,11.353],[9.6072,11.349],[9.6099,11.3456],[9.61,11.3408],[9.6075,11.3387],[9.6032,11.3371],[9.6039,11.3328],[9.6052,11.3312],[9.605,11.3266],[9.6089,11.324],[9.6115,11.3236],[9.6075,11.3155]]]]},"properties":{"name":"WURNO","state":"17","code":"17/03/10"}},{"type":"Feature","geometry":{"type":"Polygon","coordinates":[[[9.3935,11.4179],[9.3906,11.4197],[9.387,11.425],[9.3823,11.4242],[9.3811,11.4257],[9.38,11.4338],[9.3788,11.4367],[9.3795,11.4416],[9.3777,11.4477],[9.368,11.4456],[9.3639,11.4473],[9.3616,11.4544],[9.359,11.4593],[9.3554,11.4627],[9.3514,11.4638],[9.3456,11.4625],[9.3426,11.4667],[9.3418,11.4694],[9.3366,11.4745],[9.3377,11.4803],[9.3309,11.4837],[9.3261,11.4832],[9.3221,11.4817],[9.3164,11.4843],[9.314,11.4908],[9.3183,11.4925],[9.3152,11.4948],[9.313,11.5007],[9.3086,11.4965],[9.3022,11.4938],[9.3009,11.5],[9.2986,11.4987],[9.2913,11.5058],[9.2877,11.5023],[9.286,11.5044],[9.2813,11.5053],[9.2815,11.5005],[9.2829,11.4954],[9.2799,11.4944],[9.276,11.4949],[9.2738,11.4915],[9.2749,11.4896],[9.2757,11.483],[9.2715,11.4808],[9.2668,11.4806],[9.2683,11.4771],[9.2635,11.4756],[9.2591,11.4711],[9.2606,11.4687],[9.2559,11.4678],[9.2539,11.4638],[9.2505,11.4654],[9.2477,11.4573],[9.2349,11.4524],[9.2315,11.4495],[9.2305,11.4469],[9.23,11.4428],[9.2327,11.4402],[9.2361,11.4408],[9.2417,11.4381],[9.2444,11.4342],[9.2507,11.4337],[9.2567,11.4343],[9.2572,11.4384],[9.2608,11.4411],[9.2684,11.4435],[9.2697,11.437],[9.273,11.4342],[9.2753,11.4293],[9.2807,11.4281],[9.2876,11.4314],[9.2946,11.4322],[9.3014,11.436],[9.309,11.4368],[9.3088,11.4324],[9.3106,11.4268],[9.3131,11.4236],[9.3176,11.4229],[9.3189,11.4201],[9.3199,11.4145],[9.3264,11.4092],[9.3289,11.4057],[9.3321,11.4068],[9.3354,11.4039],[9.3414,11.4019],[9.3473,11.3974],[9.3499,11.3934],[9.3509,11.39],[9.3548,11.3852],[9.3573,11.3834],[9.3583,11.3801],[9.3676,11.3771],[9.3728,11.3809],[9.3762,11.3855],[9.3797,11.382],[9.3792,11.3909],[9.3801,11.394],[9.3794,11.3974],[9.3804,11.4006],[9.3795,11.4083],[9.3803,11.4129],[9.3838,11.4144],[9.3915,11.4148],[9.3935,11.4179]]]},"properties":{"name":"YALWAN DAMAI","state":"17","code":"17/03/11"}},{"type":"Feature","geometry":{"type":"Polygon","coordinates":[[[10.1957,12.8223],[10.1915,12.8287],[10.1846,12.8288],[10.1829,12.8276],[10.1741,12.8259],[10.172,12.8279],[10.1707,12.8321],[10.1649,12.8383],[10.1616,12.843],[10.1583,12.8441],[10.1553,12.8472],[10.1549,12.8508],[10.1503,12.855],[10.1446,12.8612],[10.1431,12.8659],[10.1397,12.8691],[10.1393,12.8724],[10.1359,12.8762],[10.1339,12.8727],[10.1296,12.8722],[10.1236,12.8676],[10.1196,12.8713],[10.1139,12.8732],[10.1086,12.8686],[10.1053,12.8674],[10.1019,12.8617],[10.0995,12.8543],[10.0979,12.8517],[10.1026,12.8457],[10.1007,12.8417],[10.0969,12.8396],[10.0917,12.8341],[10.0886,12.8342],[10.0838,12.832],[10.0809,12.8341],[10.0747,12.8367],[10.0699,12.8405],[10.0585,12.8405],[10.0529,12.8375],[10.0503,12.8337],[10.0501,12.826],[10.0506,12.8197],[10.0464,12.8127],[10.0402,12.8125],[10.0306,12.8157],[10.0277,12.8203],[10.0251,12.8224],[10.0184,12.8217],[10.0143,12.8235],[10.009,12.824],[10.0018,12.8271],[9.9966,12.8223],[9.9944,12.8213],[9.9925,12.8115],[9.9972,12.8099],[9.9983,12.8074],[10.006,12.8],[10.0111,12.7974],[10.0133,12.7923],[10.0128,12.7837],[10.0107,12.7791],[10.0116,12.7729],[10.0092,12.767],[10.006,12.7624],[10.0056,12.7584],[10.0067,12.7566],[10.011,12.7563],[10.0155,12.7571],[10.0197,12.7567],[10.0239,12.7579],[10.0274,12.7569],[10.0325,12.7529],[10.0363,12.7474],[10.044,12.7434],[10.0534,12.7507],[10.0582,12.7535],[10.0626,12.7541],[10.0647,12.7533],[10.0712,12.76],[10.0755,12.7628],[10.0795,12.763],[10.0832,12.7618],[10.0867,12.7624],[10.0904,12.7614],[10.0926,12.7584],[10.0964,12.7571],[10.0979,12.7538],[10.1012,12.7535],[10.1035,12.7588],[10.1056,12.7688],[10.1077,12.7709],[10.1092,12.7755],[10.1086,12.7798],[10.1112,12.7838],[10.1159,12.7836],[10.1243,12.7806],[10.1289,12.7797],[10.1336,12.7762],[10.1352,12.7726],[10.1383,12.7709],[10.1575,12.7813],[10.1603,12.7821],[10.1708,12.7828],[10.1724,12.7845],[10.1761,12.7838],[10.1828,12.7858],[10.1859,12.7916],[10.1852,12.7968],[10.1829,12.8034],[10.1841,12.8053],[10.1881,12.8077],[10.1898,12.81],[10.1939,12.8122],[10.1959,12.8182],[10.1957,12.8223]]]},"properties":{"name":"BATU","state":"17","code":"17/04/01"}},{"type":"Feature","geometry":{"type":"Polygon","coordinates":[[[10.1828,12.7858],[10.1849,12.7839],[10.2039,12.7852],[10.2194,12.7878],[10.2224,12.7876],[10.2427,12.7809],[10.2448,12.7691],[10.2521,12.7498],[10.2598,12.7511],[10.2636,12.7567],[10.2649,12.7612],[10.2673,12.7644],[10.2711,12.7644],[10.2777,12.7668],[10.2776,12.7735],[10.2745,12.784],[10.269,12.7875],[10.2777,12.7935],[10.2792,12.7973],[10.2826,12.7983],[10.2866,12.8039],[10.2842,12.8081],[10.2827,12.8147],[10.283,12.8223],[10.2847,12.826],[10.2788,12.8262],[10.2765,12.8326],[10.2681,12.8379],[10.2647,12.8391],[10.2646,12.8422],[10.2557,12.8442],[10.2482,12.8453],[10.245,12.842],[10.241,12.835],[10.2348,12.8349],[10.2286,12.836],[10.2241,12.8313],[10.2152,12.8252],[10.2118,12.8236],[10.2069,12.8248],[10.1957,12.8223],[10.1959,12.8182],[10.1939,12.8122],[10.1898,12.81],[10.1881,12.8077],[10.1841,12.8053],[10.1829,12.8034],[10.1852,12.7968],[10.1859,12.7916],[10.1828,12.7858]]]},"properties":{"name":"BIRNIWA","state":"17","code":"17/04/02"}},{"type":"Feature","geometry":{"type":"Polygon","coordinates":[[[9.928,12.7572],[9.9183,12.7664],[9.9179,12.7699],[9.919,12.7725],[9.919,12.7788],[9.9143,12.7884],[9.9117,12.7866],[9.9114,12.779],[9.9069,12.777],[9.9036,12.7737],[9.9018,12.7706],[9.8994,12.7692],[9.8866,12.7707],[9.8858,12.7714],[9.8716,12.7574],[9.8671,12.7571],[9.865,12.7551],[9.8679,12.7497],[9.8705,12.7467],[9.8724,12.7368],[9.8768,12.7317],[9.888,12.737],[9.8935,12.7253],[9.8884,12.7201],[9.8865,12.7162],[9.8863,12.7126],[9.8919,12.7059],[9.8961,12.7035],[9.8972,12.7013],[9.8962,12.6969],[9.8908,12.6908],[9.8882,12.6863],[9.8876,12.6832],[9.8837,12.6779],[9.8885,12.6713],[9.892,12.6694],[9.896,12.6655],[9.898,12.6656],[9.9018,12.6594],[9.9032,12.6588],[9.9046,12.6517],[9.9253,12.6516],[9.9266,12.6504],[9.9243,12.6403],[9.921,12.6357],[9.9201,12.6317],[9.9183,12.6293],[9.9228,12.6271],[9.93,12.6273],[9.9314,12.6255],[9.9359,12.6239],[9.9413,12.6244],[9.9487,12.6282],[9.9533,12.6285],[9.958,12.6307],[9.9633,12.6316],[9.9674,12.6264],[9.9752,12.6263],[9.9798,12.633],[9.9878,12.6293],[9.9902,12.6288],[9.9934,12.6304],[9.995,12.6337],[10.002,12.6314],[10.0103,12.6332],[10.0152,12.6358],[10.0193,12.6403],[10.0186,12.6411],[10.0052,12.6446],[9.9987,12.6447],[9.9957,12.6459],[9.9948,12.6376],[9.9884,12.6379],[9.9863,12.6403],[9.9867,12.6481],[9.9859,12.6487],[9.9791,12.6434],[9.9746,12.6472],[9.9713,12.6542],[9.9679,12.6514],[9.9666,12.6618],[9.9656,12.6643],[9.966,12.6684],[9.9641,12.6702],[9.9589,12.6782],[9.9548,12.6799],[9.9551,12.6824],[9.9524,12.6915],[9.9505,12.6946],[9.9455,12.6942],[9.9441,12.6964],[9.9359,12.7011],[9.9324,12.7012],[9.9304,12.7072],[9.9384,12.712],[9.9416,12.7153],[9.9463,12.7163],[9.9475,12.7176],[9.9422,12.7244],[9.9398,12.7305],[9.941,12.7328],[9.9407,12.7367],[9.9366,12.7386],[9.9334,12.7426],[9.9347,12.7491],[9.9345,12.7519],[9.9321,12.7549],[9.928,12.7572]]]},"properties":{"name":"DANGWALERI","state":"17","code":"17/04/03"}},{"type":"Feature","geometry":{"type":"Polygon","coordinates":[[[10.0979,12.8517],[10.0928,12.8534],[10.0907,12.8555],[10.0867,12.8567],[10.0873,12.8636],[10.086,12.8693],[10.0826,12.8756],[10.0814,12.8843],[10.074,12.8847],[10.0748,12.8918],[10.0688,12.8893],[10.0685,12.8971],[10.0704,12.9015],[10.0696,12.9059],[10.0752,12.9128],[10.0735,12.9194],[10.0699,12.9242],[10.0656,12.9245],[10.0634,12.922],[10.0563,12.918],[10.0502,12.92],[10.0478,12.9225],[10.0406,12.9245],[10.0408,12.936],[10.0393,12.9411],[10.0391,12.945],[10.0324,12.9515],[10.0327,12.9553],[10.0314,12.9573],[10.031,12.9651],[10.0192,12.9638],[10.0099,12.9583],[10.0062,12.9571],[9.997,12.9556],[9.988,12.9564],[9.9717,12.9475],[9.9644,12.9444],[9.9537,12.936],[9.952,12.9307],[9.9449,12.917],[9.9431,12.9112],[9.9297,12.9185],[9.9111,12.8778],[9.9177,12.8723],[9.9158,12.8655],[9.9224,12.8595],[9.9263,12.8572],[9.9264,12.8551],[9.9324,12.8567],[9.9369,12.8593],[9.9416,12.8592],[9.9379,12.8461],[9.9429,12.8461],[9.9473,12.842],[9.9449,12.8344],[9.9426,12.8311],[9.9417,12.8248],[9.9404,12.8236],[9.9373,12.8154],[9.9344,12.8126],[9.9333,12.8017],[9.9291,12.8013],[9.9231,12.7959],[9.9218,12.7958],[9.9143,12.7884],[9.919,12.7788],[9.919,12.7725],[9.9179,12.7699],[9.9183,12.7664],[9.928,12.7572],[9.932,12.7611],[9.9363,12.7692],[9.9402,12.7663],[9.9466,12.7701],[9.9513,12.7709],[9.9595,12.7699],[9.9601,12.7669],[9.9589,12.7605],[9.9628,12.7584],[9.9682,12.758],[9.9702,12.7567],[9.9765,12.7553],[9.9819,12.756],[9.9853,12.7577],[9.9929,12.7567],[9.9969,12.759],[10.0056,12.7584],[10.006,12.7624],[10.0092,12.767],[10.0116,12.7729],[10.0107,12.7791],[10.0128,12.7837],[10.0133,12.7923],[10.0111,12.7974],[10.006,12.8],[9.9983,12.8074],[9.9972,12.8099],[9.9925,12.8115],[9.9944,12.8213],[9.9966,12.8223],[10.0018,12.8271],[10.009,12.824],[10.0143,12.8235],[10.0184,12.8217],[10.0251,12.8224],[10.0277,12.8203],[10.0306,12.8157],[10.0402,12.8125],[10.0464,12.8127],[10.0506,12.8197],[10.0501,12.826],[10.0503,12.8337],[10.0529,12.8375],[10.0585,12.8405],[10.0699,12.8405],[10.0747,12.8367],[10.0809,12.8341],[10.0838,12.832],[10.0886,12.8342],[10.0917,12.8341],[10.0969,12.8396],[10.1007,12.8417],[10.1026,12.8457],[10.0979,12.8517]]]},"properties":{"name":"DIGINSA","state":"17","code":"17/04/04"}},{"type":"Feature","geometry":{"type":"Polygon","coordinates":[[[10.0647,12.7533],[10.0703,12.7484],[10.0753,12.7468],[10.0767,12.7381],[10.0756,12.7313],[10.078,12.7281],[10.0917,12.7282],[10.0903,12.7193],[10.0877,12.7132],[10.0864,12.7083],[10.0827,12.7027],[10.0812,12.6991],[10.0779,12.6973],[10.0788,12.6946],[10.0728,12.6799],[10.0753,12.6766],[10.0834,12.6739],[10.0902,12.6739],[10.0945,12.676],[10.0973,12.6736],[10.1015,12.6719],[10.1065,12.6678],[10.1114,12.669],[10.1111,12.6704],[10.115,12.676],[10.1158,12.6831],[10.117,12.6852],[10.1266,12.6889],[10.1307,12.6875],[10.1344,12.6883],[10.1385,12.6914],[10.1423,12.6907],[10.1489,12.6867],[10.1551,12.687],[10.1565,12.6883],[10.1641,12.6888],[10.1685,12.6912],[10.1709,12.6913],[10.1734,12.694],[10.1791,12.6946],[10.1815,12.6939],[10.1826,12.6979],[10.1865,12.7067],[10.184,12.7102],[10.1879,12.7204],[10.1891,12.7249],[10.1922,12.7264],[10.2006,12.7244],[10.2053,12.7242],[10.2121,12.7248],[10.2154,12.7239],[10.2206,12.724],[10.2174,12.7299],[10.2174,12.7386],[10.2239,12.7381],[10.2272,12.7435],[10.2283,12.749],[10.2449,12.7472],[10.2478,12.7502],[10.2521,12.7498],[10.2448,12.7691],[10.2427,12.7809],[10.2224,12.7876],[10.2194,12.7878],[10.2039,12.7852],[10.1849,12.7839],[10.1828,12.7858],[10.1761,12.7838],[10.1724,12.7845],[10.1708,12.7828],[10.1603,12.7821],[10.1575,12.7813],[10.1383,12.7709],[10.1352,12.7726],[10.1336,12.7762],[10.1289,12.7797],[10.1243,12.7806],[10.1159,12.7836],[10.1112,12.7838],[10.1086,12.7798],[10.1092,12.7755],[10.1077,12.7709],[10.1056,12.7688],[10.1035,12.7588],[10.1012,12.7535],[10.0979,12.7538],[10.0964,12.7571],[10.0926,12.7584],[10.0904,12.7614],[10.0867,12.7624],[10.0832,12.7618],[10.0795,12.763],[10.0755,12.7628],[10.0712,12.76],[10.0647,12.7533]]]},"properties":{"name":"FAGI","state":"17","code":"17/04/05"}},{"type":"Feature","geometry":{"type":"Polygon","coordinates":[[[9.865,12.7551],[9.8614,12.7517],[9.8555,12.7516],[9.8525,12.7491],[9.8524,12.7433],[9.8492,12.7401],[9.8446,12.7384],[9.8376,12.7315],[9.8367,12.7281],[9.8334,12.7248],[9.827,12.7264],[9.8192,12.7267],[9.8121,12.7259],[9.8081,12.7214],[9.8093,12.7169],[9.8094,12.7104],[9.811,12.7084],[9.8172,12.7038],[9.8201,12.7033],[9.8259,12.699],[9.8302,12.6939],[9.8314,12.6913],[9.8315,12.6873],[9.835,12.6854],[9.8352,12.6826],[9.8381,12.6804],[9.84,12.6748],[9.8443,12.6698],[9.845,12.6677],[9.8493,12.6641],[9.8524,12.6566],[9.8526,12.6548],[9.8442,12.6475],[9.8433,12.6389],[9.8459,12.6328],[9.846,12.6298],[9.8491,12.6247],[9.853,12.6247],[9.856,12.6273],[9.861,12.6213],[9.8638,12.6189],[9.8655,12.6135],[9.8683,12.6116],[9.8725,12.6128],[9.8744,12.616],[9.8775,12.6183],[9.8815,12.6238],[9.8817,12.6268],[9.885,12.6288],[9.8876,12.6321],[9.891,12.6344],[9.8952,12.6305],[9.899,12.6304],[9.903,12.6282],[9.9073,12.6239],[9.9111,12.6255],[9.9133,12.628],[9.9183,12.6293],[9.9201,12.6317],[9.921,12.6357],[9.9243,12.6403],[9.9266,12.6504],[9.9253,12.6516],[9.9046,12.6517],[9.9032,12.6588],[9.9018,12.6594],[9.898,12.6656],[9.896,12.6655],[9.892,12.6694],[9.8885,12.6713],[9.8837,12.6779],[9.8876,12.6832],[9.8882,12.6863],[9.8908,12.6908],[9.8962,12.6969],[9.8972,12.7013],[9.8961,12.7035],[9.8919,12.7059],[9.8863,12.7126],[9.8865,12.7162],[9.8884,12.7201],[9.8935,12.7253],[9.888,12.737],[9.8768,12.7317],[9.8724,12.7368],[9.8705,12.7467],[9.8679,12.7497],[9.865,12.7551]]]},"properties":{"name":"KACHALLARI","state":"17","code":"17/04/06"}},{"type":"Feature","geometry":{"type":"Polygon","coordinates":[[[9.9143,12.7884],[9.9218,12.7958],[9.9231,12.7959],[9.9291,12.8013],[9.9333,12.8017],[9.9344,12.8126],[9.9373,12.8154],[9.9404,12.8236],[9.9417,12.8248],[9.9426,12.8311],[9.9449,12.8344],[9.9473,12.842],[9.9429,12.8461],[9.9379,12.8461],[9.9416,12.8592],[9.9369,12.8593],[9.9324,12.8567],[9.9264,12.8551],[9.9263,12.8572],[9.9224,12.8595],[9.9158,12.8655],[9.9154,12.8634],[9.9102,12.8585],[9.8997,12.8551],[9.8964,12.8527],[9.8582,12.8202],[9.8162,12.8075],[9.7962,12.8105],[9.7929,12.8145],[9.787,12.8144],[9.7853,12.8127],[9.7868,12.8042],[9.7856,12.7991],[9.7809,12.8004],[9.7652,12.7962],[9.7633,12.7964],[9.7652,12.7912],[9.7652,12.7883],[9.768,12.7832],[9.7684,12.7802],[9.7643,12.7718],[9.7647,12.7688],[9.7696,12.767],[9.7773,12.7603],[9.7846,12.7601],[9.7895,12.7534],[9.7926,12.7514],[9.7966,12.7468],[9.8049,12.7471],[9.8104,12.7437],[9.8114,12.738],[9.8108,12.7328],[9.8121,12.7259],[9.8192,12.7267],[9.827,12.7264],[9.8334,12.7248],[9.8367,12.7281],[9.8376,12.7315],[9.8446,12.7384],[9.8492,12.7401],[9.8524,12.7433],[9.8525,12.7491],[9.8555,12.7516],[9.8614,12.7517],[9.865,12.7551],[9.8671,12.7571],[9.8716,12.7574],[9.8858,12.7714],[9.8866,12.7707],[9.8994,12.7692],[9.9018,12.7706],[9.9036,12.7737],[9.9069,12.777],[9.9114,12.779],[9.9117,12.7866],[9.9143,12.7884]]]},"properties":{"name":"KARANKA","state":"17","code":"17/04/07"}},{"type":"Feature","geometry":{"type":"Polygon","coordinates":[[[10.0056,12.7584],[9.9969,12.759],[9.9929,12.7567],[9.9853,12.7577],[9.9819,12.756],[9.9765,12.7553],[9.9702,12.7567],[9.9682,12.758],[9.9628,12.7584],[9.9589,12.7605],[9.9601,12.7669],[9.9595,12.7699],[9.9513,12.7709],[9.9466,12.7701],[9.9402,12.7663],[9.9363,12.7692],[9.932,12.7611],[9.928,12.7572],[9.9321,12.7549],[9.9345,12.7519],[9.9347,12.7491],[9.9334,12.7426],[9.9366,12.7386],[9.9407,12.7367],[9.941,12.7328],[9.9398,12.7305],[9.9422,12.7244],[9.9475,12.7176],[9.9463,12.7163],[9.9416,12.7153],[9.9384,12.712],[9.9304,12.7072],[9.9324,12.7012],[9.9359,12.7011],[9.9441,12.6964],[9.9455,12.6942],[9.9505,12.6946],[9.9524,12.6915],[9.9551,12.6824],[9.9548,12.6799],[9.9589,12.6782],[9.9641,12.6702],[9.966,12.6684],[9.9656,12.6643],[9.9666,12.6618],[9.9679,12.6514],[9.9713,12.6542],[9.9746,12.6472],[9.9791,12.6434],[9.9859,12.6487],[9.9867,12.6481],[9.9863,12.6403],[9.9884,12.6379],[9.9948,12.6376],[9.9957,12.6459],[9.9987,12.6447],[10.0052,12.6446],[10.0186,12.6411],[10.0193,12.6403],[10.0236,12.6377],[10.0277,12.6381],[10.0335,12.636],[10.0389,12.6408],[10.0436,12.6422],[10.0465,12.6419],[10.0518,12.6436],[10.0544,12.6459],[10.0569,12.6531],[10.0563,12.6618],[10.0568,12.6677],[10.0559,12.6706],[10.0715,12.6786],[10.0728,12.6799],[10.0788,12.6946],[10.0779,12.6973],[10.0812,12.6991],[10.0827,12.7027],[10.0864,12.7083],[10.0877,12.7132],[10.0903,12.7193],[10.0917,12.7282],[10.078,12.7281],[10.0756,12.7313],[10.0767,12.7381],[10.0753,12.7468],[10.0703,12.7484],[10.0647,12.7533],[10.0626,12.7541],[10.0582,12.7535],[10.0534,12.7507],[10.044,12.7434],[10.0363,12.7474],[10.0325,12.7529],[10.0274,12.7569],[10.0239,12.7579],[10.0197,12.7567],[10.0155,12.7571],[10.011,12.7563],[10.0067,12.7566],[10.0056,12.7584]]]},"properties":{"name":"KAZURA","state":"17","code":"17/04/08"}},{"type":"Feature","geometry":{"type":"Polygon","coordinates":[[[10.2482,12.8453],[10.2468,12.8522],[10.2474,12.8587],[10.2424,12.8617],[10.2445,12.8697],[10.247,12.8721],[10.2477,12.8749],[10.2415,12.8806],[10.2387,12.8793],[10.2368,12.8853],[10.2353,12.8927],[10.2409,12.893],[10.2435,12.8907],[10.249,12.8889],[10.2485,12.892],[10.2452,12.8956],[10.2441,12.9002],[10.2387,12.9038],[10.232,12.9062],[10.2351,12.9148],[10.2321,12.9221],[10.2372,12.9228],[10.2404,12.9254],[10.2379,12.9281],[10.2325,12.9366],[10.2329,12.941],[10.2273,12.9411],[10.2246,12.942],[10.2217,12.9484],[10.2259,12.9526],[10.2315,12.9591],[10.2329,12.972],[10.2308,12.9749],[10.2295,12.9829],[10.2299,12.9907],[10.2283,12.9916],[10.2278,12.9966],[10.2252,12.9993],[10.2215,13.0062],[10.221,13.0142],[10.2029,13.0082],[10.1862,13.0045],[10.1744,13.0022],[10.1546,12.9933],[10.149,12.9876],[10.1438,12.9867],[10.1399,12.9892],[10.1364,12.9894],[10.1303,12.9883],[10.1229,12.9856],[10.1151,12.9845],[10.1158,12.9805],[10.1155,12.9758],[10.1167,12.9729],[10.1123,12.9638],[10.1128,12.9595],[10.1115,12.9562],[10.1147,12.9534],[10.1153,12.9493],[10.1261,12.949],[10.1302,12.9435],[10.1297,12.9403],[10.1238,12.9315],[10.1193,12.9259],[10.1198,12.9222],[10.124,12.9185],[10.1313,12.9134],[10.1293,12.9084],[10.1298,12.9044],[10.1289,12.8999],[10.1298,12.8971],[10.1293,12.8933],[10.1341,12.8914],[10.1386,12.8906],[10.1464,12.8925],[10.1533,12.8991],[10.1568,12.9004],[10.1591,12.8998],[10.1658,12.8955],[10.1673,12.8921],[10.1721,12.8925],[10.1732,12.8911],[10.178,12.8949],[10.178,12.9019],[10.1798,12.9077],[10.1805,12.9124],[10.1859,12.9124],[10.1901,12.9116],[10.1931,12.9067],[10.1927,12.9051],[10.1963,12.8985],[10.1974,12.8929],[10.1967,12.89],[10.1982,12.8884],[10.2011,12.8809],[10.1981,12.881],[10.1899,12.8795],[10.1919,12.8755],[10.1925,12.8699],[10.1939,12.8662],[10.1922,12.8555],[10.1983,12.8489],[10.202,12.85],[10.207,12.8479],[10.2132,12.8481],[10.2152,12.8471],[10.2237,12.8463],[10.2262,12.8437],[10.2283,12.8395],[10.2286,12.836],[10.2348,12.8349],[10.241,12.835],[10.245,12.842],[10.2482,12.8453]]]},"properties":{"name":"MACHINAMARI","state":"17","code":"17/04/09"}},{"type":"Feature","geometry":{"type":"Polygon","coordinates":[[[10.2521,12.7498],[10.2478,12.7502],[10.2449,12.7472],[10.2283,12.749],[10.2272,12.7435],[10.2239,12.7381],[10.2174,12.7386],[10.2174,12.7299],[10.2206,12.724],[10.2265,12.7202],[10.2326,12.7203],[10.2459,12.7148],[10.2489,12.7143],[10.2494,12.716],[10.2542,12.7196],[10.259,12.7269],[10.2683,12.7283],[10.2713,12.7321],[10.2722,12.7393],[10.2719,12.7451],[10.2769,12.746],[10.2813,12.7506],[10.285,12.7525],[10.2914,12.7542],[10.2942,12.754],[10.2946,12.7592],[10.2973,12.7622],[10.2978,12.7699],[10.3004,12.774],[10.3049,12.7745],[10.3184,12.7734],[10.3232,12.7751],[10.3283,12.7786],[10.3307,12.7819],[10.3343,12.7841],[10.3406,12.7804],[10.3455,12.7796],[10.3526,12.7749],[10.3561,12.7806],[10.3583,12.786],[10.3605,12.7877],[10.3624,12.796],[10.3625,12.8006],[10.361,12.8034],[10.3578,12.8039],[10.3523,12.8069],[10.3454,12.8067],[10.3385,12.8059],[10.3333,12.8065],[10.3255,12.8092],[10.3245,12.8117],[10.32,12.813],[10.3159,12.8127],[10.2975,12.8133],[10.2906,12.8127],[10.2905,12.8155],[10.2955,12.8355],[10.3038,12.8554],[10.3047,12.8611],[10.2983,12.8665],[10.2947,12.8714],[10.2901,12.8755],[10.289,12.9056],[10.2723,12.917],[10.2714,12.9189],[10.2741,12.9345],[10.2707,12.9389],[10.2704,12.9448],[10.264,12.9548],[10.2676,12.9553],[10.2773,12.9584],[10.2834,12.9621],[10.2846,12.9643],[10.282,12.9794],[10.2792,12.9809],[10.2654,12.9836],[10.2637,12.9853],[10.2603,12.9975],[10.2347,13.0088],[10.2265,13.0069],[10.2243,13.0148],[10.221,13.0142],[10.2215,13.0062],[10.2252,12.9993],[10.2278,12.9966],[10.2283,12.9916],[10.2299,12.9907],[10.2295,12.9829],[10.2308,12.9749],[10.2329,12.972],[10.2315,12.9591],[10.2259,12.9526],[10.2217,12.9484],[10.2246,12.942],[10.2273,12.9411],[10.2329,12.941],[10.2325,12.9366],[10.2379,12.9281],[10.2404,12.9254],[10.2372,12.9228],[10.2321,12.9221],[10.2351,12.9148],[10.232,12.9062],[10.2387,12.9038],[10.2441,12.9002],[10.2452,12.8956],[10.2485,12.892],[10.249,12.8889],[10.2435,12.8907],[10.2409,12.893],[10.2353,12.8927],[10.2368,12.8853],[10.2387,12.8793],[10.2415,12.8806],[10.2477,12.8749],[10.247,12.8721],[10.2445,12.8697],[10.2424,12.8617],[10.2474,12.8587],[10.2468,12.8522],[10.2482,12.8453],[10.2557,12.8442],[10.2646,12.8422],[10.2647,12.8391],[10.2681,12.8379],[10.2765,12.8326],[10.2788,12.8262],[10.2847,12.826],[10.283,12.8223],[10.2827,12.8147],[10.2842,12.8081],[10.2866,12.8039],[10.2826,12.7983],[10.2792,12.7973],[10.2777,12.7935],[10.269,12.7875],[10.2745,12.784],[10.2776,12.7735],[10.2777,12.7668],[10.2711,12.7644],[10.2673,12.7644],[10.2649,12.7612],[10.2636,12.7567],[10.2598,12.7511],[10.2521,12.7498]]]},"properties":{"name":"MATAMU","state":"17","code":"17/04/10"}},{"type":"Feature","geometry":{"type":"Polygon","coordinates":[[[10.1957,12.8223],[10.2069,12.8248],[10.2118,12.8236],[10.2152,12.8252],[10.2241,12.8313],[10.2286,12.836],[10.2283,12.8395],[10.2262,12.8437],[10.2237,12.8463],[10.2152,12.8471],[10.2132,12.8481],[10.207,12.8479],[10.202,12.85],[10.1983,12.8489],[10.1922,12.8555],[10.1939,12.8662],[10.1925,12.8699],[10.1919,12.8755],[10.1899,12.8795],[10.1981,12.881],[10.2011,12.8809],[10.1982,12.8884],[10.1967,12.89],[10.1974,12.8929],[10.1963,12.8985],[10.1927,12.9051],[10.1931,12.9067],[10.1901,12.9116],[10.1859,12.9124],[10.1805,12.9124],[10.1798,12.9077],[10.178,12.9019],[10.178,12.8949],[10.1732,12.8911],[10.1721,12.8925],[10.1673,12.8921],[10.1658,12.8955],[10.1591,12.8998],[10.1568,12.9004],[10.1533,12.8991],[10.1464,12.8925],[10.1386,12.8906],[10.1341,12.8914],[10.1293,12.8933],[10.1298,12.8971],[10.1289,12.8999],[10.1298,12.9044],[10.1293,12.9084],[10.1313,12.9134],[10.124,12.9185],[10.1198,12.9222],[10.1193,12.9259],[10.1238,12.9315],[10.1297,12.9403],[10.1302,12.9435],[10.1261,12.949],[10.1153,12.9493],[10.1147,12.9534],[10.1115,12.9562],[10.1128,12.9595],[10.1123,12.9638],[10.1167,12.9729],[10.1155,12.9758],[10.1158,12.9805],[10.1151,12.9845],[10.1093,12.9845],[10.0986,12.9855],[10.1037,12.9663],[10.0973,12.9664],[10.0889,12.9833],[10.0782,12.9807],[10.0743,12.9806],[10.0622,12.9772],[10.0569,12.974],[10.0609,12.9657],[10.0512,12.9528],[10.039,12.9617],[10.031,12.9651],[10.0314,12.9573],[10.0327,12.9553],[10.0324,12.9515],[10.0391,12.945],[10.0393,12.9411],[10.0408,12.936],[10.0406,12.9245],[10.0478,12.9225],[10.0502,12.92],[10.0563,12.918],[10.0634,12.922],[10.0656,12.9245],[10.0699,12.9242],[10.0735,12.9194],[10.0752,12.9128],[10.0696,12.9059],[10.0704,12.9015],[10.0685,12.8971],[10.0688,12.8893],[10.0748,12.8918],[10.074,12.8847],[10.0814,12.8843],[10.0826,12.8756],[10.086,12.8693],[10.0873,12.8636],[10.0867,12.8567],[10.0907,12.8555],[10.0928,12.8534],[10.0979,12.8517],[10.0995,12.8543],[10.1019,12.8617],[10.1053,12.8674],[10.1086,12.8686],[10.1139,12.8732],[10.1196,12.8713],[10.1236,12.8676],[10.1296,12.8722],[10.1339,12.8727],[10.1359,12.8762],[10.1393,12.8724],[10.1397,12.8691],[10.1431,12.8659],[10.1446,12.8612],[10.1503,12.855],[10.1549,12.8508],[10.1553,12.8472],[10.1583,12.8441],[10.1616,12.843],[10.1649,12.8383],[10.1707,12.8321],[10.172,12.8279],[10.1741,12.8259],[10.1829,12.8276],[10.1846,12.8288],[10.1915,12.8287],[10.1957,12.8223]]]},"properties":{"name":"NGUWA","state":"17","code":"17/04/11"}},{"type":"Feature","geometry":{"type":"Polygon","coordinates":[[[9.8177,11.6053],[9.8226,11.6127],[9.8197,11.6159],[9.8187,11.6196],[9.8136,11.6192],[9.8115,11.6208],[9.8107,11.6246],[9.8125,11.6276],[9.8259,11.6268],[9.8281,11.6344],[9.8262,11.6403],[9.8269,11.6417],[9.8267,11.6483],[9.8245,11.6507],[9.8221,11.6576],[9.8209,11.6653],[9.8207,11.6723],[9.8278,11.6824],[9.8306,11.6846],[9.8278,11.6923],[9.802,11.6915],[9.7994,11.6963],[9.7965,11.688],[9.7969,11.6824],[9.7954,11.6778],[9.7927,11.6754],[9.7865,11.6734],[9.7775,11.6786],[9.7717,11.6769],[9.7705,11.6743],[9.7673,11.6722],[9.7702,11.6627],[9.7718,11.6597],[9.7683,11.6521],[9.7626,11.6468],[9.7593,11.6378],[9.7596,11.6353],[9.7576,11.6319],[9.7513,11.6315],[9.7486,11.6291],[9.7463,11.6254],[9.7392,11.6272],[9.7336,11.626],[9.7311,11.6236],[9.7318,11.6159],[9.7343,11.6112],[9.7399,11.6131],[9.7439,11.613],[9.7406,11.6048],[9.7445,11.6036],[9.7502,11.6037],[9.7508,11.605],[9.7571,11.6067],[9.7645,11.6034],[9.7683,11.6049],[9.7709,11.6084],[9.7722,11.6222],[9.7748,11.6265],[9.7813,11.6313],[9.7831,11.6289],[9.7866,11.6292],[9.7916,11.6259],[9.7922,11.6206],[9.7943,11.6151],[9.794,11.6102],[9.7984,11.6056],[9.8028,11.6024],[9.8092,11.6024],[9.8104,11.6044],[9.8177,11.6053]]]},"properties":{"name":"AHOTO","state":"17","code":"17/05/01"}},{"type":"Feature","geometry":{"type":"Polygon","coordinates":[[[9.6315,11.5306],[9.6324,11.5292],[9.6368,11.5283],[9.6398,11.5302],[9.6374,11.5326],[9.6412,11.5354],[9.6446,11.5356],[9.6474,11.533],[9.646,11.5307],[9.6498,11.529],[9.6498,11.5246],[9.648,11.521],[9.6483,11.5185],[9.6453,11.5151],[9.6424,11.5132],[9.6441,11.5104],[9.6412,11.5087],[9.6383,11.5089],[9.6379,11.5056],[9.6428,11.4956],[9.6452,11.4948],[9.6484,11.4895],[9.6486,11.4828],[9.6474,11.4783],[9.6492,11.4755],[9.6503,11.47],[9.6479,11.4628],[9.6558,11.4609],[9.6634,11.461],[9.665,11.4699],[9.6661,11.4713],[9.6658,11.4764],[9.6682,11.4787],[9.6731,11.4872],[9.6765,11.4903],[9.685,11.4889],[9.6969,11.4917],[9.7002,11.4917],[9.7037,11.4936],[9.7037,11.4962],[9.7092,11.5038],[9.7043,11.5114],[9.7039,11.5151],[9.7002,11.5166],[9.6946,11.5211],[9.6878,11.5243],[9.6848,11.5247],[9.6841,11.5275],[9.6859,11.5294],[9.6877,11.5351],[9.693,11.5373],[9.694,11.5386],[9.6932,11.5434],[9.69,11.548],[9.6858,11.5519],[9.6885,11.56],[9.6886,11.563],[9.6811,11.567],[9.6713,11.5678],[9.6643,11.5664],[9.6594,11.5673],[9.6541,11.5708],[9.6492,11.5713],[9.6441,11.5755],[9.6427,11.5722],[9.6404,11.5709],[9.6386,11.5644],[9.6388,11.5549],[9.6401,11.5518],[9.6464,11.5544],[9.6493,11.5539],[9.6473,11.5489],[9.645,11.5487],[9.6454,11.5448],[9.6433,11.5397],[9.6375,11.5337],[9.6315,11.5306]]]},"properties":{"name":"BUJI","state":"17","code":"17/05/02"}},{"type":"Feature","geometry":{"type":"Polygon","coordinates":[[[9.6404,11.5709],[9.6427,11.5722],[9.6441,11.5755],[9.6492,11.5713],[9.6541,11.5708],[9.6594,11.5673],[9.6643,11.5664],[9.6713,11.5678],[9.6811,11.567],[9.6886,11.563],[9.6902,11.5637],[9.6899,11.5724],[9.6925,11.58],[9.685,11.5836],[9.6858,11.5855],[9.684,11.5932],[9.6893,11.596],[9.6941,11.6022],[9.6951,11.608],[9.7028,11.6094],[9.7045,11.609],[9.7102,11.6105],[9.714,11.6106],[9.715,11.6153],[9.71,11.6174],[9.7079,11.6217],[9.7042,11.6324],[9.7042,11.6358],[9.7016,11.6374],[9.6942,11.6336],[9.6932,11.6319],[9.6839,11.6343],[9.6812,11.6363],[9.6802,11.6409],[9.6761,11.6465],[9.6721,11.6454],[9.6709,11.6509],[9.6759,11.653],[9.6743,11.6582],[9.6687,11.6565],[9.6614,11.6592],[9.6606,11.658],[9.6616,11.6526],[9.6655,11.6494],[9.6651,11.6447],[9.6601,11.6437],[9.66,11.6402],[9.6564,11.6394],[9.6578,11.6356],[9.6548,11.6317],[9.6548,11.6294],[9.6511,11.6247],[9.6492,11.6195],[9.6471,11.6202],[9.6385,11.6196],[9.6361,11.6211],[9.6325,11.6206],[9.6285,11.614],[9.6261,11.6122],[9.6267,11.6037],[9.6227,11.6002],[9.6184,11.6005],[9.612,11.5982],[9.61,11.5966],[9.6051,11.595],[9.6083,11.5912],[9.6098,11.591],[9.612,11.5844],[9.6178,11.5756],[9.6228,11.5756],[9.6257,11.578],[9.629,11.5776],[9.6325,11.5753],[9.6306,11.5737],[9.6321,11.5708],[9.6357,11.5701],[9.6404,11.5709]]]},"properties":{"name":"CHURBUN","state":"17","code":"17/05/03"}},{"type":"Feature","geometry":{"type":"Polygon","coordinates":[[[9.7994,11.6963],[9.7958,11.7028],[9.7889,11.7037],[9.7762,11.7035],[9.7759,11.6966],[9.771,11.6898],[9.7652,11.6911],[9.762,11.6906],[9.7564,11.6936],[9.7509,11.6876],[9.7498,11.6829],[9.7473,11.68],[9.7425,11.6795],[9.7408,11.6777],[9.7372,11.6777],[9.7329,11.6758],[9.7289,11.6752],[9.7197,11.6759],[9.7177,11.6798],[9.7171,11.6854],[9.7219,11.6887],[9.7178,11.6916],[9.7065,11.6881],[9.6958,11.6841],[9.6885,11.6823],[9.6836,11.68],[9.6824,11.6806],[9.6759,11.6781],[9.6787,11.6763],[9.68,11.6718],[9.6789,11.6683],[9.681,11.6662],[9.6784,11.6596],[9.6743,11.6582],[9.6759,11.653],[9.6709,11.6509],[9.6721,11.6454],[9.6761,11.6465],[9.6802,11.6409],[9.6812,11.6363],[9.6839,11.6343],[9.6932,11.6319],[9.6942,11.6336],[9.7016,11.6374],[9.7042,11.6358],[9.7042,11.6324],[9.7079,11.6217],[9.71,11.6174],[9.715,11.6153],[9.7198,11.6207],[9.7251,11.6231],[9.7311,11.6236],[9.7336,11.626],[9.7392,11.6272],[9.7463,11.6254],[9.7486,11.6291],[9.7513,11.6315],[9.7576,11.6319],[9.7596,11.6353],[9.7593,11.6378],[9.7626,11.6468],[9.7683,11.6521],[9.7718,11.6597],[9.7702,11.6627],[9.7673,11.6722],[9.7705,11.6743],[9.7717,11.6769],[9.7775,11.6786],[9.7865,11.6734],[9.7927,11.6754],[9.7954,11.6778],[9.7969,11.6824],[9.7965,11.688],[9.7994,11.6963]]]},"properties":{"name":"GANTSA","state":"17","code":"17/05/04"}},{"type":"Feature","geometry":{"type":"Polygon","coordinates":[[[9.7037,11.4936],[9.7119,11.4865],[9.7167,11.4864],[9.7198,11.4879],[9.7255,11.4938],[9.7334,11.4933],[9.7379,11.4914],[9.7424,11.4947],[9.7462,11.4965],[9.7509,11.5022],[9.7552,11.5054],[9.7572,11.5057],[9.7586,11.5077],[9.7559,11.5138],[9.7555,11.5169],[9.7526,11.5214],[9.7536,11.5279],[9.7513,11.5288],[9.7488,11.5378],[9.743,11.541],[9.7402,11.545],[9.7395,11.546],[9.732,11.5449],[9.7311,11.5458],[9.7235,11.5446],[9.7193,11.5538],[9.7165,11.5578],[9.7036,11.5583],[9.7026,11.5619],[9.7078,11.5677],[9.7131,11.5689],[9.7168,11.5718],[9.7201,11.5712],[9.7224,11.578],[9.7242,11.5808],[9.7218,11.5858],[9.7179,11.5915],[9.7151,11.5913],[9.7121,11.5889],[9.703,11.5874],[9.6992,11.5891],[9.695,11.5934],[9.6893,11.596],[9.684,11.5932],[9.6858,11.5855],[9.685,11.5836],[9.6925,11.58],[9.6899,11.5724],[9.6902,11.5637],[9.6886,11.563],[9.6885,11.56],[9.6858,11.5519],[9.69,11.548],[9.6932,11.5434],[9.694,11.5386],[9.693,11.5373],[9.6877,11.5351],[9.6859,11.5294],[9.6841,11.5275],[9.6848,11.5247],[9.6878,11.5243],[9.6946,11.5211],[9.7002,11.5166],[9.7039,11.5151],[9.7043,11.5114],[9.7092,11.5038],[9.7037,11.4962],[9.7037,11.4936]]]},"properties":{"name":"FALAGERI","state":"17","code":"17/05/05"}},{"type":"Feature","geometry":{"type":"Polygon","coordinates":[[[9.7311,11.6236],[9.7251,11.6231],[9.7198,11.6207],[9.715,11.6153],[9.714,11.6106],[9.7102,11.6105],[9.7045,11.609],[9.7028,11.6094],[9.6951,11.608],[9.6941,11.6022],[9.6893,11.596],[9.695,11.5934],[9.6992,11.5891],[9.703,11.5874],[9.7121,11.5889],[9.7151,11.5913],[9.7179,11.5915],[9.7218,11.5858],[9.7242,11.5808],[9.7224,11.578],[9.7201,11.5712],[9.7168,11.5718],[9.7131,11.5689],[9.7078,11.5677],[9.7026,11.5619],[9.7036,11.5583],[9.7165,11.5578],[9.7193,11.5538],[9.7235,11.5446],[9.7311,11.5458],[9.732,11.5449],[9.7395,11.546],[9.7402,11.545],[9.7469,11.5483],[9.7567,11.551],[9.7678,11.5506],[9.7718,11.5523],[9.7771,11.5586],[9.7799,11.5584],[9.7857,11.5625],[9.7927,11.5703],[9.7924,11.5777],[9.7982,11.5816],[9.8003,11.5853],[9.8044,11.5856],[9.8055,11.5905],[9.8085,11.5981],[9.8102,11.6006],[9.8092,11.6024],[9.8028,11.6024],[9.7984,11.6056],[9.794,11.6102],[9.7943,11.6151],[9.7922,11.6206],[9.7916,11.6259],[9.7866,11.6292],[9.7831,11.6289],[9.7813,11.6313],[9.7748,11.6265],[9.7722,11.6222],[9.7709,11.6084],[9.7683,11.6049],[9.7645,11.6034],[9.7571,11.6067],[9.7508,11.605],[9.7502,11.6037],[9.7445,11.6036],[9.7406,11.6048],[9.7439,11.613],[9.7399,11.6131],[9.7343,11.6112],[9.7318,11.6159],[9.7311,11.6236]]]},"properties":{"name":"KAWAYA","state":"17","code":"17/05/06"}},{"type":"Feature","geometry":{"type":"Polygon","coordinates":[[[9.6181,11.3591],[9.6224,11.3594],[9.6278,11.3634],[9.6329,11.3615],[9.6338,11.3588],[9.6385,11.3596],[9.6439,11.3616],[9.6462,11.3568],[9.6523,11.3601],[9.6557,11.3586],[9.6601,11.3608],[9.6623,11.3636],[9.666,11.3632],[9.6788,11.3755],[9.6799,11.3784],[9.687,11.3866],[9.6871,11.3877],[9.6822,11.3929],[9.6814,11.3971],[9.6769,11.4013],[9.6811,11.4056],[9.6917,11.4104],[9.6962,11.4094],[9.7041,11.4113],[9.7069,11.4157],[9.7109,11.419],[9.7102,11.4221],[9.7067,11.4271],[9.7037,11.4327],[9.7048,11.434],[9.704,11.4362],[9.7062,11.4417],[9.7058,11.446],[9.7065,11.4531],[9.7022,11.4558],[9.7025,11.4579],[9.7058,11.4651],[9.7049,11.4668],[9.6994,11.4682],[9.6924,11.4655],[9.687,11.4555],[9.6804,11.458],[9.6755,11.4575],[9.6713,11.4545],[9.668,11.4543],[9.6634,11.461],[9.6558,11.4609],[9.6479,11.4628],[9.6463,11.4605],[9.6468,11.457],[9.6458,11.4542],[9.6471,11.4474],[9.6496,11.4393],[9.6471,11.4347],[9.6441,11.432],[9.6428,11.4292],[9.6415,11.4202],[9.6423,11.4188],[9.6461,11.4183],[9.6511,11.4135],[9.6512,11.412],[9.6465,11.4032],[9.6465,11.3991],[9.6408,11.394],[9.6418,11.3913],[9.6389,11.386],[9.6349,11.3869],[9.6304,11.3868],[9.628,11.3892],[9.6255,11.3874],[9.6176,11.3893],[9.6167,11.387],[9.6096,11.3823],[9.6047,11.3819],[9.6011,11.3787],[9.5993,11.3668],[9.6024,11.3627],[9.6024,11.3596],[9.6049,11.359],[9.6093,11.3612],[9.6181,11.3591]]]},"properties":{"name":"KUKUMA","state":"17","code":"17/05/07"}},{"type":"Feature","geometry":{"type":"Polygon","coordinates":[[[9.6634,11.461],[9.668,11.4543],[9.6713,11.4545],[9.6755,11.4575],[9.6804,11.458],[9.687,11.4555],[9.6924,11.4655],[9.6994,11.4682],[9.7049,11.4668],[9.7058,11.4651],[9.7025,11.4579],[9.7022,11.4558],[9.7065,11.4531],[9.7058,11.446],[9.7062,11.4417],[9.704,11.4362],[9.7048,11.434],[9.7182,11.4337],[9.7233,11.4308],[9.7277,11.4309],[9.7298,11.4342],[9.7333,11.4436],[9.7374,11.4434],[9.7441,11.4401],[9.7472,11.4433],[9.7613,11.4481],[9.7645,11.4524],[9.7661,11.456],[9.769,11.456],[9.7701,11.4593],[9.777,11.4584],[9.78,11.4608],[9.7837,11.4597],[9.7896,11.461],[9.7847,11.4682],[9.7865,11.4822],[9.784,11.4913],[9.7852,11.4948],[9.7762,11.4952],[9.7639,11.4915],[9.7622,11.4946],[9.7631,11.498],[9.7572,11.5057],[9.7552,11.5054],[9.7509,11.5022],[9.7462,11.4965],[9.7424,11.4947],[9.7379,11.4914],[9.7334,11.4933],[9.7255,11.4938],[9.7198,11.4879],[9.7167,11.4864],[9.7119,11.4865],[9.7037,11.4936],[9.7002,11.4917],[9.6969,11.4917],[9.685,11.4889],[9.6765,11.4903],[9.6731,11.4872],[9.6682,11.4787],[9.6658,11.4764],[9.6661,11.4713],[9.665,11.4699],[9.6634,11.461]]]},"properties":{"name":"K/LELEN KUDU","state":"17","code":"17/05/08"}},{"type":"Feature","geometry":{"type":"Polygon","coordinates":[[[9.6606,11.658],[9.6614,11.6592],[9.6687,11.6565],[9.6743,11.6582],[9.6784,11.6596],[9.681,11.6662],[9.6789,11.6683],[9.68,11.6718],[9.6787,11.6763],[9.6759,11.6781],[9.6824,11.6806],[9.6836,11.68],[9.6885,11.6823],[9.6958,11.6841],[9.7065,11.6881],[9.7178,11.6916],[9.7219,11.6887],[9.7171,11.6854],[9.7177,11.6798],[9.7197,11.6759],[9.7289,11.6752],[9.7329,11.6758],[9.7372,11.6777],[9.7408,11.6777],[9.7425,11.6795],[9.7473,11.68],[9.7498,11.6829],[9.7509,11.6876],[9.7564,11.6936],[9.762,11.6906],[9.7652,11.6911],[9.771,11.6898],[9.7759,11.6966],[9.7762,11.7035],[9.7889,11.7037],[9.7958,11.7028],[9.7843,11.7239],[9.7848,11.7272],[9.7796,11.7365],[9.7597,11.732],[9.7349,11.7269],[9.7126,11.7209],[9.7037,11.7207],[9.6924,11.7222],[9.6862,11.7252],[9.6612,11.7271],[9.6397,11.733],[9.6379,11.7343],[9.6347,11.7315],[9.6356,11.7288],[9.6394,11.7304],[9.6407,11.7292],[9.6385,11.7254],[9.6394,11.7216],[9.6433,11.7219],[9.648,11.7167],[9.6463,11.7135],[9.6509,11.7127],[9.6522,11.7091],[9.6514,11.7055],[9.6532,11.7013],[9.6514,11.6984],[9.6534,11.6926],[9.6571,11.6915],[9.6577,11.689],[9.6547,11.6874],[9.652,11.6827],[9.6569,11.6814],[9.6613,11.6792],[9.6613,11.6748],[9.6574,11.6744],[9.6582,11.6721],[9.6561,11.6702],[9.657,11.6681],[9.6617,11.6687],[9.6611,11.6663],[9.6638,11.6646],[9.6646,11.6617],[9.6634,11.6603],[9.6602,11.6592],[9.6606,11.658]]]},"properties":{"name":"MADABE","state":"17","code":"17/05/09"}},{"type":"Feature","geometry":{"type":"Polygon","coordinates":[[[9.8092,11.6024],[9.8102,11.6006],[9.8085,11.5981],[9.8055,11.5905],[9.8044,11.5856],[9.8003,11.5853],[9.7982,11.5816],[9.7924,11.5777],[9.7927,11.5703],[9.7857,11.5625],[9.7799,11.5584],[9.7771,11.5586],[9.7718,11.5523],[9.7678,11.5506],[9.7567,11.551],[9.7469,11.5483],[9.7402,11.545],[9.743,11.541],[9.7488,11.5378],[9.7513,11.5288],[9.7536,11.5279],[9.7526,11.5214],[9.7555,11.5169],[9.7559,11.5138],[9.7586,11.5077],[9.7572,11.5057],[9.7631,11.498],[9.7622,11.4946],[9.7639,11.4915],[9.7762,11.4952],[9.7852,11.4948],[9.7851,11.4983],[9.7877,11.5044],[9.7911,11.5053],[9.8056,11.5214],[9.8154,11.5293],[9.8297,11.5378],[9.8308,11.5403],[9.8196,11.5799],[9.8295,11.5881],[9.8299,11.59],[9.8334,11.5943],[9.8349,11.5989],[9.8192,11.6033],[9.8177,11.6053],[9.8104,11.6044],[9.8092,11.6024]]]},"properties":{"name":"Y/TUKUR","state":"17","code":"17/05/10"}},{"type":"Feature","geometry":{"type":"Polygon","coordinates":[[[9.3574,12.0298],[9.338,12.0299],[9.3389,12.0191],[9.3417,12.0151],[9.3418,12.0123],[9.3439,12.0068],[9.3429,12.0011],[9.344,11.9941],[9.3461,11.9887],[9.3417,11.9844],[9.3444,11.9777],[9.3469,11.9739],[9.343,11.972],[9.3343,11.9662],[9.3292,11.9645],[9.3301,11.9575],[9.3283,11.9532],[9.3272,11.9414],[9.328,11.936],[9.3292,11.9334],[9.3278,11.9308],[9.3252,11.9352],[9.3202,11.9393],[9.3126,11.9421],[9.3091,11.9368],[9.3027,11.9345],[9.3,11.9315],[9.2976,11.9309],[9.2945,11.9243],[9.2992,11.9219],[9.3042,11.9222],[9.3132,11.9191],[9.3166,11.9198],[9.3207,11.913],[9.3261,11.9085],[9.3289,11.9017],[9.3268,11.8986],[9.3286,11.891],[9.3319,11.8882],[9.3381,11.89],[9.343,11.8973],[9.3455,11.8972],[9.3486,11.891],[9.3535,11.8881],[9.3588,11.8881],[9.3618,11.8891],[9.3631,11.8945],[9.3627,11.898],[9.365,11.8982],[9.3725,11.9024],[9.3776,11.8974],[9.3839,11.8982],[9.3865,11.8943],[9.3917,11.8903],[9.3938,11.8868],[9.393,11.8808],[9.3947,11.88],[9.3985,11.8813],[9.4024,11.8814],[9.4048,11.8851],[9.4096,11.8868],[9.4111,11.8884],[9.4172,11.8871],[9.4248,11.8872],[9.4293,11.8858],[9.4325,11.8868],[9.4434,11.8938],[9.4527,11.9022],[9.4506,11.9044],[9.4514,11.9127],[9.4472,11.9107],[9.4413,11.909],[9.4358,11.9121],[9.4329,11.9104],[9.4281,11.9116],[9.4263,11.9094],[9.4205,11.9052],[9.4098,11.9102],[9.4065,11.9069],[9.4041,11.903],[9.3957,11.9056],[9.3914,11.9061],[9.3927,11.9116],[9.3913,11.9178],[9.3919,11.9206],[9.3949,11.9266],[9.3987,11.929],[9.4009,11.9337],[9.4067,11.9356],[9.4079,11.9379],[9.4084,11.9486],[9.4115,11.9523],[9.4152,11.9528],[9.4156,11.9577],[9.4096,11.9626],[9.4004,11.9599],[9.3947,11.9593],[9.3905,11.9574],[9.3885,11.9681],[9.3873,11.9702],[9.3871,11.9762],[9.3881,11.9802],[9.3859,11.9856],[9.3819,11.9872],[9.3824,11.994],[9.3752,11.9963],[9.3767,12.0005],[9.3768,12.0049],[9.372,12.0095],[9.372,12.0108],[9.3758,12.016],[9.3791,12.0161],[9.3763,12.021],[9.3745,12.0277],[9.368,12.026],[9.3601,12.028],[9.3574,12.0298]]]},"properties":{"name":"ABAYA","state":"17","code":"17/06/01"}},{"type":"Feature","geometry":{"type":"Polygon","coordinates":[[[9.338,12.0299],[9.3369,12.0352],[9.332,12.0353],[9.3282,12.0435],[9.3261,12.0502],[9.323,12.053],[9.3208,12.0525],[9.3167,12.0489],[9.3122,12.0489],[9.3086,12.0467],[9.303,12.0464],[9.2987,12.044],[9.2963,12.0412],[9.2917,12.0384],[9.2894,12.0391],[9.2826,12.0355],[9.2798,12.0311],[9.2791,12.0239],[9.278,12.0221],[9.272,12.0198],[9.2664,12.0134],[9.2643,12.0084],[9.2585,12.004],[9.2519,12.0031],[9.253,11.9976],[9.2497,11.9969],[9.2507,11.9931],[9.2486,11.9903],[9.2436,11.9864],[9.2434,11.9844],[9.2375,11.9811],[9.2329,11.9855],[9.2288,11.9859],[9.2279,11.9841],[9.2289,11.979],[9.2309,11.9734],[9.2303,11.9699],[9.2319,11.9662],[9.2427,11.9645],[9.2448,11.9537],[9.25,11.9508],[9.2546,11.96],[9.2567,11.962],[9.261,11.9624],[9.2661,11.9654],[9.2727,11.9658],[9.2761,11.969],[9.2795,11.965],[9.2811,11.9579],[9.2804,11.952],[9.2847,11.9488],[9.2864,11.9447],[9.2862,11.9375],[9.2876,11.9322],[9.2867,11.9259],[9.2882,11.921],[9.2926,11.9244],[9.2945,11.9243],[9.2976,11.9309],[9.3,11.9315],[9.3027,11.9345],[9.3091,11.9368],[9.3126,11.9421],[9.3202,11.9393],[9.3252,11.9352],[9.3278,11.9308],[9.3292,11.9334],[9.328,11.936],[9.3272,11.9414],[9.3283,11.9532],[9.3301,11.9575],[9.3292,11.9645],[9.3343,11.9662],[9.343,11.972],[9.3469,11.9739],[9.3444,11.9777],[9.3417,11.9844],[9.3461,11.9887],[9.344,11.9941],[9.3429,12.0011],[9.3439,12.0068],[9.3418,12.0123],[9.3417,12.0151],[9.3389,12.0191],[9.338,12.0299]]]},"properties":{"name":"CHAMO","state":"17","code":"17/06/02"}},{"type":"Feature","geometry":{"type":"Polygon","coordinates":[[[9.2448,11.8309],[9.2425,11.8383],[9.2369,11.8408],[9.2351,11.8394],[9.2298,11.8408],[9.2305,11.8476],[9.226,11.85],[9.2261,11.8523],[9.2286,11.8548],[9.2267,11.86],[9.2229,11.8627],[9.2201,11.8623],[9.2229,11.8711],[9.2191,11.8748],[9.2156,11.8756],[9.2134,11.8692],[9.21,11.8658],[9.206,11.8634],[9.1983,11.8612],[9.1957,11.8484],[9.1902,11.8376],[9.1845,11.8335],[9.174,11.8292],[9.1549,11.8295],[9.1513,11.8291],[9.1458,11.8272],[9.1439,11.8266],[9.1423,11.8185],[9.1389,11.7937],[9.1416,11.7867],[9.1427,11.7728],[9.1477,11.7662],[9.1505,11.7677],[9.1529,11.7661],[9.1601,11.7663],[9.1635,11.7627],[9.1728,11.767],[9.1822,11.7654],[9.1835,11.7662],[9.1857,11.7743],[9.1948,11.7748],[9.2006,11.7795],[9.2086,11.7842],[9.213,11.7853],[9.2254,11.7852],[9.228,11.7905],[9.2306,11.792],[9.2346,11.7983],[9.234,11.8048],[9.236,11.8072],[9.2395,11.8081],[9.2414,11.8147],[9.2415,11.8206],[9.2442,11.8212],[9.2442,11.8286],[9.2448,11.8309]]]},"properties":{"name":"DUNDUBUS","state":"17","code":"17/06/03"}},{"type":"Feature","geometry":{"type":"Polygon","coordinates":[[[9.2945,11.9243],[9.2926,11.9244],[9.2882,11.921],[9.2867,11.9259],[9.2876,11.9322],[9.2862,11.9375],[9.2864,11.9447],[9.2847,11.9488],[9.2804,11.952],[9.2811,11.9579],[9.2795,11.965],[9.2761,11.969],[9.2727,11.9658],[9.2661,11.9654],[9.261,11.9624],[9.2567,11.962],[9.2546,11.96],[9.25,11.9508],[9.2448,11.9537],[9.2427,11.9645],[9.2319,11.9662],[9.2303,11.9699],[9.2309,11.9734],[9.2289,11.979],[9.2279,11.9841],[9.2216,11.9835],[9.2191,11.9826],[9.2193,11.9793],[9.2139,11.979],[9.2137,11.9788],[9.2109,11.9756],[9.2092,11.972],[9.2052,11.968],[9.201,11.9619],[9.207,11.9565],[9.2075,11.9388],[9.207,11.9242],[9.2027,11.9108],[9.2021,11.9047],[9.2266,11.9088],[9.2292,11.9011],[9.23,11.8947],[9.2222,11.891],[9.2202,11.888],[9.2124,11.879],[9.2156,11.8756],[9.2191,11.8748],[9.2229,11.8711],[9.2201,11.8623],[9.2229,11.8627],[9.2267,11.86],[9.2286,11.8548],[9.2261,11.8523],[9.226,11.85],[9.2305,11.8476],[9.2298,11.8408],[9.2351,11.8394],[9.2369,11.8408],[9.2425,11.8383],[9.2448,11.8309],[9.2497,11.8323],[9.2532,11.8342],[9.2615,11.8311],[9.268,11.8262],[9.2722,11.8276],[9.2772,11.8224],[9.2778,11.8204],[9.2864,11.8213],[9.2864,11.8267],[9.2882,11.8338],[9.2902,11.8345],[9.293,11.8421],[9.2981,11.8448],[9.3002,11.8451],[9.3029,11.8409],[9.3017,11.8326],[9.3063,11.8312],[9.3133,11.8349],[9.3125,11.8432],[9.3148,11.8475],[9.3203,11.8455],[9.325,11.8479],[9.3284,11.8394],[9.3348,11.8388],[9.3397,11.8416],[9.3404,11.8466],[9.3528,11.8448],[9.3558,11.8479],[9.3614,11.8508],[9.3615,11.8554],[9.3602,11.8585],[9.355,11.8645],[9.3527,11.8717],[9.3488,11.873],[9.3465,11.8768],[9.3449,11.8865],[9.3486,11.891],[9.3455,11.8972],[9.343,11.8973],[9.3381,11.89],[9.3319,11.8882],[9.3286,11.891],[9.3268,11.8986],[9.3289,11.9017],[9.3261,11.9085],[9.3207,11.913],[9.3166,11.9198],[9.3132,11.9191],[9.3042,11.9222],[9.2992,11.9219],[9.2945,11.9243]]]},"properties":{"name":"DURU","state":"17","code":"17/06/04"}},{"type":"Feature","geometry":{"type":"Polygon","coordinates":[[[9.3085,11.7229],[9.3025,11.7242],[9.292,11.732],[9.2912,11.7345],[9.2899,11.7292],[9.2913,11.7232],[9.2895,11.7169],[9.2903,11.7106],[9.2918,11.7054],[9.2923,11.7008],[9.2961,11.6964],[9.2947,11.6905],[9.2871,11.6904],[9.2833,11.6858],[9.2795,11.6861],[9.2758,11.6875],[9.2716,11.6861],[9.2746,11.6818],[9.2743,11.6758],[9.272,11.6734],[9.2664,11.6729],[9.2633,11.6707],[9.2601,11.6664],[9.2582,11.6617],[9.2557,11.6611],[9.2503,11.6617],[9.2466,11.6652],[9.2435,11.67],[9.2451,11.6758],[9.2446,11.6785],[9.2339,11.6797],[9.2327,11.6757],[9.2352,11.6726],[9.2338,11.6647],[9.2335,11.6631],[9.2376,11.6619],[9.2412,11.6571],[9.2414,11.6454],[9.2545,11.6427],[9.2739,11.644],[9.2777,11.6388],[9.2813,11.6384],[9.2838,11.6437],[9.2958,11.6432],[9.298,11.6457],[9.3071,11.6461],[9.3088,11.6484],[9.316,11.6519],[9.3205,11.6472],[9.3265,11.6442],[9.3317,11.6442],[9.3342,11.6426],[9.3373,11.6465],[9.3337,11.653],[9.3292,11.6577],[9.333,11.6714],[9.3298,11.6743],[9.3291,11.6764],[9.3335,11.6814],[9.3335,11.6838],[9.3394,11.6849],[9.3383,11.6916],[9.3399,11.6963],[9.3456,11.7031],[9.3448,11.7101],[9.3411,11.7099],[9.3357,11.7133],[9.3355,11.7179],[9.3255,11.7203],[9.323,11.7216],[9.3116,11.7231],[9.3085,11.7229]]]},"properties":{"name":"JIGAWAR TSADA","state":"17","code":"17/06/05"}},{"type":"Feature","geometry":{"type":"Polygon","coordinates":[[[9.3394,11.6849],[9.3404,11.679],[9.3469,11.6786],[9.3478,11.6772],[9.3533,11.6765],[9.3571,11.6786],[9.3591,11.6828],[9.3659,11.6834],[9.3645,11.6966],[9.3659,11.6965],[9.3702,11.6999],[9.3747,11.7],[9.3744,11.7077],[9.3777,11.7115],[9.3761,11.7164],[9.3828,11.7199],[9.3885,11.7199],[9.3934,11.7206],[9.3931,11.726],[9.391,11.7296],[9.3852,11.7306],[9.3833,11.7332],[9.3797,11.7348],[9.3746,11.7387],[9.3739,11.7417],[9.3698,11.742],[9.3665,11.7453],[9.3572,11.743],[9.3575,11.7394],[9.36,11.7379],[9.3605,11.7305],[9.3547,11.7331],[9.3513,11.7299],[9.3495,11.7328],[9.3453,11.7327],[9.3419,11.7347],[9.3406,11.7399],[9.3362,11.7428],[9.3334,11.7465],[9.3237,11.7415],[9.3166,11.7404],[9.3149,11.7356],[9.3115,11.7299],[9.3085,11.7229],[9.3116,11.7231],[9.323,11.7216],[9.3255,11.7203],[9.3355,11.7179],[9.3357,11.7133],[9.3411,11.7099],[9.3448,11.7101],[9.3456,11.7031],[9.3399,11.6963],[9.3383,11.6916],[9.3394,11.6849]]]},"properties":{"name":"KACHI","state":"17","code":"17/06/06"}},{"type":"Feature","geometry":{"type":"Polygon","coordinates":[[[9.3486,11.891],[9.3449,11.8865],[9.3465,11.8768],[9.3488,11.873],[9.3527,11.8717],[9.355,11.8645],[9.3602,11.8585],[9.3615,11.8554],[9.3614,11.8508],[9.3558,11.8479],[9.3528,11.8448],[9.3404,11.8466],[9.3397,11.8416],[9.3348,11.8388],[9.3284,11.8394],[9.325,11.8479],[9.3203,11.8455],[9.3148,11.8475],[9.3125,11.8432],[9.3133,11.8349],[9.3063,11.8312],[9.3017,11.8326],[9.3029,11.8409],[9.3002,11.8451],[9.2981,11.8448],[9.293,11.8421],[9.2902,11.8345],[9.2882,11.8338],[9.2864,11.8267],[9.2864,11.8213],[9.2778,11.8204],[9.2772,11.8224],[9.2722,11.8276],[9.268,11.8262],[9.2615,11.8311],[9.2532,11.8342],[9.2497,11.8323],[9.2448,11.8309],[9.2442,11.8286],[9.2442,11.8212],[9.2415,11.8206],[9.2414,11.8147],[9.2395,11.8081],[9.236,11.8072],[9.234,11.8048],[9.2346,11.7983],[9.2467,11.7929],[9.2488,11.7911],[9.2541,11.7902],[9.254,11.7823],[9.2561,11.7766],[9.2613,11.7764],[9.2682,11.775],[9.2703,11.7737],[9.2754,11.7785],[9.2772,11.7777],[9.2845,11.7797],[9.2868,11.7769],[9.2851,11.7691],[9.2901,11.7658],[9.2925,11.7605],[9.2947,11.7583],[9.3012,11.7598],[9.3073,11.7598],[9.311,11.765],[9.3167,11.7676],[9.3189,11.7676],[9.3265,11.7717],[9.3277,11.7775],[9.3297,11.7783],[9.3353,11.7765],[9.3404,11.776],[9.3413,11.777],[9.3505,11.7782],[9.3578,11.7724],[9.3605,11.7715],[9.3626,11.7728],[9.3694,11.7723],[9.3703,11.7736],[9.371,11.7806],[9.3694,11.7834],[9.3633,11.7876],[9.364,11.7951],[9.367,11.8027],[9.3709,11.8031],[9.3747,11.8057],[9.3744,11.8106],[9.376,11.8134],[9.3806,11.8177],[9.3792,11.8252],[9.3804,11.8329],[9.385,11.8371],[9.3959,11.8392],[9.3989,11.8386],[9.4052,11.8397],[9.407,11.8393],[9.4106,11.8421],[9.4086,11.8495],[9.4038,11.8611],[9.4041,11.8651],[9.4005,11.8671],[9.3978,11.8754],[9.3947,11.88],[9.393,11.8808],[9.3938,11.8868],[9.3917,11.8903],[9.3865,11.8943],[9.3839,11.8982],[9.3776,11.8974],[9.3725,11.9024],[9.365,11.8982],[9.3627,11.898],[9.3631,11.8945],[9.3618,11.8891],[9.3588,11.8881],[9.3535,11.8881],[9.3486,11.891]]]},"properties":{"name":"KARNAYA","state":"17","code":"17/06/07"}},{"type":"Feature","geometry":{"type":"Polygon","coordinates":[[[9.3799,11.5778],[9.3802,11.5809],[9.3781,11.5844],[9.3703,11.5813],[9.3658,11.5851],[9.361,11.5877],[9.3603,11.5894],[9.3533,11.5963],[9.3532,11.6037],[9.3521,11.6071],[9.3447,11.6163],[9.3494,11.6209],[9.3591,11.6232],[9.3595,11.625],[9.366,11.6303],[9.3687,11.6312],[9.367,11.6368],[9.3693,11.6377],[9.3725,11.6354],[9.3777,11.634],[9.3804,11.635],[9.3847,11.6341],[9.3835,11.6405],[9.3846,11.6491],[9.3843,11.6528],[9.3795,11.6556],[9.376,11.6557],[9.3721,11.6526],[9.3668,11.6566],[9.3645,11.6593],[9.3612,11.6584],[9.3594,11.6559],[9.3556,11.6561],[9.3525,11.66],[9.3503,11.6601],[9.3478,11.6568],[9.3474,11.6527],[9.3446,11.6517],[9.3433,11.6477],[9.3373,11.6465],[9.3342,11.6426],[9.3317,11.6442],[9.3265,11.6442],[9.3205,11.6472],[9.316,11.6519],[9.3088,11.6484],[9.3071,11.6461],[9.298,11.6457],[9.2958,11.6432],[9.2838,11.6437],[9.2813,11.6384],[9.2777,11.6388],[9.2688,11.6317],[9.2678,11.6303],[9.2691,11.6271],[9.2796,11.6161],[9.2819,11.6131],[9.29,11.6068],[9.297,11.6002],[9.3117,11.5888],[9.319,11.5806],[9.3257,11.5778],[9.3301,11.5755],[9.3399,11.5732],[9.3481,11.5735],[9.3537,11.5725],[9.3548,11.5694],[9.3603,11.5608],[9.3751,11.5621],[9.3761,11.5693],[9.3747,11.5759],[9.3799,11.5778]]]},"properties":{"name":"KUDAI","state":"17","code":"17/06/08"}},{"type":"Feature","geometry":{"type":"Polygon","coordinates":[[[9.3085,11.7229],[9.3115,11.7299],[9.3149,11.7356],[9.3166,11.7404],[9.3237,11.7415],[9.3334,11.7465],[9.3362,11.7428],[9.3406,11.7399],[9.3419,11.7347],[9.3453,11.7327],[9.3495,11.7328],[9.3513,11.7299],[9.3547,11.7331],[9.3605,11.7305],[9.36,11.7379],[9.3575,11.7394],[9.3572,11.743],[9.3665,11.7453],[9.3698,11.742],[9.3739,11.7417],[9.3746,11.7387],[9.3797,11.7348],[9.3833,11.7332],[9.3852,11.7306],[9.391,11.7296],[9.3931,11.726],[9.3957,11.728],[9.3976,11.7326],[9.4035,11.7378],[9.4019,11.7437],[9.3994,11.7453],[9.3964,11.7552],[9.3937,11.7587],[9.3908,11.7579],[9.3884,11.7646],[9.3806,11.7638],[9.3783,11.7644],[9.3705,11.77],[9.3694,11.7723],[9.3626,11.7728],[9.3605,11.7715],[9.3578,11.7724],[9.3505,11.7782],[9.3413,11.777],[9.3404,11.776],[9.3353,11.7765],[9.3297,11.7783],[9.3277,11.7775],[9.3265,11.7717],[9.3189,11.7676],[9.3167,11.7676],[9.311,11.765],[9.3073,11.7598],[9.3012,11.7598],[9.2947,11.7583],[9.2925,11.7605],[9.2901,11.7658],[9.2851,11.7691],[9.2868,11.7769],[9.2845,11.7797],[9.2772,11.7777],[9.2754,11.7785],[9.2703,11.7737],[9.2682,11.775],[9.2613,11.7764],[9.2561,11.7766],[9.255,11.7728],[9.2625,11.7678],[9.2677,11.7654],[9.2698,11.7521],[9.2815,11.7486],[9.2854,11.742],[9.291,11.7366],[9.2912,11.7345],[9.292,11.732],[9.3025,11.7242],[9.3085,11.7229]]]},"properties":{"name":"LIMAWA","state":"17","code":"17/06/09"}},{"type":"Feature","geometry":{"type":"Polygon","coordinates":[[[9.4664,11.5923],[9.4694,11.5943],[9.4758,11.5942],[9.4817,11.6043],[9.4836,11.61],[9.4851,11.6193],[9.486,11.6219],[9.4817,11.6133],[9.4783,11.6141],[9.4776,11.6176],[9.4758,11.6197],[9.4719,11.6206],[9.4699,11.6228],[9.4647,11.6224],[9.4619,11.6277],[9.462,11.6303],[9.4568,11.6353],[9.455,11.6421],[9.4556,11.645],[9.4578,11.6474],[9.4576,11.6536],[9.4562,11.6579],[9.45,11.6586],[9.4451,11.6611],[9.4399,11.6661],[9.4429,11.671],[9.4412,11.6767],[9.4393,11.6763],[9.4332,11.6781],[9.4301,11.6772],[9.4257,11.6774],[9.4228,11.6762],[9.4223,11.6806],[9.4238,11.6862],[9.4267,11.69],[9.4232,11.6969],[9.4257,11.7049],[9.4236,11.7058],[9.4176,11.7041],[9.4147,11.7096],[9.4172,11.7114],[9.4156,11.7162],[9.4122,11.7202],[9.409,11.7207],[9.4014,11.7191],[9.3934,11.7206],[9.3885,11.7199],[9.3828,11.7199],[9.3761,11.7164],[9.3777,11.7115],[9.3744,11.7077],[9.3747,11.7],[9.3702,11.6999],[9.3659,11.6965],[9.3645,11.6966],[9.3659,11.6834],[9.3591,11.6828],[9.3571,11.6786],[9.3533,11.6765],[9.3478,11.6772],[9.3469,11.6786],[9.3404,11.679],[9.3394,11.6849],[9.3335,11.6838],[9.3335,11.6814],[9.3291,11.6764],[9.3298,11.6743],[9.333,11.6714],[9.3292,11.6577],[9.3337,11.653],[9.3373,11.6465],[9.3433,11.6477],[9.3446,11.6517],[9.3474,11.6527],[9.3478,11.6568],[9.3503,11.6601],[9.3525,11.66],[9.3556,11.6561],[9.3594,11.6559],[9.3612,11.6584],[9.3645,11.6593],[9.3668,11.6566],[9.3721,11.6526],[9.376,11.6557],[9.3795,11.6556],[9.3843,11.6528],[9.3846,11.6491],[9.3835,11.6405],[9.3847,11.6341],[9.3804,11.635],[9.3777,11.634],[9.3725,11.6354],[9.3693,11.6377],[9.367,11.6368],[9.3687,11.6312],[9.366,11.6303],[9.3595,11.625],[9.3591,11.6232],[9.3494,11.6209],[9.3447,11.6163],[9.3521,11.6071],[9.3532,11.6037],[9.3533,11.5963],[9.3603,11.5894],[9.361,11.5877],[9.3658,11.5851],[9.3703,11.5813],[9.3781,11.5844],[9.3802,11.5809],[9.3799,11.5778],[9.3871,11.5795],[9.3928,11.5835],[9.3981,11.5826],[9.4047,11.5838],[9.4069,11.5808],[9.4091,11.5857],[9.4129,11.5844],[9.4134,11.5888],[9.4109,11.5924],[9.4139,11.5961],[9.4157,11.593],[9.4192,11.5902],[9.4253,11.5938],[9.4339,11.5924],[9.4452,11.5944],[9.4502,11.5924],[9.4591,11.593],[9.461,11.594],[9.4664,11.5923]]]},"properties":{"name":"MADOBI","state":"17","code":"17/06/10"}},{"type":"Feature","geometry":{"type":"Polygon","coordinates":[[[9.1477,11.7662],[9.1482,11.7655],[9.1415,11.7594],[9.1529,11.7494],[9.1572,11.7415],[9.1574,11.7192],[9.1657,11.7066],[9.1712,11.7026],[9.1768,11.7041],[9.1826,11.7073],[9.1818,11.71],[9.1873,11.7119],[9.1921,11.7172],[9.193,11.7206],[9.2025,11.7305],[9.2258,11.7357],[9.2464,11.7024],[9.2489,11.6967],[9.2486,11.6902],[9.2437,11.6897],[9.2461,11.6861],[9.2436,11.683],[9.2446,11.6785],[9.2451,11.6758],[9.2435,11.67],[9.2466,11.6652],[9.2503,11.6617],[9.2557,11.6611],[9.2582,11.6617],[9.2601,11.6664],[9.2633,11.6707],[9.2664,11.6729],[9.272,11.6734],[9.2743,11.6758],[9.2746,11.6818],[9.2716,11.6861],[9.2758,11.6875],[9.2795,11.6861],[9.2833,11.6858],[9.2871,11.6904],[9.2947,11.6905],[9.2961,11.6964],[9.2923,11.7008],[9.2918,11.7054],[9.2903,11.7106],[9.2895,11.7169],[9.2913,11.7232],[9.2899,11.7292],[9.2912,11.7345],[9.291,11.7366],[9.2854,11.742],[9.2815,11.7486],[9.2698,11.7521],[9.2677,11.7654],[9.2625,11.7678],[9.255,11.7728],[9.2561,11.7766],[9.254,11.7823],[9.2541,11.7902],[9.2488,11.7911],[9.2467,11.7929],[9.2346,11.7983],[9.2306,11.792],[9.228,11.7905],[9.2254,11.7852],[9.213,11.7853],[9.2086,11.7842],[9.2006,11.7795],[9.1948,11.7748],[9.1857,11.7743],[9.1835,11.7662],[9.1822,11.7654],[9.1728,11.767],[9.1635,11.7627],[9.1601,11.7663],[9.1529,11.7661],[9.1505,11.7677],[9.1477,11.7662]]]},"properties":{"name":"SAKWAYA","state":"17","code":"17/06/11"}},{"type":"Feature","geometry":{"type":"Polygon","coordinates":[[[9.3427,12.4245],[9.3396,12.4274],[9.3342,12.4304],[9.3327,12.4326],[9.3287,12.4304],[9.3274,12.4272],[9.3239,12.4251],[9.3162,12.422],[9.3132,12.4244],[9.3092,12.431],[9.3043,12.4308],[9.3005,12.4295],[9.2926,12.4304],[9.2913,12.4273],[9.2868,12.4219],[9.2852,12.4175],[9.2809,12.4158],[9.2782,12.4194],[9.2752,12.4205],[9.2706,12.4259],[9.264,12.4284],[9.2613,12.4222],[9.2545,12.4135],[9.2539,12.4098],[9.2486,12.4084],[9.247,12.406],[9.2387,12.4061],[9.2361,12.4048],[9.2314,12.4044],[9.2236,12.4052],[9.2159,12.4039],[9.214,12.4026],[9.2112,12.3975],[9.2082,12.3941],[9.2057,12.3931],[9.2067,12.3886],[9.2081,12.3867],[9.2058,12.3795],[9.2115,12.3742],[9.2151,12.3673],[9.219,12.368],[9.2222,12.371],[9.2317,12.3713],[9.2387,12.3626],[9.2421,12.3611],[9.2422,12.3582],[9.2454,12.3586],[9.2512,12.3575],[9.2551,12.3549],[9.2597,12.3457],[9.2628,12.3449],[9.2655,12.3484],[9.2673,12.3577],[9.2715,12.3574],[9.2818,12.3596],[9.2841,12.3619],[9.2867,12.367],[9.2947,12.364],[9.299,12.3657],[9.3063,12.3657],[9.3103,12.3646],[9.3118,12.3672],[9.3161,12.3707],[9.323,12.3723],[9.3264,12.3755],[9.327,12.3771],[9.332,12.3814],[9.3284,12.3893],[9.3279,12.3949],[9.3267,12.3978],[9.3288,12.4045],[9.3312,12.4099],[9.3296,12.4128],[9.3315,12.4148],[9.3335,12.4193],[9.3371,12.4205],[9.3427,12.4245]]]},"properties":{"name":"BUDURU","state":"17","code":"17/07/01"}},{"type":"Feature","geometry":{"type":"Polygon","coordinates":[[[9.1048,12.4242],[9.1005,12.4206],[9.0954,12.4179],[9.0938,12.416],[9.0938,12.4117],[9.0891,12.4054],[9.0864,12.4032],[9.074,12.4036],[9.0716,12.4048],[9.0698,12.4115],[9.0681,12.4144],[9.0677,12.4211],[9.0695,12.4252],[9.0702,12.4323],[9.0672,12.4391],[9.0673,12.4421],[9.0616,12.4397],[9.0573,12.4372],[9.05,12.4381],[9.0452,12.4352],[9.0422,12.432],[9.0386,12.4341],[9.0363,12.4337],[9.0313,12.4359],[9.0285,12.4334],[9.0233,12.4307],[9.0229,12.4272],[9.0184,12.4237],[9.0084,12.4169],[9.0048,12.4128],[9.0008,12.4108],[8.9982,12.4068],[8.9958,12.401],[8.9953,12.3932],[8.9923,12.3874],[8.9899,12.3866],[8.9855,12.3833],[8.9839,12.3783],[8.9813,12.3773],[8.9764,12.3714],[8.9738,12.3667],[8.9706,12.3646],[8.9773,12.3619],[8.981,12.3586],[8.9803,12.3563],[8.9858,12.3511],[8.991,12.3541],[8.9908,12.3581],[8.9924,12.3637],[8.9945,12.365],[9.003,12.3615],[9.0051,12.3593],[9.0084,12.3586],[9.0168,12.3517],[9.0221,12.3498],[9.0269,12.3526],[9.03,12.3572],[9.0344,12.3616],[9.0389,12.3602],[9.0408,12.3565],[9.0467,12.3522],[9.0456,12.3482],[9.0462,12.343],[9.0492,12.3383],[9.0483,12.3366],[9.055,12.3284],[9.056,12.3259],[9.0613,12.3257],[9.0677,12.3241],[9.0728,12.3259],[9.078,12.3269],[9.0831,12.3226],[9.0862,12.3252],[9.0923,12.3252],[9.0945,12.3201],[9.0967,12.3194],[9.098,12.3131],[9.1001,12.3101],[9.104,12.308],[9.1104,12.3079],[9.1083,12.3195],[9.1095,12.3245],[9.1124,12.3297],[9.1153,12.3291],[9.1188,12.3303],[9.1244,12.3301],[9.1261,12.3318],[9.1321,12.3318],[9.1364,12.3333],[9.1391,12.3328],[9.1446,12.3352],[9.1488,12.3341],[9.151,12.3352],[9.1546,12.3343],[9.1611,12.3365],[9.1646,12.339],[9.179,12.3415],[9.1846,12.3425],[9.1856,12.3467],[9.1889,12.3494],[9.1926,12.3478],[9.1957,12.3501],[9.198,12.3502],[9.2038,12.3529],[9.2058,12.3581],[9.2068,12.3658],[9.2022,12.3647],[9.1964,12.3644],[9.1936,12.3628],[9.1888,12.363],[9.1879,12.3641],[9.1884,12.3692],[9.1829,12.3769],[9.1808,12.3789],[9.1749,12.3804],[9.1759,12.3836],[9.1769,12.3965],[9.1762,12.4025],[9.1641,12.4057],[9.1581,12.4061],[9.1537,12.4077],[9.1492,12.4114],[9.145,12.4126],[9.1437,12.4111],[9.1366,12.4077],[9.1349,12.4094],[9.1316,12.4098],[9.1263,12.4152],[9.1244,12.4157],[9.1171,12.4218],[9.107,12.4226],[9.1048,12.4242]]]},"properties":{"name":"DOKO","state":"17","code":"17/07/02"}},{"type":"Feature","geometry":{"type":"Polygon","coordinates":[[[9.264,12.4284],[9.2617,12.4307],[9.2566,12.4334],[9.2521,12.4369],[9.2509,12.4424],[9.2526,12.4462],[9.252,12.45],[9.248,12.4542],[9.2469,12.4589],[9.2432,12.4654],[9.2356,12.4649],[9.226,12.4611],[9.2255,12.4554],[9.2222,12.45],[9.2197,12.4507],[9.2135,12.4505],[9.2084,12.4489],[9.2026,12.4504],[9.2002,12.4524],[9.2008,12.4603],[9.2002,12.463],[9.1977,12.464],[9.1952,12.4709],[9.1885,12.471],[9.1819,12.4666],[9.1757,12.459],[9.1739,12.4596],[9.1723,12.4557],[9.1706,12.4558],[9.1646,12.4522],[9.1633,12.4483],[9.1561,12.4521],[9.1529,12.4549],[9.1446,12.467],[9.142,12.4653],[9.1372,12.4588],[9.1332,12.4552],[9.1317,12.4484],[9.126,12.4436],[9.1254,12.4413],[9.1166,12.4439],[9.1081,12.4447],[9.1065,12.438],[9.1019,12.4351],[9.1044,12.4312],[9.1033,12.4299],[9.1048,12.4242],[9.107,12.4226],[9.1171,12.4218],[9.1244,12.4157],[9.1263,12.4152],[9.1316,12.4098],[9.1349,12.4094],[9.1366,12.4077],[9.1437,12.4111],[9.145,12.4126],[9.1492,12.4114],[9.1537,12.4077],[9.1581,12.4061],[9.1641,12.4057],[9.1762,12.4025],[9.1769,12.3965],[9.1759,12.3836],[9.1749,12.3804],[9.1808,12.3789],[9.1829,12.3769],[9.1884,12.3692],[9.1879,12.3641],[9.1888,12.363],[9.1936,12.3628],[9.1964,12.3644],[9.2022,12.3647],[9.2068,12.3658],[9.2105,12.3658],[9.2151,12.3673],[9.2115,12.3742],[9.2058,12.3795],[9.2081,12.3867],[9.2067,12.3886],[9.2057,12.3931],[9.2082,12.3941],[9.2112,12.3975],[9.214,12.4026],[9.2159,12.4039],[9.2236,12.4052],[9.2314,12.4044],[9.2361,12.4048],[9.2387,12.4061],[9.247,12.406],[9.2486,12.4084],[9.2539,12.4098],[9.2545,12.4135],[9.2613,12.4222],[9.264,12.4284]]]},"properties":{"name":"GARKI","state":"17","code":"17/07/03"}},{"type":"Feature","geometry":{"type":"Polygon","coordinates":[[[8.7921,12.3855],[8.7951,12.3823],[8.7911,12.3774],[8.7865,12.3705],[8.783,12.3662],[8.78,12.3412],[8.7556,12.344],[8.7492,12.3352],[8.7469,12.332],[8.7518,12.3286],[8.7402,12.3158],[8.734,12.3059],[8.7251,12.3055],[8.7238,12.2969],[8.7247,12.2948],[8.7583,12.2934],[8.7611,12.2877],[8.7737,12.2761],[8.7746,12.2754],[8.7879,12.2773],[8.816,12.302],[8.8251,12.3024],[8.8396,12.3082],[8.846,12.3074],[8.8453,12.3113],[8.8469,12.3128],[8.845,12.3191],[8.8477,12.3227],[8.8496,12.3223],[8.8543,12.3253],[8.8569,12.3327],[8.8596,12.3352],[8.8521,12.3398],[8.8517,12.3443],[8.8557,12.351],[8.8616,12.3514],[8.8665,12.3538],[8.8717,12.3527],[8.8755,12.3552],[8.8758,12.3655],[8.8661,12.3696],[8.8645,12.3709],[8.8665,12.3775],[8.8727,12.3843],[8.8752,12.3878],[8.8741,12.3896],[8.878,12.3979],[8.8859,12.3959],[8.8894,12.3908],[8.8903,12.3871],[8.8958,12.3891],[8.8941,12.3934],[8.8952,12.3956],[8.8942,12.3999],[8.902,12.4044],[8.9071,12.4055],[8.9066,12.4143],[8.9019,12.4132],[8.8971,12.414],[8.8931,12.4129],[8.8875,12.4158],[8.8815,12.418],[8.882,12.427],[8.8796,12.4331],[8.8802,12.4365],[8.8771,12.4423],[8.8579,12.4351],[8.853,12.4338],[8.8568,12.4267],[8.8528,12.4258],[8.8506,12.423],[8.8479,12.4215],[8.8451,12.4177],[8.8418,12.4158],[8.8372,12.4097],[8.8349,12.4041],[8.8314,12.4065],[8.8294,12.4054],[8.8259,12.4077],[8.817,12.4085],[8.8109,12.4048],[8.8084,12.4045],[8.8038,12.3993],[8.8025,12.3948],[8.7986,12.3923],[8.7921,12.3855]]]},"properties":{"name":"GWARZON GARKI","state":"17","code":"17/07/04"}},{"type":"Feature","geometry":{"type":"MultiPolygon","coordinates":[[[[8.846,12.3074],[8.8774,12.3033],[8.885,12.3058],[8.8916,12.3048],[8.896,12.307],[8.9001,12.3066],[8.9066,12.3098],[8.9088,12.308],[8.9134,12.3115],[8.9174,12.3108],[8.9206,12.314],[8.9173,12.3182],[8.9125,12.3225],[8.9076,12.3254],[8.9047,12.3285],[8.9029,12.3347],[8.9034,12.3387],[8.8992,12.3396],[8.8941,12.3433],[8.8948,12.3506],[8.8977,12.3587],[8.9018,12.3598],[8.9061,12.3723],[8.9054,12.3768],[8.9072,12.3805],[8.9052,12.382],[8.9015,12.3824],[8.8958,12.3891],[8.8903,12.3871],[8.8894,12.3908],[8.8859,12.3959],[8.878,12.3979],[8.8741,12.3896],[8.8752,12.3878],[8.8727,12.3843],[8.8665,12.3775],[8.8645,12.3709],[8.8661,12.3696],[8.8758,12.3655],[8.8755,12.3552],[8.8717,12.3527],[8.8665,12.3538],[8.8616,12.3514],[8.8557,12.351],[8.8517,12.3443],[8.8521,12.3398],[8.8596,12.3352],[8.8569,12.3327],[8.8543,12.3253],[8.8496,12.3223],[8.8477,12.3227],[8.845,12.3191],[8.8469,12.3128],[8.8453,12.3113],[8.846,12.3074]]],[[[8.9803,12.3563],[8.971,12.3491],[8.9646,12.3478],[8.9638,12.3459],[8.9604,12.3441],[8.9553,12.3382],[8.9543,12.3321],[8.9574,12.3267],[8.9526,12.3216],[8.9542,12.3188],[8.9592,12.3178],[8.9584,12.3142],[8.96,12.3125],[8.9685,12.312],[8.9894,12.3136],[8.9898,12.3164],[8.9926,12.3217],[8.9974,12.3236],[9.0021,12.3211],[9.0061,12.3217],[9.0223,12.3216],[9.0237,12.3227],[9.0339,12.3229],[9.0417,12.3227],[9.0465,12.3189],[9.0483,12.3149],[9.0517,12.3148],[9.056,12.3259],[9.055,12.3284],[9.0483,12.3366],[9.0492,12.3383],[9.0462,12.343],[9.0456,12.3482],[9.0467,12.3522],[9.0408,12.3565],[9.0389,12.3602],[9.0344,12.3616],[9.03,12.3572],[9.0269,12.3526],[9.0221,12.3498],[9.0168,12.3517],[9.0084,12.3586],[9.0051,12.3593],[9.003,12.3615],[8.9945,12.365],[8.9924,12.3637],[8.9908,12.3581],[8.991,12.3541],[8.9858,12.3511],[8.9803,12.3563]]]]},"properties":{"name":"JIRIMA","state":"17","code":"17/07/05"}},{"type":"Feature","geometry":{"type":"Polygon","coordinates":[[[8.9899,12.3866],[8.9847,12.392],[8.9837,12.3945],[8.9778,12.3999],[8.9719,12.4022],[8.9716,12.4055],[8.9728,12.4128],[8.9724,12.4172],[8.9741,12.4214],[8.9693,12.426],[8.9665,12.4252],[8.9595,12.4276],[8.9546,12.4287],[8.9528,12.431],[8.9492,12.4317],[8.9454,12.4307],[8.9427,12.4314],[8.9376,12.4308],[8.9352,12.4294],[8.9328,12.425],[8.9341,12.4208],[8.9321,12.418],[8.9315,12.4038],[8.9296,12.4014],[8.919,12.4023],[8.9139,12.3992],[8.9104,12.3985],[8.9098,12.4014],[8.9071,12.4055],[8.902,12.4044],[8.8942,12.3999],[8.8952,12.3956],[8.8941,12.3934],[8.8958,12.3891],[8.9015,12.3824],[8.9052,12.382],[8.9072,12.3805],[8.9054,12.3768],[8.9061,12.3723],[8.9018,12.3598],[8.8977,12.3587],[8.8948,12.3506],[8.8941,12.3433],[8.8992,12.3396],[8.9034,12.3387],[8.9029,12.3347],[8.9047,12.3285],[8.9076,12.3254],[8.9125,12.3225],[8.9173,12.3182],[8.9206,12.314],[8.9221,12.3168],[8.9277,12.314],[8.9292,12.3119],[8.9359,12.3135],[8.9397,12.3126],[8.9459,12.3175],[8.9551,12.3172],[8.9584,12.3142],[8.9592,12.3178],[8.9542,12.3188],[8.9526,12.3216],[8.9574,12.3267],[8.9543,12.3321],[8.9553,12.3382],[8.9604,12.3441],[8.9638,12.3459],[8.9646,12.3478],[8.971,12.3491],[8.9803,12.3563],[8.981,12.3586],[8.9773,12.3619],[8.9706,12.3646],[8.9738,12.3667],[8.9764,12.3714],[8.9813,12.3773],[8.9839,12.3783],[8.9855,12.3833],[8.9899,12.3866]]]},"properties":{"name":"KANYA","state":"17","code":"17/07/06"}},{"type":"Feature","geometry":{"type":"Polygon","coordinates":[[[8.9789,12.5687],[8.9834,12.5611],[8.9875,12.5574],[8.9869,12.5542],[8.9825,12.5481],[8.9777,12.5389],[8.9816,12.5362],[8.9855,12.5373],[8.993,12.5361],[8.9954,12.5346],[9.0086,12.5358],[9.0116,12.5322],[9.0096,12.5233],[9.0104,12.5193],[9.0098,12.5158],[9.0118,12.5129],[9.016,12.513],[9.022,12.5103],[9.0242,12.5111],[9.0298,12.5088],[9.0324,12.5094],[9.0356,12.5046],[9.0415,12.5026],[9.0455,12.4961],[9.0465,12.4895],[9.0494,12.4864],[9.0527,12.4846],[9.0548,12.4819],[9.0572,12.4819],[9.0655,12.4786],[9.0692,12.4799],[9.0711,12.4782],[9.073,12.4705],[9.0729,12.4641],[9.0765,12.464],[9.0862,12.4585],[9.093,12.4601],[9.0971,12.4569],[9.0993,12.4513],[9.1019,12.4482],[9.1049,12.4473],[9.1081,12.4447],[9.1166,12.4439],[9.1254,12.4413],[9.126,12.4436],[9.1317,12.4484],[9.1332,12.4552],[9.1372,12.4588],[9.142,12.4653],[9.1446,12.467],[9.1529,12.4549],[9.1561,12.4521],[9.1633,12.4483],[9.1646,12.4522],[9.1706,12.4558],[9.1723,12.4557],[9.1739,12.4596],[9.1757,12.459],[9.1819,12.4666],[9.1885,12.471],[9.1952,12.4709],[9.1977,12.464],[9.2002,12.463],[9.2008,12.4603],[9.2002,12.4524],[9.2026,12.4504],[9.2084,12.4489],[9.2135,12.4505],[9.2197,12.4507],[9.2222,12.45],[9.2255,12.4554],[9.226,12.4611],[9.2234,12.4664],[9.2214,12.4731],[9.2223,12.4765],[9.221,12.481],[9.2222,12.4836],[9.2219,12.487],[9.2148,12.4871],[9.2047,12.4892],[9.2003,12.4998],[9.1984,12.4997],[9.1889,12.4941],[9.184,12.4963],[9.1847,12.5022],[9.1901,12.5154],[9.1899,12.5175],[9.1846,12.5224],[9.1745,12.5249],[9.1715,12.5276],[9.1663,12.5247],[9.1604,12.525],[9.1562,12.5274],[9.152,12.5288],[9.15,12.5325],[9.1454,12.5351],[9.1399,12.5415],[9.1383,12.5419],[9.1356,12.5458],[9.1308,12.5393],[9.1208,12.532],[9.121,12.5293],[9.1163,12.5241],[9.105,12.5266],[9.0978,12.5252],[9.0934,12.5219],[9.0884,12.5208],[9.084,12.5259],[9.0789,12.5305],[9.0787,12.5337],[9.0741,12.5386],[9.0698,12.5504],[9.0702,12.5522],[9.0644,12.5654],[9.0566,12.5682],[9.0443,12.5682],[9.0373,12.5697],[9.0355,12.5716],[9.0291,12.5733],[9.0234,12.5734],[9.0232,12.5816],[9.0144,12.5871],[9.0102,12.5849],[9.0049,12.5918],[9.0026,12.59],[8.9997,12.5854],[8.9966,12.5832],[8.9895,12.5823],[8.9872,12.5809],[8.9866,12.5737],[8.9843,12.5709],[8.9797,12.5703],[8.9789,12.5687]]]},"properties":{"name":"KARGO","state":"17","code":"17/07/07"}},{"type":"Feature","geometry":{"type":"Polygon","coordinates":[[[9.3264,12.3755],[9.3283,12.3746],[9.3372,12.3679],[9.3394,12.3654],[9.3436,12.3657],[9.351,12.3681],[9.3543,12.362],[9.3605,12.3565],[9.3638,12.3562],[9.3704,12.3587],[9.3772,12.3562],[9.3788,12.3563],[9.379,12.3506],[9.3777,12.3485],[9.3787,12.3423],[9.3799,12.3384],[9.3827,12.3364],[9.3874,12.3357],[9.3974,12.3358],[9.3999,12.3391],[9.4027,12.3401],[9.407,12.337],[9.4103,12.3319],[9.4115,12.326],[9.4148,12.3225],[9.4192,12.3199],[9.4273,12.3231],[9.4293,12.3268],[9.4318,12.3286],[9.4335,12.3332],[9.4358,12.3321],[9.4428,12.3322],[9.4464,12.3301],[9.452,12.3339],[9.4585,12.3371],[9.4626,12.337],[9.4682,12.3409],[9.4704,12.349],[9.4788,12.3532],[9.4842,12.349],[9.4912,12.3466],[9.4943,12.3447],[9.4965,12.3466],[9.502,12.3448],[9.5076,12.3464],[9.5112,12.3486],[9.511,12.3529],[9.5183,12.3599],[9.5196,12.3679],[9.5165,12.3727],[9.5137,12.3745],[9.5116,12.3777],[9.5094,12.3786],[9.5021,12.3777],[9.4985,12.3748],[9.4924,12.3804],[9.49,12.3815],[9.4835,12.3804],[9.4804,12.3811],[9.4762,12.3788],[9.473,12.3794],[9.47,12.3785],[9.4654,12.3748],[9.4592,12.3754],[9.455,12.3765],[9.4508,12.375],[9.4437,12.3714],[9.4387,12.3697],[9.4337,12.3811],[9.4293,12.3828],[9.4196,12.3841],[9.4159,12.3866],[9.4127,12.3904],[9.4032,12.393],[9.402,12.3946],[9.4029,12.3997],[9.3973,12.4029],[9.3932,12.4043],[9.3905,12.4078],[9.3826,12.4146],[9.3782,12.4156],[9.3725,12.4214],[9.3669,12.421],[9.3635,12.4179],[9.359,12.4176],[9.356,12.4202],[9.3517,12.4225],[9.3465,12.4225],[9.3427,12.4245],[9.3371,12.4205],[9.3335,12.4193],[9.3315,12.4148],[9.3296,12.4128],[9.3312,12.4099],[9.3288,12.4045],[9.3267,12.3978],[9.3279,12.3949],[9.3284,12.3893],[9.332,12.3814],[9.327,12.3771],[9.3264,12.3755]]]},"properties":{"name":"KORE","state":"17","code":"17/07/08"}},{"type":"Feature","geometry":{"type":"Polygon","coordinates":[[[8.9236,12.5747],[8.928,12.5698],[8.9319,12.5632],[8.9334,12.5592],[8.9253,12.5457],[8.9141,12.527],[8.9096,12.5215],[8.8982,12.5111],[8.9032,12.5046],[8.9017,12.5016],[8.8966,12.4992],[8.8949,12.4945],[8.8952,12.492],[8.8914,12.4885],[8.887,12.4891],[8.8843,12.491],[8.8801,12.4917],[8.8709,12.477],[8.8762,12.4729],[8.875,12.4683],[8.8734,12.4666],[8.8624,12.463],[8.8686,12.4526],[8.8733,12.4469],[8.8757,12.447],[8.8771,12.4423],[8.8802,12.4365],[8.8796,12.4331],[8.882,12.427],[8.8815,12.418],[8.8875,12.4158],[8.8931,12.4129],[8.8971,12.414],[8.9019,12.4132],[8.9066,12.4143],[8.9071,12.4055],[8.9098,12.4014],[8.9104,12.3985],[8.9139,12.3992],[8.919,12.4023],[8.9296,12.4014],[8.9315,12.4038],[8.9321,12.418],[8.9341,12.4208],[8.9328,12.425],[8.9352,12.4294],[8.9343,12.433],[8.9354,12.4361],[8.9346,12.4397],[8.9394,12.444],[8.9426,12.4452],[8.9458,12.4483],[8.946,12.454],[8.9478,12.462],[8.9524,12.4703],[8.9602,12.4702],[8.9616,12.4686],[8.9703,12.4649],[8.975,12.4608],[8.9771,12.4628],[8.9791,12.4682],[8.9815,12.4699],[8.9832,12.473],[8.9865,12.4759],[8.983,12.4858],[8.9914,12.4942],[9.0018,12.4925],[9.0066,12.4937],[9.0073,12.4972],[9.0077,12.5057],[9.0073,12.5097],[9.0118,12.5129],[9.0098,12.5158],[9.0104,12.5193],[9.0096,12.5233],[9.0116,12.5322],[9.0086,12.5358],[8.9954,12.5346],[8.993,12.5361],[8.9855,12.5373],[8.9816,12.5362],[8.9777,12.5389],[8.9825,12.5481],[8.9869,12.5542],[8.9875,12.5574],[8.9834,12.5611],[8.9789,12.5687],[8.9758,12.5675],[8.9679,12.5679],[8.9633,12.5615],[8.9578,12.5638],[8.9519,12.5697],[8.9455,12.5727],[8.9386,12.5748],[8.9338,12.5772],[8.9304,12.5775],[8.9276,12.5745],[8.9236,12.5747]]]},"properties":{"name":"MUKU","state":"17","code":"17/07/09"}},{"type":"Feature","geometry":{"type":"Polygon","coordinates":[[[9.1048,12.4242],[9.1033,12.4299],[9.1044,12.4312],[9.1019,12.4351],[9.1065,12.438],[9.1081,12.4447],[9.1049,12.4473],[9.1019,12.4482],[9.0993,12.4513],[9.0971,12.4569],[9.093,12.4601],[9.0862,12.4585],[9.0765,12.464],[9.0729,12.4641],[9.073,12.4705],[9.0711,12.4782],[9.0692,12.4799],[9.0655,12.4786],[9.0572,12.4819],[9.0548,12.4819],[9.0527,12.4846],[9.0494,12.4864],[9.0465,12.4895],[9.0455,12.4961],[9.0415,12.5026],[9.0356,12.5046],[9.0324,12.5094],[9.0298,12.5088],[9.0242,12.5111],[9.022,12.5103],[9.016,12.513],[9.0118,12.5129],[9.0073,12.5097],[9.0077,12.5057],[9.0073,12.4972],[9.0066,12.4937],[9.0018,12.4925],[8.9914,12.4942],[8.983,12.4858],[8.9865,12.4759],[8.9832,12.473],[8.9815,12.4699],[8.9791,12.4682],[8.9771,12.4628],[8.975,12.4608],[8.9703,12.4649],[8.9616,12.4686],[8.9602,12.4702],[8.9524,12.4703],[8.9478,12.462],[8.946,12.454],[8.9458,12.4483],[8.9426,12.4452],[8.9394,12.444],[8.9346,12.4397],[8.9354,12.4361],[8.9343,12.433],[8.9352,12.4294],[8.9376,12.4308],[8.9427,12.4314],[8.9454,12.4307],[8.9492,12.4317],[8.9528,12.431],[8.9546,12.4287],[8.9595,12.4276],[8.9665,12.4252],[8.9693,12.426],[8.9741,12.4214],[8.9724,12.4172],[8.9728,12.4128],[8.9716,12.4055],[8.9719,12.4022],[8.9778,12.3999],[8.9837,12.3945],[8.9847,12.392],[8.9899,12.3866],[8.9923,12.3874],[8.9953,12.3932],[8.9958,12.401],[8.9982,12.4068],[9.0008,12.4108],[9.0048,12.4128],[9.0084,12.4169],[9.0184,12.4237],[9.0229,12.4272],[9.0233,12.4307],[9.0285,12.4334],[9.0313,12.4359],[9.0363,12.4337],[9.0386,12.4341],[9.0422,12.432],[9.0452,12.4352],[9.05,12.4381],[9.0573,12.4372],[9.0616,12.4397],[9.0673,12.4421],[9.0672,12.4391],[9.0702,12.4323],[9.0695,12.4252],[9.0677,12.4211],[9.0681,12.4144],[9.0698,12.4115],[9.0716,12.4048],[9.074,12.4036],[9.0864,12.4032],[9.0891,12.4054],[9.0938,12.4117],[9.0938,12.416],[9.0954,12.4179],[9.1005,12.4206],[9.1048,12.4242]]]},"properties":{"name":"RAFIN MARKE","state":"17","code":"17/07/10"}},{"type":"Feature","geometry":{"type":"Polygon","coordinates":[[[9.2151,12.3673],[9.2105,12.3658],[9.2068,12.3658],[9.2058,12.3581],[9.2038,12.3529],[9.198,12.3502],[9.1957,12.3501],[9.1926,12.3478],[9.1889,12.3494],[9.1856,12.3467],[9.1846,12.3425],[9.179,12.3415],[9.1831,12.3359],[9.1909,12.3315],[9.1958,12.3347],[9.2007,12.3346],[9.2044,12.3358],[9.2086,12.3407],[9.2135,12.3416],[9.2192,12.3343],[9.2201,12.332],[9.2187,12.3236],[9.221,12.3209],[9.2212,12.3162],[9.2223,12.3121],[9.2268,12.3102],[9.2294,12.3064],[9.2321,12.3041],[9.2333,12.3001],[9.2357,12.301],[9.2424,12.3011],[9.2509,12.3029],[9.2515,12.3045],[9.26,12.3097],[9.26,12.3163],[9.2636,12.3182],[9.2675,12.3162],[9.2737,12.315],[9.2775,12.3133],[9.2839,12.3092],[9.2887,12.3075],[9.2905,12.3042],[9.2941,12.304],[9.2973,12.3051],[9.3055,12.3065],[9.312,12.3044],[9.3086,12.2936],[9.309,12.2896],[9.3175,12.2856],[9.3194,12.2869],[9.324,12.2857],[9.327,12.286],[9.3321,12.2843],[9.3319,12.2858],[9.3365,12.293],[9.3438,12.301],[9.3486,12.3014],[9.3523,12.3096],[9.3512,12.3106],[9.3516,12.3163],[9.3499,12.3219],[9.3525,12.3255],[9.3535,12.3289],[9.3614,12.3299],[9.3637,12.3322],[9.3633,12.3397],[9.37,12.3409],[9.3749,12.3408],[9.3787,12.3423],[9.3777,12.3485],[9.379,12.3506],[9.3788,12.3563],[9.3772,12.3562],[9.3704,12.3587],[9.3638,12.3562],[9.3605,12.3565],[9.3543,12.362],[9.351,12.3681],[9.3436,12.3657],[9.3394,12.3654],[9.3372,12.3679],[9.3283,12.3746],[9.3264,12.3755],[9.323,12.3723],[9.3161,12.3707],[9.3118,12.3672],[9.3103,12.3646],[9.3063,12.3657],[9.299,12.3657],[9.2947,12.364],[9.2867,12.367],[9.2841,12.3619],[9.2818,12.3596],[9.2715,12.3574],[9.2673,12.3577],[9.2655,12.3484],[9.2628,12.3449],[9.2597,12.3457],[9.2551,12.3549],[9.2512,12.3575],[9.2454,12.3586],[9.2422,12.3582],[9.2421,12.3611],[9.2387,12.3626],[9.2317,12.3713],[9.2222,12.371],[9.219,12.368],[9.2151,12.3673]]]},"properties":{"name":"SIYORI","state":"17","code":"17/07/11"}},{"type":"Feature","geometry":{"type":"Polygon","coordinates":[[[9.5762,12.4448],[9.575,12.449],[9.5755,12.4517],[9.5732,12.4549],[9.5672,12.4521],[9.5622,12.4511],[9.5597,12.4492],[9.5554,12.4439],[9.5533,12.4391],[9.5511,12.4382],[9.5462,12.4399],[9.5429,12.4424],[9.5389,12.443],[9.5358,12.4424],[9.5351,12.4376],[9.5334,12.4352],[9.5318,12.4302],[9.5204,12.4285],[9.5157,12.4306],[9.5113,12.4261],[9.5067,12.4248],[9.505,12.4224],[9.4971,12.4189],[9.4981,12.4121],[9.4979,12.4028],[9.5004,12.3982],[9.5038,12.3968],[9.5108,12.3982],[9.5158,12.3936],[9.5162,12.3856],[9.5169,12.3839],[9.5289,12.3831],[9.5348,12.3832],[9.5383,12.3849],[9.5422,12.3817],[9.5426,12.378],[9.5457,12.3705],[9.5482,12.3693],[9.5505,12.3716],[9.5531,12.3799],[9.5568,12.3842],[9.5611,12.3841],[9.5631,12.3874],[9.5661,12.3897],[9.5667,12.3944],[9.5643,12.4029],[9.5721,12.4061],[9.5742,12.4055],[9.5802,12.4116],[9.5755,12.4166],[9.5695,12.4195],[9.5735,12.4288],[9.572,12.436],[9.5699,12.4399],[9.5762,12.4448]]]},"properties":{"name":"GAGARAWA GARI","state":"17","code":"17/08/01"}},{"type":"Feature","geometry":{"type":"Polygon","coordinates":[[[9.5661,12.3897],[9.5772,12.3889],[9.5789,12.3879],[9.5834,12.3807],[9.5869,12.3809],[9.59,12.3855],[9.5991,12.3942],[9.5996,12.4007],[9.6095,12.4018],[9.6117,12.4051],[9.6106,12.4129],[9.6132,12.4167],[9.6164,12.4197],[9.6141,12.4222],[9.6096,12.4248],[9.6036,12.4314],[9.5955,12.4296],[9.5927,12.4263],[9.5848,12.4304],[9.5819,12.4396],[9.5762,12.4448],[9.5699,12.4399],[9.572,12.436],[9.5735,12.4288],[9.5695,12.4195],[9.5755,12.4166],[9.5802,12.4116],[9.5742,12.4055],[9.5721,12.4061],[9.5643,12.4029],[9.5667,12.3944],[9.5661,12.3897]]]},"properties":{"name":"GAGARAWA TASHA","state":"17","code":"17/08/02"}},{"type":"Feature","geometry":{"type":"Polygon","coordinates":[[[9.5196,12.3679],[9.5264,12.3699],[9.5284,12.368],[9.5337,12.3656],[9.5388,12.3658],[9.5446,12.3687],[9.5482,12.3693],[9.5457,12.3705],[9.5426,12.378],[9.5422,12.3817],[9.5383,12.3849],[9.5348,12.3832],[9.5289,12.3831],[9.5169,12.3839],[9.5162,12.3856],[9.5158,12.3936],[9.5108,12.3982],[9.5038,12.3968],[9.5004,12.3982],[9.4979,12.4028],[9.4981,12.4121],[9.4971,12.4189],[9.505,12.4224],[9.5067,12.4248],[9.5113,12.4261],[9.5157,12.4306],[9.5204,12.4285],[9.5318,12.4302],[9.5334,12.4352],[9.5351,12.4376],[9.5358,12.4424],[9.53,12.4447],[9.5241,12.4479],[9.5193,12.4517],[9.517,12.4561],[9.5146,12.4581],[9.5133,12.4613],[9.5051,12.4592],[9.501,12.4574],[9.4963,12.4579],[9.4908,12.4576],[9.4872,12.4512],[9.4822,12.4503],[9.4801,12.4483],[9.4784,12.4449],[9.4752,12.443],[9.4774,12.4337],[9.4771,12.4253],[9.4786,12.4228],[9.4693,12.4066],[9.465,12.4067],[9.4585,12.4052],[9.457,12.4022],[9.4514,12.3961],[9.4535,12.3917],[9.4532,12.3885],[9.4493,12.3847],[9.4511,12.3792],[9.4508,12.375],[9.455,12.3765],[9.4592,12.3754],[9.4654,12.3748],[9.47,12.3785],[9.473,12.3794],[9.4762,12.3788],[9.4804,12.3811],[9.4835,12.3804],[9.49,12.3815],[9.4924,12.3804],[9.4985,12.3748],[9.5021,12.3777],[9.5094,12.3786],[9.5116,12.3777],[9.5137,12.3745],[9.5165,12.3727],[9.5196,12.3679]]]},"properties":{"name":"GARIN CHIROMA","state":"17","code":"17/08/03"}},{"type":"Feature","geometry":{"type":"Polygon","coordinates":[[[9.4508,12.375],[9.4511,12.3792],[9.4493,12.3847],[9.4532,12.3885],[9.4535,12.3917],[9.4514,12.3961],[9.457,12.4022],[9.4585,12.4052],[9.465,12.4067],[9.4693,12.4066],[9.4786,12.4228],[9.4771,12.4253],[9.4774,12.4337],[9.4752,12.443],[9.4784,12.4449],[9.4801,12.4483],[9.4689,12.4609],[9.4597,12.456],[9.456,12.46],[9.4557,12.4644],[9.4533,12.4697],[9.4492,12.4733],[9.4423,12.4707],[9.4403,12.4686],[9.4372,12.4682],[9.4292,12.4705],[9.4248,12.4702],[9.4213,12.4716],[9.4203,12.4682],[9.4167,12.4613],[9.414,12.4608],[9.41,12.462],[9.4036,12.462],[9.3997,12.461],[9.394,12.4544],[9.3913,12.4535],[9.3938,12.4454],[9.3974,12.4429],[9.401,12.438],[9.4004,12.4336],[9.4059,12.4334],[9.4106,12.4318],[9.4142,12.4324],[9.4178,12.4309],[9.4214,12.4313],[9.4206,12.4268],[9.4175,12.4167],[9.4171,12.4116],[9.4087,12.4033],[9.4054,12.4023],[9.4029,12.3997],[9.402,12.3946],[9.4032,12.393],[9.4127,12.3904],[9.4159,12.3866],[9.4196,12.3841],[9.4293,12.3828],[9.4337,12.3811],[9.4387,12.3697],[9.4437,12.3714],[9.4508,12.375]]]},"properties":{"name":"KORE BALATU","state":"17","code":"17/08/04"}},{"type":"Feature","geometry":{"type":"Polygon","coordinates":[[[9.5754,12.5019],[9.5789,12.5042],[9.5841,12.5062],[9.5858,12.5088],[9.5883,12.5093],[9.5914,12.5134],[9.5894,12.5172],[9.5831,12.521],[9.585,12.5231],[9.5849,12.5333],[9.5881,12.5378],[9.5852,12.5405],[9.5844,12.544],[9.5796,12.5474],[9.5777,12.5519],[9.5727,12.5561],[9.5697,12.5559],[9.5636,12.5585],[9.561,12.5606],[9.557,12.5576],[9.5526,12.5564],[9.5479,12.5557],[9.5374,12.5455],[9.5367,12.5433],[9.5303,12.5433],[9.5257,12.5463],[9.5215,12.5461],[9.5059,12.5313],[9.5041,12.5283],[9.5045,12.5223],[9.5055,12.5191],[9.4956,12.515],[9.4952,12.5062],[9.4936,12.5045],[9.4919,12.4999],[9.4957,12.5004],[9.5096,12.4962],[9.5109,12.4947],[9.5191,12.493],[9.5225,12.4928],[9.5274,12.4975],[9.53,12.5012],[9.5331,12.4999],[9.5398,12.4995],[9.545,12.5002],[9.5519,12.5022],[9.5571,12.5023],[9.5594,12.4992],[9.5677,12.4991],[9.5714,12.5025],[9.5754,12.5019]]]},"properties":{"name":"MADAKA","state":"17","code":"17/08/05"}},{"type":"Feature","geometry":{"type":"Polygon","coordinates":[[[9.5762,12.4448],[9.5819,12.4396],[9.5848,12.4304],[9.5927,12.4263],[9.5955,12.4296],[9.6036,12.4314],[9.6096,12.4248],[9.6141,12.4222],[9.6164,12.4197],[9.6192,12.4193],[9.6229,12.4211],[9.6233,12.4238],[9.6277,12.4288],[9.6315,12.435],[9.6302,12.4407],[9.6324,12.4464],[9.6326,12.4496],[9.6355,12.4523],[9.6393,12.4605],[9.6446,12.4606],[9.6444,12.4701],[9.6468,12.4747],[9.6479,12.4821],[9.6438,12.488],[9.6372,12.4897],[9.6328,12.4924],[9.6273,12.4936],[9.6257,12.4899],[9.6197,12.4877],[9.613,12.4894],[9.6069,12.4922],[9.6015,12.4889],[9.5991,12.4896],[9.591,12.4894],[9.5872,12.4924],[9.5791,12.5003],[9.5754,12.5019],[9.5714,12.5025],[9.5677,12.4991],[9.5594,12.4992],[9.5554,12.4959],[9.5519,12.4952],[9.5461,12.49],[9.5426,12.4822],[9.5378,12.4811],[9.536,12.4794],[9.5379,12.473],[9.5386,12.4659],[9.5429,12.4613],[9.5409,12.4563],[9.5409,12.4454],[9.5389,12.443],[9.5429,12.4424],[9.5462,12.4399],[9.5511,12.4382],[9.5533,12.4391],[9.5554,12.4439],[9.5597,12.4492],[9.5622,12.4511],[9.5672,12.4521],[9.5732,12.4549],[9.5755,12.4517],[9.575,12.449],[9.5762,12.4448]]]},"properties":{"name":"MAIADUWA","state":"17","code":"17/08/06"}},{"type":"Feature","geometry":{"type":"Polygon","coordinates":[[[9.5754,12.5019],[9.5791,12.5003],[9.5872,12.4924],[9.591,12.4894],[9.5991,12.4896],[9.6015,12.4889],[9.6069,12.4922],[9.613,12.4894],[9.6197,12.4877],[9.6257,12.4899],[9.6273,12.4936],[9.6328,12.4924],[9.6372,12.4897],[9.6438,12.488],[9.6459,12.4893],[9.647,12.4925],[9.6506,12.4976],[9.6467,12.5021],[9.6456,12.5065],[9.6409,12.5106],[9.6425,12.5146],[9.6497,12.5133],[9.6572,12.5143],[9.6618,12.5163],[9.6668,12.5144],[9.668,12.5161],[9.6674,12.5239],[9.6687,12.5312],[9.667,12.5351],[9.6643,12.537],[9.6644,12.5409],[9.6661,12.5462],[9.6653,12.5528],[9.6668,12.556],[9.6762,12.5619],[9.6679,12.5639],[9.6627,12.5666],[9.6608,12.5662],[9.6547,12.5714],[9.6489,12.5741],[9.6446,12.5712],[9.6332,12.5665],[9.6264,12.5666],[9.6248,12.5649],[9.6206,12.5644],[9.6188,12.5605],[9.6155,12.56],[9.612,12.5566],[9.6094,12.5601],[9.6066,12.5598],[9.6003,12.5636],[9.5986,12.5656],[9.5935,12.5678],[9.5881,12.5735],[9.5849,12.5703],[9.5834,12.5728],[9.5788,12.5771],[9.5744,12.5789],[9.5708,12.5785],[9.5634,12.5821],[9.5584,12.5856],[9.5576,12.5875],[9.5512,12.5843],[9.5462,12.5834],[9.5428,12.586],[9.5389,12.5871],[9.5348,12.5897],[9.528,12.5907],[9.5264,12.592],[9.5234,12.589],[9.515,12.5898],[9.5122,12.5847],[9.5087,12.5812],[9.5046,12.5753],[9.5066,12.5739],[9.5087,12.5649],[9.5136,12.5577],[9.5211,12.5566],[9.5223,12.558],[9.5303,12.5599],[9.5362,12.5633],[9.5422,12.5602],[9.5495,12.5591],[9.5526,12.5564],[9.557,12.5576],[9.561,12.5606],[9.5636,12.5585],[9.5697,12.5559],[9.5727,12.5561],[9.5777,12.5519],[9.5796,12.5474],[9.5844,12.544],[9.5852,12.5405],[9.5881,12.5378],[9.5849,12.5333],[9.585,12.5231],[9.5831,12.521],[9.5894,12.5172],[9.5914,12.5134],[9.5883,12.5093],[9.5858,12.5088],[9.5841,12.5062],[9.5789,12.5042],[9.5754,12.5019]]]},"properties":{"name":"MAIKILILI","state":"17","code":"17/08/07"}},{"type":"Feature","geometry":{"type":"Polygon","coordinates":[[[9.4908,12.4576],[9.4893,12.4655],[9.4851,12.4687],[9.4826,12.4753],[9.4829,12.4777],[9.4796,12.4781],[9.4781,12.4804],[9.4679,12.4885],[9.4669,12.4916],[9.4704,12.4945],[9.4736,12.5004],[9.4677,12.5102],[9.4641,12.5136],[9.4634,12.5157],[9.4572,12.5158],[9.4541,12.5143],[9.4511,12.5167],[9.4406,12.5271],[9.4366,12.5258],[9.4291,12.5256],[9.4194,12.5313],[9.4133,12.5326],[9.4085,12.5392],[9.4066,12.5457],[9.4044,12.5471],[9.4002,12.5476],[9.398,12.5473],[9.3969,12.5438],[9.3941,12.5405],[9.3901,12.5376],[9.3905,12.5344],[9.3933,12.5328],[9.398,12.5284],[9.4021,12.5233],[9.3992,12.5222],[9.3966,12.5191],[9.3874,12.5169],[9.3895,12.5124],[9.3921,12.5091],[9.3928,12.5033],[9.3989,12.5008],[9.4015,12.4936],[9.4026,12.4862],[9.3993,12.4828],[9.3958,12.4811],[9.3929,12.4765],[9.3936,12.4715],[9.393,12.4669],[9.3902,12.464],[9.3906,12.4552],[9.3913,12.4535],[9.394,12.4544],[9.3997,12.461],[9.4036,12.462],[9.41,12.462],[9.414,12.4608],[9.4167,12.4613],[9.4203,12.4682],[9.4213,12.4716],[9.4248,12.4702],[9.4292,12.4705],[9.4372,12.4682],[9.4403,12.4686],[9.4423,12.4707],[9.4492,12.4733],[9.4533,12.4697],[9.4557,12.4644],[9.456,12.46],[9.4597,12.456],[9.4689,12.4609],[9.4801,12.4483],[9.4822,12.4503],[9.4872,12.4512],[9.4908,12.4576]]]},"properties":{"name":"MEDU","state":"17","code":"17/08/08"}},{"type":"Feature","geometry":{"type":"Polygon","coordinates":[[[9.5389,12.443],[9.5409,12.4454],[9.5409,12.4563],[9.5429,12.4613],[9.5386,12.4659],[9.5379,12.473],[9.536,12.4794],[9.5378,12.4811],[9.5426,12.4822],[9.5461,12.49],[9.5519,12.4952],[9.5554,12.4959],[9.5594,12.4992],[9.5571,12.5023],[9.5519,12.5022],[9.545,12.5002],[9.5398,12.4995],[9.5331,12.4999],[9.53,12.5012],[9.5274,12.4975],[9.5225,12.4928],[9.5191,12.493],[9.5109,12.4947],[9.5096,12.4962],[9.4957,12.5004],[9.4919,12.4999],[9.4902,12.4913],[9.4916,12.4867],[9.4911,12.4807],[9.4929,12.4773],[9.4826,12.4753],[9.4851,12.4687],[9.4893,12.4655],[9.4908,12.4576],[9.4963,12.4579],[9.501,12.4574],[9.5051,12.4592],[9.5133,12.4613],[9.5146,12.4581],[9.517,12.4561],[9.5193,12.4517],[9.5241,12.4479],[9.53,12.4447],[9.5358,12.4424],[9.5389,12.443]]]},"properties":{"name":"YALAWA","state":"17","code":"17/08/09"}},{"type":"Feature","geometry":{"type":"Polygon","coordinates":[[[9.5526,12.5564],[9.5495,12.5591],[9.5422,12.5602],[9.5362,12.5633],[9.5303,12.5599],[9.5223,12.558],[9.5211,12.5566],[9.5136,12.5577],[9.5087,12.5649],[9.5066,12.5739],[9.5046,12.5753],[9.4978,12.5756],[9.4953,12.5801],[9.4909,12.5832],[9.4846,12.5843],[9.4796,12.5903],[9.4787,12.5935],[9.4738,12.5922],[9.4649,12.5869],[9.4592,12.5863],[9.4553,12.5869],[9.4545,12.5826],[9.4519,12.579],[9.4491,12.578],[9.4465,12.5748],[9.4427,12.5757],[9.4372,12.5739],[9.4324,12.5672],[9.4295,12.5538],[9.4317,12.5479],[9.4261,12.5475],[9.4212,12.5498],[9.4184,12.5488],[9.4072,12.5494],[9.4044,12.5471],[9.4066,12.5457],[9.4085,12.5392],[9.4133,12.5326],[9.4194,12.5313],[9.4291,12.5256],[9.4366,12.5258],[9.4406,12.5271],[9.4511,12.5167],[9.4541,12.5143],[9.4572,12.5158],[9.4634,12.5157],[9.4641,12.5136],[9.4677,12.5102],[9.4736,12.5004],[9.4704,12.4945],[9.4669,12.4916],[9.4679,12.4885],[9.4781,12.4804],[9.4796,12.4781],[9.4829,12.4777],[9.4826,12.4753],[9.4929,12.4773],[9.4911,12.4807],[9.4916,12.4867],[9.4902,12.4913],[9.4919,12.4999],[9.4936,12.5045],[9.4952,12.5062],[9.4956,12.515],[9.5055,12.5191],[9.5045,12.5223],[9.5041,12.5283],[9.5059,12.5313],[9.5215,12.5461],[9.5257,12.5463],[9.5303,12.5433],[9.5367,12.5433],[9.5374,12.5455],[9.5479,12.5557],[9.5526,12.5564]]]},"properties":{"name":"ZARADA","state":"17","code":"17/08/10"}},{"type":"Feature","geometry":{"type":"Polygon","coordinates":[[[9.3887,12.6953],[9.379,12.6954],[9.3647,12.6917],[9.3575,12.6917],[9.3545,12.6928],[9.3536,12.6857],[9.3517,12.6818],[9.35,12.6808],[9.3529,12.6754],[9.3515,12.6723],[9.3519,12.6673],[9.3503,12.6632],[9.3583,12.6611],[9.3624,12.6621],[9.3666,12.6651],[9.3689,12.6689],[9.3715,12.6695],[9.3745,12.668],[9.3768,12.6589],[9.3798,12.6524],[9.3825,12.6489],[9.3857,12.6516],[9.3912,12.6533],[9.3935,12.6528],[9.3969,12.6492],[9.4014,12.6474],[9.4052,12.6433],[9.4075,12.6382],[9.4107,12.6357],[9.4177,12.6338],[9.4174,12.632],[9.437,12.628],[9.4411,12.6281],[9.4562,12.6299],[9.4628,12.6308],[9.4642,12.6323],[9.4721,12.6346],[9.4729,12.6431],[9.4715,12.6471],[9.4726,12.6517],[9.4794,12.6605],[9.477,12.6657],[9.4722,12.6703],[9.4655,12.6777],[9.4636,12.6784],[9.4549,12.6767],[9.4514,12.6773],[9.4441,12.6749],[9.4405,12.6695],[9.4362,12.6699],[9.4324,12.6718],[9.4262,12.6708],[9.4205,12.6667],[9.4153,12.6735],[9.4116,12.6753],[9.4061,12.6749],[9.401,12.6791],[9.3977,12.6837],[9.3959,12.6878],[9.3953,12.6933],[9.3944,12.6936],[9.3924,12.6952],[9.3887,12.6953]]]},"properties":{"name":"BAIKARYA","state":"17","code":"17/09/01"}},{"type":"Feature","geometry":{"type":"Polygon","coordinates":[[[9.3503,12.6632],[9.3433,12.6627],[9.3414,12.6639],[9.3352,12.6643],[9.3333,12.6605],[9.329,12.6572],[9.3195,12.655],[9.3111,12.6511],[9.3073,12.6511],[9.3069,12.6469],[9.3053,12.6435],[9.316,12.638],[9.3195,12.6325],[9.3217,12.6315],[9.3171,12.625],[9.3137,12.6217],[9.3122,12.6176],[9.3179,12.616],[9.3192,12.6133],[9.322,12.6145],[9.3236,12.6117],[9.3256,12.6114],[9.3278,12.6083],[9.3291,12.6004],[9.3319,12.5967],[9.3357,12.595],[9.3457,12.5943],[9.3553,12.6013],[9.3538,12.605],[9.3496,12.6078],[9.3467,12.6111],[9.3479,12.6174],[9.3589,12.6183],[9.3635,12.6179],[9.366,12.6227],[9.364,12.6287],[9.3625,12.6306],[9.3614,12.6361],[9.3618,12.6403],[9.3655,12.6428],[9.3734,12.6418],[9.3746,12.6433],[9.3822,12.6478],[9.3825,12.6489],[9.3798,12.6524],[9.3768,12.6589],[9.3745,12.668],[9.3715,12.6695],[9.3689,12.6689],[9.3666,12.6651],[9.3624,12.6621],[9.3583,12.6611],[9.3503,12.6632]]]},"properties":{"name":"DANAMA","state":"17","code":"17/09/02"}},{"type":"Feature","geometry":{"type":"Polygon","coordinates":[[[9.3635,12.6179],[9.3648,12.613],[9.3678,12.6099],[9.3784,12.6139],[9.381,12.6166],[9.3813,12.6208],[9.3852,12.623],[9.3846,12.6266],[9.3864,12.6335],[9.3867,12.6402],[9.3822,12.6478],[9.3746,12.6433],[9.3734,12.6418],[9.3655,12.6428],[9.3618,12.6403],[9.3614,12.6361],[9.3625,12.6306],[9.364,12.6287],[9.366,12.6227],[9.3635,12.6179]]]},"properties":{"name":"DANTANOMA","state":"17","code":"17/09/03"}},{"type":"Feature","geometry":{"type":"Polygon","coordinates":[[[9.4014,12.6474],[9.3998,12.6449],[9.3928,12.6408],[9.3928,12.6374],[9.3912,12.6287],[9.397,12.6297],[9.3991,12.6342],[9.4075,12.6382],[9.4052,12.6433],[9.4014,12.6474]]]},"properties":{"name":"GALAGAMMA","state":"17","code":"17/09/04"}},{"type":"Feature","geometry":{"type":"Polygon","coordinates":[[[9.4514,12.6773],[9.4438,12.6894],[9.4417,12.6906],[9.4385,12.6899],[9.4353,12.6937],[9.4341,12.7022],[9.4215,12.7022],[9.4197,12.7017],[9.4152,12.6973],[9.4121,12.6958],[9.4082,12.6958],[9.406,12.6935],[9.3953,12.6933],[9.3959,12.6878],[9.3977,12.6837],[9.401,12.6791],[9.4061,12.6749],[9.4116,12.6753],[9.4153,12.6735],[9.4205,12.6667],[9.4262,12.6708],[9.4324,12.6718],[9.4362,12.6699],[9.4405,12.6695],[9.4441,12.6749],[9.4514,12.6773]]]},"properties":{"name":"GARIN GAMBO","state":"17","code":"17/09/05"}},{"type":"Feature","geometry":{"type":"Polygon","coordinates":[[[9.4002,12.5476],[9.4008,12.5546],[9.4051,12.5638],[9.4012,12.57],[9.4027,12.5714],[9.4011,12.5744],[9.393,12.596],[9.3907,12.6032],[9.3866,12.6019],[9.3844,12.5997],[9.3766,12.6048],[9.3733,12.6044],[9.368,12.607],[9.3678,12.6099],[9.3648,12.613],[9.3635,12.6179],[9.3589,12.6183],[9.3479,12.6174],[9.3467,12.6111],[9.3496,12.6078],[9.3538,12.605],[9.3553,12.6013],[9.3457,12.5943],[9.3357,12.595],[9.3319,12.5967],[9.3215,12.594],[9.3211,12.592],[9.3181,12.5895],[9.3188,12.5816],[9.3223,12.5788],[9.325,12.5739],[9.3301,12.5723],[9.333,12.5727],[9.3377,12.5693],[9.343,12.571],[9.3486,12.572],[9.3508,12.5661],[9.3531,12.5634],[9.3599,12.5617],[9.3589,12.559],[9.3529,12.5552],[9.3408,12.552],[9.3413,12.5475],[9.3405,12.5398],[9.347,12.5391],[9.3495,12.5379],[9.3535,12.5383],[9.3552,12.5367],[9.3623,12.5355],[9.3684,12.5433],[9.3696,12.5472],[9.3741,12.5478],[9.3779,12.5497],[9.3815,12.5495],[9.3838,12.5515],[9.3896,12.5547],[9.3937,12.5537],[9.3971,12.5509],[9.398,12.5473],[9.4002,12.5476]]]},"properties":{"name":"GARIN ALHAJI BARKA","state":"17","code":"17/09/06"}},{"type":"Feature","geometry":{"type":"Polygon","coordinates":[[[9.3678,12.6099],[9.368,12.607],[9.3733,12.6044],[9.3766,12.6048],[9.3844,12.5997],[9.3866,12.6019],[9.3907,12.6032],[9.3941,12.6047],[9.3993,12.6056],[9.4008,12.6069],[9.4071,12.6081],[9.4132,12.6086],[9.4138,12.6129],[9.4075,12.6164],[9.3962,12.6238],[9.3921,12.6234],[9.3908,12.6284],[9.3897,12.6281],[9.3846,12.6266],[9.3852,12.623],[9.3813,12.6208],[9.381,12.6166],[9.3784,12.6139],[9.3678,12.6099]]]},"properties":{"name":"GUSAU","state":"17","code":"17/09/07"}},{"type":"Feature","geometry":{"type":"Polygon","coordinates":[[[9.4044,12.5471],[9.4072,12.5494],[9.4184,12.5488],[9.4212,12.5498],[9.4261,12.5475],[9.4317,12.5479],[9.4295,12.5538],[9.4324,12.5672],[9.4372,12.5739],[9.4427,12.5757],[9.4465,12.5748],[9.4491,12.578],[9.4519,12.579],[9.4545,12.5826],[9.4553,12.5869],[9.4592,12.5863],[9.4649,12.5869],[9.4738,12.5922],[9.4787,12.5935],[9.4796,12.5903],[9.4846,12.5843],[9.4909,12.5832],[9.4923,12.5864],[9.4914,12.5934],[9.4904,12.5965],[9.4923,12.6034],[9.4875,12.6049],[9.4847,12.6097],[9.4713,12.6105],[9.4619,12.6126],[9.4562,12.6153],[9.4573,12.6257],[9.4562,12.6299],[9.4411,12.6281],[9.437,12.628],[9.4174,12.632],[9.4178,12.6299],[9.4158,12.6269],[9.4149,12.6213],[9.4165,12.6157],[9.4138,12.6129],[9.4132,12.6086],[9.4071,12.6081],[9.4008,12.6069],[9.3993,12.6056],[9.3941,12.6047],[9.3907,12.6032],[9.393,12.596],[9.4011,12.5744],[9.4027,12.5714],[9.4012,12.57],[9.4051,12.5638],[9.4008,12.5546],[9.4002,12.5476],[9.4044,12.5471]]]},"properties":{"name":"HAMMADO","state":"17","code":"17/09/08"}},{"type":"Feature","geometry":{"type":"Polygon","coordinates":[[[9.3825,12.6489],[9.3822,12.6478],[9.3867,12.6402],[9.3864,12.6335],[9.3879,12.6335],[9.3897,12.6281],[9.3908,12.6284],[9.3912,12.6287],[9.3928,12.6374],[9.3928,12.6408],[9.3998,12.6449],[9.4014,12.6474],[9.3969,12.6492],[9.3935,12.6528],[9.3912,12.6533],[9.3857,12.6516],[9.3825,12.6489]]]},"properties":{"name":"KOFAR AREWA","state":"17","code":"17/09/09"}},{"type":"Feature","geometry":{"type":"Polygon","coordinates":[[[9.3846,12.6266],[9.3897,12.6281],[9.3879,12.6335],[9.3864,12.6335],[9.3846,12.6266]]]},"properties":{"name":"KOFAR YAMMA","state":"17","code":"17/09/10"}},{"type":"Feature","geometry":{"type":"Polygon","coordinates":[[[9.4075,12.6382],[9.3991,12.6342],[9.397,12.6297],[9.3912,12.6287],[9.3908,12.6284],[9.3921,12.6234],[9.3962,12.6238],[9.4075,12.6164],[9.4138,12.6129],[9.4165,12.6157],[9.4149,12.6213],[9.4158,12.6269],[9.4178,12.6299],[9.4174,12.632],[9.4177,12.6338],[9.4107,12.6357],[9.4075,12.6382]]]},"properties":{"name":"ZANGO","state":"17","code":"17/09/11"}},{"type":"Feature","geometry":{"type":"Polygon","coordinates":[[[10.5931,12.583],[10.5905,12.5836],[10.5871,12.5873],[10.5845,12.5881],[10.58,12.5923],[10.5761,12.5944],[10.5703,12.6008],[10.5674,12.6085],[10.5655,12.6103],[10.5622,12.6104],[10.5589,12.602],[10.5548,12.6003],[10.5552,12.598],[10.5491,12.5956],[10.5451,12.5963],[10.5408,12.5921],[10.5469,12.5927],[10.5482,12.5909],[10.5424,12.5888],[10.5433,12.5853],[10.5417,12.5833],[10.5426,12.5803],[10.5377,12.5803],[10.5369,12.5768],[10.524,12.5777],[10.5246,12.5737],[10.5281,12.5754],[10.5295,12.5731],[10.5258,12.5709],[10.5211,12.5711],[10.5194,12.5652],[10.5132,12.564],[10.5083,12.5643],[10.5037,12.5625],[10.4948,12.5627],[10.4894,12.5664],[10.4874,12.5667],[10.4864,12.5608],[10.4811,12.5589],[10.4768,12.5549],[10.4739,12.5544],[10.4692,12.5504],[10.4703,12.547],[10.4659,12.5434],[10.4661,12.5411],[10.4627,12.5391],[10.4589,12.5384],[10.4605,12.5333],[10.4578,12.53],[10.4618,12.5263],[10.4587,12.5222],[10.4686,12.5143],[10.4716,12.5135],[10.4742,12.5078],[10.4682,12.5046],[10.4665,12.5014],[10.4603,12.4967],[10.4664,12.4912],[10.4659,12.4878],[10.4626,12.4872],[10.4618,12.4835],[10.4574,12.4793],[10.4596,12.4776],[10.4552,12.4735],[10.4521,12.473],[10.4488,12.4708],[10.4451,12.4665],[10.4446,12.4644],[10.4473,12.4622],[10.4542,12.4635],[10.459,12.4687],[10.4616,12.466],[10.4677,12.465],[10.4694,12.4663],[10.4764,12.4675],[10.4799,12.466],[10.4812,12.4631],[10.4864,12.4596],[10.488,12.4555],[10.5125,12.4684],[10.5157,12.4682],[10.5196,12.4704],[10.5339,12.4748],[10.5336,12.4761],[10.539,12.4778],[10.5546,12.4808],[10.555,12.4727],[10.5571,12.4678],[10.5596,12.4676],[10.5624,12.4716],[10.5646,12.4727],[10.568,12.4698],[10.571,12.4712],[10.5719,12.4761],[10.5745,12.4766],[10.5771,12.4748],[10.5813,12.4771],[10.5838,12.4817],[10.5908,12.4823],[10.5948,12.4855],[10.6017,12.4851],[10.6033,12.4887],[10.6056,12.489],[10.5965,12.4978],[10.5959,12.4997],[10.5903,12.5052],[10.5903,12.5067],[10.5965,12.5123],[10.6033,12.5104],[10.6056,12.5146],[10.597,12.5143],[10.592,12.5156],[10.5909,12.5178],[10.5956,12.5211],[10.5977,12.5239],[10.5926,12.5259],[10.5897,12.5257],[10.5891,12.5279],[10.5924,12.5327],[10.5982,12.5342],[10.5981,12.5376],[10.5956,12.5399],[10.5928,12.5399],[10.5891,12.5371],[10.586,12.5386],[10.587,12.5425],[10.5943,12.5501],[10.5954,12.5522],[10.5946,12.5587],[10.5993,12.5583],[10.6018,12.5608],[10.6019,12.5647],[10.5947,12.5655],[10.5896,12.5652],[10.5865,12.5666],[10.586,12.5716],[10.5931,12.583]]]},"properties":{"name":"ABUNABO","state":"17","code":"17/10/01"}},{"type":"Feature","geometry":{"type":"Polygon","coordinates":[[[10.3605,12.7877],[10.3709,12.788],[10.3732,12.7857],[10.3756,12.7856],[10.3818,12.7819],[10.3865,12.7814],[10.3892,12.7781],[10.3951,12.776],[10.3958,12.7718],[10.399,12.7721],[10.401,12.7743],[10.412,12.7752],[10.4218,12.7782],[10.4265,12.7749],[10.4324,12.7746],[10.4357,12.7726],[10.4407,12.7714],[10.444,12.7695],[10.4473,12.7726],[10.4506,12.7693],[10.4554,12.7718],[10.4601,12.7677],[10.4631,12.7675],[10.4671,12.7693],[10.4719,12.7718],[10.468,12.7772],[10.4682,12.7829],[10.4704,12.7868],[10.4752,12.7901],[10.4719,12.7936],[10.465,12.7991],[10.4563,12.8041],[10.4502,12.807],[10.4332,12.8199],[10.4283,12.8224],[10.4194,12.8246],[10.4096,12.8305],[10.4058,12.8322],[10.4048,12.8285],[10.3991,12.8206],[10.3949,12.8162],[10.3897,12.8119],[10.3881,12.8143],[10.381,12.818],[10.3757,12.8181],[10.3695,12.8171],[10.3676,12.814],[10.3643,12.811],[10.3637,12.8066],[10.361,12.8034],[10.3625,12.8006],[10.3624,12.796],[10.3605,12.7877]]]},"properties":{"name":"ADIYANI","state":"17","code":"17/10/02"}},{"type":"Feature","geometry":{"type":"Polygon","coordinates":[[[10.4661,12.6639],[10.4604,12.6712],[10.4653,12.6759],[10.4605,12.6862],[10.4602,12.6884],[10.4675,12.6923],[10.4647,12.6948],[10.4571,12.6983],[10.4506,12.7018],[10.4487,12.6984],[10.4451,12.695],[10.4341,12.6828],[10.4305,12.6826],[10.4276,12.6857],[10.4232,12.6868],[10.4184,12.692],[10.4145,12.69],[10.4087,12.6887],[10.4005,12.6857],[10.3977,12.6838],[10.3905,12.6765],[10.3865,12.6702],[10.3835,12.6641],[10.3777,12.6616],[10.3792,12.6653],[10.3757,12.6666],[10.3634,12.6692],[10.3591,12.6691],[10.3529,12.6654],[10.3524,12.664],[10.3556,12.661],[10.356,12.6581],[10.3645,12.6579],[10.3726,12.6593],[10.3762,12.6545],[10.3754,12.6527],[10.3719,12.6515],[10.3652,12.6549],[10.3652,12.6509],[10.3609,12.6418],[10.3557,12.6412],[10.3598,12.6373],[10.3589,12.6355],[10.3585,12.6221],[10.3564,12.6171],[10.359,12.6082],[10.3568,12.6052],[10.3496,12.6061],[10.3405,12.6021],[10.3321,12.6069],[10.33,12.6057],[10.3274,12.6014],[10.3264,12.597],[10.3241,12.595],[10.3227,12.5797],[10.3207,12.5788],[10.3145,12.5819],[10.313,12.5767],[10.3189,12.5723],[10.3203,12.5684],[10.3228,12.5646],[10.3233,12.5615],[10.3282,12.5536],[10.3315,12.5538],[10.3453,12.5673],[10.3501,12.5698],[10.3585,12.57],[10.3616,12.5728],[10.364,12.5734],[10.3771,12.5861],[10.3897,12.5865],[10.3939,12.5899],[10.3961,12.5899],[10.3995,12.5874],[10.4025,12.5891],[10.4103,12.5885],[10.4173,12.5903],[10.4203,12.5928],[10.4242,12.6017],[10.4339,12.6117],[10.4321,12.6176],[10.4304,12.6203],[10.4261,12.6229],[10.4309,12.6253],[10.4344,12.6302],[10.4382,12.6339],[10.4428,12.6365],[10.4428,12.6402],[10.4441,12.6423],[10.4452,12.6496],[10.4436,12.6517],[10.4483,12.6565],[10.4503,12.6612],[10.4565,12.6636],[10.4611,12.6642],[10.4661,12.6639]]]},"properties":{"name":"DAWA","state":"17","code":"17/10/03"}},{"type":"Feature","geometry":{"type":"Polygon","coordinates":[[[10.4661,12.6639],[10.4663,12.6662],[10.4727,12.674],[10.4775,12.6744],[10.4802,12.6732],[10.4806,12.6663],[10.4827,12.6579],[10.4883,12.6557],[10.4913,12.6556],[10.4975,12.6461],[10.5008,12.6463],[10.5026,12.6506],[10.5063,12.6549],[10.5108,12.6558],[10.5133,12.6534],[10.5156,12.6484],[10.5184,12.649],[10.5206,12.6537],[10.5206,12.6563],[10.5177,12.6607],[10.5181,12.6646],[10.5215,12.6657],[10.5284,12.6645],[10.5303,12.6648],[10.5365,12.67],[10.5388,12.6712],[10.5415,12.675],[10.5445,12.6767],[10.5537,12.6783],[10.5541,12.6819],[10.556,12.6841],[10.5614,12.6837],[10.5635,12.6804],[10.5669,12.6798],[10.5733,12.6824],[10.5792,12.6824],[10.5793,12.6862],[10.5764,12.6888],[10.5809,12.6922],[10.586,12.6945],[10.5885,12.6998],[10.5933,12.701],[10.5986,12.7031],[10.5986,12.7061],[10.5841,12.7117],[10.5807,12.7361],[10.5763,12.7456],[10.5729,12.7625],[10.5651,12.7544],[10.5585,12.7528],[10.5545,12.7486],[10.5528,12.7445],[10.5496,12.7484],[10.5467,12.7495],[10.5441,12.7534],[10.5417,12.7547],[10.5382,12.7603],[10.5348,12.7626],[10.5323,12.7629],[10.5287,12.7656],[10.5208,12.7663],[10.5171,12.7641],[10.5062,12.7623],[10.5036,12.7631],[10.4984,12.7532],[10.4928,12.7528],[10.4882,12.7496],[10.4845,12.7481],[10.481,12.7452],[10.4809,12.737],[10.4846,12.734],[10.4833,12.7315],[10.4796,12.733],[10.4704,12.7394],[10.4676,12.7377],[10.46,12.7287],[10.4581,12.7234],[10.4507,12.7225],[10.4475,12.7192],[10.4469,12.7153],[10.4481,12.7121],[10.4478,12.7065],[10.4506,12.7018],[10.4571,12.6983],[10.4647,12.6948],[10.4675,12.6923],[10.4602,12.6884],[10.4605,12.6862],[10.4653,12.6759],[10.4604,12.6712],[10.4661,12.6639]]]},"properties":{"name":"GARBAGAL","state":"17","code":"17/10/04"}},{"type":"Feature","geometry":{"type":"Polygon","coordinates":[[[10.4506,12.7018],[10.4478,12.7065],[10.4481,12.7121],[10.4469,12.7153],[10.4475,12.7192],[10.4507,12.7225],[10.4483,12.7229],[10.4474,12.7267],[10.4393,12.7325],[10.4379,12.7323],[10.4354,12.7363],[10.4316,12.7466],[10.4333,12.7519],[10.4318,12.7565],[10.4229,12.7581],[10.4185,12.7603],[10.4158,12.7598],[10.4124,12.761],[10.4077,12.7611],[10.4064,12.7556],[10.4037,12.7529],[10.407,12.7484],[10.4071,12.7424],[10.4036,12.7389],[10.3987,12.7288],[10.3973,12.7219],[10.3934,12.7161],[10.3818,12.7133],[10.3773,12.7148],[10.3732,12.7175],[10.3656,12.7153],[10.3532,12.7155],[10.3544,12.7086],[10.3569,12.704],[10.3556,12.7018],[10.3593,12.6956],[10.3617,12.6946],[10.3664,12.6908],[10.3729,12.6838],[10.376,12.6823],[10.3794,12.6776],[10.3865,12.6702],[10.3905,12.6765],[10.3977,12.6838],[10.4005,12.6857],[10.4087,12.6887],[10.4145,12.69],[10.4184,12.692],[10.4232,12.6868],[10.4276,12.6857],[10.4305,12.6826],[10.4341,12.6828],[10.4451,12.695],[10.4487,12.6984],[10.4506,12.7018]]]},"properties":{"name":"GURI","state":"17","code":"17/10/05"}},{"type":"Feature","geometry":{"type":"Polygon","coordinates":[[[10.5931,12.583],[10.5916,12.5874],[10.5929,12.59],[10.5965,12.5908],[10.5965,12.6169],[10.5888,12.6422],[10.5855,12.6435],[10.581,12.6478],[10.5827,12.6539],[10.5823,12.6597],[10.5868,12.6636],[10.5923,12.6641],[10.5963,12.6633],[10.5987,12.6861],[10.6001,12.6952],[10.5938,12.6986],[10.5933,12.701],[10.5885,12.6998],[10.586,12.6945],[10.5809,12.6922],[10.5764,12.6888],[10.5793,12.6862],[10.5792,12.6824],[10.5733,12.6824],[10.5669,12.6798],[10.5635,12.6804],[10.5614,12.6837],[10.556,12.6841],[10.5541,12.6819],[10.5537,12.6783],[10.5445,12.6767],[10.5415,12.675],[10.5388,12.6712],[10.5365,12.67],[10.5303,12.6648],[10.5284,12.6645],[10.5215,12.6657],[10.5181,12.6646],[10.5177,12.6607],[10.5206,12.6563],[10.5206,12.6537],[10.5184,12.649],[10.5156,12.6484],[10.5133,12.6534],[10.5108,12.6558],[10.5063,12.6549],[10.5026,12.6506],[10.5008,12.6463],[10.4975,12.6461],[10.4913,12.6556],[10.4883,12.6557],[10.4827,12.6579],[10.4806,12.6663],[10.4802,12.6732],[10.4775,12.6744],[10.4727,12.674],[10.4663,12.6662],[10.4661,12.6639],[10.4611,12.6642],[10.4565,12.6636],[10.4503,12.6612],[10.4483,12.6565],[10.4436,12.6517],[10.4452,12.6496],[10.4441,12.6423],[10.4428,12.6402],[10.4428,12.6365],[10.4382,12.6339],[10.4344,12.6302],[10.4309,12.6253],[10.4261,12.6229],[10.4304,12.6203],[10.4321,12.6176],[10.4339,12.6117],[10.4242,12.6017],[10.4203,12.5928],[10.4173,12.5903],[10.4103,12.5885],[10.4025,12.5891],[10.3995,12.5874],[10.3998,12.5771],[10.3985,12.5742],[10.3994,12.5703],[10.3982,12.5675],[10.4009,12.5603],[10.4034,12.5562],[10.4086,12.5534],[10.4108,12.5531],[10.4132,12.5485],[10.4123,12.5442],[10.4153,12.5442],[10.4174,12.5404],[10.4203,12.5384],[10.4235,12.5418],[10.4247,12.5491],[10.4262,12.5506],[10.4315,12.5478],[10.4333,12.5432],[10.4341,12.538],[10.4386,12.5342],[10.4405,12.535],[10.4396,12.5392],[10.4446,12.5369],[10.4435,12.5326],[10.4393,12.5301],[10.4436,12.5254],[10.4421,12.5191],[10.4476,12.5196],[10.4501,12.5161],[10.4527,12.5205],[10.4587,12.5222],[10.4618,12.5263],[10.4578,12.53],[10.4605,12.5333],[10.4589,12.5384],[10.4627,12.5391],[10.4661,12.5411],[10.4659,12.5434],[10.4703,12.547],[10.4692,12.5504],[10.4739,12.5544],[10.4768,12.5549],[10.4811,12.5589],[10.4864,12.5608],[10.4874,12.5667],[10.4894,12.5664],[10.4948,12.5627],[10.5037,12.5625],[10.5083,12.5643],[10.5132,12.564],[10.5194,12.5652],[10.5211,12.5711],[10.5258,12.5709],[10.5295,12.5731],[10.5281,12.5754],[10.5246,12.5737],[10.524,12.5777],[10.5369,12.5768],[10.5377,12.5803],[10.5426,12.5803],[10.5417,12.5833],[10.5433,12.5853],[10.5424,12.5888],[10.5482,12.5909],[10.5469,12.5927],[10.5408,12.5921],[10.5451,12.5963],[10.5491,12.5956],[10.5552,12.598],[10.5548,12.6003],[10.5589,12.602],[10.5622,12.6104],[10.5655,12.6103],[10.5674,12.6085],[10.5703,12.6008],[10.5761,12.5944],[10.58,12.5923],[10.5845,12.5881],[10.5871,12.5873],[10.5905,12.5836],[10.5931,12.583]]]},"properties":{"name":"KADIRA","state":"17","code":"17/10/06"}},{"type":"Feature","geometry":{"type":"Polygon","coordinates":[[[10.4671,12.7693],[10.4702,12.765],[10.4765,12.7515],[10.4772,12.7473],[10.481,12.7452],[10.4845,12.7481],[10.4882,12.7496],[10.4928,12.7528],[10.4984,12.7532],[10.5036,12.7631],[10.5062,12.7623],[10.5171,12.7641],[10.5208,12.7663],[10.5287,12.7656],[10.5323,12.7629],[10.5348,12.7626],[10.5382,12.7603],[10.5417,12.7547],[10.5441,12.7534],[10.5467,12.7495],[10.5496,12.7484],[10.5528,12.7445],[10.5545,12.7486],[10.5585,12.7528],[10.5651,12.7544],[10.5729,12.7625],[10.5721,12.7701],[10.5687,12.7857],[10.569,12.794],[10.5657,12.7944],[10.5628,12.7979],[10.5606,12.7985],[10.5597,12.8052],[10.5581,12.8095],[10.5531,12.8111],[10.5501,12.8137],[10.5463,12.8193],[10.5416,12.8205],[10.5377,12.8236],[10.5313,12.817],[10.5221,12.8182],[10.5191,12.818],[10.5128,12.8196],[10.5039,12.8141],[10.4951,12.8159],[10.4938,12.8118],[10.496,12.8103],[10.502,12.8093],[10.503,12.807],[10.4997,12.8038],[10.4888,12.8013],[10.4867,12.7993],[10.4827,12.7989],[10.4807,12.7914],[10.4752,12.7901],[10.4704,12.7868],[10.4682,12.7829],[10.468,12.7772],[10.4719,12.7718],[10.4671,12.7693]]]},"properties":{"name":"LAFIYA","state":"17","code":"17/10/07"}},{"type":"Feature","geometry":{"type":"Polygon","coordinates":[[[10.361,12.8034],[10.3637,12.8066],[10.3643,12.811],[10.3676,12.814],[10.3695,12.8171],[10.3757,12.8181],[10.381,12.818],[10.3881,12.8143],[10.3897,12.8119],[10.3949,12.8162],[10.3991,12.8206],[10.4048,12.8285],[10.4058,12.8322],[10.3854,12.8411],[10.331,12.8473],[10.3253,12.8115],[10.3245,12.8117],[10.3255,12.8092],[10.3333,12.8065],[10.3385,12.8059],[10.3454,12.8067],[10.3523,12.8069],[10.3578,12.8039],[10.361,12.8034]]]},"properties":{"name":"MARGADU","state":"17","code":"17/10/08"}},{"type":"Feature","geometry":{"type":"Polygon","coordinates":[[[10.3526,12.7749],[10.3522,12.7722],[10.3535,12.7679],[10.3539,12.761],[10.3519,12.7553],[10.3534,12.7518],[10.3571,12.7511],[10.3593,12.7478],[10.3624,12.7452],[10.365,12.7383],[10.369,12.7368],[10.3699,12.7341],[10.3671,12.7317],[10.3663,12.7286],[10.3727,12.7198],[10.3732,12.7175],[10.3773,12.7148],[10.3818,12.7133],[10.3934,12.7161],[10.3973,12.7219],[10.3987,12.7288],[10.4036,12.7389],[10.4071,12.7424],[10.407,12.7484],[10.4037,12.7529],[10.4064,12.7556],[10.4077,12.7611],[10.4124,12.761],[10.4158,12.7598],[10.4185,12.7603],[10.4229,12.7581],[10.4318,12.7565],[10.4333,12.7519],[10.4316,12.7466],[10.4354,12.7363],[10.4379,12.7323],[10.4393,12.7325],[10.4474,12.7267],[10.4483,12.7229],[10.4507,12.7225],[10.4581,12.7234],[10.46,12.7287],[10.4676,12.7377],[10.4704,12.7394],[10.4796,12.733],[10.4833,12.7315],[10.4846,12.734],[10.4809,12.737],[10.481,12.7452],[10.4772,12.7473],[10.4765,12.7515],[10.4702,12.765],[10.4671,12.7693],[10.4631,12.7675],[10.4601,12.7677],[10.4554,12.7718],[10.4506,12.7693],[10.4473,12.7726],[10.444,12.7695],[10.4407,12.7714],[10.4357,12.7726],[10.4324,12.7746],[10.4265,12.7749],[10.4218,12.7782],[10.412,12.7752],[10.401,12.7743],[10.399,12.7721],[10.3958,12.7718],[10.3951,12.776],[10.3892,12.7781],[10.3865,12.7814],[10.3818,12.7819],[10.3756,12.7856],[10.3732,12.7857],[10.3709,12.788],[10.3605,12.7877],[10.3583,12.786],[10.3561,12.7806],[10.3526,12.7749]]]},"properties":{"name":"MATARA BABA","state":"17","code":"17/10/09"}},{"type":"Feature","geometry":{"type":"Polygon","coordinates":[[[10.4587,12.5222],[10.4527,12.5205],[10.4501,12.5161],[10.4476,12.5196],[10.4421,12.5191],[10.4436,12.5254],[10.4393,12.5301],[10.4435,12.5326],[10.4446,12.5369],[10.4396,12.5392],[10.4405,12.535],[10.4386,12.5342],[10.4341,12.538],[10.4333,12.5432],[10.4315,12.5478],[10.4262,12.5506],[10.4247,12.5491],[10.4235,12.5418],[10.4203,12.5384],[10.4174,12.5404],[10.4153,12.5442],[10.4123,12.5442],[10.4132,12.5485],[10.4108,12.5531],[10.4086,12.5534],[10.4034,12.5562],[10.4009,12.5603],[10.3982,12.5675],[10.3994,12.5703],[10.3985,12.5742],[10.3998,12.5771],[10.3995,12.5874],[10.3961,12.5899],[10.3939,12.5899],[10.3897,12.5865],[10.3771,12.5861],[10.364,12.5734],[10.3616,12.5728],[10.3585,12.57],[10.3501,12.5698],[10.3453,12.5673],[10.3315,12.5538],[10.3282,12.5536],[10.3181,12.5531],[10.3135,12.5499],[10.3046,12.5409],[10.3073,12.54],[10.3108,12.5337],[10.3108,12.5234],[10.3197,12.5165],[10.323,12.5111],[10.3235,12.5071],[10.326,12.5039],[10.3261,12.5008],[10.3294,12.4934],[10.3299,12.49],[10.3242,12.4875],[10.3207,12.4938],[10.3184,12.4952],[10.3141,12.4949],[10.3094,12.4896],[10.3107,12.487],[10.3099,12.4811],[10.3146,12.476],[10.3158,12.4728],[10.3102,12.4707],[10.3093,12.4665],[10.305,12.4683],[10.3003,12.4667],[10.2993,12.4648],[10.3097,12.4595],[10.3149,12.4595],[10.3242,12.4616],[10.3312,12.464],[10.344,12.4676],[10.3522,12.4677],[10.3642,12.4709],[10.3759,12.4607],[10.3812,12.4637],[10.3939,12.4652],[10.3998,12.4635],[10.411,12.4595],[10.4208,12.4589],[10.426,12.4579],[10.4296,12.456],[10.4333,12.4433],[10.4378,12.4409],[10.4473,12.4393],[10.452,12.4393],[10.4589,12.4407],[10.4658,12.4436],[10.4748,12.4488],[10.488,12.4555],[10.4864,12.4596],[10.4812,12.4631],[10.4799,12.466],[10.4764,12.4675],[10.4694,12.4663],[10.4677,12.465],[10.4616,12.466],[10.459,12.4687],[10.4542,12.4635],[10.4473,12.4622],[10.4446,12.4644],[10.4451,12.4665],[10.4488,12.4708],[10.4521,12.473],[10.4552,12.4735],[10.4596,12.4776],[10.4574,12.4793],[10.4618,12.4835],[10.4626,12.4872],[10.4659,12.4878],[10.4664,12.4912],[10.4603,12.4967],[10.4665,12.5014],[10.4682,12.5046],[10.4742,12.5078],[10.4716,12.5135],[10.4686,12.5143],[10.4587,12.5222]]]},"properties":{"name":"MUSARI","state":"17","code":"17/10/10"}},{"type":"Feature","geometry":{"type":"Polygon","coordinates":[[[10.1782,11.069],[10.183,11.0741],[10.1892,11.0817],[10.1966,11.0864],[10.2007,11.087],[10.2042,11.0895],[10.2098,11.0923],[10.2185,11.0947],[10.2263,11.0943],[10.2314,11.0895],[10.2352,11.0882],[10.2401,11.0836],[10.2458,11.0799],[10.2481,11.0793],[10.2507,11.0817],[10.258,11.0831],[10.2638,11.0865],[10.2696,11.088],[10.2717,11.094],[10.2705,11.0982],[10.2744,11.1015],[10.2757,11.1052],[10.2791,11.1073],[10.2822,11.1048],[10.2852,11.1041],[10.2869,11.1098],[10.288,11.1107],[10.2901,11.1207],[10.2943,11.1227],[10.2999,11.1202],[10.3024,11.12],[10.3068,11.122],[10.3135,11.1305],[10.3167,11.1304],[10.3258,11.1248],[10.3299,11.1258],[10.3349,11.1232],[10.3378,11.1264],[10.3394,11.1316],[10.3423,11.1315],[10.344,11.1334],[10.3429,11.1365],[10.3441,11.1435],[10.349,11.147],[10.3517,11.153],[10.3532,11.1586],[10.3558,11.1611],[10.3568,11.1679],[10.3646,11.1794],[10.3634,11.1875],[10.3656,11.1955],[10.3667,11.2025],[10.3655,11.2059],[10.3585,11.2081],[10.3479,11.208],[10.3222,11.2042],[10.3029,11.2055],[10.3013,11.206],[10.2795,11.2032],[10.2664,11.2092],[10.2623,11.207],[10.2592,11.2017],[10.2577,11.1928],[10.2543,11.1844],[10.2456,11.1829],[10.2438,11.1717],[10.2441,11.1628],[10.2421,11.161],[10.2401,11.1539],[10.2335,11.1539],[10.2267,11.1549],[10.2255,11.1563],[10.2195,11.1527],[10.2111,11.1454],[10.2097,11.1404],[10.2068,11.1366],[10.2008,11.1337],[10.1912,11.1328],[10.1862,11.1309],[10.183,11.1287],[10.1796,11.1243],[10.1759,11.1212],[10.1753,11.1171],[10.1732,11.1159],[10.1702,11.1119],[10.1677,11.1102],[10.1638,11.1096],[10.1572,11.1057],[10.1538,11.1027],[10.1476,11.1029],[10.1466,11.1014],[10.1441,11.091],[10.1449,11.0875],[10.1472,11.0849],[10.1527,11.0828],[10.1574,11.0823],[10.161,11.0802],[10.1681,11.0807],[10.171,11.0773],[10.1754,11.0736],[10.176,11.0705],[10.1782,11.069]]]},"properties":{"name":"BASIRKA","state":"17","code":"17/11/01"}},{"type":"Feature","geometry":{"type":"Polygon","coordinates":[[[10.2664,11.2092],[10.2533,11.2153],[10.2489,11.2199],[10.2353,11.2239],[10.2295,11.225],[10.2236,11.2249],[10.2213,11.2261],[10.2154,11.226],[10.2131,11.2271],[10.2084,11.227],[10.2023,11.2257],[10.2,11.2261],[10.1897,11.2222],[10.1756,11.2243],[10.165,11.2277],[10.1592,11.2311],[10.1509,11.2394],[10.1457,11.241],[10.1397,11.237],[10.1365,11.2362],[10.1298,11.2379],[10.1199,11.2374],[10.1221,11.247],[10.1131,11.2512],[10.111,11.2515],[10.1083,11.255],[10.1062,11.2552],[10.0986,11.2613],[10.0969,11.2607],[10.0946,11.2641],[10.0908,11.2669],[10.0881,11.267],[10.0867,11.27],[10.0846,11.2702],[10.0803,11.2681],[10.0628,11.2661],[10.052,11.266],[10.0454,11.2653],[10.0277,11.2652],[10.0147,11.2621],[10.0158,11.2611],[10.012,11.2545],[10.0098,11.253],[10.0073,11.2469],[10.0061,11.2419],[10.0006,11.2349],[10.0003,11.2312],[9.9937,11.2311],[9.9869,11.2318],[9.9827,11.2289],[9.978,11.222],[9.973,11.2179],[9.9696,11.214],[9.9657,11.2114],[9.9593,11.2035],[9.9605,11.1977],[9.962,11.1967],[9.9664,11.1885],[9.9655,11.1867],[9.9648,11.1791],[9.9656,11.176],[9.9634,11.1703],[9.9655,11.1669],[9.9633,11.1629],[9.9671,11.1558],[9.9704,11.1623],[9.9733,11.1621],[9.9783,11.1647],[9.9829,11.1656],[9.9847,11.1647],[9.9825,11.1601],[9.9838,11.1552],[9.9836,11.1515],[9.9813,11.1435],[9.9795,11.1395],[9.977,11.1311],[9.9816,11.127],[9.9847,11.1276],[9.9899,11.1268],[9.9968,11.1286],[10.0041,11.1281],[10.0062,11.1242],[10.0106,11.1217],[10.0155,11.1162],[10.0139,11.1126],[10.0085,11.1089],[10.008,11.107],[10.0147,11.1021],[10.0119,11.0952],[10.014,11.0866],[10.0141,11.0827],[10.018,11.0801],[10.0237,11.082],[10.0273,11.0863],[10.0354,11.0884],[10.0362,11.0972],[10.0383,11.1006],[10.0387,11.1063],[10.0368,11.1092],[10.0386,11.1131],[10.0424,11.1143],[10.0491,11.1127],[10.0537,11.11],[10.0589,11.1049],[10.0657,11.1045],[10.0666,11.1025],[10.0723,11.0981],[10.0777,11.1019],[10.0791,11.1045],[10.0839,11.108],[10.0822,11.1239],[10.0833,11.1261],[10.0817,11.1282],[10.0787,11.137],[10.0751,11.1423],[10.0769,11.1472],[10.0721,11.1494],[10.0665,11.155],[10.0664,11.1626],[10.0637,11.1687],[10.0701,11.1693],[10.0785,11.1744],[10.0834,11.1793],[10.0867,11.1783],[10.0941,11.1789],[10.0974,11.1785],[10.1036,11.1761],[10.1078,11.1787],[10.1065,11.182],[10.1097,11.1828],[10.113,11.1856],[10.1133,11.1915],[10.1174,11.1942],[10.1177,11.1966],[10.1222,11.1979],[10.123,11.2002],[10.1289,11.2046],[10.1304,11.2047],[10.1349,11.2085],[10.1377,11.2092],[10.1508,11.2057],[10.149,11.1982],[10.1445,11.1902],[10.1446,11.1862],[10.149,11.1783],[10.1612,11.1725],[10.1643,11.1739],[10.1718,11.173],[10.1763,11.174],[10.1797,11.1733],[10.1836,11.1738],[10.186,11.168],[10.1938,11.1617],[10.2022,11.1566],[10.2035,11.1536],[10.2078,11.151],[10.2111,11.1454],[10.2195,11.1527],[10.2255,11.1563],[10.2267,11.1549],[10.2335,11.1539],[10.2401,11.1539],[10.2421,11.161],[10.2441,11.1628],[10.2438,11.1717],[10.2456,11.1829],[10.2543,11.1844],[10.2577,11.1928],[10.2592,11.2017],[10.2623,11.207],[10.2664,11.2092]]]},"properties":{"name":"DINGAYA","state":"17","code":"17/11/02"}},{"type":"Feature","geometry":{"type":"Polygon","coordinates":[[[9.9671,11.1558],[9.9653,11.1516],[9.9616,11.1485],[9.9579,11.147],[9.9534,11.1424],[9.9496,11.1413],[9.9468,11.1322],[9.9413,11.1306],[9.9393,11.131],[9.935,11.1281],[9.9271,11.1251],[9.9224,11.1251],[9.92,11.1234],[9.9175,11.1247],[9.9128,11.124],[9.9081,11.1192],[9.9062,11.1198],[9.9002,11.1174],[9.9015,11.1134],[9.8969,11.1094],[9.8941,11.1104],[9.8901,11.1072],[9.8888,11.0939],[9.8552,11.0765],[9.8529,11.0662],[9.8592,11.0555],[9.8544,11.0454],[9.8539,11.0404],[9.8593,11.0144],[9.8629,11.0064],[9.8689,10.9996],[9.874,10.9973],[9.8815,10.9893],[9.8913,10.9913],[9.8928,10.9911],[9.9292,10.9916],[9.9671,10.9708],[9.9855,10.9582],[10.0063,10.9557],[10.0103,10.9701],[10.0254,10.9729],[10.0462,10.9659],[10.0586,10.9695],[10.0615,10.9709],[10.088,10.99],[10.1119,10.9922],[10.1118,10.9853],[10.1155,10.9879],[10.1212,10.9887],[10.1237,10.9911],[10.1215,10.9956],[10.122,11.0007],[10.1211,11.0079],[10.1192,11.0118],[10.1191,11.0146],[10.1151,11.0168],[10.1132,11.0203],[10.1166,11.0215],[10.1182,11.0248],[10.12,11.0254],[10.1223,11.0288],[10.1262,11.032],[10.13,11.0323],[10.136,11.0367],[10.1395,11.0408],[10.1423,11.0424],[10.1424,11.0549],[10.1412,11.0599],[10.1377,11.0622],[10.1321,11.0688],[10.1289,11.0751],[10.1268,11.0817],[10.1243,11.0831],[10.123,11.0886],[10.1188,11.0889],[10.1118,11.0917],[10.1077,11.0903],[10.1001,11.0803],[10.0972,11.0781],[10.0885,11.081],[10.0822,11.0875],[10.0769,11.0943],[10.0726,11.0962],[10.0723,11.0981],[10.0666,11.1025],[10.0657,11.1045],[10.0589,11.1049],[10.0537,11.11],[10.0491,11.1127],[10.0424,11.1143],[10.0386,11.1131],[10.0368,11.1092],[10.0387,11.1063],[10.0383,11.1006],[10.0362,11.0972],[10.0354,11.0884],[10.0273,11.0863],[10.0237,11.082],[10.018,11.0801],[10.0141,11.0827],[10.014,11.0866],[10.0119,11.0952],[10.0147,11.1021],[10.008,11.107],[10.0085,11.1089],[10.0139,11.1126],[10.0155,11.1162],[10.0106,11.1217],[10.0062,11.1242],[10.0041,11.1281],[9.9968,11.1286],[9.9899,11.1268],[9.9847,11.1276],[9.9816,11.127],[9.977,11.1311],[9.9795,11.1395],[9.9813,11.1435],[9.9836,11.1515],[9.9838,11.1552],[9.9825,11.1601],[9.9847,11.1647],[9.9829,11.1656],[9.9783,11.1647],[9.9733,11.1621],[9.9704,11.1623],[9.9671,11.1558]]]},"properties":{"name":"FAGAM","state":"17","code":"17/11/03"}},{"type":"Feature","geometry":{"type":"Polygon","coordinates":[[[9.9593,11.2035],[9.9551,11.2045],[9.9512,11.2074],[9.951,11.2104],[9.9484,11.2159],[9.9454,11.217],[9.9416,11.2203],[9.9401,11.2232],[9.9363,11.2271],[9.934,11.2297],[9.9239,11.2354],[9.921,11.2309],[9.9135,11.2285],[9.9106,11.2298],[9.9072,11.229],[9.9001,11.2311],[9.8981,11.2346],[9.8951,11.2367],[9.8933,11.232],[9.8949,11.2233],[9.8946,11.2212],[9.8919,11.2197],[9.8833,11.22],[9.883,11.221],[9.8763,11.2233],[9.8764,11.2181],[9.8788,11.2134],[9.8739,11.2077],[9.8714,11.2029],[9.8731,11.1976],[9.881,11.1961],[9.8787,11.194],[9.8777,11.1886],[9.8738,11.1868],[9.8775,11.179],[9.8803,11.1678],[9.8827,11.1638],[9.8839,11.1542],[9.8828,11.1448],[9.8794,11.138],[9.8781,11.133],[9.8843,11.1182],[9.8878,11.1128],[9.8901,11.1072],[9.8941,11.1104],[9.8969,11.1094],[9.9015,11.1134],[9.9002,11.1174],[9.9062,11.1198],[9.9081,11.1192],[9.9128,11.124],[9.9175,11.1247],[9.92,11.1234],[9.9224,11.1251],[9.9271,11.1251],[9.935,11.1281],[9.9393,11.131],[9.9413,11.1306],[9.9468,11.1322],[9.9496,11.1413],[9.9534,11.1424],[9.9579,11.147],[9.9616,11.1485],[9.9653,11.1516],[9.9671,11.1558],[9.9633,11.1629],[9.9655,11.1669],[9.9634,11.1703],[9.9656,11.176],[9.9648,11.1791],[9.9655,11.1867],[9.9664,11.1885],[9.962,11.1967],[9.9605,11.1977],[9.9593,11.2035]]]},"properties":{"name":"FARIN DUTSE","state":"17","code":"17/11/04"}},{"type":"Feature","geometry":{"type":"Polygon","coordinates":[[[9.9363,11.2271],[9.9382,11.2286],[9.9393,11.2336],[9.9418,11.2361],[9.9449,11.2485],[9.9494,11.2559],[9.9464,11.2604],[9.9445,11.2737],[9.9452,11.2767],[9.9404,11.2809],[9.9324,11.2843],[9.9285,11.2898],[9.9251,11.2926],[9.9269,11.3003],[9.9252,11.3005],[9.9236,11.3078],[9.9178,11.3057],[9.9174,11.3092],[9.9142,11.3107],[9.9119,11.3141],[9.9081,11.3167],[9.9065,11.3193],[9.9024,11.3185],[9.8859,11.3198],[9.8807,11.3241],[9.8783,11.3215],[9.8754,11.3209],[9.8733,11.3165],[9.8674,11.3133],[9.8649,11.3107],[9.8638,11.3074],[9.8551,11.3028],[9.8523,11.2945],[9.8537,11.2942],[9.8558,11.2891],[9.852,11.2866],[9.8481,11.2827],[9.8445,11.2814],[9.8432,11.2787],[9.8339,11.2744],[9.8266,11.2723],[9.8297,11.2662],[9.831,11.2614],[9.8347,11.2511],[9.837,11.2467],[9.8387,11.2386],[9.8419,11.2296],[9.8483,11.2278],[9.8525,11.2181],[9.8597,11.2044],[9.8618,11.1982],[9.8731,11.1976],[9.8714,11.2029],[9.8739,11.2077],[9.8788,11.2134],[9.8764,11.2181],[9.8763,11.2233],[9.883,11.221],[9.8833,11.22],[9.8919,11.2197],[9.8946,11.2212],[9.8949,11.2233],[9.8933,11.232],[9.8951,11.2367],[9.8981,11.2346],[9.9001,11.2311],[9.9072,11.229],[9.9106,11.2298],[9.9135,11.2285],[9.921,11.2309],[9.9239,11.2354],[9.934,11.2297],[9.9363,11.2271]]]},"properties":{"name":"GWARAM TSOHUWA","state":"17","code":"17/11/05"}},{"type":"Feature","geometry":{"type":"Polygon","coordinates":[[[9.8061,11.3542],[9.7991,11.3565],[9.7922,11.3558],[9.7902,11.3525],[9.7848,11.3472],[9.781,11.3452],[9.7756,11.3456],[9.7763,11.3494],[9.7788,11.3545],[9.7781,11.3573],[9.7786,11.3621],[9.7767,11.3665],[9.7716,11.3713],[9.7675,11.3742],[9.7625,11.3733],[9.7597,11.3744],[9.7572,11.3733],[9.7499,11.3812],[9.7394,11.378],[9.7359,11.3742],[9.7329,11.3661],[9.7352,11.3624],[9.7386,11.3601],[9.7372,11.3524],[9.7374,11.3475],[9.7366,11.344],[9.7559,11.3376],[9.759,11.3357],[9.7574,11.3266],[9.7473,11.3265],[9.7433,11.3287],[9.74,11.3262],[9.7326,11.3229],[9.7313,11.3203],[9.721,11.3155],[9.72,11.3122],[9.7211,11.31],[9.7204,11.3062],[9.7228,11.306],[9.7237,11.3025],[9.729,11.2963],[9.7283,11.2929],[9.7304,11.2886],[9.7369,11.285],[9.7391,11.2824],[9.7392,11.2775],[9.7412,11.2713],[9.7407,11.2685],[9.7544,11.2694],[9.7576,11.267],[9.7619,11.2658],[9.7652,11.2629],[9.7685,11.2616],[9.7705,11.258],[9.7731,11.2586],[9.7754,11.2565],[9.7791,11.2616],[9.7828,11.2625],[9.7849,11.261],[9.7889,11.2607],[9.7943,11.2666],[9.7941,11.2703],[9.7964,11.2723],[9.8013,11.2742],[9.8026,11.2753],[9.7996,11.282],[9.7971,11.284],[9.7956,11.2891],[9.7984,11.2909],[9.8029,11.2999],[9.8058,11.3],[9.811,11.3016],[9.8143,11.3043],[9.8204,11.3024],[9.8307,11.3024],[9.8356,11.297],[9.8388,11.3018],[9.8368,11.3088],[9.8376,11.3154],[9.8322,11.3216],[9.8338,11.3242],[9.8399,11.3295],[9.8364,11.3334],[9.8373,11.3367],[9.8369,11.3419],[9.8306,11.3427],[9.8294,11.3455],[9.8183,11.3459],[9.8134,11.343],[9.81,11.3466],[9.8065,11.3483],[9.8061,11.3542]]]},"properties":{"name":"KILA","state":"17","code":"17/11/06"}},{"type":"Feature","geometry":{"type":"Polygon","coordinates":[[[10.2111,11.1454],[10.2078,11.151],[10.2035,11.1536],[10.2022,11.1566],[10.1938,11.1617],[10.186,11.168],[10.1836,11.1738],[10.1797,11.1733],[10.1763,11.174],[10.1718,11.173],[10.1643,11.1739],[10.1612,11.1725],[10.149,11.1783],[10.1446,11.1862],[10.1445,11.1902],[10.149,11.1982],[10.1508,11.2057],[10.1377,11.2092],[10.1349,11.2085],[10.1304,11.2047],[10.1289,11.2046],[10.123,11.2002],[10.1222,11.1979],[10.1177,11.1966],[10.1174,11.1942],[10.1133,11.1915],[10.113,11.1856],[10.1097,11.1828],[10.1065,11.182],[10.1078,11.1787],[10.1036,11.1761],[10.0974,11.1785],[10.0941,11.1789],[10.0867,11.1783],[10.0834,11.1793],[10.0785,11.1744],[10.0701,11.1693],[10.0637,11.1687],[10.0664,11.1626],[10.0665,11.155],[10.0721,11.1494],[10.0769,11.1472],[10.0751,11.1423],[10.0787,11.137],[10.0817,11.1282],[10.0833,11.1261],[10.0822,11.1239],[10.0839,11.108],[10.0791,11.1045],[10.0777,11.1019],[10.0723,11.0981],[10.0726,11.0962],[10.0769,11.0943],[10.0822,11.0875],[10.0885,11.081],[10.0972,11.0781],[10.1001,11.0803],[10.1077,11.0903],[10.1118,11.0917],[10.1188,11.0889],[10.123,11.0886],[10.1243,11.0831],[10.1268,11.0817],[10.1289,11.0751],[10.1321,11.0688],[10.1377,11.0622],[10.1412,11.0599],[10.1424,11.0549],[10.1423,11.0424],[10.1395,11.0408],[10.136,11.0367],[10.13,11.0323],[10.1262,11.032],[10.1223,11.0288],[10.12,11.0254],[10.1182,11.0248],[10.1166,11.0215],[10.1132,11.0203],[10.1151,11.0168],[10.1191,11.0146],[10.1192,11.0118],[10.1211,11.0079],[10.122,11.0007],[10.1215,10.9956],[10.1237,10.9911],[10.1212,10.9887],[10.1155,10.9879],[10.1118,10.9853],[10.1127,10.9839],[10.1107,10.9781],[10.1116,10.9763],[10.1112,10.9626],[10.1199,10.9542],[10.134,10.9475],[10.1434,10.9465],[10.1481,10.9454],[10.1511,10.9472],[10.1563,10.9443],[10.1634,10.9444],[10.1727,10.9422],[10.1868,10.9447],[10.1914,10.9482],[10.2082,10.9466],[10.2202,10.9468],[10.2216,10.9521],[10.2205,10.9569],[10.2184,10.9577],[10.2043,10.9755],[10.1953,10.9818],[10.1838,10.9861],[10.1691,10.9888],[10.1613,10.9978],[10.1548,11.0061],[10.1536,11.0136],[10.1575,11.0206],[10.1618,11.0297],[10.1588,11.0327],[10.1618,11.04],[10.1666,11.0479],[10.1688,11.0581],[10.1716,11.0615],[10.1748,11.0628],[10.1782,11.069],[10.176,11.0705],[10.1754,11.0736],[10.171,11.0773],[10.1681,11.0807],[10.161,11.0802],[10.1574,11.0823],[10.1527,11.0828],[10.1472,11.0849],[10.1449,11.0875],[10.1441,11.091],[10.1466,11.1014],[10.1476,11.1029],[10.1538,11.1027],[10.1572,11.1057],[10.1638,11.1096],[10.1677,11.1102],[10.1702,11.1119],[10.1732,11.1159],[10.1753,11.1171],[10.1759,11.1212],[10.1796,11.1243],[10.183,11.1287],[10.1862,11.1309],[10.1912,11.1328],[10.2008,11.1337],[10.2068,11.1366],[10.2097,11.1404],[10.2111,11.1454]]]},"properties":{"name":"KWANDIKO","state":"17","code":"17/11/07"}},{"type":"Feature","geometry":{"type":"Polygon","coordinates":[[[9.8825,11.3595],[9.8847,11.3695],[9.8895,11.3714],[9.8884,11.381],[9.8845,11.3813],[9.8809,11.3864],[9.88,11.3889],[9.8851,11.3963],[9.8856,11.4064],[9.8821,11.4108],[9.8762,11.4154],[9.8761,11.4234],[9.8801,11.4355],[9.8783,11.4394],[9.8764,11.4469],[9.8778,11.4487],[9.8748,11.4527],[9.8689,11.4583],[9.8646,11.4584],[9.8635,11.4605],[9.8557,11.466],[9.8014,11.4434],[9.801,11.4378],[9.7995,11.4362],[9.7953,11.436],[9.7927,11.4332],[9.7897,11.4268],[9.7913,11.4188],[9.798,11.4179],[9.8001,11.4156],[9.8054,11.4161],[9.8069,11.4129],[9.8092,11.4107],[9.8118,11.4046],[9.8131,11.3964],[9.8178,11.3946],[9.8174,11.391],[9.8107,11.3913],[9.806,11.3903],[9.8021,11.3881],[9.7995,11.3885],[9.7946,11.3866],[9.7979,11.3756],[9.7968,11.373],[9.8055,11.3688],[9.8154,11.3667],[9.8221,11.3662],[9.8258,11.3696],[9.8271,11.376],[9.8297,11.3826],[9.8375,11.3784],[9.8398,11.375],[9.8397,11.3698],[9.8419,11.3583],[9.846,11.3554],[9.8505,11.3533],[9.8564,11.3469],[9.8576,11.3502],[9.8602,11.3535],[9.8636,11.353],[9.8628,11.3498],[9.8675,11.3447],[9.8752,11.3443],[9.8755,11.3491],[9.8744,11.3505],[9.8772,11.3577],[9.8802,11.3575],[9.8825,11.3595]]]},"properties":{"name":"MARUTA","state":"17","code":"17/11/08"}},{"type":"Feature","geometry":{"type":"Polygon","coordinates":[[[9.6315,11.2358],[9.6378,11.2348],[9.6476,11.2341],[9.6525,11.2319],[9.662,11.2284],[9.6676,11.2314],[9.6705,11.2273],[9.6706,11.2245],[9.6743,11.2221],[9.6776,11.2213],[9.6841,11.2219],[9.6893,11.2247],[9.6896,11.2258],[9.6966,11.2287],[9.7011,11.2294],[9.7017,11.2313],[9.7075,11.2313],[9.7102,11.23],[9.7157,11.2414],[9.7155,11.2447],[9.7209,11.2475],[9.7233,11.2463],[9.7282,11.2511],[9.7304,11.2493],[9.7338,11.2502],[9.7376,11.2484],[9.7428,11.2493],[9.7448,11.2484],[9.7455,11.2449],[9.7625,11.2458],[9.7676,11.2533],[9.7713,11.2558],[9.7754,11.2565],[9.7731,11.2586],[9.7705,11.258],[9.7685,11.2616],[9.7652,11.2629],[9.7619,11.2658],[9.7576,11.267],[9.7544,11.2694],[9.7407,11.2685],[9.7412,11.2713],[9.7392,11.2775],[9.7391,11.2824],[9.7369,11.285],[9.7304,11.2886],[9.7283,11.2929],[9.729,11.2963],[9.7237,11.3025],[9.7228,11.306],[9.7204,11.3062],[9.7211,11.31],[9.72,11.3122],[9.721,11.3155],[9.7313,11.3203],[9.7326,11.3229],[9.74,11.3262],[9.7433,11.3287],[9.7473,11.3265],[9.7574,11.3266],[9.759,11.3357],[9.7559,11.3376],[9.7366,11.344],[9.7374,11.3475],[9.7372,11.3524],[9.7386,11.3601],[9.7352,11.3624],[9.7329,11.3661],[9.7359,11.3742],[9.732,11.3741],[9.7254,11.3803],[9.7219,11.3806],[9.716,11.3825],[9.7146,11.3892],[9.7097,11.3898],[9.7063,11.3933],[9.7005,11.3911],[9.6991,11.3871],[9.7001,11.3842],[9.6972,11.3834],[9.6954,11.3811],[9.6918,11.3812],[9.687,11.3866],[9.6799,11.3784],[9.6788,11.3755],[9.666,11.3632],[9.6623,11.3636],[9.6601,11.3608],[9.6557,11.3586],[9.6523,11.3601],[9.6462,11.3568],[9.6459,11.3491],[9.6426,11.3473],[9.6412,11.3386],[9.642,11.3332],[9.6444,11.3295],[9.6499,11.3233],[9.658,11.3126],[9.659,11.3083],[9.6543,11.3033],[9.6521,11.3024],[9.6481,11.2981],[9.6456,11.2972],[9.6413,11.2925],[9.6406,11.2881],[9.644,11.2825],[9.6455,11.275],[9.6489,11.2686],[9.6432,11.2617],[9.64,11.26],[9.6372,11.2603],[9.6285,11.2556],[9.6286,11.2513],[9.6301,11.249],[9.6289,11.2453],[9.631,11.2439],[9.6322,11.2393],[9.6315,11.2358]]]},"properties":{"name":"SARA","state":"17","code":"17/11/09"}},{"type":"Feature","geometry":{"type":"Polygon","coordinates":[[[9.687,11.3866],[9.6918,11.3812],[9.6954,11.3811],[9.6972,11.3834],[9.7001,11.3842],[9.6991,11.3871],[9.7005,11.3911],[9.7063,11.3933],[9.7097,11.3898],[9.7146,11.3892],[9.716,11.3825],[9.7219,11.3806],[9.7254,11.3803],[9.732,11.3741],[9.7359,11.3742],[9.7394,11.378],[9.7499,11.3812],[9.7572,11.3733],[9.7597,11.3744],[9.7625,11.3733],[9.7675,11.3742],[9.7716,11.3713],[9.7767,11.3665],[9.7786,11.3621],[9.7781,11.3573],[9.7788,11.3545],[9.7763,11.3494],[9.7756,11.3456],[9.781,11.3452],[9.7848,11.3472],[9.7902,11.3525],[9.7922,11.3558],[9.7991,11.3565],[9.8061,11.3542],[9.8143,11.3589],[9.8221,11.3662],[9.8154,11.3667],[9.8055,11.3688],[9.7968,11.373],[9.7979,11.3756],[9.7946,11.3866],[9.7995,11.3885],[9.8021,11.3881],[9.806,11.3903],[9.8107,11.3913],[9.8174,11.391],[9.8178,11.3946],[9.8131,11.3964],[9.8118,11.4046],[9.8092,11.4107],[9.8069,11.4129],[9.8054,11.4161],[9.8001,11.4156],[9.798,11.4179],[9.7913,11.4188],[9.7897,11.4268],[9.7927,11.4332],[9.7953,11.436],[9.7995,11.4362],[9.801,11.4378],[9.8014,11.4434],[9.7896,11.461],[9.7837,11.4597],[9.78,11.4608],[9.777,11.4584],[9.7701,11.4593],[9.769,11.456],[9.7661,11.456],[9.7645,11.4524],[9.7613,11.4481],[9.7472,11.4433],[9.7441,11.4401],[9.7374,11.4434],[9.7333,11.4436],[9.7298,11.4342],[9.7277,11.4309],[9.7233,11.4308],[9.7182,11.4337],[9.7048,11.434],[9.7037,11.4327],[9.7067,11.4271],[9.7102,11.4221],[9.7109,11.419],[9.7069,11.4157],[9.7041,11.4113],[9.6962,11.4094],[9.6917,11.4104],[9.6811,11.4056],[9.6769,11.4013],[9.6814,11.3971],[9.6822,11.3929],[9.6871,11.3877],[9.687,11.3866]]]},"properties":{"name":"TSANGARWA","state":"17","code":"17/11/10"}},{"type":"Feature","geometry":{"type":"Polygon","coordinates":[[[10.0147,11.2621],[10.0113,11.2616],[10.0074,11.2625],[10.0025,11.2616],[9.9915,11.2702],[9.9764,11.2777],[9.9699,11.2784],[9.9683,11.283],[9.9646,11.2818],[9.9594,11.2852],[9.9484,11.2963],[9.9415,11.3139],[9.9375,11.3161],[9.9332,11.3208],[9.9309,11.3255],[9.932,11.3308],[9.9318,11.3341],[9.9297,11.3359],[9.9165,11.3368],[9.9183,11.3474],[9.9167,11.3479],[9.9035,11.3475],[9.885,11.3567],[9.8825,11.3595],[9.8802,11.3575],[9.8772,11.3577],[9.8744,11.3505],[9.8755,11.3491],[9.8752,11.3443],[9.8675,11.3447],[9.8628,11.3498],[9.8636,11.353],[9.8602,11.3535],[9.8576,11.3502],[9.8564,11.3469],[9.8505,11.3533],[9.846,11.3554],[9.8419,11.3583],[9.8397,11.3698],[9.8398,11.375],[9.8375,11.3784],[9.8297,11.3826],[9.8271,11.376],[9.8258,11.3696],[9.8221,11.3662],[9.8143,11.3589],[9.8061,11.3542],[9.8065,11.3483],[9.81,11.3466],[9.8134,11.343],[9.8183,11.3459],[9.8294,11.3455],[9.8306,11.3427],[9.8369,11.3419],[9.8373,11.3367],[9.8364,11.3334],[9.8399,11.3295],[9.8338,11.3242],[9.8322,11.3216],[9.8376,11.3154],[9.8368,11.3088],[9.8388,11.3018],[9.8356,11.297],[9.8307,11.3024],[9.8204,11.3024],[9.8143,11.3043],[9.811,11.3016],[9.8058,11.3],[9.8029,11.2999],[9.7984,11.2909],[9.7956,11.2891],[9.7971,11.284],[9.7996,11.282],[9.8026,11.2753],[9.8013,11.2742],[9.8045,11.2748],[9.8108,11.2783],[9.8137,11.277],[9.8163,11.2786],[9.8199,11.2776],[9.8249,11.2788],[9.8266,11.2723],[9.8339,11.2744],[9.8432,11.2787],[9.8445,11.2814],[9.8481,11.2827],[9.852,11.2866],[9.8558,11.2891],[9.8537,11.2942],[9.8523,11.2945],[9.8551,11.3028],[9.8638,11.3074],[9.8649,11.3107],[9.8674,11.3133],[9.8733,11.3165],[9.8754,11.3209],[9.8783,11.3215],[9.8807,11.3241],[9.8859,11.3198],[9.9024,11.3185],[9.9065,11.3193],[9.9081,11.3167],[9.9119,11.3141],[9.9142,11.3107],[9.9174,11.3092],[9.9178,11.3057],[9.9236,11.3078],[9.9252,11.3005],[9.9269,11.3003],[9.9251,11.2926],[9.9285,11.2898],[9.9324,11.2843],[9.9404,11.2809],[9.9452,11.2767],[9.9445,11.2737],[9.9464,11.2604],[9.9494,11.2559],[9.9449,11.2485],[9.9418,11.2361],[9.9393,11.2336],[9.9382,11.2286],[9.9363,11.2271],[9.9401,11.2232],[9.9416,11.2203],[9.9454,11.217],[9.9484,11.2159],[9.951,11.2104],[9.9512,11.2074],[9.9551,11.2045],[9.9593,11.2035],[9.9657,11.2114],[9.9696,11.214],[9.973,11.2179],[9.978,11.222],[9.9827,11.2289],[9.9869,11.2318],[9.9937,11.2311],[10.0003,11.2312],[10.0006,11.2349],[10.0061,11.2419],[10.0073,11.2469],[10.0098,11.253],[10.012,11.2545],[10.0158,11.2611],[10.0147,11.2621]]]},"properties":{"name":"ZANDAN NAGOGO","state":"17","code":"17/11/11"}},{"type":"Feature","geometry":{"type":"Polygon","coordinates":[[[8.31,12.7359],[8.3052,12.7389],[8.2977,12.7355],[8.2941,12.7328],[8.2917,12.7325],[8.2894,12.7394],[8.2889,12.7436],[8.2865,12.7442],[8.276,12.7402],[8.2755,12.7368],[8.2735,12.7333],[8.2702,12.7313],[8.2665,12.7358],[8.264,12.7424],[8.2666,12.7467],[8.2652,12.7508],[8.2612,12.7529],[8.2624,12.7608],[8.2599,12.7646],[8.2571,12.766],[8.2554,12.7648],[8.2513,12.7658],[8.2486,12.7623],[8.2485,12.7527],[8.2464,12.7509],[8.2425,12.7525],[8.2382,12.7531],[8.2331,12.7514],[8.2333,12.748],[8.2318,12.7405],[8.2334,12.7342],[8.2329,12.733],[8.2348,12.7256],[8.2321,12.7246],[8.2319,12.7199],[8.2292,12.7171],[8.2296,12.7128],[8.2284,12.7096],[8.232,12.7043],[8.2313,12.7023],[8.2302,12.6926],[8.2332,12.6904],[8.2385,12.6915],[8.2432,12.6916],[8.2508,12.6858],[8.258,12.6838],[8.2614,12.6794],[8.2618,12.6742],[8.2672,12.673],[8.2699,12.6742],[8.277,12.6754],[8.2788,12.6773],[8.2831,12.6743],[8.2919,12.6782],[8.2976,12.6834],[8.3012,12.6844],[8.3028,12.6896],[8.3027,12.6952],[8.3037,12.6986],[8.3022,12.701],[8.3022,12.7077],[8.3094,12.7091],[8.3081,12.7155],[8.3099,12.722],[8.308,12.7254],[8.308,12.7304],[8.31,12.7359]]]},"properties":{"name":"BUNTUSU","state":"17","code":"17/12/01"}},{"type":"Feature","geometry":{"type":"Polygon","coordinates":[[[8.2331,12.7514],[8.2254,12.7538],[8.2186,12.7527],[8.2166,12.7483],[8.2168,12.7429],[8.2157,12.7405],[8.2117,12.7401],[8.2025,12.7415],[8.2,12.7393],[8.192,12.7349],[8.1903,12.7334],[8.1668,12.729],[8.1633,12.7271],[8.1592,12.7267],[8.1539,12.724],[8.1475,12.7221],[8.1445,12.7213],[8.1433,12.7153],[8.1488,12.7021],[8.1526,12.7009],[8.1544,12.6972],[8.1615,12.6973],[8.1641,12.6961],[8.1613,12.6921],[8.1613,12.6883],[8.1622,12.6832],[8.1662,12.6836],[8.1697,12.6853],[8.1761,12.681],[8.1803,12.6826],[8.1838,12.6799],[8.1869,12.6812],[8.1916,12.6801],[8.194,12.6765],[8.1976,12.6777],[8.2083,12.6787],[8.2148,12.6814],[8.2227,12.6831],[8.2201,12.6873],[8.2242,12.6898],[8.2262,12.6928],[8.2302,12.6926],[8.2313,12.7023],[8.232,12.7043],[8.2284,12.7096],[8.2296,12.7128],[8.2292,12.7171],[8.2319,12.7199],[8.2321,12.7246],[8.2348,12.7256],[8.2329,12.733],[8.2334,12.7342],[8.2318,12.7405],[8.2333,12.748],[8.2331,12.7514]]]},"properties":{"name":"DABI","state":"17","code":"17/12/02"}},{"type":"Feature","geometry":{"type":"Polygon","coordinates":[[[8.31,12.7359],[8.3153,12.7368],[8.3188,12.7405],[8.3154,12.7422],[8.3139,12.7512],[8.3144,12.7538],[8.3132,12.7621],[8.3123,12.7629],[8.3115,12.7701],[8.3075,12.7725],[8.3015,12.7741],[8.2979,12.7802],[8.2958,12.7863],[8.291,12.7866],[8.2866,12.7883],[8.2821,12.7884],[8.2759,12.7902],[8.2737,12.7883],[8.2677,12.7892],[8.264,12.7883],[8.261,12.7895],[8.2535,12.7864],[8.2514,12.7865],[8.2458,12.7834],[8.2447,12.7778],[8.2461,12.7729],[8.2513,12.7658],[8.2554,12.7648],[8.2571,12.766],[8.2599,12.7646],[8.2624,12.7608],[8.2612,12.7529],[8.2652,12.7508],[8.2666,12.7467],[8.264,12.7424],[8.2665,12.7358],[8.2702,12.7313],[8.2735,12.7333],[8.2755,12.7368],[8.276,12.7402],[8.2865,12.7442],[8.2889,12.7436],[8.2894,12.7394],[8.2917,12.7325],[8.2941,12.7328],[8.2977,12.7355],[8.3052,12.7389],[8.31,12.7359]]]},"properties":{"name":"DARINA","state":"17","code":"17/12/03"}},{"type":"Feature","geometry":{"type":"Polygon","coordinates":[[[8.4098,12.7775],[8.4079,12.7843],[8.4002,12.7878],[8.3949,12.7869],[8.3818,12.7865],[8.3775,12.7807],[8.3785,12.7708],[8.3779,12.7665],[8.3847,12.7629],[8.3866,12.7606],[8.3891,12.7554],[8.3892,12.747],[8.3877,12.7425],[8.3784,12.7454],[8.3739,12.7428],[8.3696,12.7392],[8.3667,12.7341],[8.3703,12.7271],[8.3714,12.723],[8.3756,12.718],[8.3768,12.7148],[8.3831,12.7119],[8.3873,12.7145],[8.389,12.7176],[8.3919,12.7196],[8.3948,12.7241],[8.4009,12.7231],[8.4072,12.7241],[8.41,12.7265],[8.4121,12.7317],[8.4115,12.7338],[8.4005,12.7461],[8.3994,12.758],[8.4021,12.7583],[8.4084,12.7614],[8.405,12.7702],[8.4098,12.7775]]]},"properties":{"name":"F/YAMMA","state":"17","code":"17/12/04"}},{"type":"Feature","geometry":{"type":"Polygon","coordinates":[[[8.3949,12.7869],[8.3936,12.7934],[8.3952,12.8041],[8.3935,12.8028],[8.3892,12.8033],[8.384,12.8027],[8.3758,12.797],[8.3727,12.7984],[8.3656,12.7991],[8.3604,12.7969],[8.357,12.7982],[8.3514,12.7988],[8.3478,12.7979],[8.3479,12.7905],[8.3494,12.7868],[8.3496,12.7794],[8.3425,12.7748],[8.3402,12.7688],[8.3415,12.7631],[8.3344,12.76],[8.3326,12.7569],[8.3341,12.7553],[8.3349,12.7514],[8.3388,12.7474],[8.3405,12.7469],[8.3397,12.7426],[8.3483,12.7367],[8.3532,12.7304],[8.3566,12.7313],[8.3594,12.7344],[8.3667,12.7341],[8.3696,12.7392],[8.3739,12.7428],[8.3784,12.7454],[8.3877,12.7425],[8.3892,12.747],[8.3891,12.7554],[8.3866,12.7606],[8.3847,12.7629],[8.3779,12.7665],[8.3785,12.7708],[8.3775,12.7807],[8.3818,12.7865],[8.3949,12.7869]]]},"properties":{"name":"GUNTAI","state":"17","code":"17/12/05"}},{"type":"Feature","geometry":{"type":"Polygon","coordinates":[[[8.3099,12.722],[8.3173,12.7213],[8.3239,12.7257],[8.3217,12.732],[8.3218,12.7357],[8.3235,12.7382],[8.3284,12.7414],[8.3397,12.7426],[8.3405,12.7469],[8.3388,12.7474],[8.3349,12.7514],[8.3341,12.7553],[8.3326,12.7569],[8.3344,12.76],[8.3415,12.7631],[8.3402,12.7688],[8.3425,12.7748],[8.3496,12.7794],[8.3494,12.7868],[8.3479,12.7905],[8.3478,12.7979],[8.3415,12.7975],[8.336,12.7963],[8.3304,12.7983],[8.3268,12.795],[8.3242,12.7944],[8.3209,12.7892],[8.3112,12.7902],[8.309,12.7916],[8.304,12.788],[8.2977,12.7881],[8.2958,12.7863],[8.2979,12.7802],[8.3015,12.7741],[8.3075,12.7725],[8.3115,12.7701],[8.3123,12.7629],[8.3132,12.7621],[8.3144,12.7538],[8.3139,12.7512],[8.3154,12.7422],[8.3188,12.7405],[8.3153,12.7368],[8.31,12.7359],[8.308,12.7304],[8.308,12.7254],[8.3099,12.722]]]},"properties":{"name":"GWIWA","state":"17","code":"17/12/06"}},{"type":"Feature","geometry":{"type":"Polygon","coordinates":[[[8.2513,12.7658],[8.2461,12.7729],[8.2447,12.7778],[8.2458,12.7834],[8.2416,12.7845],[8.237,12.7828],[8.2323,12.7824],[8.2254,12.7841],[8.2213,12.7813],[8.219,12.7817],[8.2163,12.7862],[8.2135,12.7883],[8.2079,12.7877],[8.204,12.7886],[8.1981,12.7774],[8.1933,12.7748],[8.1906,12.7766],[8.1871,12.7773],[8.18,12.7827],[8.1729,12.785],[8.17,12.7856],[8.1636,12.7794],[8.1629,12.7745],[8.1602,12.7729],[8.162,12.767],[8.1625,12.7625],[8.1639,12.7621],[8.1671,12.7567],[8.1721,12.7511],[8.1802,12.7561],[8.1848,12.7561],[8.1875,12.7445],[8.192,12.7349],[8.2,12.7393],[8.2025,12.7415],[8.2117,12.7401],[8.2157,12.7405],[8.2168,12.7429],[8.2166,12.7483],[8.2186,12.7527],[8.2254,12.7538],[8.2331,12.7514],[8.2382,12.7531],[8.2425,12.7525],[8.2464,12.7509],[8.2485,12.7527],[8.2486,12.7623],[8.2513,12.7658]]]},"properties":{"name":"KORAYEL","state":"17","code":"17/12/07"}},{"type":"Feature","geometry":{"type":"Polygon","coordinates":[[[8.1729,12.785],[8.173,12.7927],[8.177,12.7969],[8.1798,12.7952],[8.1839,12.7964],[8.1884,12.7953],[8.1901,12.7961],[8.1841,12.8009],[8.1864,12.8055],[8.1888,12.8063],[8.1908,12.8152],[8.1789,12.8113],[8.1711,12.8136],[8.1521,12.8186],[8.1438,12.8126],[8.1347,12.806],[8.1326,12.8045],[8.1346,12.799],[8.145,12.8005],[8.1507,12.7989],[8.1525,12.7946],[8.1549,12.7858],[8.1602,12.7729],[8.1629,12.7745],[8.1636,12.7794],[8.17,12.7856],[8.1729,12.785]]]},"properties":{"name":"RORAU","state":"17","code":"17/12/08"}},{"type":"Feature","geometry":{"type":"Polygon","coordinates":[[[8.2958,12.7863],[8.2977,12.7881],[8.304,12.788],[8.309,12.7916],[8.3112,12.7902],[8.3209,12.7892],[8.3242,12.7944],[8.3268,12.795],[8.3304,12.7983],[8.336,12.7963],[8.3415,12.7975],[8.3478,12.7979],[8.3514,12.7988],[8.3513,12.8008],[8.3539,12.8088],[8.3524,12.8142],[8.3481,12.8173],[8.3421,12.8205],[8.3354,12.8173],[8.332,12.8228],[8.326,12.8194],[8.3194,12.8201],[8.3149,12.8181],[8.3105,12.8173],[8.3051,12.8105],[8.3,12.8122],[8.2994,12.8145],[8.2903,12.8183],[8.2882,12.8215],[8.2871,12.8291],[8.2754,12.8292],[8.2606,12.8301],[8.245,12.8279],[8.24,12.8261],[8.2301,12.8262],[8.211,12.8175],[8.1925,12.8157],[8.1908,12.8152],[8.1888,12.8063],[8.1864,12.8055],[8.1841,12.8009],[8.1901,12.7961],[8.1884,12.7953],[8.1839,12.7964],[8.1798,12.7952],[8.177,12.7969],[8.173,12.7927],[8.1729,12.785],[8.18,12.7827],[8.1871,12.7773],[8.1906,12.7766],[8.1933,12.7748],[8.1981,12.7774],[8.204,12.7886],[8.2079,12.7877],[8.2135,12.7883],[8.2163,12.7862],[8.219,12.7817],[8.2213,12.7813],[8.2254,12.7841],[8.2323,12.7824],[8.237,12.7828],[8.2416,12.7845],[8.2458,12.7834],[8.2514,12.7865],[8.2535,12.7864],[8.261,12.7895],[8.264,12.7883],[8.2677,12.7892],[8.2737,12.7883],[8.2759,12.7902],[8.2821,12.7884],[8.2866,12.7883],[8.291,12.7866],[8.2958,12.7863]]]},"properties":{"name":"SHAFE","state":"17","code":"17/12/09"}},{"type":"Feature","geometry":{"type":"Polygon","coordinates":[[[8.3952,12.8041],[8.3954,12.8082],[8.3983,12.8259],[8.3949,12.8262],[8.3901,12.8253],[8.3746,12.8251],[8.3706,12.8255],[8.3598,12.8239],[8.3524,12.8255],[8.3468,12.8299],[8.3375,12.836],[8.321,12.8336],[8.3003,12.831],[8.2923,12.8291],[8.2871,12.8291],[8.2882,12.8215],[8.2903,12.8183],[8.2994,12.8145],[8.3,12.8122],[8.3051,12.8105],[8.3105,12.8173],[8.3149,12.8181],[8.3194,12.8201],[8.326,12.8194],[8.332,12.8228],[8.3354,12.8173],[8.3421,12.8205],[8.3481,12.8173],[8.3524,12.8142],[8.3539,12.8088],[8.3513,12.8008],[8.3514,12.7988],[8.357,12.7982],[8.3604,12.7969],[8.3656,12.7991],[8.3727,12.7984],[8.3758,12.797],[8.384,12.8027],[8.3892,12.8033],[8.3935,12.8028],[8.3952,12.8041]]]},"properties":{"name":"YOLA","state":"17","code":"17/12/10"}},{"type":"Feature","geometry":{"type":"Polygon","coordinates":[[[8.2831,12.6743],[8.2812,12.6654],[8.2824,12.6595],[8.2871,12.6567],[8.29,12.6562],[8.2916,12.6523],[8.2936,12.6507],[8.2973,12.65],[8.2996,12.645],[8.2999,12.6411],[8.3047,12.641],[8.3087,12.6519],[8.316,12.6591],[8.3176,12.662],[8.3199,12.6631],[8.3234,12.6625],[8.3266,12.6635],[8.3286,12.6668],[8.3333,12.6713],[8.3411,12.6761],[8.3461,12.6727],[8.3566,12.6731],[8.3639,12.6689],[8.3676,12.6722],[8.3737,12.6755],[8.3837,12.6733],[8.3855,12.678],[8.3838,12.6821],[8.3804,12.6864],[8.3813,12.7003],[8.3861,12.7059],[8.3831,12.7119],[8.3768,12.7148],[8.3756,12.718],[8.3714,12.723],[8.3703,12.7271],[8.3667,12.7341],[8.3594,12.7344],[8.3566,12.7313],[8.3532,12.7304],[8.3483,12.7367],[8.3397,12.7426],[8.3284,12.7414],[8.3235,12.7382],[8.3218,12.7357],[8.3217,12.732],[8.3239,12.7257],[8.3173,12.7213],[8.3099,12.722],[8.3081,12.7155],[8.3094,12.7091],[8.3022,12.7077],[8.3022,12.701],[8.3037,12.6986],[8.3027,12.6952],[8.3028,12.6896],[8.3012,12.6844],[8.2976,12.6834],[8.2919,12.6782],[8.2831,12.6743]]]},"properties":{"name":"ZAUMAR SAINAWA","state":"17","code":"17/12/11"}},{"type":"Feature","geometry":{"type":"Polygon","coordinates":[[[10.0497,12.447],[10.0477,12.4503],[10.0446,12.4493],[10.0447,12.4481],[10.0469,12.4454],[10.0497,12.447]]]},"properties":{"name":"ATAFI","state":"17","code":"17/13/01"}},{"type":"Feature","geometry":{"type":"Polygon","coordinates":[[[10.0342,12.44],[10.0386,12.4411],[10.0376,12.4451],[10.0378,12.4485],[10.0356,12.4493],[10.0319,12.4473],[10.028,12.445],[10.0308,12.4405],[10.0342,12.44]]]},"properties":{"name":"DUBANTU","state":"17","code":"17/13/02"}},{"type":"Feature","geometry":{"type":"Polygon","coordinates":[[[10.0467,12.454],[10.0458,12.4602],[10.0424,12.4586],[10.0399,12.4557],[10.0375,12.4502],[10.0435,12.4529],[10.0467,12.454]]]},"properties":{"name":"GAGULMARI","state":"17","code":"17/13/03"}},{"type":"Feature","geometry":{"type":"Polygon","coordinates":[[[10.0542,12.4331],[10.0543,12.437],[10.0523,12.4422],[10.0505,12.4437],[10.0497,12.447],[10.0469,12.4454],[10.0447,12.4481],[10.0421,12.4466],[10.0449,12.4423],[10.0386,12.4411],[10.0342,12.44],[10.0455,12.4357],[10.0502,12.4322],[10.0542,12.4331]]]},"properties":{"name":"KASUWAR KUDA","state":"17","code":"17/13/04"}},{"type":"Feature","geometry":{"type":"Polygon","coordinates":[[[10.0446,12.4493],[10.0401,12.449],[10.0378,12.4485],[10.0376,12.4451],[10.0421,12.4466],[10.0447,12.4481],[10.0446,12.4493]]]},"properties":{"name":"KASUWAR KOFA","state":"17","code":"17/13/05"}},{"type":"Feature","geometry":{"type":"Polygon","coordinates":[[[10.0378,12.4485],[10.0401,12.449],[10.0443,12.4513],[10.0435,12.4529],[10.0375,12.4502],[10.0356,12.4493],[10.0378,12.4485]]]},"properties":{"name":"MAJEMA","state":"17","code":"17/13/06"}},{"type":"Feature","geometry":{"type":"Polygon","coordinates":[[[10.0356,12.4493],[10.0375,12.4502],[10.0399,12.4557],[10.0383,12.4545],[10.0343,12.4595],[10.0325,12.4602],[10.0296,12.4579],[10.0241,12.4566],[10.0288,12.4526],[10.0319,12.4473],[10.0356,12.4493]]]},"properties":{"name":"MATSARO","state":"17","code":"17/13/07"}},{"type":"Feature","geometry":{"type":"Polygon","coordinates":[[[10.0477,12.4503],[10.0482,12.4505],[10.0467,12.454],[10.0435,12.4529],[10.0443,12.4513],[10.0401,12.449],[10.0446,12.4493],[10.0477,12.4503]]]},"properties":{"name":"RUMFA","state":"17","code":"17/13/08"}},{"type":"Feature","geometry":{"type":"Polygon","coordinates":[[[10.0467,12.454],[10.0482,12.4505],[10.0576,12.4527],[10.0604,12.4597],[10.0635,12.4622],[10.0621,12.4688],[10.0616,12.4761],[10.0586,12.4801],[10.0487,12.4676],[10.0422,12.4663],[10.0431,12.462],[10.0424,12.4586],[10.0458,12.4602],[10.0467,12.454]]]},"properties":{"name":"SABON GARU","state":"17","code":"17/13/09"}},{"type":"Feature","geometry":{"type":"Polygon","coordinates":[[[10.0745,12.4391],[10.0791,12.4385],[10.0828,12.4455],[10.0817,12.4491],[10.0739,12.4522],[10.0736,12.4542],[10.0702,12.459],[10.0678,12.4592],[10.0635,12.4622],[10.0604,12.4597],[10.0576,12.4527],[10.0482,12.4505],[10.0477,12.4503],[10.0497,12.447],[10.0505,12.4437],[10.0523,12.4422],[10.0543,12.437],[10.0542,12.4331],[10.061,12.4341],[10.0745,12.4391]]]},"properties":{"name":"YANKOLI","state":"17","code":"17/13/10"}},{"type":"Feature","geometry":{"type":"Polygon","coordinates":[[[10.0386,12.4411],[10.0449,12.4423],[10.0421,12.4466],[10.0376,12.4451],[10.0386,12.4411]]]},"properties":{"name":"YAYARI","state":"17","code":"17/13/11"}},{"type":"Feature","geometry":{"type":"Polygon","coordinates":[[[9.3791,12.0161],[9.3809,12.0139],[9.3858,12.0118],[9.3882,12.0084],[9.3925,12.0073],[9.3932,12],[9.3943,11.9949],[9.3972,11.9913],[9.4024,11.9896],[9.4068,11.9838],[9.4194,11.9905],[9.4208,11.9923],[9.4243,11.9898],[9.4305,11.9909],[9.436,11.9895],[9.4352,12.0021],[9.4331,12.0076],[9.4361,12.0125],[9.4375,12.0111],[9.4411,12.0042],[9.4484,11.9989],[9.453,12.0007],[9.4554,11.9958],[9.4581,11.9937],[9.4524,11.9887],[9.45,11.9811],[9.4523,11.9789],[9.456,11.9732],[9.4647,11.9714],[9.4673,11.9696],[9.4702,11.971],[9.4699,11.9764],[9.4727,11.9788],[9.4775,11.986],[9.48,11.9881],[9.4731,11.9923],[9.475,11.9975],[9.4781,12.0013],[9.4764,12.0052],[9.4759,12.0096],[9.4775,12.0158],[9.4754,12.0195],[9.473,12.0214],[9.4775,12.0268],[9.4837,12.0319],[9.4922,12.0337],[9.4962,12.0363],[9.4994,12.0365],[9.5035,12.0385],[9.5053,12.0342],[9.5085,12.0288],[9.5112,12.029],[9.5212,12.0278],[9.5262,12.029],[9.526,12.0341],[9.528,12.0403],[9.5283,12.0481],[9.5305,12.0492],[9.5341,12.0476],[9.5378,12.0445],[9.5459,12.0492],[9.5509,12.0539],[9.5516,12.0557],[9.556,12.0564],[9.559,12.0583],[9.5636,12.0593],[9.5683,12.0637],[9.5715,12.0654],[9.5729,12.0682],[9.5714,12.0722],[9.567,12.0753],[9.5641,12.0787],[9.5618,12.0796],[9.5596,12.0857],[9.5551,12.0857],[9.554,12.0869],[9.5446,12.0882],[9.5433,12.093],[9.5456,12.1032],[9.5375,12.1049],[9.5338,12.1072],[9.5307,12.1048],[9.5297,12.0946],[9.5266,12.0911],[9.5227,12.0887],[9.5178,12.0832],[9.5153,12.0791],[9.5147,12.0756],[9.5105,12.0719],[9.5066,12.0699],[9.4994,12.0681],[9.4973,12.0669],[9.4908,12.0661],[9.4851,12.0685],[9.4796,12.0699],[9.4769,12.0647],[9.4656,12.0661],[9.4621,12.0695],[9.4569,12.0714],[9.4555,12.082],[9.4522,12.0841],[9.4486,12.0844],[9.4418,12.0872],[9.4412,12.089],[9.4375,12.0939],[9.4329,12.0929],[9.4266,12.0896],[9.4218,12.0895],[9.4185,12.0868],[9.4164,12.0872],[9.4126,12.0835],[9.4039,12.0816],[9.4014,12.0802],[9.3985,12.0812],[9.3952,12.0782],[9.3908,12.0765],[9.3891,12.0743],[9.3859,12.0748],[9.3791,12.0705],[9.3756,12.0701],[9.3696,12.0674],[9.3726,12.0628],[9.3724,12.0556],[9.3713,12.0525],[9.3663,12.048],[9.3653,12.0393],[9.3564,12.036],[9.3574,12.0298],[9.3601,12.028],[9.368,12.026],[9.3745,12.0277],[9.3763,12.021],[9.3791,12.0161]]]},"properties":{"name":"AUJARA","state":"17","code":"17/14/01"}},{"type":"Feature","geometry":{"type":"Polygon","coordinates":[[[9.7962,12.0445],[9.7934,12.0435],[9.7876,12.0432],[9.7821,12.0444],[9.7795,12.0438],[9.7758,12.0406],[9.7749,12.0376],[9.7721,12.0349],[9.7645,12.0386],[9.7576,12.0411],[9.7558,12.0429],[9.7512,12.0448],[9.7433,12.042],[9.7377,12.0443],[9.735,12.0427],[9.7322,12.0428],[9.7253,12.0405],[9.7192,12.0341],[9.7197,12.0277],[9.717,12.0207],[9.7146,12.0175],[9.7153,12.0154],[9.719,12.0157],[9.7226,12.0137],[9.7284,12.0145],[9.7299,12.0099],[9.7364,12.0066],[9.738,12.004],[9.7329,12.0023],[9.7284,12.0025],[9.7257,12.0004],[9.7203,12.0009],[9.7136,12.0054],[9.7079,12.0014],[9.7049,11.9977],[9.6982,11.9973],[9.6985,11.9912],[9.6959,11.9879],[9.6924,11.9858],[9.6886,11.9855],[9.6793,11.9804],[9.6744,11.9795],[9.6706,11.98],[9.6638,11.9721],[9.6591,11.9715],[9.6554,11.9738],[9.6496,11.9724],[9.6454,11.9705],[9.6391,11.9637],[9.6376,11.9647],[9.6328,11.9643],[9.6258,11.9651],[9.6258,11.9708],[9.6201,11.9718],[9.6182,11.9713],[9.6151,11.9643],[9.6105,11.9636],[9.6064,11.9662],[9.6064,11.9718],[9.6046,11.9737],[9.6026,11.9785],[9.5922,11.9745],[9.5891,11.9738],[9.5837,11.9717],[9.5801,11.9686],[9.5816,11.961],[9.5812,11.9582],[9.5861,11.953],[9.5837,11.9494],[9.587,11.9404],[9.5864,11.9365],[9.5967,11.9302],[9.5988,11.9302],[9.603,11.9243],[9.6026,11.9209],[9.6086,11.9215],[9.6264,11.9256],[9.6296,11.9276],[9.6331,11.9278],[9.6386,11.9303],[9.6437,11.9277],[9.6479,11.9288],[9.6565,11.9274],[9.6627,11.9319],[9.6639,11.935],[9.6668,11.9368],[9.6728,11.9361],[9.6786,11.9323],[9.6851,11.9343],[9.6873,11.9324],[9.6924,11.9305],[9.6955,11.9304],[9.6976,11.9322],[9.7029,11.932],[9.7057,11.9375],[9.7122,11.9428],[9.7147,11.9425],[9.7179,11.9478],[9.7212,11.9474],[9.7264,11.9517],[9.7297,11.9566],[9.7374,11.9576],[9.7418,11.9547],[9.7535,11.9513],[9.7572,11.9442],[9.7653,11.9423],[9.7686,11.945],[9.7733,11.9418],[9.7787,11.9419],[9.7787,11.9394],[9.7821,11.9368],[9.7849,11.9381],[9.7868,11.9434],[9.7907,11.9447],[9.7937,11.9481],[9.7957,11.9464],[9.7993,11.9484],[9.7959,11.9503],[9.7966,11.9529],[9.8007,11.9518],[9.8022,11.9541],[9.801,11.9569],[9.8036,11.9579],[9.8034,11.9627],[9.8095,11.9627],[9.8134,11.9603],[9.8142,11.9643],[9.8081,11.9757],[9.8081,11.981],[9.8146,11.9856],[9.815,11.9883],[9.8186,11.9953],[9.8163,11.9992],[9.8142,12.0002],[9.8056,12.012],[9.8039,12.0179],[9.7981,12.0215],[9.8053,12.0249],[9.8044,12.0329],[9.8004,12.0416],[9.7962,12.0445]]]},"properties":{"name":"GANGAWA","state":"17","code":"17/14/02"}},{"type":"Feature","geometry":{"type":"Polygon","coordinates":[[[9.7962,12.0445],[9.7958,12.0475],[9.7978,12.0488],[9.7967,12.0542],[9.7953,12.0564],[9.7951,12.0605],[9.79,12.0665],[9.7895,12.0729],[9.7862,12.0794],[9.7839,12.0811],[9.7859,12.0855],[9.786,12.0903],[9.7843,12.0934],[9.7858,12.0954],[9.7846,12.0986],[9.787,12.101],[9.7859,12.1077],[9.7846,12.1113],[9.7849,12.1157],[9.7838,12.1192],[9.7888,12.1231],[9.7812,12.1248],[9.7786,12.1272],[9.7749,12.1289],[9.7704,12.1292],[9.7678,12.1256],[9.7649,12.1238],[9.7614,12.1153],[9.7548,12.1187],[9.754,12.1202],[9.7484,12.1236],[9.7458,12.1228],[9.7419,12.1185],[9.7377,12.1179],[9.7324,12.1154],[9.7265,12.1161],[9.7231,12.1153],[9.7199,12.1181],[9.722,12.1228],[9.7236,12.123],[9.727,12.1271],[9.7327,12.1327],[9.731,12.1369],[9.7284,12.1385],[9.7249,12.1486],[9.7207,12.1457],[9.7164,12.1466],[9.7116,12.1455],[9.7079,12.1465],[9.7005,12.1471],[9.6982,12.1498],[9.6921,12.1431],[9.6878,12.1395],[9.6838,12.1432],[9.6802,12.1409],[9.6747,12.1395],[9.6725,12.1399],[9.6691,12.1338],[9.6686,12.1298],[9.6646,12.1272],[9.6611,12.1296],[9.6587,12.1297],[9.6567,12.1284],[9.6494,12.1262],[9.6481,12.1246],[9.6465,12.1166],[9.6413,12.1155],[9.6416,12.1132],[9.6398,12.1096],[9.6405,12.1071],[9.6389,12.1016],[9.6397,12.0992],[9.6444,12.0941],[9.6499,12.0937],[9.6518,12.0925],[9.6486,12.0866],[9.6457,12.0795],[9.6454,12.0757],[9.6464,12.0632],[9.6545,12.0623],[9.6618,12.0642],[9.6646,12.0671],[9.6692,12.0697],[9.6764,12.0673],[9.6792,12.0637],[9.6852,12.0581],[9.6862,12.0534],[9.6938,12.0542],[9.6975,12.0517],[9.6964,12.0503],[9.6983,12.0463],[9.6994,12.0384],[9.7045,12.0348],[9.7142,12.0316],[9.7192,12.0341],[9.7253,12.0405],[9.7322,12.0428],[9.735,12.0427],[9.7377,12.0443],[9.7433,12.042],[9.7512,12.0448],[9.7558,12.0429],[9.7576,12.0411],[9.7645,12.0386],[9.7721,12.0349],[9.7749,12.0376],[9.7758,12.0406],[9.7795,12.0438],[9.7821,12.0444],[9.7876,12.0432],[9.7934,12.0435],[9.7962,12.0445]]]},"properties":{"name":"GAUZA TAZARA","state":"17","code":"17/14/03"}},{"type":"Feature","geometry":{"type":"Polygon","coordinates":[[[9.4412,12.089],[9.4442,12.0921],[9.4453,12.0964],[9.4533,12.1026],[9.4559,12.1066],[9.4567,12.1098],[9.4605,12.11],[9.4639,12.1154],[9.464,12.1191],[9.4748,12.1233],[9.4771,12.1204],[9.4795,12.1236],[9.4759,12.1242],[9.481,12.1299],[9.4786,12.1318],[9.478,12.1376],[9.4801,12.1372],[9.4818,12.1414],[9.4783,12.1399],[9.4745,12.1401],[9.4685,12.1389],[9.4641,12.141],[9.4611,12.1409],[9.4592,12.1427],[9.4537,12.1453],[9.4486,12.1488],[9.4482,12.1519],[9.4458,12.1592],[9.4429,12.1592],[9.4448,12.1646],[9.4478,12.1613],[9.4517,12.162],[9.4527,12.1642],[9.452,12.1675],[9.4546,12.1698],[9.4595,12.1684],[9.4649,12.1645],[9.4693,12.1698],[9.4696,12.1734],[9.4645,12.1827],[9.4617,12.1815],[9.4607,12.1851],[9.4586,12.1865],[9.4544,12.1839],[9.4499,12.1852],[9.4474,12.1839],[9.4411,12.2084],[9.4363,12.2197],[9.4315,12.2182],[9.4291,12.2152],[9.4289,12.2113],[9.4264,12.2059],[9.4257,12.2015],[9.4159,12.2025],[9.4105,12.2003],[9.4101,12.198],[9.4027,12.1989],[9.3999,12.1971],[9.3962,12.1989],[9.3926,12.197],[9.3948,12.1905],[9.3923,12.1894],[9.3873,12.1894],[9.3847,12.1942],[9.3821,12.191],[9.3774,12.1889],[9.3768,12.1862],[9.3778,12.1811],[9.373,12.1785],[9.3676,12.1828],[9.3578,12.1827],[9.3532,12.185],[9.3512,12.1811],[9.3442,12.1828],[9.3416,12.1824],[9.3404,12.178],[9.3376,12.1779],[9.3327,12.1724],[9.3336,12.1703],[9.3361,12.1666],[9.3308,12.167],[9.3315,12.1621],[9.3342,12.1584],[9.3385,12.156],[9.3418,12.1506],[9.3402,12.1471],[9.3397,12.1431],[9.3431,12.1417],[9.3451,12.1458],[9.3473,12.1476],[9.3497,12.1451],[9.3485,12.14],[9.3515,12.1388],[9.3506,12.1362],[9.3519,12.1323],[9.3527,12.1236],[9.3636,12.1222],[9.369,12.1189],[9.3733,12.1182],[9.3773,12.1255],[9.3809,12.1251],[9.383,12.1232],[9.3877,12.1269],[9.4013,12.1261],[9.4053,12.1225],[9.4047,12.1195],[9.4071,12.1164],[9.406,12.1106],[9.4015,12.1058],[9.4021,12.1029],[9.406,12.104],[9.4081,12.1017],[9.4093,12.0968],[9.4088,12.0922],[9.4111,12.0851],[9.4126,12.0835],[9.4164,12.0872],[9.4185,12.0868],[9.4218,12.0895],[9.4266,12.0896],[9.4329,12.0929],[9.4375,12.0939],[9.4412,12.089]]]},"properties":{"name":"GUNKA","state":"17","code":"17/14/04"}},{"type":"Feature","geometry":{"type":"Polygon","coordinates":[[[9.5456,12.1032],[9.5468,12.1102],[9.5452,12.1163],[9.5415,12.1193],[9.5381,12.1201],[9.5346,12.1225],[9.5321,12.126],[9.5325,12.1316],[9.5374,12.1345],[9.5451,12.1358],[9.5509,12.1378],[9.5553,12.1411],[9.5557,12.1442],[9.5601,12.1486],[9.5576,12.154],[9.558,12.1597],[9.5543,12.1613],[9.552,12.1641],[9.5479,12.167],[9.5464,12.1697],[9.5426,12.1671],[9.539,12.1668],[9.5377,12.164],[9.538,12.1554],[9.5355,12.151],[9.5321,12.1482],[9.5206,12.1498],[9.5107,12.1494],[9.509,12.1431],[9.505,12.1449],[9.4994,12.1459],[9.4981,12.1435],[9.4933,12.1444],[9.4893,12.149],[9.4849,12.1483],[9.4854,12.1465],[9.4803,12.143],[9.4818,12.1414],[9.4801,12.1372],[9.478,12.1376],[9.4786,12.1318],[9.481,12.1299],[9.4759,12.1242],[9.4795,12.1236],[9.4771,12.1204],[9.4748,12.1233],[9.464,12.1191],[9.4639,12.1154],[9.4605,12.11],[9.4567,12.1098],[9.4559,12.1066],[9.4533,12.1026],[9.4453,12.0964],[9.4442,12.0921],[9.4412,12.089],[9.4418,12.0872],[9.4486,12.0844],[9.4522,12.0841],[9.4555,12.082],[9.4569,12.0714],[9.4621,12.0695],[9.4656,12.0661],[9.4769,12.0647],[9.4796,12.0699],[9.4851,12.0685],[9.4908,12.0661],[9.4973,12.0669],[9.4994,12.0681],[9.5066,12.0699],[9.5105,12.0719],[9.5147,12.0756],[9.5153,12.0791],[9.5178,12.0832],[9.5227,12.0887],[9.5266,12.0911],[9.5297,12.0946],[9.5307,12.1048],[9.5338,12.1072],[9.5375,12.1049],[9.5456,12.1032]]]},"properties":{"name":"HARBO SABUWA","state":"17","code":"17/14/05"}},{"type":"Feature","geometry":{"type":"Polygon","coordinates":[[[9.4818,12.1414],[9.4803,12.143],[9.4854,12.1465],[9.4849,12.1483],[9.4893,12.149],[9.4933,12.1444],[9.4981,12.1435],[9.4994,12.1459],[9.505,12.1449],[9.509,12.1431],[9.5107,12.1494],[9.5206,12.1498],[9.5321,12.1482],[9.5355,12.151],[9.538,12.1554],[9.5377,12.164],[9.539,12.1668],[9.5426,12.1671],[9.5464,12.1697],[9.5479,12.167],[9.552,12.1641],[9.5543,12.1613],[9.558,12.1597],[9.5576,12.154],[9.5601,12.1486],[9.5557,12.1442],[9.5553,12.1411],[9.5509,12.1378],[9.5451,12.1358],[9.5374,12.1345],[9.5325,12.1316],[9.5321,12.126],[9.5346,12.1225],[9.5381,12.1201],[9.5415,12.1193],[9.5452,12.1163],[9.5468,12.1102],[9.5456,12.1032],[9.5551,12.1056],[9.5603,12.1055],[9.5652,12.1076],[9.5665,12.1117],[9.5721,12.1128],[9.5754,12.1122],[9.5794,12.1139],[9.5823,12.1186],[9.5841,12.131],[9.5873,12.1321],[9.5971,12.1301],[9.6041,12.1248],[9.6071,12.1272],[9.608,12.1319],[9.6075,12.135],[9.6124,12.1439],[9.61,12.1466],[9.612,12.1534],[9.6104,12.1588],[9.6058,12.1605],[9.5975,12.1596],[9.597,12.1573],[9.5913,12.1554],[9.5903,12.1579],[9.58,12.1615],[9.5775,12.1636],[9.5735,12.1649],[9.568,12.1651],[9.5657,12.1676],[9.5648,12.1761],[9.5616,12.1797],[9.5656,12.1863],[9.568,12.1858],[9.5667,12.1908],[9.5632,12.1948],[9.5565,12.2095],[9.5533,12.2086],[9.5529,12.2066],[9.5541,12.2041],[9.5468,12.2003],[9.5428,12.199],[9.541,12.2017],[9.5334,12.2034],[9.5303,12.2081],[9.5251,12.2088],[9.517,12.2032],[9.5159,12.1971],[9.5157,12.1893],[9.5173,12.1852],[9.5146,12.1825],[9.5079,12.1784],[9.5088,12.176],[9.506,12.1741],[9.5028,12.1736],[9.4997,12.1753],[9.4989,12.1791],[9.4967,12.1791],[9.495,12.1817],[9.4927,12.1821],[9.4889,12.178],[9.4851,12.1803],[9.4767,12.1826],[9.4771,12.186],[9.4729,12.1872],[9.4689,12.1851],[9.4672,12.1859],[9.4645,12.1827],[9.4696,12.1734],[9.4693,12.1698],[9.4649,12.1645],[9.4595,12.1684],[9.4546,12.1698],[9.452,12.1675],[9.4527,12.1642],[9.4517,12.162],[9.4478,12.1613],[9.4448,12.1646],[9.4429,12.1592],[9.4458,12.1592],[9.4482,12.1519],[9.4486,12.1488],[9.4537,12.1453],[9.4592,12.1427],[9.4611,12.1409],[9.4641,12.141],[9.4685,12.1389],[9.4745,12.1401],[9.4783,12.1399],[9.4818,12.1414]]]},"properties":{"name":"HARBO TSOHUWA","state":"17","code":"17/14/06"}},{"type":"Feature","geometry":{"type":"Polygon","coordinates":[[[9.7192,12.0341],[9.7142,12.0316],[9.7045,12.0348],[9.6994,12.0384],[9.6983,12.0463],[9.6964,12.0503],[9.6975,12.0517],[9.6938,12.0542],[9.6862,12.0534],[9.6852,12.0581],[9.6792,12.0637],[9.6764,12.0673],[9.6692,12.0697],[9.6646,12.0671],[9.6618,12.0642],[9.6545,12.0623],[9.6464,12.0632],[9.6431,12.0583],[9.6421,12.0538],[9.6358,12.0519],[9.6261,12.0543],[9.6198,12.0493],[9.6173,12.0455],[9.6145,12.0451],[9.6125,12.0479],[9.6035,12.0502],[9.5957,12.0441],[9.5883,12.0448],[9.5858,12.0458],[9.5836,12.0438],[9.5864,12.037],[9.587,12.0315],[9.5927,12.0325],[9.5945,12.0245],[9.5912,12.0217],[9.5926,12.0191],[9.5919,12.0131],[9.5878,12.0068],[9.5902,12.0045],[9.5935,12.0042],[9.5975,11.992],[9.5965,11.9901],[9.5996,11.988],[9.6047,11.9829],[9.6026,11.9785],[9.6046,11.9737],[9.6064,11.9718],[9.6064,11.9662],[9.6105,11.9636],[9.6151,11.9643],[9.6182,11.9713],[9.6201,11.9718],[9.6258,11.9708],[9.6258,11.9651],[9.6328,11.9643],[9.6376,11.9647],[9.6391,11.9637],[9.6454,11.9705],[9.6496,11.9724],[9.6554,11.9738],[9.6591,11.9715],[9.6638,11.9721],[9.6706,11.98],[9.6744,11.9795],[9.6793,11.9804],[9.6886,11.9855],[9.6924,11.9858],[9.6959,11.9879],[9.6985,11.9912],[9.6982,11.9973],[9.7049,11.9977],[9.7079,12.0014],[9.7136,12.0054],[9.7203,12.0009],[9.7257,12.0004],[9.7284,12.0025],[9.7329,12.0023],[9.738,12.004],[9.7364,12.0066],[9.7299,12.0099],[9.7284,12.0145],[9.7226,12.0137],[9.719,12.0157],[9.7153,12.0154],[9.7146,12.0175],[9.717,12.0207],[9.7197,12.0277],[9.7192,12.0341]]]},"properties":{"name":"IDANDUNA","state":"17","code":"17/14/07"}},{"type":"Feature","geometry":{"type":"Polygon","coordinates":[[[9.4673,11.9696],[9.4706,11.9689],[9.4734,11.9642],[9.4741,11.9614],[9.4784,11.9562],[9.4824,11.9536],[9.4871,11.9535],[9.4941,11.9546],[9.4913,11.9586],[9.4878,11.9653],[9.4875,11.9675],[9.4911,11.9718],[9.4911,11.9738],[9.4959,11.9765],[9.4992,11.977],[9.5021,11.9714],[9.5016,11.967],[9.5044,11.9589],[9.5067,11.9595],[9.5148,11.9581],[9.5216,11.9609],[9.5253,11.9579],[9.5298,11.9595],[9.5383,11.9645],[9.5384,11.9695],[9.5319,11.9774],[9.5369,11.977],[9.5464,11.9738],[9.5498,11.9717],[9.5588,11.9748],[9.5624,11.9831],[9.5711,11.9809],[9.5736,11.9834],[9.5834,11.9862],[9.5861,11.984],[9.5888,11.9794],[9.5891,11.9738],[9.5922,11.9745],[9.6026,11.9785],[9.6047,11.9829],[9.5996,11.988],[9.5965,11.9901],[9.5975,11.992],[9.5935,12.0042],[9.5902,12.0045],[9.5878,12.0068],[9.5919,12.0131],[9.5926,12.0191],[9.5912,12.0217],[9.5945,12.0245],[9.5927,12.0325],[9.587,12.0315],[9.5835,12.0296],[9.5809,12.0339],[9.576,12.0387],[9.5696,12.0361],[9.5644,12.0409],[9.5623,12.0447],[9.5647,12.0469],[9.5636,12.0593],[9.559,12.0583],[9.556,12.0564],[9.5516,12.0557],[9.5509,12.0539],[9.5459,12.0492],[9.5378,12.0445],[9.5341,12.0476],[9.5305,12.0492],[9.5283,12.0481],[9.528,12.0403],[9.526,12.0341],[9.5262,12.029],[9.5212,12.0278],[9.5112,12.029],[9.5085,12.0288],[9.5053,12.0342],[9.5035,12.0385],[9.4994,12.0365],[9.4962,12.0363],[9.4922,12.0337],[9.4837,12.0319],[9.4775,12.0268],[9.473,12.0214],[9.4754,12.0195],[9.4775,12.0158],[9.4759,12.0096],[9.4764,12.0052],[9.4781,12.0013],[9.475,11.9975],[9.4731,11.9923],[9.48,11.9881],[9.4775,11.986],[9.4727,11.9788],[9.4699,11.9764],[9.4702,11.971],[9.4673,11.9696]]]},"properties":{"name":"JABARNA","state":"17","code":"17/14/08"}},{"type":"Feature","geometry":{"type":"Polygon","coordinates":[[[9.5636,12.0593],[9.5647,12.0469],[9.5623,12.0447],[9.5644,12.0409],[9.5696,12.0361],[9.576,12.0387],[9.5809,12.0339],[9.5835,12.0296],[9.587,12.0315],[9.5864,12.037],[9.5836,12.0438],[9.5858,12.0458],[9.5883,12.0448],[9.5957,12.0441],[9.6035,12.0502],[9.6125,12.0479],[9.6145,12.0451],[9.6173,12.0455],[9.6198,12.0493],[9.6261,12.0543],[9.6358,12.0519],[9.6421,12.0538],[9.6431,12.0583],[9.6464,12.0632],[9.6454,12.0757],[9.6457,12.0795],[9.6486,12.0866],[9.6518,12.0925],[9.6499,12.0937],[9.6444,12.0941],[9.6397,12.0992],[9.6389,12.1016],[9.6405,12.1071],[9.6398,12.1096],[9.6416,12.1132],[9.6413,12.1155],[9.6465,12.1166],[9.6481,12.1246],[9.6494,12.1262],[9.6567,12.1284],[9.6587,12.1297],[9.6551,12.1347],[9.6488,12.139],[9.6447,12.1392],[9.6409,12.1357],[9.6371,12.1309],[9.6344,12.1302],[9.6302,12.1275],[9.6269,12.1361],[9.6243,12.1404],[9.6218,12.1402],[9.6124,12.1439],[9.6075,12.135],[9.608,12.1319],[9.6071,12.1272],[9.6041,12.1248],[9.5971,12.1301],[9.5873,12.1321],[9.5841,12.131],[9.5823,12.1186],[9.5794,12.1139],[9.5754,12.1122],[9.5721,12.1128],[9.5665,12.1117],[9.5652,12.1076],[9.5603,12.1055],[9.5551,12.1056],[9.5456,12.1032],[9.5433,12.093],[9.5446,12.0882],[9.554,12.0869],[9.5551,12.0857],[9.5596,12.0857],[9.5618,12.0796],[9.5641,12.0787],[9.567,12.0753],[9.5714,12.0722],[9.5729,12.0682],[9.5715,12.0654],[9.5683,12.0637],[9.5636,12.0593]]]},"properties":{"name":"JAHUN","state":"17","code":"17/14/09"}},{"type":"Feature","geometry":{"type":"Polygon","coordinates":[[[9.3574,12.0298],[9.3564,12.036],[9.3653,12.0393],[9.3663,12.048],[9.3713,12.0525],[9.3724,12.0556],[9.3726,12.0628],[9.3696,12.0674],[9.3756,12.0701],[9.3791,12.0705],[9.3859,12.0748],[9.3891,12.0743],[9.3908,12.0765],[9.3952,12.0782],[9.3985,12.0812],[9.4014,12.0802],[9.4039,12.0816],[9.4126,12.0835],[9.4111,12.0851],[9.4088,12.0922],[9.4093,12.0968],[9.4081,12.1017],[9.406,12.104],[9.4021,12.1029],[9.4015,12.1058],[9.406,12.1106],[9.4071,12.1164],[9.4047,12.1195],[9.4053,12.1225],[9.4013,12.1261],[9.3877,12.1269],[9.383,12.1232],[9.3809,12.1251],[9.3773,12.1255],[9.3733,12.1182],[9.369,12.1189],[9.3636,12.1222],[9.3527,12.1236],[9.3501,12.1209],[9.3454,12.1197],[9.3408,12.1104],[9.3349,12.1104],[9.328,12.1138],[9.3249,12.1127],[9.3167,12.1126],[9.3184,12.1066],[9.3194,12.1004],[9.3181,12.0972],[9.3114,12.0951],[9.3104,12.0908],[9.3109,12.0883],[9.3162,12.0827],[9.3184,12.074],[9.3201,12.0643],[9.3165,12.0587],[9.3133,12.0558],[9.3097,12.0575],[9.3073,12.0561],[9.3023,12.0557],[9.3001,12.0512],[9.3013,12.0476],[9.2987,12.044],[9.303,12.0464],[9.3086,12.0467],[9.3122,12.0489],[9.3167,12.0489],[9.3208,12.0525],[9.323,12.053],[9.3261,12.0502],[9.3282,12.0435],[9.332,12.0353],[9.3369,12.0352],[9.338,12.0299],[9.3574,12.0298]]]},"properties":{"name":"KALE","state":"17","code":"17/14/10"}},{"type":"Feature","geometry":{"type":"Polygon","coordinates":[[[9.4514,11.9127],[9.4491,11.9237],[9.4501,11.9257],[9.4552,11.9284],[9.4573,11.9262],[9.4601,11.9259],[9.4653,11.9231],[9.471,11.9251],[9.4762,11.9221],[9.4787,11.9262],[9.4824,11.9272],[9.4905,11.9275],[9.4908,11.9324],[9.4988,11.9376],[9.5003,11.9398],[9.5137,11.9456],[9.5156,11.953],[9.5148,11.9581],[9.5067,11.9595],[9.5044,11.9589],[9.5016,11.967],[9.5021,11.9714],[9.4992,11.977],[9.4959,11.9765],[9.4911,11.9738],[9.4911,11.9718],[9.4875,11.9675],[9.4878,11.9653],[9.4913,11.9586],[9.4941,11.9546],[9.4871,11.9535],[9.4824,11.9536],[9.4784,11.9562],[9.4741,11.9614],[9.4734,11.9642],[9.4706,11.9689],[9.4673,11.9696],[9.4647,11.9714],[9.456,11.9732],[9.4523,11.9789],[9.45,11.9811],[9.4524,11.9887],[9.4581,11.9937],[9.4554,11.9958],[9.453,12.0007],[9.4484,11.9989],[9.4411,12.0042],[9.4375,12.0111],[9.4361,12.0125],[9.4331,12.0076],[9.4352,12.0021],[9.436,11.9895],[9.4305,11.9909],[9.4243,11.9898],[9.4208,11.9923],[9.4194,11.9905],[9.4068,11.9838],[9.4024,11.9896],[9.3972,11.9913],[9.3943,11.9949],[9.3932,12],[9.3925,12.0073],[9.3882,12.0084],[9.3858,12.0118],[9.3809,12.0139],[9.3791,12.0161],[9.3758,12.016],[9.372,12.0108],[9.372,12.0095],[9.3768,12.0049],[9.3767,12.0005],[9.3752,11.9963],[9.3824,11.994],[9.3819,11.9872],[9.3859,11.9856],[9.3881,11.9802],[9.3871,11.9762],[9.3873,11.9702],[9.3885,11.9681],[9.3905,11.9574],[9.3947,11.9593],[9.4004,11.9599],[9.4096,11.9626],[9.4156,11.9577],[9.4152,11.9528],[9.4115,11.9523],[9.4084,11.9486],[9.4079,11.9379],[9.4067,11.9356],[9.4009,11.9337],[9.3987,11.929],[9.3949,11.9266],[9.3919,11.9206],[9.3913,11.9178],[9.3927,11.9116],[9.3914,11.9061],[9.3957,11.9056],[9.4041,11.903],[9.4065,11.9069],[9.4098,11.9102],[9.4205,11.9052],[9.4263,11.9094],[9.4281,11.9116],[9.4329,11.9104],[9.4358,11.9121],[9.4413,11.909],[9.4472,11.9107],[9.4514,11.9127]]]},"properties":{"name":"KANWA","state":"17","code":"17/14/11"}},{"type":"Feature","geometry":{"type":"Polygon","coordinates":[[[10.0404,11.9761],[10.0446,11.9811],[10.0481,11.9812],[10.0487,11.9786],[10.054,11.9781],[10.0542,11.9817],[10.0561,11.984],[10.0605,11.9863],[10.0629,11.9853],[10.0671,11.9899],[10.0701,11.9886],[10.0706,11.9917],[10.0748,11.9938],[10.0773,11.9921],[10.0802,11.9973],[10.0848,11.9969],[10.0866,11.9917],[10.0891,11.9922],[10.0904,11.9953],[10.0927,11.9942],[10.0942,11.9988],[10.092,12.0027],[10.0923,12.007],[10.0949,12.0086],[10.0971,12.0121],[10.0958,12.0178],[10.0981,12.0185],[10.1004,12.0164],[10.1047,12.0171],[10.1098,12.0139],[10.1182,12.0133],[10.121,12.0152],[10.1246,12.0144],[10.1303,12.0186],[10.1321,12.0214],[10.1294,12.0244],[10.1303,12.0272],[10.1344,12.0283],[10.1359,12.0254],[10.1391,12.0233],[10.1453,12.0252],[10.155,12.0233],[10.1572,12.026],[10.158,12.0291],[10.1617,12.0362],[10.1621,12.0397],[10.1646,12.0424],[10.1672,12.0407],[10.1745,12.0395],[10.1759,12.0412],[10.1749,12.0462],[10.1707,12.0485],[10.1689,12.0515],[10.1663,12.0503],[10.1657,12.054],[10.1683,12.0579],[10.1643,12.0626],[10.1618,12.0676],[10.1525,12.0899],[10.1528,12.1024],[10.1538,12.1081],[10.1568,12.1197],[10.1573,12.1294],[10.1644,12.1396],[10.1664,12.154],[10.1681,12.1596],[10.1708,12.1642],[10.1693,12.1674],[10.1642,12.1659],[10.1613,12.1639],[10.1579,12.166],[10.1536,12.1648],[10.1496,12.1625],[10.1402,12.1616],[10.1362,12.1586],[10.1303,12.1521],[10.1336,12.1463],[10.1318,12.1435],[10.1285,12.1416],[10.1232,12.1421],[10.1162,12.1392],[10.1098,12.1454],[10.0998,12.1369],[10.0925,12.1405],[10.0891,12.1392],[10.0888,12.1356],[10.0865,12.1279],[10.0874,12.1251],[10.0953,12.1207],[10.0888,12.1148],[10.0898,12.1107],[10.0895,12.1066],[10.0862,12.1002],[10.0887,12.096],[10.0839,12.0908],[10.0797,12.0901],[10.0746,12.084],[10.0742,12.082],[10.0652,12.0861],[10.062,12.0868],[10.0485,12.0791],[10.0465,12.0744],[10.0497,12.0659],[10.0462,12.0645],[10.0505,12.0573],[10.0582,12.0546],[10.0579,12.0509],[10.0619,12.034],[10.0592,12.0325],[10.0473,12.0225],[10.042,12.0243],[10.0375,12.023],[10.0353,12.0182],[10.0374,12.0114],[10.0418,12.0041],[10.0473,12.0036],[10.0462,11.9957],[10.0466,11.9934],[10.0442,11.9857],[10.0448,11.9826],[10.0411,11.981],[10.0404,11.9761]]]},"properties":{"name":"BALANGU","state":"17","code":"17/15/01"}},{"type":"Feature","geometry":{"type":"Polygon","coordinates":[[[9.9054,12.0326],[9.9106,12.0355],[9.9057,12.0481],[9.9066,12.0553],[9.9086,12.0582],[9.9064,12.0617],[9.9024,12.0608],[9.8985,12.0658],[9.8955,12.0655],[9.8941,12.0633],[9.8894,12.062],[9.8857,12.0645],[9.8856,12.0679],[9.8833,12.0704],[9.8862,12.0737],[9.8948,12.0774],[9.896,12.0814],[9.9007,12.0826],[9.903,12.0813],[9.9064,12.0841],[9.9089,12.0886],[9.9112,12.0899],[9.914,12.0891],[9.9191,12.09],[9.9214,12.0942],[9.9249,12.0918],[9.9279,12.0935],[9.9287,12.0973],[9.9343,12.1022],[9.9328,12.1032],[9.931,12.1105],[9.9335,12.1131],[9.9384,12.1131],[9.942,12.1165],[9.9378,12.1207],[9.936,12.1272],[9.9314,12.1326],[9.9188,12.127],[9.9165,12.1252],[9.9138,12.1258],[9.9128,12.1281],[9.9098,12.1291],[9.9071,12.1362],[9.9034,12.1414],[9.8982,12.139],[9.8952,12.1347],[9.8893,12.1318],[9.8851,12.1309],[9.884,12.1281],[9.8848,12.125],[9.8798,12.1233],[9.8701,12.123],[9.8664,12.1214],[9.8628,12.1214],[9.8607,12.1145],[9.8537,12.1138],[9.8514,12.1103],[9.8467,12.1125],[9.8451,12.1083],[9.849,12.1072],[9.8518,12.1049],[9.8499,12.1025],[9.8518,12.0977],[9.8583,12.1024],[9.8612,12.1029],[9.867,12.1024],[9.8711,12.0966],[9.8664,12.0922],[9.8652,12.0882],[9.8621,12.0858],[9.8555,12.079],[9.8515,12.079],[9.8445,12.0813],[9.8389,12.0868],[9.8333,12.0874],[9.8274,12.0867],[9.8258,12.0825],[9.8284,12.0753],[9.8273,12.0729],[9.8282,12.0673],[9.8228,12.062],[9.8212,12.058],[9.8235,12.0554],[9.8232,12.0512],[9.8307,12.0438],[9.8312,12.0412],[9.8338,12.0379],[9.8355,12.0398],[9.8386,12.0405],[9.8381,12.036],[9.845,12.0321],[9.8448,12.0293],[9.8479,12.0263],[9.8494,12.0287],[9.8555,12.0298],[9.858,12.0338],[9.8612,12.031],[9.8593,12.0267],[9.863,12.0265],[9.8709,12.0359],[9.8741,12.0278],[9.8761,12.0273],[9.8835,12.0303],[9.8898,12.0281],[9.8958,12.0278],[9.9054,12.0326]]]},"properties":{"name":"DUMADUMIN TOKA","state":"17","code":"17/15/02"}},{"type":"Feature","geometry":{"type":"Polygon","coordinates":[[[9.9054,12.0326],[9.9092,12.0286],[9.9115,12.0234],[9.9181,12.0195],[9.9142,12.0168],[9.9092,12.017],[9.9059,12.015],[9.9089,12.0096],[9.9088,12.0053],[9.9104,11.997],[9.9098,11.9891],[9.9178,11.9808],[9.9225,11.9792],[9.9223,11.9769],[9.9308,11.9782],[9.9314,11.9821],[9.9342,11.9847],[9.9387,11.9859],[9.9457,11.9894],[9.9455,11.9946],[9.9486,11.9975],[9.9519,11.9959],[9.9543,11.993],[9.9576,11.9918],[9.9632,11.9919],[9.9691,11.989],[9.9708,11.9899],[9.9691,11.995],[9.9704,11.9998],[9.9698,12.004],[9.9764,12.0039],[9.9791,12.0048],[9.9832,12.003],[9.9861,11.9921],[9.9918,11.9907],[9.9947,11.9952],[9.9981,12.0038],[9.998,12.0076],[9.9968,12.0111],[10.0035,12.0078],[10.0081,12.0074],[10.0135,12.0118],[10.0097,12.0168],[10.0093,12.0206],[10.0078,12.0229],[10.003,12.0235],[10.0004,12.0262],[10.013,12.0355],[10.0131,12.0374],[10.0078,12.0425],[10.0079,12.0455],[10.0115,12.0527],[10.0153,12.0527],[10.0224,12.0516],[10.0237,12.0527],[10.0218,12.0593],[10.0183,12.0665],[10.0166,12.0678],[10.0228,12.0704],[10.0259,12.0736],[10.0252,12.0815],[10.0234,12.0849],[10.027,12.0866],[10.0243,12.0916],[10.0216,12.095],[10.0232,12.0998],[10.0286,12.1063],[10.0266,12.1097],[10.024,12.1103],[10.029,12.123],[10.0287,12.1252],[10.0262,12.1312],[10.0199,12.131],[10.0163,12.1344],[10.0136,12.1345],[10.0071,12.1393],[10.0069,12.1451],[10.0084,12.1463],[10.0056,12.1501],[9.9995,12.1525],[9.997,12.1552],[9.9922,12.1538],[9.9876,12.1573],[9.9824,12.1574],[9.9797,12.1602],[9.9743,12.159],[9.9692,12.1562],[9.9677,12.1542],[9.9697,12.1514],[9.9679,12.1495],[9.965,12.144],[9.9677,12.1401],[9.9701,12.1391],[9.9709,12.1364],[9.9655,12.1362],[9.9609,12.1342],[9.9558,12.134],[9.952,12.1315],[9.9505,12.1341],[9.9435,12.1359],[9.9382,12.1408],[9.9353,12.1407],[9.93,12.1552],[9.9248,12.1531],[9.9189,12.1519],[9.918,12.1487],[9.9146,12.147],[9.9097,12.1464],[9.9037,12.1439],[9.9034,12.1414],[9.9071,12.1362],[9.9098,12.1291],[9.9128,12.1281],[9.9138,12.1258],[9.9165,12.1252],[9.9188,12.127],[9.9314,12.1326],[9.936,12.1272],[9.9378,12.1207],[9.942,12.1165],[9.9384,12.1131],[9.9335,12.1131],[9.931,12.1105],[9.9328,12.1032],[9.9343,12.1022],[9.9287,12.0973],[9.9279,12.0935],[9.9249,12.0918],[9.9214,12.0942],[9.9191,12.09],[9.914,12.0891],[9.9112,12.0899],[9.9089,12.0886],[9.9064,12.0841],[9.903,12.0813],[9.9007,12.0826],[9.896,12.0814],[9.8948,12.0774],[9.8862,12.0737],[9.8833,12.0704],[9.8856,12.0679],[9.8857,12.0645],[9.8894,12.062],[9.8941,12.0633],[9.8955,12.0655],[9.8985,12.0658],[9.9024,12.0608],[9.9064,12.0617],[9.9086,12.0582],[9.9066,12.0553],[9.9057,12.0481],[9.9106,12.0355],[9.9054,12.0326]]]},"properties":{"name":"GAFAYA","state":"17","code":"17/15/03"}},{"type":"Feature","geometry":{"type":"Polygon","coordinates":[[[10.0073,12.3612],[10.0098,12.3613],[10.0133,12.3593],[10.0157,12.3566],[10.0121,12.3482],[10.012,12.344],[10.0145,12.3399],[10.0151,12.3366],[10.0121,12.3316],[10.0154,12.3265],[10.02,12.3242],[10.0223,12.3212],[10.024,12.3138],[10.0235,12.3045],[10.0248,12.3025],[10.0299,12.3026],[10.0291,12.2982],[10.0295,12.2939],[10.027,12.2923],[10.0178,12.2907],[10.0224,12.2847],[10.0309,12.2801],[10.0311,12.2785],[10.0353,12.275],[10.0435,12.2745],[10.0445,12.2674],[10.044,12.264],[10.0419,12.2611],[10.0491,12.2535],[10.0503,12.2473],[10.0586,12.2436],[10.0613,12.2435],[10.0661,12.2469],[10.0695,12.2542],[10.073,12.2562],[10.0763,12.2549],[10.0818,12.2591],[10.0871,12.2646],[10.0936,12.2651],[10.0972,12.2571],[10.0989,12.2562],[10.1003,12.2519],[10.1074,12.2491],[10.111,12.2494],[10.1148,12.2518],[10.1146,12.2575],[10.1088,12.2629],[10.105,12.2683],[10.1056,12.2707],[10.1095,12.2696],[10.1148,12.2702],[10.1195,12.274],[10.1189,12.2801],[10.1168,12.2808],[10.111,12.279],[10.1093,12.2816],[10.1032,12.2849],[10.1004,12.2878],[10.0987,12.2918],[10.0952,12.2935],[10.0956,12.2958],[10.1021,12.2989],[10.105,12.303],[10.1036,12.3066],[10.0978,12.314],[10.0976,12.3195],[10.0927,12.3211],[10.0873,12.3219],[10.0822,12.3306],[10.0887,12.3306],[10.0935,12.3343],[10.0884,12.3441],[10.0838,12.3464],[10.0823,12.3515],[10.0823,12.3583],[10.0813,12.3624],[10.0793,12.3638],[10.078,12.3689],[10.0765,12.367],[10.0718,12.3698],[10.0665,12.3702],[10.0576,12.3744],[10.0564,12.3759],[10.0486,12.3747],[10.0419,12.3708],[10.04,12.3672],[10.0337,12.3709],[10.029,12.3723],[10.0223,12.3717],[10.0178,12.3744],[10.016,12.3713],[10.0155,12.3654],[10.0073,12.3612]]]},"properties":{"name":"JABO","state":"17","code":"17/15/04"}},{"type":"Feature","geometry":{"type":"Polygon","coordinates":[[[9.8831,12.2351],[9.8836,12.2339],[9.8903,12.2364],[9.8922,12.2315],[9.8888,12.2273],[9.8914,12.2214],[9.8912,12.2168],[9.8891,12.2104],[9.886,12.2074],[9.8881,12.1984],[9.8873,12.1871],[9.8846,12.1837],[9.8845,12.1776],[9.8799,12.1734],[9.8746,12.17],[9.8724,12.1665],[9.8686,12.163],[9.8651,12.1625],[9.858,12.1597],[9.862,12.151],[9.8651,12.1473],[9.8688,12.1397],[9.867,12.1362],[9.8649,12.1359],[9.859,12.1327],[9.8567,12.13],[9.8573,12.1274],[9.8604,12.1228],[9.8628,12.1214],[9.8664,12.1214],[9.8701,12.123],[9.8798,12.1233],[9.8848,12.125],[9.884,12.1281],[9.8851,12.1309],[9.8893,12.1318],[9.8952,12.1347],[9.8982,12.139],[9.9034,12.1414],[9.9037,12.1439],[9.9097,12.1464],[9.9146,12.147],[9.918,12.1487],[9.9189,12.1519],[9.9248,12.1531],[9.93,12.1552],[9.9353,12.1407],[9.9382,12.1408],[9.9435,12.1359],[9.9505,12.1341],[9.952,12.1315],[9.9558,12.134],[9.9609,12.1342],[9.9655,12.1362],[9.9709,12.1364],[9.9701,12.1391],[9.9677,12.1401],[9.965,12.144],[9.9679,12.1495],[9.9697,12.1514],[9.9677,12.1542],[9.9692,12.1562],[9.9743,12.159],[9.9797,12.1602],[9.9824,12.1574],[9.9876,12.1573],[9.9922,12.1538],[9.9934,12.1564],[9.9929,12.1627],[9.9913,12.1643],[9.9908,12.1684],[9.9868,12.1726],[9.9877,12.1788],[9.9811,12.1841],[9.9714,12.1889],[9.9715,12.1932],[9.9744,12.1979],[9.9749,12.2009],[9.9683,12.1989],[9.9641,12.1949],[9.9616,12.1884],[9.9597,12.1984],[9.9571,12.2053],[9.9583,12.2078],[9.9647,12.2114],[9.977,12.2098],[9.9789,12.2135],[9.9777,12.2217],[9.9801,12.2282],[9.9851,12.232],[9.986,12.2345],[9.9826,12.2413],[9.9779,12.2462],[9.9623,12.2444],[9.9577,12.2488],[9.9585,12.251],[9.9547,12.2565],[9.9538,12.2688],[9.9595,12.2681],[9.9644,12.2705],[9.9644,12.2744],[9.9629,12.2783],[9.9608,12.2806],[9.9557,12.2791],[9.953,12.2767],[9.9478,12.2763],[9.9453,12.2735],[9.9344,12.2721],[9.928,12.2678],[9.9231,12.2674],[9.9188,12.261],[9.9135,12.2606],[9.9089,12.2587],[9.9087,12.2529],[9.9037,12.2485],[9.8991,12.2488],[9.8945,12.2525],[9.8908,12.2475],[9.8876,12.248],[9.8821,12.2461],[9.8803,12.2408],[9.8832,12.2389],[9.8831,12.2351]]]},"properties":{"name":"KAFIN HAUSA","state":"17","code":"17/15/05"}},{"type":"Feature","geometry":{"type":"Polygon","coordinates":[[[9.8608,12.2303],[9.8584,12.2225],[9.8529,12.2219],[9.8495,12.2236],[9.8418,12.2233],[9.8371,12.2161],[9.8367,12.214],[9.8387,12.2112],[9.8378,12.2063],[9.8364,12.2062],[9.8286,12.2005],[9.8231,12.2001],[9.8203,12.2011],[9.8197,12.1952],[9.8154,12.1918],[9.8137,12.1864],[9.808,12.1833],[9.8041,12.1834],[9.8015,12.1812],[9.8035,12.1789],[9.8062,12.1719],[9.808,12.1704],[9.8063,12.1675],[9.8065,12.1624],[9.805,12.1609],[9.7994,12.1605],[9.797,12.1573],[9.7935,12.1573],[9.7907,12.1517],[9.7866,12.1464],[9.7826,12.1484],[9.7784,12.1474],[9.7769,12.1454],[9.7714,12.1437],[9.775,12.1369],[9.7756,12.1298],[9.7749,12.1289],[9.7786,12.1272],[9.7812,12.1248],[9.7888,12.1231],[9.7917,12.1253],[9.7926,12.1303],[9.7966,12.134],[9.8003,12.1389],[9.8045,12.1415],[9.8059,12.144],[9.8086,12.1444],[9.8144,12.1431],[9.8191,12.1489],[9.8243,12.1493],[9.8334,12.1428],[9.8358,12.1394],[9.8374,12.1346],[9.8453,12.1318],[9.8463,12.1304],[9.8514,12.132],[9.8567,12.13],[9.859,12.1327],[9.8649,12.1359],[9.867,12.1362],[9.8688,12.1397],[9.8651,12.1473],[9.862,12.151],[9.858,12.1597],[9.8651,12.1625],[9.8686,12.163],[9.8724,12.1665],[9.8746,12.17],[9.8799,12.1734],[9.8845,12.1776],[9.8846,12.1837],[9.8873,12.1871],[9.8881,12.1984],[9.886,12.2074],[9.8891,12.2104],[9.8912,12.2168],[9.8914,12.2214],[9.8888,12.2273],[9.8922,12.2315],[9.8903,12.2364],[9.8836,12.2339],[9.8831,12.2351],[9.8786,12.2346],[9.8684,12.2356],[9.8662,12.2321],[9.8608,12.2303]]]},"properties":{"name":"KAZALEWA","state":"17","code":"17/15/06"}},{"type":"Feature","geometry":{"type":"Polygon","coordinates":[[[10.1693,12.1674],[10.1622,12.1832],[10.1515,12.2023],[10.1477,12.2366],[10.1442,12.2341],[10.1396,12.2366],[10.1352,12.2359],[10.1335,12.2331],[10.1313,12.234],[10.1267,12.2333],[10.126,12.2301],[10.1232,12.2285],[10.1236,12.2246],[10.1199,12.2247],[10.1156,12.2227],[10.1172,12.219],[10.1155,12.2177],[10.112,12.2113],[10.1074,12.2082],[10.1062,12.2052],[10.0992,12.212],[10.0966,12.2166],[10.0928,12.2198],[10.0892,12.2276],[10.0874,12.2293],[10.0787,12.2313],[10.0793,12.2382],[10.0718,12.241],[10.0661,12.2469],[10.0613,12.2435],[10.0619,12.2372],[10.0682,12.2356],[10.072,12.2337],[10.0737,12.2315],[10.078,12.231],[10.0734,12.2268],[10.07,12.2257],[10.0674,12.2232],[10.0635,12.2217],[10.0606,12.2191],[10.0464,12.2206],[10.0423,12.2194],[10.0393,12.2146],[10.0361,12.2127],[10.026,12.2146],[10.0206,12.2133],[10.0131,12.2079],[10.0165,12.1971],[10.0202,12.1943],[10.0225,12.1874],[10.0217,12.1834],[10.0154,12.1784],[10.01,12.1777],[10.0092,12.1719],[10.0111,12.1653],[10.0084,12.1577],[10.0042,12.1575],[10.0027,12.1547],[9.9998,12.1576],[9.997,12.1552],[9.9995,12.1525],[10.0056,12.1501],[10.0084,12.1463],[10.0069,12.1451],[10.0071,12.1393],[10.0136,12.1345],[10.0163,12.1344],[10.0199,12.131],[10.0262,12.1312],[10.0287,12.1252],[10.0343,12.1249],[10.0457,12.1235],[10.0472,12.12],[10.0504,12.1178],[10.0591,12.1174],[10.066,12.1218],[10.0742,12.1134],[10.0791,12.1161],[10.0828,12.1167],[10.0888,12.1148],[10.0953,12.1207],[10.0874,12.1251],[10.0865,12.1279],[10.0888,12.1356],[10.0891,12.1392],[10.0925,12.1405],[10.0998,12.1369],[10.1098,12.1454],[10.1162,12.1392],[10.1232,12.1421],[10.1285,12.1416],[10.1318,12.1435],[10.1336,12.1463],[10.1303,12.1521],[10.1362,12.1586],[10.1402,12.1616],[10.1496,12.1625],[10.1536,12.1648],[10.1579,12.166],[10.1613,12.1639],[10.1642,12.1659],[10.1693,12.1674]]]},"properties":{"name":"MAJAWA","state":"17","code":"17/15/07"}},{"type":"Feature","geometry":{"type":"MultiPolygon","coordinates":[[[[10.078,12.3689],[10.0793,12.3638],[10.0813,12.3624],[10.0823,12.3583],[10.0823,12.3515],[10.0838,12.3464],[10.0884,12.3441],[10.0935,12.3343],[10.0887,12.3306],[10.0822,12.3306],[10.0873,12.3219],[10.0927,12.3211],[10.0976,12.3195],[10.0978,12.314],[10.1036,12.3066],[10.105,12.303],[10.1021,12.2989],[10.0956,12.2958],[10.0952,12.2935],[10.0987,12.2918],[10.1004,12.2878],[10.1032,12.2849],[10.1093,12.2816],[10.111,12.279],[10.1168,12.2808],[10.1189,12.2801],[10.1195,12.274],[10.1148,12.2702],[10.1095,12.2696],[10.1056,12.2707],[10.105,12.2683],[10.1088,12.2629],[10.1146,12.2575],[10.1148,12.2518],[10.111,12.2494],[10.1074,12.2491],[10.1003,12.2519],[10.0989,12.2562],[10.0972,12.2571],[10.0936,12.2651],[10.0871,12.2646],[10.0818,12.2591],[10.0763,12.2549],[10.073,12.2562],[10.0695,12.2542],[10.0661,12.2469],[10.0718,12.241],[10.0793,12.2382],[10.0787,12.2313],[10.0874,12.2293],[10.0892,12.2276],[10.0928,12.2198],[10.0966,12.2166],[10.0992,12.212],[10.1062,12.2052],[10.1074,12.2082],[10.112,12.2113],[10.1155,12.2177],[10.1172,12.219],[10.1156,12.2227],[10.1199,12.2247],[10.1236,12.2246],[10.1232,12.2285],[10.126,12.2301],[10.1267,12.2333],[10.1313,12.234],[10.1335,12.2331],[10.1352,12.2359],[10.1396,12.2366],[10.1442,12.2341],[10.1477,12.2366],[10.1478,12.2385],[10.1527,12.2444],[10.1532,12.2466],[10.157,12.2503],[10.175,12.2734],[10.1799,12.288],[10.1962,12.311],[10.1994,12.3135],[10.2023,12.3116],[10.2061,12.3114],[10.2055,12.3142],[10.2065,12.3188],[10.2011,12.3234],[10.1964,12.3213],[10.1975,12.3247],[10.1953,12.3276],[10.1924,12.3273],[10.1898,12.33],[10.1858,12.3322],[10.1844,12.3358],[10.1856,12.3424],[10.184,12.3443],[10.1789,12.3453],[10.1753,12.3419],[10.1704,12.3396],[10.1682,12.3369],[10.1645,12.3348],[10.1624,12.3354],[10.1613,12.3321],[10.1534,12.3323],[10.1512,12.3316],[10.1475,12.337],[10.1478,12.34],[10.1455,12.3442],[10.1415,12.3474],[10.1409,12.3508],[10.1341,12.3537],[10.13,12.3571],[10.1265,12.3578],[10.1229,12.3559],[10.124,12.3501],[10.1215,12.3467],[10.1146,12.3446],[10.1132,12.3455],[10.1119,12.3509],[10.1091,12.3541],[10.1128,12.3631],[10.1172,12.3647],[10.1217,12.3691],[10.1179,12.3727],[10.115,12.3741],[10.113,12.3785],[10.1082,12.3861],[10.1069,12.3896],[10.1018,12.3862],[10.0999,12.3849],[10.0961,12.3867],[10.0954,12.3827],[10.092,12.3846],[10.088,12.3838],[10.091,12.3811],[10.0882,12.379],[10.0829,12.3787],[10.0796,12.3769],[10.0776,12.3737],[10.078,12.3689]]],[[[10.0311,12.2785],[10.0286,12.2767],[10.0257,12.2767],[10.0206,12.2751],[10.0151,12.2719],[10.0155,12.2688],[10.0225,12.2684],[10.0236,12.2625],[10.0168,12.2617],[10.0173,12.2536],[10.0201,12.2511],[10.021,12.2474],[10.0279,12.237],[10.032,12.2361],[10.0374,12.2311],[10.0399,12.2276],[10.0423,12.2194],[10.0464,12.2206],[10.0606,12.2191],[10.0635,12.2217],[10.0674,12.2232],[10.07,12.2257],[10.0734,12.2268],[10.078,12.231],[10.0737,12.2315],[10.072,12.2337],[10.0682,12.2356],[10.0619,12.2372],[10.0613,12.2435],[10.0586,12.2436],[10.0503,12.2473],[10.0491,12.2535],[10.0419,12.2611],[10.044,12.264],[10.0445,12.2674],[10.0435,12.2745],[10.0353,12.275],[10.0311,12.2785]]]]},"properties":{"name":"MEZAN","state":"17","code":"17/15/08"}},{"type":"Feature","geometry":{"type":"Polygon","coordinates":[[[9.8142,11.9643],[9.8194,11.9653],[9.8214,11.9638],[9.8261,11.9653],[9.8296,11.9655],[9.835,11.9676],[9.8352,11.9711],[9.8387,11.9704],[9.8407,11.9601],[9.84,11.9558],[9.8437,11.9548],[9.8454,11.9517],[9.8489,11.953],[9.854,11.961],[9.8583,11.9624],[9.865,11.9709],[9.8732,11.9733],[9.8759,11.9723],[9.8776,11.968],[9.8811,11.9658],[9.8848,11.9611],[9.8862,11.9561],[9.8884,11.9532],[9.892,11.952],[9.899,11.9447],[9.8987,11.9406],[9.9007,11.9382],[9.9056,11.9421],[9.9118,11.9436],[9.9189,11.9443],[9.9234,11.9438],[9.9236,11.9467],[9.9267,11.9497],[9.9307,11.9515],[9.9345,11.952],[9.9408,11.9514],[9.9414,11.9536],[9.9517,11.956],[9.952,11.9578],[9.9597,11.9604],[9.9595,11.9561],[9.9627,11.9539],[9.9678,11.9544],[9.9691,11.9556],[9.9712,11.9626],[9.9741,11.9641],[9.9763,11.9627],[9.9816,11.9686],[9.989,11.9722],[9.9927,11.9727],[9.9966,11.9751],[10.0074,11.9776],[10.0041,11.9842],[10.0008,11.9852],[9.9918,11.9907],[9.9861,11.9921],[9.9832,12.003],[9.9791,12.0048],[9.9764,12.0039],[9.9698,12.004],[9.9704,11.9998],[9.9691,11.995],[9.9708,11.9899],[9.9691,11.989],[9.9632,11.9919],[9.9576,11.9918],[9.9543,11.993],[9.9519,11.9959],[9.9486,11.9975],[9.9455,11.9946],[9.9457,11.9894],[9.9387,11.9859],[9.9342,11.9847],[9.9314,11.9821],[9.9308,11.9782],[9.9223,11.9769],[9.9225,11.9792],[9.9178,11.9808],[9.9098,11.9891],[9.9104,11.997],[9.9088,12.0053],[9.9089,12.0096],[9.9059,12.015],[9.9092,12.017],[9.9142,12.0168],[9.9181,12.0195],[9.9115,12.0234],[9.9092,12.0286],[9.9054,12.0326],[9.8958,12.0278],[9.8898,12.0281],[9.8835,12.0303],[9.8761,12.0273],[9.8741,12.0278],[9.8709,12.0359],[9.863,12.0265],[9.8593,12.0267],[9.8612,12.031],[9.858,12.0338],[9.8555,12.0298],[9.8494,12.0287],[9.8479,12.0263],[9.8448,12.0293],[9.845,12.0321],[9.8381,12.036],[9.8386,12.0405],[9.8355,12.0398],[9.8338,12.0379],[9.8312,12.0412],[9.8307,12.0438],[9.8232,12.0512],[9.8235,12.0554],[9.8212,12.058],[9.8228,12.062],[9.8282,12.0673],[9.8273,12.0729],[9.8284,12.0753],[9.8258,12.0825],[9.8274,12.0867],[9.8333,12.0874],[9.8389,12.0868],[9.8445,12.0813],[9.8515,12.079],[9.8555,12.079],[9.8621,12.0858],[9.8652,12.0882],[9.8664,12.0922],[9.8711,12.0966],[9.867,12.1024],[9.8612,12.1029],[9.8583,12.1024],[9.8518,12.0977],[9.8499,12.1025],[9.8518,12.1049],[9.849,12.1072],[9.8451,12.1083],[9.8467,12.1125],[9.8514,12.1103],[9.8537,12.1138],[9.8607,12.1145],[9.8628,12.1214],[9.8604,12.1228],[9.8573,12.1274],[9.8567,12.13],[9.8514,12.132],[9.8463,12.1304],[9.8453,12.1318],[9.8374,12.1346],[9.8358,12.1394],[9.8334,12.1428],[9.8243,12.1493],[9.8191,12.1489],[9.8144,12.1431],[9.8086,12.1444],[9.8059,12.144],[9.8045,12.1415],[9.8003,12.1389],[9.7966,12.134],[9.7926,12.1303],[9.7917,12.1253],[9.7888,12.1231],[9.7838,12.1192],[9.7849,12.1157],[9.7846,12.1113],[9.7859,12.1077],[9.787,12.101],[9.7846,12.0986],[9.7858,12.0954],[9.7843,12.0934],[9.786,12.0903],[9.7859,12.0855],[9.7839,12.0811],[9.7862,12.0794],[9.7895,12.0729],[9.79,12.0665],[9.7951,12.0605],[9.7953,12.0564],[9.7967,12.0542],[9.7978,12.0488],[9.7958,12.0475],[9.7962,12.0445],[9.8004,12.0416],[9.8044,12.0329],[9.8053,12.0249],[9.7981,12.0215],[9.8039,12.0179],[9.8056,12.012],[9.8142,12.0002],[9.8163,11.9992],[9.8186,11.9953],[9.815,11.9883],[9.8146,11.9856],[9.8081,11.981],[9.8081,11.9757],[9.8142,11.9643]]]},"properties":{"name":"RUBA","state":"17","code":"17/15/09"}},{"type":"Feature","geometry":{"type":"Polygon","coordinates":[[[9.9518,12.3061],[9.9539,12.3018],[9.9553,12.2963],[9.9583,12.2917],[9.9566,12.2891],[9.9523,12.2875],[9.9514,12.2857],[9.9557,12.2791],[9.9608,12.2806],[9.9629,12.2783],[9.9644,12.2744],[9.9644,12.2705],[9.9595,12.2681],[9.9538,12.2688],[9.9547,12.2565],[9.9585,12.251],[9.9577,12.2488],[9.9623,12.2444],[9.9779,12.2462],[9.9826,12.2413],[9.986,12.2345],[9.9851,12.232],[9.9801,12.2282],[9.9777,12.2217],[9.9789,12.2135],[9.977,12.2098],[9.9647,12.2114],[9.9583,12.2078],[9.9571,12.2053],[9.9597,12.1984],[9.9616,12.1884],[9.9641,12.1949],[9.9683,12.1989],[9.9749,12.2009],[9.9744,12.1979],[9.9715,12.1932],[9.9714,12.1889],[9.9811,12.1841],[9.9877,12.1788],[9.9868,12.1726],[9.9908,12.1684],[9.9913,12.1643],[9.9929,12.1627],[9.9934,12.1564],[9.9922,12.1538],[9.997,12.1552],[9.9998,12.1576],[10.0027,12.1547],[10.0042,12.1575],[10.0084,12.1577],[10.0111,12.1653],[10.0092,12.1719],[10.01,12.1777],[10.0154,12.1784],[10.0217,12.1834],[10.0225,12.1874],[10.0202,12.1943],[10.0165,12.1971],[10.0131,12.2079],[10.0206,12.2133],[10.026,12.2146],[10.0361,12.2127],[10.0393,12.2146],[10.0423,12.2194],[10.0399,12.2276],[10.0374,12.2311],[10.032,12.2361],[10.0279,12.237],[10.021,12.2474],[10.0201,12.2511],[10.0173,12.2536],[10.0168,12.2617],[10.0236,12.2625],[10.0225,12.2684],[10.0155,12.2688],[10.0151,12.2719],[10.0206,12.2751],[10.0257,12.2767],[10.0286,12.2767],[10.0311,12.2785],[10.0309,12.2801],[10.0224,12.2847],[10.0178,12.2907],[10.027,12.2923],[10.0295,12.2939],[10.0291,12.2982],[10.0299,12.3026],[10.0248,12.3025],[10.0235,12.3045],[10.024,12.3138],[10.0223,12.3212],[10.02,12.3242],[10.0154,12.3265],[10.0121,12.3316],[10.0151,12.3366],[10.0145,12.3399],[10.012,12.344],[10.0121,12.3482],[10.0157,12.3566],[10.0133,12.3593],[10.0098,12.3613],[10.0073,12.3612],[10.0033,12.3588],[9.9971,12.3536],[9.9957,12.3491],[9.9932,12.349],[9.9911,12.3389],[9.9855,12.3378],[9.9805,12.3354],[9.9811,12.3338],[9.9756,12.3284],[9.9768,12.3243],[9.9717,12.3222],[9.9676,12.3233],[9.9657,12.3207],[9.9612,12.3189],[9.9574,12.3159],[9.9617,12.3094],[9.9598,12.3072],[9.9551,12.3044],[9.9518,12.3061]]]},"properties":{"name":"SARAWA","state":"17","code":"17/15/10"}},{"type":"Feature","geometry":{"type":"Polygon","coordinates":[[[10.0888,12.1148],[10.0828,12.1167],[10.0791,12.1161],[10.0742,12.1134],[10.066,12.1218],[10.0591,12.1174],[10.0504,12.1178],[10.0472,12.12],[10.0457,12.1235],[10.0343,12.1249],[10.0287,12.1252],[10.029,12.123],[10.024,12.1103],[10.0266,12.1097],[10.0286,12.1063],[10.0232,12.0998],[10.0216,12.095],[10.0243,12.0916],[10.027,12.0866],[10.0234,12.0849],[10.0252,12.0815],[10.0259,12.0736],[10.0228,12.0704],[10.0166,12.0678],[10.0183,12.0665],[10.0218,12.0593],[10.0237,12.0527],[10.0224,12.0516],[10.0153,12.0527],[10.0115,12.0527],[10.0079,12.0455],[10.0078,12.0425],[10.0131,12.0374],[10.013,12.0355],[10.0004,12.0262],[10.003,12.0235],[10.0078,12.0229],[10.0093,12.0206],[10.0097,12.0168],[10.0135,12.0118],[10.0081,12.0074],[10.0035,12.0078],[9.9968,12.0111],[9.998,12.0076],[9.9981,12.0038],[9.9947,11.9952],[9.9918,11.9907],[10.0008,11.9852],[10.0041,11.9842],[10.0074,11.9776],[10.0122,11.979],[10.0167,11.9827],[10.0215,11.9833],[10.0237,11.9805],[10.0312,11.9787],[10.0372,11.9746],[10.0404,11.9761],[10.0411,11.981],[10.0448,11.9826],[10.0442,11.9857],[10.0466,11.9934],[10.0462,11.9957],[10.0473,12.0036],[10.0418,12.0041],[10.0374,12.0114],[10.0353,12.0182],[10.0375,12.023],[10.042,12.0243],[10.0473,12.0225],[10.0592,12.0325],[10.0619,12.034],[10.0579,12.0509],[10.0582,12.0546],[10.0505,12.0573],[10.0462,12.0645],[10.0497,12.0659],[10.0465,12.0744],[10.0485,12.0791],[10.062,12.0868],[10.0652,12.0861],[10.0742,12.082],[10.0746,12.084],[10.0797,12.0901],[10.0839,12.0908],[10.0887,12.096],[10.0862,12.1002],[10.0895,12.1066],[10.0898,12.1107],[10.0888,12.1148]]]},"properties":{"name":"ZAGO","state":"17","code":"17/15/11"}},{"type":"Feature","geometry":{"type":"Polygon","coordinates":[[[9.8491,12.6247],[9.8427,12.6246],[9.8393,12.6218],[9.8276,12.6214],[9.8249,12.6232],[9.8154,12.6345],[9.8117,12.6396],[9.8096,12.6352],[9.8051,12.6356],[9.7997,12.6333],[9.7947,12.6333],[9.7897,12.6292],[9.7852,12.6275],[9.7832,12.6256],[9.7831,12.6208],[9.7842,12.6177],[9.7842,12.6131],[9.7825,12.6108],[9.7717,12.6146],[9.7648,12.6149],[9.7619,12.605],[9.7616,12.6],[9.7578,12.6002],[9.7509,12.602],[9.7455,12.5977],[9.7433,12.595],[9.7384,12.5917],[9.7343,12.5934],[9.7306,12.5928],[9.7239,12.589],[9.7276,12.5853],[9.7289,12.5821],[9.7318,12.5785],[9.7352,12.5762],[9.7294,12.5713],[9.7318,12.5684],[9.7329,12.5651],[9.7357,12.5621],[9.7364,12.5561],[9.7406,12.5537],[9.7458,12.5541],[9.7483,12.553],[9.7523,12.5534],[9.7597,12.5516],[9.7621,12.5552],[9.7734,12.5506],[9.7748,12.5489],[9.7808,12.5494],[9.7864,12.553],[9.7891,12.5509],[9.789,12.547],[9.7854,12.5416],[9.7843,12.5323],[9.7877,12.5297],[9.7932,12.5237],[9.7962,12.524],[9.8031,12.5227],[9.8095,12.5289],[9.8142,12.5291],[9.818,12.5265],[9.8237,12.5272],[9.8266,12.5265],[9.8331,12.5282],[9.832,12.5296],[9.8311,12.5363],[9.8285,12.542],[9.8294,12.5456],[9.8279,12.5538],[9.8318,12.5566],[9.8337,12.5594],[9.836,12.5596],[9.8362,12.5614],[9.8315,12.5637],[9.8266,12.5671],[9.8229,12.5672],[9.8234,12.5705],[9.8209,12.5806],[9.8251,12.5825],[9.8265,12.5816],[9.8311,12.5825],[9.8365,12.5816],[9.8431,12.5784],[9.8438,12.5823],[9.8469,12.5843],[9.8576,12.5857],[9.8635,12.5907],[9.8705,12.5913],[9.8701,12.5964],[9.8684,12.6017],[9.8683,12.6116],[9.8655,12.6135],[9.8638,12.6189],[9.861,12.6213],[9.856,12.6273],[9.853,12.6247],[9.8491,12.6247]]]},"properties":{"name":"ARBUS","state":"17","code":"17/16/01"}},{"type":"Feature","geometry":{"type":"Polygon","coordinates":[[[9.8955,12.4347],[9.8891,12.4334],[9.8856,12.4358],[9.8837,12.4398],[9.8772,12.4404],[9.8712,12.4387],[9.8702,12.4365],[9.8662,12.4367],[9.8554,12.4338],[9.8515,12.435],[9.8471,12.4345],[9.8408,12.4309],[9.8396,12.4246],[9.8376,12.4227],[9.8289,12.4233],[9.8257,12.4245],[9.8213,12.421],[9.8186,12.4149],[9.8146,12.4108],[9.8111,12.4098],[9.8087,12.4063],[9.8058,12.4049],[9.7963,12.4083],[9.7946,12.4062],[9.7898,12.4033],[9.7881,12.3976],[9.7903,12.3941],[9.7885,12.3922],[9.7887,12.3853],[9.7909,12.3808],[9.7921,12.3763],[9.7983,12.3717],[9.7992,12.3676],[9.8037,12.3654],[9.8069,12.359],[9.8066,12.3576],[9.8132,12.3514],[9.82,12.3482],[9.8231,12.3454],[9.8285,12.351],[9.8331,12.3515],[9.834,12.3538],[9.8422,12.3597],[9.8461,12.3594],[9.8483,12.3638],[9.848,12.3669],[9.8555,12.374],[9.8617,12.3722],[9.8686,12.3712],[9.873,12.3663],[9.8769,12.3653],[9.8833,12.3651],[9.8872,12.3702],[9.8862,12.3796],[9.8879,12.3855],[9.8916,12.3881],[9.893,12.3936],[9.8927,12.3983],[9.8982,12.3963],[9.9068,12.3945],[9.9151,12.4026],[9.9186,12.4053],[9.9234,12.4073],[9.9243,12.412],[9.9217,12.4177],[9.9162,12.4162],[9.9106,12.4114],[9.9051,12.4122],[9.9038,12.4149],[9.8985,12.4192],[9.8998,12.4217],[9.8994,12.4271],[9.8955,12.4347]]]},"properties":{"name":"ASKANDU","state":"17","code":"17/16/02"}},{"type":"Feature","geometry":{"type":"Polygon","coordinates":[[[9.7898,12.4033],[9.786,12.407],[9.7674,12.4231],[9.7571,12.4243],[9.7554,12.4226],[9.7451,12.4256],[9.7383,12.419],[9.7355,12.4144],[9.73,12.414],[9.7262,12.4145],[9.7229,12.4131],[9.7194,12.4229],[9.7162,12.4255],[9.7131,12.43],[9.7054,12.4323],[9.7029,12.4311],[9.6963,12.4256],[9.6963,12.4235],[9.699,12.4213],[9.7018,12.4172],[9.706,12.4158],[9.7113,12.4123],[9.7095,12.4098],[9.7035,12.4063],[9.7014,12.4011],[9.6929,12.3971],[9.6856,12.3978],[9.6837,12.394],[9.6847,12.392],[9.6838,12.3841],[9.6862,12.3797],[9.6832,12.3726],[9.6919,12.3694],[9.6996,12.3655],[9.7008,12.364],[9.7083,12.3618],[9.7117,12.3631],[9.717,12.3634],[9.7223,12.3608],[9.7271,12.3627],[9.7307,12.3598],[9.7348,12.355],[9.7354,12.3506],[9.7423,12.3489],[9.7468,12.3488],[9.7508,12.3514],[9.7614,12.353],[9.7634,12.354],[9.7666,12.3586],[9.7688,12.3594],[9.7772,12.3674],[9.7804,12.3696],[9.7836,12.3667],[9.7895,12.3636],[9.7957,12.3652],[9.7992,12.3676],[9.7983,12.3717],[9.7921,12.3763],[9.7909,12.3808],[9.7887,12.3853],[9.7885,12.3922],[9.7903,12.3941],[9.7881,12.3976],[9.7898,12.4033]]]},"properties":{"name":"DABUWARAN","state":"17","code":"17/16/03"}},{"type":"Feature","geometry":{"type":"Polygon","coordinates":[[[9.8963,12.3499],[9.8937,12.3524],[9.8894,12.3592],[9.8872,12.3595],[9.8833,12.3651],[9.8769,12.3653],[9.873,12.3663],[9.8686,12.3712],[9.8617,12.3722],[9.8555,12.374],[9.848,12.3669],[9.8483,12.3638],[9.8461,12.3594],[9.8483,12.352],[9.8547,12.346],[9.8546,12.343],[9.8594,12.3366],[9.8606,12.3362],[9.859,12.3426],[9.8623,12.3443],[9.8675,12.3444],[9.8741,12.3463],[9.8752,12.3418],[9.8781,12.3399],[9.885,12.3421],[9.8879,12.3457],[9.8963,12.3499]]]},"properties":{"name":"DAKAIYAWA","state":"17","code":"17/16/04"}},{"type":"Feature","geometry":{"type":"Polygon","coordinates":[[[9.8606,12.3362],[9.8594,12.3366],[9.8546,12.343],[9.8547,12.346],[9.8483,12.352],[9.8461,12.3594],[9.8422,12.3597],[9.834,12.3538],[9.8331,12.3515],[9.8285,12.351],[9.8231,12.3454],[9.82,12.3482],[9.8132,12.3514],[9.8066,12.3576],[9.8069,12.359],[9.8037,12.3654],[9.7992,12.3676],[9.7957,12.3652],[9.7895,12.3636],[9.7836,12.3667],[9.7804,12.3696],[9.7772,12.3674],[9.7688,12.3594],[9.7666,12.3586],[9.7634,12.354],[9.7646,12.3498],[9.764,12.3451],[9.7666,12.3404],[9.7714,12.3347],[9.7739,12.3327],[9.7687,12.331],[9.7621,12.3263],[9.7582,12.3274],[9.7537,12.3239],[9.7573,12.3186],[9.7603,12.3076],[9.7631,12.3047],[9.768,12.3051],[9.7717,12.3022],[9.7764,12.3087],[9.7768,12.3113],[9.7811,12.3092],[9.783,12.3102],[9.783,12.3135],[9.7863,12.312],[9.7861,12.31],[9.7913,12.3086],[9.793,12.3115],[9.7921,12.3145],[9.7972,12.3148],[9.8003,12.3179],[9.8054,12.3214],[9.8104,12.3225],[9.8097,12.3257],[9.8125,12.3263],[9.8191,12.3302],[9.8227,12.3342],[9.8249,12.3328],[9.8227,12.3283],[9.8268,12.329],[9.8342,12.3321],[9.8386,12.3346],[9.8468,12.3364],[9.8618,12.3306],[9.8606,12.3362]]]},"properties":{"name":"HADIN","state":"17","code":"17/16/05"}},{"type":"Feature","geometry":{"type":"Polygon","coordinates":[[[9.6446,12.4606],[9.6474,12.4591],[9.6547,12.4604],[9.6567,12.4619],[9.6633,12.4635],[9.6657,12.467],[9.6724,12.4707],[9.6744,12.4734],[9.6804,12.4714],[9.6887,12.4645],[9.6911,12.4598],[9.6993,12.4596],[9.7067,12.4663],[9.7171,12.4715],[9.7202,12.4724],[9.7198,12.4795],[9.7187,12.4838],[9.725,12.4862],[9.7346,12.488],[9.7434,12.4953],[9.747,12.4928],[9.7503,12.4849],[9.748,12.482],[9.7481,12.4778],[9.7468,12.4763],[9.7459,12.4698],[9.7486,12.4669],[9.7562,12.4674],[9.7614,12.4691],[9.7681,12.4723],[9.7685,12.4815],[9.7774,12.4889],[9.7796,12.4922],[9.7838,12.4954],[9.7838,12.5014],[9.7821,12.5042],[9.7863,12.5134],[9.7916,12.5198],[9.7932,12.5237],[9.7877,12.5297],[9.7843,12.5323],[9.7854,12.5416],[9.789,12.547],[9.7891,12.5509],[9.7864,12.553],[9.7808,12.5494],[9.7748,12.5489],[9.7734,12.5506],[9.7621,12.5552],[9.7597,12.5516],[9.7523,12.5534],[9.7483,12.553],[9.7458,12.5541],[9.7406,12.5537],[9.7364,12.5561],[9.7357,12.5621],[9.7329,12.5651],[9.7318,12.5684],[9.7294,12.5713],[9.7352,12.5762],[9.7318,12.5785],[9.7289,12.5821],[9.7276,12.5853],[9.7239,12.589],[9.7208,12.5896],[9.7199,12.5875],[9.7117,12.579],[9.7072,12.58],[9.6997,12.5747],[9.6943,12.575],[9.6925,12.5733],[9.6879,12.5726],[9.6841,12.566],[9.6806,12.5635],[9.6803,12.5618],[9.6762,12.5619],[9.6668,12.556],[9.6653,12.5528],[9.6661,12.5462],[9.6644,12.5409],[9.6643,12.537],[9.667,12.5351],[9.6687,12.5312],[9.6674,12.5239],[9.668,12.5161],[9.6668,12.5144],[9.6618,12.5163],[9.6572,12.5143],[9.6497,12.5133],[9.6425,12.5146],[9.6409,12.5106],[9.6456,12.5065],[9.6467,12.5021],[9.6506,12.4976],[9.647,12.4925],[9.6459,12.4893],[9.6438,12.488],[9.6479,12.4821],[9.6468,12.4747],[9.6444,12.4701],[9.6446,12.4606]]]},"properties":{"name":"JA'E","state":"17","code":"17/16/06"}},{"type":"Feature","geometry":{"type":"Polygon","coordinates":[[[9.8121,12.7259],[9.8108,12.7328],[9.8114,12.738],[9.8104,12.7437],[9.8049,12.7471],[9.7966,12.7468],[9.7926,12.7514],[9.7895,12.7534],[9.7846,12.7601],[9.7773,12.7603],[9.7696,12.767],[9.7647,12.7688],[9.7643,12.7718],[9.7684,12.7802],[9.768,12.7832],[9.7652,12.7883],[9.7652,12.7912],[9.7633,12.7964],[9.7483,12.7982],[9.7143,12.8102],[9.714,12.8139],[9.7112,12.814],[9.7053,12.822],[9.7039,12.8225],[9.6868,12.8213],[9.6882,12.8179],[9.6885,12.81],[9.6978,12.8053],[9.701,12.801],[9.7058,12.7998],[9.7116,12.7949],[9.7147,12.7938],[9.7216,12.7872],[9.7222,12.7794],[9.7241,12.7767],[9.7311,12.7713],[9.729,12.7652],[9.7366,12.7622],[9.744,12.7581],[9.7483,12.7507],[9.7426,12.7379],[9.7443,12.7334],[9.7451,12.7325],[9.7516,12.7323],[9.759,12.7286],[9.7602,12.7244],[9.7602,12.7172],[9.7617,12.7146],[9.769,12.7142],[9.7727,12.7116],[9.7785,12.7105],[9.7802,12.7036],[9.7776,12.6914],[9.778,12.6893],[9.7767,12.6845],[9.7849,12.6797],[9.7839,12.6772],[9.7862,12.6738],[9.7868,12.6709],[9.7902,12.6695],[9.7909,12.6663],[9.7945,12.6637],[9.8,12.662],[9.8039,12.6563],[9.8044,12.6524],[9.8078,12.6429],[9.8117,12.6396],[9.8154,12.6345],[9.8249,12.6232],[9.8276,12.6214],[9.8393,12.6218],[9.8427,12.6246],[9.8491,12.6247],[9.846,12.6298],[9.8459,12.6328],[9.8433,12.6389],[9.8442,12.6475],[9.8526,12.6548],[9.8524,12.6566],[9.8493,12.6641],[9.845,12.6677],[9.8443,12.6698],[9.84,12.6748],[9.8381,12.6804],[9.8352,12.6826],[9.835,12.6854],[9.8315,12.6873],[9.8314,12.6913],[9.8302,12.6939],[9.8259,12.699],[9.8201,12.7033],[9.8172,12.7038],[9.811,12.7084],[9.8094,12.7104],[9.8093,12.7169],[9.8081,12.7214],[9.8121,12.7259]]]},"properties":{"name":"JARKASA","state":"17","code":"17/16/07"}},{"type":"Feature","geometry":{"type":"Polygon","coordinates":[[[9.7451,12.4256],[9.7396,12.4301],[9.7386,12.4343],[9.7368,12.4369],[9.7366,12.4405],[9.7412,12.4446],[9.7461,12.4476],[9.755,12.4515],[9.7605,12.4532],[9.7631,12.4557],[9.7606,12.4587],[9.7594,12.464],[9.7562,12.4674],[9.7486,12.4669],[9.7459,12.4698],[9.7468,12.4763],[9.7481,12.4778],[9.748,12.482],[9.7503,12.4849],[9.747,12.4928],[9.7434,12.4953],[9.7346,12.488],[9.725,12.4862],[9.7187,12.4838],[9.7198,12.4795],[9.7202,12.4724],[9.7171,12.4715],[9.7067,12.4663],[9.6993,12.4596],[9.6911,12.4598],[9.6895,12.4592],[9.6844,12.4511],[9.6761,12.4472],[9.6748,12.4443],[9.6757,12.4404],[9.676,12.4334],[9.6746,12.4302],[9.6764,12.4262],[9.6759,12.423],[9.6789,12.4176],[9.688,12.4172],[9.6934,12.4222],[9.6963,12.4235],[9.6963,12.4256],[9.7029,12.4311],[9.7054,12.4323],[9.7131,12.43],[9.7162,12.4255],[9.7194,12.4229],[9.7229,12.4131],[9.7262,12.4145],[9.73,12.414],[9.7355,12.4144],[9.7383,12.419],[9.7451,12.4256]]]},"properties":{"name":"KAUGAMA","state":"17","code":"17/16/08"}},{"type":"Feature","geometry":{"type":"Polygon","coordinates":[[[9.7008,12.364],[9.6972,12.3585],[9.6954,12.3527],[9.6867,12.3505],[9.6806,12.3452],[9.6789,12.3413],[9.6713,12.3347],[9.6714,12.3325],[9.6767,12.33],[9.6775,12.3264],[9.6794,12.3249],[9.6812,12.3202],[9.681,12.311],[9.6788,12.3081],[9.6811,12.304],[9.6807,12.2998],[9.6782,12.2923],[9.6801,12.2895],[9.6829,12.2876],[9.6818,12.2837],[9.6816,12.2774],[9.6826,12.2741],[9.6861,12.2752],[9.6884,12.2785],[9.6886,12.281],[9.6862,12.2845],[9.69,12.2882],[9.6989,12.2935],[9.7044,12.2935],[9.7021,12.2988],[9.704,12.3],[9.7064,12.297],[9.7105,12.2975],[9.7114,12.3003],[9.7094,12.3033],[9.717,12.3032],[9.7178,12.306],[9.723,12.3106],[9.7173,12.3114],[9.7201,12.3157],[9.7255,12.3137],[9.7249,12.3187],[9.7326,12.3203],[9.7338,12.3147],[9.7357,12.3131],[9.7408,12.3053],[9.7436,12.3037],[9.7478,12.3034],[9.7482,12.299],[9.7532,12.2993],[9.7517,12.3027],[9.7571,12.303],[9.7603,12.3076],[9.7573,12.3186],[9.7537,12.3239],[9.7582,12.3274],[9.7621,12.3263],[9.7687,12.331],[9.7739,12.3327],[9.7714,12.3347],[9.7666,12.3404],[9.764,12.3451],[9.7646,12.3498],[9.7634,12.354],[9.7614,12.353],[9.7508,12.3514],[9.7468,12.3488],[9.7423,12.3489],[9.7354,12.3506],[9.7348,12.355],[9.7307,12.3598],[9.7271,12.3627],[9.7223,12.3608],[9.717,12.3634],[9.7117,12.3631],[9.7083,12.3618],[9.7008,12.364]]]},"properties":{"name":"MARKE","state":"17","code":"17/16/09"}},{"type":"Feature","geometry":{"type":"Polygon","coordinates":[[[9.5869,12.3809],[9.5897,12.3776],[9.5918,12.3732],[9.5932,12.3669],[9.5957,12.3613],[9.6047,12.362],[9.608,12.364],[9.6101,12.3677],[9.6253,12.372],[9.6308,12.3729],[9.6369,12.3721],[9.639,12.366],[9.6408,12.3635],[9.6447,12.3646],[9.6501,12.3618],[9.6518,12.3594],[9.6543,12.3606],[9.6572,12.3645],[9.6596,12.3651],[9.6658,12.3634],[9.6677,12.3654],[9.6752,12.3677],[9.679,12.3709],[9.6832,12.3726],[9.6862,12.3797],[9.6838,12.3841],[9.6847,12.392],[9.6837,12.394],[9.6856,12.3978],[9.6929,12.3971],[9.7014,12.4011],[9.7035,12.4063],[9.7095,12.4098],[9.7113,12.4123],[9.706,12.4158],[9.7018,12.4172],[9.699,12.4213],[9.6963,12.4235],[9.6934,12.4222],[9.688,12.4172],[9.6789,12.4176],[9.6759,12.423],[9.6764,12.4262],[9.6746,12.4302],[9.676,12.4334],[9.6757,12.4404],[9.6748,12.4443],[9.6761,12.4472],[9.6844,12.4511],[9.6895,12.4592],[9.6911,12.4598],[9.6887,12.4645],[9.6804,12.4714],[9.6744,12.4734],[9.6724,12.4707],[9.6657,12.467],[9.6633,12.4635],[9.6567,12.4619],[9.6547,12.4604],[9.6474,12.4591],[9.6446,12.4606],[9.6393,12.4605],[9.6355,12.4523],[9.6326,12.4496],[9.6324,12.4464],[9.6302,12.4407],[9.6315,12.435],[9.6277,12.4288],[9.6233,12.4238],[9.6229,12.4211],[9.6192,12.4193],[9.6164,12.4197],[9.6132,12.4167],[9.6106,12.4129],[9.6117,12.4051],[9.6095,12.4018],[9.5996,12.4007],[9.5991,12.3942],[9.59,12.3855],[9.5869,12.3809]]]},"properties":{"name":"UNGUWAR JIBRIN","state":"17","code":"17/16/10"}},{"type":"Feature","geometry":{"type":"Polygon","coordinates":[[[9.6832,12.3726],[9.679,12.3709],[9.6752,12.3677],[9.6677,12.3654],[9.6658,12.3634],[9.6596,12.3651],[9.6572,12.3645],[9.6543,12.3606],[9.6518,12.3594],[9.6501,12.3618],[9.6447,12.3646],[9.6408,12.3635],[9.639,12.366],[9.6369,12.3721],[9.6308,12.3729],[9.6253,12.372],[9.6101,12.3677],[9.608,12.364],[9.6047,12.362],[9.5957,12.3613],[9.5889,12.3553],[9.5848,12.3529],[9.5879,12.3474],[9.5885,12.3417],[9.5897,12.3398],[9.5979,12.3422],[9.6042,12.3388],[9.6091,12.3376],[9.607,12.331],[9.6071,12.3273],[9.6043,12.3204],[9.5999,12.3167],[9.608,12.317],[9.6177,12.3209],[9.6206,12.3243],[9.6229,12.3252],[9.6256,12.3303],[9.6344,12.3357],[9.6409,12.3387],[9.6491,12.3351],[9.6584,12.3298],[9.6607,12.3264],[9.6673,12.3306],[9.6714,12.3325],[9.6713,12.3347],[9.6789,12.3413],[9.6806,12.3452],[9.6867,12.3505],[9.6954,12.3527],[9.6972,12.3585],[9.7008,12.364],[9.6996,12.3655],[9.6919,12.3694],[9.6832,12.3726]]]},"properties":{"name":"YALO","state":"17","code":"17/16/11"}},{"type":"Feature","geometry":{"type":"Polygon","coordinates":[[[8.5202,12.7424],[8.5186,12.745],[8.5106,12.7499],[8.5082,12.7528],[8.5044,12.7547],[8.5003,12.7543],[8.4962,12.7497],[8.4934,12.7442],[8.4901,12.7444],[8.4836,12.7478],[8.4777,12.7438],[8.4751,12.7409],[8.4712,12.7395],[8.4691,12.7359],[8.4662,12.7347],[8.4695,12.7299],[8.4677,12.7246],[8.4685,12.7224],[8.468,12.7153],[8.4691,12.7126],[8.4658,12.7106],[8.4735,12.7069],[8.4717,12.6991],[8.4691,12.6936],[8.4691,12.6882],[8.4712,12.6863],[8.4754,12.6847],[8.4775,12.6824],[8.4792,12.6776],[8.4852,12.6734],[8.4867,12.6713],[8.4863,12.6675],[8.4873,12.6649],[8.4833,12.6624],[8.4802,12.659],[8.4769,12.6582],[8.4743,12.6541],[8.4713,12.6513],[8.477,12.651],[8.4797,12.6479],[8.4834,12.6412],[8.4895,12.6368],[8.4961,12.6395],[8.5009,12.6405],[8.5009,12.6454],[8.5023,12.6511],[8.5081,12.6537],[8.514,12.6586],[8.5165,12.6593],[8.5189,12.662],[8.5223,12.6624],[8.5224,12.6677],[8.5246,12.6733],[8.5273,12.6736],[8.5305,12.6759],[8.5344,12.6769],[8.5367,12.6803],[8.5371,12.6876],[8.5363,12.6918],[8.5403,12.6923],[8.5416,12.6941],[8.5418,12.7047],[8.5408,12.7063],[8.5428,12.7098],[8.5462,12.7129],[8.5372,12.7225],[8.5368,12.7243],[8.5318,12.7259],[8.5288,12.7303],[8.5244,12.7327],[8.5198,12.7379],[8.5202,12.7424]]]},"properties":{"name":"BA'AUZINI","state":"17","code":"17/17/01"}},{"type":"Feature","geometry":{"type":"Polygon","coordinates":[[[8.4713,12.6513],[8.4704,12.6485],[8.4706,12.6413],[8.4714,12.6374],[8.4697,12.6343],[8.4668,12.6323],[8.4626,12.6326],[8.4598,12.6315],[8.4569,12.6289],[8.4558,12.6252],[8.4562,12.6197],[8.4612,12.6179],[8.4653,12.619],[8.4685,12.6149],[8.4772,12.6051],[8.4813,12.603],[8.4847,12.5985],[8.4924,12.6019],[8.496,12.5944],[8.5077,12.5953],[8.523,12.5987],[8.532,12.6007],[8.556,12.6026],[8.5625,12.6018],[8.5561,12.606],[8.5564,12.6096],[8.5555,12.6164],[8.5559,12.6208],[8.5516,12.6255],[8.544,12.6234],[8.5399,12.6254],[8.5417,12.6302],[8.5384,12.6327],[8.5369,12.6362],[8.5385,12.6422],[8.5401,12.6449],[8.5298,12.6493],[8.5294,12.6522],[8.5223,12.6624],[8.5189,12.662],[8.5165,12.6593],[8.514,12.6586],[8.5081,12.6537],[8.5023,12.6511],[8.5009,12.6454],[8.5009,12.6405],[8.4961,12.6395],[8.4895,12.6368],[8.4834,12.6412],[8.4797,12.6479],[8.477,12.651],[8.4713,12.6513]]]},"properties":{"name":"DABA","state":"17","code":"17/17/02"}},{"type":"Feature","geometry":{"type":"Polygon","coordinates":[[[8.6265,12.5978],[8.6225,12.6025],[8.6222,12.609],[8.6248,12.6138],[8.6248,12.6188],[8.6258,12.6207],[8.6234,12.6241],[8.6213,12.6248],[8.623,12.6312],[8.6229,12.6367],[8.6237,12.6418],[8.6257,12.6448],[8.6291,12.6464],[8.6293,12.6509],[8.6317,12.6529],[8.6292,12.6548],[8.6181,12.6548],[8.6141,12.6552],[8.6171,12.66],[8.6182,12.6641],[8.6158,12.6678],[8.6153,12.675],[8.6123,12.6782],[8.6126,12.6809],[8.6099,12.6845],[8.61,12.6899],[8.6068,12.6949],[8.6042,12.696],[8.5977,12.697],[8.5937,12.6965],[8.5927,12.6942],[8.5921,12.6881],[8.5866,12.6859],[8.5822,12.6828],[8.5842,12.6766],[8.5726,12.6736],[8.5671,12.6709],[8.5611,12.6669],[8.5578,12.6633],[8.5495,12.6586],[8.5508,12.6523],[8.5536,12.6495],[8.55,12.6475],[8.5446,12.6474],[8.5401,12.6449],[8.5385,12.6422],[8.5369,12.6362],[8.5384,12.6327],[8.5417,12.6302],[8.5399,12.6254],[8.544,12.6234],[8.5516,12.6255],[8.5559,12.6208],[8.5555,12.6164],[8.5564,12.6096],[8.5561,12.606],[8.5625,12.6018],[8.5998,12.5971],[8.6112,12.5946],[8.6228,12.5944],[8.6241,12.5974],[8.6265,12.5978]]]},"properties":{"name":"DABAZA","state":"17","code":"17/17/03"}},{"type":"Feature","geometry":{"type":"Polygon","coordinates":[[[8.6983,12.6873],[8.688,12.6882],[8.6874,12.6947],[8.6846,12.7009],[8.6836,12.708],[8.6774,12.7136],[8.6767,12.7159],[8.67,12.7189],[8.6663,12.716],[8.6611,12.7138],[8.6584,12.7025],[8.6552,12.6992],[8.6498,12.6997],[8.6483,12.6976],[8.6433,12.6966],[8.6404,12.6972],[8.6373,12.6999],[8.6326,12.6987],[8.6288,12.7003],[8.6274,12.6968],[8.6225,12.6964],[8.6173,12.6948],[8.6118,12.6893],[8.6099,12.6845],[8.6126,12.6809],[8.6123,12.6782],[8.6153,12.675],[8.6158,12.6678],[8.6182,12.6641],[8.6171,12.66],[8.6141,12.6552],[8.6181,12.6548],[8.6292,12.6548],[8.6317,12.6529],[8.6293,12.6509],[8.6291,12.6464],[8.6257,12.6448],[8.6237,12.6418],[8.6229,12.6367],[8.623,12.6312],[8.6213,12.6248],[8.6234,12.6241],[8.6258,12.6207],[8.6248,12.6188],[8.6248,12.6138],[8.6222,12.609],[8.6225,12.6025],[8.6265,12.5978],[8.6276,12.5989],[8.6325,12.5985],[8.6349,12.5966],[8.6382,12.5985],[8.6396,12.6019],[8.6418,12.6029],[8.6439,12.6082],[8.6455,12.61],[8.6469,12.6148],[8.6467,12.619],[8.6501,12.6239],[8.6504,12.6258],[8.6482,12.6337],[8.6496,12.6386],[8.6576,12.643],[8.6622,12.6471],[8.6607,12.6526],[8.6574,12.6534],[8.6572,12.6575],[8.6603,12.6642],[8.6618,12.6708],[8.6663,12.6709],[8.6669,12.6671],[8.6697,12.6654],[8.6751,12.6644],[8.6845,12.664],[8.6886,12.6703],[8.6964,12.6754],[8.6985,12.6798],[8.6983,12.6873]]]},"properties":{"name":"DANDI","state":"17","code":"17/17/04"}},{"type":"Feature","geometry":{"type":"Polygon","coordinates":[[[8.4562,12.6197],[8.4521,12.6153],[8.4482,12.6156],[8.4409,12.6209],[8.4367,12.6173],[8.4336,12.6197],[8.4275,12.6217],[8.4225,12.6175],[8.4187,12.6166],[8.4163,12.6136],[8.4165,12.6077],[8.4134,12.5979],[8.4148,12.5947],[8.417,12.5934],[8.4209,12.5968],[8.4275,12.5997],[8.4318,12.6008],[8.4345,12.5994],[8.4428,12.602],[8.444,12.5957],[8.4439,12.5912],[8.4506,12.5914],[8.4547,12.59],[8.458,12.592],[8.4616,12.5883],[8.4818,12.597],[8.4847,12.5985],[8.4813,12.603],[8.4772,12.6051],[8.4685,12.6149],[8.4653,12.619],[8.4612,12.6179],[8.4562,12.6197]]]},"properties":{"name":"GADA","state":"17","code":"17/17/05"}},{"type":"Feature","geometry":{"type":"Polygon","coordinates":[[[8.4409,12.6209],[8.442,12.6302],[8.4387,12.6314],[8.4301,12.6386],[8.4232,12.6415],[8.4195,12.6432],[8.4137,12.648],[8.4074,12.651],[8.4057,12.6534],[8.4017,12.653],[8.3986,12.6604],[8.3943,12.6577],[8.3952,12.654],[8.3907,12.6543],[8.3882,12.6522],[8.3913,12.6431],[8.3917,12.6401],[8.3976,12.6341],[8.3991,12.6281],[8.401,12.6247],[8.4017,12.616],[8.3973,12.6089],[8.3926,12.6057],[8.3902,12.5957],[8.3933,12.5922],[8.3988,12.5881],[8.4036,12.5935],[8.4053,12.5923],[8.4112,12.5949],[8.4148,12.5947],[8.4134,12.5979],[8.4165,12.6077],[8.4163,12.6136],[8.4187,12.6166],[8.4225,12.6175],[8.4275,12.6217],[8.4336,12.6197],[8.4367,12.6173],[8.4409,12.6209]]]},"properties":{"name":"KANTI","state":"17","code":"17/17/06"}},{"type":"Feature","geometry":{"type":"Polygon","coordinates":[[[8.3266,12.6635],[8.3378,12.6528],[8.3416,12.6502],[8.3445,12.6502],[8.349,12.6474],[8.3502,12.6438],[8.3525,12.6429],[8.3574,12.6449],[8.3633,12.6442],[8.3665,12.6456],[8.3689,12.6451],[8.3676,12.6404],[8.3634,12.6352],[8.3609,12.6307],[8.3556,12.6265],[8.3515,12.6195],[8.3493,12.6145],[8.3529,12.6145],[8.3587,12.6109],[8.3616,12.6103],[8.3645,12.608],[8.3704,12.6108],[8.3753,12.6061],[8.3818,12.6092],[8.3885,12.6088],[8.3926,12.6057],[8.3973,12.6089],[8.4017,12.616],[8.401,12.6247],[8.3991,12.6281],[8.3976,12.6341],[8.3917,12.6401],[8.3913,12.6431],[8.3882,12.6522],[8.3907,12.6543],[8.3952,12.654],[8.3943,12.6577],[8.3986,12.6604],[8.3973,12.6638],[8.398,12.6658],[8.3915,12.6663],[8.3862,12.6656],[8.3841,12.6695],[8.3837,12.6733],[8.3737,12.6755],[8.3676,12.6722],[8.3639,12.6689],[8.3566,12.6731],[8.3461,12.6727],[8.3411,12.6761],[8.3333,12.6713],[8.3286,12.6668],[8.3266,12.6635]]]},"properties":{"name":"MARADAWA","state":"17","code":"17/17/07"}},{"type":"Feature","geometry":{"type":"Polygon","coordinates":[[[8.3837,12.6733],[8.3841,12.6695],[8.3862,12.6656],[8.3915,12.6663],[8.398,12.6658],[8.3973,12.6638],[8.3986,12.6604],[8.4077,12.6687],[8.4112,12.6708],[8.41,12.6735],[8.4137,12.6754],[8.4169,12.6786],[8.4253,12.6751],[8.4307,12.6751],[8.4326,12.6739],[8.4326,12.6709],[8.4366,12.6659],[8.4421,12.6641],[8.4444,12.6612],[8.443,12.6583],[8.4429,12.6524],[8.4416,12.6404],[8.4424,12.6382],[8.4403,12.6356],[8.4387,12.6314],[8.442,12.6302],[8.4409,12.6209],[8.4482,12.6156],[8.4521,12.6153],[8.4562,12.6197],[8.4558,12.6252],[8.4569,12.6289],[8.4598,12.6315],[8.4626,12.6326],[8.4668,12.6323],[8.4697,12.6343],[8.4714,12.6374],[8.4706,12.6413],[8.4704,12.6485],[8.4713,12.6513],[8.4743,12.6541],[8.4769,12.6582],[8.4802,12.659],[8.4833,12.6624],[8.4873,12.6649],[8.4863,12.6675],[8.4867,12.6713],[8.4852,12.6734],[8.4792,12.6776],[8.4775,12.6824],[8.4754,12.6847],[8.4712,12.6863],[8.4691,12.6882],[8.4691,12.6936],[8.4717,12.6991],[8.4735,12.7069],[8.4658,12.7106],[8.4628,12.7097],[8.4602,12.7115],[8.455,12.7183],[8.4495,12.7181],[8.4451,12.716],[8.4394,12.7121],[8.4348,12.7079],[8.4259,12.7062],[8.4207,12.7077],[8.4137,12.7062],[8.4107,12.7045],[8.3979,12.7049],[8.3947,12.7066],[8.3861,12.7059],[8.3813,12.7003],[8.3804,12.6864],[8.3838,12.6821],[8.3855,12.678],[8.3837,12.6733]]]},"properties":{"name":"SABARU","state":"17","code":"17/17/08"}},{"type":"Feature","geometry":{"type":"Polygon","coordinates":[[[8.4057,12.6534],[8.4079,12.6525],[8.4151,12.6536],[8.4134,12.6554],[8.4156,12.6592],[8.4148,12.6647],[8.416,12.6696],[8.4137,12.6754],[8.41,12.6735],[8.4112,12.6708],[8.4077,12.6687],[8.3986,12.6604],[8.4017,12.653],[8.4057,12.6534]]]},"properties":{"name":"UNGUWAR AREWA","state":"17","code":"17/17/09"}},{"type":"Feature","geometry":{"type":"Polygon","coordinates":[[[8.4387,12.6314],[8.4403,12.6356],[8.4424,12.6382],[8.4416,12.6404],[8.4429,12.6524],[8.443,12.6583],[8.4444,12.6612],[8.4421,12.6641],[8.4366,12.6659],[8.4326,12.6709],[8.4326,12.6739],[8.4307,12.6751],[8.4253,12.6751],[8.4169,12.6786],[8.4137,12.6754],[8.416,12.6696],[8.4148,12.6647],[8.4156,12.6592],[8.4134,12.6554],[8.4151,12.6536],[8.4177,12.6497],[8.4224,12.652],[8.4234,12.6497],[8.4264,12.6494],[8.4243,12.6456],[8.4232,12.6415],[8.4301,12.6386],[8.4387,12.6314]]]},"properties":{"name":"UNGUWAR GABAS","state":"17","code":"17/17/10"}},{"type":"Feature","geometry":{"type":"Polygon","coordinates":[[[8.4232,12.6415],[8.4243,12.6456],[8.4264,12.6494],[8.4234,12.6497],[8.4224,12.652],[8.4177,12.6497],[8.4151,12.6536],[8.4079,12.6525],[8.4057,12.6534],[8.4074,12.651],[8.4137,12.648],[8.4195,12.6432],[8.4232,12.6415]]]},"properties":{"name":"UNGUWAR YAMMA","state":"17","code":"17/17/11"}},{"type":"Feature","geometry":{"type":"Polygon","coordinates":[[[10.3274,12.6014],[10.3266,12.603],[10.3194,12.6047],[10.3183,12.6074],[10.3154,12.61],[10.309,12.6137],[10.3084,12.6162],[10.3031,12.619],[10.3032,12.6148],[10.3078,12.6079],[10.3047,12.6071],[10.2956,12.6094],[10.296,12.6138],[10.2946,12.6198],[10.2888,12.6151],[10.2799,12.6091],[10.2767,12.6053],[10.2744,12.5997],[10.2717,12.5965],[10.2642,12.5963],[10.2618,12.595],[10.2602,12.5912],[10.2673,12.5885],[10.2666,12.587],[10.2578,12.5823],[10.2538,12.5798],[10.2446,12.5705],[10.2404,12.5688],[10.2353,12.5679],[10.2329,12.5662],[10.231,12.5636],[10.2272,12.5637],[10.2248,12.5606],[10.2258,12.5592],[10.2304,12.5602],[10.2323,12.5593],[10.2308,12.5513],[10.229,12.5485],[10.2254,12.5472],[10.2236,12.5447],[10.2208,12.5384],[10.2177,12.5397],[10.2143,12.5382],[10.2095,12.5407],[10.2103,12.5322],[10.213,12.5337],[10.2146,12.5311],[10.2152,12.5261],[10.2098,12.5222],[10.2089,12.5194],[10.2102,12.5173],[10.2094,12.5146],[10.2142,12.5071],[10.2162,12.5028],[10.2166,12.4953],[10.2152,12.4917],[10.2173,12.4885],[10.2215,12.4885],[10.2276,12.4866],[10.2298,12.4847],[10.2342,12.4848],[10.2394,12.4867],[10.2418,12.4827],[10.2426,12.4761],[10.247,12.4782],[10.255,12.4792],[10.2574,12.4738],[10.2629,12.4643],[10.2646,12.4586],[10.287,12.4551],[10.2881,12.4555],[10.3027,12.4486],[10.3257,12.4428],[10.3392,12.4413],[10.3443,12.4447],[10.3477,12.4449],[10.3498,12.4434],[10.3522,12.4452],[10.3578,12.4459],[10.3632,12.4521],[10.3721,12.4585],[10.3759,12.4607],[10.3642,12.4709],[10.3522,12.4677],[10.344,12.4676],[10.3312,12.464],[10.3242,12.4616],[10.3149,12.4595],[10.3097,12.4595],[10.2993,12.4648],[10.3003,12.4667],[10.305,12.4683],[10.3093,12.4665],[10.3102,12.4707],[10.3158,12.4728],[10.3146,12.476],[10.3099,12.4811],[10.3107,12.487],[10.3094,12.4896],[10.3141,12.4949],[10.3184,12.4952],[10.3207,12.4938],[10.3242,12.4875],[10.3299,12.49],[10.3294,12.4934],[10.3261,12.5008],[10.326,12.5039],[10.3235,12.5071],[10.323,12.5111],[10.3197,12.5165],[10.3108,12.5234],[10.3108,12.5337],[10.3073,12.54],[10.3046,12.5409],[10.3135,12.5499],[10.3181,12.5531],[10.3282,12.5536],[10.3233,12.5615],[10.3228,12.5646],[10.3203,12.5684],[10.3189,12.5723],[10.313,12.5767],[10.3145,12.5819],[10.3207,12.5788],[10.3227,12.5797],[10.3241,12.595],[10.3264,12.597],[10.3274,12.6014]]]},"properties":{"name":"BATURIYA","state":"17","code":"17/18/01"}},{"type":"Feature","geometry":{"type":"Polygon","coordinates":[[[10.2578,12.5823],[10.2546,12.5848],[10.2459,12.5886],[10.2375,12.5934],[10.2445,12.6011],[10.2466,12.6041],[10.2529,12.6063],[10.2502,12.6092],[10.2435,12.6105],[10.2412,12.6136],[10.2388,12.6221],[10.2338,12.6241],[10.2282,12.6237],[10.2252,12.6255],[10.2215,12.6257],[10.2191,12.6286],[10.2188,12.6313],[10.2148,12.628],[10.2042,12.6263],[10.1987,12.6289],[10.1937,12.6354],[10.1923,12.639],[10.1963,12.6412],[10.201,12.6391],[10.2028,12.6394],[10.2079,12.6433],[10.2034,12.6458],[10.201,12.6483],[10.1909,12.6534],[10.187,12.6532],[10.1859,12.6514],[10.1775,12.6473],[10.1759,12.6477],[10.1718,12.6532],[10.1637,12.657],[10.1611,12.6564],[10.1543,12.6467],[10.1517,12.645],[10.1547,12.6399],[10.1539,12.6336],[10.1558,12.6321],[10.1584,12.6252],[10.1632,12.6288],[10.1651,12.6286],[10.1664,12.6252],[10.1737,12.6195],[10.1763,12.6121],[10.1784,12.6074],[10.1798,12.6013],[10.1778,12.5987],[10.1753,12.5987],[10.1733,12.5949],[10.1728,12.5904],[10.1711,12.5878],[10.1727,12.5837],[10.1785,12.5784],[10.1851,12.5763],[10.187,12.5784],[10.188,12.5829],[10.1912,12.5872],[10.191,12.5885],[10.1847,12.5907],[10.1887,12.5953],[10.1926,12.6018],[10.1858,12.6086],[10.1894,12.6134],[10.1906,12.6105],[10.1958,12.6114],[10.1984,12.6093],[10.199,12.6046],[10.202,12.6052],[10.2092,12.6036],[10.2166,12.6058],[10.2183,12.6025],[10.224,12.5974],[10.2267,12.5915],[10.2306,12.5882],[10.2289,12.5828],[10.2287,12.576],[10.2314,12.5739],[10.2329,12.5662],[10.2353,12.5679],[10.2404,12.5688],[10.2446,12.5705],[10.2538,12.5798],[10.2578,12.5823]]]},"properties":{"name":"BULUNCHAI","state":"17","code":"17/18/02"}},{"type":"Feature","geometry":{"type":"Polygon","coordinates":[[[10.3031,12.619],[10.306,12.6222],[10.3047,12.6271],[10.3028,12.6301],[10.3011,12.6351],[10.3036,12.64],[10.3047,12.6459],[10.3024,12.6554],[10.2991,12.6613],[10.2881,12.6613],[10.2851,12.6618],[10.2816,12.6583],[10.274,12.6543],[10.2685,12.6486],[10.2599,12.6454],[10.2524,12.6449],[10.2462,12.6457],[10.245,12.6488],[10.2417,12.6497],[10.2362,12.6544],[10.2263,12.6569],[10.2237,12.6527],[10.2163,12.6479],[10.2105,12.6453],[10.2148,12.6407],[10.2188,12.6313],[10.2191,12.6286],[10.2215,12.6257],[10.2252,12.6255],[10.2282,12.6237],[10.2338,12.6241],[10.2388,12.6221],[10.2412,12.6136],[10.2435,12.6105],[10.2502,12.6092],[10.2529,12.6063],[10.2466,12.6041],[10.2445,12.6011],[10.2375,12.5934],[10.2459,12.5886],[10.2546,12.5848],[10.2578,12.5823],[10.2666,12.587],[10.2673,12.5885],[10.2602,12.5912],[10.2618,12.595],[10.2642,12.5963],[10.2717,12.5965],[10.2744,12.5997],[10.2767,12.6053],[10.2799,12.6091],[10.2888,12.6151],[10.2946,12.6198],[10.296,12.6138],[10.2956,12.6094],[10.3047,12.6071],[10.3078,12.6079],[10.3032,12.6148],[10.3031,12.619]]]},"properties":{"name":"DOLERI","state":"17","code":"17/18/03"}},{"type":"Feature","geometry":{"type":"Polygon","coordinates":[[[10.0936,12.413],[10.0963,12.4123],[10.1041,12.4125],[10.111,12.414],[10.1142,12.4128],[10.1217,12.414],[10.124,12.4169],[10.1279,12.4237],[10.1301,12.4245],[10.1345,12.4233],[10.1418,12.4226],[10.1475,12.4192],[10.1531,12.4146],[10.1583,12.4147],[10.1604,12.4166],[10.1568,12.4185],[10.1572,12.4209],[10.1684,12.4223],[10.1695,12.4256],[10.1769,12.4326],[10.1827,12.4322],[10.1871,12.4337],[10.1958,12.4301],[10.1962,12.4388],[10.2012,12.4419],[10.2068,12.4376],[10.2133,12.4354],[10.2164,12.4302],[10.2185,12.4288],[10.2208,12.4314],[10.2231,12.4318],[10.2287,12.4275],[10.2317,12.4274],[10.2367,12.429],[10.2388,12.4317],[10.2579,12.4594],[10.2646,12.4586],[10.2629,12.4643],[10.2574,12.4738],[10.255,12.4792],[10.247,12.4782],[10.2426,12.4761],[10.2418,12.4827],[10.2394,12.4867],[10.2342,12.4848],[10.2298,12.4847],[10.2276,12.4866],[10.2215,12.4885],[10.2173,12.4885],[10.2152,12.4917],[10.2166,12.4953],[10.2162,12.5028],[10.2142,12.5071],[10.2094,12.5146],[10.2102,12.5173],[10.2089,12.5194],[10.2098,12.5222],[10.2081,12.5202],[10.2043,12.5202],[10.2001,12.5181],[10.1962,12.5203],[10.1964,12.5249],[10.1937,12.5267],[10.1913,12.5238],[10.1914,12.5212],[10.1877,12.5151],[10.1878,12.5106],[10.1807,12.5105],[10.1771,12.508],[10.1702,12.506],[10.1693,12.4972],[10.1672,12.4917],[10.1643,12.4907],[10.1604,12.4911],[10.1596,12.4938],[10.152,12.4963],[10.1463,12.5004],[10.143,12.496],[10.1429,12.4887],[10.1403,12.482],[10.1363,12.4802],[10.1354,12.4769],[10.1315,12.4763],[10.1269,12.4803],[10.1216,12.4824],[10.1128,12.4846],[10.11,12.4835],[10.1068,12.4672],[10.1071,12.4628],[10.101,12.4594],[10.0965,12.4543],[10.0926,12.4518],[10.0911,12.457],[10.0885,12.4585],[10.0832,12.4561],[10.0789,12.4573],[10.0736,12.4542],[10.0739,12.4522],[10.0817,12.4491],[10.0828,12.4455],[10.0791,12.4385],[10.0745,12.4391],[10.0761,12.4346],[10.0785,12.4324],[10.0854,12.4288],[10.0903,12.4223],[10.0933,12.4162],[10.0936,12.413]]]},"properties":{"name":"FANDUM","state":"17","code":"17/18/04"}},{"type":"Feature","geometry":{"type":"Polygon","coordinates":[[[10.2489,12.7143],[10.2525,12.71],[10.2567,12.7097],[10.259,12.7076],[10.2648,12.7065],[10.2693,12.7067],[10.2754,12.7087],[10.2803,12.7043],[10.2841,12.7037],[10.2885,12.699],[10.2909,12.6939],[10.2952,12.6968],[10.2976,12.7011],[10.3018,12.7025],[10.3084,12.7059],[10.3136,12.7124],[10.3162,12.7132],[10.3223,12.7184],[10.3287,12.7215],[10.3312,12.7242],[10.3347,12.7327],[10.3437,12.7427],[10.3483,12.7455],[10.3519,12.7487],[10.3534,12.7518],[10.3519,12.7553],[10.3539,12.761],[10.3535,12.7679],[10.3522,12.7722],[10.3526,12.7749],[10.3455,12.7796],[10.3406,12.7804],[10.3343,12.7841],[10.3307,12.7819],[10.3283,12.7786],[10.3232,12.7751],[10.3184,12.7734],[10.3049,12.7745],[10.3004,12.774],[10.2978,12.7699],[10.2973,12.7622],[10.2946,12.7592],[10.2942,12.754],[10.2914,12.7542],[10.285,12.7525],[10.2813,12.7506],[10.2769,12.746],[10.2719,12.7451],[10.2722,12.7393],[10.2713,12.7321],[10.2683,12.7283],[10.259,12.7269],[10.2542,12.7196],[10.2494,12.716],[10.2489,12.7143]]]},"properties":{"name":"GAYIN","state":"17","code":"17/18/05"}},{"type":"Feature","geometry":{"type":"Polygon","coordinates":[[[10.1815,12.6939],[10.1865,12.6905],[10.1858,12.6856],[10.1824,12.6777],[10.183,12.6752],[10.1856,12.6712],[10.1797,12.6661],[10.1795,12.664],[10.1767,12.6611],[10.1718,12.6532],[10.1759,12.6477],[10.1775,12.6473],[10.1859,12.6514],[10.187,12.6532],[10.1909,12.6534],[10.201,12.6483],[10.2034,12.6458],[10.2079,12.6433],[10.2028,12.6394],[10.201,12.6391],[10.1963,12.6412],[10.1923,12.639],[10.1937,12.6354],[10.1987,12.6289],[10.2042,12.6263],[10.2148,12.628],[10.2188,12.6313],[10.2148,12.6407],[10.2105,12.6453],[10.2163,12.6479],[10.2237,12.6527],[10.2263,12.6569],[10.2362,12.6544],[10.2417,12.6497],[10.245,12.6488],[10.2462,12.6457],[10.2524,12.6449],[10.2599,12.6454],[10.2685,12.6486],[10.274,12.6543],[10.2816,12.6583],[10.2851,12.6618],[10.2824,12.6663],[10.2813,12.675],[10.2801,12.6813],[10.284,12.6854],[10.2876,12.6906],[10.2909,12.6939],[10.2885,12.699],[10.2841,12.7037],[10.2803,12.7043],[10.2754,12.7087],[10.2693,12.7067],[10.2648,12.7065],[10.259,12.7076],[10.2567,12.7097],[10.2525,12.71],[10.2489,12.7143],[10.2459,12.7148],[10.2326,12.7203],[10.2265,12.7202],[10.2206,12.724],[10.2154,12.7239],[10.2121,12.7248],[10.2053,12.7242],[10.2006,12.7244],[10.1922,12.7264],[10.1891,12.7249],[10.1879,12.7204],[10.184,12.7102],[10.1865,12.7067],[10.1826,12.6979],[10.1815,12.6939]]]},"properties":{"name":"KIRIKA SAMMA","state":"17","code":"17/18/06"}},{"type":"Feature","geometry":{"type":"Polygon","coordinates":[[[10.2329,12.5662],[10.2314,12.5739],[10.2287,12.576],[10.2289,12.5828],[10.2306,12.5882],[10.2267,12.5915],[10.224,12.5974],[10.2183,12.6025],[10.2166,12.6058],[10.2092,12.6036],[10.202,12.6052],[10.199,12.6046],[10.1984,12.6093],[10.1958,12.6114],[10.1906,12.6105],[10.1894,12.6134],[10.1858,12.6086],[10.1926,12.6018],[10.1887,12.5953],[10.1847,12.5907],[10.191,12.5885],[10.1912,12.5872],[10.188,12.5829],[10.187,12.5784],[10.1851,12.5763],[10.1785,12.5784],[10.1727,12.5837],[10.1656,12.5754],[10.1579,12.572],[10.1551,12.5692],[10.1499,12.5683],[10.1474,12.5671],[10.1452,12.5606],[10.147,12.5583],[10.1516,12.5555],[10.1543,12.5513],[10.1588,12.5496],[10.1651,12.5439],[10.1694,12.5495],[10.1764,12.5513],[10.1817,12.5511],[10.1859,12.5523],[10.1913,12.5565],[10.195,12.5549],[10.1963,12.5527],[10.1991,12.5516],[10.2028,12.5451],[10.2074,12.5436],[10.2095,12.5407],[10.2143,12.5382],[10.2177,12.5397],[10.2208,12.5384],[10.2236,12.5447],[10.2254,12.5472],[10.229,12.5485],[10.2308,12.5513],[10.2323,12.5593],[10.2304,12.5602],[10.2258,12.5592],[10.2248,12.5606],[10.2272,12.5637],[10.231,12.5636],[10.2329,12.5662]]]},"properties":{"name":"MADACHI","state":"17","code":"17/18/07"}},{"type":"Feature","geometry":{"type":"Polygon","coordinates":[[[10.3865,12.6702],[10.3794,12.6776],[10.376,12.6823],[10.3729,12.6838],[10.3664,12.6908],[10.3617,12.6946],[10.3593,12.6956],[10.3556,12.7018],[10.3569,12.704],[10.3544,12.7086],[10.3532,12.7155],[10.3656,12.7153],[10.3732,12.7175],[10.3727,12.7198],[10.3663,12.7286],[10.3671,12.7317],[10.3699,12.7341],[10.369,12.7368],[10.365,12.7383],[10.3624,12.7452],[10.3593,12.7478],[10.3571,12.7511],[10.3534,12.7518],[10.3519,12.7487],[10.3483,12.7455],[10.3437,12.7427],[10.3347,12.7327],[10.3312,12.7242],[10.3287,12.7215],[10.3223,12.7184],[10.3162,12.7132],[10.3136,12.7124],[10.3084,12.7059],[10.3018,12.7025],[10.2976,12.7011],[10.2952,12.6968],[10.2909,12.6939],[10.2876,12.6906],[10.284,12.6854],[10.2801,12.6813],[10.2813,12.675],[10.2824,12.6663],[10.2851,12.6618],[10.2881,12.6613],[10.2991,12.6613],[10.3024,12.6554],[10.3047,12.6459],[10.3036,12.64],[10.3011,12.6351],[10.3028,12.6301],[10.3047,12.6271],[10.306,12.6222],[10.3031,12.619],[10.3084,12.6162],[10.309,12.6137],[10.3154,12.61],[10.3183,12.6074],[10.3194,12.6047],[10.3266,12.603],[10.3274,12.6014],[10.33,12.6057],[10.3321,12.6069],[10.3405,12.6021],[10.3496,12.6061],[10.3568,12.6052],[10.359,12.6082],[10.3564,12.6171],[10.3585,12.6221],[10.3589,12.6355],[10.3598,12.6373],[10.3557,12.6412],[10.3609,12.6418],[10.3652,12.6509],[10.3652,12.6549],[10.3719,12.6515],[10.3754,12.6527],[10.3762,12.6545],[10.3726,12.6593],[10.3645,12.6579],[10.356,12.6581],[10.3556,12.661],[10.3524,12.664],[10.3529,12.6654],[10.3591,12.6691],[10.3634,12.6692],[10.3757,12.6666],[10.3792,12.6653],[10.3777,12.6616],[10.3835,12.6641],[10.3865,12.6702]]]},"properties":{"name":"MARMA","state":"17","code":"17/18/08"}},{"type":"Feature","geometry":{"type":"Polygon","coordinates":[[[10.1452,12.5606],[10.1427,12.5607],[10.1402,12.5584],[10.1334,12.5566],[10.1284,12.5513],[10.1246,12.5491],[10.12,12.5478],[10.117,12.5487],[10.1133,12.5533],[10.112,12.5562],[10.1066,12.5607],[10.1117,12.5664],[10.112,12.5706],[10.1143,12.575],[10.1071,12.5829],[10.1012,12.5852],[10.0943,12.5812],[10.0922,12.5776],[10.0882,12.574],[10.0885,12.5702],[10.0855,12.567],[10.0783,12.5557],[10.0694,12.5539],[10.065,12.5512],[10.0644,12.5459],[10.0544,12.5412],[10.0521,12.5383],[10.0509,12.5335],[10.0519,12.531],[10.05,12.5236],[10.0535,12.516],[10.0558,12.5097],[10.0528,12.5036],[10.0498,12.5008],[10.0532,12.4977],[10.0597,12.4903],[10.0613,12.4874],[10.0657,12.4896],[10.0689,12.4929],[10.0732,12.4951],[10.0763,12.4986],[10.0806,12.4958],[10.0851,12.496],[10.0917,12.4976],[10.0929,12.5044],[10.0961,12.507],[10.109,12.5115],[10.111,12.5144],[10.1179,12.5162],[10.123,12.5157],[10.1286,12.5188],[10.1296,12.521],[10.1333,12.5224],[10.1384,12.5267],[10.1392,12.5292],[10.1421,12.5318],[10.144,12.5316],[10.1525,12.5358],[10.1567,12.5365],[10.16,12.54],[10.1651,12.5439],[10.1588,12.5496],[10.1543,12.5513],[10.1516,12.5555],[10.147,12.5583],[10.1452,12.5606]]]},"properties":{"name":"TSHEGUWA","state":"17","code":"17/18/09"}},{"type":"Feature","geometry":{"type":"Polygon","coordinates":[[[10.0635,12.4622],[10.0678,12.4592],[10.0702,12.459],[10.0736,12.4542],[10.0789,12.4573],[10.0832,12.4561],[10.0885,12.4585],[10.0911,12.457],[10.0926,12.4518],[10.0965,12.4543],[10.101,12.4594],[10.1071,12.4628],[10.1068,12.4672],[10.11,12.4835],[10.1128,12.4846],[10.1216,12.4824],[10.1269,12.4803],[10.1315,12.4763],[10.1354,12.4769],[10.1363,12.4802],[10.1403,12.482],[10.1429,12.4887],[10.143,12.496],[10.1463,12.5004],[10.152,12.4963],[10.1596,12.4938],[10.1604,12.4911],[10.1643,12.4907],[10.1672,12.4917],[10.1693,12.4972],[10.1702,12.506],[10.1771,12.508],[10.1807,12.5105],[10.1878,12.5106],[10.1877,12.5151],[10.1914,12.5212],[10.1913,12.5238],[10.1937,12.5267],[10.1964,12.5249],[10.1962,12.5203],[10.2001,12.5181],[10.2043,12.5202],[10.2081,12.5202],[10.2098,12.5222],[10.2152,12.5261],[10.2146,12.5311],[10.213,12.5337],[10.2103,12.5322],[10.2095,12.5407],[10.2074,12.5436],[10.2028,12.5451],[10.1991,12.5516],[10.1963,12.5527],[10.195,12.5549],[10.1913,12.5565],[10.1859,12.5523],[10.1817,12.5511],[10.1764,12.5513],[10.1694,12.5495],[10.1651,12.5439],[10.16,12.54],[10.1567,12.5365],[10.1525,12.5358],[10.144,12.5316],[10.1421,12.5318],[10.1392,12.5292],[10.1384,12.5267],[10.1333,12.5224],[10.1296,12.521],[10.1286,12.5188],[10.123,12.5157],[10.1179,12.5162],[10.111,12.5144],[10.109,12.5115],[10.0961,12.507],[10.0929,12.5044],[10.0917,12.4976],[10.0851,12.496],[10.0806,12.4958],[10.0763,12.4986],[10.0732,12.4951],[10.0689,12.4929],[10.0657,12.4896],[10.0613,12.4874],[10.06,12.4819],[10.0586,12.4801],[10.0616,12.4761],[10.0621,12.4688],[10.0635,12.4622]]]},"properties":{"name":"TARABU","state":"17","code":"17/18/10"}},{"type":"Feature","geometry":{"type":"Polygon","coordinates":[[[9.6786,11.9323],[9.677,11.9292],[9.6773,11.9221],[9.6734,11.9186],[9.6646,11.9217],[9.6627,11.9249],[9.6595,11.9254],[9.6556,11.9184],[9.659,11.9109],[9.6601,11.9054],[9.6576,11.9009],[9.6573,11.8969],[9.6537,11.8893],[9.6472,11.8874],[9.6447,11.8852],[9.6401,11.8784],[9.6469,11.8767],[9.6575,11.8772],[9.6591,11.8736],[9.6628,11.8725],[9.6676,11.8732],[9.6686,11.8712],[9.669,11.8659],[9.6678,11.8626],[9.6709,11.8615],[9.6756,11.8639],[9.6784,11.8642],[9.6862,11.8679],[9.6906,11.864],[9.6939,11.8595],[9.6992,11.8603],[9.7031,11.8587],[9.7018,11.855],[9.7039,11.8511],[9.7079,11.8499],[9.7173,11.8533],[9.7242,11.8549],[9.7398,11.8599],[9.7462,11.8612],[9.7518,11.8641],[9.7536,11.8625],[9.7635,11.8677],[9.7745,11.8708],[9.7822,11.8735],[9.7899,11.8783],[9.8007,11.8804],[9.8026,11.882],[9.8085,11.882],[9.8118,11.8843],[9.8106,11.8866],[9.8134,11.8913],[9.8172,11.8924],[9.8187,11.8945],[9.8187,11.8982],[9.8141,11.903],[9.8075,11.905],[9.8025,11.9033],[9.7941,11.9016],[9.7908,11.9026],[9.7841,11.8998],[9.7798,11.9014],[9.7756,11.901],[9.7696,11.8989],[9.7642,11.8998],[9.7614,11.8991],[9.7594,11.895],[9.7596,11.8883],[9.7579,11.887],[9.7545,11.8802],[9.7458,11.8797],[9.7429,11.8884],[9.741,11.8918],[9.7386,11.8902],[9.7318,11.8898],[9.7262,11.8924],[9.7252,11.895],[9.7254,11.8999],[9.7241,11.9054],[9.7276,11.9079],[9.7312,11.9087],[9.7364,11.9125],[9.7417,11.915],[9.7435,11.9179],[9.743,11.923],[9.7438,11.9302],[9.7419,11.9338],[9.7444,11.9369],[9.7498,11.9393],[9.7507,11.9415],[9.755,11.9411],[9.7572,11.9442],[9.7535,11.9513],[9.7418,11.9547],[9.7374,11.9576],[9.7297,11.9566],[9.7264,11.9517],[9.7212,11.9474],[9.7179,11.9478],[9.7147,11.9425],[9.7122,11.9428],[9.7057,11.9375],[9.7029,11.932],[9.6976,11.9322],[9.6955,11.9304],[9.6924,11.9305],[9.6873,11.9324],[9.6851,11.9343],[9.6786,11.9323]]]},"properties":{"name":"ABALAGO","state":"17","code":"17/19/01"}},{"type":"Feature","geometry":{"type":"Polygon","coordinates":[[[9.5476,11.8171],[9.544,11.8194],[9.5374,11.8163],[9.5343,11.8113],[9.5309,11.8085],[9.5274,11.809],[9.5254,11.811],[9.5199,11.8137],[9.5184,11.8132],[9.5058,11.8138],[9.5032,11.8185],[9.4913,11.8175],[9.4866,11.8205],[9.4836,11.8214],[9.478,11.8151],[9.4755,11.8187],[9.4735,11.8246],[9.4719,11.827],[9.4728,11.8321],[9.463,11.8292],[9.4583,11.8282],[9.46,11.8171],[9.4637,11.8114],[9.4573,11.806],[9.4535,11.8017],[9.4552,11.7987],[9.4472,11.792],[9.4428,11.7916],[9.4405,11.7809],[9.4412,11.7717],[9.4318,11.7698],[9.4328,11.7648],[9.4325,11.7614],[9.438,11.7583],[9.4393,11.7564],[9.4429,11.7571],[9.4458,11.7546],[9.45,11.7534],[9.4527,11.7487],[9.4483,11.7419],[9.4488,11.7403],[9.454,11.7377],[9.4523,11.7326],[9.4504,11.7303],[9.4504,11.7277],[9.4563,11.7254],[9.4583,11.7254],[9.4624,11.7282],[9.4659,11.7319],[9.4725,11.73],[9.4751,11.7248],[9.4812,11.7237],[9.4843,11.7191],[9.4867,11.7126],[9.4913,11.708],[9.4943,11.7096],[9.496,11.7076],[9.5026,11.7046],[9.5094,11.7086],[9.5081,11.7126],[9.5091,11.7242],[9.513,11.7252],[9.5133,11.7282],[9.5155,11.7348],[9.5159,11.7441],[9.5177,11.7459],[9.518,11.7513],[9.5194,11.7552],[9.5173,11.7567],[9.5086,11.7602],[9.5069,11.7638],[9.5019,11.7636],[9.4978,11.7717],[9.4948,11.7761],[9.4963,11.7812],[9.4988,11.7868],[9.5028,11.789],[9.5033,11.7907],[9.5117,11.7894],[9.5172,11.7896],[9.5233,11.7912],[9.5258,11.7888],[9.5341,11.7878],[9.5374,11.791],[9.5435,11.7903],[9.5439,11.7965],[9.5494,11.8079],[9.5474,11.8149],[9.5476,11.8171]]]},"properties":{"name":"ANDAZA","state":"17","code":"17/19/02"}},{"type":"Feature","geometry":{"type":"MultiPolygon","coordinates":[[[[9.5956,11.7372],[9.5913,11.7438],[9.5951,11.7505],[9.5894,11.7524],[9.5874,11.7552],[9.5814,11.7575],[9.5765,11.7498],[9.5694,11.7479],[9.5643,11.7501],[9.5622,11.7535],[9.5535,11.753],[9.553,11.7551],[9.5555,11.7596],[9.561,11.767],[9.5621,11.7731],[9.5577,11.7739],[9.5519,11.7771],[9.5481,11.7719],[9.5455,11.7713],[9.5418,11.7673],[9.5366,11.7672],[9.5286,11.7619],[9.5275,11.765],[9.5251,11.7666],[9.5231,11.7714],[9.5152,11.7716],[9.5106,11.7706],[9.5069,11.7638],[9.5086,11.7602],[9.5173,11.7567],[9.5194,11.7552],[9.518,11.7513],[9.5177,11.7459],[9.5159,11.7441],[9.5155,11.7348],[9.5133,11.7282],[9.513,11.7252],[9.5091,11.7242],[9.5081,11.7126],[9.5094,11.7086],[9.5093,11.7038],[9.5132,11.6967],[9.5206,11.6948],[9.5216,11.6903],[9.5232,11.6902],[9.5266,11.6942],[9.5289,11.6955],[9.5286,11.699],[9.5325,11.699],[9.533,11.7015],[9.5366,11.703],[9.54,11.7022],[9.5418,11.7044],[9.5487,11.7079],[9.5506,11.7061],[9.5581,11.7073],[9.5614,11.7057],[9.5614,11.7126],[9.5652,11.7136],[9.5694,11.7134],[9.572,11.7178],[9.5707,11.721],[9.5748,11.7239],[9.5771,11.7226],[9.5795,11.7267],[9.5857,11.7272],[9.5881,11.7257],[9.5908,11.729],[9.5935,11.73],[9.5956,11.7372]]],[[[9.5476,11.8171],[9.556,11.8215],[9.5613,11.822],[9.5632,11.825],[9.564,11.8306],[9.5619,11.8354],[9.5636,11.838],[9.5638,11.8457],[9.5698,11.8532],[9.569,11.8568],[9.5716,11.8584],[9.5676,11.8702],[9.5671,11.873],[9.56,11.8709],[9.5545,11.8672],[9.5377,11.8649],[9.5328,11.8652],[9.5315,11.864],[9.5296,11.8582],[9.5243,11.8567],[9.5216,11.8537],[9.5208,11.85],[9.5228,11.8495],[9.5243,11.8445],[9.5206,11.8385],[9.5095,11.8394],[9.5046,11.836],[9.5003,11.8359],[9.4942,11.8339],[9.4894,11.8307],[9.4827,11.829],[9.4811,11.8304],[9.4728,11.8321],[9.4719,11.827],[9.4735,11.8246],[9.4755,11.8187],[9.478,11.8151],[9.4836,11.8214],[9.4866,11.8205],[9.4913,11.8175],[9.5032,11.8185],[9.5058,11.8138],[9.5184,11.8132],[9.5199,11.8137],[9.5254,11.811],[9.5274,11.809],[9.5309,11.8085],[9.5343,11.8113],[9.5374,11.8163],[9.544,11.8194],[9.5476,11.8171]]]]},"properties":{"name":"FAKI","state":"17","code":"17/19/03"}},{"type":"Feature","geometry":{"type":"Polygon","coordinates":[[[9.4728,11.8321],[9.4811,11.8304],[9.4827,11.829],[9.4894,11.8307],[9.4942,11.8339],[9.5003,11.8359],[9.5046,11.836],[9.5095,11.8394],[9.5206,11.8385],[9.5243,11.8445],[9.5228,11.8495],[9.5208,11.85],[9.5216,11.8537],[9.5243,11.8567],[9.5296,11.8582],[9.5315,11.864],[9.5328,11.8652],[9.5298,11.8709],[9.5296,11.8729],[9.5229,11.8717],[9.516,11.8784],[9.511,11.8731],[9.5079,11.8661],[9.5034,11.8677],[9.5042,11.873],[9.503,11.876],[9.498,11.8832],[9.4967,11.8841],[9.4903,11.8802],[9.4813,11.8827],[9.4805,11.8856],[9.4814,11.8926],[9.4702,11.8936],[9.4685,11.8904],[9.4689,11.8816],[9.4682,11.8779],[9.4653,11.8756],[9.4575,11.8726],[9.4522,11.873],[9.4491,11.875],[9.4451,11.87],[9.4399,11.8695],[9.4361,11.868],[9.4317,11.863],[9.4372,11.8566],[9.4387,11.8523],[9.437,11.8465],[9.4395,11.8442],[9.4429,11.8387],[9.445,11.8372],[9.446,11.833],[9.4519,11.8313],[9.4583,11.8282],[9.463,11.8292],[9.4728,11.8321]]]},"properties":{"name":"GARKO","state":"17","code":"17/19/04"}},{"type":"Feature","geometry":{"type":"Polygon","coordinates":[[[9.3934,11.7206],[9.4014,11.7191],[9.409,11.7207],[9.4122,11.7202],[9.4156,11.7162],[9.417,11.7172],[9.4259,11.7183],[9.427,11.7205],[9.4332,11.716],[9.4357,11.716],[9.4389,11.7186],[9.4417,11.7247],[9.4444,11.7275],[9.4405,11.7321],[9.4423,11.7386],[9.4354,11.7499],[9.439,11.7535],[9.4393,11.7564],[9.438,11.7583],[9.4325,11.7614],[9.4328,11.7648],[9.4318,11.7698],[9.4412,11.7717],[9.4405,11.7809],[9.4428,11.7916],[9.4335,11.7992],[9.4312,11.8058],[9.4329,11.809],[9.4319,11.8115],[9.4322,11.8178],[9.4346,11.8211],[9.4325,11.8252],[9.4279,11.8256],[9.4162,11.8277],[9.4127,11.8317],[9.4113,11.8317],[9.4096,11.837],[9.407,11.8393],[9.4052,11.8397],[9.3989,11.8386],[9.3959,11.8392],[9.385,11.8371],[9.3804,11.8329],[9.3792,11.8252],[9.3806,11.8177],[9.376,11.8134],[9.3744,11.8106],[9.3747,11.8057],[9.3709,11.8031],[9.367,11.8027],[9.364,11.7951],[9.3633,11.7876],[9.3694,11.7834],[9.371,11.7806],[9.3703,11.7736],[9.3694,11.7723],[9.3705,11.77],[9.3783,11.7644],[9.3806,11.7638],[9.3884,11.7646],[9.3908,11.7579],[9.3937,11.7587],[9.3964,11.7552],[9.3994,11.7453],[9.4019,11.7437],[9.4035,11.7378],[9.3976,11.7326],[9.3957,11.728],[9.3931,11.726],[9.3934,11.7206]]]},"properties":{"name":"GURUDUBA","state":"17","code":"17/19/05"}},{"type":"Feature","geometry":{"type":"Polygon","coordinates":[[[9.5232,11.6902],[9.5216,11.6903],[9.5206,11.6948],[9.5132,11.6967],[9.5093,11.7038],[9.5094,11.7086],[9.5026,11.7046],[9.496,11.7076],[9.4943,11.7096],[9.4913,11.708],[9.4867,11.7126],[9.4843,11.7191],[9.4812,11.7237],[9.4751,11.7248],[9.4725,11.73],[9.4659,11.7319],[9.4624,11.7282],[9.4583,11.7254],[9.4563,11.7254],[9.4504,11.7277],[9.4504,11.7303],[9.4523,11.7326],[9.454,11.7377],[9.4488,11.7403],[9.4483,11.7419],[9.4527,11.7487],[9.45,11.7534],[9.4458,11.7546],[9.4429,11.7571],[9.4393,11.7564],[9.439,11.7535],[9.4354,11.7499],[9.4423,11.7386],[9.4405,11.7321],[9.4444,11.7275],[9.4417,11.7247],[9.4389,11.7186],[9.4357,11.716],[9.4332,11.716],[9.427,11.7205],[9.4259,11.7183],[9.417,11.7172],[9.4156,11.7162],[9.4172,11.7114],[9.4147,11.7096],[9.4176,11.7041],[9.4236,11.7058],[9.4257,11.7049],[9.4232,11.6969],[9.4267,11.69],[9.4238,11.6862],[9.4223,11.6806],[9.4228,11.6762],[9.4257,11.6774],[9.4301,11.6772],[9.4332,11.6781],[9.4393,11.6763],[9.4412,11.6767],[9.4429,11.671],[9.4399,11.6661],[9.4451,11.6611],[9.45,11.6586],[9.4562,11.6579],[9.4576,11.6536],[9.4578,11.6474],[9.4556,11.645],[9.455,11.6421],[9.4568,11.6353],[9.462,11.6303],[9.4619,11.6277],[9.4647,11.6224],[9.4699,11.6228],[9.4719,11.6206],[9.4758,11.6197],[9.4776,11.6176],[9.4783,11.6141],[9.4817,11.6133],[9.486,11.6219],[9.4881,11.6176],[9.4904,11.616],[9.4922,11.6193],[9.4905,11.6211],[9.4945,11.6271],[9.4971,11.6256],[9.4995,11.6275],[9.499,11.6318],[9.5037,11.6325],[9.5075,11.637],[9.5142,11.6379],[9.515,11.6399],[9.5202,11.6426],[9.5222,11.6479],[9.5219,11.6503],[9.5262,11.6492],[9.5278,11.6523],[9.5273,11.6561],[9.5311,11.6647],[9.5277,11.6715],[9.5223,11.6787],[9.5253,11.683],[9.5232,11.6902]]]},"properties":{"name":"KATANGA","state":"17","code":"17/19/06"}},{"type":"Feature","geometry":{"type":"Polygon","coordinates":[[[9.6401,11.8784],[9.6401,11.8739],[9.6386,11.8677],[9.6349,11.8677],[9.6334,11.87],[9.6303,11.8717],[9.6292,11.8739],[9.6241,11.8741],[9.6206,11.8769],[9.6173,11.877],[9.6137,11.8732],[9.6056,11.8713],[9.6017,11.8709],[9.5884,11.8668],[9.5841,11.8668],[9.5769,11.8682],[9.571,11.8735],[9.5671,11.873],[9.5676,11.8702],[9.5716,11.8584],[9.569,11.8568],[9.5698,11.8532],[9.5638,11.8457],[9.5636,11.838],[9.5619,11.8354],[9.564,11.8306],[9.5632,11.825],[9.5613,11.822],[9.556,11.8215],[9.5476,11.8171],[9.5474,11.8149],[9.5494,11.8079],[9.5439,11.7965],[9.5435,11.7903],[9.5374,11.791],[9.5341,11.7878],[9.5258,11.7888],[9.5233,11.7912],[9.5172,11.7896],[9.5117,11.7894],[9.5033,11.7907],[9.5028,11.789],[9.4988,11.7868],[9.4963,11.7812],[9.4948,11.7761],[9.4978,11.7717],[9.5019,11.7636],[9.5069,11.7638],[9.5106,11.7706],[9.5152,11.7716],[9.5231,11.7714],[9.5251,11.7666],[9.5275,11.765],[9.5286,11.7619],[9.5366,11.7672],[9.5418,11.7673],[9.5455,11.7713],[9.5481,11.7719],[9.5519,11.7771],[9.5577,11.7739],[9.5621,11.7731],[9.561,11.767],[9.5555,11.7596],[9.553,11.7551],[9.5535,11.753],[9.5622,11.7535],[9.5643,11.7501],[9.5694,11.7479],[9.5765,11.7498],[9.5814,11.7575],[9.5805,11.761],[9.5815,11.7643],[9.5805,11.7705],[9.5765,11.7725],[9.5763,11.7759],[9.5744,11.7821],[9.5795,11.7839],[9.5826,11.7871],[9.5832,11.7902],[9.5814,11.7915],[9.574,11.7888],[9.5704,11.7883],[9.5635,11.793],[9.5638,11.7956],[9.5691,11.7996],[9.5725,11.8033],[9.5727,11.8076],[9.5753,11.8121],[9.5775,11.8127],[9.5831,11.8086],[9.5857,11.8049],[9.5906,11.8028],[9.5977,11.8043],[9.5924,11.8157],[9.5865,11.8173],[9.5842,11.8191],[9.5818,11.8242],[9.5851,11.8287],[9.5879,11.8375],[9.5946,11.837],[9.5971,11.8377],[9.6014,11.8367],[9.605,11.8406],[9.6053,11.8422],[9.6096,11.8478],[9.6182,11.8511],[9.6206,11.8512],[9.6234,11.8472],[9.6225,11.8435],[9.6193,11.8393],[9.6143,11.8369],[9.614,11.8353],[9.6087,11.8315],[9.6089,11.8244],[9.6112,11.8202],[9.6174,11.82],[9.6226,11.8176],[9.6281,11.8138],[9.6316,11.8154],[9.6297,11.8173],[9.6265,11.825],[9.6273,11.8262],[9.6333,11.8279],[9.6372,11.8201],[9.6379,11.8163],[9.6404,11.8139],[9.6443,11.8157],[9.6497,11.814],[9.6541,11.8116],[9.6601,11.8159],[9.6646,11.8136],[9.6677,11.8148],[9.6676,11.8174],[9.6699,11.8192],[9.67,11.822],[9.6673,11.8242],[9.6732,11.8263],[9.673,11.8323],[9.6757,11.8361],[9.676,11.8389],[9.6743,11.8434],[9.6767,11.8449],[9.6783,11.848],[9.6757,11.8524],[9.6797,11.8588],[9.6801,11.8629],[9.6784,11.8642],[9.6756,11.8639],[9.6709,11.8615],[9.6678,11.8626],[9.669,11.8659],[9.6686,11.8712],[9.6676,11.8732],[9.6628,11.8725],[9.6591,11.8736],[9.6575,11.8772],[9.6469,11.8767],[9.6401,11.8784]]]},"properties":{"name":"KATUKA","state":"17","code":"17/19/07"}},{"type":"Feature","geometry":{"type":"Polygon","coordinates":[[[9.619,11.7458],[9.6201,11.7537],[9.6225,11.7529],[9.6257,11.7574],[9.6322,11.7642],[9.6363,11.7701],[9.6434,11.776],[9.6414,11.7787],[9.6454,11.7797],[9.648,11.7775],[9.6511,11.779],[9.6555,11.7781],[9.6618,11.7832],[9.6695,11.7843],[9.6704,11.7857],[9.6788,11.7887],[9.6742,11.7936],[9.6737,11.7966],[9.6761,11.8131],[9.6761,11.8257],[9.673,11.8323],[9.6732,11.8263],[9.6673,11.8242],[9.67,11.822],[9.6699,11.8192],[9.6676,11.8174],[9.6677,11.8148],[9.6646,11.8136],[9.6601,11.8159],[9.6541,11.8116],[9.6497,11.814],[9.6443,11.8157],[9.6404,11.8139],[9.6379,11.8163],[9.6372,11.8201],[9.6333,11.8279],[9.6273,11.8262],[9.6265,11.825],[9.6297,11.8173],[9.6316,11.8154],[9.6281,11.8138],[9.6226,11.8176],[9.6174,11.82],[9.6112,11.8202],[9.6089,11.8244],[9.6087,11.8315],[9.614,11.8353],[9.6143,11.8369],[9.6193,11.8393],[9.6225,11.8435],[9.6234,11.8472],[9.6206,11.8512],[9.6182,11.8511],[9.6096,11.8478],[9.6053,11.8422],[9.605,11.8406],[9.6014,11.8367],[9.5971,11.8377],[9.5946,11.837],[9.5879,11.8375],[9.5851,11.8287],[9.5818,11.8242],[9.5842,11.8191],[9.5865,11.8173],[9.5924,11.8157],[9.5977,11.8043],[9.5906,11.8028],[9.5857,11.8049],[9.5831,11.8086],[9.5775,11.8127],[9.5753,11.8121],[9.5727,11.8076],[9.5725,11.8033],[9.5691,11.7996],[9.5638,11.7956],[9.5635,11.793],[9.5704,11.7883],[9.574,11.7888],[9.5814,11.7915],[9.5832,11.7902],[9.5826,11.7871],[9.5795,11.7839],[9.5744,11.7821],[9.5763,11.7759],[9.5765,11.7725],[9.5805,11.7705],[9.5815,11.7643],[9.5805,11.761],[9.5814,11.7575],[9.5874,11.7552],[9.5894,11.7524],[9.5951,11.7505],[9.5913,11.7438],[9.5956,11.7372],[9.5982,11.7377],[9.5996,11.7403],[9.6034,11.74],[9.6082,11.7418],[9.6154,11.7432],[9.619,11.7458]]]},"properties":{"name":"KIYAWA","state":"17","code":"17/19/08"}},{"type":"Feature","geometry":{"type":"Polygon","coordinates":[[[9.7572,11.9442],[9.755,11.9411],[9.7507,11.9415],[9.7498,11.9393],[9.7444,11.9369],[9.7419,11.9338],[9.7438,11.9302],[9.743,11.923],[9.7435,11.9179],[9.7417,11.915],[9.7364,11.9125],[9.7312,11.9087],[9.7276,11.9079],[9.7241,11.9054],[9.7254,11.8999],[9.7252,11.895],[9.7262,11.8924],[9.7318,11.8898],[9.7386,11.8902],[9.741,11.8918],[9.7429,11.8884],[9.7458,11.8797],[9.7545,11.8802],[9.7579,11.887],[9.7596,11.8883],[9.7594,11.895],[9.7614,11.8991],[9.7642,11.8998],[9.7696,11.8989],[9.7756,11.901],[9.7798,11.9014],[9.7841,11.8998],[9.7908,11.9026],[9.7941,11.9016],[9.8025,11.9033],[9.8075,11.905],[9.8141,11.903],[9.8187,11.8982],[9.8187,11.8945],[9.8172,11.8924],[9.8134,11.8913],[9.8106,11.8866],[9.8118,11.8843],[9.8162,11.8867],[9.8335,11.8904],[9.86,11.9127],[9.873,11.9231],[9.8827,11.9332],[9.8888,11.9366],[9.8916,11.9354],[9.9007,11.9382],[9.8987,11.9406],[9.899,11.9447],[9.892,11.952],[9.8884,11.9532],[9.8862,11.9561],[9.8848,11.9611],[9.8811,11.9658],[9.8776,11.968],[9.8759,11.9723],[9.8732,11.9733],[9.865,11.9709],[9.8583,11.9624],[9.854,11.961],[9.8489,11.953],[9.8454,11.9517],[9.8437,11.9548],[9.84,11.9558],[9.8407,11.9601],[9.8387,11.9704],[9.8352,11.9711],[9.835,11.9676],[9.8296,11.9655],[9.8261,11.9653],[9.8214,11.9638],[9.8194,11.9653],[9.8142,11.9643],[9.8134,11.9603],[9.8095,11.9627],[9.8034,11.9627],[9.8036,11.9579],[9.801,11.9569],[9.8022,11.9541],[9.8007,11.9518],[9.7966,11.9529],[9.7959,11.9503],[9.7993,11.9484],[9.7957,11.9464],[9.7937,11.9481],[9.7907,11.9447],[9.7868,11.9434],[9.7849,11.9381],[9.7821,11.9368],[9.7787,11.9394],[9.7787,11.9419],[9.7733,11.9418],[9.7686,11.945],[9.7653,11.9423],[9.7572,11.9442]]]},"properties":{"name":"KWANDA","state":"17","code":"17/19/09"}},{"type":"Feature","geometry":{"type":"Polygon","coordinates":[[[9.5891,11.9738],[9.5888,11.9794],[9.5861,11.984],[9.5834,11.9862],[9.5736,11.9834],[9.5711,11.9809],[9.5624,11.9831],[9.5588,11.9748],[9.5498,11.9717],[9.5464,11.9738],[9.5369,11.977],[9.5319,11.9774],[9.5384,11.9695],[9.5383,11.9645],[9.5298,11.9595],[9.5253,11.9579],[9.5216,11.9609],[9.5148,11.9581],[9.5156,11.953],[9.5137,11.9456],[9.52,11.9396],[9.5238,11.9413],[9.5255,11.9376],[9.5248,11.9355],[9.5263,11.9329],[9.5229,11.93],[9.5241,11.9232],[9.5264,11.9199],[9.5299,11.9228],[9.5365,11.9268],[9.5405,11.928],[9.5466,11.92],[9.5518,11.911],[9.5551,11.914],[9.5629,11.9147],[9.5653,11.9129],[9.5688,11.9079],[9.5741,11.9062],[9.5782,11.9066],[9.578,11.8988],[9.5812,11.8989],[9.5855,11.9019],[9.5907,11.8977],[9.5915,11.8959],[9.5988,11.8979],[9.6051,11.8977],[9.6071,11.8966],[9.6107,11.9013],[9.6075,11.9088],[9.611,11.9094],[9.6159,11.9089],[9.6227,11.9102],[9.6224,11.912],[9.6282,11.9128],[9.6321,11.9109],[9.6346,11.9122],[9.6396,11.9113],[9.6415,11.9084],[9.6402,11.906],[9.6395,11.8997],[9.6382,11.8946],[9.6306,11.8935],[9.6238,11.8947],[9.6203,11.894],[9.6146,11.8858],[9.6099,11.8866],[9.604,11.8856],[9.5994,11.8858],[9.5907,11.8843],[9.5798,11.881],[9.5748,11.8781],[9.571,11.8735],[9.5769,11.8682],[9.5841,11.8668],[9.5884,11.8668],[9.6017,11.8709],[9.6056,11.8713],[9.6137,11.8732],[9.6173,11.877],[9.6206,11.8769],[9.6241,11.8741],[9.6292,11.8739],[9.6303,11.8717],[9.6334,11.87],[9.6349,11.8677],[9.6386,11.8677],[9.6401,11.8739],[9.6401,11.8784],[9.6447,11.8852],[9.6472,11.8874],[9.6537,11.8893],[9.6573,11.8969],[9.6576,11.9009],[9.6601,11.9054],[9.659,11.9109],[9.6556,11.9184],[9.6595,11.9254],[9.6627,11.9249],[9.6646,11.9217],[9.6734,11.9186],[9.6773,11.9221],[9.677,11.9292],[9.6786,11.9323],[9.6728,11.9361],[9.6668,11.9368],[9.6639,11.935],[9.6627,11.9319],[9.6565,11.9274],[9.6479,11.9288],[9.6437,11.9277],[9.6386,11.9303],[9.6331,11.9278],[9.6296,11.9276],[9.6264,11.9256],[9.6086,11.9215],[9.6026,11.9209],[9.603,11.9243],[9.5988,11.9302],[9.5967,11.9302],[9.5864,11.9365],[9.587,11.9404],[9.5837,11.9494],[9.5861,11.953],[9.5812,11.9582],[9.5816,11.961],[9.5801,11.9686],[9.5837,11.9717],[9.5891,11.9738]]]},"properties":{"name":"MAJE","state":"17","code":"17/19/10"}},{"type":"Feature","geometry":{"type":"Polygon","coordinates":[[[9.3947,11.88],[9.3978,11.8754],[9.4005,11.8671],[9.4041,11.8651],[9.4038,11.8611],[9.4086,11.8495],[9.4106,11.8421],[9.407,11.8393],[9.4096,11.837],[9.4113,11.8317],[9.4127,11.8317],[9.4162,11.8277],[9.4279,11.8256],[9.4325,11.8252],[9.4346,11.8211],[9.4322,11.8178],[9.4319,11.8115],[9.4329,11.809],[9.4312,11.8058],[9.4335,11.7992],[9.4428,11.7916],[9.4472,11.792],[9.4552,11.7987],[9.4535,11.8017],[9.4573,11.806],[9.4637,11.8114],[9.46,11.8171],[9.4583,11.8282],[9.4519,11.8313],[9.446,11.833],[9.445,11.8372],[9.4429,11.8387],[9.4395,11.8442],[9.437,11.8465],[9.4387,11.8523],[9.4372,11.8566],[9.4317,11.863],[9.4361,11.868],[9.4399,11.8695],[9.4451,11.87],[9.4491,11.875],[9.4522,11.873],[9.4575,11.8726],[9.4653,11.8756],[9.4682,11.8779],[9.4689,11.8816],[9.4685,11.8904],[9.4702,11.8936],[9.4814,11.8926],[9.4805,11.8856],[9.4813,11.8827],[9.4903,11.8802],[9.4967,11.8841],[9.498,11.8832],[9.503,11.876],[9.5042,11.873],[9.5034,11.8677],[9.5079,11.8661],[9.511,11.8731],[9.516,11.8784],[9.5229,11.8717],[9.5296,11.8729],[9.5298,11.8709],[9.5328,11.8652],[9.5377,11.8649],[9.5545,11.8672],[9.56,11.8709],[9.5671,11.873],[9.571,11.8735],[9.5748,11.8781],[9.5798,11.881],[9.5907,11.8843],[9.5994,11.8858],[9.604,11.8856],[9.6099,11.8866],[9.6146,11.8858],[9.6203,11.894],[9.6238,11.8947],[9.6306,11.8935],[9.6382,11.8946],[9.6395,11.8997],[9.6402,11.906],[9.6415,11.9084],[9.6396,11.9113],[9.6346,11.9122],[9.6321,11.9109],[9.6282,11.9128],[9.6224,11.912],[9.6227,11.9102],[9.6159,11.9089],[9.611,11.9094],[9.6075,11.9088],[9.6107,11.9013],[9.6071,11.8966],[9.6051,11.8977],[9.5988,11.8979],[9.5915,11.8959],[9.5907,11.8977],[9.5855,11.9019],[9.5812,11.8989],[9.578,11.8988],[9.5782,11.9066],[9.5741,11.9062],[9.5688,11.9079],[9.5653,11.9129],[9.5629,11.9147],[9.5551,11.914],[9.5518,11.911],[9.5466,11.92],[9.5405,11.928],[9.5365,11.9268],[9.5299,11.9228],[9.5264,11.9199],[9.5241,11.9232],[9.5229,11.93],[9.5263,11.9329],[9.5248,11.9355],[9.5255,11.9376],[9.5238,11.9413],[9.52,11.9396],[9.5137,11.9456],[9.5003,11.9398],[9.4988,11.9376],[9.4908,11.9324],[9.4905,11.9275],[9.4824,11.9272],[9.4787,11.9262],[9.4762,11.9221],[9.471,11.9251],[9.4653,11.9231],[9.4601,11.9259],[9.4573,11.9262],[9.4552,11.9284],[9.4501,11.9257],[9.4491,11.9237],[9.4514,11.9127],[9.4506,11.9044],[9.4527,11.9022],[9.4434,11.8938],[9.4325,11.8868],[9.4293,11.8858],[9.4248,11.8872],[9.4172,11.8871],[9.4111,11.8884],[9.4096,11.8868],[9.4048,11.8851],[9.4024,11.8814],[9.3985,11.8813],[9.3947,11.88]]]},"properties":{"name":"TSURMA","state":"17","code":"17/19/11"}},{"type":"Feature","geometry":{"type":"Polygon","coordinates":[[[9.6206,12.5644],[9.6195,12.5677],[9.6221,12.5712],[9.6191,12.5865],[9.6261,12.5865],[9.6297,12.59],[9.6341,12.5901],[9.6401,12.595],[9.6428,12.5951],[9.6475,12.5994],[9.6526,12.602],[9.6567,12.602],[9.6589,12.6038],[9.664,12.6056],[9.6633,12.6083],[9.6634,12.618],[9.6579,12.6219],[9.6553,12.6226],[9.6547,12.6253],[9.6504,12.6306],[9.6491,12.6349],[9.652,12.638],[9.6565,12.6466],[9.659,12.6531],[9.6616,12.6556],[9.653,12.6556],[9.647,12.6581],[9.6427,12.6549],[9.642,12.6529],[9.6378,12.6474],[9.6372,12.6441],[9.6289,12.6408],[9.6258,12.6405],[9.62,12.6432],[9.6158,12.6392],[9.6102,12.635],[9.6048,12.6333],[9.6036,12.6318],[9.5964,12.634],[9.5958,12.6359],[9.5899,12.6424],[9.5879,12.6464],[9.5796,12.6477],[9.5733,12.643],[9.5736,12.6412],[9.5713,12.6375],[9.5711,12.6345],[9.5685,12.6317],[9.567,12.6241],[9.5623,12.6237],[9.5617,12.6295],[9.559,12.6343],[9.5553,12.6372],[9.5522,12.6378],[9.5455,12.6369],[9.5407,12.6385],[9.5379,12.6339],[9.535,12.6313],[9.5257,12.6361],[9.5229,12.6382],[9.5219,12.6469],[9.5175,12.6529],[9.5129,12.6516],[9.5108,12.6499],[9.4984,12.6492],[9.4987,12.6474],[9.4939,12.644],[9.4901,12.6403],[9.4853,12.6375],[9.4838,12.6355],[9.4741,12.6342],[9.4721,12.6346],[9.4642,12.6323],[9.4628,12.6308],[9.4562,12.6299],[9.4573,12.6257],[9.4562,12.6153],[9.4619,12.6126],[9.4713,12.6105],[9.4847,12.6097],[9.4875,12.6049],[9.4923,12.6034],[9.4904,12.5965],[9.4914,12.5934],[9.4923,12.5864],[9.4909,12.5832],[9.4953,12.5801],[9.4978,12.5756],[9.5046,12.5753],[9.5087,12.5812],[9.5122,12.5847],[9.515,12.5898],[9.5234,12.589],[9.5264,12.592],[9.528,12.5907],[9.5348,12.5897],[9.5389,12.5871],[9.5428,12.586],[9.5462,12.5834],[9.5512,12.5843],[9.5576,12.5875],[9.5584,12.5856],[9.5634,12.5821],[9.5708,12.5785],[9.5744,12.5789],[9.5788,12.5771],[9.5834,12.5728],[9.5849,12.5703],[9.5881,12.5735],[9.5935,12.5678],[9.5986,12.5656],[9.6003,12.5636],[9.6066,12.5598],[9.6094,12.5601],[9.612,12.5566],[9.6155,12.56],[9.6188,12.5605],[9.6206,12.5644]]]},"properties":{"name":"BALARABE","state":"17","code":"17/20/01"}},{"type":"Feature","geometry":{"type":"Polygon","coordinates":[[[9.3887,12.6953],[9.3894,12.702],[9.388,12.7082],[9.3858,12.7132],[9.3776,12.7231],[9.3756,12.7318],[9.3739,12.7317],[9.3674,12.7359],[9.3656,12.7394],[9.3632,12.7493],[9.3619,12.7489],[9.3578,12.7545],[9.3567,12.7594],[9.3581,12.7623],[9.3623,12.768],[9.3708,12.7692],[9.3743,12.7707],[9.3676,12.7827],[9.3681,12.7845],[9.3721,12.7889],[9.3687,12.7975],[9.3722,12.8053],[9.3751,12.8085],[9.3704,12.8147],[9.3687,12.8147],[9.3683,12.8191],[9.3311,12.8111],[9.3285,12.8117],[9.3298,12.8081],[9.3345,12.8031],[9.339,12.8025],[9.3429,12.7999],[9.3402,12.7952],[9.3447,12.7908],[9.345,12.7854],[9.3499,12.781],[9.3493,12.7782],[9.3461,12.7737],[9.3404,12.7694],[9.3407,12.7642],[9.3384,12.7617],[9.3339,12.7608],[9.3293,12.7583],[9.3254,12.7614],[9.3202,12.7622],[9.319,12.7609],[9.3164,12.7517],[9.3125,12.751],[9.3081,12.7447],[9.3078,12.7426],[9.3117,12.7387],[9.3221,12.7369],[9.3256,12.7336],[9.33,12.7321],[9.3297,12.7246],[9.3308,12.7158],[9.3318,12.7145],[9.3377,12.7127],[9.3446,12.7169],[9.3476,12.7174],[9.351,12.7128],[9.3508,12.7099],[9.3527,12.7041],[9.3576,12.7048],[9.3623,12.7042],[9.3641,12.7053],[9.3659,12.7015],[9.3634,12.6947],[9.3647,12.6917],[9.379,12.6954],[9.3887,12.6953]]]},"properties":{"name":"DANKUMBO","state":"17","code":"17/20/02"}},{"type":"Feature","geometry":{"type":"Polygon","coordinates":[[[9.3944,12.6936],[9.3975,12.7072],[9.4006,12.7155],[9.4042,12.7204],[9.3934,12.7233],[9.3962,12.7275],[9.3996,12.7298],[9.3992,12.738],[9.4021,12.744],[9.3997,12.7522],[9.3911,12.7537],[9.3914,12.7577],[9.3956,12.7645],[9.4008,12.7689],[9.4006,12.7711],[9.4042,12.7743],[9.4018,12.7762],[9.4011,12.7798],[9.4031,12.7875],[9.3928,12.7929],[9.39,12.7968],[9.3886,12.8035],[9.3818,12.8053],[9.3762,12.8056],[9.3751,12.8085],[9.3722,12.8053],[9.3687,12.7975],[9.3721,12.7889],[9.3681,12.7845],[9.3676,12.7827],[9.3743,12.7707],[9.3708,12.7692],[9.3623,12.768],[9.3581,12.7623],[9.3567,12.7594],[9.3578,12.7545],[9.3619,12.7489],[9.3632,12.7493],[9.3656,12.7394],[9.3674,12.7359],[9.3739,12.7317],[9.3756,12.7318],[9.3776,12.7231],[9.3858,12.7132],[9.388,12.7082],[9.3894,12.702],[9.3887,12.6953],[9.3924,12.6952],[9.3944,12.6936]]]},"properties":{"name":"FULATA","state":"17","code":"17/20/03"}},{"type":"Feature","geometry":{"type":"Polygon","coordinates":[[[9.6456,12.8076],[9.6277,12.8074],[9.6156,12.8101],[9.5602,12.8114],[9.5586,12.8107],[9.5519,12.8106],[9.5416,12.8112],[9.5239,12.8131],[9.5255,12.8061],[9.529,12.8006],[9.5325,12.8016],[9.5377,12.8014],[9.5463,12.7972],[9.5438,12.7923],[9.5417,12.7908],[9.5422,12.7835],[9.5415,12.7778],[9.5394,12.7726],[9.5434,12.7671],[9.5401,12.7651],[9.5419,12.759],[9.5454,12.7528],[9.5496,12.7527],[9.5591,12.7443],[9.5617,12.743],[9.5639,12.7448],[9.5716,12.7477],[9.5758,12.7508],[9.5781,12.7511],[9.5833,12.7542],[9.5828,12.751],[9.5793,12.7438],[9.5797,12.7407],[9.5788,12.7371],[9.5793,12.7332],[9.5889,12.7326],[9.5951,12.7293],[9.5937,12.7212],[9.592,12.7187],[9.5928,12.7166],[9.6007,12.7083],[9.606,12.7091],[9.612,12.7075],[9.6165,12.7095],[9.6256,12.7084],[9.6299,12.7045],[9.6319,12.7045],[9.6391,12.6991],[9.6412,12.6964],[9.6447,12.6971],[9.6465,12.6941],[9.6463,12.6911],[9.6476,12.6864],[9.652,12.6887],[9.655,12.6932],[9.6621,12.6999],[9.6645,12.7032],[9.6688,12.7044],[9.6682,12.7061],[9.6625,12.7085],[9.6547,12.7129],[9.6524,12.7189],[9.6525,12.7307],[9.6543,12.736],[9.6521,12.7367],[9.6518,12.744],[9.6505,12.7525],[9.6489,12.7572],[9.6501,12.7622],[9.6591,12.771],[9.6625,12.7722],[9.6605,12.7754],[9.6598,12.7821],[9.6529,12.7831],[9.6461,12.7856],[9.6489,12.7914],[9.6536,12.7937],[9.6477,12.8009],[9.646,12.802],[9.6456,12.8076]]]},"properties":{"name":"GALADI","state":"17","code":"17/20/04"}},{"type":"Feature","geometry":{"type":"Polygon","coordinates":[[[9.8117,12.6396],[9.8078,12.6429],[9.8044,12.6524],[9.8039,12.6563],[9.8,12.662],[9.7945,12.6637],[9.7909,12.6663],[9.7902,12.6695],[9.7868,12.6709],[9.7862,12.6738],[9.7839,12.6772],[9.7849,12.6797],[9.7767,12.6845],[9.778,12.6893],[9.7776,12.6914],[9.7802,12.7036],[9.7785,12.7105],[9.7727,12.7116],[9.769,12.7142],[9.7617,12.7146],[9.7602,12.7172],[9.7602,12.7244],[9.759,12.7286],[9.7516,12.7323],[9.7451,12.7325],[9.7443,12.7334],[9.7417,12.7306],[9.7378,12.7219],[9.7344,12.7183],[9.7342,12.7142],[9.7292,12.7096],[9.7264,12.7097],[9.7233,12.7068],[9.7197,12.7079],[9.7122,12.7065],[9.7102,12.7072],[9.7048,12.7062],[9.6967,12.7028],[9.6847,12.6989],[9.6791,12.7017],[9.6744,12.7054],[9.6707,12.7037],[9.6688,12.7044],[9.6645,12.7032],[9.6621,12.6999],[9.655,12.6932],[9.652,12.6887],[9.6476,12.6864],[9.6454,12.6841],[9.6452,12.6797],[9.6471,12.6784],[9.6552,12.6763],[9.6557,12.675],[9.6665,12.6666],[9.6687,12.6618],[9.6691,12.658],[9.6731,12.6568],[9.6811,12.652],[9.686,12.6443],[9.6896,12.6442],[9.6934,12.6416],[9.6928,12.6329],[9.6946,12.627],[9.698,12.6226],[9.6981,12.6175],[9.7075,12.6159],[9.7168,12.6151],[9.7192,12.6136],[9.7182,12.6056],[9.7194,12.602],[9.7171,12.5959],[9.7208,12.5896],[9.7239,12.589],[9.7306,12.5928],[9.7343,12.5934],[9.7384,12.5917],[9.7433,12.595],[9.7455,12.5977],[9.7509,12.602],[9.7578,12.6002],[9.7616,12.6],[9.7619,12.605],[9.7648,12.6149],[9.7717,12.6146],[9.7825,12.6108],[9.7842,12.6131],[9.7842,12.6177],[9.7831,12.6208],[9.7832,12.6256],[9.7852,12.6275],[9.7897,12.6292],[9.7947,12.6333],[9.7997,12.6333],[9.8051,12.6356],[9.8096,12.6352],[9.8117,12.6396]]]},"properties":{"name":"JAJERI","state":"17","code":"17/20/05"}},{"type":"Feature","geometry":{"type":"Polygon","coordinates":[[[9.4721,12.6346],[9.4741,12.6342],[9.4838,12.6355],[9.4853,12.6375],[9.4901,12.6403],[9.4939,12.644],[9.4987,12.6474],[9.4984,12.6492],[9.5108,12.6499],[9.5129,12.6516],[9.5175,12.6529],[9.5219,12.6469],[9.5229,12.6382],[9.5257,12.6361],[9.535,12.6313],[9.5379,12.6339],[9.5407,12.6385],[9.5455,12.6369],[9.5522,12.6378],[9.5553,12.6372],[9.559,12.6343],[9.5617,12.6295],[9.5623,12.6237],[9.567,12.6241],[9.5685,12.6317],[9.5711,12.6345],[9.5713,12.6375],[9.5736,12.6412],[9.5733,12.643],[9.5796,12.6477],[9.5879,12.6464],[9.5899,12.6424],[9.5958,12.6359],[9.5964,12.634],[9.6036,12.6318],[9.6048,12.6333],[9.6102,12.635],[9.6158,12.6392],[9.62,12.6432],[9.6258,12.6405],[9.6289,12.6408],[9.6372,12.6441],[9.6378,12.6474],[9.642,12.6529],[9.6427,12.6549],[9.647,12.6581],[9.653,12.6556],[9.6616,12.6556],[9.6691,12.658],[9.6687,12.6618],[9.6665,12.6666],[9.6557,12.675],[9.6552,12.6763],[9.6471,12.6784],[9.6452,12.6797],[9.6454,12.6841],[9.6476,12.6864],[9.6463,12.6911],[9.6465,12.6941],[9.6447,12.6971],[9.6412,12.6964],[9.6391,12.6991],[9.6319,12.7045],[9.6299,12.7045],[9.6256,12.7084],[9.6165,12.7095],[9.612,12.7075],[9.606,12.7091],[9.6007,12.7083],[9.5928,12.7166],[9.592,12.7187],[9.5937,12.7212],[9.5951,12.7293],[9.5889,12.7326],[9.5793,12.7332],[9.5788,12.7371],[9.5797,12.7407],[9.5793,12.7438],[9.5828,12.751],[9.5833,12.7542],[9.5781,12.7511],[9.5758,12.7508],[9.5716,12.7477],[9.5639,12.7448],[9.5617,12.743],[9.5591,12.7443],[9.5496,12.7527],[9.5454,12.7528],[9.5419,12.759],[9.5401,12.7651],[9.5305,12.7613],[9.5253,12.7564],[9.5213,12.7557],[9.5148,12.7496],[9.5113,12.7494],[9.501,12.739],[9.5008,12.7317],[9.4975,12.7277],[9.4994,12.7199],[9.5042,12.7138],[9.5054,12.7113],[9.5035,12.7034],[9.5017,12.7016],[9.4934,12.6991],[9.4913,12.7023],[9.4869,12.7048],[9.4805,12.7053],[9.4759,12.7044],[9.4668,12.6956],[9.4681,12.6924],[9.4681,12.6869],[9.4657,12.6801],[9.4636,12.6784],[9.4655,12.6777],[9.4722,12.6703],[9.477,12.6657],[9.4794,12.6605],[9.4726,12.6517],[9.4715,12.6471],[9.4729,12.6431],[9.4721,12.6346]]]},"properties":{"name":"KUKAYASKU","state":"17","code":"17/20/06"}},{"type":"Feature","geometry":{"type":"Polygon","coordinates":[[[9.6762,12.5619],[9.6803,12.5618],[9.6806,12.5635],[9.6841,12.566],[9.6879,12.5726],[9.6925,12.5733],[9.6943,12.575],[9.6997,12.5747],[9.7072,12.58],[9.7117,12.579],[9.7199,12.5875],[9.7208,12.5896],[9.7171,12.5959],[9.7194,12.602],[9.7182,12.6056],[9.7192,12.6136],[9.7168,12.6151],[9.7075,12.6159],[9.6981,12.6175],[9.698,12.6226],[9.6946,12.627],[9.6928,12.6329],[9.6934,12.6416],[9.6896,12.6442],[9.686,12.6443],[9.6811,12.652],[9.6731,12.6568],[9.6691,12.658],[9.6616,12.6556],[9.659,12.6531],[9.6565,12.6466],[9.652,12.638],[9.6491,12.6349],[9.6504,12.6306],[9.6547,12.6253],[9.6553,12.6226],[9.6579,12.6219],[9.6634,12.618],[9.6633,12.6083],[9.664,12.6056],[9.6589,12.6038],[9.6567,12.602],[9.6526,12.602],[9.6475,12.5994],[9.6428,12.5951],[9.6401,12.595],[9.6341,12.5901],[9.6297,12.59],[9.6261,12.5865],[9.6191,12.5865],[9.6221,12.5712],[9.6195,12.5677],[9.6206,12.5644],[9.6248,12.5649],[9.6264,12.5666],[9.6332,12.5665],[9.6446,12.5712],[9.6489,12.5741],[9.6547,12.5714],[9.6608,12.5662],[9.6627,12.5666],[9.6679,12.5639],[9.6762,12.5619]]]},"properties":{"name":"MADANA","state":"17","code":"17/20/07"}},{"type":"Feature","geometry":{"type":"Polygon","coordinates":[[[9.3751,12.8085],[9.3762,12.8056],[9.3818,12.8053],[9.3886,12.8035],[9.39,12.7968],[9.3928,12.7929],[9.4031,12.7875],[9.4011,12.7798],[9.4018,12.7762],[9.4042,12.7743],[9.4159,12.7744],[9.4177,12.7779],[9.419,12.7803],[9.4192,12.7865],[9.4223,12.7953],[9.4249,12.7964],[9.43,12.7951],[9.438,12.7971],[9.4408,12.7941],[9.4439,12.7986],[9.4445,12.8031],[9.4437,12.8057],[9.4551,12.8106],[9.4613,12.8162],[9.4394,12.8185],[9.3863,12.823],[9.3683,12.8191],[9.3687,12.8147],[9.3704,12.8147],[9.3751,12.8085]]]},"properties":{"name":"MAIGATARI AREWA","state":"17","code":"17/20/08"}},{"type":"Feature","geometry":{"type":"Polygon","coordinates":[[[9.4177,12.7779],[9.4202,12.7772],[9.4291,12.7727],[9.4372,12.7697],[9.441,12.7714],[9.4436,12.7767],[9.4483,12.7764],[9.448,12.7677],[9.4524,12.7609],[9.4545,12.7531],[9.4602,12.7533],[9.4667,12.7521],[9.4701,12.7557],[9.4694,12.7599],[9.4737,12.7618],[9.4765,12.7643],[9.4894,12.77],[9.4894,12.7716],[9.4851,12.776],[9.4812,12.7778],[9.4752,12.7785],[9.4717,12.7797],[9.4737,12.7833],[9.482,12.7886],[9.4832,12.7937],[9.4856,12.7972],[9.4936,12.7997],[9.4938,12.8029],[9.4924,12.8067],[9.4931,12.8097],[9.4913,12.815],[9.4613,12.8162],[9.4551,12.8106],[9.4437,12.8057],[9.4445,12.8031],[9.4439,12.7986],[9.4408,12.7941],[9.438,12.7971],[9.43,12.7951],[9.4249,12.7964],[9.4223,12.7953],[9.4192,12.7865],[9.419,12.7803],[9.4177,12.7779]]]},"properties":{"name":"MAIGATARI KUDU","state":"17","code":"17/20/09"}},{"type":"Feature","geometry":{"type":"Polygon","coordinates":[[[9.3953,12.6933],[9.406,12.6935],[9.4082,12.6958],[9.4121,12.6958],[9.4152,12.6973],[9.4197,12.7017],[9.4215,12.7022],[9.4341,12.7022],[9.4353,12.6937],[9.4385,12.6899],[9.4417,12.6906],[9.4438,12.6894],[9.4514,12.6773],[9.4549,12.6767],[9.4636,12.6784],[9.4657,12.6801],[9.4681,12.6869],[9.4681,12.6924],[9.4668,12.6956],[9.4759,12.7044],[9.4805,12.7053],[9.4869,12.7048],[9.4913,12.7023],[9.4934,12.6991],[9.5017,12.7016],[9.5035,12.7034],[9.5054,12.7113],[9.5042,12.7138],[9.4994,12.7199],[9.4975,12.7277],[9.5008,12.7317],[9.501,12.739],[9.5113,12.7494],[9.5148,12.7496],[9.5213,12.7557],[9.5253,12.7564],[9.5305,12.7613],[9.5401,12.7651],[9.5434,12.7671],[9.5394,12.7726],[9.5415,12.7778],[9.5422,12.7835],[9.5417,12.7908],[9.5438,12.7923],[9.5463,12.7972],[9.5377,12.8014],[9.5325,12.8016],[9.529,12.8006],[9.5255,12.8061],[9.5239,12.8131],[9.5118,12.8136],[9.5006,12.8146],[9.4913,12.815],[9.4931,12.8097],[9.4924,12.8067],[9.4938,12.8029],[9.4936,12.7997],[9.4856,12.7972],[9.4832,12.7937],[9.482,12.7886],[9.4737,12.7833],[9.4717,12.7797],[9.4752,12.7785],[9.4812,12.7778],[9.4851,12.776],[9.4894,12.7716],[9.4894,12.77],[9.4765,12.7643],[9.4737,12.7618],[9.4694,12.7599],[9.4701,12.7557],[9.4667,12.7521],[9.4602,12.7533],[9.4545,12.7531],[9.4524,12.7609],[9.448,12.7677],[9.4483,12.7764],[9.4436,12.7767],[9.441,12.7714],[9.4372,12.7697],[9.4291,12.7727],[9.4202,12.7772],[9.4177,12.7779],[9.4159,12.7744],[9.4042,12.7743],[9.4006,12.7711],[9.4008,12.7689],[9.3956,12.7645],[9.3914,12.7577],[9.3911,12.7537],[9.3997,12.7522],[9.4021,12.744],[9.3992,12.738],[9.3996,12.7298],[9.3962,12.7275],[9.3934,12.7233],[9.4042,12.7204],[9.4006,12.7155],[9.3975,12.7072],[9.3944,12.6936],[9.3953,12.6933]]]},"properties":{"name":"MATOYA","state":"17","code":"17/20/10"}},{"type":"Feature","geometry":{"type":"Polygon","coordinates":[[[9.6868,12.8213],[9.6807,12.8209],[9.675,12.8248],[9.6587,12.8077],[9.6456,12.8076],[9.646,12.802],[9.6477,12.8009],[9.6536,12.7937],[9.6489,12.7914],[9.6461,12.7856],[9.6529,12.7831],[9.6598,12.7821],[9.6605,12.7754],[9.6625,12.7722],[9.6591,12.771],[9.6501,12.7622],[9.6489,12.7572],[9.6505,12.7525],[9.6518,12.744],[9.6521,12.7367],[9.6543,12.736],[9.6525,12.7307],[9.6524,12.7189],[9.6547,12.7129],[9.6625,12.7085],[9.6682,12.7061],[9.6688,12.7044],[9.6707,12.7037],[9.6744,12.7054],[9.6791,12.7017],[9.6847,12.6989],[9.6967,12.7028],[9.7048,12.7062],[9.7102,12.7072],[9.7122,12.7065],[9.7197,12.7079],[9.7233,12.7068],[9.7264,12.7097],[9.7292,12.7096],[9.7342,12.7142],[9.7344,12.7183],[9.7378,12.7219],[9.7417,12.7306],[9.7443,12.7334],[9.7426,12.7379],[9.7483,12.7507],[9.744,12.7581],[9.7366,12.7622],[9.729,12.7652],[9.7311,12.7713],[9.7241,12.7767],[9.7222,12.7794],[9.7216,12.7872],[9.7147,12.7938],[9.7116,12.7949],[9.7058,12.7998],[9.701,12.801],[9.6978,12.8053],[9.6885,12.81],[9.6882,12.8179],[9.6868,12.8213]]]},"properties":{"name":"TURBUS","state":"17","code":"17/20/11"}},{"type":"Feature","geometry":{"type":"Polygon","coordinates":[[[9.9305,12.3712],[9.9348,12.3711],[9.9382,12.3732],[9.9403,12.3782],[9.9362,12.3806],[9.9357,12.383],[9.9393,12.3835],[9.9431,12.387],[9.9477,12.3893],[9.9512,12.3897],[9.9542,12.3886],[9.9576,12.3847],[9.9607,12.3857],[9.9641,12.3891],[9.9663,12.3933],[9.9663,12.3953],[9.9631,12.4008],[9.9586,12.403],[9.9633,12.4049],[9.9646,12.4066],[9.9639,12.4111],[9.9585,12.4116],[9.9551,12.4179],[9.9511,12.4233],[9.9504,12.4275],[9.9428,12.4307],[9.9408,12.4292],[9.9373,12.4296],[9.9349,12.4315],[9.9338,12.4363],[9.939,12.4417],[9.9403,12.4457],[9.9379,12.4512],[9.9404,12.4536],[9.9433,12.4581],[9.9398,12.4661],[9.9327,12.4628],[9.9271,12.462],[9.921,12.458],[9.9211,12.4674],[9.9217,12.4728],[9.9203,12.4741],[9.914,12.4758],[9.9108,12.4759],[9.9086,12.4742],[9.9038,12.475],[9.9012,12.4768],[9.893,12.4787],[9.8887,12.4824],[9.8868,12.4804],[9.8869,12.4785],[9.8846,12.4723],[9.8849,12.4673],[9.8883,12.4609],[9.8989,12.4579],[9.9067,12.451],[9.9062,12.4479],[9.8999,12.4413],[9.8993,12.4388],[9.8955,12.4347],[9.8994,12.4271],[9.8998,12.4217],[9.8985,12.4192],[9.9038,12.4149],[9.9051,12.4122],[9.9106,12.4114],[9.9162,12.4162],[9.9217,12.4177],[9.9243,12.412],[9.9234,12.4073],[9.9186,12.4053],[9.9151,12.4026],[9.9068,12.3945],[9.8982,12.3963],[9.8927,12.3983],[9.893,12.3936],[9.8916,12.3881],[9.8879,12.3855],[9.8862,12.3796],[9.8872,12.3702],[9.8833,12.3651],[9.8872,12.3595],[9.8894,12.3592],[9.8937,12.3524],[9.8963,12.3499],[9.8979,12.3506],[9.9012,12.3605],[9.9053,12.3617],[9.9117,12.3605],[9.9118,12.3632],[9.9121,12.3641],[9.9193,12.365],[9.918,12.3692],[9.9134,12.3719],[9.9127,12.3738],[9.9155,12.3816],[9.9187,12.384],[9.9217,12.3829],[9.9261,12.3773],[9.9277,12.3719],[9.9305,12.3712]]]},"properties":{"name":"ARKI","state":"17","code":"17/21/01"}},{"type":"Feature","geometry":{"type":"Polygon","coordinates":[[[9.9183,12.6293],[9.9133,12.628],[9.9111,12.6255],[9.9073,12.6239],[9.903,12.6282],[9.899,12.6304],[9.8952,12.6305],[9.891,12.6344],[9.8876,12.6321],[9.885,12.6288],[9.8817,12.6268],[9.8815,12.6238],[9.8775,12.6183],[9.8744,12.616],[9.8725,12.6128],[9.8683,12.6116],[9.8684,12.6017],[9.8701,12.5964],[9.8705,12.5913],[9.8635,12.5907],[9.8576,12.5857],[9.8469,12.5843],[9.8438,12.5823],[9.8431,12.5784],[9.8365,12.5816],[9.8311,12.5825],[9.8265,12.5816],[9.8251,12.5825],[9.8209,12.5806],[9.8234,12.5705],[9.8229,12.5672],[9.8266,12.5671],[9.8315,12.5637],[9.8362,12.5614],[9.836,12.5596],[9.8361,12.5563],[9.8411,12.5487],[9.8461,12.5459],[9.8468,12.5433],[9.8526,12.5425],[9.8575,12.547],[9.8611,12.5494],[9.8649,12.5481],[9.8686,12.5484],[9.8742,12.5548],[9.874,12.5581],[9.8785,12.5619],[9.8772,12.5635],[9.8814,12.5655],[9.8885,12.5717],[9.8948,12.5738],[9.9,12.5782],[9.9034,12.5755],[9.9094,12.5736],[9.9165,12.577],[9.9214,12.5772],[9.9232,12.5793],[9.9274,12.5809],[9.9307,12.5852],[9.9357,12.587],[9.9373,12.5893],[9.9491,12.586],[9.9526,12.5942],[9.9553,12.5973],[9.9554,12.6018],[9.9576,12.6027],[9.9607,12.6062],[9.9643,12.6082],[9.9654,12.6104],[9.9628,12.6144],[9.9674,12.6264],[9.9633,12.6316],[9.958,12.6307],[9.9533,12.6285],[9.9487,12.6282],[9.9413,12.6244],[9.9359,12.6239],[9.9314,12.6255],[9.93,12.6273],[9.9228,12.6271],[9.9183,12.6293]]]},"properties":{"name":"DUNARI","state":"17","code":"17/21/02"}},{"type":"Feature","geometry":{"type":"Polygon","coordinates":[[[10.0343,12.4595],[10.0291,12.4653],[10.0215,12.4638],[10.017,12.4672],[10.0141,12.4654],[10.0157,12.4766],[10.0185,12.4799],[10.0154,12.4823],[10.0112,12.4898],[10.0117,12.4945],[10.014,12.4962],[10.0143,12.499],[10.0099,12.4986],[10.0047,12.5005],[10.0003,12.5052],[9.9996,12.5078],[10.0012,12.5141],[10.0015,12.5191],[9.9899,12.517],[9.9873,12.5172],[9.9812,12.5156],[9.9715,12.5181],[9.9669,12.5135],[9.9559,12.5139],[9.9535,12.5222],[9.9474,12.5289],[9.9477,12.5306],[9.9449,12.5334],[9.9455,12.5412],[9.9368,12.5418],[9.9328,12.5433],[9.93,12.5409],[9.9263,12.5359],[9.9203,12.5361],[9.9186,12.5353],[9.9161,12.5291],[9.9116,12.5294],[9.9095,12.532],[9.9048,12.5348],[9.8998,12.5346],[9.898,12.5309],[9.9036,12.5246],[9.9027,12.5227],[9.903,12.5172],[9.9002,12.5118],[9.8998,12.5046],[9.9014,12.4978],[9.8998,12.4979],[9.891,12.4946],[9.8906,12.4883],[9.889,12.4861],[9.8887,12.4824],[9.893,12.4787],[9.9012,12.4768],[9.9038,12.475],[9.9086,12.4742],[9.9108,12.4759],[9.914,12.4758],[9.9203,12.4741],[9.9217,12.4728],[9.9211,12.4674],[9.921,12.458],[9.9271,12.462],[9.9327,12.4628],[9.9398,12.4661],[9.9433,12.4581],[9.9404,12.4536],[9.9379,12.4512],[9.9403,12.4457],[9.939,12.4417],[9.9338,12.4363],[9.9349,12.4315],[9.9373,12.4296],[9.9408,12.4292],[9.9428,12.4307],[9.9504,12.4275],[9.9533,12.4268],[9.9559,12.429],[9.9583,12.4285],[9.9629,12.4308],[9.9644,12.4331],[9.9684,12.4348],[9.9682,12.4403],[9.9719,12.4442],[9.974,12.4482],[9.9767,12.4508],[9.9808,12.4509],[9.982,12.447],[9.9858,12.4483],[9.99,12.4468],[9.9934,12.4474],[9.996,12.4522],[10.0041,12.458],[10.0072,12.4584],[10.0081,12.4554],[10.0123,12.4522],[10.0131,12.4494],[10.0157,12.4479],[10.0241,12.4566],[10.0296,12.4579],[10.0325,12.4602],[10.0343,12.4595]]]},"properties":{"name":"FATEKA AKURYA","state":"17","code":"17/21/03"}},{"type":"Feature","geometry":{"type":"Polygon","coordinates":[[[10.0728,12.6799],[10.0715,12.6786],[10.0559,12.6706],[10.0568,12.6677],[10.0563,12.6618],[10.0569,12.6531],[10.0544,12.6459],[10.0518,12.6436],[10.0465,12.6419],[10.0436,12.6422],[10.0389,12.6408],[10.0335,12.636],[10.0326,12.6309],[10.0305,12.6251],[10.031,12.6236],[10.0292,12.6172],[10.0298,12.6097],[10.0348,12.6091],[10.0386,12.6004],[10.0395,12.5926],[10.0437,12.5932],[10.0493,12.5926],[10.0528,12.5942],[10.0564,12.5936],[10.0586,12.5964],[10.0564,12.5982],[10.0567,12.6018],[10.0604,12.606],[10.0644,12.6016],[10.0666,12.601],[10.0686,12.6041],[10.0693,12.6108],[10.0731,12.6129],[10.0744,12.6172],[10.0843,12.6166],[10.0861,12.6184],[10.0903,12.6164],[10.0938,12.6128],[10.0959,12.6143],[10.103,12.6108],[10.1066,12.6109],[10.1074,12.6131],[10.1064,12.6213],[10.1087,12.6246],[10.1134,12.6289],[10.1158,12.6337],[10.1179,12.6328],[10.1213,12.6339],[10.1294,12.6337],[10.1335,12.6388],[10.1374,12.6401],[10.1443,12.648],[10.1517,12.645],[10.1543,12.6467],[10.1611,12.6564],[10.1637,12.657],[10.1718,12.6532],[10.1767,12.6611],[10.1795,12.664],[10.1797,12.6661],[10.1856,12.6712],[10.183,12.6752],[10.1824,12.6777],[10.1858,12.6856],[10.1865,12.6905],[10.1815,12.6939],[10.1791,12.6946],[10.1734,12.694],[10.1709,12.6913],[10.1685,12.6912],[10.1641,12.6888],[10.1565,12.6883],[10.1551,12.687],[10.1489,12.6867],[10.1423,12.6907],[10.1385,12.6914],[10.1344,12.6883],[10.1307,12.6875],[10.1266,12.6889],[10.117,12.6852],[10.1158,12.6831],[10.115,12.676],[10.1111,12.6704],[10.1114,12.669],[10.1065,12.6678],[10.1015,12.6719],[10.0973,12.6736],[10.0945,12.676],[10.0902,12.6739],[10.0834,12.6739],[10.0753,12.6766],[10.0728,12.6799]]]},"properties":{"name":"GARIN GABAS","state":"17","code":"17/21/04"}},{"type":"Feature","geometry":{"type":"Polygon","coordinates":[[[9.9674,12.6264],[9.9628,12.6144],[9.9654,12.6104],[9.9643,12.6082],[9.9607,12.6062],[9.9576,12.6027],[9.9554,12.6018],[9.9553,12.5973],[9.9526,12.5942],[9.9491,12.586],[9.9373,12.5893],[9.9357,12.587],[9.9307,12.5852],[9.9274,12.5809],[9.9232,12.5793],[9.9214,12.5772],[9.9165,12.577],[9.9094,12.5736],[9.9089,12.5708],[9.9108,12.5676],[9.9109,12.5629],[9.9178,12.5556],[9.9214,12.5529],[9.9203,12.5503],[9.9228,12.5462],[9.93,12.5409],[9.9328,12.5433],[9.9368,12.5418],[9.9455,12.5412],[9.9449,12.5334],[9.9477,12.5306],[9.9474,12.5289],[9.9535,12.5222],[9.9559,12.5139],[9.9669,12.5135],[9.9715,12.5181],[9.9812,12.5156],[9.9873,12.5172],[9.9863,12.5265],[9.9799,12.5315],[9.9784,12.5335],[9.9803,12.5384],[9.9789,12.5428],[9.9841,12.5445],[9.9866,12.5465],[9.9931,12.5446],[9.9974,12.5465],[10.0017,12.5463],[10.0079,12.5484],[10.0103,12.5516],[10.0134,12.5531],[10.02,12.5579],[10.0239,12.5598],[10.0266,12.5626],[10.0324,12.5601],[10.0372,12.5593],[10.0399,12.5576],[10.0464,12.5554],[10.0496,12.5603],[10.0478,12.5643],[10.0511,12.566],[10.053,12.5743],[10.056,12.5782],[10.0546,12.5855],[10.0501,12.5875],[10.0492,12.5892],[10.0545,12.5933],[10.0564,12.5936],[10.0528,12.5942],[10.0493,12.5926],[10.0437,12.5932],[10.0395,12.5926],[10.0386,12.6004],[10.0348,12.6091],[10.0298,12.6097],[10.0292,12.6172],[10.031,12.6236],[10.0305,12.6251],[10.0326,12.6309],[10.0335,12.636],[10.0277,12.6381],[10.0236,12.6377],[10.0193,12.6403],[10.0152,12.6358],[10.0103,12.6332],[10.002,12.6314],[9.995,12.6337],[9.9934,12.6304],[9.9902,12.6288],[9.9878,12.6293],[9.9798,12.633],[9.9752,12.6263],[9.9674,12.6264]]]},"properties":{"name":"MAIRA KUMI-BARA MUSA","state":"17","code":"17/21/05"}},{"type":"Feature","geometry":{"type":"Polygon","coordinates":[[[9.7932,12.5237],[9.7916,12.5198],[9.7863,12.5134],[9.7821,12.5042],[9.7838,12.5014],[9.7838,12.4954],[9.7796,12.4922],[9.7774,12.4889],[9.7685,12.4815],[9.7681,12.4723],[9.7614,12.4691],[9.7562,12.4674],[9.7594,12.464],[9.7606,12.4587],[9.7631,12.4557],[9.7605,12.4532],[9.755,12.4515],[9.7461,12.4476],[9.7412,12.4446],[9.7366,12.4405],[9.7368,12.4369],[9.7386,12.4343],[9.7396,12.4301],[9.7451,12.4256],[9.7554,12.4226],[9.7571,12.4243],[9.7674,12.4231],[9.7741,12.4266],[9.7757,12.43],[9.781,12.4367],[9.779,12.4416],[9.776,12.4449],[9.7741,12.4545],[9.7795,12.4584],[9.7871,12.4612],[9.7963,12.4665],[9.8006,12.4684],[9.8057,12.4745],[9.8123,12.4743],[9.8169,12.4767],[9.8203,12.4755],[9.8266,12.4719],[9.8314,12.4709],[9.8344,12.4674],[9.8391,12.4645],[9.8431,12.4662],[9.8544,12.4592],[9.8563,12.4677],[9.8634,12.4706],[9.8686,12.4704],[9.8782,12.4711],[9.8846,12.4723],[9.8869,12.4785],[9.8868,12.4804],[9.8846,12.4816],[9.8769,12.4814],[9.8731,12.4822],[9.8703,12.4871],[9.8698,12.4945],[9.8687,12.4987],[9.8708,12.5019],[9.8685,12.5043],[9.8637,12.5072],[9.8617,12.5052],[9.8558,12.5042],[9.8488,12.4997],[9.8472,12.501],[9.8454,12.5098],[9.8533,12.5164],[9.8544,12.5221],[9.8588,12.5236],[9.8615,12.523],[9.8667,12.5259],[9.874,12.5274],[9.8746,12.5311],[9.874,12.5396],[9.8744,12.5443],[9.8686,12.5484],[9.8649,12.5481],[9.8611,12.5494],[9.8575,12.547],[9.8526,12.5425],[9.8468,12.5433],[9.8461,12.5459],[9.8411,12.5487],[9.8361,12.5563],[9.836,12.5596],[9.8337,12.5594],[9.8318,12.5566],[9.8279,12.5538],[9.8294,12.5456],[9.8285,12.542],[9.8311,12.5363],[9.832,12.5296],[9.8331,12.5282],[9.8266,12.5265],[9.8237,12.5272],[9.818,12.5265],[9.8142,12.5291],[9.8095,12.5289],[9.8031,12.5227],[9.7962,12.524],[9.7932,12.5237]]]},"properties":{"name":"MAKA DDARI","state":"17","code":"17/21/06"}},{"type":"Feature","geometry":{"type":"Polygon","coordinates":[[[9.8887,12.4824],[9.889,12.4861],[9.8906,12.4883],[9.891,12.4946],[9.8998,12.4979],[9.9014,12.4978],[9.8998,12.5046],[9.9002,12.5118],[9.903,12.5172],[9.9027,12.5227],[9.9036,12.5246],[9.898,12.5309],[9.8998,12.5346],[9.9048,12.5348],[9.9095,12.532],[9.9116,12.5294],[9.9161,12.5291],[9.9186,12.5353],[9.9203,12.5361],[9.9263,12.5359],[9.93,12.5409],[9.9228,12.5462],[9.9203,12.5503],[9.9214,12.5529],[9.9178,12.5556],[9.9109,12.5629],[9.9108,12.5676],[9.9089,12.5708],[9.9094,12.5736],[9.9034,12.5755],[9.9,12.5782],[9.8948,12.5738],[9.8885,12.5717],[9.8814,12.5655],[9.8772,12.5635],[9.8785,12.5619],[9.874,12.5581],[9.8742,12.5548],[9.8686,12.5484],[9.8744,12.5443],[9.874,12.5396],[9.8746,12.5311],[9.874,12.5274],[9.8667,12.5259],[9.8615,12.523],[9.8588,12.5236],[9.8544,12.5221],[9.8533,12.5164],[9.8454,12.5098],[9.8472,12.501],[9.8488,12.4997],[9.8558,12.5042],[9.8617,12.5052],[9.8637,12.5072],[9.8685,12.5043],[9.8708,12.5019],[9.8687,12.4987],[9.8698,12.4945],[9.8703,12.4871],[9.8731,12.4822],[9.8769,12.4814],[9.8846,12.4816],[9.8868,12.4804],[9.8887,12.4824]]]},"properties":{"name":"MALAM MADORI","state":"17","code":"17/21/07"}},{"type":"Feature","geometry":{"type":"Polygon","coordinates":[[[9.8955,12.4347],[9.8993,12.4388],[9.8999,12.4413],[9.9062,12.4479],[9.9067,12.451],[9.8989,12.4579],[9.8883,12.4609],[9.8849,12.4673],[9.8846,12.4723],[9.8782,12.4711],[9.8686,12.4704],[9.8634,12.4706],[9.8563,12.4677],[9.8544,12.4592],[9.8431,12.4662],[9.8391,12.4645],[9.8344,12.4674],[9.8314,12.4709],[9.8266,12.4719],[9.8203,12.4755],[9.8169,12.4767],[9.8123,12.4743],[9.8057,12.4745],[9.8006,12.4684],[9.7963,12.4665],[9.7871,12.4612],[9.7795,12.4584],[9.7741,12.4545],[9.776,12.4449],[9.779,12.4416],[9.781,12.4367],[9.7757,12.43],[9.7741,12.4266],[9.7674,12.4231],[9.786,12.407],[9.7898,12.4033],[9.7946,12.4062],[9.7963,12.4083],[9.8058,12.4049],[9.8087,12.4063],[9.8111,12.4098],[9.8146,12.4108],[9.8186,12.4149],[9.8213,12.421],[9.8257,12.4245],[9.8289,12.4233],[9.8376,12.4227],[9.8396,12.4246],[9.8408,12.4309],[9.8471,12.4345],[9.8515,12.435],[9.8554,12.4338],[9.8662,12.4367],[9.8702,12.4365],[9.8712,12.4387],[9.8772,12.4404],[9.8837,12.4398],[9.8856,12.4358],[9.8891,12.4334],[9.8955,12.4347]]]},"properties":{"name":"SHAIYA","state":"17","code":"17/21/08"}},{"type":"Feature","geometry":{"type":"Polygon","coordinates":[[[10.1517,12.645],[10.1443,12.648],[10.1374,12.6401],[10.1335,12.6388],[10.1294,12.6337],[10.1213,12.6339],[10.1179,12.6328],[10.1158,12.6337],[10.1134,12.6289],[10.1087,12.6246],[10.1064,12.6213],[10.1074,12.6131],[10.1066,12.6109],[10.103,12.6108],[10.0959,12.6143],[10.0938,12.6128],[10.0903,12.6164],[10.0861,12.6184],[10.0843,12.6166],[10.0744,12.6172],[10.0731,12.6129],[10.0693,12.6108],[10.0686,12.6041],[10.0666,12.601],[10.0644,12.6016],[10.0604,12.606],[10.0567,12.6018],[10.0564,12.5982],[10.0586,12.5964],[10.0564,12.5936],[10.0545,12.5933],[10.0492,12.5892],[10.0501,12.5875],[10.0546,12.5855],[10.056,12.5782],[10.053,12.5743],[10.0511,12.566],[10.0478,12.5643],[10.0496,12.5603],[10.0528,12.5589],[10.058,12.5586],[10.065,12.5512],[10.0694,12.5539],[10.0783,12.5557],[10.0855,12.567],[10.0885,12.5702],[10.0882,12.574],[10.0922,12.5776],[10.0943,12.5812],[10.1012,12.5852],[10.1071,12.5829],[10.1143,12.575],[10.112,12.5706],[10.1117,12.5664],[10.1066,12.5607],[10.112,12.5562],[10.1133,12.5533],[10.117,12.5487],[10.12,12.5478],[10.1246,12.5491],[10.1284,12.5513],[10.1334,12.5566],[10.1402,12.5584],[10.1427,12.5607],[10.1452,12.5606],[10.1474,12.5671],[10.1499,12.5683],[10.1551,12.5692],[10.1579,12.572],[10.1656,12.5754],[10.1727,12.5837],[10.1711,12.5878],[10.1728,12.5904],[10.1733,12.5949],[10.1753,12.5987],[10.1778,12.5987],[10.1798,12.6013],[10.1784,12.6074],[10.1763,12.6121],[10.1737,12.6195],[10.1664,12.6252],[10.1651,12.6286],[10.1632,12.6288],[10.1584,12.6252],[10.1558,12.6321],[10.1539,12.6336],[10.1547,12.6399],[10.1517,12.645]]]},"properties":{"name":"TAGWARO","state":"17","code":"17/21/09"}},{"type":"Feature","geometry":{"type":"Polygon","coordinates":[[[10.0101,12.4261],[10.0152,12.4255],[10.0204,12.4233],[10.0215,12.4243],[10.0203,12.4285],[10.0208,12.437],[10.0237,12.4396],[10.0308,12.4405],[10.028,12.445],[10.0319,12.4473],[10.0288,12.4526],[10.0241,12.4566],[10.0157,12.4479],[10.0131,12.4494],[10.0123,12.4522],[10.0081,12.4554],[10.0072,12.4584],[10.0041,12.458],[9.996,12.4522],[9.9934,12.4474],[9.99,12.4468],[9.9858,12.4483],[9.982,12.447],[9.9808,12.4509],[9.9767,12.4508],[9.974,12.4482],[9.9719,12.4442],[9.9682,12.4403],[9.9684,12.4348],[9.9644,12.4331],[9.9629,12.4308],[9.9583,12.4285],[9.9559,12.429],[9.9533,12.4268],[9.9504,12.4275],[9.9511,12.4233],[9.9551,12.4179],[9.9585,12.4116],[9.9639,12.4111],[9.9645,12.4139],[9.9821,12.4164],[9.9847,12.4113],[9.9874,12.4103],[9.9939,12.4149],[9.9974,12.4241],[9.9998,12.4267],[10.0031,12.4256],[10.0101,12.4261]]]},"properties":{"name":"TASHENA","state":"17","code":"17/21/10"}},{"type":"Feature","geometry":{"type":"Polygon","coordinates":[[[10.0424,12.4586],[10.0431,12.462],[10.0422,12.4663],[10.0487,12.4676],[10.0586,12.4801],[10.06,12.4819],[10.0613,12.4874],[10.0597,12.4903],[10.0532,12.4977],[10.0498,12.5008],[10.0528,12.5036],[10.0558,12.5097],[10.0535,12.516],[10.05,12.5236],[10.0519,12.531],[10.0509,12.5335],[10.0521,12.5383],[10.0544,12.5412],[10.0644,12.5459],[10.065,12.5512],[10.058,12.5586],[10.0528,12.5589],[10.0496,12.5603],[10.0464,12.5554],[10.0399,12.5576],[10.0372,12.5593],[10.0324,12.5601],[10.0266,12.5626],[10.0239,12.5598],[10.02,12.5579],[10.0134,12.5531],[10.0103,12.5516],[10.0079,12.5484],[10.0017,12.5463],[9.9974,12.5465],[9.9931,12.5446],[9.9866,12.5465],[9.9841,12.5445],[9.9789,12.5428],[9.9803,12.5384],[9.9784,12.5335],[9.9799,12.5315],[9.9863,12.5265],[9.9873,12.5172],[9.9899,12.517],[10.0015,12.5191],[10.0012,12.5141],[9.9996,12.5078],[10.0003,12.5052],[10.0047,12.5005],[10.0099,12.4986],[10.0143,12.499],[10.014,12.4962],[10.0117,12.4945],[10.0112,12.4898],[10.0154,12.4823],[10.0185,12.4799],[10.0157,12.4766],[10.0141,12.4654],[10.017,12.4672],[10.0215,12.4638],[10.0291,12.4653],[10.0343,12.4595],[10.0383,12.4545],[10.0399,12.4557],[10.0424,12.4586]]]},"properties":{"name":"TONIKUTARA","state":"17","code":"17/21/11"}},{"type":"Feature","geometry":{"type":"Polygon","coordinates":[[[9.7249,12.1486],[9.7213,12.1496],[9.7208,12.1526],[9.7229,12.1564],[9.7233,12.1626],[9.7259,12.1629],[9.7308,12.1619],[9.7333,12.1721],[9.7313,12.179],[9.7353,12.1815],[9.7394,12.1824],[9.7438,12.1853],[9.7442,12.1884],[9.7505,12.1883],[9.7507,12.1947],[9.754,12.1985],[9.7572,12.1979],[9.7607,12.2014],[9.765,12.2021],[9.7682,12.2052],[9.7725,12.2071],[9.7754,12.2162],[9.7716,12.2158],[9.7668,12.217],[9.7628,12.2196],[9.7639,12.2235],[9.7626,12.2261],[9.7674,12.2279],[9.7664,12.2334],[9.7675,12.2422],[9.7609,12.242],[9.7562,12.2453],[9.7524,12.2424],[9.7491,12.237],[9.745,12.2319],[9.739,12.2269],[9.741,12.2207],[9.7433,12.2161],[9.7343,12.2066],[9.7312,12.2048],[9.7263,12.2034],[9.7227,12.204],[9.7196,12.2011],[9.7165,12.1964],[9.7145,12.1981],[9.7109,12.1985],[9.7075,12.1964],[9.7007,12.1945],[9.6975,12.1928],[9.6943,12.1891],[9.6863,12.1849],[9.6854,12.181],[9.6872,12.1788],[9.6904,12.1775],[9.6926,12.1732],[9.6901,12.168],[9.6894,12.1621],[9.6896,12.1559],[9.694,12.1535],[9.6982,12.1498],[9.7005,12.1471],[9.7079,12.1465],[9.7116,12.1455],[9.7164,12.1466],[9.7207,12.1457],[9.7249,12.1486]]]},"properties":{"name":"DANGYATIN","state":"17","code":"17/22/01"}},{"type":"Feature","geometry":{"type":"Polygon","coordinates":[[[9.7749,12.1289],[9.7756,12.1298],[9.775,12.1369],[9.7714,12.1437],[9.7769,12.1454],[9.7784,12.1474],[9.7751,12.1565],[9.7751,12.161],[9.7781,12.1662],[9.7749,12.1729],[9.7731,12.1799],[9.7682,12.1844],[9.7678,12.1875],[9.7624,12.1893],[9.7575,12.192],[9.7525,12.1877],[9.7505,12.1883],[9.7442,12.1884],[9.7438,12.1853],[9.7394,12.1824],[9.7353,12.1815],[9.7313,12.179],[9.7333,12.1721],[9.7308,12.1619],[9.7259,12.1629],[9.7233,12.1626],[9.7229,12.1564],[9.7208,12.1526],[9.7213,12.1496],[9.7249,12.1486],[9.7284,12.1385],[9.731,12.1369],[9.7327,12.1327],[9.727,12.1271],[9.7236,12.123],[9.722,12.1228],[9.7199,12.1181],[9.7231,12.1153],[9.7265,12.1161],[9.7324,12.1154],[9.7377,12.1179],[9.7419,12.1185],[9.7458,12.1228],[9.7484,12.1236],[9.754,12.1202],[9.7548,12.1187],[9.7614,12.1153],[9.7649,12.1238],[9.7678,12.1256],[9.7704,12.1292],[9.7749,12.1289]]]},"properties":{"name":"GARBO","state":"17","code":"17/22/02"}},{"type":"Feature","geometry":{"type":"Polygon","coordinates":[[[9.5775,12.1636],[9.5796,12.1661],[9.5855,12.1691],[9.595,12.1779],[9.5962,12.1817],[9.6003,12.1865],[9.6049,12.1897],[9.6094,12.1875],[9.6123,12.1872],[9.6163,12.1896],[9.6188,12.1885],[9.6163,12.1945],[9.6188,12.2041],[9.6188,12.2069],[9.616,12.2102],[9.6131,12.2164],[9.6179,12.2217],[9.6182,12.2231],[9.6231,12.2277],[9.6221,12.2325],[9.6204,12.2352],[9.6206,12.2425],[9.6164,12.2501],[9.6031,12.2575],[9.6041,12.2607],[9.5999,12.2643],[9.5999,12.2698],[9.5969,12.2692],[9.5915,12.2729],[9.5869,12.2722],[9.5846,12.2668],[9.5859,12.2615],[9.583,12.26],[9.5718,12.2659],[9.5645,12.2666],[9.5613,12.2628],[9.5594,12.2585],[9.5604,12.2555],[9.5598,12.2516],[9.5628,12.2511],[9.5652,12.2483],[9.5649,12.244],[9.561,12.2378],[9.5567,12.2354],[9.5542,12.2375],[9.5505,12.2379],[9.5492,12.2358],[9.5509,12.2333],[9.55,12.2295],[9.5513,12.2281],[9.5471,12.2241],[9.5442,12.2189],[9.5479,12.2142],[9.5464,12.2121],[9.5496,12.2102],[9.5503,12.2052],[9.5529,12.2066],[9.5533,12.2086],[9.5565,12.2095],[9.5632,12.1948],[9.5667,12.1908],[9.568,12.1858],[9.5656,12.1863],[9.5616,12.1797],[9.5648,12.1761],[9.5657,12.1676],[9.568,12.1651],[9.5735,12.1649],[9.5775,12.1636]]]},"properties":{"name":"HANTSU","state":"17","code":"17/22/03"}},{"type":"Feature","geometry":{"type":"Polygon","coordinates":[[[9.8208,12.2955],[9.8147,12.2975],[9.8112,12.2974],[9.8067,12.3002],[9.804,12.298],[9.7998,12.2925],[9.7992,12.2884],[9.796,12.2871],[9.7952,12.283],[9.7954,12.2761],[9.7939,12.2705],[9.7951,12.2686],[9.7889,12.265],[9.7892,12.2608],[9.791,12.2568],[9.7898,12.2553],[9.7909,12.2504],[9.7965,12.2443],[9.7992,12.2474],[9.8052,12.2478],[9.8088,12.2344],[9.8125,12.2333],[9.8156,12.2269],[9.8201,12.2251],[9.8239,12.2207],[9.8247,12.215],[9.8165,12.2129],[9.8149,12.2103],[9.8178,12.2024],[9.8203,12.2011],[9.8231,12.2001],[9.8286,12.2005],[9.8364,12.2062],[9.8378,12.2063],[9.8387,12.2112],[9.8367,12.214],[9.8371,12.2161],[9.8418,12.2233],[9.8495,12.2236],[9.8529,12.2219],[9.8584,12.2225],[9.8608,12.2303],[9.8558,12.2329],[9.8513,12.2391],[9.8508,12.2415],[9.848,12.2433],[9.842,12.2445],[9.8347,12.2544],[9.832,12.2633],[9.8333,12.2684],[9.838,12.2674],[9.8434,12.2729],[9.8424,12.2763],[9.8399,12.2775],[9.8368,12.2815],[9.8277,12.2788],[9.8284,12.2816],[9.8343,12.2871],[9.8338,12.2901],[9.8266,12.2887],[9.8235,12.2902],[9.8208,12.2955]]]},"properties":{"name":"KOYA","state":"17","code":"17/22/04"}},{"type":"Feature","geometry":{"type":"Polygon","coordinates":[[[9.8003,12.3179],[9.7972,12.3148],[9.7921,12.3145],[9.793,12.3115],[9.7913,12.3086],[9.7861,12.31],[9.7863,12.312],[9.783,12.3135],[9.783,12.3102],[9.7811,12.3092],[9.7768,12.3113],[9.7764,12.3087],[9.7717,12.3022],[9.768,12.3051],[9.7631,12.3047],[9.7603,12.3076],[9.7571,12.303],[9.7517,12.3027],[9.7532,12.2993],[9.7482,12.299],[9.7478,12.3034],[9.7436,12.3037],[9.7408,12.3053],[9.7357,12.3131],[9.7338,12.3147],[9.7326,12.3203],[9.7249,12.3187],[9.7255,12.3137],[9.7201,12.3157],[9.7173,12.3114],[9.723,12.3106],[9.7178,12.306],[9.717,12.3032],[9.7094,12.3033],[9.7114,12.3003],[9.7105,12.2975],[9.7064,12.297],[9.704,12.3],[9.7021,12.2988],[9.7044,12.2935],[9.6989,12.2935],[9.69,12.2882],[9.6862,12.2845],[9.6886,12.281],[9.6884,12.2785],[9.6861,12.2752],[9.6826,12.2741],[9.6816,12.2774],[9.6818,12.2837],[9.6829,12.2876],[9.6801,12.2895],[9.679,12.2865],[9.6761,12.2845],[9.6764,12.2786],[9.6749,12.2723],[9.6703,12.2727],[9.6717,12.2684],[9.6669,12.2667],[9.6654,12.2686],[9.6661,12.2723],[9.6649,12.276],[9.6626,12.2786],[9.6625,12.2817],[9.6604,12.2866],[9.6554,12.2921],[9.652,12.2935],[9.6508,12.2916],[9.6452,12.2897],[9.6463,12.2862],[9.6486,12.2834],[9.6449,12.2817],[9.6428,12.2773],[9.6388,12.2812],[9.6363,12.2823],[9.6285,12.2809],[9.6255,12.2836],[9.6232,12.2834],[9.624,12.278],[9.6261,12.2711],[9.6251,12.2674],[9.6282,12.2587],[9.6258,12.2515],[9.6256,12.247],[9.6276,12.2423],[9.626,12.2379],[9.6228,12.2371],[9.6206,12.2425],[9.6204,12.2352],[9.6221,12.2325],[9.6231,12.2277],[9.6182,12.2231],[9.6179,12.2217],[9.6131,12.2164],[9.616,12.2102],[9.6188,12.2069],[9.6188,12.2041],[9.6163,12.1945],[9.6188,12.1885],[9.6237,12.1869],[9.6285,12.1867],[9.6322,12.1898],[9.6382,12.1897],[9.6405,12.1871],[9.6502,12.1835],[9.6518,12.1867],[9.6524,12.1913],[9.6543,12.197],[9.6613,12.1972],[9.6634,12.199],[9.6762,12.1995],[9.6806,12.2048],[9.6861,12.2102],[9.6908,12.2104],[9.69,12.2132],[9.6919,12.2165],[9.6953,12.2166],[9.6997,12.219],[9.6994,12.2209],[9.705,12.2204],[9.7087,12.2209],[9.7125,12.2232],[9.7141,12.2319],[9.7188,12.2336],[9.7229,12.2364],[9.7227,12.2388],[9.7258,12.2399],[9.7268,12.2351],[9.7222,12.2328],[9.7304,12.2274],[9.739,12.2269],[9.745,12.2319],[9.7491,12.237],[9.7524,12.2424],[9.7562,12.2453],[9.7609,12.242],[9.7675,12.2422],[9.7664,12.2334],[9.7672,12.2349],[9.7758,12.2369],[9.7771,12.2358],[9.7815,12.2361],[9.7779,12.2432],[9.7806,12.2458],[9.7828,12.2454],[9.7868,12.249],[9.7872,12.2508],[9.784,12.2528],[9.7817,12.2594],[9.7824,12.2622],[9.7889,12.265],[9.7951,12.2686],[9.7939,12.2705],[9.7954,12.2761],[9.7952,12.283],[9.796,12.2871],[9.7992,12.2884],[9.7998,12.2925],[9.804,12.298],[9.8067,12.3002],[9.8054,12.3032],[9.8055,12.3073],[9.8005,12.3113],[9.8003,12.3179]]]},"properties":{"name":"MIGA","state":"17","code":"17/22/05"}},{"type":"Feature","geometry":{"type":"Polygon","coordinates":[[[9.6714,12.3325],[9.6673,12.3306],[9.6607,12.3264],[9.6584,12.3298],[9.6491,12.3351],[9.6409,12.3387],[9.6344,12.3357],[9.6256,12.3303],[9.6229,12.3252],[9.6206,12.3243],[9.6177,12.3209],[9.608,12.317],[9.5999,12.3167],[9.5982,12.3166],[9.5919,12.3193],[9.5864,12.3098],[9.5773,12.3055],[9.5763,12.3036],[9.5704,12.2981],[9.5642,12.3045],[9.5603,12.3103],[9.5509,12.302],[9.5527,12.2963],[9.5558,12.2886],[9.5573,12.2876],[9.5529,12.2825],[9.5525,12.2765],[9.554,12.2729],[9.5549,12.2665],[9.5589,12.2656],[9.5613,12.2628],[9.5645,12.2666],[9.5718,12.2659],[9.583,12.26],[9.5859,12.2615],[9.5846,12.2668],[9.5869,12.2722],[9.5915,12.2729],[9.5969,12.2692],[9.5999,12.2698],[9.5999,12.2643],[9.6041,12.2607],[9.6031,12.2575],[9.6164,12.2501],[9.6206,12.2425],[9.6228,12.2371],[9.626,12.2379],[9.6276,12.2423],[9.6256,12.247],[9.6258,12.2515],[9.6282,12.2587],[9.6251,12.2674],[9.6261,12.2711],[9.624,12.278],[9.6232,12.2834],[9.6255,12.2836],[9.6285,12.2809],[9.6363,12.2823],[9.6388,12.2812],[9.6428,12.2773],[9.6449,12.2817],[9.6486,12.2834],[9.6463,12.2862],[9.6452,12.2897],[9.6508,12.2916],[9.652,12.2935],[9.6554,12.2921],[9.6604,12.2866],[9.6625,12.2817],[9.6626,12.2786],[9.6649,12.276],[9.6661,12.2723],[9.6654,12.2686],[9.6669,12.2667],[9.6717,12.2684],[9.6703,12.2727],[9.6749,12.2723],[9.6764,12.2786],[9.6761,12.2845],[9.679,12.2865],[9.6801,12.2895],[9.6782,12.2923],[9.6807,12.2998],[9.6811,12.304],[9.6788,12.3081],[9.681,12.311],[9.6812,12.3202],[9.6794,12.3249],[9.6775,12.3264],[9.6767,12.33],[9.6714,12.3325]]]},"properties":{"name":"SABON GARI TAKANEBU","state":"17","code":"17/22/06"}},{"type":"Feature","geometry":{"type":"Polygon","coordinates":[[[9.7505,12.1883],[9.7525,12.1877],[9.7575,12.192],[9.7624,12.1893],[9.7678,12.1875],[9.7695,12.1906],[9.7733,12.1928],[9.7849,12.1969],[9.7869,12.1985],[9.7869,12.202],[9.7844,12.2077],[9.7853,12.2128],[9.7895,12.2141],[9.7975,12.2211],[9.8002,12.2222],[9.8033,12.2212],[9.8045,12.2119],[9.8038,12.2106],[9.8072,12.2077],[9.8149,12.2103],[9.8165,12.2129],[9.8247,12.215],[9.8239,12.2207],[9.8201,12.2251],[9.8156,12.2269],[9.8125,12.2333],[9.8088,12.2344],[9.8052,12.2478],[9.7992,12.2474],[9.7965,12.2443],[9.7909,12.2504],[9.7898,12.2553],[9.791,12.2568],[9.7892,12.2608],[9.7889,12.265],[9.7824,12.2622],[9.7817,12.2594],[9.784,12.2528],[9.7872,12.2508],[9.7868,12.249],[9.7828,12.2454],[9.7806,12.2458],[9.7779,12.2432],[9.7815,12.2361],[9.7771,12.2358],[9.7758,12.2369],[9.7672,12.2349],[9.7664,12.2334],[9.7674,12.2279],[9.7626,12.2261],[9.7639,12.2235],[9.7628,12.2196],[9.7668,12.217],[9.7716,12.2158],[9.7754,12.2162],[9.7725,12.2071],[9.7682,12.2052],[9.765,12.2021],[9.7607,12.2014],[9.7572,12.1979],[9.754,12.1985],[9.7507,12.1947],[9.7505,12.1883]]]},"properties":{"name":"SANSANI","state":"17","code":"17/22/07"}},{"type":"Feature","geometry":{"type":"Polygon","coordinates":[[[9.6124,12.1439],[9.6218,12.1402],[9.6243,12.1404],[9.6269,12.1361],[9.6302,12.1275],[9.6344,12.1302],[9.6371,12.1309],[9.6409,12.1357],[9.6447,12.1392],[9.644,12.1422],[9.638,12.1461],[9.6385,12.1532],[9.6421,12.1566],[9.6436,12.1596],[9.6445,12.1666],[9.6428,12.1691],[9.6388,12.1693],[9.6341,12.1713],[9.6276,12.179],[9.6271,12.1814],[9.6237,12.1869],[9.6188,12.1885],[9.6163,12.1896],[9.6123,12.1872],[9.6094,12.1875],[9.6049,12.1897],[9.6003,12.1865],[9.5962,12.1817],[9.595,12.1779],[9.5855,12.1691],[9.5796,12.1661],[9.5775,12.1636],[9.58,12.1615],[9.5903,12.1579],[9.5913,12.1554],[9.597,12.1573],[9.5975,12.1596],[9.6058,12.1605],[9.6104,12.1588],[9.612,12.1534],[9.61,12.1466],[9.6124,12.1439]]]},"properties":{"name":"TSAKUWAWA","state":"17","code":"17/22/08"}},{"type":"Feature","geometry":{"type":"Polygon","coordinates":[[[9.6982,12.1498],[9.694,12.1535],[9.6896,12.1559],[9.6894,12.1621],[9.6901,12.168],[9.6926,12.1732],[9.6904,12.1775],[9.6872,12.1788],[9.6854,12.181],[9.6831,12.1809],[9.6689,12.19],[9.6664,12.1902],[9.6635,12.1867],[9.6631,12.1834],[9.6578,12.1769],[9.6518,12.178],[9.6502,12.1835],[9.6405,12.1871],[9.6382,12.1897],[9.6322,12.1898],[9.6285,12.1867],[9.6237,12.1869],[9.6271,12.1814],[9.6276,12.179],[9.6341,12.1713],[9.6388,12.1693],[9.6428,12.1691],[9.6445,12.1666],[9.6436,12.1596],[9.6421,12.1566],[9.6385,12.1532],[9.638,12.1461],[9.644,12.1422],[9.6447,12.1392],[9.6488,12.139],[9.6551,12.1347],[9.6587,12.1297],[9.6611,12.1296],[9.6646,12.1272],[9.6686,12.1298],[9.6691,12.1338],[9.6725,12.1399],[9.6747,12.1395],[9.6802,12.1409],[9.6838,12.1432],[9.6878,12.1395],[9.6921,12.1431],[9.6982,12.1498]]]},"properties":{"name":"YANDUNA","state":"17","code":"17/22/09"}},{"type":"Feature","geometry":{"type":"Polygon","coordinates":[[[9.8203,12.2011],[9.8178,12.2024],[9.8149,12.2103],[9.8072,12.2077],[9.8038,12.2106],[9.8045,12.2119],[9.8033,12.2212],[9.8002,12.2222],[9.7975,12.2211],[9.7895,12.2141],[9.7853,12.2128],[9.7844,12.2077],[9.7869,12.202],[9.7869,12.1985],[9.7849,12.1969],[9.7733,12.1928],[9.7695,12.1906],[9.7678,12.1875],[9.7682,12.1844],[9.7731,12.1799],[9.7749,12.1729],[9.7781,12.1662],[9.7751,12.161],[9.7751,12.1565],[9.7784,12.1474],[9.7826,12.1484],[9.7866,12.1464],[9.7907,12.1517],[9.7935,12.1573],[9.797,12.1573],[9.7994,12.1605],[9.805,12.1609],[9.8065,12.1624],[9.8063,12.1675],[9.808,12.1704],[9.8062,12.1719],[9.8035,12.1789],[9.8015,12.1812],[9.8041,12.1834],[9.808,12.1833],[9.8137,12.1864],[9.8154,12.1918],[9.8197,12.1952],[9.8203,12.2011]]]},"properties":{"name":"ZAREKU","state":"17","code":"17/22/10"}},{"type":"Feature","geometry":{"type":"Polygon","coordinates":[[[9.2987,12.044],[9.3013,12.0476],[9.3001,12.0512],[9.3023,12.0557],[9.3073,12.0561],[9.3097,12.0575],[9.3133,12.0558],[9.3165,12.0587],[9.3201,12.0643],[9.3184,12.074],[9.3162,12.0827],[9.3109,12.0883],[9.3104,12.0908],[9.3114,12.0951],[9.3181,12.0972],[9.3194,12.1004],[9.3184,12.1066],[9.3167,12.1126],[9.3249,12.1127],[9.328,12.1138],[9.3349,12.1104],[9.3408,12.1104],[9.3454,12.1197],[9.3501,12.1209],[9.3527,12.1236],[9.3519,12.1323],[9.3506,12.1362],[9.3515,12.1388],[9.3485,12.14],[9.3497,12.1451],[9.3473,12.1476],[9.3451,12.1458],[9.3431,12.1417],[9.3397,12.1431],[9.3402,12.1471],[9.3418,12.1506],[9.3385,12.156],[9.3342,12.1584],[9.3293,12.1576],[9.3268,12.1598],[9.3225,12.1664],[9.3208,12.1615],[9.3186,12.1632],[9.3136,12.1626],[9.3112,12.1613],[9.308,12.1558],[9.3049,12.1551],[9.3038,12.1578],[9.2994,12.1637],[9.2958,12.1641],[9.2932,12.1629],[9.289,12.1631],[9.2861,12.1593],[9.2866,12.1541],[9.2797,12.1513],[9.2766,12.1586],[9.2742,12.1575],[9.2709,12.1537],[9.267,12.1479],[9.2654,12.1509],[9.2633,12.1461],[9.2599,12.1461],[9.2559,12.1429],[9.2527,12.1469],[9.2489,12.1452],[9.2491,12.1411],[9.2522,12.1375],[9.2485,12.1357],[9.2412,12.1402],[9.2387,12.1424],[9.2361,12.1408],[9.2352,12.1377],[9.23,12.1353],[9.2274,12.1331],[9.2298,12.1309],[9.2341,12.1308],[9.2377,12.1259],[9.2442,12.1204],[9.2417,12.1133],[9.2394,12.1088],[9.2402,12.1064],[9.2487,12.1066],[9.2539,12.1083],[9.2572,12.1016],[9.2524,12.0985],[9.2509,12.0959],[9.2481,12.0947],[9.2495,12.0923],[9.2492,12.0863],[9.2529,12.0824],[9.2544,12.0784],[9.2487,12.0751],[9.2456,12.0683],[9.2387,12.0666],[9.2397,12.0635],[9.2384,12.0529],[9.2374,12.0505],[9.233,12.0505],[9.226,12.058],[9.2253,12.0621],[9.2201,12.0633],[9.2094,12.0635],[9.2067,12.0617],[9.2133,12.055],[9.2185,12.0405],[9.2203,12.0321],[9.224,12.0262],[9.228,12.0144],[9.223,11.9896],[9.2139,11.979],[9.2193,11.9793],[9.2191,11.9826],[9.2216,11.9835],[9.2279,11.9841],[9.2288,11.9859],[9.2329,11.9855],[9.2375,11.9811],[9.2434,11.9844],[9.2436,11.9864],[9.2486,11.9903],[9.2507,11.9931],[9.2497,11.9969],[9.253,11.9976],[9.2519,12.0031],[9.2585,12.004],[9.2643,12.0084],[9.2664,12.0134],[9.272,12.0198],[9.278,12.0221],[9.2791,12.0239],[9.2798,12.0311],[9.2826,12.0355],[9.2894,12.0391],[9.2917,12.0384],[9.2963,12.0412],[9.2987,12.044]]]},"properties":{"name":"CHAI-CHAI","state":"17","code":"17/23/01"}},{"type":"Feature","geometry":{"type":"Polygon","coordinates":[[[9.0956,12.1141],[9.0891,12.1117],[9.0851,12.1125],[9.0824,12.1169],[9.0787,12.1173],[9.0785,12.1125],[9.076,12.1113],[9.0703,12.1113],[9.0693,12.1137],[9.071,12.1257],[9.0673,12.1264],[9.0633,12.1233],[9.0596,12.1219],[9.0555,12.1158],[9.0505,12.1145],[9.0447,12.116],[9.0431,12.1094],[9.0304,12.1125],[9.0177,12.1168],[9.0138,12.1124],[9.0094,12.1152],[9.004,12.1162],[9.0002,12.1118],[8.9933,12.1135],[8.9909,12.1122],[8.9867,12.1136],[8.985,12.1159],[8.9823,12.1153],[8.9798,12.1167],[8.9754,12.1174],[8.9726,12.1142],[8.9669,12.1138],[8.9637,12.1149],[8.9607,12.1121],[8.9581,12.108],[8.9553,12.1087],[8.9545,12.1117],[8.9506,12.1151],[8.9486,12.1124],[8.945,12.111],[8.9379,12.1114],[8.9362,12.1132],[8.9278,12.1104],[8.9269,12.1009],[8.9232,12.0924],[8.915,12.0762],[8.9317,12.0739],[8.9293,12.0666],[8.927,12.0643],[8.9384,12.0634],[8.9417,12.0644],[8.942,12.0692],[8.9488,12.0755],[8.9574,12.0785],[8.9625,12.081],[8.9725,12.0844],[8.978,12.0838],[8.9851,12.0798],[8.9869,12.0707],[8.9885,12.0684],[8.996,12.0644],[9.0074,12.0627],[9.0098,12.0641],[9.0119,12.0686],[9.0438,12.0757],[9.0466,12.074],[9.0741,12.0735],[9.0765,12.0785],[9.0801,12.0817],[9.0824,12.0852],[9.0935,12.0869],[9.1004,12.0853],[9.1047,12.0829],[9.1071,12.0848],[9.1128,12.0827],[9.1237,12.0836],[9.1186,12.0899],[9.1155,12.0962],[9.1131,12.0981],[9.1109,12.1032],[9.1043,12.1036],[9.1034,12.1056],[9.0956,12.1141]]]},"properties":{"name":"DABI","state":"17","code":"17/23/02"}},{"type":"Feature","geometry":{"type":"Polygon","coordinates":[[[8.9584,12.3142],[8.9551,12.3172],[8.9576,12.3101],[8.9556,12.3084],[8.9576,12.2964],[8.9593,12.289],[8.9582,12.2876],[8.9603,12.2826],[8.9646,12.2764],[8.9611,12.2727],[8.964,12.2709],[8.9657,12.2678],[8.9642,12.2636],[8.9702,12.2584],[8.9767,12.2654],[8.9814,12.2635],[8.9813,12.2577],[8.9845,12.2544],[8.9841,12.253],[8.9918,12.2469],[8.991,12.2395],[8.9894,12.2367],[8.9896,12.2338],[8.9971,12.2276],[8.9993,12.2269],[9.0028,12.2206],[9.0084,12.2166],[9.0089,12.2086],[9.012,12.2079],[9.0189,12.2043],[9.0249,12.1998],[9.0281,12.2013],[9.0309,12.2048],[9.0357,12.2057],[9.0399,12.204],[9.0439,12.2048],[9.0485,12.2094],[9.0469,12.214],[9.0489,12.2199],[9.0486,12.2235],[9.0465,12.2289],[9.0465,12.2347],[9.0483,12.2376],[9.0472,12.2407],[9.0479,12.2438],[9.0453,12.2484],[9.0437,12.249],[9.036,12.2486],[9.0342,12.2493],[9.0272,12.2494],[9.0233,12.2555],[9.024,12.2579],[9.0276,12.2604],[9.0303,12.2653],[9.0299,12.2723],[9.0326,12.2772],[9.0313,12.2804],[9.0257,12.2832],[9.0233,12.2868],[9.0204,12.289],[9.0168,12.294],[9.0144,12.3034],[9.0181,12.3052],[9.0218,12.3024],[9.0294,12.3004],[9.0342,12.3058],[9.0367,12.3107],[9.0349,12.3126],[9.0338,12.3173],[9.0339,12.3229],[9.0237,12.3227],[9.0223,12.3216],[9.0061,12.3217],[9.0021,12.3211],[8.9974,12.3236],[8.9926,12.3217],[8.9898,12.3164],[8.9894,12.3136],[8.9685,12.312],[8.96,12.3125],[8.9584,12.3142]]]},"properties":{"name":"KAFIN BABUSHE","state":"17","code":"17/23/03"}},{"type":"Feature","geometry":{"type":"Polygon","coordinates":[[[8.9088,12.308],[8.91,12.3043],[8.9099,12.301],[8.9115,12.2849],[8.9162,12.2702],[8.9175,12.2663],[8.9205,12.2667],[8.9352,12.231],[8.9344,12.2145],[8.9396,12.208],[8.9462,12.2127],[8.9478,12.2124],[8.9565,12.214],[8.9623,12.2206],[8.9677,12.2257],[8.9694,12.2261],[8.9821,12.2206],[8.9833,12.2171],[8.9935,12.2119],[9.0028,12.2206],[8.9993,12.2269],[8.9971,12.2276],[8.9896,12.2338],[8.9894,12.2367],[8.991,12.2395],[8.9918,12.2469],[8.9841,12.253],[8.9845,12.2544],[8.9813,12.2577],[8.9814,12.2635],[8.9767,12.2654],[8.9702,12.2584],[8.9642,12.2636],[8.9657,12.2678],[8.964,12.2709],[8.9611,12.2727],[8.9646,12.2764],[8.9603,12.2826],[8.9582,12.2876],[8.9593,12.289],[8.9576,12.2964],[8.9556,12.3084],[8.9576,12.3101],[8.9551,12.3172],[8.9459,12.3175],[8.9397,12.3126],[8.9359,12.3135],[8.9292,12.3119],[8.9277,12.314],[8.9221,12.3168],[8.9206,12.314],[8.9174,12.3108],[8.9134,12.3115],[8.9088,12.308]]]},"properties":{"name":"KARSHI","state":"17","code":"17/23/04"}},{"type":"Feature","geometry":{"type":"Polygon","coordinates":[[[9.0596,12.1219],[9.0521,12.1268],[9.0461,12.1257],[9.0399,12.1238],[9.0399,12.1285],[9.0329,12.1328],[9.0296,12.1357],[9.0244,12.1344],[9.0196,12.1297],[9.0134,12.1303],[9.0099,12.1319],[9.0057,12.1313],[9.0026,12.1323],[8.9973,12.1281],[8.9897,12.128],[8.9854,12.1323],[8.9848,12.1357],[8.9919,12.1457],[8.9911,12.1501],[8.9856,12.1536],[8.9824,12.1527],[8.9769,12.1485],[8.9724,12.148],[8.9687,12.1498],[8.9679,12.1555],[8.9702,12.1604],[8.9689,12.165],[8.9763,12.1648],[8.9831,12.1678],[8.9839,12.1752],[8.986,12.1768],[8.9905,12.1773],[8.9942,12.182],[8.9974,12.1826],[9.0021,12.1783],[9.003,12.1796],[9.0042,12.1872],[9.008,12.1889],[9.0062,12.1918],[9.0058,12.1977],[9.0041,12.202],[9.0061,12.2033],[9.0089,12.2086],[9.0084,12.2166],[9.0028,12.2206],[8.9935,12.2119],[8.9833,12.2171],[8.9821,12.2206],[8.9694,12.2261],[8.9677,12.2257],[8.9623,12.2206],[8.9565,12.214],[8.9478,12.2124],[8.9462,12.2127],[8.9396,12.208],[8.9438,12.2018],[8.9448,12.1952],[8.9522,12.1853],[8.9506,12.1686],[8.9466,12.1628],[8.9432,12.1546],[8.942,12.1534],[8.9333,12.1549],[8.9327,12.1506],[8.9306,12.1483],[8.9358,12.142],[8.9395,12.1329],[8.9388,12.1289],[8.939,12.1228],[8.9382,12.1137],[8.9362,12.1132],[8.9379,12.1114],[8.945,12.111],[8.9486,12.1124],[8.9506,12.1151],[8.9545,12.1117],[8.9553,12.1087],[8.9581,12.108],[8.9607,12.1121],[8.9637,12.1149],[8.9669,12.1138],[8.9726,12.1142],[8.9754,12.1174],[8.9798,12.1167],[8.9823,12.1153],[8.985,12.1159],[8.9867,12.1136],[8.9909,12.1122],[8.9933,12.1135],[9.0002,12.1118],[9.004,12.1162],[9.0094,12.1152],[9.0138,12.1124],[9.0177,12.1168],[9.0304,12.1125],[9.0431,12.1094],[9.0447,12.116],[9.0505,12.1145],[9.0555,12.1158],[9.0596,12.1219]]]},"properties":{"name":"KYARAMA","state":"17","code":"17/23/05"}},{"type":"Feature","geometry":{"type":"Polygon","coordinates":[[[9.1109,12.1032],[9.1114,12.1053],[9.1171,12.1076],[9.1225,12.1115],[9.1256,12.1167],[9.1259,12.1197],[9.1291,12.12],[9.1352,12.1185],[9.1374,12.1246],[9.1404,12.1262],[9.1451,12.1266],[9.1454,12.1284],[9.1497,12.1273],[9.1532,12.128],[9.1569,12.1265],[9.1633,12.1225],[9.1663,12.1212],[9.1703,12.1309],[9.1684,12.1359],[9.1651,12.1382],[9.1671,12.1429],[9.1737,12.1492],[9.1788,12.1514],[9.179,12.157],[9.1814,12.1551],[9.1905,12.1587],[9.194,12.1575],[9.1944,12.1618],[9.1923,12.1637],[9.1894,12.1693],[9.1861,12.1715],[9.1889,12.1756],[9.194,12.1776],[9.1934,12.1807],[9.1892,12.1807],[9.1796,12.1828],[9.1852,12.1884],[9.1829,12.1912],[9.1824,12.1941],[9.1838,12.1976],[9.1804,12.1987],[9.1742,12.2022],[9.1702,12.2059],[9.1669,12.1991],[9.1632,12.199],[9.1582,12.1975],[9.1511,12.1994],[9.1494,12.2008],[9.1506,12.1898],[9.1501,12.1863],[9.1515,12.1836],[9.1518,12.1796],[9.1486,12.1736],[9.1446,12.1742],[9.1414,12.1769],[9.1373,12.1774],[9.1311,12.1691],[9.1264,12.1698],[9.1238,12.16],[9.1188,12.1582],[9.1179,12.1569],[9.1096,12.1616],[9.1025,12.1611],[9.1019,12.157],[9.0994,12.1518],[9.1014,12.1387],[9.0956,12.1322],[9.0973,12.1269],[9.1,12.1217],[9.0956,12.1141],[9.1034,12.1056],[9.1043,12.1036],[9.1109,12.1032]]]},"properties":{"name":"RINGIM","state":"17","code":"17/23/06"}},{"type":"Feature","geometry":{"type":"Polygon","coordinates":[[[9.056,12.3259],[9.0517,12.3148],[9.0483,12.3149],[9.0465,12.3189],[9.0417,12.3227],[9.0339,12.3229],[9.0338,12.3173],[9.0349,12.3126],[9.0367,12.3107],[9.0342,12.3058],[9.0294,12.3004],[9.0218,12.3024],[9.0181,12.3052],[9.0144,12.3034],[9.0168,12.294],[9.0204,12.289],[9.0233,12.2868],[9.0257,12.2832],[9.0313,12.2804],[9.0326,12.2772],[9.0299,12.2723],[9.0303,12.2653],[9.0276,12.2604],[9.024,12.2579],[9.0233,12.2555],[9.0272,12.2494],[9.0342,12.2493],[9.036,12.2486],[9.0437,12.249],[9.0453,12.2484],[9.0479,12.2438],[9.0472,12.2407],[9.0483,12.2376],[9.0465,12.2347],[9.0465,12.2289],[9.0486,12.2235],[9.0489,12.2199],[9.0469,12.214],[9.0485,12.2094],[9.0439,12.2048],[9.0434,12.2012],[9.045,12.1965],[9.0514,12.192],[9.052,12.1894],[9.0507,12.1825],[9.0512,12.1803],[9.0563,12.179],[9.0609,12.1793],[9.0655,12.1821],[9.07,12.1872],[9.0735,12.1868],[9.0794,12.1837],[9.0838,12.1836],[9.0869,12.1851],[9.0934,12.1856],[9.0975,12.1871],[9.098,12.19],[9.103,12.1927],[9.1095,12.195],[9.1131,12.1986],[9.1182,12.197],[9.1232,12.1973],[9.1258,12.1963],[9.1323,12.1985],[9.1406,12.2046],[9.1442,12.2065],[9.1477,12.2039],[9.1494,12.2008],[9.1511,12.1994],[9.1582,12.1975],[9.1632,12.199],[9.1669,12.1991],[9.1702,12.2059],[9.1717,12.2083],[9.1762,12.2087],[9.1872,12.2135],[9.1786,12.2176],[9.1739,12.2212],[9.1746,12.2255],[9.1728,12.2319],[9.1693,12.2341],[9.1652,12.2334],[9.1638,12.2317],[9.1604,12.2319],[9.1534,12.2366],[9.1446,12.2383],[9.1439,12.2419],[9.1448,12.2494],[9.143,12.2539],[9.1456,12.2554],[9.1505,12.2559],[9.1558,12.2601],[9.1583,12.2667],[9.1545,12.2685],[9.152,12.272],[9.1488,12.2747],[9.1456,12.2791],[9.1441,12.2829],[9.1397,12.2811],[9.1366,12.277],[9.132,12.276],[9.1265,12.2722],[9.1223,12.2724],[9.1164,12.2742],[9.115,12.2778],[9.1148,12.283],[9.1177,12.2891],[9.1197,12.2911],[9.1214,12.2996],[9.1199,12.3066],[9.1215,12.3082],[9.1256,12.3085],[9.1285,12.3111],[9.1311,12.3162],[9.1343,12.3183],[9.1395,12.3182],[9.1429,12.3193],[9.1476,12.3249],[9.1495,12.3254],[9.1512,12.3327],[9.151,12.3352],[9.1488,12.3341],[9.1446,12.3352],[9.1391,12.3328],[9.1364,12.3333],[9.1321,12.3318],[9.1261,12.3318],[9.1244,12.3301],[9.1188,12.3303],[9.1153,12.3291],[9.1124,12.3297],[9.1095,12.3245],[9.1083,12.3195],[9.1104,12.3079],[9.104,12.308],[9.1001,12.3101],[9.098,12.3131],[9.0967,12.3194],[9.0945,12.3201],[9.0923,12.3252],[9.0862,12.3252],[9.0831,12.3226],[9.078,12.3269],[9.0728,12.3259],[9.0677,12.3241],[9.0613,12.3257],[9.056,12.3259]]]},"properties":{"name":"SANKARA","state":"17","code":"17/23/07"}},{"type":"Feature","geometry":{"type":"Polygon","coordinates":[[[9.23,12.1353],[9.2292,12.1395],[9.227,12.142],[9.227,12.1471],[9.2287,12.1507],[9.2288,12.1544],[9.2266,12.1544],[9.2196,12.1509],[9.2173,12.1473],[9.2083,12.1383],[9.2024,12.1313],[9.197,12.1279],[9.1938,12.1233],[9.1855,12.1149],[9.1825,12.1102],[9.1784,12.1101],[9.1762,12.1062],[9.1683,12.0981],[9.1649,12.1016],[9.1645,12.1048],[9.1575,12.1052],[9.1471,12.1036],[9.1423,12.1018],[9.1385,12.0979],[9.1316,12.0872],[9.1276,12.0798],[9.1237,12.0836],[9.1128,12.0827],[9.1071,12.0848],[9.1047,12.0829],[9.1004,12.0853],[9.0935,12.0869],[9.0824,12.0852],[9.0801,12.0817],[9.0765,12.0785],[9.0741,12.0735],[9.0781,12.0517],[9.078,12.0462],[9.0815,12.0462],[9.0837,12.0386],[9.0825,12.0366],[9.0828,12.0328],[9.0855,12.0272],[9.0983,12.0229],[9.1118,12.0282],[9.1333,12.0353],[9.1443,12.0262],[9.1467,12.0226],[9.1492,12.02],[9.1519,12.0276],[9.1455,12.0394],[9.1478,12.0488],[9.1528,12.0548],[9.1565,12.0681],[9.1579,12.0688],[9.1723,12.0798],[9.1819,12.0854],[9.1878,12.0854],[9.1938,12.0846],[9.1987,12.0828],[9.2004,12.0683],[9.2067,12.0617],[9.2094,12.0635],[9.2201,12.0633],[9.2253,12.0621],[9.226,12.058],[9.233,12.0505],[9.2374,12.0505],[9.2384,12.0529],[9.2397,12.0635],[9.2387,12.0666],[9.2456,12.0683],[9.2487,12.0751],[9.2544,12.0784],[9.2529,12.0824],[9.2492,12.0863],[9.2495,12.0923],[9.2481,12.0947],[9.2509,12.0959],[9.2524,12.0985],[9.2572,12.1016],[9.2539,12.1083],[9.2487,12.1066],[9.2402,12.1064],[9.2394,12.1088],[9.2417,12.1133],[9.2442,12.1204],[9.2377,12.1259],[9.2341,12.1308],[9.2298,12.1309],[9.2274,12.1331],[9.23,12.1353]]]},"properties":{"name":"SINTILMAWA","state":"17","code":"17/23/08"}},{"type":"Feature","geometry":{"type":"Polygon","coordinates":[[[9.0956,12.1141],[9.1,12.1217],[9.0973,12.1269],[9.0956,12.1322],[9.1014,12.1387],[9.0994,12.1518],[9.1019,12.157],[9.1025,12.1611],[9.1096,12.1616],[9.1179,12.1569],[9.1188,12.1582],[9.1238,12.16],[9.1264,12.1698],[9.1311,12.1691],[9.1373,12.1774],[9.1414,12.1769],[9.1446,12.1742],[9.1486,12.1736],[9.1518,12.1796],[9.1515,12.1836],[9.1501,12.1863],[9.1506,12.1898],[9.1494,12.2008],[9.1477,12.2039],[9.1442,12.2065],[9.1406,12.2046],[9.1323,12.1985],[9.1258,12.1963],[9.1232,12.1973],[9.1182,12.197],[9.1131,12.1986],[9.1095,12.195],[9.103,12.1927],[9.098,12.19],[9.0975,12.1871],[9.0934,12.1856],[9.0869,12.1851],[9.0838,12.1836],[9.0794,12.1837],[9.0735,12.1868],[9.07,12.1872],[9.0655,12.1821],[9.0609,12.1793],[9.0563,12.179],[9.0512,12.1803],[9.0507,12.1825],[9.052,12.1894],[9.0514,12.192],[9.045,12.1965],[9.0434,12.2012],[9.0439,12.2048],[9.0399,12.204],[9.0357,12.2057],[9.0309,12.2048],[9.0281,12.2013],[9.0249,12.1998],[9.0189,12.2043],[9.012,12.2079],[9.0089,12.2086],[9.0061,12.2033],[9.0041,12.202],[9.0058,12.1977],[9.0062,12.1918],[9.008,12.1889],[9.0042,12.1872],[9.003,12.1796],[9.0021,12.1783],[8.9974,12.1826],[8.9942,12.182],[8.9905,12.1773],[8.986,12.1768],[8.9839,12.1752],[8.9831,12.1678],[8.9763,12.1648],[8.9689,12.165],[8.9702,12.1604],[8.9679,12.1555],[8.9687,12.1498],[8.9724,12.148],[8.9769,12.1485],[8.9824,12.1527],[8.9856,12.1536],[8.9911,12.1501],[8.9919,12.1457],[8.9848,12.1357],[8.9854,12.1323],[8.9897,12.128],[8.9973,12.1281],[9.0026,12.1323],[9.0057,12.1313],[9.0099,12.1319],[9.0134,12.1303],[9.0196,12.1297],[9.0244,12.1344],[9.0296,12.1357],[9.0329,12.1328],[9.0399,12.1285],[9.0399,12.1238],[9.0461,12.1257],[9.0521,12.1268],[9.0596,12.1219],[9.0633,12.1233],[9.0673,12.1264],[9.071,12.1257],[9.0693,12.1137],[9.0703,12.1113],[9.076,12.1113],[9.0785,12.1125],[9.0787,12.1173],[9.0824,12.1169],[9.0851,12.1125],[9.0891,12.1117],[9.0956,12.1141]]]},"properties":{"name":"TOFA","state":"17","code":"17/23/09"}},{"type":"Feature","geometry":{"type":"Polygon","coordinates":[[[9.3336,12.1703],[9.3211,12.1707],[9.3168,12.169],[9.3101,12.1702],[9.3066,12.1685],[9.2999,12.1707],[9.2962,12.1687],[9.2947,12.1703],[9.2878,12.1692],[9.2848,12.1701],[9.2792,12.1699],[9.2771,12.1691],[9.2739,12.1703],[9.2725,12.1762],[9.272,12.1816],[9.2735,12.1904],[9.2726,12.196],[9.2655,12.1945],[9.2614,12.201],[9.2563,12.2001],[9.2548,12.2027],[9.2503,12.2009],[9.2455,12.2036],[9.2431,12.2007],[9.2377,12.2016],[9.2349,12.2053],[9.2341,12.2108],[9.2302,12.2197],[9.2319,12.2261],[9.2288,12.2293],[9.2225,12.2327],[9.214,12.2334],[9.2084,12.2399],[9.2014,12.2394],[9.1956,12.241],[9.1897,12.237],[9.1848,12.2375],[9.1794,12.2344],[9.1784,12.2329],[9.1728,12.2319],[9.1746,12.2255],[9.1739,12.2212],[9.1786,12.2176],[9.1872,12.2135],[9.1762,12.2087],[9.1717,12.2083],[9.1702,12.2059],[9.1742,12.2022],[9.1804,12.1987],[9.1838,12.1976],[9.1824,12.1941],[9.1829,12.1912],[9.1852,12.1884],[9.1796,12.1828],[9.1892,12.1807],[9.1934,12.1807],[9.194,12.1776],[9.1889,12.1756],[9.1861,12.1715],[9.1894,12.1693],[9.1923,12.1637],[9.1944,12.1618],[9.194,12.1575],[9.1905,12.1587],[9.1814,12.1551],[9.179,12.157],[9.1788,12.1514],[9.1737,12.1492],[9.1671,12.1429],[9.1651,12.1382],[9.1684,12.1359],[9.1703,12.1309],[9.1663,12.1212],[9.1633,12.1225],[9.1569,12.1265],[9.1532,12.128],[9.1497,12.1273],[9.1454,12.1284],[9.1451,12.1266],[9.1404,12.1262],[9.1374,12.1246],[9.1352,12.1185],[9.1291,12.12],[9.1259,12.1197],[9.1256,12.1167],[9.1225,12.1115],[9.1171,12.1076],[9.1114,12.1053],[9.1109,12.1032],[9.1131,12.0981],[9.1155,12.0962],[9.1186,12.0899],[9.1237,12.0836],[9.1276,12.0798],[9.1316,12.0872],[9.1385,12.0979],[9.1423,12.1018],[9.1471,12.1036],[9.1575,12.1052],[9.1645,12.1048],[9.1649,12.1016],[9.1683,12.0981],[9.1762,12.1062],[9.1784,12.1101],[9.1825,12.1102],[9.1855,12.1149],[9.1938,12.1233],[9.197,12.1279],[9.2024,12.1313],[9.2083,12.1383],[9.2173,12.1473],[9.2196,12.1509],[9.2266,12.1544],[9.2288,12.1544],[9.2287,12.1507],[9.227,12.1471],[9.227,12.142],[9.2292,12.1395],[9.23,12.1353],[9.2352,12.1377],[9.2361,12.1408],[9.2387,12.1424],[9.2412,12.1402],[9.2485,12.1357],[9.2522,12.1375],[9.2491,12.1411],[9.2489,12.1452],[9.2527,12.1469],[9.2559,12.1429],[9.2599,12.1461],[9.2633,12.1461],[9.2654,12.1509],[9.267,12.1479],[9.2709,12.1537],[9.2742,12.1575],[9.2766,12.1586],[9.2797,12.1513],[9.2866,12.1541],[9.2861,12.1593],[9.289,12.1631],[9.2932,12.1629],[9.2958,12.1641],[9.2994,12.1637],[9.3038,12.1578],[9.3049,12.1551],[9.308,12.1558],[9.3112,12.1613],[9.3136,12.1626],[9.3186,12.1632],[9.3208,12.1615],[9.3225,12.1664],[9.3268,12.1598],[9.3293,12.1576],[9.3342,12.1584],[9.3315,12.1621],[9.3308,12.167],[9.3361,12.1666],[9.3336,12.1703]]]},"properties":{"name":"YANDUTSE","state":"17","code":"17/23/10"}},{"type":"Feature","geometry":{"type":"Polygon","coordinates":[[[8.3926,12.6057],[8.3885,12.6088],[8.3818,12.6092],[8.3753,12.6061],[8.3704,12.6108],[8.3645,12.608],[8.3616,12.6103],[8.3587,12.6109],[8.3529,12.6145],[8.3493,12.6145],[8.3456,12.6116],[8.344,12.6056],[8.3414,12.6051],[8.335,12.5993],[8.3358,12.5968],[8.3404,12.5929],[8.3407,12.5893],[8.3367,12.585],[8.3352,12.5798],[8.3364,12.5781],[8.3347,12.5753],[8.3351,12.5693],[8.3397,12.5563],[8.3441,12.5569],[8.3517,12.5562],[8.3512,12.5506],[8.3515,12.541],[8.351,12.5387],[8.353,12.5347],[8.357,12.5345],[8.361,12.5299],[8.3636,12.5285],[8.376,12.5264],[8.3766,12.5234],[8.3817,12.5206],[8.3864,12.5282],[8.388,12.5326],[8.391,12.5334],[8.3949,12.5366],[8.3939,12.5389],[8.3968,12.5439],[8.3969,12.5467],[8.3927,12.5452],[8.3907,12.5508],[8.3914,12.558],[8.3925,12.56],[8.3928,12.5645],[8.395,12.5694],[8.3945,12.5712],[8.3983,12.5771],[8.3991,12.5808],[8.3988,12.5881],[8.3933,12.5922],[8.3902,12.5957],[8.3926,12.6057]]]},"properties":{"name":"AMARYAWA","state":"17","code":"17/24/01"}},{"type":"Feature","geometry":{"type":"Polygon","coordinates":[[[8.2229,12.6517],[8.2175,12.6518],[8.2135,12.6503],[8.2108,12.6506],[8.2076,12.6491],[8.1963,12.6493],[8.1918,12.6465],[8.1827,12.6441],[8.1835,12.6352],[8.1853,12.6299],[8.191,12.6276],[8.1904,12.624],[8.2028,12.622],[8.2082,12.6196],[8.2199,12.6163],[8.2322,12.6116],[8.2376,12.614],[8.24,12.6094],[8.2415,12.6025],[8.2462,12.5944],[8.2563,12.5962],[8.2758,12.6035],[8.2693,12.6054],[8.2663,12.6082],[8.2632,12.6127],[8.2612,12.6138],[8.2611,12.6177],[8.2627,12.6237],[8.2695,12.6248],[8.272,12.6291],[8.2648,12.6324],[8.2655,12.6367],[8.2618,12.6391],[8.2583,12.6449],[8.2527,12.6478],[8.2495,12.6477],[8.2448,12.6508],[8.2401,12.6506],[8.2375,12.6492],[8.2346,12.6501],[8.2265,12.6499],[8.2229,12.6517]]]},"properties":{"name":"BARAGUMI","state":"17","code":"17/24/02"}},{"type":"Feature","geometry":{"type":"Polygon","coordinates":[[[8.3047,12.641],[8.3089,12.6394],[8.3077,12.6328],[8.3098,12.6305],[8.3084,12.625],[8.3094,12.6162],[8.3116,12.6151],[8.3122,12.6115],[8.3176,12.6066],[8.3238,12.6049],[8.3275,12.6083],[8.3281,12.6129],[8.3305,12.6199],[8.3336,12.6232],[8.339,12.6166],[8.3434,12.6141],[8.3456,12.6116],[8.3493,12.6145],[8.3515,12.6195],[8.3556,12.6265],[8.3609,12.6307],[8.3634,12.6352],[8.3676,12.6404],[8.3689,12.6451],[8.3665,12.6456],[8.3633,12.6442],[8.3574,12.6449],[8.3525,12.6429],[8.3502,12.6438],[8.349,12.6474],[8.3445,12.6502],[8.3416,12.6502],[8.3378,12.6528],[8.3266,12.6635],[8.3234,12.6625],[8.3199,12.6631],[8.3176,12.662],[8.316,12.6591],[8.3087,12.6519],[8.3047,12.641]]]},"properties":{"name":"DANSURE","state":"17","code":"17/24/03"}},{"type":"Feature","geometry":{"type":"Polygon","coordinates":[[[8.2824,12.6595],[8.2811,12.6573],[8.2756,12.6532],[8.27,12.6545],[8.2697,12.6488],[8.2662,12.6505],[8.2583,12.6449],[8.2618,12.6391],[8.2655,12.6367],[8.2648,12.6324],[8.272,12.6291],[8.2695,12.6248],[8.2627,12.6237],[8.2611,12.6177],[8.2612,12.6138],[8.2632,12.6127],[8.2663,12.6082],[8.2693,12.6054],[8.2758,12.6035],[8.2786,12.6045],[8.2886,12.5999],[8.2903,12.6006],[8.2957,12.5983],[8.2997,12.602],[8.2996,12.6081],[8.3041,12.6101],[8.3094,12.6162],[8.3084,12.625],[8.3098,12.6305],[8.3077,12.6328],[8.3089,12.6394],[8.3047,12.641],[8.2999,12.6411],[8.2996,12.645],[8.2973,12.65],[8.2936,12.6507],[8.2916,12.6523],[8.29,12.6562],[8.2871,12.6567],[8.2824,12.6595]]]},"properties":{"name":"FARA","state":"17","code":"17/24/04"}},{"type":"Feature","geometry":{"type":"Polygon","coordinates":[[[8.361,12.5299],[8.363,12.5261],[8.3633,12.5153],[8.3652,12.514],[8.3656,12.5086],[8.3615,12.506],[8.3558,12.5053],[8.3478,12.5028],[8.3459,12.4966],[8.3423,12.4919],[8.3547,12.4797],[8.3578,12.4434],[8.3582,12.4379],[8.3621,12.4346],[8.3656,12.4317],[8.3672,12.4357],[8.3716,12.435],[8.3769,12.4356],[8.3795,12.4424],[8.3836,12.4476],[8.3849,12.4503],[8.3846,12.4559],[8.3856,12.4631],[8.3874,12.4703],[8.394,12.4717],[8.3965,12.4733],[8.3957,12.4765],[8.3919,12.4781],[8.3917,12.4808],[8.3873,12.4901],[8.3821,12.492],[8.3837,12.4955],[8.3844,12.5004],[8.3892,12.5029],[8.3916,12.5029],[8.3928,12.5077],[8.3918,12.511],[8.3935,12.512],[8.3929,12.5152],[8.3833,12.5181],[8.3817,12.5206],[8.3766,12.5234],[8.376,12.5264],[8.3636,12.5285],[8.361,12.5299]]]},"properties":{"name":"GORA","state":"17","code":"17/24/05"}},{"type":"Feature","geometry":{"type":"Polygon","coordinates":[[[8.3456,12.6116],[8.3434,12.6141],[8.339,12.6166],[8.3336,12.6232],[8.3305,12.6199],[8.3281,12.6129],[8.3275,12.6083],[8.3238,12.6049],[8.3176,12.6066],[8.3122,12.6115],[8.3116,12.6151],[8.3094,12.6162],[8.3041,12.6101],[8.2996,12.6081],[8.2997,12.602],[8.2957,12.5983],[8.2903,12.6006],[8.2886,12.5999],[8.2901,12.5888],[8.2946,12.5767],[8.2961,12.5656],[8.301,12.5371],[8.3047,12.5381],[8.3085,12.5404],[8.3115,12.5407],[8.3173,12.5437],[8.3232,12.5444],[8.3258,12.5432],[8.3281,12.5444],[8.3291,12.5489],[8.3315,12.5511],[8.3346,12.5514],[8.3397,12.5563],[8.3351,12.5693],[8.3347,12.5753],[8.3364,12.5781],[8.3352,12.5798],[8.3367,12.585],[8.3407,12.5893],[8.3404,12.5929],[8.3358,12.5968],[8.335,12.5993],[8.3414,12.6051],[8.344,12.6056],[8.3456,12.6116]]]},"properties":{"name":"KWAITA","state":"17","code":"17/24/06"}},{"type":"Feature","geometry":{"type":"Polygon","coordinates":[[[8.2618,12.6742],[8.257,12.6698],[8.2592,12.6664],[8.2623,12.6647],[8.2627,12.6587],[8.2655,12.6541],[8.2662,12.6505],[8.2697,12.6488],[8.27,12.6545],[8.2756,12.6532],[8.2811,12.6573],[8.2824,12.6595],[8.2812,12.6654],[8.2831,12.6743],[8.2788,12.6773],[8.277,12.6754],[8.2699,12.6742],[8.2672,12.673],[8.2618,12.6742]]]},"properties":{"name":"RONI","state":"17","code":"17/24/07"}},{"type":"Feature","geometry":{"type":"Polygon","coordinates":[[[8.2332,12.6904],[8.2344,12.6844],[8.2332,12.6804],[8.228,12.6775],[8.2262,12.6738],[8.2232,12.6718],[8.2229,12.6517],[8.2265,12.6499],[8.2346,12.6501],[8.2375,12.6492],[8.2401,12.6506],[8.2448,12.6508],[8.2495,12.6477],[8.2527,12.6478],[8.2583,12.6449],[8.2662,12.6505],[8.2655,12.6541],[8.2627,12.6587],[8.2623,12.6647],[8.2592,12.6664],[8.257,12.6698],[8.2618,12.6742],[8.2614,12.6794],[8.258,12.6838],[8.2508,12.6858],[8.2432,12.6916],[8.2385,12.6915],[8.2332,12.6904]]]},"properties":{"name":"SANKAU","state":"17","code":"17/24/08"}},{"type":"Feature","geometry":{"type":"Polygon","coordinates":[[[8.2302,12.6926],[8.2262,12.6928],[8.2242,12.6898],[8.2201,12.6873],[8.2227,12.6831],[8.2148,12.6814],[8.2083,12.6787],[8.1976,12.6777],[8.194,12.6765],[8.1916,12.6801],[8.1869,12.6812],[8.1838,12.6799],[8.1803,12.6826],[8.1761,12.681],[8.1697,12.6853],[8.1662,12.6836],[8.1622,12.6832],[8.1602,12.676],[8.1604,12.6671],[8.1585,12.6632],[8.1532,12.6554],[8.1821,12.6518],[8.1827,12.6441],[8.1918,12.6465],[8.1963,12.6493],[8.2076,12.6491],[8.2108,12.6506],[8.2135,12.6503],[8.2175,12.6518],[8.2229,12.6517],[8.2232,12.6718],[8.2262,12.6738],[8.228,12.6775],[8.2332,12.6804],[8.2344,12.6844],[8.2332,12.6904],[8.2302,12.6926]]]},"properties":{"name":"TUNAS","state":"17","code":"17/24/09"}},{"type":"Feature","geometry":{"type":"Polygon","coordinates":[[[8.4148,12.5947],[8.4112,12.5949],[8.4053,12.5923],[8.4036,12.5935],[8.3988,12.5881],[8.3991,12.5808],[8.3983,12.5771],[8.3945,12.5712],[8.395,12.5694],[8.3928,12.5645],[8.3925,12.56],[8.3914,12.558],[8.3907,12.5508],[8.3927,12.5452],[8.3969,12.5467],[8.3968,12.5439],[8.3939,12.5389],[8.3949,12.5366],[8.391,12.5334],[8.388,12.5326],[8.3864,12.5282],[8.3817,12.5206],[8.3833,12.5181],[8.3929,12.5152],[8.3935,12.512],[8.3918,12.511],[8.3928,12.5077],[8.3916,12.5029],[8.3892,12.5029],[8.3844,12.5004],[8.3837,12.4955],[8.3821,12.492],[8.3873,12.4901],[8.3917,12.4808],[8.3919,12.4781],[8.3957,12.4765],[8.3965,12.4733],[8.4018,12.476],[8.4045,12.4818],[8.4075,12.4833],[8.4163,12.4941],[8.4217,12.4941],[8.4263,12.5021],[8.4259,12.5068],[8.4281,12.5116],[8.4328,12.5132],[8.433,12.5147],[8.4296,12.5171],[8.4289,12.5191],[8.4333,12.5217],[8.4348,12.5275],[8.4313,12.5304],[8.4332,12.5366],[8.4319,12.5394],[8.4332,12.5441],[8.4399,12.5454],[8.4421,12.5475],[8.4417,12.5497],[8.4437,12.5544],[8.4488,12.5577],[8.4513,12.562],[8.4488,12.5644],[8.4501,12.5684],[8.449,12.5699],[8.4584,12.5869],[8.4616,12.5883],[8.458,12.592],[8.4547,12.59],[8.4506,12.5914],[8.4439,12.5912],[8.444,12.5957],[8.4428,12.602],[8.4345,12.5994],[8.4318,12.6008],[8.4275,12.5997],[8.4209,12.5968],[8.417,12.5934],[8.4148,12.5947]]]},"properties":{"name":"YANZAKI","state":"17","code":"17/24/10"}},{"type":"Feature","geometry":{"type":"Polygon","coordinates":[[[8.3397,12.5563],[8.3346,12.5514],[8.3315,12.5511],[8.3291,12.5489],[8.3281,12.5444],[8.3258,12.5432],[8.3232,12.5444],[8.3173,12.5437],[8.3115,12.5407],[8.3085,12.5404],[8.3047,12.5381],[8.301,12.5371],[8.2971,12.5336],[8.2985,12.5306],[8.3,12.5272],[8.3029,12.5282],[8.3054,12.5229],[8.3111,12.5077],[8.3195,12.5049],[8.3354,12.4992],[8.3423,12.4919],[8.3459,12.4966],[8.3478,12.5028],[8.3558,12.5053],[8.3615,12.506],[8.3656,12.5086],[8.3652,12.514],[8.3633,12.5153],[8.363,12.5261],[8.361,12.5299],[8.357,12.5345],[8.353,12.5347],[8.351,12.5387],[8.3515,12.541],[8.3512,12.5506],[8.3517,12.5562],[8.3441,12.5569],[8.3397,12.5563]]]},"properties":{"name":"ZUGAI","state":"17","code":"17/24/11"}},{"type":"Feature","geometry":{"type":"Polygon","coordinates":[[[9.0049,12.5918],[9.0102,12.5849],[9.0144,12.5871],[9.0232,12.5816],[9.0234,12.5734],[9.0291,12.5733],[9.0355,12.5716],[9.0373,12.5697],[9.0443,12.5682],[9.0566,12.5682],[9.0644,12.5654],[9.0702,12.5522],[9.0698,12.5504],[9.0741,12.5386],[9.0787,12.5337],[9.0789,12.5305],[9.084,12.5259],[9.0884,12.5208],[9.0934,12.5219],[9.0978,12.5252],[9.105,12.5266],[9.1163,12.5241],[9.121,12.5293],[9.1208,12.532],[9.1308,12.5393],[9.1356,12.5458],[9.1379,12.5563],[9.1426,12.5561],[9.1473,12.5545],[9.159,12.5568],[9.1639,12.5613],[9.1648,12.5634],[9.164,12.5697],[9.1596,12.5747],[9.1602,12.5782],[9.1598,12.5871],[9.1603,12.5902],[9.1524,12.5838],[9.1477,12.5847],[9.1468,12.5862],[9.1414,12.5894],[9.142,12.5916],[9.1405,12.5995],[9.1316,12.603],[9.1318,12.608],[9.1299,12.6137],[9.1194,12.614],[9.115,12.6093],[9.1114,12.6082],[9.1054,12.6081],[9.1009,12.6108],[9.0998,12.6129],[9.0936,12.6135],[9.0886,12.6129],[9.0855,12.6135],[9.0838,12.6098],[9.0817,12.6083],[9.0765,12.6074],[9.0725,12.6016],[9.0679,12.5994],[9.0654,12.6025],[9.0641,12.6067],[9.052,12.609],[9.0483,12.6045],[9.0461,12.6065],[9.0405,12.6152],[9.0387,12.6152],[9.0321,12.6106],[9.0286,12.6136],[9.0273,12.6173],[9.0218,12.6176],[9.0174,12.6118],[9.0149,12.6051],[9.0127,12.6038],[9.0154,12.5985],[9.0127,12.5936],[9.0049,12.5918]]]},"properties":{"name":"ALBASU","state":"17","code":"17/25/01"}},{"type":"Feature","geometry":{"type":"Polygon","coordinates":[[[9.0273,12.6173],[9.0286,12.6136],[9.0321,12.6106],[9.0387,12.6152],[9.0405,12.6152],[9.0461,12.6065],[9.0483,12.6045],[9.052,12.609],[9.0641,12.6067],[9.0654,12.6025],[9.0679,12.5994],[9.0725,12.6016],[9.0765,12.6074],[9.0817,12.6083],[9.0838,12.6098],[9.0855,12.6135],[9.0886,12.6129],[9.0936,12.6135],[9.0998,12.6129],[9.1009,12.6108],[9.1054,12.6081],[9.1114,12.6082],[9.115,12.6093],[9.1194,12.614],[9.1299,12.6137],[9.1318,12.608],[9.1316,12.603],[9.1405,12.5995],[9.142,12.5916],[9.1414,12.5894],[9.1468,12.5862],[9.1477,12.5847],[9.1524,12.5838],[9.1603,12.5902],[9.1616,12.5923],[9.1684,12.593],[9.174,12.5924],[9.176,12.595],[9.1808,12.6055],[9.1849,12.606],[9.1858,12.6042],[9.19,12.6012],[9.1935,12.5974],[9.1948,12.6013],[9.199,12.6077],[9.2048,12.6078],[9.2081,12.6102],[9.2085,12.6136],[9.2071,12.6185],[9.2036,12.6216],[9.2013,12.6274],[9.2036,12.631],[9.2106,12.6389],[9.2115,12.6421],[9.2057,12.6495],[9.1976,12.6455],[9.1942,12.6496],[9.1906,12.652],[9.185,12.6578],[9.1852,12.665],[9.1801,12.6681],[9.1764,12.6676],[9.1699,12.6682],[9.1689,12.6669],[9.1617,12.6651],[9.1585,12.6705],[9.1587,12.6722],[9.1548,12.6745],[9.1481,12.6756],[9.145,12.677],[9.1432,12.6823],[9.1452,12.6863],[9.1436,12.6895],[9.138,12.6958],[9.1298,12.6949],[9.1274,12.6923],[9.1239,12.6911],[9.123,12.6892],[9.1222,12.6806],[9.1175,12.6808],[9.115,12.6835],[9.1056,12.6878],[9.106,12.6906],[9.0956,12.6886],[9.0922,12.6867],[9.0854,12.6871],[9.0813,12.6862],[9.0773,12.6869],[9.0738,12.6808],[9.069,12.6787],[9.058,12.6769],[9.0528,12.6792],[9.0476,12.6782],[9.0444,12.6762],[9.044,12.6711],[9.0418,12.6639],[9.0378,12.663],[9.037,12.6609],[9.032,12.6588],[9.0298,12.6555],[9.0296,12.6497],[9.0324,12.6412],[9.0274,12.6425],[9.0235,12.6397],[9.027,12.6374],[9.0269,12.6317],[9.0289,12.6311],[9.0347,12.6269],[9.0314,12.6219],[9.0308,12.6192],[9.0273,12.6173]]]},"properties":{"name":"AMANGA","state":"17","code":"17/25/02"}},{"type":"Feature","geometry":{"type":"Polygon","coordinates":[[[9.3647,12.6917],[9.3634,12.6947],[9.3659,12.7015],[9.3641,12.7053],[9.3623,12.7042],[9.3576,12.7048],[9.3527,12.7041],[9.3508,12.7099],[9.351,12.7128],[9.3476,12.7174],[9.3446,12.7169],[9.3377,12.7127],[9.3318,12.7145],[9.3308,12.7158],[9.3297,12.7246],[9.33,12.7321],[9.3256,12.7336],[9.3221,12.7369],[9.3117,12.7387],[9.3078,12.7426],[9.3081,12.7447],[9.3125,12.751],[9.3164,12.7517],[9.319,12.7609],[9.3202,12.7622],[9.3254,12.7614],[9.3293,12.7583],[9.3339,12.7608],[9.3384,12.7617],[9.3407,12.7642],[9.3404,12.7694],[9.3461,12.7737],[9.3493,12.7782],[9.3499,12.781],[9.345,12.7854],[9.3447,12.7908],[9.3402,12.7952],[9.3429,12.7999],[9.339,12.8025],[9.3345,12.8031],[9.3298,12.8081],[9.3285,12.8117],[9.2994,12.8189],[9.2702,12.8233],[9.2524,12.8245],[9.2356,12.8253],[9.1995,12.8265],[9.1843,12.8305],[9.1819,12.8343],[9.1679,12.8343],[9.152,12.8335],[9.1529,12.8323],[9.1609,12.8291],[9.1648,12.8285],[9.1674,12.8256],[9.1673,12.8233],[9.1649,12.8207],[9.1672,12.8172],[9.1697,12.8154],[9.169,12.8113],[9.1716,12.8086],[9.1755,12.8085],[9.1817,12.8069],[9.1828,12.8056],[9.183,12.7994],[9.1807,12.7957],[9.1746,12.7939],[9.173,12.7912],[9.1685,12.7867],[9.1653,12.7861],[9.1591,12.7825],[9.1604,12.776],[9.1656,12.7752],[9.1708,12.7764],[9.1763,12.7758],[9.1759,12.7713],[9.173,12.7646],[9.1786,12.7583],[9.1859,12.758],[9.1868,12.7558],[9.1924,12.7514],[9.2047,12.7584],[9.2098,12.7586],[9.2133,12.7575],[9.2194,12.7585],[9.2243,12.7514],[9.2297,12.7487],[9.2337,12.7436],[9.2309,12.7383],[9.229,12.732],[9.2322,12.73],[9.2379,12.7281],[9.2402,12.7281],[9.247,12.7225],[9.2501,12.7218],[9.2525,12.7161],[9.257,12.7112],[9.2605,12.7122],[9.2655,12.7122],[9.2696,12.7134],[9.2753,12.7119],[9.278,12.7134],[9.2789,12.7168],[9.2836,12.7228],[9.2871,12.7229],[9.2932,12.7178],[9.2913,12.7113],[9.2936,12.7079],[9.2893,12.7014],[9.2946,12.6993],[9.2989,12.6954],[9.3016,12.6915],[9.3032,12.6914],[9.3089,12.6966],[9.3155,12.6966],[9.3159,12.69],[9.3179,12.6855],[9.3227,12.6824],[9.3273,12.6779],[9.3271,12.6742],[9.3324,12.6746],[9.3335,12.6719],[9.3333,12.6664],[9.3352,12.6643],[9.3414,12.6639],[9.3433,12.6627],[9.3503,12.6632],[9.3519,12.6673],[9.3515,12.6723],[9.3529,12.6754],[9.35,12.6808],[9.3517,12.6818],[9.3536,12.6857],[9.3545,12.6928],[9.3575,12.6917],[9.3647,12.6917]]]},"properties":{"name":"DANGWANKI","state":"17","code":"17/25/03"}},{"type":"Feature","geometry":{"type":"Polygon","coordinates":[[[9.2432,12.4654],[9.2454,12.4689],[9.2515,12.4731],[9.2551,12.4745],[9.2566,12.4775],[9.2574,12.4834],[9.2592,12.4847],[9.2655,12.4847],[9.2655,12.4864],[9.2682,12.4896],[9.2708,12.4977],[9.2684,12.5023],[9.2642,12.5062],[9.2648,12.509],[9.2597,12.5156],[9.2617,12.5216],[9.2661,12.5253],[9.2592,12.5294],[9.265,12.5323],[9.2679,12.5361],[9.27,12.5407],[9.2706,12.5449],[9.2693,12.5471],[9.2642,12.5513],[9.263,12.5532],[9.2638,12.5565],[9.2625,12.56],[9.2642,12.5617],[9.2734,12.5628],[9.2794,12.5679],[9.2794,12.5725],[9.2818,12.5734],[9.2862,12.577],[9.2906,12.5757],[9.2957,12.5711],[9.3041,12.5721],[9.3111,12.5687],[9.3165,12.5679],[9.3227,12.5708],[9.325,12.5739],[9.3223,12.5788],[9.3188,12.5816],[9.3181,12.5895],[9.3211,12.592],[9.3215,12.594],[9.3319,12.5967],[9.3291,12.6004],[9.3278,12.6083],[9.3256,12.6114],[9.3236,12.6117],[9.322,12.6145],[9.3192,12.6133],[9.3179,12.616],[9.3122,12.6176],[9.3137,12.6217],[9.3005,12.626],[9.292,12.6316],[9.2894,12.6316],[9.2877,12.6287],[9.2859,12.6228],[9.2868,12.6199],[9.2833,12.6165],[9.2788,12.6134],[9.2748,12.6131],[9.271,12.6093],[9.2649,12.6109],[9.2644,12.6122],[9.2592,12.612],[9.2573,12.6129],[9.2512,12.6119],[9.2471,12.6122],[9.241,12.611],[9.2389,12.608],[9.2351,12.6067],[9.2342,12.5988],[9.2436,12.5952],[9.25,12.5952],[9.2447,12.5874],[9.2404,12.5833],[9.2355,12.5822],[9.2301,12.579],[9.2319,12.5717],[9.2353,12.5656],[9.2348,12.5611],[9.2331,12.5611],[9.2211,12.5567],[9.2185,12.5547],[9.2122,12.5456],[9.2096,12.5372],[9.2053,12.5348],[9.1962,12.5385],[9.1898,12.534],[9.1861,12.5335],[9.1778,12.5355],[9.1732,12.5288],[9.1715,12.5276],[9.1745,12.5249],[9.1846,12.5224],[9.1899,12.5175],[9.1901,12.5154],[9.1847,12.5022],[9.184,12.4963],[9.1889,12.4941],[9.1984,12.4997],[9.2003,12.4998],[9.2047,12.4892],[9.2148,12.4871],[9.2219,12.487],[9.2222,12.4836],[9.221,12.481],[9.2223,12.4765],[9.2214,12.4731],[9.2234,12.4664],[9.226,12.4611],[9.2356,12.4649],[9.2432,12.4654]]]},"properties":{"name":"DANLADI","state":"17","code":"17/25/04"}},{"type":"Feature","geometry":{"type":"Polygon","coordinates":[[[9.3427,12.4245],[9.3465,12.4225],[9.3517,12.4225],[9.356,12.4202],[9.359,12.4176],[9.3635,12.4179],[9.3669,12.421],[9.3725,12.4214],[9.3782,12.4156],[9.3826,12.4146],[9.3905,12.4078],[9.3932,12.4043],[9.3973,12.4029],[9.4029,12.3997],[9.4054,12.4023],[9.4087,12.4033],[9.4171,12.4116],[9.4175,12.4167],[9.4206,12.4268],[9.4214,12.4313],[9.4178,12.4309],[9.4142,12.4324],[9.4106,12.4318],[9.4059,12.4334],[9.4004,12.4336],[9.401,12.438],[9.3974,12.4429],[9.3938,12.4454],[9.3913,12.4535],[9.3906,12.4552],[9.3902,12.464],[9.393,12.4669],[9.3936,12.4715],[9.3929,12.4765],[9.3958,12.4811],[9.3993,12.4828],[9.4026,12.4862],[9.4015,12.4936],[9.3989,12.5008],[9.3928,12.5033],[9.3921,12.5091],[9.3895,12.5124],[9.3874,12.5169],[9.3966,12.5191],[9.3992,12.5222],[9.4021,12.5233],[9.398,12.5284],[9.3933,12.5328],[9.3905,12.5344],[9.3901,12.5376],[9.3941,12.5405],[9.3969,12.5438],[9.398,12.5473],[9.3971,12.5509],[9.3937,12.5537],[9.3896,12.5547],[9.3838,12.5515],[9.3815,12.5495],[9.3779,12.5497],[9.3741,12.5478],[9.3696,12.5472],[9.3684,12.5433],[9.3623,12.5355],[9.3552,12.5367],[9.3535,12.5383],[9.3495,12.5379],[9.347,12.5391],[9.3405,12.5398],[9.3355,12.536],[9.3389,12.5323],[9.3398,12.5296],[9.3394,12.5215],[9.3409,12.5191],[9.3405,12.5153],[9.3322,12.5072],[9.3264,12.5067],[9.325,12.505],[9.3271,12.5018],[9.3302,12.4942],[9.3326,12.4923],[9.331,12.4812],[9.331,12.4763],[9.3233,12.4707],[9.3188,12.4705],[9.312,12.4692],[9.3079,12.4663],[9.3123,12.4595],[9.3138,12.4555],[9.3142,12.4508],[9.3161,12.4472],[9.3137,12.4451],[9.3139,12.4401],[9.3129,12.4361],[9.3092,12.431],[9.3132,12.4244],[9.3162,12.422],[9.3239,12.4251],[9.3274,12.4272],[9.3287,12.4304],[9.3327,12.4326],[9.3342,12.4304],[9.3396,12.4274],[9.3427,12.4245]]]},"properties":{"name":"DANZOMO","state":"17","code":"17/25/05"}},{"type":"Feature","geometry":{"type":"Polygon","coordinates":[[[9.083,12.7425],[9.0922,12.7404],[9.0938,12.7419],[9.0969,12.7389],[9.1076,12.7359],[9.1086,12.7424],[9.1076,12.7463],[9.1083,12.7484],[9.1118,12.7501],[9.1153,12.7533],[9.1213,12.7519],[9.126,12.7472],[9.1325,12.7483],[9.1389,12.7434],[9.1475,12.7503],[9.1487,12.7555],[9.153,12.7563],[9.1587,12.7559],[9.1611,12.7581],[9.1645,12.7677],[9.1604,12.776],[9.1591,12.7825],[9.1653,12.7861],[9.1685,12.7867],[9.173,12.7912],[9.1746,12.7939],[9.1807,12.7957],[9.183,12.7994],[9.1828,12.8056],[9.1817,12.8069],[9.1755,12.8085],[9.1716,12.8086],[9.169,12.8113],[9.1697,12.8154],[9.1672,12.8172],[9.1649,12.8207],[9.1673,12.8233],[9.1674,12.8256],[9.1648,12.8285],[9.1609,12.8291],[9.1529,12.8323],[9.152,12.8335],[9.1291,12.8331],[9.1166,12.8333],[9.1107,12.8339],[9.0889,12.8351],[9.0791,12.8341],[9.0631,12.8347],[9.0516,12.8339],[9.0433,12.835],[9.0473,12.8162],[9.0443,12.8156],[9.0476,12.8128],[9.0518,12.8129],[9.056,12.8062],[9.0581,12.8008],[9.0643,12.8011],[9.0706,12.7989],[9.0757,12.798],[9.0697,12.7922],[9.069,12.7881],[9.0737,12.786],[9.0771,12.7856],[9.0825,12.7825],[9.0823,12.7795],[9.0853,12.7793],[9.0909,12.7774],[9.0906,12.7744],[9.0835,12.7693],[9.0822,12.7631],[9.0867,12.761],[9.0913,12.7607],[9.0899,12.7535],[9.0916,12.7509],[9.0901,12.7477],[9.0859,12.7468],[9.083,12.7425]]]},"properties":{"name":"JEKE","state":"17","code":"17/25/06"}},{"type":"Feature","geometry":{"type":"Polygon","coordinates":[[[9.1715,12.5276],[9.1732,12.5288],[9.1778,12.5355],[9.1861,12.5335],[9.1898,12.534],[9.1962,12.5385],[9.2053,12.5348],[9.2096,12.5372],[9.2122,12.5456],[9.2185,12.5547],[9.2211,12.5567],[9.2331,12.5611],[9.2348,12.5611],[9.2353,12.5656],[9.2319,12.5717],[9.2301,12.579],[9.2355,12.5822],[9.2404,12.5833],[9.2447,12.5874],[9.25,12.5952],[9.2436,12.5952],[9.2342,12.5988],[9.2351,12.6067],[9.2281,12.6105],[9.235,12.6147],[9.2352,12.6209],[9.2398,12.6194],[9.2424,12.6204],[9.2436,12.6252],[9.2484,12.6323],[9.246,12.6341],[9.2402,12.6365],[9.2406,12.6387],[9.2389,12.6426],[9.2358,12.6433],[9.2361,12.6478],[9.2351,12.6516],[9.2321,12.6539],[9.2266,12.6521],[9.2177,12.6433],[9.2133,12.6433],[9.2115,12.6421],[9.2106,12.6389],[9.2036,12.631],[9.2013,12.6274],[9.2036,12.6216],[9.2071,12.6185],[9.2085,12.6136],[9.2081,12.6102],[9.2048,12.6078],[9.199,12.6077],[9.1948,12.6013],[9.1935,12.5974],[9.19,12.6012],[9.1858,12.6042],[9.1849,12.606],[9.1808,12.6055],[9.176,12.595],[9.174,12.5924],[9.1684,12.593],[9.1616,12.5923],[9.1603,12.5902],[9.1598,12.5871],[9.1602,12.5782],[9.1596,12.5747],[9.164,12.5697],[9.1648,12.5634],[9.1639,12.5613],[9.159,12.5568],[9.1473,12.5545],[9.1426,12.5561],[9.1379,12.5563],[9.1356,12.5458],[9.1383,12.5419],[9.1399,12.5415],[9.1454,12.5351],[9.15,12.5325],[9.152,12.5288],[9.1562,12.5274],[9.1604,12.525],[9.1663,12.5247],[9.1715,12.5276]]]},"properties":{"name":"SHABARU","state":"17","code":"17/25/07"}},{"type":"Feature","geometry":{"type":"Polygon","coordinates":[[[9.3352,12.6643],[9.3333,12.6664],[9.3335,12.6719],[9.3324,12.6746],[9.3271,12.6742],[9.3273,12.6779],[9.3227,12.6824],[9.3179,12.6855],[9.3159,12.69],[9.3155,12.6966],[9.3089,12.6966],[9.3032,12.6914],[9.3016,12.6915],[9.2989,12.6954],[9.2946,12.6993],[9.2893,12.7014],[9.2936,12.7079],[9.2913,12.7113],[9.2932,12.7178],[9.2871,12.7229],[9.2836,12.7228],[9.2789,12.7168],[9.278,12.7134],[9.2753,12.7119],[9.2696,12.7134],[9.2655,12.7122],[9.2605,12.7122],[9.257,12.7112],[9.2525,12.7161],[9.2501,12.7218],[9.247,12.7225],[9.2402,12.7281],[9.2379,12.7281],[9.2322,12.73],[9.229,12.732],[9.2248,12.7307],[9.2206,12.7254],[9.2167,12.7183],[9.211,12.7197],[9.2073,12.7181],[9.2086,12.7136],[9.2069,12.7128],[9.2053,12.708],[9.206,12.7058],[9.2027,12.7048],[9.2009,12.7065],[9.1973,12.7129],[9.1903,12.7154],[9.1837,12.7108],[9.1773,12.7122],[9.1736,12.7106],[9.1721,12.7081],[9.1623,12.7059],[9.1597,12.7023],[9.1594,12.697],[9.1562,12.6907],[9.149,12.6884],[9.1452,12.6863],[9.1432,12.6823],[9.145,12.677],[9.1481,12.6756],[9.1548,12.6745],[9.1587,12.6722],[9.1585,12.6705],[9.1617,12.6651],[9.1689,12.6669],[9.1699,12.6682],[9.1764,12.6676],[9.1801,12.6681],[9.1852,12.665],[9.185,12.6578],[9.1906,12.652],[9.1942,12.6496],[9.1976,12.6455],[9.2057,12.6495],[9.2115,12.6421],[9.2133,12.6433],[9.2177,12.6433],[9.2266,12.6521],[9.2321,12.6539],[9.2351,12.6516],[9.2361,12.6478],[9.2358,12.6433],[9.2389,12.6426],[9.2406,12.6387],[9.2402,12.6365],[9.246,12.6341],[9.2484,12.6323],[9.2436,12.6252],[9.2424,12.6204],[9.2398,12.6194],[9.2352,12.6209],[9.235,12.6147],[9.2281,12.6105],[9.2351,12.6067],[9.2389,12.608],[9.241,12.611],[9.2471,12.6122],[9.2512,12.6119],[9.2573,12.6129],[9.2592,12.612],[9.2644,12.6122],[9.2649,12.6109],[9.271,12.6093],[9.2748,12.6131],[9.2788,12.6134],[9.2833,12.6165],[9.2868,12.6199],[9.2859,12.6228],[9.2877,12.6287],[9.2894,12.6316],[9.292,12.6316],[9.3005,12.626],[9.3137,12.6217],[9.3171,12.625],[9.3217,12.6315],[9.3195,12.6325],[9.316,12.638],[9.3053,12.6435],[9.3069,12.6469],[9.3073,12.6511],[9.3111,12.6511],[9.3195,12.655],[9.329,12.6572],[9.3333,12.6605],[9.3352,12.6643]]]},"properties":{"name":"SULE-TANKARKAR","state":"17","code":"17/25/08"}},{"type":"Feature","geometry":{"type":"Polygon","coordinates":[[[9.3092,12.431],[9.3129,12.4361],[9.3139,12.4401],[9.3137,12.4451],[9.3161,12.4472],[9.3142,12.4508],[9.3138,12.4555],[9.3123,12.4595],[9.3079,12.4663],[9.312,12.4692],[9.3188,12.4705],[9.3233,12.4707],[9.331,12.4763],[9.331,12.4812],[9.3326,12.4923],[9.3302,12.4942],[9.3271,12.5018],[9.325,12.505],[9.3264,12.5067],[9.3322,12.5072],[9.3405,12.5153],[9.3409,12.5191],[9.3394,12.5215],[9.3398,12.5296],[9.3389,12.5323],[9.3355,12.536],[9.3405,12.5398],[9.3413,12.5475],[9.3408,12.552],[9.3529,12.5552],[9.3589,12.559],[9.3599,12.5617],[9.3531,12.5634],[9.3508,12.5661],[9.3486,12.572],[9.343,12.571],[9.3377,12.5693],[9.333,12.5727],[9.3301,12.5723],[9.325,12.5739],[9.3227,12.5708],[9.3165,12.5679],[9.3111,12.5687],[9.3041,12.5721],[9.2957,12.5711],[9.2906,12.5757],[9.2862,12.577],[9.2818,12.5734],[9.2794,12.5725],[9.2794,12.5679],[9.2734,12.5628],[9.2642,12.5617],[9.2625,12.56],[9.2638,12.5565],[9.263,12.5532],[9.2642,12.5513],[9.2693,12.5471],[9.2706,12.5449],[9.27,12.5407],[9.2679,12.5361],[9.265,12.5323],[9.2592,12.5294],[9.2661,12.5253],[9.2617,12.5216],[9.2597,12.5156],[9.2648,12.509],[9.2642,12.5062],[9.2684,12.5023],[9.2708,12.4977],[9.2682,12.4896],[9.2655,12.4864],[9.2655,12.4847],[9.2592,12.4847],[9.2574,12.4834],[9.2566,12.4775],[9.2551,12.4745],[9.2515,12.4731],[9.2454,12.4689],[9.2432,12.4654],[9.2469,12.4589],[9.248,12.4542],[9.252,12.45],[9.2526,12.4462],[9.2509,12.4424],[9.2521,12.4369],[9.2566,12.4334],[9.2617,12.4307],[9.264,12.4284],[9.2706,12.4259],[9.2752,12.4205],[9.2782,12.4194],[9.2809,12.4158],[9.2852,12.4175],[9.2868,12.4219],[9.2913,12.4273],[9.2926,12.4304],[9.3005,12.4295],[9.3043,12.4308],[9.3092,12.431]]]},"properties":{"name":"TAKATSABA","state":"17","code":"17/25/09"}},{"type":"Feature","geometry":{"type":"Polygon","coordinates":[[[9.0544,12.7188],[9.0506,12.7135],[9.0499,12.7091],[9.0473,12.7056],[9.0414,12.7028],[9.0382,12.7022],[9.0379,12.6971],[9.0338,12.696],[9.0297,12.6962],[9.0249,12.6952],[9.0234,12.6923],[9.0199,12.6897],[9.0184,12.6851],[9.019,12.679],[9.0203,12.6765],[9.0251,12.6757],[9.0272,12.6767],[9.0315,12.6739],[9.0315,12.6719],[9.0376,12.665],[9.0378,12.663],[9.0418,12.6639],[9.044,12.6711],[9.0444,12.6762],[9.0476,12.6782],[9.0528,12.6792],[9.058,12.6769],[9.069,12.6787],[9.0738,12.6808],[9.0773,12.6869],[9.0813,12.6862],[9.0854,12.6871],[9.0922,12.6867],[9.0956,12.6886],[9.106,12.6906],[9.1056,12.6878],[9.115,12.6835],[9.1175,12.6808],[9.1222,12.6806],[9.123,12.6892],[9.1239,12.6911],[9.1274,12.6923],[9.1298,12.6949],[9.138,12.6958],[9.1436,12.6895],[9.1452,12.6863],[9.149,12.6884],[9.1562,12.6907],[9.1594,12.697],[9.1597,12.7023],[9.1623,12.7059],[9.1721,12.7081],[9.1736,12.7106],[9.1773,12.7122],[9.1837,12.7108],[9.1903,12.7154],[9.1973,12.7129],[9.2009,12.7065],[9.2027,12.7048],[9.206,12.7058],[9.2053,12.708],[9.2069,12.7128],[9.2086,12.7136],[9.2073,12.7181],[9.211,12.7197],[9.2167,12.7183],[9.2206,12.7254],[9.2248,12.7307],[9.229,12.732],[9.2309,12.7383],[9.2337,12.7436],[9.2297,12.7487],[9.2243,12.7514],[9.2194,12.7585],[9.2133,12.7575],[9.2098,12.7586],[9.2047,12.7584],[9.1924,12.7514],[9.1868,12.7558],[9.1859,12.758],[9.1786,12.7583],[9.173,12.7646],[9.1759,12.7713],[9.1763,12.7758],[9.1708,12.7764],[9.1656,12.7752],[9.1604,12.776],[9.1645,12.7677],[9.1611,12.7581],[9.1587,12.7559],[9.153,12.7563],[9.1487,12.7555],[9.1475,12.7503],[9.1389,12.7434],[9.1325,12.7483],[9.126,12.7472],[9.1213,12.7519],[9.1153,12.7533],[9.1118,12.7501],[9.1083,12.7484],[9.1076,12.7463],[9.1086,12.7424],[9.1076,12.7359],[9.0969,12.7389],[9.0938,12.7419],[9.0922,12.7404],[9.083,12.7425],[9.0822,12.7362],[9.0804,12.7356],[9.071,12.7373],[9.067,12.7372],[9.0649,12.7328],[9.0619,12.7316],[9.0548,12.7214],[9.0544,12.7188]]]},"properties":{"name":"YANDAMO","state":"17","code":"17/25/10"}},{"type":"Feature","geometry":{"type":"Polygon","coordinates":[[[9.5848,12.3529],[9.5787,12.3536],[9.5712,12.352],[9.5666,12.3484],[9.5603,12.3461],[9.5563,12.3482],[9.5325,12.3392],[9.534,12.3317],[9.5329,12.327],[9.5311,12.3238],[9.5351,12.3084],[9.5369,12.3066],[9.5372,12.3025],[9.5333,12.2986],[9.5292,12.293],[9.5238,12.2955],[9.5191,12.2958],[9.5115,12.2874],[9.5096,12.2864],[9.5124,12.2806],[9.513,12.2761],[9.5109,12.2749],[9.5069,12.2748],[9.5,12.2717],[9.4959,12.2608],[9.495,12.2598],[9.4981,12.2553],[9.505,12.2492],[9.5059,12.2418],[9.5026,12.2323],[9.5041,12.2246],[9.5066,12.2205],[9.5099,12.2183],[9.5129,12.2184],[9.5178,12.2208],[9.521,12.2197],[9.5245,12.2223],[9.5234,12.2247],[9.525,12.2266],[9.5289,12.2254],[9.5324,12.2198],[9.5371,12.2203],[9.5377,12.2168],[9.5346,12.2152],[9.5337,12.2103],[9.5394,12.2128],[9.5423,12.2117],[9.5464,12.2121],[9.5479,12.2142],[9.5442,12.2189],[9.5471,12.2241],[9.5513,12.2281],[9.55,12.2295],[9.5509,12.2333],[9.5492,12.2358],[9.5505,12.2379],[9.5542,12.2375],[9.5567,12.2354],[9.561,12.2378],[9.5649,12.244],[9.5652,12.2483],[9.5628,12.2511],[9.5598,12.2516],[9.5604,12.2555],[9.5594,12.2585],[9.5613,12.2628],[9.5589,12.2656],[9.5549,12.2665],[9.554,12.2729],[9.5525,12.2765],[9.5529,12.2825],[9.5573,12.2876],[9.5558,12.2886],[9.5527,12.2963],[9.5509,12.302],[9.5603,12.3103],[9.5642,12.3045],[9.5704,12.2981],[9.5763,12.3036],[9.5773,12.3055],[9.5864,12.3098],[9.5919,12.3193],[9.5982,12.3166],[9.5999,12.3167],[9.6043,12.3204],[9.6071,12.3273],[9.607,12.331],[9.6091,12.3376],[9.6042,12.3388],[9.5979,12.3422],[9.5897,12.3398],[9.5885,12.3417],[9.5879,12.3474],[9.5848,12.3529]]]},"properties":{"name":"AJAURA","state":"17","code":"17/26/01"}},{"type":"Feature","geometry":{"type":"Polygon","coordinates":[[[9.3787,12.3423],[9.3749,12.3408],[9.37,12.3409],[9.3633,12.3397],[9.3637,12.3322],[9.3614,12.3299],[9.3535,12.3289],[9.3525,12.3255],[9.3499,12.3219],[9.3516,12.3163],[9.3512,12.3106],[9.3523,12.3096],[9.3486,12.3014],[9.3438,12.301],[9.3365,12.293],[9.3319,12.2858],[9.3321,12.2843],[9.3328,12.2822],[9.3305,12.2786],[9.33,12.275],[9.3271,12.2694],[9.3241,12.2655],[9.3205,12.2666],[9.3164,12.2693],[9.3133,12.2676],[9.3084,12.2667],[9.3047,12.2675],[9.2971,12.2661],[9.2932,12.2682],[9.2867,12.2632],[9.2837,12.2603],[9.2803,12.2597],[9.2792,12.2568],[9.2779,12.2442],[9.2831,12.2414],[9.285,12.2392],[9.2912,12.2371],[9.2939,12.2386],[9.2984,12.2389],[9.3028,12.2413],[9.307,12.245],[9.3109,12.2399],[9.3133,12.2391],[9.3196,12.2343],[9.3238,12.2358],[9.332,12.2402],[9.3339,12.2452],[9.3431,12.2488],[9.345,12.253],[9.3486,12.2547],[9.3501,12.2581],[9.3477,12.2636],[9.3544,12.2716],[9.3604,12.2723],[9.3618,12.2735],[9.3659,12.2778],[9.3715,12.2766],[9.3752,12.2776],[9.3823,12.278],[9.3863,12.2769],[9.3903,12.2778],[9.3927,12.2818],[9.3966,12.2823],[9.4007,12.2894],[9.397,12.2964],[9.3993,12.2986],[9.3983,12.3054],[9.4,12.3109],[9.4029,12.3106],[9.408,12.3129],[9.4116,12.3166],[9.4192,12.3199],[9.4148,12.3225],[9.4115,12.326],[9.4103,12.3319],[9.407,12.337],[9.4027,12.3401],[9.3999,12.3391],[9.3974,12.3358],[9.3874,12.3357],[9.3827,12.3364],[9.3799,12.3384],[9.3787,12.3423]]]},"properties":{"name":"CHAKWAIKWAIWA","state":"17","code":"17/26/02"}},{"type":"Feature","geometry":{"type":"Polygon","coordinates":[[[9.151,12.3352],[9.1512,12.3327],[9.1495,12.3254],[9.1476,12.3249],[9.1429,12.3193],[9.1395,12.3182],[9.1343,12.3183],[9.1311,12.3162],[9.1285,12.3111],[9.1256,12.3085],[9.1215,12.3082],[9.1199,12.3066],[9.1214,12.2996],[9.1197,12.2911],[9.1177,12.2891],[9.1148,12.283],[9.115,12.2778],[9.1164,12.2742],[9.1223,12.2724],[9.1265,12.2722],[9.132,12.276],[9.1366,12.277],[9.1397,12.2811],[9.1441,12.2829],[9.1456,12.2791],[9.1488,12.2747],[9.152,12.272],[9.1545,12.2685],[9.1583,12.2667],[9.1558,12.2601],[9.1505,12.2559],[9.1456,12.2554],[9.143,12.2539],[9.1448,12.2494],[9.1439,12.2419],[9.1446,12.2383],[9.1534,12.2366],[9.1604,12.2319],[9.1638,12.2317],[9.1652,12.2334],[9.1693,12.2341],[9.1728,12.2319],[9.1784,12.2329],[9.1794,12.2344],[9.1848,12.2375],[9.1897,12.237],[9.1956,12.241],[9.2014,12.2394],[9.2084,12.2399],[9.214,12.2334],[9.2225,12.2327],[9.2288,12.2293],[9.2319,12.2261],[9.2345,12.2275],[9.2361,12.2316],[9.2407,12.2348],[9.2422,12.2376],[9.2459,12.2394],[9.2462,12.2457],[9.2449,12.2498],[9.2501,12.2502],[9.257,12.2532],[9.259,12.2499],[9.2629,12.2475],[9.2675,12.2472],[9.2717,12.2487],[9.2779,12.2442],[9.2792,12.2568],[9.2803,12.2597],[9.2837,12.2603],[9.2867,12.2632],[9.2932,12.2682],[9.2971,12.2661],[9.3047,12.2675],[9.3084,12.2667],[9.3133,12.2676],[9.3164,12.2693],[9.3205,12.2666],[9.3241,12.2655],[9.3271,12.2694],[9.33,12.275],[9.3305,12.2786],[9.3328,12.2822],[9.3321,12.2843],[9.327,12.286],[9.324,12.2857],[9.3194,12.2869],[9.3175,12.2856],[9.309,12.2896],[9.3086,12.2936],[9.312,12.3044],[9.3055,12.3065],[9.2973,12.3051],[9.2941,12.304],[9.2905,12.3042],[9.2887,12.3075],[9.2839,12.3092],[9.2775,12.3133],[9.2737,12.315],[9.2675,12.3162],[9.2636,12.3182],[9.26,12.3163],[9.26,12.3097],[9.2515,12.3045],[9.2509,12.3029],[9.2424,12.3011],[9.2357,12.301],[9.2333,12.3001],[9.2321,12.3041],[9.2294,12.3064],[9.2268,12.3102],[9.2223,12.3121],[9.2212,12.3162],[9.221,12.3209],[9.2187,12.3236],[9.2201,12.332],[9.2192,12.3343],[9.2135,12.3416],[9.2086,12.3407],[9.2044,12.3358],[9.2007,12.3346],[9.1958,12.3347],[9.1909,12.3315],[9.1831,12.3359],[9.179,12.3415],[9.1646,12.339],[9.1611,12.3365],[9.1546,12.3343],[9.151,12.3352]]]},"properties":{"name":"CHUKUTO","state":"17","code":"17/26/03"}},{"type":"Feature","geometry":{"type":"Polygon","coordinates":[[[9.5076,12.3464],[9.5115,12.3373],[9.5108,12.3308],[9.5119,12.3273],[9.5146,12.3231],[9.5089,12.3161],[9.5053,12.3141],[9.5066,12.3092],[9.5083,12.3066],[9.5089,12.3018],[9.516,12.2992],[9.5191,12.2958],[9.5238,12.2955],[9.5292,12.293],[9.5333,12.2986],[9.5372,12.3025],[9.5369,12.3066],[9.5351,12.3084],[9.5311,12.3238],[9.5329,12.327],[9.534,12.3317],[9.5325,12.3392],[9.5563,12.3482],[9.5603,12.3461],[9.5666,12.3484],[9.5712,12.352],[9.5787,12.3536],[9.5848,12.3529],[9.5889,12.3553],[9.5957,12.3613],[9.5932,12.3669],[9.5918,12.3732],[9.5897,12.3776],[9.5869,12.3809],[9.5834,12.3807],[9.5789,12.3879],[9.5772,12.3889],[9.5661,12.3897],[9.5631,12.3874],[9.5611,12.3841],[9.5568,12.3842],[9.5531,12.3799],[9.5505,12.3716],[9.5482,12.3693],[9.5446,12.3687],[9.5388,12.3658],[9.5337,12.3656],[9.5284,12.368],[9.5264,12.3699],[9.5196,12.3679],[9.5183,12.3599],[9.511,12.3529],[9.5112,12.3486],[9.5076,12.3464]]]},"properties":{"name":"GUJUNGU","state":"17","code":"17/26/04"}},{"type":"Feature","geometry":{"type":"Polygon","coordinates":[[[9.5191,12.2958],[9.516,12.2992],[9.5089,12.3018],[9.5055,12.2988],[9.5038,12.2959],[9.4987,12.2958],[9.4912,12.2991],[9.4932,12.3056],[9.486,12.3083],[9.4833,12.3065],[9.4785,12.306],[9.4752,12.3043],[9.4719,12.3042],[9.4689,12.3019],[9.4664,12.2983],[9.4625,12.2963],[9.4565,12.2963],[9.4539,12.2948],[9.4479,12.2969],[9.4432,12.2961],[9.4407,12.2939],[9.4424,12.2881],[9.4412,12.2779],[9.444,12.2744],[9.4467,12.2675],[9.4518,12.2683],[9.4551,12.2715],[9.4614,12.2753],[9.4668,12.2733],[9.4728,12.2753],[9.4792,12.2737],[9.4818,12.2713],[9.4835,12.2669],[9.4864,12.2621],[9.4888,12.2607],[9.495,12.2598],[9.4959,12.2608],[9.5,12.2717],[9.5069,12.2748],[9.5109,12.2749],[9.513,12.2761],[9.5124,12.2806],[9.5096,12.2864],[9.5115,12.2874],[9.5191,12.2958]]]},"properties":{"name":"KIRI","state":"17","code":"17/26/05"}},{"type":"Feature","geometry":{"type":"Polygon","coordinates":[[[9.4645,12.1827],[9.4672,12.1859],[9.4689,12.1851],[9.4729,12.1872],[9.4771,12.186],[9.4767,12.1826],[9.4851,12.1803],[9.4889,12.178],[9.4927,12.1821],[9.495,12.1817],[9.4967,12.1791],[9.4989,12.1791],[9.4997,12.1753],[9.5028,12.1736],[9.506,12.1741],[9.5088,12.176],[9.5079,12.1784],[9.5146,12.1825],[9.5173,12.1852],[9.5157,12.1893],[9.5159,12.1971],[9.517,12.2032],[9.5251,12.2088],[9.5303,12.2081],[9.5334,12.2034],[9.541,12.2017],[9.5428,12.199],[9.5468,12.2003],[9.5541,12.2041],[9.5529,12.2066],[9.5503,12.2052],[9.5496,12.2102],[9.5464,12.2121],[9.5423,12.2117],[9.5394,12.2128],[9.5337,12.2103],[9.5346,12.2152],[9.5377,12.2168],[9.5371,12.2203],[9.5324,12.2198],[9.5289,12.2254],[9.525,12.2266],[9.5234,12.2247],[9.5245,12.2223],[9.521,12.2197],[9.5178,12.2208],[9.5129,12.2184],[9.5099,12.2183],[9.5066,12.2205],[9.5041,12.2246],[9.5026,12.2323],[9.5059,12.2418],[9.505,12.2492],[9.4981,12.2553],[9.495,12.2598],[9.4888,12.2607],[9.4864,12.2621],[9.4835,12.2669],[9.4818,12.2713],[9.4792,12.2737],[9.4728,12.2753],[9.4668,12.2733],[9.4614,12.2753],[9.4551,12.2715],[9.4518,12.2683],[9.4467,12.2675],[9.4459,12.2649],[9.4345,12.2622],[9.4248,12.2653],[9.4208,12.265],[9.4179,12.267],[9.4211,12.272],[9.4244,12.2806],[9.4241,12.2848],[9.4195,12.2861],[9.414,12.2856],[9.4121,12.2815],[9.4118,12.2766],[9.4085,12.2769],[9.3981,12.2808],[9.3966,12.2823],[9.3927,12.2818],[9.3903,12.2778],[9.3863,12.2769],[9.3823,12.278],[9.3752,12.2776],[9.3715,12.2766],[9.3659,12.2778],[9.3618,12.2735],[9.3627,12.2689],[9.3657,12.2667],[9.3695,12.2658],[9.3684,12.261],[9.3713,12.257],[9.3753,12.2585],[9.3795,12.2554],[9.3876,12.2549],[9.3887,12.2526],[9.3928,12.2493],[9.3932,12.2432],[9.3947,12.2408],[9.4036,12.2443],[9.4081,12.2429],[9.4096,12.2364],[9.4147,12.2353],[9.4162,12.2305],[9.419,12.2282],[9.4203,12.2235],[9.4194,12.222],[9.422,12.2184],[9.4212,12.2134],[9.4264,12.2059],[9.4289,12.2113],[9.4291,12.2152],[9.4315,12.2182],[9.4363,12.2197],[9.4411,12.2084],[9.4474,12.1839],[9.4499,12.1852],[9.4544,12.1839],[9.4586,12.1865],[9.4607,12.1851],[9.4617,12.1815],[9.4645,12.1827]]]},"properties":{"name":"KWALAM","state":"17","code":"17/26/06"}},{"type":"Feature","geometry":{"type":"Polygon","coordinates":[[[9.4264,12.2059],[9.4212,12.2134],[9.422,12.2184],[9.4194,12.222],[9.4203,12.2235],[9.419,12.2282],[9.4162,12.2305],[9.4147,12.2353],[9.4096,12.2364],[9.4081,12.2429],[9.4036,12.2443],[9.3947,12.2408],[9.3932,12.2432],[9.3928,12.2493],[9.3887,12.2526],[9.3876,12.2549],[9.3795,12.2554],[9.3753,12.2585],[9.3713,12.257],[9.3684,12.261],[9.3695,12.2658],[9.3657,12.2667],[9.3627,12.2689],[9.3618,12.2735],[9.3604,12.2723],[9.3544,12.2716],[9.3477,12.2636],[9.3501,12.2581],[9.3486,12.2547],[9.345,12.253],[9.3431,12.2488],[9.3339,12.2452],[9.332,12.2402],[9.3334,12.2357],[9.3355,12.2348],[9.3452,12.2427],[9.3487,12.2413],[9.3528,12.2434],[9.3558,12.2377],[9.356,12.235],[9.349,12.2323],[9.3439,12.2319],[9.3409,12.2328],[9.3389,12.2289],[9.3429,12.2221],[9.3455,12.2134],[9.3469,12.2127],[9.3495,12.207],[9.3427,12.1993],[9.3436,12.1923],[9.3432,12.1904],[9.3442,12.1828],[9.3512,12.1811],[9.3532,12.185],[9.3578,12.1827],[9.3676,12.1828],[9.373,12.1785],[9.3778,12.1811],[9.3768,12.1862],[9.3774,12.1889],[9.3821,12.191],[9.3847,12.1942],[9.3873,12.1894],[9.3923,12.1894],[9.3948,12.1905],[9.3926,12.197],[9.3962,12.1989],[9.3999,12.1971],[9.4027,12.1989],[9.4101,12.198],[9.4105,12.2003],[9.4159,12.2025],[9.4257,12.2015],[9.4264,12.2059]]]},"properties":{"name":"MAJE","state":"17","code":"17/26/07"}},{"type":"Feature","geometry":{"type":"Polygon","coordinates":[[[9.4192,12.3199],[9.4116,12.3166],[9.408,12.3129],[9.4029,12.3106],[9.4,12.3109],[9.3983,12.3054],[9.3993,12.2986],[9.397,12.2964],[9.4007,12.2894],[9.3966,12.2823],[9.3981,12.2808],[9.4085,12.2769],[9.4118,12.2766],[9.4121,12.2815],[9.414,12.2856],[9.4195,12.2861],[9.4241,12.2848],[9.4244,12.2806],[9.4211,12.272],[9.4179,12.267],[9.4208,12.265],[9.4248,12.2653],[9.4345,12.2622],[9.4459,12.2649],[9.4467,12.2675],[9.444,12.2744],[9.4412,12.2779],[9.4424,12.2881],[9.4407,12.2939],[9.4432,12.2961],[9.4479,12.2969],[9.4539,12.2948],[9.4565,12.2963],[9.4625,12.2963],[9.4664,12.2983],[9.4689,12.3019],[9.4719,12.3042],[9.4752,12.3043],[9.4785,12.306],[9.4833,12.3065],[9.486,12.3083],[9.4932,12.3056],[9.4912,12.2991],[9.4987,12.2958],[9.5038,12.2959],[9.5055,12.2988],[9.5089,12.3018],[9.5083,12.3066],[9.5066,12.3092],[9.5053,12.3141],[9.5089,12.3161],[9.5146,12.3231],[9.5119,12.3273],[9.5108,12.3308],[9.5115,12.3373],[9.5076,12.3464],[9.502,12.3448],[9.4965,12.3466],[9.4943,12.3447],[9.4912,12.3466],[9.4842,12.349],[9.4788,12.3532],[9.4704,12.349],[9.4682,12.3409],[9.4626,12.337],[9.4585,12.3371],[9.452,12.3339],[9.4464,12.3301],[9.4428,12.3322],[9.4358,12.3321],[9.4335,12.3332],[9.4318,12.3286],[9.4293,12.3268],[9.4273,12.3231],[9.4192,12.3199]]]},"properties":{"name":"MAJIYA","state":"17","code":"17/26/08"}},{"type":"Feature","geometry":{"type":"Polygon","coordinates":[[[9.3442,12.1828],[9.3432,12.1904],[9.3436,12.1923],[9.3427,12.1993],[9.3495,12.207],[9.3469,12.2127],[9.3455,12.2134],[9.3429,12.2221],[9.3389,12.2289],[9.3409,12.2328],[9.3439,12.2319],[9.349,12.2323],[9.356,12.235],[9.3558,12.2377],[9.3528,12.2434],[9.3487,12.2413],[9.3452,12.2427],[9.3355,12.2348],[9.3334,12.2357],[9.332,12.2402],[9.3238,12.2358],[9.3196,12.2343],[9.3133,12.2391],[9.3109,12.2399],[9.307,12.245],[9.3028,12.2413],[9.2984,12.2389],[9.2939,12.2386],[9.2912,12.2371],[9.2929,12.2338],[9.2933,12.2291],[9.2973,12.2242],[9.2967,12.217],[9.2967,12.2041],[9.2987,12.2023],[9.2995,12.1978],[9.2961,12.1932],[9.2936,12.1833],[9.2921,12.1801],[9.2923,12.177],[9.2947,12.1703],[9.2962,12.1687],[9.2999,12.1707],[9.3066,12.1685],[9.3101,12.1702],[9.3168,12.169],[9.3211,12.1707],[9.3336,12.1703],[9.3327,12.1724],[9.3376,12.1779],[9.3404,12.178],[9.3416,12.1824],[9.3442,12.1828]]]},"properties":{"name":"S/GARIN YAYA","state":"17","code":"17/26/09"}},{"type":"Feature","geometry":{"type":"Polygon","coordinates":[[[9.2947,12.1703],[9.2923,12.177],[9.2921,12.1801],[9.2936,12.1833],[9.2961,12.1932],[9.2995,12.1978],[9.2987,12.2023],[9.2967,12.2041],[9.2967,12.217],[9.2973,12.2242],[9.2933,12.2291],[9.2929,12.2338],[9.2912,12.2371],[9.285,12.2392],[9.2831,12.2414],[9.2779,12.2442],[9.2717,12.2487],[9.2675,12.2472],[9.2629,12.2475],[9.259,12.2499],[9.257,12.2532],[9.2501,12.2502],[9.2449,12.2498],[9.2462,12.2457],[9.2459,12.2394],[9.2422,12.2376],[9.2407,12.2348],[9.2361,12.2316],[9.2345,12.2275],[9.2319,12.2261],[9.2302,12.2197],[9.2341,12.2108],[9.2349,12.2053],[9.2377,12.2016],[9.2431,12.2007],[9.2455,12.2036],[9.2503,12.2009],[9.2548,12.2027],[9.2563,12.2001],[9.2614,12.201],[9.2655,12.1945],[9.2726,12.196],[9.2735,12.1904],[9.272,12.1816],[9.2725,12.1762],[9.2739,12.1703],[9.2771,12.1691],[9.2792,12.1699],[9.2848,12.1701],[9.2878,12.1692],[9.2947,12.1703]]]},"properties":{"name":"TAURA","state":"17","code":"17/26/10"}},{"type":"Feature","geometry":{"type":"Polygon","coordinates":[[[8.4098,12.7775],[8.4155,12.7771],[8.419,12.7754],[8.4223,12.7792],[8.4276,12.7804],[8.433,12.7849],[8.4386,12.7851],[8.4435,12.7822],[8.4452,12.7801],[8.4492,12.782],[8.4542,12.7871],[8.4573,12.7882],[8.4622,12.7877],[8.4619,12.7898],[8.4672,12.7956],[8.4665,12.7983],[8.4722,12.8007],[8.4697,12.8035],[8.4686,12.8085],[8.4658,12.8126],[8.4614,12.823],[8.4523,12.819],[8.4441,12.8161],[8.4354,12.8152],[8.4255,12.8197],[8.4222,12.8158],[8.4167,12.815],[8.4137,12.8194],[8.4108,12.8192],[8.4077,12.8215],[8.4065,12.8244],[8.3983,12.8259],[8.3954,12.8082],[8.3952,12.8041],[8.3936,12.7934],[8.3949,12.7869],[8.4002,12.7878],[8.4079,12.7843],[8.4098,12.7775]]]},"properties":{"name":"ACHILAFIYA","state":"17","code":"17/27/01"}},{"type":"Feature","geometry":{"type":"Polygon","coordinates":[[[8.3831,12.7119],[8.3861,12.7059],[8.3947,12.7066],[8.3979,12.7049],[8.4107,12.7045],[8.4137,12.7062],[8.4207,12.7077],[8.4259,12.7062],[8.4348,12.7079],[8.4394,12.7121],[8.4451,12.716],[8.4495,12.7181],[8.455,12.7183],[8.4602,12.7115],[8.4628,12.7097],[8.4658,12.7106],[8.4691,12.7126],[8.468,12.7153],[8.4685,12.7224],[8.4677,12.7246],[8.4695,12.7299],[8.4662,12.7347],[8.4627,12.7357],[8.4617,12.7388],[8.4578,12.7362],[8.4523,12.7376],[8.4496,12.7396],[8.4461,12.7397],[8.4448,12.7339],[8.4405,12.7297],[8.4354,12.7319],[8.4322,12.7314],[8.4264,12.7324],[8.423,12.7364],[8.4121,12.7317],[8.41,12.7265],[8.4072,12.7241],[8.4009,12.7231],[8.3948,12.7241],[8.3919,12.7196],[8.389,12.7176],[8.3873,12.7145],[8.3831,12.7119]]]},"properties":{"name":"BELAS","state":"17","code":"17/27/02"}},{"type":"Feature","geometry":{"type":"Polygon","coordinates":[[[8.5933,12.7752],[8.5931,12.7773],[8.5882,12.7944],[8.5872,12.8022],[8.5884,12.8067],[8.584,12.8136],[8.5739,12.8205],[8.5704,12.8166],[8.567,12.8173],[8.5566,12.8166],[8.5503,12.8119],[8.5462,12.81],[8.5454,12.802],[8.543,12.7977],[8.5393,12.796],[8.5272,12.794],[8.5254,12.7919],[8.5251,12.7859],[8.5328,12.7804],[8.5391,12.7768],[8.5431,12.7761],[8.5467,12.7773],[8.5507,12.7768],[8.554,12.7777],[8.5568,12.7696],[8.5567,12.768],[8.5604,12.765],[8.5608,12.7623],[8.5743,12.7677],[8.5759,12.7711],[8.5806,12.7749],[8.5844,12.7736],[8.5933,12.7752]]]},"properties":{"name":"DAWAN-GAWO","state":"17","code":"17/27/03"}},{"type":"Feature","geometry":{"type":"Polygon","coordinates":[[[8.4722,12.8007],[8.4751,12.8022],[8.4789,12.7999],[8.4825,12.7999],[8.4866,12.7932],[8.4943,12.7905],[8.4999,12.7897],[8.5067,12.7923],[8.5168,12.7889],[8.5219,12.7845],[8.5251,12.7859],[8.5254,12.7919],[8.5272,12.794],[8.5393,12.796],[8.543,12.7977],[8.5454,12.802],[8.5462,12.81],[8.5503,12.8119],[8.5566,12.8166],[8.567,12.8173],[8.5704,12.8166],[8.5739,12.8205],[8.5639,12.8253],[8.5635,12.83],[8.5593,12.8341],[8.5552,12.8346],[8.5495,12.8385],[8.5473,12.8413],[8.5461,12.8421],[8.5368,12.8424],[8.5345,12.8438],[8.5274,12.8441],[8.5217,12.8412],[8.5163,12.8374],[8.5148,12.8329],[8.5021,12.8338],[8.4944,12.8331],[8.4853,12.832],[8.4698,12.8281],[8.4614,12.823],[8.4658,12.8126],[8.4686,12.8085],[8.4697,12.8035],[8.4722,12.8007]]]},"properties":{"name":"GWARTA","state":"17","code":"17/27/04"}},{"type":"Feature","geometry":{"type":"Polygon","coordinates":[[[8.5462,12.7129],[8.5506,12.711],[8.5526,12.7112],[8.5566,12.7086],[8.5612,12.7125],[8.5715,12.7135],[8.5763,12.7085],[8.578,12.7033],[8.5834,12.7012],[8.5853,12.7024],[8.5905,12.7021],[8.5937,12.6965],[8.5977,12.697],[8.6042,12.696],[8.6068,12.6949],[8.61,12.6899],[8.6099,12.6845],[8.6118,12.6893],[8.6173,12.6948],[8.6225,12.6964],[8.6274,12.6968],[8.6288,12.7003],[8.6326,12.6987],[8.6373,12.6999],[8.6404,12.6972],[8.6433,12.6966],[8.6483,12.6976],[8.6498,12.6997],[8.6552,12.6992],[8.6584,12.7025],[8.6611,12.7138],[8.6663,12.716],[8.67,12.7189],[8.6692,12.7192],[8.6639,12.7258],[8.6554,12.727],[8.6521,12.7256],[8.6511,12.7284],[8.6518,12.7331],[8.6363,12.7373],[8.6104,12.7373],[8.6037,12.7377],[8.6019,12.7355],[8.5948,12.7393],[8.5905,12.7408],[8.5849,12.7415],[8.5733,12.7459],[8.569,12.7454],[8.5638,12.7474],[8.5605,12.7477],[8.5571,12.7456],[8.5501,12.7355],[8.5449,12.7307],[8.5405,12.7285],[8.5368,12.7243],[8.5372,12.7225],[8.5462,12.7129]]]},"properties":{"name":"GURJIYA","state":"17","code":"17/27/05"}},{"type":"Feature","geometry":{"type":"Polygon","coordinates":[[[8.5202,12.7424],[8.5237,12.7495],[8.5221,12.7537],[8.5238,12.7602],[8.5232,12.7631],[8.5255,12.7673],[8.5316,12.7663],[8.5348,12.7646],[8.5443,12.7653],[8.5481,12.7637],[8.5551,12.7625],[8.5608,12.7623],[8.5604,12.765],[8.5567,12.768],[8.5568,12.7696],[8.554,12.7777],[8.5507,12.7768],[8.5467,12.7773],[8.5431,12.7761],[8.5391,12.7768],[8.5328,12.7804],[8.5251,12.7859],[8.5219,12.7845],[8.5168,12.7889],[8.5067,12.7923],[8.4999,12.7897],[8.5007,12.7873],[8.5056,12.783],[8.5074,12.7773],[8.5046,12.7751],[8.4999,12.7759],[8.4971,12.7724],[8.4901,12.7724],[8.4842,12.7684],[8.4805,12.7685],[8.4783,12.7621],[8.4791,12.7583],[8.4833,12.7566],[8.485,12.7533],[8.4831,12.7497],[8.4836,12.7478],[8.4901,12.7444],[8.4934,12.7442],[8.4962,12.7497],[8.5003,12.7543],[8.5044,12.7547],[8.5082,12.7528],[8.5106,12.7499],[8.5186,12.745],[8.5202,12.7424]]]},"properties":{"name":"KARKARNA","state":"17","code":"17/27/06"}},{"type":"Feature","geometry":{"type":"Polygon","coordinates":[[[8.4836,12.7478],[8.4831,12.7497],[8.485,12.7533],[8.4833,12.7566],[8.4791,12.7583],[8.4783,12.7621],[8.4805,12.7685],[8.4842,12.7684],[8.4901,12.7724],[8.4971,12.7724],[8.4999,12.7759],[8.5046,12.7751],[8.5074,12.7773],[8.5056,12.783],[8.5007,12.7873],[8.4999,12.7897],[8.4943,12.7905],[8.4866,12.7932],[8.4825,12.7999],[8.4789,12.7999],[8.4751,12.8022],[8.4722,12.8007],[8.4665,12.7983],[8.4672,12.7956],[8.4619,12.7898],[8.4622,12.7877],[8.4573,12.7882],[8.4542,12.7871],[8.4492,12.782],[8.4452,12.7801],[8.4435,12.7822],[8.4386,12.7851],[8.433,12.7849],[8.4345,12.7808],[8.4346,12.773],[8.4314,12.7711],[8.4312,12.7683],[8.4383,12.7652],[8.4399,12.7623],[8.4413,12.7563],[8.4405,12.7545],[8.4425,12.75],[8.4435,12.7445],[8.4461,12.7397],[8.4496,12.7396],[8.4523,12.7376],[8.4578,12.7362],[8.4617,12.7388],[8.4627,12.7357],[8.4662,12.7347],[8.4691,12.7359],[8.4712,12.7395],[8.4751,12.7409],[8.4777,12.7438],[8.4836,12.7478]]]},"properties":{"name":"KUDA","state":"17","code":"17/27/07"}},{"type":"Feature","geometry":{"type":"Polygon","coordinates":[[[8.5223,12.6624],[8.5294,12.6522],[8.5298,12.6493],[8.5401,12.6449],[8.5446,12.6474],[8.55,12.6475],[8.5536,12.6495],[8.5508,12.6523],[8.5495,12.6586],[8.5578,12.6633],[8.5611,12.6669],[8.5671,12.6709],[8.5726,12.6736],[8.5842,12.6766],[8.5822,12.6828],[8.5866,12.6859],[8.5921,12.6881],[8.5927,12.6942],[8.5937,12.6965],[8.5905,12.7021],[8.5853,12.7024],[8.5834,12.7012],[8.578,12.7033],[8.5763,12.7085],[8.5715,12.7135],[8.5612,12.7125],[8.5566,12.7086],[8.5526,12.7112],[8.5506,12.711],[8.5462,12.7129],[8.5428,12.7098],[8.5408,12.7063],[8.5418,12.7047],[8.5416,12.6941],[8.5403,12.6923],[8.5363,12.6918],[8.5371,12.6876],[8.5367,12.6803],[8.5344,12.6769],[8.5305,12.6759],[8.5273,12.6736],[8.5246,12.6733],[8.5224,12.6677],[8.5223,12.6624]]]},"properties":{"name":"RINGIM","state":"17","code":"17/27/08"}},{"type":"Feature","geometry":{"type":"Polygon","coordinates":[[[8.5368,12.7243],[8.5405,12.7285],[8.5449,12.7307],[8.5501,12.7355],[8.5571,12.7456],[8.5605,12.7477],[8.5638,12.7474],[8.569,12.7454],[8.5733,12.7459],[8.5849,12.7415],[8.5905,12.7408],[8.5948,12.7393],[8.6019,12.7355],[8.6037,12.7377],[8.6008,12.7482],[8.5944,12.7662],[8.5933,12.7752],[8.5844,12.7736],[8.5806,12.7749],[8.5759,12.7711],[8.5743,12.7677],[8.5608,12.7623],[8.5551,12.7625],[8.5481,12.7637],[8.5443,12.7653],[8.5348,12.7646],[8.5316,12.7663],[8.5255,12.7673],[8.5232,12.7631],[8.5238,12.7602],[8.5221,12.7537],[8.5237,12.7495],[8.5202,12.7424],[8.5198,12.7379],[8.5244,12.7327],[8.5288,12.7303],[8.5318,12.7259],[8.5368,12.7243]]]},"properties":{"name":"YANKWASHI","state":"17","code":"17/27/09"}},{"type":"Feature","geometry":{"type":"Polygon","coordinates":[[[8.4121,12.7317],[8.423,12.7364],[8.4264,12.7324],[8.4322,12.7314],[8.4354,12.7319],[8.4405,12.7297],[8.4448,12.7339],[8.4461,12.7397],[8.4435,12.7445],[8.4425,12.75],[8.4405,12.7545],[8.4413,12.7563],[8.4399,12.7623],[8.4383,12.7652],[8.4312,12.7683],[8.4314,12.7711],[8.4346,12.773],[8.4345,12.7808],[8.433,12.7849],[8.4276,12.7804],[8.4223,12.7792],[8.419,12.7754],[8.4155,12.7771],[8.4098,12.7775],[8.405,12.7702],[8.4084,12.7614],[8.4021,12.7583],[8.3994,12.758],[8.4005,12.7461],[8.4115,12.7338],[8.4121,12.7317]]]},"properties":{"name":"ZUNGUMBA","state":"17","code":"17/27/10"}}]}