{"type":"FeatureCollection","features":[{"type":"Feature","geometry":{"type":"Polygon","coordinates":[[[6.6155,10.5834],[6.6149,10.5873],[6.6129,10.5916],[6.6128,10.5947],[6.611,10.5966],[6.6113,10.6002],[6.6085,10.608],[6.6089,10.6152],[6.6105,10.6222],[6.6119,10.6251],[6.6106,10.6276],[6.6111,10.6335],[6.6101,10.6404],[6.6107,10.6446],[6.617,10.6513],[6.6198,10.6583],[6.6197,10.661],[6.6237,10.6667],[6.6272,10.6706],[6.6299,10.6718],[6.6333,10.6766],[6.6294,10.6817],[6.6191,10.6918],[6.6052,10.6971],[6.5988,10.7019],[6.5962,10.7021],[6.593,10.7042],[6.5909,10.7039],[6.5837,10.7058],[6.5788,10.7007],[6.577,10.6971],[6.5695,10.6957],[6.5655,10.6926],[6.5607,10.693],[6.5592,10.6945],[6.551,10.6935],[6.5484,10.6832],[6.5433,10.675],[6.5451,10.6744],[6.5498,10.6694],[6.5406,10.6643],[6.5323,10.6538],[6.5315,10.6471],[6.5324,10.6437],[6.5361,10.6403],[6.5331,10.6357],[6.534,10.6302],[6.5376,10.6311],[6.5409,10.6271],[6.5415,10.6216],[6.5369,10.6187],[6.5348,10.6188],[6.5312,10.6143],[6.5289,10.6062],[6.5266,10.6052],[6.5238,10.5955],[6.5243,10.595],[6.5211,10.5822],[6.5216,10.5728],[6.5251,10.5645],[6.5323,10.5532],[6.5403,10.5452],[6.5492,10.5452],[6.5561,10.5469],[6.5612,10.5508],[6.5741,10.5573],[6.5822,10.5687],[6.5869,10.5741],[6.603,10.5789],[6.6155,10.5834]]]},"properties":{"name":"MAGAJIN GARI I","state":"18","code":"18/01/01"}},{"type":"Feature","geometry":{"type":"Polygon","coordinates":[[[6.5695,10.6957],[6.5679,10.6989],[6.5597,10.7015],[6.5546,10.7016],[6.5524,10.7046],[6.5455,10.7069],[6.5429,10.7093],[6.5431,10.7133],[6.5491,10.7181],[6.5574,10.7204],[6.561,10.7223],[6.5624,10.7193],[6.566,10.7226],[6.57,10.7242],[6.5711,10.7262],[6.5703,10.7327],[6.567,10.7444],[6.5663,10.7517],[6.5668,10.7553],[6.5653,10.7598],[6.5704,10.7623],[6.5732,10.7689],[6.576,10.7681],[6.579,10.7695],[6.5809,10.776],[6.5849,10.7763],[6.5831,10.7798],[6.578,10.7846],[6.5751,10.7883],[6.5726,10.7898],[6.5736,10.7968],[6.5709,10.811],[6.5653,10.8275],[6.5655,10.8392],[6.5705,10.8444],[6.5707,10.8512],[6.57,10.8577],[6.5682,10.86],[6.5644,10.8708],[6.5647,10.8772],[6.5666,10.8833],[6.5654,10.8889],[6.5661,10.8944],[6.5687,10.9058],[6.5626,10.9079],[6.5516,10.9099],[6.5492,10.9162],[6.5435,10.9201],[6.5441,10.9248],[6.5465,10.9286],[6.5479,10.933],[6.5516,10.9388],[6.5508,10.945],[6.5561,10.9534],[6.555,10.9657],[6.5625,10.9882],[6.5661,10.9924],[6.5663,10.9955],[6.5631,10.9972],[6.5607,11.0008],[6.5507,11.0086],[6.5481,11.0126],[6.5489,11.0172],[6.5483,11.0207],[6.5503,11.0269],[6.5392,11.0278],[6.5252,11.0276],[6.5247,11.0338],[6.5257,11.0362],[6.5215,11.0391],[6.5217,11.0457],[6.5108,11.0437],[6.4886,11.0327],[6.4791,11.0295],[6.4582,11.0159],[6.4527,11.0146],[6.4435,11.0099],[6.437,11.0076],[6.4318,11.0075],[6.4271,11.0095],[6.4263,11.0127],[6.4216,11.0178],[6.4201,11.0257],[6.419,11.0277],[6.4113,11.0311],[6.4069,11.0289],[6.4037,11.0329],[6.3975,11.0317],[6.3916,11.0338],[6.3865,11.0322],[6.3841,11.033],[6.3783,11.0305],[6.374,11.0303],[6.3718,11.0247],[6.3648,11.0177],[6.3563,11.0205],[6.3538,11.0223],[6.35,11.0229],[6.3468,11.0222],[6.3435,11.024],[6.3409,11.0211],[6.337,11.0215],[6.3347,11.0247],[6.3297,11.0272],[6.3242,11.0255],[6.3262,11.0227],[6.3268,11.0188],[6.3243,11.0177],[6.3222,11.0117],[6.3201,11.0102],[6.3131,11.0104],[6.3081,11.0047],[6.3042,11.0031],[6.3003,10.9978],[6.3017,10.995],[6.3004,10.9932],[6.2964,10.9926],[6.2927,10.9853],[6.2875,10.9794],[6.287,10.9752],[6.284,10.9753],[6.2825,10.9721],[6.2831,10.9684],[6.2813,10.9647],[6.2786,10.9635],[6.2732,10.9641],[6.2689,10.9666],[6.2665,10.9661],[6.2654,10.9636],[6.2623,10.9629],[6.2608,10.9595],[6.2544,10.9554],[6.251,10.9483],[6.2482,10.9486],[6.2418,10.9453],[6.2375,10.9453],[6.2361,10.9404],[6.2325,10.9353],[6.2321,10.9332],[6.234,10.9266],[6.233,10.9221],[6.231,10.9186],[6.2258,10.9132],[6.2259,10.9087],[6.2279,10.903],[6.2305,10.9002],[6.2316,10.897],[6.2303,10.8939],[6.2238,10.8908],[6.2191,10.8858],[6.2184,10.8826],[6.2227,10.8833],[6.2258,10.8814],[6.2341,10.8829],[6.2384,10.8846],[6.2509,10.8797],[6.2585,10.878],[6.2659,10.8751],[6.2683,10.8718],[6.275,10.8694],[6.2907,10.8683],[6.296,10.8667],[6.3027,10.8686],[6.3073,10.8735],[6.3124,10.8758],[6.3147,10.8778],[6.3214,10.8799],[6.3386,10.8791],[6.3438,10.8781],[6.3459,10.8765],[6.3517,10.8761],[6.354,10.8779],[6.3637,10.8797],[6.3715,10.8772],[6.3752,10.8778],[6.3791,10.8755],[6.3829,10.8754],[6.3844,10.8727],[6.3902,10.871],[6.3918,10.8688],[6.3975,10.8661],[6.3989,10.8674],[6.3987,10.8711],[6.4036,10.8771],[6.4061,10.8816],[6.4089,10.8755],[6.4152,10.8648],[6.4224,10.8584],[6.428,10.8554],[6.4333,10.8501],[6.4363,10.8489],[6.4416,10.8436],[6.4459,10.8382],[6.4465,10.8359],[6.4551,10.8327],[6.4547,10.8254],[6.4502,10.821],[6.4487,10.8184],[6.4492,10.81],[6.4537,10.8014],[6.4527,10.7977],[6.4491,10.7954],[6.4475,10.7961],[6.4448,10.7913],[6.4406,10.7862],[6.4397,10.7831],[6.4368,10.7814],[6.4337,10.7754],[6.4308,10.7733],[6.4274,10.7677],[6.4229,10.7591],[6.4182,10.7581],[6.4127,10.7526],[6.4058,10.7505],[6.4002,10.7478],[6.3973,10.7476],[6.3986,10.7429],[6.3981,10.7342],[6.4009,10.7267],[6.3988,10.7236],[6.3985,10.7174],[6.3932,10.7092],[6.3881,10.705],[6.3862,10.6958],[6.3841,10.6921],[6.3848,10.6877],[6.3924,10.685],[6.3995,10.6815],[6.4045,10.6863],[6.4115,10.6856],[6.417,10.6822],[6.4201,10.6756],[6.4203,10.6692],[6.4153,10.6665],[6.4102,10.6649],[6.4098,10.6591],[6.4062,10.6568],[6.3993,10.6485],[6.3853,10.6445],[6.3792,10.6415],[6.3797,10.6384],[6.3846,10.6321],[6.3863,10.6276],[6.3866,10.6241],[6.384,10.6206],[6.3847,10.6188],[6.3843,10.6127],[6.3883,10.6116],[6.3984,10.6033],[6.3977,10.5988],[6.3962,10.5975],[6.3967,10.5904],[6.3956,10.583],[6.3987,10.5778],[6.4024,10.5744],[6.4064,10.5728],[6.4099,10.575],[6.4182,10.5765],[6.4244,10.5771],[6.4295,10.5829],[6.4312,10.5869],[6.4356,10.5908],[6.4387,10.5899],[6.4459,10.5906],[6.4467,10.5942],[6.4558,10.5957],[6.4599,10.5942],[6.4692,10.6003],[6.4724,10.6061],[6.4771,10.6081],[6.4804,10.6074],[6.483,10.6049],[6.488,10.6104],[6.4945,10.6157],[6.5021,10.6112],[6.5066,10.6095],[6.5138,10.6054],[6.5238,10.5955],[6.5266,10.6052],[6.5289,10.6062],[6.5312,10.6143],[6.5348,10.6188],[6.5369,10.6187],[6.5415,10.6216],[6.5409,10.6271],[6.5376,10.6311],[6.534,10.6302],[6.5331,10.6357],[6.5361,10.6403],[6.5324,10.6437],[6.5315,10.6471],[6.5323,10.6538],[6.5406,10.6643],[6.5498,10.6694],[6.5451,10.6744],[6.5433,10.675],[6.5484,10.6832],[6.551,10.6935],[6.5592,10.6945],[6.5607,10.693],[6.5655,10.6926],[6.5695,10.6957]]]},"properties":{"name":"MAGAJIN GARI II","state":"18","code":"18/01/02"}},{"type":"Feature","geometry":{"type":"Polygon","coordinates":[[[6.5849,10.7763],[6.5878,10.7771],[6.5869,10.7803],[6.5966,10.7823],[6.5985,10.7802],[6.6037,10.7802],[6.6121,10.789],[6.6177,10.7875],[6.6185,10.7917],[6.6242,10.7945],[6.6251,10.7989],[6.6245,10.8018],[6.6296,10.8063],[6.6379,10.8067],[6.6449,10.8093],[6.6469,10.8082],[6.6499,10.8103],[6.6488,10.8167],[6.6469,10.8203],[6.6461,10.8248],[6.6476,10.8267],[6.6488,10.8335],[6.6504,10.8343],[6.6513,10.8391],[6.6539,10.8445],[6.6585,10.8465],[6.6649,10.8452],[6.6689,10.8462],[6.6775,10.8548],[6.6854,10.8557],[6.6901,10.8551],[6.698,10.853],[6.7042,10.8532],[6.71,10.8526],[6.7115,10.8537],[6.7121,10.858],[6.7149,10.8568],[6.7177,10.8653],[6.723,10.8705],[6.7314,10.8681],[6.7387,10.8683],[6.7416,10.8658],[6.746,10.866],[6.7501,10.8651],[6.7544,10.8629],[6.7547,10.8579],[6.7565,10.855],[6.764,10.8538],[6.7646,10.8503],[6.7631,10.8426],[6.7678,10.8401],[6.7725,10.8353],[6.7788,10.8361],[6.7824,10.835],[6.7884,10.8365],[6.7914,10.8385],[6.7938,10.8382],[6.7951,10.8407],[6.801,10.8435],[6.8023,10.8473],[6.8052,10.8482],[6.8094,10.8517],[6.813,10.8514],[6.8289,10.8571],[6.8352,10.8607],[6.8383,10.8635],[6.8497,10.8675],[6.8511,10.8708],[6.8562,10.8746],[6.8594,10.8798],[6.8652,10.8806],[6.8681,10.8824],[6.8722,10.8832],[6.8775,10.8815],[6.8797,10.8831],[6.8798,10.8861],[6.8829,10.8949],[6.8899,10.8986],[6.8915,10.9009],[6.8953,10.9017],[6.8976,10.9034],[6.9045,10.9042],[6.9078,10.9103],[6.9117,10.9154],[6.916,10.9245],[6.9164,10.9281],[6.9154,10.9328],[6.9188,10.9348],[6.9213,10.9398],[6.9208,10.9425],[6.9224,10.9456],[6.9197,10.9494],[6.9222,10.9543],[6.9231,10.9605],[6.9196,10.9641],[6.9195,10.9663],[6.9166,10.9704],[6.9155,10.9787],[6.9126,10.9809],[6.9129,10.9849],[6.9094,10.9939],[6.9126,11.0011],[6.9122,11.0042],[6.9142,11.0093],[6.9188,11.0127],[6.9205,11.0123],[6.9228,11.0169],[6.9253,11.0176],[6.9281,11.0251],[6.9273,11.0368],[6.9286,11.0381],[6.927,11.0457],[6.9281,11.0499],[6.9282,11.0553],[6.932,11.0575],[6.9353,11.0631],[6.9368,11.0723],[6.9346,11.0754],[6.9343,11.0786],[6.9298,11.0837],[6.9282,11.0883],[6.9258,11.0888],[6.9204,11.0965],[6.9164,11.0973],[6.9098,11.0954],[6.9075,11.0933],[6.9042,11.0922],[6.8992,11.0927],[6.8968,11.0944],[6.89,11.0957],[6.8859,11.098],[6.8803,11.0989],[6.8762,11.1008],[6.8707,11.1022],[6.8629,11.1088],[6.8547,11.1181],[6.8474,11.1257],[6.8511,11.1297],[6.8543,11.1313],[6.8556,11.1348],[6.8577,11.1359],[6.8554,11.1387],[6.8521,11.1398],[6.8479,11.1433],[6.8447,11.1483],[6.8427,11.1496],[6.8311,11.1514],[6.8233,11.1555],[6.8225,11.1577],[6.8171,11.1616],[6.8169,11.164],[6.8137,11.1719],[6.8083,11.1771],[6.8056,11.1785],[6.8034,11.176],[6.7993,11.174],[6.7949,11.1683],[6.7937,11.1631],[6.7853,11.1568],[6.7811,11.1558],[6.7757,11.1564],[6.7704,11.1545],[6.7671,11.1555],[6.7643,11.1533],[6.7554,11.1505],[6.7482,11.1519],[6.7456,11.1494],[6.7379,11.1499],[6.7377,11.1524],[6.7335,11.1573],[6.7315,11.1623],[6.7347,11.1657],[6.7373,11.1654],[6.7387,11.168],[6.7419,11.1698],[6.7432,11.1737],[6.7393,11.1806],[6.7401,11.186],[6.7369,11.1944],[6.7333,11.1984],[6.7331,11.2016],[6.7383,11.2092],[6.7395,11.2125],[6.7366,11.2155],[6.7303,11.2168],[6.726,11.2164],[6.7172,11.2207],[6.7091,11.223],[6.7004,11.2221],[6.6974,11.22],[6.6951,11.2124],[6.6928,11.211],[6.6901,11.207],[6.6891,11.2036],[6.6861,11.1794],[6.685,11.1515],[6.6882,11.1279],[6.6909,11.1209],[6.6955,11.1159],[6.702,11.1128],[6.7105,11.1125],[6.7142,11.111],[6.716,11.1062],[6.712,11.1015],[6.7096,11.0966],[6.707,11.0943],[6.7009,11.0966],[6.696,11.0936],[6.6874,11.0917],[6.6826,11.0853],[6.6807,11.0779],[6.6817,11.0708],[6.683,11.0676],[6.6821,11.0628],[6.6792,11.0613],[6.6753,11.0564],[6.6686,11.0628],[6.6638,11.0615],[6.6638,11.0556],[6.6597,11.0554],[6.6565,11.052],[6.6491,11.0505],[6.6442,11.0488],[6.643,11.0506],[6.6308,11.0493],[6.6272,11.0481],[6.6242,11.0491],[6.6227,11.047],[6.6145,11.0473],[6.6055,11.0465],[6.5998,11.0447],[6.5988,11.0413],[6.5876,11.0309],[6.5859,11.025],[6.5846,11.0239],[6.5781,11.0253],[6.5773,11.0216],[6.572,11.0221],[6.5722,11.0245],[6.5647,11.0303],[6.5595,11.0362],[6.5516,11.0418],[6.5334,11.0479],[6.5217,11.0457],[6.5215,11.0391],[6.5257,11.0362],[6.5247,11.0338],[6.5252,11.0276],[6.5392,11.0278],[6.5503,11.0269],[6.5483,11.0207],[6.5489,11.0172],[6.5481,11.0126],[6.5507,11.0086],[6.5607,11.0008],[6.5631,10.9972],[6.5663,10.9955],[6.5661,10.9924],[6.5625,10.9882],[6.555,10.9657],[6.5561,10.9534],[6.5508,10.945],[6.5516,10.9388],[6.5479,10.933],[6.5465,10.9286],[6.5441,10.9248],[6.5435,10.9201],[6.5492,10.9162],[6.5516,10.9099],[6.5626,10.9079],[6.5687,10.9058],[6.5661,10.8944],[6.5654,10.8889],[6.5666,10.8833],[6.5647,10.8772],[6.5644,10.8708],[6.5682,10.86],[6.57,10.8577],[6.5707,10.8512],[6.5705,10.8444],[6.5655,10.8392],[6.5653,10.8275],[6.5709,10.811],[6.5736,10.7968],[6.5726,10.7898],[6.5751,10.7883],[6.578,10.7846],[6.5831,10.7798],[6.5849,10.7763]]]},"properties":{"name":"MAGAJIN GARI III","state":"18","code":"18/01/03"}},{"type":"Feature","geometry":{"type":"Polygon","coordinates":[[[6.6155,10.5834],[6.6471,10.5934],[6.6686,10.5913],[6.6809,10.5894],[6.696,10.591],[6.7005,10.589],[6.7098,10.5875],[6.7259,10.5894],[6.7313,10.5964],[6.7283,10.6059],[6.7267,10.6087],[6.7243,10.6177],[6.7194,10.6248],[6.7142,10.6341],[6.7166,10.6415],[6.7194,10.6432],[6.7246,10.6519],[6.7255,10.6567],[6.7277,10.6595],[6.7286,10.6632],[6.7338,10.6669],[6.7367,10.6673],[6.7374,10.6707],[6.7405,10.6709],[6.7403,10.6755],[6.741,10.6824],[6.7456,10.6875],[6.7458,10.6907],[6.7479,10.6925],[6.7487,10.7002],[6.7534,10.7072],[6.7585,10.7173],[6.76,10.7183],[6.7619,10.7236],[6.7684,10.7317],[6.7718,10.7312],[6.7742,10.7351],[6.7789,10.7358],[6.7807,10.7416],[6.7841,10.7467],[6.7898,10.7479],[6.7902,10.7499],[6.7989,10.755],[6.7995,10.7593],[6.7984,10.7613],[6.8001,10.7654],[6.8034,10.7666],[6.8043,10.7713],[6.804,10.7758],[6.8069,10.7771],[6.8087,10.7907],[6.8159,10.794],[6.8203,10.7917],[6.8253,10.7935],[6.8261,10.7908],[6.8295,10.7868],[6.8339,10.785],[6.8378,10.7821],[6.8386,10.7768],[6.8438,10.774],[6.846,10.7756],[6.8505,10.7755],[6.8565,10.7738],[6.8596,10.7721],[6.8632,10.7649],[6.8783,10.7572],[6.8919,10.7555],[6.9088,10.7507],[6.9153,10.7511],[6.9227,10.7475],[6.9283,10.7437],[6.9367,10.737],[6.94,10.7312],[6.9401,10.723],[6.9454,10.7157],[6.9517,10.7106],[6.9529,10.7081],[6.9559,10.7067],[6.9593,10.7028],[6.9638,10.701],[6.9713,10.6957],[6.9759,10.6947],[6.9807,10.6921],[6.9827,10.6878],[6.9902,10.6863],[6.9932,10.6829],[6.9929,10.6802],[6.9958,10.6775],[6.9953,10.6731],[6.9992,10.6664],[7.0022,10.6625],[7.0055,10.6541],[7.0058,10.65],[7.0076,10.6473],[7.0081,10.6433],[7.011,10.6385],[7.0112,10.6314],[7.0126,10.6288],[7.0116,10.626],[7.0122,10.6218],[7.0144,10.6174],[7.0147,10.6087],[7.0162,10.6059],[7.019,10.6048],[7.0173,10.6013],[7.0188,10.6001],[7.0198,10.5959],[7.0223,10.5953],[7.0247,10.587],[7.0267,10.5835],[7.0272,10.5791],[7.0293,10.5778],[7.0327,10.5718],[7.0347,10.566],[7.0389,10.5679],[7.0458,10.5729],[7.0496,10.5777],[7.052,10.5761],[7.0621,10.5655],[7.0653,10.5645],[7.0673,10.5654],[7.0721,10.564],[7.0851,10.5643],[7.0892,10.5639],[7.0939,10.5621],[7.0993,10.5622],[7.0983,10.5665],[7.1019,10.5714],[7.1019,10.5753],[7.104,10.5783],[7.1052,10.5826],[7.1089,10.5846],[7.1137,10.5947],[7.1145,10.5986],[7.1146,10.6051],[7.1169,10.6114],[7.1175,10.6202],[7.1202,10.6254],[7.1182,10.6311],[7.1191,10.636],[7.1243,10.6431],[7.1251,10.6488],[7.1251,10.6544],[7.1235,10.6592],[7.1226,10.6695],[7.1265,10.6775],[7.1287,10.6806],[7.1277,10.6853],[7.13,10.6947],[7.1282,10.699],[7.1275,10.7106],[7.1259,10.7125],[7.1214,10.715],[7.1178,10.7198],[7.1097,10.7174],[7.1079,10.7133],[7.1041,10.7126],[7.0981,10.7167],[7.093,10.7192],[7.0842,10.7264],[7.0849,10.733],[7.0831,10.7356],[7.0843,10.7396],[7.0828,10.7442],[7.0874,10.7498],[7.086,10.753],[7.0864,10.7638],[7.0848,10.7717],[7.0853,10.7783],[7.0839,10.7822],[7.0813,10.7848],[7.0742,10.7894],[7.0743,10.7914],[7.0653,10.8018],[7.0598,10.8065],[7.0555,10.8079],[7.0521,10.8124],[7.0485,10.8151],[7.0458,10.8146],[7.0415,10.8169],[7.0364,10.8212],[7.0349,10.8258],[7.0329,10.8284],[7.0283,10.8319],[7.0271,10.8345],[7.023,10.838],[7.0173,10.8413],[7.015,10.8437],[7.0052,10.8475],[6.9835,10.8466],[6.9678,10.8517],[6.9616,10.8584],[6.96,10.8661],[6.9638,10.8738],[6.9624,10.8813],[6.9624,10.8912],[6.9618,10.8974],[6.9564,10.8971],[6.951,10.8946],[6.9459,10.8935],[6.942,10.894],[6.9312,10.9021],[6.9287,10.9028],[6.9159,10.9006],[6.9115,10.9036],[6.9045,10.9042],[6.8976,10.9034],[6.8953,10.9017],[6.8915,10.9009],[6.8899,10.8986],[6.8829,10.8949],[6.8798,10.8861],[6.8797,10.8831],[6.8775,10.8815],[6.8722,10.8832],[6.8681,10.8824],[6.8652,10.8806],[6.8594,10.8798],[6.8562,10.8746],[6.8511,10.8708],[6.8497,10.8675],[6.8383,10.8635],[6.8352,10.8607],[6.8289,10.8571],[6.813,10.8514],[6.8094,10.8517],[6.8052,10.8482],[6.8023,10.8473],[6.801,10.8435],[6.7951,10.8407],[6.7938,10.8382],[6.7914,10.8385],[6.7884,10.8365],[6.7824,10.835],[6.7788,10.8361],[6.7725,10.8353],[6.7678,10.8401],[6.7631,10.8426],[6.7646,10.8503],[6.764,10.8538],[6.7565,10.855],[6.7547,10.8579],[6.7544,10.8629],[6.7501,10.8651],[6.746,10.866],[6.7416,10.8658],[6.7387,10.8683],[6.7314,10.8681],[6.723,10.8705],[6.7177,10.8653],[6.7149,10.8568],[6.7121,10.858],[6.7115,10.8537],[6.71,10.8526],[6.7042,10.8532],[6.698,10.853],[6.6901,10.8551],[6.6854,10.8557],[6.6775,10.8548],[6.6689,10.8462],[6.6649,10.8452],[6.6585,10.8465],[6.6539,10.8445],[6.6513,10.8391],[6.6504,10.8343],[6.6488,10.8335],[6.6476,10.8267],[6.6461,10.8248],[6.6469,10.8203],[6.6488,10.8167],[6.6499,10.8103],[6.6469,10.8082],[6.6449,10.8093],[6.6379,10.8067],[6.6296,10.8063],[6.6245,10.8018],[6.6251,10.7989],[6.6242,10.7945],[6.6185,10.7917],[6.6177,10.7875],[6.6121,10.789],[6.6037,10.7802],[6.5985,10.7802],[6.5966,10.7823],[6.5869,10.7803],[6.5878,10.7771],[6.5849,10.7763],[6.5809,10.776],[6.579,10.7695],[6.576,10.7681],[6.5732,10.7689],[6.5704,10.7623],[6.5653,10.7598],[6.5668,10.7553],[6.5663,10.7517],[6.567,10.7444],[6.5703,10.7327],[6.5711,10.7262],[6.57,10.7242],[6.566,10.7226],[6.5624,10.7193],[6.561,10.7223],[6.5574,10.7204],[6.5491,10.7181],[6.5431,10.7133],[6.5429,10.7093],[6.5455,10.7069],[6.5524,10.7046],[6.5546,10.7016],[6.5597,10.7015],[6.5679,10.6989],[6.5695,10.6957],[6.577,10.6971],[6.5788,10.7007],[6.5837,10.7058],[6.5909,10.7039],[6.593,10.7042],[6.5962,10.7021],[6.5988,10.7019],[6.6052,10.6971],[6.6191,10.6918],[6.6294,10.6817],[6.6333,10.6766],[6.6299,10.6718],[6.6272,10.6706],[6.6237,10.6667],[6.6197,10.661],[6.6198,10.6583],[6.617,10.6513],[6.6107,10.6446],[6.6101,10.6404],[6.6111,10.6335],[6.6106,10.6276],[6.6119,10.6251],[6.6105,10.6222],[6.6089,10.6152],[6.6085,10.608],[6.6113,10.6002],[6.611,10.5966],[6.6128,10.5947],[6.6129,10.5916],[6.6149,10.5873],[6.6155,10.5834]]]},"properties":{"name":"GAYAM","state":"18","code":"18/01/04"}},{"type":"Feature","geometry":{"type":"Polygon","coordinates":[[[6.9204,11.0965],[6.9226,11.102],[6.9242,11.104],[6.9261,11.1126],[6.9263,11.1168],[6.929,11.1236],[6.9269,11.1271],[6.9252,11.1357],[6.9261,11.1426],[6.9287,11.1457],[6.9318,11.1528],[6.9369,11.1535],[6.9401,11.157],[6.9417,11.1539],[6.9439,11.1532],[6.9435,11.1486],[6.9462,11.1432],[6.9487,11.136],[6.9516,11.132],[6.9536,11.1343],[6.958,11.1352],[6.9603,11.1374],[6.962,11.1431],[6.9617,11.1507],[6.9645,11.1553],[6.9649,11.1584],[6.9673,11.1622],[6.9754,11.1656],[6.9787,11.1634],[6.986,11.1665],[6.9959,11.1665],[6.9992,11.1677],[7.0043,11.1724],[7.0042,11.1769],[7.0059,11.1872],[7.0034,11.1916],[7.0053,11.1966],[7.0081,11.1974],[7.0108,11.2021],[7.0134,11.2101],[7.0132,11.2176],[6.9991,11.2268],[6.984,11.2343],[6.9757,11.239],[6.9677,11.2452],[6.9684,11.2477],[6.9612,11.249],[6.959,11.2506],[6.9591,11.2561],[6.9577,11.2622],[6.9526,11.2661],[6.9508,11.2695],[6.9471,11.274],[6.9471,11.2771],[6.9448,11.2834],[6.938,11.2906],[6.9372,11.2935],[6.9324,11.3003],[6.929,11.2997],[6.9233,11.3002],[6.9198,11.3037],[6.9172,11.3048],[6.9135,11.3036],[6.9113,11.3009],[6.906,11.3006],[6.9006,11.3031],[6.8993,11.3054],[6.8899,11.3072],[6.8813,11.3022],[6.8741,11.3026],[6.8703,11.3053],[6.8693,11.3074],[6.8653,11.3112],[6.8647,11.315],[6.8607,11.3188],[6.8539,11.3205],[6.8531,11.3223],[6.8437,11.3243],[6.8401,11.3278],[6.8358,11.3277],[6.8399,11.3189],[6.8362,11.3161],[6.8368,11.3135],[6.8357,11.31],[6.8295,11.3072],[6.8251,11.308],[6.821,11.3104],[6.8195,11.3084],[6.8153,11.3081],[6.7871,11.3198],[6.7773,11.3222],[6.774,11.3224],[6.7706,11.3201],[6.7679,11.3082],[6.7665,11.2969],[6.7668,11.2722],[6.7643,11.2673],[6.7606,11.2671],[6.7595,11.264],[6.7537,11.2622],[6.7305,11.2582],[6.7112,11.2492],[6.7034,11.239],[6.6976,11.228],[6.6928,11.2163],[6.6901,11.207],[6.6928,11.211],[6.6951,11.2124],[6.6974,11.22],[6.7004,11.2221],[6.7091,11.223],[6.7172,11.2207],[6.726,11.2164],[6.7303,11.2168],[6.7366,11.2155],[6.7395,11.2125],[6.7383,11.2092],[6.7331,11.2016],[6.7333,11.1984],[6.7369,11.1944],[6.7401,11.186],[6.7393,11.1806],[6.7432,11.1737],[6.7419,11.1698],[6.7387,11.168],[6.7373,11.1654],[6.7347,11.1657],[6.7315,11.1623],[6.7335,11.1573],[6.7377,11.1524],[6.7379,11.1499],[6.7456,11.1494],[6.7482,11.1519],[6.7554,11.1505],[6.7643,11.1533],[6.7671,11.1555],[6.7704,11.1545],[6.7757,11.1564],[6.7811,11.1558],[6.7853,11.1568],[6.7937,11.1631],[6.7949,11.1683],[6.7993,11.174],[6.8034,11.176],[6.8056,11.1785],[6.8083,11.1771],[6.8137,11.1719],[6.8169,11.164],[6.8171,11.1616],[6.8225,11.1577],[6.8233,11.1555],[6.8311,11.1514],[6.8427,11.1496],[6.8447,11.1483],[6.8479,11.1433],[6.8521,11.1398],[6.8554,11.1387],[6.8577,11.1359],[6.8556,11.1348],[6.8543,11.1313],[6.8511,11.1297],[6.8474,11.1257],[6.8547,11.1181],[6.8629,11.1088],[6.8707,11.1022],[6.8762,11.1008],[6.8803,11.0989],[6.8859,11.098],[6.89,11.0957],[6.8968,11.0944],[6.8992,11.0927],[6.9042,11.0922],[6.9075,11.0933],[6.9098,11.0954],[6.9164,11.0973],[6.9204,11.0965]]]},"properties":{"name":"KUYELO","state":"18","code":"18/01/05"}},{"type":"Feature","geometry":{"type":"Polygon","coordinates":[[[6.9045,10.9042],[6.9115,10.9036],[6.9159,10.9006],[6.9287,10.9028],[6.9312,10.9021],[6.942,10.894],[6.9459,10.8935],[6.951,10.8946],[6.9564,10.8971],[6.9618,10.8974],[6.9624,10.8912],[6.9624,10.8813],[6.9638,10.8738],[6.96,10.8661],[6.9616,10.8584],[6.9678,10.8517],[6.9835,10.8466],[7.0052,10.8475],[7.015,10.8437],[7.0173,10.8413],[7.023,10.838],[7.0271,10.8345],[7.0283,10.8319],[7.0329,10.8284],[7.0349,10.8258],[7.0364,10.8212],[7.0415,10.8169],[7.0458,10.8146],[7.0485,10.8151],[7.0521,10.8124],[7.0555,10.8079],[7.0598,10.8065],[7.0653,10.8018],[7.0743,10.7914],[7.0742,10.7894],[7.0813,10.7848],[7.0839,10.7822],[7.0884,10.7882],[7.0954,10.7899],[7.0996,10.7924],[7.1022,10.7976],[7.105,10.7985],[7.1103,10.803],[7.1113,10.8053],[7.1177,10.8109],[7.1178,10.8125],[7.1226,10.8163],[7.1281,10.8193],[7.1311,10.8218],[7.128,10.828],[7.1293,10.8338],[7.132,10.8393],[7.1305,10.8409],[7.1301,10.845],[7.1315,10.8484],[7.1314,10.8538],[7.1293,10.857],[7.1238,10.8571],[7.1227,10.8581],[7.1168,10.8583],[7.1145,10.8609],[7.1098,10.8586],[7.105,10.8614],[7.1024,10.866],[7.1043,10.8691],[7.1067,10.8697],[7.1078,10.8732],[7.1085,10.8808],[7.1064,10.8844],[7.1017,10.8857],[7.1016,10.8886],[7.104,10.8938],[7.1077,10.8961],[7.1107,10.8998],[7.1145,10.9013],[7.1165,10.9055],[7.1201,10.9089],[7.1181,10.9123],[7.1211,10.915],[7.1209,10.9217],[7.1233,10.924],[7.1243,10.9272],[7.1284,10.9296],[7.1306,10.9341],[7.128,10.9371],[7.1282,10.9402],[7.1307,10.9419],[7.1352,10.9492],[7.1357,10.9532],[7.1328,10.9576],[7.1321,10.962],[7.1288,10.9681],[7.1285,10.9755],[7.1329,10.9809],[7.1326,10.9827],[7.1271,10.9875],[7.1271,10.9915],[7.1247,10.9954],[7.1255,11.0014],[7.1225,11.0058],[7.1142,11.0065],[7.1117,11.0029],[7.1089,11.0013],[7.1034,10.994],[7.1003,10.991],[7.0941,10.9873],[7.0898,10.9836],[7.0895,10.9923],[7.0876,10.9987],[7.0874,11.002],[7.089,11.0093],[7.0879,11.0113],[7.0796,11.0169],[7.0743,11.0166],[7.0715,11.0225],[7.0675,11.0257],[7.0686,11.0285],[7.067,11.0357],[7.063,11.0398],[7.0566,11.0413],[7.0498,11.0461],[7.0499,11.0487],[7.0533,11.0549],[7.0578,11.0562],[7.0633,11.0637],[7.0656,11.0684],[7.0645,11.0711],[7.0651,11.0746],[7.0613,11.0827],[7.0624,11.0883],[7.0612,11.0915],[7.0587,11.0937],[7.0552,11.1017],[7.0492,11.1011],[7.0419,11.1042],[7.0432,11.1088],[7.0428,11.1163],[7.0397,11.1183],[7.0383,11.1222],[7.0355,11.1265],[7.035,11.1301],[7.0326,11.136],[7.0291,11.1356],[7.0281,11.133],[7.0203,11.1255],[7.0178,11.1214],[7.011,11.1148],[7.0056,11.1134],[7.0024,11.1097],[6.9995,11.1095],[6.9957,11.1068],[6.9932,11.1068],[6.9904,11.104],[6.9853,11.1035],[6.9846,11.1],[6.9803,11.0958],[6.9764,11.0952],[6.9777,11.0916],[6.9754,11.0908],[6.9678,11.0841],[6.9618,11.0766],[6.9576,11.0732],[6.9515,11.071],[6.9498,11.0723],[6.9466,11.0714],[6.9392,11.0738],[6.9368,11.0723],[6.9353,11.0631],[6.932,11.0575],[6.9282,11.0553],[6.9281,11.0499],[6.927,11.0457],[6.9286,11.0381],[6.9273,11.0368],[6.9281,11.0251],[6.9253,11.0176],[6.9228,11.0169],[6.9205,11.0123],[6.9188,11.0127],[6.9142,11.0093],[6.9122,11.0042],[6.9126,11.0011],[6.9094,10.9939],[6.9129,10.9849],[6.9126,10.9809],[6.9155,10.9787],[6.9166,10.9704],[6.9195,10.9663],[6.9196,10.9641],[6.9231,10.9605],[6.9222,10.9543],[6.9197,10.9494],[6.9224,10.9456],[6.9208,10.9425],[6.9213,10.9398],[6.9188,10.9348],[6.9154,10.9328],[6.9164,10.9281],[6.916,10.9245],[6.9117,10.9154],[6.9078,10.9103],[6.9045,10.9042]]]},"properties":{"name":"KAZAGE","state":"18","code":"18/01/06"}},{"type":"Feature","geometry":{"type":"Polygon","coordinates":[[[6.2258,10.9132],[6.2178,10.9051],[6.2092,10.9018],[6.1646,10.8931],[6.1578,10.8851],[6.164,10.8682],[6.1624,10.8661],[6.1637,10.86],[6.1628,10.8561],[6.1582,10.8527],[6.1541,10.8547],[6.1488,10.855],[6.1464,10.8532],[6.1398,10.8514],[6.1379,10.8501],[6.1305,10.8485],[6.1226,10.8449],[6.122,10.8361],[6.1304,10.8339],[6.1364,10.8253],[6.1337,10.8228],[6.1316,10.8187],[6.1268,10.8186],[6.1223,10.815],[6.1138,10.8144],[6.1122,10.8112],[6.1131,10.8083],[6.1132,10.8033],[6.1112,10.7997],[6.1101,10.7897],[6.1081,10.7831],[6.1057,10.7775],[6.102,10.7747],[6.1039,10.7695],[6.1091,10.7653],[6.1131,10.7602],[6.1117,10.7572],[6.111,10.7499],[6.1165,10.7429],[6.1167,10.7403],[6.1146,10.7377],[6.1116,10.7361],[6.1106,10.7319],[6.1071,10.7277],[6.1079,10.7228],[6.1037,10.7162],[6.0938,10.7106],[6.0944,10.7055],[6.0928,10.7021],[6.0937,10.6981],[6.0969,10.6982],[6.0989,10.7017],[6.1033,10.7011],[6.1075,10.7018],[6.1119,10.7004],[6.1151,10.6971],[6.1164,10.6942],[6.1142,10.6919],[6.1176,10.6868],[6.1281,10.684],[6.1326,10.679],[6.1372,10.6792],[6.139,10.6776],[6.1414,10.6723],[6.1422,10.6765],[6.147,10.6815],[6.1519,10.6824],[6.1603,10.6813],[6.1714,10.6761],[6.1721,10.6736],[6.1782,10.6722],[6.1893,10.6753],[6.1922,10.6789],[6.1947,10.6791],[6.2067,10.6758],[6.2098,10.6711],[6.2132,10.6721],[6.2172,10.6703],[6.2181,10.6643],[6.22,10.6627],[6.2174,10.6565],[6.2153,10.6546],[6.2153,10.6502],[6.214,10.646],[6.2173,10.6448],[6.2144,10.6383],[6.2199,10.6382],[6.2223,10.6362],[6.2233,10.6288],[6.2155,10.6264],[6.2126,10.6245],[6.2137,10.6184],[6.2127,10.6149],[6.2168,10.611],[6.2188,10.6022],[6.2181,10.5984],[6.2231,10.5957],[6.2273,10.598],[6.231,10.5989],[6.2415,10.6028],[6.2501,10.593],[6.253,10.5892],[6.2524,10.5871],[6.2475,10.582],[6.2465,10.5765],[6.2574,10.5799],[6.2696,10.5755],[6.2779,10.5778],[6.2823,10.5762],[6.287,10.5803],[6.2943,10.58],[6.2938,10.5849],[6.2966,10.5905],[6.2998,10.5898],[6.3097,10.5895],[6.3186,10.5944],[6.3204,10.5976],[6.3224,10.6091],[6.3241,10.6111],[6.3357,10.614],[6.3436,10.6053],[6.3448,10.6033],[6.3482,10.6048],[6.3503,10.6043],[6.3584,10.6048],[6.3643,10.6084],[6.3668,10.6126],[6.3693,10.6139],[6.3736,10.6114],[6.3782,10.6103],[6.3843,10.6127],[6.3847,10.6188],[6.384,10.6206],[6.3866,10.6241],[6.3863,10.6276],[6.3846,10.6321],[6.3797,10.6384],[6.3792,10.6415],[6.3853,10.6445],[6.3993,10.6485],[6.4062,10.6568],[6.4098,10.6591],[6.4102,10.6649],[6.4153,10.6665],[6.4203,10.6692],[6.4201,10.6756],[6.417,10.6822],[6.4115,10.6856],[6.4045,10.6863],[6.3995,10.6815],[6.3924,10.685],[6.3848,10.6877],[6.3841,10.6921],[6.3862,10.6958],[6.3881,10.705],[6.3932,10.7092],[6.3985,10.7174],[6.3988,10.7236],[6.4009,10.7267],[6.3981,10.7342],[6.3986,10.7429],[6.3973,10.7476],[6.4002,10.7478],[6.4058,10.7505],[6.4127,10.7526],[6.4182,10.7581],[6.4229,10.7591],[6.4274,10.7677],[6.4308,10.7733],[6.4337,10.7754],[6.4368,10.7814],[6.4397,10.7831],[6.4406,10.7862],[6.4448,10.7913],[6.4475,10.7961],[6.4491,10.7954],[6.4527,10.7977],[6.4537,10.8014],[6.4492,10.81],[6.4487,10.8184],[6.4502,10.821],[6.4547,10.8254],[6.4551,10.8327],[6.4465,10.8359],[6.4459,10.8382],[6.4416,10.8436],[6.4363,10.8489],[6.4333,10.8501],[6.428,10.8554],[6.4224,10.8584],[6.4152,10.8648],[6.4089,10.8755],[6.4061,10.8816],[6.4036,10.8771],[6.3987,10.8711],[6.3989,10.8674],[6.3975,10.8661],[6.3918,10.8688],[6.3902,10.871],[6.3844,10.8727],[6.3829,10.8754],[6.3791,10.8755],[6.3752,10.8778],[6.3715,10.8772],[6.3637,10.8797],[6.354,10.8779],[6.3517,10.8761],[6.3459,10.8765],[6.3438,10.8781],[6.3386,10.8791],[6.3214,10.8799],[6.3147,10.8778],[6.3124,10.8758],[6.3073,10.8735],[6.3027,10.8686],[6.296,10.8667],[6.2907,10.8683],[6.275,10.8694],[6.2683,10.8718],[6.2659,10.8751],[6.2585,10.878],[6.2509,10.8797],[6.2384,10.8846],[6.2341,10.8829],[6.2258,10.8814],[6.2227,10.8833],[6.2184,10.8826],[6.2191,10.8858],[6.2238,10.8908],[6.2303,10.8939],[6.2316,10.897],[6.2305,10.9002],[6.2279,10.903],[6.2259,10.9087],[6.2258,10.9132]]]},"properties":{"name":"KAKANGI","state":"18","code":"18/01/07"}},{"type":"Feature","geometry":{"type":"Polygon","coordinates":[[[6.9684,11.2477],[6.9724,11.2556],[6.9783,11.2637],[6.9841,11.2706],[6.9901,11.2762],[6.997,11.2811],[7.0028,11.288],[7.0087,11.2938],[7.0087,11.3044],[7.0076,11.311],[7.0087,11.3146],[7.0096,11.3309],[7.0082,11.3408],[7.0099,11.3474],[7.0134,11.346],[7.0136,11.3492],[7.0115,11.3528],[7.0062,11.3618],[6.9956,11.3606],[6.9885,11.3607],[6.9814,11.3596],[6.9755,11.3574],[6.9684,11.3575],[6.9613,11.3588],[6.959,11.3611],[6.9496,11.3659],[6.9403,11.3742],[6.9345,11.3754],[6.924,11.3825],[6.9193,11.3849],[6.911,11.385],[6.898,11.3841],[6.8953,11.3813],[6.8894,11.3836],[6.8878,11.3823],[6.8829,11.3742],[6.8815,11.373],[6.8792,11.3673],[6.8732,11.3647],[6.8589,11.3632],[6.8445,11.3604],[6.8376,11.3563],[6.8329,11.352],[6.8323,11.3473],[6.8334,11.3374],[6.8358,11.3277],[6.8401,11.3278],[6.8437,11.3243],[6.8531,11.3223],[6.8539,11.3205],[6.8607,11.3188],[6.8647,11.315],[6.8653,11.3112],[6.8693,11.3074],[6.8703,11.3053],[6.8741,11.3026],[6.8813,11.3022],[6.8899,11.3072],[6.8993,11.3054],[6.9006,11.3031],[6.906,11.3006],[6.9113,11.3009],[6.9135,11.3036],[6.9172,11.3048],[6.9198,11.3037],[6.9233,11.3002],[6.929,11.2997],[6.9324,11.3003],[6.9372,11.2935],[6.938,11.2906],[6.9448,11.2834],[6.9471,11.2771],[6.9471,11.274],[6.9508,11.2695],[6.9526,11.2661],[6.9577,11.2622],[6.9591,11.2561],[6.959,11.2506],[6.9612,11.249],[6.9684,11.2477]]]},"properties":{"name":"TABANNI","state":"18","code":"18/01/08"}},{"type":"Feature","geometry":{"type":"Polygon","coordinates":[[[7.1326,10.9827],[7.1365,10.9881],[7.144,10.9965],[7.144,10.9981],[7.1481,11.003],[7.1458,11.0079],[7.1457,11.0128],[7.1431,11.0166],[7.1437,11.019],[7.1402,11.0284],[7.1405,11.0322],[7.139,11.0369],[7.1449,11.0419],[7.1477,11.0426],[7.1514,11.0459],[7.1506,11.0543],[7.1509,11.0583],[7.1496,11.068],[7.1554,11.0704],[7.1579,11.0725],[7.1596,11.0798],[7.1578,11.0832],[7.1565,11.0896],[7.1543,11.0923],[7.153,11.0966],[7.1526,11.1018],[7.1538,11.1044],[7.1574,11.1059],[7.1603,11.1166],[7.1561,11.1222],[7.1556,11.1296],[7.1521,11.1288],[7.1443,11.1301],[7.1334,11.1356],[7.1297,11.1326],[7.1273,11.1279],[7.1231,11.1248],[7.1187,11.1248],[7.1134,11.1231],[7.1107,11.1269],[7.1085,11.1284],[7.1063,11.1321],[7.1003,11.1311],[7.0927,11.1329],[7.0863,11.1297],[7.085,11.1245],[7.0811,11.1215],[7.0792,11.1162],[7.0752,11.1139],[7.0716,11.1139],[7.0681,11.1109],[7.0656,11.1069],[7.0624,11.1066],[7.0588,11.1034],[7.0552,11.1017],[7.0587,11.0937],[7.0612,11.0915],[7.0624,11.0883],[7.0613,11.0827],[7.0651,11.0746],[7.0645,11.0711],[7.0656,11.0684],[7.0633,11.0637],[7.0578,11.0562],[7.0533,11.0549],[7.0499,11.0487],[7.0498,11.0461],[7.0566,11.0413],[7.063,11.0398],[7.067,11.0357],[7.0686,11.0285],[7.0675,11.0257],[7.0715,11.0225],[7.0743,11.0166],[7.0796,11.0169],[7.0879,11.0113],[7.089,11.0093],[7.0874,11.002],[7.0876,10.9987],[7.0895,10.9923],[7.0898,10.9836],[7.0941,10.9873],[7.1003,10.991],[7.1034,10.994],[7.1089,11.0013],[7.1117,11.0029],[7.1142,11.0065],[7.1225,11.0058],[7.1255,11.0014],[7.1247,10.9954],[7.1271,10.9915],[7.1271,10.9875],[7.1326,10.9827]]]},"properties":{"name":"DOGON DAWA","state":"18","code":"18/01/09"}},{"type":"Feature","geometry":{"type":"Polygon","coordinates":[[[6.9368,11.0723],[6.9392,11.0738],[6.9466,11.0714],[6.9498,11.0723],[6.9515,11.071],[6.9576,11.0732],[6.9618,11.0766],[6.9678,11.0841],[6.9754,11.0908],[6.9777,11.0916],[6.9764,11.0952],[6.9803,11.0958],[6.9846,11.1],[6.9853,11.1035],[6.9904,11.104],[6.9932,11.1068],[6.9957,11.1068],[6.9995,11.1095],[7.0024,11.1097],[7.0056,11.1134],[7.011,11.1148],[7.0178,11.1214],[7.0203,11.1255],[7.0281,11.133],[7.0291,11.1356],[7.0326,11.136],[7.035,11.1301],[7.0355,11.1265],[7.0383,11.1222],[7.0397,11.1183],[7.0428,11.1163],[7.0432,11.1088],[7.0419,11.1042],[7.0492,11.1011],[7.0552,11.1017],[7.0588,11.1034],[7.0624,11.1066],[7.0656,11.1069],[7.0681,11.1109],[7.0716,11.1139],[7.0752,11.1139],[7.0792,11.1162],[7.0811,11.1215],[7.085,11.1245],[7.0863,11.1297],[7.0927,11.1329],[7.1003,11.1311],[7.1063,11.1321],[7.1085,11.1284],[7.1107,11.1269],[7.1134,11.1231],[7.1187,11.1248],[7.1231,11.1248],[7.1273,11.1279],[7.1297,11.1326],[7.1334,11.1356],[7.1293,11.1382],[7.1234,11.145],[7.1187,11.1561],[7.1093,11.1625],[7.0958,11.1695],[7.0899,11.1748],[7.0846,11.181],[7.0767,11.1953],[7.069,11.2033],[7.0621,11.2073],[7.0584,11.2003],[7.0469,11.2048],[7.0402,11.2048],[7.0258,11.2094],[7.0132,11.2176],[7.0134,11.2101],[7.0108,11.2021],[7.0081,11.1974],[7.0053,11.1966],[7.0034,11.1916],[7.0059,11.1872],[7.0042,11.1769],[7.0043,11.1724],[6.9992,11.1677],[6.9959,11.1665],[6.986,11.1665],[6.9787,11.1634],[6.9754,11.1656],[6.9673,11.1622],[6.9649,11.1584],[6.9645,11.1553],[6.9617,11.1507],[6.962,11.1431],[6.9603,11.1374],[6.958,11.1352],[6.9536,11.1343],[6.9516,11.132],[6.9487,11.136],[6.9462,11.1432],[6.9435,11.1486],[6.9439,11.1532],[6.9417,11.1539],[6.9401,11.157],[6.9369,11.1535],[6.9318,11.1528],[6.9287,11.1457],[6.9261,11.1426],[6.9252,11.1357],[6.9269,11.1271],[6.929,11.1236],[6.9263,11.1168],[6.9261,11.1126],[6.9242,11.104],[6.9226,11.102],[6.9204,11.0965],[6.9258,11.0888],[6.9282,11.0883],[6.9298,11.0837],[6.9343,11.0786],[6.9346,11.0754],[6.9368,11.0723]]]},"properties":{"name":"KUTEMESI","state":"18","code":"18/01/10"}},{"type":"Feature","geometry":{"type":"Polygon","coordinates":[[[6.3843,10.6127],[6.3782,10.6103],[6.3736,10.6114],[6.3693,10.6139],[6.3668,10.6126],[6.3643,10.6084],[6.3584,10.6048],[6.3503,10.6043],[6.3482,10.6048],[6.3448,10.6033],[6.3436,10.6053],[6.3357,10.614],[6.3241,10.6111],[6.3224,10.6091],[6.3204,10.5976],[6.3186,10.5944],[6.3097,10.5895],[6.2998,10.5898],[6.2966,10.5905],[6.2938,10.5849],[6.2943,10.58],[6.287,10.5803],[6.2823,10.5762],[6.2779,10.5778],[6.2696,10.5755],[6.2574,10.5799],[6.2465,10.5765],[6.2475,10.582],[6.2524,10.5871],[6.253,10.5892],[6.2501,10.593],[6.2415,10.6028],[6.231,10.5989],[6.2273,10.598],[6.2231,10.5957],[6.2181,10.5984],[6.2188,10.6022],[6.2168,10.611],[6.2127,10.6149],[6.2137,10.6184],[6.2126,10.6245],[6.2155,10.6264],[6.2233,10.6288],[6.2223,10.6362],[6.2199,10.6382],[6.2144,10.6383],[6.2173,10.6448],[6.214,10.646],[6.2153,10.6502],[6.2153,10.6546],[6.2174,10.6565],[6.22,10.6627],[6.2181,10.6643],[6.2172,10.6703],[6.2132,10.6721],[6.2098,10.6711],[6.2067,10.6758],[6.1947,10.6791],[6.1922,10.6789],[6.1893,10.6753],[6.1782,10.6722],[6.1721,10.6736],[6.1714,10.6761],[6.1603,10.6813],[6.1519,10.6824],[6.147,10.6815],[6.1422,10.6765],[6.1414,10.6723],[6.1401,10.6705],[6.133,10.6669],[6.1331,10.6609],[6.1305,10.6577],[6.1312,10.6532],[6.1308,10.646],[6.127,10.6386],[6.1275,10.6344],[6.1234,10.6322],[6.1205,10.6266],[6.1202,10.6237],[6.1163,10.6122],[6.1148,10.6053],[6.1171,10.6021],[6.1275,10.5963],[6.1334,10.5918],[6.134,10.5901],[6.1299,10.5777],[6.1291,10.5702],[6.1275,10.5651],[6.1254,10.5616],[6.126,10.5586],[6.1245,10.5542],[6.12,10.5501],[6.112,10.5475],[6.109,10.5452],[6.1003,10.5466],[6.0997,10.5475],[6.0936,10.5462],[6.0945,10.5414],[6.0943,10.531],[6.0922,10.5218],[6.1583,10.5008],[6.1749,10.4422],[6.1614,10.4176],[6.1627,10.4144],[6.1616,10.4125],[6.1645,10.4081],[6.1629,10.4037],[6.1644,10.3986],[6.1663,10.3964],[6.1696,10.3955],[6.1698,10.3924],[6.1728,10.3883],[6.1751,10.3881],[6.1773,10.3851],[6.1731,10.3809],[6.1715,10.3746],[6.1698,10.3708],[6.1709,10.365],[6.1697,10.3585],[6.1734,10.3591],[6.1805,10.366],[6.1826,10.3738],[6.1842,10.3753],[6.1913,10.3772],[6.1928,10.3787],[6.1967,10.3783],[6.2046,10.3725],[6.2093,10.3749],[6.2138,10.3823],[6.2167,10.3894],[6.2194,10.3894],[6.2219,10.3858],[6.226,10.3846],[6.2319,10.3865],[6.2357,10.3848],[6.2442,10.4119],[6.2526,10.4247],[6.2554,10.4271],[6.2854,10.4142],[6.2872,10.4144],[6.2876,10.4203],[6.2862,10.4235],[6.2895,10.4239],[6.2932,10.422],[6.296,10.418],[6.3046,10.4257],[6.3023,10.4314],[6.31,10.4326],[6.317,10.439],[6.3201,10.4406],[6.3216,10.4435],[6.3238,10.4535],[6.3226,10.4562],[6.3154,10.4802],[6.3183,10.4816],[6.3188,10.4845],[6.3271,10.4952],[6.3553,10.5112],[6.3698,10.5279],[6.3829,10.5404],[6.3865,10.5509],[6.3918,10.5569],[6.3912,10.5613],[6.3927,10.562],[6.3971,10.5694],[6.3972,10.5727],[6.4024,10.5744],[6.3987,10.5778],[6.3956,10.583],[6.3967,10.5904],[6.3962,10.5975],[6.3977,10.5988],[6.3984,10.6033],[6.3883,10.6116],[6.3843,10.6127]]]},"properties":{"name":"RANDAGI","state":"18","code":"18/01/11"}},{"type":"Feature","geometry":{"type":"Polygon","coordinates":[[[7.2233,10.3834],[7.2244,10.3909],[7.2253,10.4024],[7.2274,10.4087],[7.2253,10.4126],[7.2269,10.4183],[7.2241,10.4254],[7.2246,10.4298],[7.2229,10.4327],[7.2195,10.4356],[7.2203,10.4392],[7.2236,10.445],[7.2231,10.4498],[7.2191,10.4512],[7.2152,10.4514],[7.2121,10.4531],[7.2123,10.4559],[7.2089,10.4549],[7.2081,10.4499],[7.2091,10.4456],[7.2067,10.437],[7.2011,10.4341],[7.2002,10.4291],[7.1945,10.4185],[7.1905,10.4156],[7.1871,10.4143],[7.1761,10.4066],[7.1791,10.3993],[7.1788,10.3969],[7.1837,10.3967],[7.1822,10.3899],[7.184,10.3847],[7.1842,10.3779],[7.1821,10.3726],[7.1834,10.368],[7.1826,10.365],[7.1805,10.3636],[7.1768,10.3635],[7.173,10.3593],[7.1661,10.3485],[7.1599,10.3468],[7.1529,10.3379],[7.1492,10.3417],[7.1469,10.339],[7.1448,10.3389],[7.1423,10.3337],[7.1391,10.3215],[7.1364,10.3201],[7.1348,10.3235],[7.1336,10.3293],[7.1346,10.337],[7.1333,10.3395],[7.1249,10.3331],[7.1209,10.3329],[7.1175,10.3312],[7.1129,10.3306],[7.11,10.3314],[7.1036,10.3291],[7.1003,10.33],[7.0926,10.3298],[7.0869,10.331],[7.0815,10.331],[7.0754,10.3343],[7.073,10.3308],[7.0686,10.3309],[7.0667,10.33],[7.0568,10.3326],[7.0554,10.3342],[7.0509,10.3356],[7.0486,10.3384],[7.0472,10.3454],[7.0483,10.349],[7.0481,10.3525],[7.0499,10.3554],[7.0516,10.3686],[7.0534,10.3728],[7.0532,10.3767],[7.0502,10.3787],[7.0439,10.3801],[7.04,10.3856],[7.035,10.3887],[7.0338,10.3905],[7.02,10.3958],[7.012,10.3946],[7.0025,10.4009],[6.997,10.4054],[6.9902,10.4067],[6.9851,10.4094],[6.9814,10.4099],[6.9733,10.4165],[6.9671,10.4189],[6.9588,10.4246],[6.9531,10.4259],[6.9482,10.4256],[6.9446,10.4242],[6.9379,10.4244],[6.9357,10.4251],[6.9318,10.4126],[6.9284,10.403],[6.9231,10.3822],[6.9263,10.3701],[6.9343,10.3613],[6.9488,10.3605],[6.9608,10.3621],[6.9772,10.3648],[6.9889,10.3605],[6.9969,10.3565],[7.0034,10.3566],[7.0202,10.3541],[7.0339,10.3436],[7.0435,10.3267],[7.0508,10.3171],[7.0492,10.301],[7.0459,10.2914],[7.0403,10.289],[7.0323,10.2874],[7.0259,10.2802],[7.0194,10.2737],[7.0171,10.266],[7.0098,10.2504],[7.0082,10.2424],[7.0034,10.2416],[7.0026,10.2472],[6.9961,10.2448],[6.9905,10.2408],[6.9873,10.2368],[6.9849,10.2368],[6.9825,10.244],[6.9704,10.2328],[6.9672,10.2223],[6.9656,10.2151],[6.9608,10.2071],[6.9592,10.2022],[6.9545,10.192],[6.9423,10.1806],[6.9287,10.1806],[6.9271,10.1862],[6.9214,10.191],[6.915,10.1886],[6.911,10.179],[6.9038,10.1685],[6.8949,10.1581],[6.8853,10.1508],[6.8821,10.1171],[6.8925,10.093],[6.9012,10.0764],[6.9064,10.0778],[6.9144,10.0778],[6.9262,10.0677],[6.9405,10.061],[6.9523,10.0476],[6.9834,10.0459],[7.0085,10.0448],[7.0187,10.0383],[7.0339,10.0442],[7.065,10.0425],[7.0852,10.0366],[7.0919,10.0324],[7.1003,10.0299],[7.1037,10.0316],[7.1054,10.0265],[7.1121,10.0265],[7.123,10.0299],[7.1249,10.033],[7.1382,10.0358],[7.1499,10.0349],[7.1668,10.0333],[7.1715,10.0315],[7.1756,10.0317],[7.1827,10.03],[7.1878,10.0296],[7.1902,10.0282],[7.2004,10.0333],[7.2071,10.0417],[7.2139,10.04],[7.216,10.0374],[7.2221,10.0373],[7.2267,10.0388],[7.2291,10.0384],[7.2324,10.0433],[7.2353,10.0443],[7.2381,10.0424],[7.2415,10.0447],[7.2477,10.0521],[7.25,10.054],[7.2629,10.0583],[7.2653,10.057],[7.2672,10.0534],[7.276,10.0545],[7.2779,10.062],[7.28,10.0644],[7.2796,10.0682],[7.2773,10.0739],[7.2779,10.083],[7.2786,10.0851],[7.2819,10.0878],[7.2794,10.0904],[7.2739,10.0913],[7.2721,10.088],[7.2651,10.0853],[7.2592,10.0846],[7.2557,10.0854],[7.2529,10.089],[7.2494,10.091],[7.2452,10.0904],[7.2345,10.0999],[7.2302,10.1022],[7.224,10.1092],[7.2244,10.114],[7.2228,10.1189],[7.2232,10.1241],[7.2189,10.1287],[7.2102,10.1323],[7.2115,10.1444],[7.2105,10.1542],[7.2115,10.1563],[7.2087,10.1614],[7.2067,10.1678],[7.2088,10.1754],[7.2071,10.1782],[7.2042,10.1799],[7.1998,10.1787],[7.1963,10.1791],[7.1946,10.1774],[7.1909,10.1793],[7.185,10.1858],[7.1763,10.1917],[7.1718,10.1942],[7.1666,10.1943],[7.1645,10.192],[7.1648,10.1884],[7.1667,10.1841],[7.1654,10.1821],[7.1662,10.1765],[7.1617,10.1742],[7.1608,10.1686],[7.1641,10.1658],[7.1623,10.1574],[7.163,10.1537],[7.1666,10.1495],[7.1661,10.1455],[7.162,10.1399],[7.163,10.134],[7.158,10.1351],[7.1567,10.1394],[7.1537,10.1424],[7.1479,10.1458],[7.1469,10.1488],[7.143,10.1503],[7.1416,10.1529],[7.1384,10.1531],[7.1308,10.159],[7.1301,10.1622],[7.1303,10.1682],[7.123,10.1712],[7.1211,10.1746],[7.1162,10.1769],[7.1118,10.177],[7.1085,10.1787],[7.1052,10.1847],[7.1107,10.1868],[7.1135,10.1903],[7.1149,10.1996],[7.1131,10.2045],[7.1154,10.2084],[7.1158,10.2121],[7.1177,10.2175],[7.119,10.2187],[7.1198,10.2235],[7.1229,10.23],[7.1233,10.235],[7.1274,10.2369],[7.1292,10.2431],[7.1306,10.2443],[7.1325,10.2502],[7.1411,10.2588],[7.1433,10.2592],[7.145,10.2627],[7.1476,10.2644],[7.1476,10.2686],[7.1488,10.273],[7.1527,10.2783],[7.1533,10.2849],[7.1571,10.2929],[7.1562,10.2975],[7.1579,10.3013],[7.1565,10.3028],[7.1564,10.3092],[7.153,10.3141],[7.1536,10.3169],[7.1618,10.3214],[7.168,10.3231],[7.1724,10.3284],[7.1778,10.3388],[7.1742,10.3476],[7.18,10.3523],[7.1823,10.3587],[7.1858,10.3602],[7.1886,10.3637],[7.1962,10.3691],[7.2012,10.3702],[7.2073,10.3691],[7.2136,10.3659],[7.2198,10.3678],[7.2216,10.369],[7.2231,10.3739],[7.2233,10.3834]]]},"properties":{"name":"CHIKUN","state":"18","code":"18/02/01"}},{"type":"Feature","geometry":{"type":"Polygon","coordinates":[[[7.28,10.0644],[7.2825,10.062],[7.2829,10.0551],[7.2896,10.0479],[7.2913,10.044],[7.2964,10.0445],[7.3045,10.0412],[7.3077,10.0418],[7.3107,10.0401],[7.319,10.0416],[7.3303,10.0463],[7.3382,10.0502],[7.3432,10.0515],[7.346,10.0538],[7.3467,10.0576],[7.35,10.0594],[7.3507,10.0639],[7.3534,10.0652],[7.3551,10.0683],[7.3542,10.0705],[7.3574,10.0731],[7.3585,10.0783],[7.3611,10.0811],[7.3663,10.0786],[7.3727,10.0798],[7.3746,10.082],[7.3782,10.0895],[7.3848,10.0985],[7.3852,10.1065],[7.3936,10.1131],[7.3965,10.1177],[7.4049,10.1213],[7.4125,10.1238],[7.4154,10.1235],[7.422,10.1263],[7.4261,10.1255],[7.4301,10.1273],[7.4343,10.1265],[7.4379,10.1317],[7.4422,10.135],[7.4408,10.1396],[7.4423,10.142],[7.4447,10.1412],[7.4452,10.1446],[7.4481,10.1435],[7.4535,10.1395],[7.4646,10.1323],[7.4728,10.1404],[7.4762,10.1369],[7.4796,10.1365],[7.4819,10.1332],[7.4863,10.135],[7.4844,10.139],[7.4795,10.1441],[7.4792,10.1494],[7.48,10.1552],[7.4778,10.1594],[7.4769,10.1674],[7.4776,10.1741],[7.4772,10.1802],[7.4781,10.1834],[7.4772,10.188],[7.4781,10.1929],[7.4812,10.199],[7.4804,10.2047],[7.4819,10.2122],[7.4812,10.2169],[7.4791,10.2236],[7.4796,10.2261],[7.4774,10.2335],[7.4836,10.2449],[7.4779,10.2472],[7.4704,10.2491],[7.4648,10.2479],[7.4609,10.2485],[7.4576,10.2515],[7.4526,10.2584],[7.4497,10.2595],[7.4444,10.26],[7.4351,10.2634],[7.4309,10.2686],[7.4294,10.272],[7.4218,10.2769],[7.4188,10.28],[7.4167,10.2857],[7.412,10.2879],[7.4107,10.29],[7.4064,10.2899],[7.3989,10.291],[7.3956,10.2923],[7.3905,10.2929],[7.3829,10.2923],[7.3801,10.2933],[7.368,10.2926],[7.3641,10.2929],[7.3617,10.2955],[7.3552,10.3055],[7.3564,10.313],[7.3597,10.3189],[7.3545,10.3236],[7.3501,10.3306],[7.3422,10.3348],[7.3415,10.3377],[7.3375,10.3385],[7.3333,10.3421],[7.3294,10.3419],[7.3235,10.3457],[7.3166,10.3526],[7.3145,10.3573],[7.3082,10.3599],[7.3055,10.3582],[7.3019,10.354],[7.2998,10.3536],[7.2958,10.3495],[7.2884,10.345],[7.2822,10.3438],[7.2789,10.3472],[7.2745,10.3479],[7.2734,10.3497],[7.2693,10.3505],[7.2619,10.3557],[7.2566,10.3613],[7.2525,10.3593],[7.2444,10.3605],[7.234,10.3573],[7.2293,10.3566],[7.2255,10.363],[7.2198,10.3678],[7.2136,10.3659],[7.2073,10.3691],[7.2012,10.3702],[7.1962,10.3691],[7.1886,10.3637],[7.1858,10.3602],[7.1823,10.3587],[7.18,10.3523],[7.1742,10.3476],[7.1778,10.3388],[7.1724,10.3284],[7.168,10.3231],[7.1618,10.3214],[7.1536,10.3169],[7.153,10.3141],[7.1564,10.3092],[7.1565,10.3028],[7.1579,10.3013],[7.1562,10.2975],[7.1571,10.2929],[7.1533,10.2849],[7.1527,10.2783],[7.1488,10.273],[7.1476,10.2686],[7.1476,10.2644],[7.145,10.2627],[7.1433,10.2592],[7.1411,10.2588],[7.1325,10.2502],[7.1306,10.2443],[7.1292,10.2431],[7.1274,10.2369],[7.1233,10.235],[7.1229,10.23],[7.1198,10.2235],[7.119,10.2187],[7.1177,10.2175],[7.1158,10.2121],[7.1154,10.2084],[7.1131,10.2045],[7.1149,10.1996],[7.1135,10.1903],[7.1107,10.1868],[7.1052,10.1847],[7.1085,10.1787],[7.1118,10.177],[7.1162,10.1769],[7.1211,10.1746],[7.123,10.1712],[7.1303,10.1682],[7.1301,10.1622],[7.1308,10.159],[7.1384,10.1531],[7.1416,10.1529],[7.143,10.1503],[7.1469,10.1488],[7.1479,10.1458],[7.1537,10.1424],[7.1567,10.1394],[7.158,10.1351],[7.163,10.134],[7.162,10.1399],[7.1661,10.1455],[7.1666,10.1495],[7.163,10.1537],[7.1623,10.1574],[7.1641,10.1658],[7.1608,10.1686],[7.1617,10.1742],[7.1662,10.1765],[7.1654,10.1821],[7.1667,10.1841],[7.1648,10.1884],[7.1645,10.192],[7.1666,10.1943],[7.1718,10.1942],[7.1763,10.1917],[7.185,10.1858],[7.1909,10.1793],[7.1946,10.1774],[7.1963,10.1791],[7.1998,10.1787],[7.2042,10.1799],[7.2071,10.1782],[7.2088,10.1754],[7.2067,10.1678],[7.2087,10.1614],[7.2115,10.1563],[7.2105,10.1542],[7.2115,10.1444],[7.2102,10.1323],[7.2189,10.1287],[7.2232,10.1241],[7.2228,10.1189],[7.2244,10.114],[7.224,10.1092],[7.2302,10.1022],[7.2345,10.0999],[7.2452,10.0904],[7.2494,10.091],[7.2529,10.089],[7.2557,10.0854],[7.2592,10.0846],[7.2651,10.0853],[7.2721,10.088],[7.2739,10.0913],[7.2794,10.0904],[7.2819,10.0878],[7.2786,10.0851],[7.2779,10.083],[7.2773,10.0739],[7.2796,10.0682],[7.28,10.0644]]]},"properties":{"name":"GWAGWADA","state":"18","code":"18/02/02"}},{"type":"Feature","geometry":{"type":"Polygon","coordinates":[[[7.2198,10.3678],[7.2255,10.363],[7.2293,10.3566],[7.234,10.3573],[7.2444,10.3605],[7.2525,10.3593],[7.2566,10.3613],[7.2619,10.3557],[7.2693,10.3505],[7.2734,10.3497],[7.2745,10.3479],[7.2789,10.3472],[7.2822,10.3438],[7.2884,10.345],[7.2958,10.3495],[7.2998,10.3536],[7.3019,10.354],[7.3055,10.3582],[7.3082,10.3599],[7.3145,10.3573],[7.3166,10.3526],[7.3235,10.3457],[7.3294,10.3419],[7.3333,10.3421],[7.3375,10.3385],[7.3415,10.3377],[7.3422,10.3348],[7.3501,10.3306],[7.3545,10.3236],[7.3597,10.3189],[7.3564,10.313],[7.3552,10.3055],[7.3617,10.2955],[7.3641,10.2929],[7.368,10.2926],[7.3801,10.2933],[7.3829,10.2923],[7.3905,10.2929],[7.3956,10.2923],[7.3989,10.291],[7.4064,10.2899],[7.4107,10.29],[7.412,10.2879],[7.4167,10.2857],[7.4188,10.28],[7.4218,10.2769],[7.4294,10.272],[7.4309,10.2686],[7.4351,10.2634],[7.4444,10.26],[7.4497,10.2595],[7.4526,10.2584],[7.4576,10.2515],[7.4609,10.2485],[7.4648,10.2479],[7.4704,10.2491],[7.4779,10.2472],[7.4836,10.2449],[7.4774,10.2335],[7.4796,10.2261],[7.4791,10.2236],[7.4812,10.2169],[7.4819,10.2122],[7.4804,10.2047],[7.4812,10.199],[7.4781,10.1929],[7.4772,10.188],[7.4781,10.1834],[7.4772,10.1802],[7.4776,10.1741],[7.4769,10.1674],[7.4778,10.1594],[7.48,10.1552],[7.4792,10.1494],[7.4795,10.1441],[7.4844,10.139],[7.4863,10.135],[7.4901,10.1367],[7.4914,10.1427],[7.4928,10.144],[7.4979,10.1457],[7.5008,10.1453],[7.5048,10.1471],[7.5083,10.1453],[7.5105,10.1468],[7.5109,10.15],[7.5165,10.1524],[7.519,10.1497],[7.5207,10.1499],[7.5252,10.1542],[7.5308,10.1582],[7.5321,10.1635],[7.528,10.1662],[7.5268,10.1731],[7.5308,10.1785],[7.5359,10.1802],[7.5335,10.1861],[7.5308,10.1874],[7.5324,10.1925],[7.5347,10.196],[7.5351,10.2015],[7.5337,10.2076],[7.5319,10.2114],[7.5344,10.2191],[7.5339,10.2217],[7.5355,10.225],[7.5341,10.2326],[7.5316,10.236],[7.531,10.2417],[7.528,10.2515],[7.5326,10.2628],[7.539,10.2697],[7.5437,10.2737],[7.5429,10.2791],[7.5432,10.2833],[7.5393,10.2972],[7.5348,10.3016],[7.5262,10.3049],[7.5245,10.3066],[7.5176,10.3089],[7.5208,10.3122],[7.525,10.3145],[7.5279,10.3186],[7.5282,10.321],[7.5313,10.3254],[7.5338,10.3267],[7.5317,10.3312],[7.5298,10.3319],[7.5299,10.3357],[7.5278,10.3385],[7.529,10.3452],[7.5241,10.3503],[7.5248,10.353],[7.521,10.3571],[7.5214,10.3605],[7.5142,10.3654],[7.5142,10.3683],[7.5085,10.3718],[7.5075,10.375],[7.5049,10.3727],[7.5024,10.3684],[7.4958,10.3694],[7.4914,10.371],[7.4885,10.3741],[7.4816,10.3765],[7.4738,10.3809],[7.4728,10.383],[7.4749,10.3876],[7.4861,10.392],[7.4906,10.3925],[7.4894,10.3973],[7.4853,10.4001],[7.4796,10.3994],[7.4738,10.4016],[7.4739,10.4052],[7.4772,10.4061],[7.4785,10.4091],[7.4752,10.4134],[7.4677,10.4163],[7.4636,10.4222],[7.4621,10.4215],[7.4578,10.4264],[7.4541,10.4262],[7.4479,10.4245],[7.4457,10.4239],[7.439,10.4244],[7.4374,10.4259],[7.4319,10.4248],[7.4292,10.4265],[7.4248,10.4254],[7.4235,10.4278],[7.4196,10.4259],[7.416,10.4274],[7.4152,10.4293],[7.412,10.43],[7.4084,10.433],[7.4089,10.4351],[7.4048,10.4354],[7.4055,10.4381],[7.4037,10.4433],[7.4001,10.4444],[7.3964,10.4479],[7.3925,10.4482],[7.3857,10.4462],[7.3829,10.4462],[7.3737,10.4421],[7.3717,10.4441],[7.371,10.4489],[7.3677,10.4503],[7.3659,10.4559],[7.3619,10.4621],[7.3582,10.4644],[7.3552,10.4641],[7.3546,10.4678],[7.3494,10.4708],[7.3462,10.4747],[7.346,10.478],[7.3434,10.4799],[7.3422,10.4879],[7.3405,10.4918],[7.3331,10.4931],[7.33,10.496],[7.3253,10.4956],[7.3245,10.4977],[7.3144,10.5013],[7.3092,10.5014],[7.3037,10.4984],[7.2987,10.4946],[7.293,10.4917],[7.291,10.4861],[7.2874,10.4808],[7.2795,10.4789],[7.276,10.4797],[7.2712,10.4782],[7.2734,10.4749],[7.2731,10.4708],[7.2744,10.4674],[7.2819,10.4598],[7.2833,10.4547],[7.2824,10.4495],[7.2797,10.4493],[7.2769,10.4461],[7.2707,10.4434],[7.2675,10.4375],[7.2668,10.4346],[7.267,10.4287],[7.2662,10.4223],[7.268,10.415],[7.2668,10.4101],[7.2631,10.4074],[7.2594,10.3996],[7.2559,10.3965],[7.2508,10.3955],[7.2453,10.3968],[7.2412,10.3965],[7.2385,10.3935],[7.2361,10.3892],[7.2233,10.3834],[7.2231,10.3739],[7.2216,10.369],[7.2198,10.3678]]]},"properties":{"name":"KAKAU","state":"18","code":"18/02/03"}},{"type":"Feature","geometry":{"type":"Polygon","coordinates":[[[7.5437,10.2737],[7.5475,10.2739],[7.5549,10.2779],[7.5706,10.283],[7.5802,10.2801],[7.5884,10.2816],[7.5862,10.2899],[7.5883,10.295],[7.5871,10.2999],[7.5841,10.304],[7.5866,10.3075],[7.5941,10.3038],[7.6043,10.303],[7.6044,10.3053],[7.6073,10.3059],[7.6065,10.3095],[7.6087,10.3134],[7.6069,10.3204],[7.6063,10.3264],[7.6073,10.3296],[7.6055,10.331],[7.61,10.3336],[7.6145,10.3386],[7.615,10.3406],[7.6087,10.3446],[7.6072,10.3521],[7.6084,10.3565],[7.6071,10.3608],[7.6043,10.3602],[7.6034,10.3696],[7.5998,10.3778],[7.5944,10.381],[7.5949,10.3904],[7.596,10.394],[7.5999,10.3966],[7.6088,10.3951],[7.6133,10.3923],[7.6185,10.3932],[7.6236,10.3898],[7.6272,10.3898],[7.6407,10.3932],[7.6449,10.393],[7.6464,10.396],[7.647,10.4013],[7.6507,10.3989],[7.6551,10.398],[7.6586,10.3981],[7.664,10.4049],[7.668,10.4079],[7.6712,10.4073],[7.674,10.4114],[7.6778,10.414],[7.6812,10.4115],[7.6865,10.4111],[7.6922,10.4128],[7.6973,10.4132],[7.697,10.4193],[7.7036,10.4291],[7.7045,10.4381],[7.7061,10.4391],[7.7054,10.4476],[7.7075,10.451],[7.7082,10.4548],[7.7175,10.4673],[7.7219,10.4694],[7.7251,10.4733],[7.7242,10.4812],[7.7226,10.4828],[7.7178,10.4836],[7.7105,10.49],[7.709,10.4948],[7.7065,10.4999],[7.7031,10.5025],[7.7023,10.509],[7.7043,10.5128],[7.6996,10.5145],[7.6984,10.5159],[7.6989,10.5208],[7.6981,10.5225],[7.6933,10.5263],[7.6942,10.5347],[7.6956,10.5396],[7.6939,10.5421],[7.6944,10.5487],[7.6922,10.5526],[7.6937,10.5572],[7.6991,10.5645],[7.7014,10.5688],[7.6956,10.5758],[7.6966,10.5796],[7.6961,10.5835],[7.6943,10.5853],[7.696,10.5893],[7.6901,10.5924],[7.6879,10.5893],[7.6833,10.5881],[7.6816,10.5848],[7.6803,10.5789],[7.6803,10.5707],[7.6778,10.5665],[7.6734,10.5619],[7.6674,10.5629],[7.6562,10.5625],[7.6518,10.5659],[7.6502,10.5687],[7.6443,10.569],[7.6382,10.5676],[7.6361,10.5686],[7.6306,10.567],[7.6274,10.5675],[7.6186,10.5656],[7.6174,10.5719],[7.6162,10.5726],[7.6126,10.5738],[7.6098,10.5778],[7.6044,10.5823],[7.5958,10.5814],[7.5874,10.5792],[7.5766,10.5843],[7.5714,10.5767],[7.5635,10.5811],[7.5597,10.5822],[7.5577,10.5808],[7.5532,10.5805],[7.5507,10.5791],[7.5488,10.5759],[7.5477,10.5717],[7.5431,10.5713],[7.5402,10.5736],[7.5371,10.5734],[7.534,10.5763],[7.5277,10.5744],[7.524,10.5723],[7.5216,10.5697],[7.5203,10.5646],[7.5165,10.5625],[7.5109,10.5641],[7.5078,10.5665],[7.5042,10.5638],[7.4966,10.5661],[7.4949,10.5679],[7.4905,10.5663],[7.4852,10.5657],[7.4874,10.5613],[7.4858,10.5537],[7.4833,10.549],[7.4823,10.5448],[7.4877,10.5455],[7.4934,10.5443],[7.5001,10.5415],[7.506,10.5422],[7.5136,10.5406],[7.5214,10.5415],[7.5205,10.538],[7.5223,10.5301],[7.5175,10.5218],[7.5149,10.5191],[7.51,10.516],[7.507,10.5121],[7.5064,10.5098],[7.5088,10.5075],[7.5106,10.503],[7.5143,10.5037],[7.5181,10.501],[7.5175,10.4994],[7.5215,10.4969],[7.5245,10.498],[7.5295,10.4978],[7.5378,10.4949],[7.5416,10.492],[7.5497,10.4896],[7.5521,10.483],[7.5537,10.4814],[7.5543,10.4771],[7.5528,10.4755],[7.5528,10.4704],[7.5574,10.4646],[7.5598,10.4633],[7.5691,10.4605],[7.5698,10.4589],[7.5754,10.4595],[7.5781,10.4527],[7.5818,10.4494],[7.5822,10.4441],[7.5803,10.443],[7.5748,10.4345],[7.5698,10.4296],[7.5764,10.4262],[7.5767,10.4158],[7.5717,10.4104],[7.5718,10.4047],[7.5693,10.4047],[7.5584,10.3995],[7.5549,10.4006],[7.5505,10.3979],[7.5438,10.4009],[7.5389,10.4],[7.5374,10.3979],[7.5308,10.3956],[7.529,10.3966],[7.526,10.3926],[7.5241,10.3935],[7.5188,10.3934],[7.5104,10.3949],[7.5057,10.3943],[7.5052,10.3929],[7.5013,10.3915],[7.4999,10.3873],[7.5005,10.3839],[7.5064,10.3776],[7.5075,10.375],[7.5085,10.3718],[7.5142,10.3683],[7.5142,10.3654],[7.5214,10.3605],[7.521,10.3571],[7.5248,10.353],[7.5241,10.3503],[7.529,10.3452],[7.5278,10.3385],[7.5299,10.3357],[7.5298,10.3319],[7.5317,10.3312],[7.5338,10.3267],[7.5313,10.3254],[7.5282,10.321],[7.5279,10.3186],[7.525,10.3145],[7.5208,10.3122],[7.5176,10.3089],[7.5245,10.3066],[7.5262,10.3049],[7.5348,10.3016],[7.5393,10.2972],[7.5432,10.2833],[7.5429,10.2791],[7.5437,10.2737]]]},"properties":{"name":"KUJAMA","state":"18","code":"18/02/04"}},{"type":"Feature","geometry":{"type":"Polygon","coordinates":[[[6.9529,10.7081],[6.9497,10.7023],[6.9438,10.6954],[6.943,10.6932],[6.9377,10.6896],[6.937,10.6844],[6.9314,10.6767],[6.9264,10.6728],[6.9219,10.6639],[6.9244,10.6578],[6.9236,10.6503],[6.9174,10.6459],[6.9043,10.643],[6.8948,10.6376],[6.8912,10.6346],[6.8851,10.6332],[6.8811,10.6301],[6.8772,10.6287],[6.8783,10.6228],[6.8777,10.6178],[6.8754,10.6126],[6.8715,10.6075],[6.8657,10.6073],[6.8609,10.6038],[6.8587,10.5999],[6.8553,10.5987],[6.85,10.5993],[6.8519,10.5928],[6.8516,10.5881],[6.8536,10.5818],[6.8526,10.5798],[6.8547,10.5751],[6.8546,10.5728],[6.8581,10.569],[6.8635,10.5672],[6.8654,10.5635],[6.8717,10.5596],[6.8771,10.5546],[6.8778,10.5522],[6.8821,10.5508],[6.8893,10.5468],[6.9126,10.538],[6.919,10.5308],[6.9266,10.517],[6.9243,10.5114],[6.93,10.5109],[6.9359,10.5002],[6.9479,10.4914],[6.9535,10.4822],[6.9544,10.4625],[6.9463,10.4504],[6.9383,10.4336],[6.9357,10.4251],[6.9379,10.4244],[6.9446,10.4242],[6.9482,10.4256],[6.9531,10.4259],[6.9588,10.4246],[6.9671,10.4189],[6.9733,10.4165],[6.9814,10.4099],[6.9851,10.4094],[6.9902,10.4067],[6.997,10.4054],[7.0025,10.4009],[7.012,10.3946],[7.02,10.3958],[7.0338,10.3905],[7.035,10.3887],[7.04,10.3856],[7.0439,10.3801],[7.0502,10.3787],[7.0532,10.3767],[7.0534,10.3728],[7.0516,10.3686],[7.0499,10.3554],[7.0481,10.3525],[7.0483,10.349],[7.0472,10.3454],[7.0486,10.3384],[7.0509,10.3356],[7.0554,10.3342],[7.0568,10.3326],[7.0667,10.33],[7.0686,10.3309],[7.073,10.3308],[7.0754,10.3343],[7.0815,10.331],[7.0869,10.331],[7.0926,10.3298],[7.1003,10.33],[7.1036,10.3291],[7.11,10.3314],[7.1129,10.3306],[7.1175,10.3312],[7.1209,10.3329],[7.1249,10.3331],[7.1333,10.3395],[7.1346,10.337],[7.1336,10.3293],[7.1348,10.3235],[7.1364,10.3201],[7.1391,10.3215],[7.1423,10.3337],[7.1448,10.3389],[7.1469,10.339],[7.1492,10.3417],[7.1529,10.3379],[7.1599,10.3468],[7.1661,10.3485],[7.173,10.3593],[7.1768,10.3635],[7.1805,10.3636],[7.1826,10.365],[7.1834,10.368],[7.1821,10.3726],[7.1842,10.3779],[7.184,10.3847],[7.1822,10.3899],[7.1837,10.3967],[7.1788,10.3969],[7.1791,10.3993],[7.1761,10.4066],[7.1871,10.4143],[7.1905,10.4156],[7.1945,10.4185],[7.2002,10.4291],[7.2011,10.4341],[7.2067,10.437],[7.2091,10.4456],[7.2081,10.4499],[7.2089,10.4549],[7.2123,10.4559],[7.2139,10.4576],[7.2226,10.4571],[7.2266,10.4609],[7.2257,10.4641],[7.2273,10.4669],[7.2256,10.4719],[7.2291,10.4736],[7.2319,10.4784],[7.2305,10.483],[7.2271,10.4822],[7.2236,10.4832],[7.2254,10.4864],[7.2293,10.4865],[7.2328,10.4877],[7.2377,10.4916],[7.2415,10.4956],[7.2396,10.4995],[7.2358,10.4971],[7.2298,10.4998],[7.2275,10.497],[7.2252,10.4971],[7.2228,10.4995],[7.2229,10.511],[7.2222,10.5145],[7.2243,10.5167],[7.2276,10.5157],[7.2365,10.5157],[7.2427,10.5133],[7.2453,10.5108],[7.2509,10.5126],[7.2539,10.5124],[7.2566,10.5201],[7.2532,10.5238],[7.2497,10.5239],[7.2483,10.5267],[7.2456,10.5262],[7.2415,10.528],[7.2372,10.5321],[7.2373,10.5336],[7.242,10.5348],[7.2468,10.5383],[7.2482,10.5419],[7.245,10.5427],[7.2431,10.5448],[7.2502,10.5521],[7.2534,10.5547],[7.2556,10.5584],[7.2556,10.5611],[7.2609,10.564],[7.2653,10.5653],[7.2673,10.5671],[7.2736,10.5702],[7.2738,10.5731],[7.2781,10.5838],[7.2815,10.5845],[7.2847,10.5835],[7.2909,10.5847],[7.2887,10.5908],[7.2971,10.5958],[7.3017,10.5977],[7.3057,10.6025],[7.3092,10.6015],[7.3113,10.6077],[7.3103,10.6121],[7.3105,10.616],[7.3091,10.627],[7.3103,10.6293],[7.3113,10.6373],[7.3052,10.639],[7.3019,10.6374],[7.298,10.6428],[7.2922,10.6418],[7.2898,10.6395],[7.2818,10.6377],[7.2768,10.6376],[7.2753,10.6399],[7.2713,10.6409],[7.2701,10.6436],[7.2659,10.6465],[7.2629,10.6471],[7.2636,10.6499],[7.2659,10.6523],[7.2654,10.6568],[7.2663,10.6608],[7.2657,10.6644],[7.2588,10.663],[7.2514,10.6658],[7.2478,10.6682],[7.2389,10.6719],[7.2309,10.6718],[7.2211,10.6695],[7.2177,10.6674],[7.2131,10.6674],[7.2126,10.6694],[7.2141,10.6753],[7.2136,10.6837],[7.2154,10.6878],[7.2157,10.6916],[7.2176,10.6954],[7.2176,10.7026],[7.2201,10.7073],[7.2192,10.7108],[7.2165,10.7117],[7.2116,10.7157],[7.2093,10.7167],[7.2092,10.7215],[7.2105,10.7252],[7.2102,10.7323],[7.206,10.7375],[7.2048,10.7414],[7.1988,10.743],[7.1941,10.7455],[7.1855,10.7513],[7.1806,10.7493],[7.1779,10.7509],[7.1727,10.751],[7.1703,10.7485],[7.1656,10.7465],[7.1612,10.7476],[7.1561,10.7455],[7.1548,10.7435],[7.1591,10.7409],[7.1574,10.7349],[7.1537,10.7356],[7.1481,10.7341],[7.1438,10.7312],[7.1401,10.7298],[7.1367,10.7299],[7.1264,10.7261],[7.1216,10.7216],[7.1178,10.7198],[7.1214,10.715],[7.1259,10.7125],[7.1275,10.7106],[7.1282,10.699],[7.13,10.6947],[7.1277,10.6853],[7.1287,10.6806],[7.1265,10.6775],[7.1226,10.6695],[7.1235,10.6592],[7.1251,10.6544],[7.1251,10.6488],[7.1243,10.6431],[7.1191,10.636],[7.1182,10.6311],[7.1202,10.6254],[7.1175,10.6202],[7.1169,10.6114],[7.1146,10.6051],[7.1145,10.5986],[7.1137,10.5947],[7.1089,10.5846],[7.1052,10.5826],[7.104,10.5783],[7.1019,10.5753],[7.1019,10.5714],[7.0983,10.5665],[7.0993,10.5622],[7.0939,10.5621],[7.0892,10.5639],[7.0851,10.5643],[7.0721,10.564],[7.0673,10.5654],[7.0653,10.5645],[7.0621,10.5655],[7.052,10.5761],[7.0496,10.5777],[7.0458,10.5729],[7.0389,10.5679],[7.0347,10.566],[7.0327,10.5718],[7.0293,10.5778],[7.0272,10.5791],[7.0267,10.5835],[7.0247,10.587],[7.0223,10.5953],[7.0198,10.5959],[7.0188,10.6001],[7.0173,10.6013],[7.019,10.6048],[7.0162,10.6059],[7.0147,10.6087],[7.0144,10.6174],[7.0122,10.6218],[7.0116,10.626],[7.0126,10.6288],[7.0112,10.6314],[7.011,10.6385],[7.0081,10.6433],[7.0076,10.6473],[7.0058,10.65],[7.0055,10.6541],[7.0022,10.6625],[6.9992,10.6664],[6.9953,10.6731],[6.9958,10.6775],[6.9929,10.6802],[6.9932,10.6829],[6.9902,10.6863],[6.9827,10.6878],[6.9807,10.6921],[6.9759,10.6947],[6.9713,10.6957],[6.9638,10.701],[6.9593,10.7028],[6.9559,10.7067],[6.9529,10.7081]]]},"properties":{"name":"KUNAI","state":"18","code":"18/02/05"}},{"type":"Feature","geometry":{"type":"Polygon","coordinates":[[[6.7194,10.6432],[6.7296,10.6419],[6.7418,10.6439],[6.7503,10.6422],[6.7564,10.6434],[6.7599,10.6453],[6.7749,10.6408],[6.7853,10.6392],[6.7963,10.6411],[6.803,10.6432],[6.8166,10.6384],[6.8295,10.6247],[6.8303,10.6119],[6.8295,10.5998],[6.8351,10.5958],[6.8387,10.5854],[6.8419,10.5725],[6.8411,10.5573],[6.8395,10.5492],[6.8355,10.538],[6.8395,10.5316],[6.8443,10.5283],[6.8492,10.5308],[6.8564,10.538],[6.8612,10.5508],[6.8691,10.5554],[6.8778,10.5522],[6.8771,10.5546],[6.8717,10.5596],[6.8654,10.5635],[6.8635,10.5672],[6.8581,10.569],[6.8546,10.5728],[6.8547,10.5751],[6.8526,10.5798],[6.8536,10.5818],[6.8516,10.5881],[6.8519,10.5928],[6.85,10.5993],[6.8553,10.5987],[6.8587,10.5999],[6.8609,10.6038],[6.8657,10.6073],[6.8715,10.6075],[6.8754,10.6126],[6.8777,10.6178],[6.8783,10.6228],[6.8772,10.6287],[6.8811,10.6301],[6.8851,10.6332],[6.8912,10.6346],[6.8948,10.6376],[6.9043,10.643],[6.9174,10.6459],[6.9236,10.6503],[6.9244,10.6578],[6.9219,10.6639],[6.9264,10.6728],[6.9314,10.6767],[6.937,10.6844],[6.9377,10.6896],[6.943,10.6932],[6.9438,10.6954],[6.9497,10.7023],[6.9529,10.7081],[6.9517,10.7106],[6.9454,10.7157],[6.9401,10.723],[6.94,10.7312],[6.9367,10.737],[6.9283,10.7437],[6.9227,10.7475],[6.9153,10.7511],[6.9088,10.7507],[6.8919,10.7555],[6.8783,10.7572],[6.8632,10.7649],[6.8596,10.7721],[6.8565,10.7738],[6.8505,10.7755],[6.846,10.7756],[6.8438,10.774],[6.8386,10.7768],[6.8378,10.7821],[6.8339,10.785],[6.8295,10.7868],[6.8261,10.7908],[6.8253,10.7935],[6.8203,10.7917],[6.8159,10.794],[6.8087,10.7907],[6.8069,10.7771],[6.804,10.7758],[6.8043,10.7713],[6.8034,10.7666],[6.8001,10.7654],[6.7984,10.7613],[6.7995,10.7593],[6.7989,10.755],[6.7902,10.7499],[6.7898,10.7479],[6.7841,10.7467],[6.7807,10.7416],[6.7789,10.7358],[6.7742,10.7351],[6.7718,10.7312],[6.7684,10.7317],[6.7619,10.7236],[6.76,10.7183],[6.7585,10.7173],[6.7534,10.7072],[6.7487,10.7002],[6.7479,10.6925],[6.7458,10.6907],[6.7456,10.6875],[6.741,10.6824],[6.7403,10.6755],[6.7405,10.6709],[6.7374,10.6707],[6.7367,10.6673],[6.7338,10.6669],[6.7286,10.6632],[6.7277,10.6595],[6.7255,10.6567],[6.7246,10.6519],[6.7194,10.6432]]]},"properties":{"name":"KURIGA","state":"18","code":"18/02/06"}},{"type":"Feature","geometry":{"type":"Polygon","coordinates":[[[7.4725,10.4664],[7.4689,10.4812],[7.469,10.4886],[7.4623,10.4873],[7.4566,10.4847],[7.4475,10.4876],[7.4463,10.4901],[7.443,10.4898],[7.4397,10.4867],[7.4417,10.4811],[7.4402,10.4706],[7.4405,10.4671],[7.4394,10.4621],[7.4378,10.4619],[7.4341,10.4567],[7.4374,10.4522],[7.4448,10.4505],[7.4491,10.4489],[7.4517,10.4477],[7.4494,10.458],[7.4528,10.4579],[7.4581,10.4653],[7.4637,10.4689],[7.4725,10.4664]]]},"properties":{"name":"NARAYI","state":"18","code":"18/02/07"}},{"type":"Feature","geometry":{"type":"MultiPolygon","coordinates":[[[[7.2233,10.3834],[7.2361,10.3892],[7.2385,10.3935],[7.2412,10.3965],[7.2453,10.3968],[7.2508,10.3955],[7.2559,10.3965],[7.2594,10.3996],[7.2631,10.4074],[7.2668,10.4101],[7.268,10.415],[7.2662,10.4223],[7.267,10.4287],[7.2668,10.4346],[7.2675,10.4375],[7.2707,10.4434],[7.2769,10.4461],[7.2797,10.4493],[7.2824,10.4495],[7.2833,10.4547],[7.2819,10.4598],[7.2744,10.4674],[7.2731,10.4708],[7.2734,10.4749],[7.2712,10.4782],[7.276,10.4797],[7.2795,10.4789],[7.2874,10.4808],[7.291,10.4861],[7.2872,10.4917],[7.288,10.4937],[7.2857,10.4988],[7.2875,10.5014],[7.2868,10.5036],[7.2859,10.5147],[7.281,10.5168],[7.275,10.5167],[7.2699,10.5187],[7.2626,10.515],[7.2571,10.5165],[7.2539,10.5124],[7.2509,10.5126],[7.2453,10.5108],[7.2427,10.5133],[7.2365,10.5157],[7.2276,10.5157],[7.2243,10.5167],[7.2222,10.5145],[7.2229,10.511],[7.2228,10.4995],[7.2252,10.4971],[7.2275,10.497],[7.2298,10.4998],[7.2358,10.4971],[7.2396,10.4995],[7.2415,10.4956],[7.2377,10.4916],[7.2328,10.4877],[7.2293,10.4865],[7.2254,10.4864],[7.2236,10.4832],[7.2271,10.4822],[7.2305,10.483],[7.2319,10.4784],[7.2291,10.4736],[7.2256,10.4719],[7.2273,10.4669],[7.2257,10.4641],[7.2266,10.4609],[7.2226,10.4571],[7.2139,10.4576],[7.2123,10.4559],[7.2121,10.4531],[7.2152,10.4514],[7.2191,10.4512],[7.2231,10.4498],[7.2236,10.445],[7.2203,10.4392],[7.2195,10.4356],[7.2229,10.4327],[7.2246,10.4298],[7.2241,10.4254],[7.2269,10.4183],[7.2253,10.4126],[7.2274,10.4087],[7.2253,10.4024],[7.2244,10.3909],[7.2233,10.3834]]],[[[7.3986,10.4839],[7.3933,10.4813],[7.3879,10.4808],[7.3854,10.4749],[7.385,10.4702],[7.3862,10.4664],[7.3935,10.4663],[7.3985,10.4675],[7.402,10.4713],[7.4048,10.4726],[7.4034,10.476],[7.4002,10.4801],[7.3986,10.4839]]]]},"properties":{"name":"NASARAWA","state":"18","code":"18/02/08"}},{"type":"Feature","geometry":{"type":"Polygon","coordinates":[[[7.5075,10.375],[7.5064,10.3776],[7.5005,10.3839],[7.4999,10.3873],[7.5013,10.3915],[7.5052,10.3929],[7.5057,10.3943],[7.5104,10.3949],[7.5188,10.3934],[7.5241,10.3935],[7.526,10.3926],[7.529,10.3966],[7.5308,10.3956],[7.5374,10.3979],[7.5389,10.4],[7.5438,10.4009],[7.5505,10.3979],[7.5549,10.4006],[7.5584,10.3995],[7.5693,10.4047],[7.5718,10.4047],[7.5717,10.4104],[7.5767,10.4158],[7.5764,10.4262],[7.5698,10.4296],[7.5748,10.4345],[7.5803,10.443],[7.5822,10.4441],[7.5818,10.4494],[7.5781,10.4527],[7.5754,10.4595],[7.5698,10.4589],[7.5691,10.4605],[7.5598,10.4633],[7.5574,10.4646],[7.5528,10.4704],[7.5528,10.4755],[7.5543,10.4771],[7.5537,10.4814],[7.5521,10.483],[7.5497,10.4896],[7.5416,10.492],[7.5378,10.4949],[7.5295,10.4978],[7.5245,10.498],[7.5215,10.4969],[7.5175,10.4994],[7.5181,10.501],[7.5143,10.5037],[7.5106,10.503],[7.5088,10.5075],[7.5064,10.5098],[7.507,10.5121],[7.51,10.516],[7.5149,10.5191],[7.5175,10.5218],[7.5223,10.5301],[7.5205,10.538],[7.5214,10.5415],[7.5136,10.5406],[7.506,10.5422],[7.5001,10.5415],[7.4934,10.5443],[7.4877,10.5455],[7.4823,10.5448],[7.4813,10.5436],[7.4786,10.5404],[7.4753,10.5397],[7.4753,10.5367],[7.4713,10.5269],[7.4709,10.5243],[7.4686,10.5214],[7.4676,10.5172],[7.4645,10.5105],[7.4578,10.5001],[7.4507,10.495],[7.4463,10.4901],[7.4475,10.4876],[7.4566,10.4847],[7.4623,10.4873],[7.469,10.4886],[7.4689,10.4812],[7.4725,10.4664],[7.4794,10.461],[7.4767,10.4593],[7.4809,10.4549],[7.4869,10.4518],[7.4889,10.4524],[7.4945,10.4416],[7.4917,10.4289],[7.4889,10.4203],[7.4795,10.4113],[7.4765,10.4142],[7.4752,10.4134],[7.4785,10.4091],[7.4772,10.4061],[7.4739,10.4052],[7.4738,10.4016],[7.4796,10.3994],[7.4853,10.4001],[7.4894,10.3973],[7.4906,10.3925],[7.4861,10.392],[7.4749,10.3876],[7.4728,10.383],[7.4738,10.3809],[7.4816,10.3765],[7.4885,10.3741],[7.4914,10.371],[7.4958,10.3694],[7.5024,10.3684],[7.5049,10.3727],[7.5075,10.375]]]},"properties":{"name":"RIDO","state":"18","code":"18/02/09"}},{"type":"Feature","geometry":{"type":"Polygon","coordinates":[[[7.4752,10.4134],[7.4765,10.4142],[7.4795,10.4113],[7.4889,10.4203],[7.4917,10.4289],[7.4945,10.4416],[7.4889,10.4524],[7.4869,10.4518],[7.4809,10.4549],[7.4767,10.4593],[7.4794,10.461],[7.4725,10.4664],[7.4637,10.4689],[7.4581,10.4653],[7.4528,10.4579],[7.4494,10.458],[7.4517,10.4477],[7.4491,10.4489],[7.4479,10.4474],[7.4496,10.4395],[7.4487,10.4326],[7.4492,10.4291],[7.4479,10.4245],[7.4541,10.4262],[7.4578,10.4264],[7.4621,10.4215],[7.4636,10.4222],[7.4677,10.4163],[7.4752,10.4134]]]},"properties":{"name":"SABON TASHA","state":"18","code":"18/02/10"}},{"type":"Feature","geometry":{"type":"Polygon","coordinates":[[[7.4479,10.4245],[7.4492,10.4291],[7.4487,10.4326],[7.4496,10.4395],[7.4479,10.4474],[7.4491,10.4489],[7.4448,10.4505],[7.4374,10.4522],[7.4355,10.4526],[7.4347,10.4522],[7.4323,10.4442],[7.4192,10.4445],[7.4169,10.4399],[7.4139,10.4368],[7.4089,10.4351],[7.4084,10.433],[7.412,10.43],[7.4152,10.4293],[7.416,10.4274],[7.4196,10.4259],[7.4235,10.4278],[7.4248,10.4254],[7.4292,10.4265],[7.4319,10.4248],[7.4374,10.4259],[7.439,10.4244],[7.4457,10.4239],[7.4479,10.4245]]]},"properties":{"name":"UNG. YELWA","state":"18","code":"18/02/11"}},{"type":"Feature","geometry":{"type":"Polygon","coordinates":[[[7.3964,10.4479],[7.3982,10.4491],[7.3979,10.4568],[7.4015,10.4587],[7.4006,10.4612],[7.402,10.4637],[7.3982,10.4631],[7.3985,10.4675],[7.3935,10.4663],[7.3862,10.4664],[7.385,10.4702],[7.3854,10.4749],[7.3879,10.4808],[7.3845,10.4868],[7.378,10.4895],[7.3647,10.4894],[7.3469,10.4917],[7.3405,10.4918],[7.3422,10.4879],[7.3434,10.4799],[7.346,10.478],[7.3462,10.4747],[7.3494,10.4708],[7.3546,10.4678],[7.3552,10.4641],[7.3582,10.4644],[7.3619,10.4621],[7.3659,10.4559],[7.3677,10.4503],[7.371,10.4489],[7.3717,10.4441],[7.3737,10.4421],[7.3829,10.4462],[7.3857,10.4462],[7.3925,10.4482],[7.3964,10.4479]]]},"properties":{"name":"S/GGARIN AREWA TIRKANIYA","state":"18","code":"18/02/12"}},{"type":"Feature","geometry":{"type":"Polygon","coordinates":[[[7.5009,11.2874],[7.4972,11.2876],[7.4906,11.2851],[7.4858,11.2863],[7.4841,11.2843],[7.4792,11.282],[7.4697,11.2791],[7.465,11.2805],[7.4623,11.2837],[7.4622,11.2863],[7.4591,11.2891],[7.4581,11.2924],[7.4634,11.2953],[7.4631,11.2974],[7.4662,11.2987],[7.4672,11.3042],[7.4636,11.3102],[7.4589,11.3159],[7.4562,11.3223],[7.4588,11.329],[7.4614,11.331],[7.462,11.3336],[7.465,11.3373],[7.4651,11.3485],[7.4614,11.3523],[7.4556,11.349],[7.4535,11.3513],[7.4477,11.3511],[7.4443,11.3518],[7.438,11.3557],[7.4343,11.3529],[7.4288,11.3503],[7.4283,11.344],[7.4221,11.3431],[7.4218,11.334],[7.4112,11.3284],[7.4095,11.3244],[7.4067,11.3231],[7.4053,11.3204],[7.4069,11.3163],[7.4127,11.3129],[7.4144,11.3104],[7.4176,11.3083],[7.4195,11.3057],[7.4183,11.3021],[7.4186,11.295],[7.4154,11.2952],[7.4117,11.2923],[7.4148,11.2857],[7.4094,11.2856],[7.4053,11.2881],[7.4068,11.2804],[7.4114,11.274],[7.4128,11.2683],[7.4178,11.2648],[7.4243,11.2657],[7.4298,11.2698],[7.4413,11.2639],[7.4476,11.262],[7.4551,11.2618],[7.4578,11.261],[7.4597,11.2581],[7.4611,11.2502],[7.4602,11.2472],[7.4647,11.2483],[7.4707,11.2518],[7.4726,11.2508],[7.4754,11.2541],[7.4816,11.2529],[7.4844,11.2444],[7.4859,11.2418],[7.4903,11.2393],[7.4997,11.2367],[7.5052,11.2334],[7.5096,11.2418],[7.505,11.2461],[7.5056,11.254],[7.5047,11.2591],[7.4943,11.2616],[7.4901,11.2615],[7.4879,11.2629],[7.4856,11.2671],[7.495,11.2734],[7.4976,11.2775],[7.5002,11.2799],[7.4998,11.2848],[7.5009,11.2874]]]},"properties":{"name":"GIWA","state":"18","code":"18/03/01"}},{"type":"Feature","geometry":{"type":"Polygon","coordinates":[[[7.4128,11.2683],[7.406,11.2639],[7.4024,11.26],[7.3992,11.254],[7.3957,11.252],[7.3937,11.2526],[7.3889,11.2511],[7.3815,11.2514],[7.3753,11.2496],[7.3708,11.2465],[7.3687,11.2438],[7.3693,11.242],[7.3637,11.2333],[7.3629,11.2284],[7.3695,11.2278],[7.3729,11.223],[7.3769,11.2227],[7.3791,11.2239],[7.3825,11.2231],[7.3875,11.2148],[7.394,11.2156],[7.4047,11.214],[7.4111,11.2155],[7.4136,11.2177],[7.4201,11.2164],[7.4251,11.2173],[7.432,11.2162],[7.4328,11.2107],[7.4281,11.1978],[7.4255,11.1969],[7.4256,11.1917],[7.4235,11.1895],[7.4237,11.1868],[7.4214,11.1801],[7.4218,11.1758],[7.4188,11.174],[7.4087,11.1742],[7.4123,11.1675],[7.4158,11.1655],[7.4202,11.1603],[7.4217,11.1524],[7.4241,11.1468],[7.4278,11.1412],[7.4311,11.1405],[7.4339,11.1349],[7.4378,11.1231],[7.4403,11.1185],[7.4436,11.1203],[7.4454,11.1239],[7.45,11.1288],[7.4688,11.1325],[7.4721,11.1285],[7.4757,11.1262],[7.4801,11.1255],[7.4842,11.134],[7.4895,11.1345],[7.4909,11.1447],[7.4923,11.1469],[7.4958,11.1479],[7.4942,11.151],[7.4927,11.1555],[7.4899,11.1581],[7.49,11.1602],[7.485,11.1659],[7.4834,11.1693],[7.4901,11.1699],[7.4955,11.1739],[7.4959,11.1793],[7.4937,11.1839],[7.4978,11.1882],[7.5038,11.1904],[7.5049,11.1918],[7.5053,11.1974],[7.503,11.2012],[7.5028,11.2042],[7.508,11.2086],[7.5091,11.2116],[7.5072,11.2141],[7.5003,11.2156],[7.4984,11.2183],[7.5018,11.2227],[7.5037,11.2305],[7.5052,11.2334],[7.4997,11.2367],[7.4903,11.2393],[7.4859,11.2418],[7.4844,11.2444],[7.4816,11.2529],[7.4754,11.2541],[7.4726,11.2508],[7.4707,11.2518],[7.4647,11.2483],[7.4602,11.2472],[7.4611,11.2502],[7.4597,11.2581],[7.4578,11.261],[7.4551,11.2618],[7.4476,11.262],[7.4413,11.2639],[7.4298,11.2698],[7.4243,11.2657],[7.4178,11.2648],[7.4128,11.2683]]]},"properties":{"name":"KAKANGI","state":"18","code":"18/03/02"}},{"type":"Feature","geometry":{"type":"Polygon","coordinates":[[[7.5009,11.2874],[7.5069,11.2925],[7.5157,11.2985],[7.5163,11.303],[7.515,11.3041],[7.5083,11.3048],[7.5036,11.3075],[7.5006,11.308],[7.4981,11.3101],[7.5046,11.315],[7.5104,11.3184],[7.5161,11.3253],[7.5174,11.3307],[7.5169,11.3336],[7.5207,11.3369],[7.5223,11.3404],[7.5219,11.3535],[7.5203,11.3616],[7.5056,11.3565],[7.5011,11.3536],[7.4964,11.3516],[7.4895,11.3522],[7.483,11.3576],[7.4725,11.376],[7.4676,11.3777],[7.4544,11.3784],[7.4477,11.3771],[7.4276,11.374],[7.4181,11.3748],[7.4061,11.3753],[7.4019,11.3766],[7.4013,11.3687],[7.3982,11.3631],[7.3959,11.36],[7.3881,11.3564],[7.384,11.3482],[7.3795,11.3449],[7.3799,11.3419],[7.3755,11.3396],[7.3755,11.3359],[7.3733,11.3298],[7.3698,11.3263],[7.3666,11.3194],[7.3643,11.3113],[7.3643,11.2943],[7.3676,11.2933],[7.3751,11.2879],[7.3811,11.2903],[7.3853,11.2905],[7.3915,11.2887],[7.3931,11.2907],[7.3998,11.291],[7.4037,11.2905],[7.4053,11.2881],[7.4094,11.2856],[7.4148,11.2857],[7.4117,11.2923],[7.4154,11.2952],[7.4186,11.295],[7.4183,11.3021],[7.4195,11.3057],[7.4176,11.3083],[7.4144,11.3104],[7.4127,11.3129],[7.4069,11.3163],[7.4053,11.3204],[7.4067,11.3231],[7.4095,11.3244],[7.4112,11.3284],[7.4218,11.334],[7.4221,11.3431],[7.4283,11.344],[7.4288,11.3503],[7.4343,11.3529],[7.438,11.3557],[7.4443,11.3518],[7.4477,11.3511],[7.4535,11.3513],[7.4556,11.349],[7.4614,11.3523],[7.4651,11.3485],[7.465,11.3373],[7.462,11.3336],[7.4614,11.331],[7.4588,11.329],[7.4562,11.3223],[7.4589,11.3159],[7.4636,11.3102],[7.4672,11.3042],[7.4662,11.2987],[7.4631,11.2974],[7.4634,11.2953],[7.4581,11.2924],[7.4591,11.2891],[7.4622,11.2863],[7.4623,11.2837],[7.465,11.2805],[7.4697,11.2791],[7.4792,11.282],[7.4841,11.2843],[7.4858,11.2863],[7.4906,11.2851],[7.4972,11.2876],[7.5009,11.2874]]]},"properties":{"name":"GANGARA","state":"18","code":"18/03/03"}},{"type":"Feature","geometry":{"type":"Polygon","coordinates":[[[7.5052,11.2334],[7.5037,11.2305],[7.5018,11.2227],[7.4984,11.2183],[7.5003,11.2156],[7.5072,11.2141],[7.5091,11.2116],[7.508,11.2086],[7.5028,11.2042],[7.503,11.2012],[7.5053,11.1974],[7.5049,11.1918],[7.5038,11.1904],[7.4978,11.1882],[7.4937,11.1839],[7.4959,11.1793],[7.4955,11.1739],[7.4901,11.1699],[7.4834,11.1693],[7.485,11.1659],[7.49,11.1602],[7.4899,11.1581],[7.4927,11.1555],[7.4942,11.151],[7.4972,11.1507],[7.5056,11.154],[7.5072,11.1578],[7.5071,11.1603],[7.5105,11.161],[7.5135,11.1563],[7.5198,11.151],[7.5233,11.1544],[7.5227,11.159],[7.5291,11.1644],[7.5336,11.1634],[7.5391,11.1637],[7.5425,11.1631],[7.5458,11.1656],[7.5511,11.1651],[7.5529,11.163],[7.5557,11.1623],[7.5582,11.1577],[7.5611,11.157],[7.5649,11.1591],[7.5684,11.1681],[7.569,11.1722],[7.5711,11.1768],[7.5706,11.1825],[7.5757,11.1853],[7.5836,11.1803],[7.5845,11.173],[7.5882,11.1719],[7.5936,11.1724],[7.5948,11.1704],[7.6026,11.168],[7.6064,11.1659],[7.613,11.1657],[7.6162,11.167],[7.6175,11.1699],[7.6181,11.1746],[7.6086,11.1753],[7.5957,11.184],[7.5964,11.1882],[7.6036,11.1898],[7.605,11.1929],[7.6032,11.1957],[7.6027,11.1991],[7.6047,11.2011],[7.6082,11.1994],[7.6169,11.2033],[7.6151,11.209],[7.6159,11.2142],[7.6133,11.2166],[7.6113,11.2215],[7.6068,11.2204],[7.6001,11.2235],[7.5947,11.222],[7.5908,11.2245],[7.5908,11.2315],[7.5915,11.2342],[7.5895,11.238],[7.5852,11.2353],[7.5815,11.2344],[7.5776,11.2349],[7.5761,11.2421],[7.5792,11.2459],[7.5726,11.2474],[7.5675,11.2445],[7.5587,11.243],[7.5551,11.2446],[7.5514,11.2442],[7.5487,11.2503],[7.5446,11.2499],[7.5427,11.247],[7.5387,11.2511],[7.532,11.252],[7.5272,11.2534],[7.5227,11.253],[7.523,11.2494],[7.5174,11.2478],[7.5127,11.245],[7.5096,11.2418],[7.5052,11.2334]]]},"properties":{"name":"SHIKA","state":"18","code":"18/03/04"}},{"type":"Feature","geometry":{"type":"Polygon","coordinates":[[[7.5096,11.2418],[7.5127,11.245],[7.5174,11.2478],[7.523,11.2494],[7.5227,11.253],[7.5272,11.2534],[7.532,11.252],[7.5387,11.2511],[7.5427,11.247],[7.5446,11.2499],[7.5487,11.2503],[7.5514,11.2442],[7.5551,11.2446],[7.5587,11.243],[7.5675,11.2445],[7.5726,11.2474],[7.5792,11.2459],[7.5761,11.2421],[7.5776,11.2349],[7.5815,11.2344],[7.5852,11.2353],[7.5895,11.238],[7.5915,11.2342],[7.5908,11.2315],[7.5908,11.2245],[7.5947,11.222],[7.6001,11.2235],[7.6068,11.2204],[7.6113,11.2215],[7.618,11.223],[7.6189,11.2262],[7.6221,11.2304],[7.6203,11.234],[7.6194,11.2396],[7.6215,11.25],[7.6241,11.2526],[7.6273,11.2594],[7.6235,11.2633],[7.6247,11.2665],[7.6242,11.2695],[7.6201,11.2726],[7.6182,11.2774],[7.6075,11.2718],[7.602,11.2789],[7.5864,11.3018],[7.5827,11.3062],[7.5776,11.3155],[7.574,11.3191],[7.57,11.3214],[7.5622,11.3232],[7.5558,11.3273],[7.5509,11.3314],[7.5445,11.3334],[7.5366,11.335],[7.5299,11.3392],[7.5223,11.3404],[7.5207,11.3369],[7.5169,11.3336],[7.5174,11.3307],[7.5161,11.3253],[7.5104,11.3184],[7.5046,11.315],[7.4981,11.3101],[7.5006,11.308],[7.5036,11.3075],[7.5083,11.3048],[7.515,11.3041],[7.5163,11.303],[7.5157,11.2985],[7.5069,11.2925],[7.5009,11.2874],[7.4998,11.2848],[7.5002,11.2799],[7.4976,11.2775],[7.495,11.2734],[7.4856,11.2671],[7.4879,11.2629],[7.4901,11.2615],[7.4943,11.2616],[7.5047,11.2591],[7.5056,11.254],[7.505,11.2461],[7.5096,11.2418]]]},"properties":{"name":"DANMAHAWAYI","state":"18","code":"18/03/05"}},{"type":"Feature","geometry":{"type":"Polygon","coordinates":[[[7.4053,11.2881],[7.4037,11.2905],[7.3998,11.291],[7.3931,11.2907],[7.3915,11.2887],[7.3853,11.2905],[7.3811,11.2903],[7.3751,11.2879],[7.3676,11.2933],[7.3643,11.2943],[7.3646,11.2903],[7.3633,11.2865],[7.3578,11.2643],[7.3504,11.2627],[7.3412,11.2624],[7.3299,11.2635],[7.3202,11.2651],[7.3066,11.2694],[7.2976,11.2736],[7.2939,11.2772],[7.2896,11.2843],[7.284,11.2755],[7.2806,11.2756],[7.2854,11.2679],[7.2821,11.2657],[7.2817,11.2613],[7.2792,11.256],[7.276,11.252],[7.2766,11.2476],[7.2727,11.241],[7.2723,11.2355],[7.277,11.2319],[7.283,11.2291],[7.2866,11.2282],[7.2881,11.2262],[7.2948,11.2254],[7.2957,11.2243],[7.3027,11.2231],[7.3126,11.2238],[7.3123,11.2211],[7.3164,11.2175],[7.3178,11.2133],[7.3172,11.2094],[7.3187,11.2047],[7.3169,11.1926],[7.3219,11.1893],[7.3195,11.1839],[7.3113,11.1814],[7.307,11.1794],[7.3047,11.1767],[7.3011,11.1759],[7.2992,11.173],[7.2983,11.1684],[7.3036,11.1659],[7.309,11.1617],[7.3132,11.1566],[7.3139,11.1524],[7.3193,11.1544],[7.3231,11.1549],[7.3329,11.154],[7.335,11.1507],[7.3251,11.1389],[7.3236,11.1343],[7.3241,11.1304],[7.322,11.1263],[7.3278,11.1201],[7.3294,11.1203],[7.3393,11.125],[7.3436,11.1264],[7.3494,11.1242],[7.3542,11.1211],[7.3549,11.1188],[7.3592,11.1217],[7.3631,11.123],[7.3662,11.114],[7.3683,11.1132],[7.3679,11.11],[7.3699,11.1098],[7.3788,11.1141],[7.3807,11.1131],[7.3827,11.1164],[7.3865,11.1185],[7.3853,11.1214],[7.3918,11.1248],[7.3937,11.1275],[7.3975,11.13],[7.4,11.1283],[7.4007,11.1227],[7.4034,11.1216],[7.4051,11.119],[7.4057,11.1153],[7.4098,11.1124],[7.4191,11.1146],[7.4234,11.1135],[7.4281,11.1109],[7.4342,11.1101],[7.436,11.1135],[7.4403,11.1185],[7.4378,11.1231],[7.4339,11.1349],[7.4311,11.1405],[7.4278,11.1412],[7.4241,11.1468],[7.4217,11.1524],[7.4202,11.1603],[7.4158,11.1655],[7.4123,11.1675],[7.4087,11.1742],[7.4188,11.174],[7.4218,11.1758],[7.4214,11.1801],[7.4237,11.1868],[7.4235,11.1895],[7.4256,11.1917],[7.4255,11.1969],[7.4281,11.1978],[7.4328,11.2107],[7.432,11.2162],[7.4251,11.2173],[7.4201,11.2164],[7.4136,11.2177],[7.4111,11.2155],[7.4047,11.214],[7.394,11.2156],[7.3875,11.2148],[7.3825,11.2231],[7.3791,11.2239],[7.3769,11.2227],[7.3729,11.223],[7.3695,11.2278],[7.3629,11.2284],[7.3637,11.2333],[7.3693,11.242],[7.3687,11.2438],[7.3708,11.2465],[7.3753,11.2496],[7.3815,11.2514],[7.3889,11.2511],[7.3937,11.2526],[7.3957,11.252],[7.3992,11.254],[7.4024,11.26],[7.406,11.2639],[7.4128,11.2683],[7.4114,11.274],[7.4068,11.2804],[7.4053,11.2881]]]},"properties":{"name":"YAKAWADA","state":"18","code":"18/03/06"}},{"type":"Feature","geometry":{"type":"Polygon","coordinates":[[[7.1506,11.0543],[7.1566,11.0564],[7.1649,11.0575],[7.1701,11.0611],[7.1705,11.0654],[7.175,11.0731],[7.1759,11.0773],[7.1787,11.0772],[7.1828,11.0789],[7.183,11.0878],[7.1798,11.0925],[7.1777,11.0928],[7.1753,11.0959],[7.1767,11.0992],[7.1805,11.0999],[7.1903,11.0986],[7.195,11.1011],[7.1956,11.0991],[7.1994,11.0993],[7.2016,11.1052],[7.201,11.1107],[7.1996,11.1145],[7.2049,11.1148],[7.2047,11.1191],[7.2075,11.1296],[7.2088,11.1319],[7.2128,11.1347],[7.2154,11.1351],[7.2167,11.1422],[7.2206,11.1447],[7.2237,11.1445],[7.2291,11.1458],[7.2309,11.1433],[7.2314,11.1392],[7.2368,11.1375],[7.2453,11.1402],[7.2483,11.133],[7.2464,11.1267],[7.2489,11.1253],[7.2516,11.1187],[7.2562,11.118],[7.2614,11.125],[7.2616,11.1276],[7.2662,11.1301],[7.2716,11.1293],[7.2745,11.1297],[7.2831,11.1362],[7.283,11.1395],[7.2794,11.1466],[7.2781,11.1481],[7.2823,11.1507],[7.2839,11.1578],[7.2959,11.1612],[7.3023,11.1623],[7.3036,11.1659],[7.2983,11.1684],[7.2992,11.173],[7.3011,11.1759],[7.3047,11.1767],[7.307,11.1794],[7.3113,11.1814],[7.3195,11.1839],[7.3219,11.1893],[7.3169,11.1926],[7.3187,11.2047],[7.3172,11.2094],[7.3178,11.2133],[7.3164,11.2175],[7.3123,11.2211],[7.3126,11.2238],[7.3027,11.2231],[7.2957,11.2243],[7.2948,11.2254],[7.2881,11.2262],[7.2866,11.2282],[7.283,11.2291],[7.277,11.2319],[7.2723,11.2355],[7.2727,11.241],[7.2766,11.2476],[7.276,11.252],[7.2792,11.256],[7.2817,11.2613],[7.2821,11.2657],[7.2854,11.2679],[7.2806,11.2756],[7.2733,11.2744],[7.2657,11.2781],[7.2627,11.2775],[7.2532,11.2834],[7.2514,11.2862],[7.2485,11.2873],[7.2406,11.2852],[7.237,11.283],[7.2293,11.2805],[7.2274,11.2786],[7.2221,11.2761],[7.2151,11.27],[7.21,11.2611],[7.1956,11.2577],[7.1951,11.2542],[7.1953,11.2522],[7.199,11.2434],[7.2006,11.2285],[7.2027,11.2222],[7.2066,11.2155],[7.209,11.2068],[7.2114,11.2024],[7.2185,11.1999],[7.2197,11.1942],[7.2065,11.1856],[7.2001,11.1732],[7.201,11.1534],[7.2003,11.1517],[7.1859,11.142],[7.1819,11.1404],[7.173,11.1349],[7.1618,11.131],[7.1556,11.1296],[7.1561,11.1222],[7.1603,11.1166],[7.1574,11.1059],[7.1538,11.1044],[7.1526,11.1018],[7.153,11.0966],[7.1543,11.0923],[7.1565,11.0896],[7.1578,11.0832],[7.1596,11.0798],[7.1579,11.0725],[7.1554,11.0704],[7.1496,11.068],[7.1509,11.0583],[7.1506,11.0543]]]},"properties":{"name":"IDASU","state":"18","code":"18/03/07"}},{"type":"Feature","geometry":{"type":"Polygon","coordinates":[[[7.1178,10.7198],[7.1216,10.7216],[7.1264,10.7261],[7.1367,10.7299],[7.1401,10.7298],[7.1438,10.7312],[7.1481,10.7341],[7.1537,10.7356],[7.1574,10.7349],[7.1591,10.7409],[7.1548,10.7435],[7.1561,10.7455],[7.1612,10.7476],[7.1656,10.7465],[7.1703,10.7485],[7.1727,10.751],[7.1779,10.7509],[7.1806,10.7493],[7.1855,10.7513],[7.1848,10.7621],[7.1935,10.7704],[7.1955,10.7738],[7.195,10.7805],[7.1991,10.7918],[7.2003,10.7919],[7.2049,10.7974],[7.2081,10.8054],[7.2078,10.8133],[7.2059,10.8152],[7.2055,10.8213],[7.2065,10.8227],[7.2063,10.8276],[7.2085,10.8354],[7.2125,10.8436],[7.2137,10.8501],[7.2161,10.8522],[7.2172,10.8566],[7.2257,10.8686],[7.2296,10.8713],[7.2341,10.8759],[7.2361,10.8798],[7.2419,10.8834],[7.2448,10.8871],[7.2492,10.8941],[7.2515,10.8963],[7.2521,10.8995],[7.2556,10.902],[7.2609,10.9073],[7.2634,10.9088],[7.2639,10.92],[7.2668,10.9177],[7.2736,10.9157],[7.2804,10.9104],[7.283,10.9056],[7.2831,10.9007],[7.2863,10.8975],[7.2888,10.8881],[7.2926,10.8819],[7.2951,10.8765],[7.2987,10.8731],[7.3022,10.8728],[7.3061,10.8701],[7.3116,10.8748],[7.3107,10.8776],[7.3109,10.884],[7.3148,10.8873],[7.3129,10.892],[7.3155,10.893],[7.3182,10.896],[7.3166,10.9006],[7.3171,10.9039],[7.3157,10.9073],[7.3234,10.9038],[7.3227,10.9079],[7.3284,10.9095],[7.3288,10.9119],[7.3265,10.9138],[7.3263,10.9163],[7.3307,10.9175],[7.3364,10.923],[7.3342,10.9277],[7.3356,10.9297],[7.3307,10.9318],[7.3302,10.9348],[7.3336,10.9396],[7.3354,10.9403],[7.3357,10.9438],[7.3344,10.9457],[7.3386,10.951],[7.3374,10.9577],[7.3352,10.9606],[7.338,10.9632],[7.3349,10.9665],[7.3344,10.9748],[7.3359,10.9775],[7.3342,10.9817],[7.3334,10.9864],[7.3269,10.9859],[7.3228,10.9848],[7.3221,10.9879],[7.3192,10.9872],[7.319,10.9914],[7.3226,10.9926],[7.3328,10.9928],[7.3365,10.9938],[7.3391,10.9996],[7.3408,11.0015],[7.3479,11.0056],[7.3568,11.0048],[7.3627,11.0048],[7.3679,11.0015],[7.3713,11.0022],[7.3785,11.0006],[7.382,11.0028],[7.3903,11.0046],[7.4026,11.0035],[7.4102,11.0046],[7.414,11.0096],[7.4166,11.0118],[7.4217,11.0119],[7.4275,11.0196],[7.4332,11.021],[7.4347,11.0296],[7.4309,11.0344],[7.4253,11.0354],[7.4313,11.0427],[7.433,11.051],[7.427,11.0525],[7.431,11.0566],[7.4359,11.063],[7.4331,11.0691],[7.4413,11.0704],[7.4464,11.0748],[7.4509,11.08],[7.4546,11.0809],[7.4557,11.0863],[7.4426,11.0956],[7.4397,11.0972],[7.4375,11.1051],[7.4342,11.1101],[7.4281,11.1109],[7.4234,11.1135],[7.4191,11.1146],[7.4098,11.1124],[7.4057,11.1153],[7.4051,11.119],[7.4034,11.1216],[7.4007,11.1227],[7.4,11.1283],[7.3975,11.13],[7.3937,11.1275],[7.3918,11.1248],[7.3853,11.1214],[7.3865,11.1185],[7.3827,11.1164],[7.3807,11.1131],[7.3788,11.1141],[7.3699,11.1098],[7.3679,11.11],[7.3674,11.1053],[7.3707,11.1016],[7.3708,11.0971],[7.369,11.0924],[7.3713,11.0888],[7.3665,11.0815],[7.3679,11.0774],[7.3645,11.0773],[7.3618,11.0713],[7.362,11.0693],[7.3579,11.0632],[7.3601,11.0612],[7.3569,11.0578],[7.3497,11.0592],[7.3454,11.0571],[7.341,11.0525],[7.3365,11.0507],[7.3355,11.0464],[7.3328,11.0425],[7.334,11.0368],[7.3292,11.0372],[7.3282,11.0328],[7.3284,11.0291],[7.3255,11.0286],[7.3236,11.0247],[7.3242,11.0196],[7.3225,11.0137],[7.324,11.0088],[7.3232,11.0064],[7.3197,11.0049],[7.3204,11.001],[7.3141,10.9987],[7.3129,10.9973],[7.3066,10.9965],[7.3049,10.9953],[7.3024,10.9895],[7.2988,10.9857],[7.2959,10.9867],[7.2925,10.9834],[7.2931,10.9756],[7.2918,10.9751],[7.2839,10.9773],[7.2735,10.9783],[7.2714,10.9797],[7.2722,10.9852],[7.2779,10.9893],[7.2782,10.9941],[7.2772,10.9963],[7.2764,11.0036],[7.2742,11.0085],[7.2761,11.0126],[7.2735,11.0131],[7.2712,11.0154],[7.2679,11.0155],[7.266,11.0181],[7.2617,11.0181],[7.2597,11.0206],[7.2617,11.0294],[7.2666,11.0396],[7.268,11.0461],[7.2706,11.0487],[7.2762,11.0481],[7.2803,11.0504],[7.2829,11.0508],[7.2874,11.0544],[7.2883,11.0568],[7.2916,11.0601],[7.2892,11.0674],[7.2888,11.0715],[7.2845,11.0741],[7.2829,11.0763],[7.2786,11.0752],[7.2747,11.0768],[7.2757,11.0785],[7.2753,11.0826],[7.2685,11.0881],[7.2612,11.0854],[7.2584,11.0876],[7.2567,11.0908],[7.2604,11.093],[7.2608,11.0958],[7.2633,11.0972],[7.2643,11.0998],[7.2614,11.1062],[7.2581,11.1082],[7.2576,11.1152],[7.2562,11.118],[7.2516,11.1187],[7.2489,11.1253],[7.2464,11.1267],[7.2483,11.133],[7.2453,11.1402],[7.2368,11.1375],[7.2314,11.1392],[7.2309,11.1433],[7.2291,11.1458],[7.2237,11.1445],[7.2206,11.1447],[7.2167,11.1422],[7.2154,11.1351],[7.2128,11.1347],[7.2088,11.1319],[7.2075,11.1296],[7.2047,11.1191],[7.2049,11.1148],[7.1996,11.1145],[7.201,11.1107],[7.2016,11.1052],[7.1994,11.0993],[7.1956,11.0991],[7.195,11.1011],[7.1903,11.0986],[7.1805,11.0999],[7.1767,11.0992],[7.1753,11.0959],[7.1777,11.0928],[7.1798,11.0925],[7.183,11.0878],[7.1828,11.0789],[7.1787,11.0772],[7.1759,11.0773],[7.175,11.0731],[7.1705,11.0654],[7.1701,11.0611],[7.1649,11.0575],[7.1566,11.0564],[7.1506,11.0543],[7.1514,11.0459],[7.1477,11.0426],[7.1449,11.0419],[7.139,11.0369],[7.1405,11.0322],[7.1402,11.0284],[7.1437,11.019],[7.1431,11.0166],[7.1457,11.0128],[7.1458,11.0079],[7.1481,11.003],[7.144,10.9981],[7.144,10.9965],[7.1365,10.9881],[7.1326,10.9827],[7.1329,10.9809],[7.1285,10.9755],[7.1288,10.9681],[7.1321,10.962],[7.1328,10.9576],[7.1357,10.9532],[7.1352,10.9492],[7.1307,10.9419],[7.1282,10.9402],[7.128,10.9371],[7.1306,10.9341],[7.1284,10.9296],[7.1243,10.9272],[7.1233,10.924],[7.1209,10.9217],[7.1211,10.915],[7.1181,10.9123],[7.1201,10.9089],[7.1165,10.9055],[7.1145,10.9013],[7.1107,10.8998],[7.1077,10.8961],[7.104,10.8938],[7.1016,10.8886],[7.1017,10.8857],[7.1064,10.8844],[7.1085,10.8808],[7.1078,10.8732],[7.1067,10.8697],[7.1043,10.8691],[7.1024,10.866],[7.105,10.8614],[7.1098,10.8586],[7.1145,10.8609],[7.1168,10.8583],[7.1227,10.8581],[7.1238,10.8571],[7.1293,10.857],[7.1314,10.8538],[7.1315,10.8484],[7.1301,10.845],[7.1305,10.8409],[7.132,10.8393],[7.1293,10.8338],[7.128,10.828],[7.1311,10.8218],[7.1281,10.8193],[7.1226,10.8163],[7.1178,10.8125],[7.1177,10.8109],[7.1113,10.8053],[7.1103,10.803],[7.105,10.7985],[7.1022,10.7976],[7.0996,10.7924],[7.0954,10.7899],[7.0884,10.7882],[7.0839,10.7822],[7.0853,10.7783],[7.0848,10.7717],[7.0864,10.7638],[7.086,10.753],[7.0874,10.7498],[7.0828,10.7442],[7.0843,10.7396],[7.0831,10.7356],[7.0849,10.733],[7.0842,10.7264],[7.093,10.7192],[7.0981,10.7167],[7.1041,10.7126],[7.1079,10.7133],[7.1097,10.7174],[7.1178,10.7198]]]},"properties":{"name":"KIDANDAN","state":"18","code":"18/03/08"}},{"type":"Feature","geometry":{"type":"Polygon","coordinates":[[[7.3036,11.1659],[7.3023,11.1623],[7.2959,11.1612],[7.2839,11.1578],[7.2823,11.1507],[7.2781,11.1481],[7.2794,11.1466],[7.283,11.1395],[7.2831,11.1362],[7.2745,11.1297],[7.2716,11.1293],[7.2662,11.1301],[7.2616,11.1276],[7.2614,11.125],[7.2562,11.118],[7.2576,11.1152],[7.2581,11.1082],[7.2614,11.1062],[7.2643,11.0998],[7.2633,11.0972],[7.2608,11.0958],[7.2604,11.093],[7.2567,11.0908],[7.2584,11.0876],[7.2612,11.0854],[7.2685,11.0881],[7.2753,11.0826],[7.2757,11.0785],[7.2747,11.0768],[7.2786,11.0752],[7.2829,11.0763],[7.2845,11.0741],[7.2888,11.0715],[7.2892,11.0674],[7.2916,11.0601],[7.2883,11.0568],[7.2874,11.0544],[7.2829,11.0508],[7.2803,11.0504],[7.2762,11.0481],[7.2706,11.0487],[7.268,11.0461],[7.2666,11.0396],[7.2617,11.0294],[7.2597,11.0206],[7.2617,11.0181],[7.266,11.0181],[7.2679,11.0155],[7.2712,11.0154],[7.2735,11.0131],[7.2761,11.0126],[7.2742,11.0085],[7.2764,11.0036],[7.2772,10.9963],[7.2782,10.9941],[7.2779,10.9893],[7.2722,10.9852],[7.2714,10.9797],[7.2735,10.9783],[7.2839,10.9773],[7.2918,10.9751],[7.2931,10.9756],[7.2925,10.9834],[7.2959,10.9867],[7.2988,10.9857],[7.3024,10.9895],[7.3049,10.9953],[7.3066,10.9965],[7.3129,10.9973],[7.3141,10.9987],[7.3204,11.001],[7.3197,11.0049],[7.3232,11.0064],[7.324,11.0088],[7.3225,11.0137],[7.3242,11.0196],[7.3236,11.0247],[7.3255,11.0286],[7.3284,11.0291],[7.3282,11.0328],[7.3292,11.0372],[7.334,11.0368],[7.3328,11.0425],[7.3355,11.0464],[7.3365,11.0507],[7.341,11.0525],[7.3454,11.0571],[7.3497,11.0592],[7.3569,11.0578],[7.3601,11.0612],[7.3579,11.0632],[7.362,11.0693],[7.3618,11.0713],[7.3645,11.0773],[7.3679,11.0774],[7.3665,11.0815],[7.3713,11.0888],[7.369,11.0924],[7.3708,11.0971],[7.3707,11.1016],[7.3674,11.1053],[7.3679,11.11],[7.3683,11.1132],[7.3662,11.114],[7.3631,11.123],[7.3592,11.1217],[7.3549,11.1188],[7.3542,11.1211],[7.3494,11.1242],[7.3436,11.1264],[7.3393,11.125],[7.3294,11.1203],[7.3278,11.1201],[7.322,11.1263],[7.3241,11.1304],[7.3236,11.1343],[7.3251,11.1389],[7.335,11.1507],[7.3329,11.154],[7.3231,11.1549],[7.3193,11.1544],[7.3139,11.1524],[7.3132,11.1566],[7.309,11.1617],[7.3036,11.1659]]]},"properties":{"name":"GALADIMAWA","state":"18","code":"18/03/09"}},{"type":"Feature","geometry":{"type":"Polygon","coordinates":[[[7.4403,11.1185],[7.436,11.1135],[7.4342,11.1101],[7.4375,11.1051],[7.4397,11.0972],[7.4426,11.0956],[7.4557,11.0863],[7.4546,11.0809],[7.4509,11.08],[7.4464,11.0748],[7.4413,11.0704],[7.4331,11.0691],[7.4359,11.063],[7.431,11.0566],[7.427,11.0525],[7.433,11.051],[7.4313,11.0427],[7.4253,11.0354],[7.4309,11.0344],[7.4347,11.0296],[7.4332,11.021],[7.4275,11.0196],[7.4217,11.0119],[7.4232,11.0093],[7.4314,11.0052],[7.4292,11.0007],[7.4287,10.9925],[7.424,10.9881],[7.4229,10.9826],[7.4275,10.9794],[7.4316,10.9755],[7.4346,10.9738],[7.4382,10.9699],[7.4425,10.9671],[7.4448,10.9616],[7.4467,10.9614],[7.4491,10.9665],[7.4517,10.9682],[7.4543,10.9673],[7.4641,10.9669],[7.4666,10.9673],[7.4718,10.9657],[7.4733,10.9637],[7.4761,10.9643],[7.4814,10.9623],[7.4857,10.9644],[7.4909,10.9636],[7.4993,10.9648],[7.5073,10.9626],[7.517,10.9706],[7.5217,10.9726],[7.52,10.9763],[7.519,10.9892],[7.5158,10.9913],[7.5117,10.9956],[7.51,10.9987],[7.5142,11.0035],[7.5131,11.0061],[7.5117,11.0155],[7.5127,11.0195],[7.5008,11.0224],[7.492,11.0236],[7.4863,11.0273],[7.4882,11.0324],[7.4878,11.0377],[7.492,11.0434],[7.4912,11.0459],[7.4922,11.0507],[7.4953,11.0517],[7.4996,11.0513],[7.5039,11.0543],[7.5076,11.0581],[7.5174,11.0615],[7.5218,11.0635],[7.5261,11.0581],[7.5301,11.0493],[7.5312,11.0454],[7.5374,11.0459],[7.5452,11.0454],[7.5479,11.0481],[7.5489,11.0522],[7.555,11.0587],[7.5601,11.0601],[7.5636,11.0661],[7.5689,11.0662],[7.5711,11.0599],[7.5754,11.0615],[7.5808,11.0664],[7.5831,11.0665],[7.5877,11.0695],[7.5897,11.0652],[7.5969,11.0656],[7.6018,11.0636],[7.6081,11.0645],[7.6119,11.0659],[7.6073,11.0685],[7.6047,11.0713],[7.6046,11.0733],[7.6009,11.082],[7.6042,11.0832],[7.6089,11.0823],[7.6127,11.0845],[7.6143,11.0833],[7.6184,11.084],[7.6208,11.0831],[7.6329,11.0859],[7.6343,11.0927],[7.6261,11.0939],[7.6166,11.0922],[7.615,11.0953],[7.6102,11.0944],[7.6023,11.0963],[7.5979,11.1012],[7.5869,11.1033],[7.585,11.1062],[7.5822,11.1059],[7.5823,11.1117],[7.5808,11.1142],[7.5779,11.1148],[7.5706,11.1132],[7.5672,11.1166],[7.5643,11.1232],[7.5604,11.1264],[7.5554,11.1256],[7.5523,11.1262],[7.5462,11.1252],[7.5462,11.1292],[7.5437,11.1322],[7.5357,11.1357],[7.5345,11.1379],[7.5378,11.1423],[7.5406,11.1482],[7.5394,11.1509],[7.5359,11.153],[7.5306,11.1528],[7.5295,11.1538],[7.5233,11.1544],[7.5198,11.151],[7.5135,11.1563],[7.5105,11.161],[7.5071,11.1603],[7.5072,11.1578],[7.5056,11.154],[7.4972,11.1507],[7.4942,11.151],[7.4958,11.1479],[7.4923,11.1469],[7.4909,11.1447],[7.4895,11.1345],[7.4842,11.134],[7.4801,11.1255],[7.4757,11.1262],[7.4721,11.1285],[7.4688,11.1325],[7.45,11.1288],[7.4454,11.1239],[7.4436,11.1203],[7.4403,11.1185]]]},"properties":{"name":"KADAGE","state":"18","code":"18/03/10"}},{"type":"Feature","geometry":{"type":"Polygon","coordinates":[[[7.5233,11.1544],[7.5295,11.1538],[7.5306,11.1528],[7.5359,11.153],[7.5394,11.1509],[7.5406,11.1482],[7.5378,11.1423],[7.5345,11.1379],[7.5357,11.1357],[7.5437,11.1322],[7.5462,11.1292],[7.5462,11.1252],[7.5523,11.1262],[7.5554,11.1256],[7.5604,11.1264],[7.5643,11.1232],[7.5672,11.1166],[7.5706,11.1132],[7.5779,11.1148],[7.5808,11.1142],[7.5823,11.1117],[7.5822,11.1059],[7.585,11.1062],[7.5869,11.1033],[7.5979,11.1012],[7.6023,11.0963],[7.6102,11.0944],[7.615,11.0953],[7.6166,11.0922],[7.6261,11.0939],[7.6343,11.0927],[7.6332,11.0949],[7.6352,11.0966],[7.6323,11.1023],[7.635,11.1039],[7.6415,11.1034],[7.6484,11.1078],[7.6478,11.1169],[7.6464,11.1186],[7.6398,11.1225],[7.6444,11.1307],[7.6493,11.1338],[7.6513,11.1338],[7.6534,11.1356],[7.6522,11.1384],[7.6495,11.1379],[7.6445,11.1426],[7.6412,11.1441],[7.6324,11.1442],[7.6281,11.1474],[7.6199,11.1501],[7.6166,11.1519],[7.6127,11.1569],[7.6176,11.1647],[7.6162,11.167],[7.613,11.1657],[7.6064,11.1659],[7.6026,11.168],[7.5948,11.1704],[7.5936,11.1724],[7.5882,11.1719],[7.5845,11.173],[7.5836,11.1803],[7.5757,11.1853],[7.5706,11.1825],[7.5711,11.1768],[7.569,11.1722],[7.5684,11.1681],[7.5649,11.1591],[7.5611,11.157],[7.5582,11.1577],[7.5557,11.1623],[7.5529,11.163],[7.5511,11.1651],[7.5458,11.1656],[7.5425,11.1631],[7.5391,11.1637],[7.5336,11.1634],[7.5291,11.1644],[7.5227,11.159],[7.5233,11.1544]]]},"properties":{"name":"PAN HAUYA","state":"18","code":"18/03/11"}},{"type":"Feature","geometry":{"type":"Polygon","coordinates":[[[7.62,10.9226],[7.614,10.922],[7.6118,10.9161],[7.6059,10.9153],[7.6026,10.9126],[7.6014,10.9096],[7.6018,10.9066],[7.599,10.9046],[7.5979,10.8987],[7.5912,10.894],[7.5946,10.8864],[7.5986,10.887],[7.5997,10.883],[7.6043,10.8768],[7.5997,10.8699],[7.5946,10.8666],[7.5956,10.8648],[7.5924,10.8629],[7.5895,10.8592],[7.5959,10.8561],[7.5987,10.8565],[7.6072,10.8525],[7.6151,10.8511],[7.6159,10.8451],[7.6132,10.8373],[7.6158,10.8316],[7.6183,10.8317],[7.6224,10.8192],[7.6203,10.8184],[7.6157,10.8122],[7.6148,10.8044],[7.6102,10.8028],[7.6083,10.7966],[7.605,10.7922],[7.6051,10.7896],[7.6101,10.7835],[7.6064,10.7811],[7.6047,10.7779],[7.5978,10.77],[7.5941,10.7648],[7.5931,10.761],[7.6002,10.754],[7.6056,10.7529],[7.615,10.7528],[7.6184,10.7556],[7.6224,10.7537],[7.6255,10.7571],[7.6286,10.7583],[7.6319,10.7574],[7.6355,10.758],[7.6441,10.7557],[7.6478,10.7574],[7.6502,10.7617],[7.6519,10.769],[7.6577,10.7708],[7.6598,10.7727],[7.6627,10.7711],[7.6674,10.7722],[7.6715,10.7756],[7.6758,10.7719],[7.6793,10.7707],[7.6907,10.7698],[7.6936,10.7739],[7.6973,10.7761],[7.7098,10.7728],[7.7208,10.7711],[7.7241,10.7688],[7.7284,10.7693],[7.7317,10.7724],[7.7353,10.7797],[7.7417,10.782],[7.7411,10.7861],[7.7385,10.7898],[7.7433,10.7955],[7.744,10.7999],[7.7403,10.805],[7.7395,10.8093],[7.7374,10.8108],[7.7425,10.8167],[7.741,10.8183],[7.7402,10.8228],[7.7383,10.8271],[7.7334,10.832],[7.735,10.8388],[7.7368,10.8408],[7.7359,10.8441],[7.7334,10.8434],[7.7306,10.85],[7.7301,10.8559],[7.7277,10.8577],[7.7283,10.861],[7.7257,10.8673],[7.7234,10.8705],[7.7196,10.8708],[7.7184,10.8779],[7.7117,10.8828],[7.7092,10.8868],[7.7046,10.8875],[7.6978,10.8894],[7.6943,10.8867],[7.6896,10.8818],[7.6817,10.8806],[7.6783,10.8782],[7.6755,10.8843],[7.6675,10.89],[7.6629,10.889],[7.6611,10.8929],[7.661,10.9007],[7.6597,10.9046],[7.6561,10.9037],[7.6532,10.9008],[7.6503,10.9008],[7.6467,10.8983],[7.6426,10.8979],[7.6378,10.9017],[7.6342,10.9017],[7.629,10.8998],[7.6272,10.9016],[7.6233,10.9013],[7.6183,10.9022],[7.622,10.9064],[7.6213,10.9112],[7.6222,10.921],[7.62,10.9226]]]},"properties":{"name":"TURUNKU","state":"18","code":"18/04/01"}},{"type":"Feature","geometry":{"type":"Polygon","coordinates":[[[7.7234,10.8705],[7.7277,10.8752],[7.7343,10.8765],[7.7356,10.8794],[7.7379,10.8888],[7.7467,10.8872],[7.7506,10.886],[7.7522,10.894],[7.7504,10.8954],[7.7491,10.8991],[7.7548,10.903],[7.7574,10.9029],[7.7587,10.9066],[7.7561,10.9092],[7.7539,10.9095],[7.7492,10.9137],[7.7498,10.917],[7.753,10.9189],[7.7557,10.9251],[7.7574,10.9272],[7.7642,10.9222],[7.7722,10.9256],[7.7751,10.9259],[7.7779,10.9271],[7.7761,10.9307],[7.777,10.9357],[7.7752,10.9381],[7.778,10.9434],[7.7722,10.9417],[7.7717,10.946],[7.7733,10.9485],[7.7725,10.9519],[7.7742,10.9545],[7.7717,10.9566],[7.7682,10.9552],[7.765,10.9595],[7.7641,10.9653],[7.7617,10.9686],[7.7656,10.9732],[7.7625,10.9732],[7.7594,10.9808],[7.7566,10.9788],[7.7532,10.9779],[7.7536,10.9749],[7.7519,10.9706],[7.7469,10.9696],[7.7455,10.966],[7.7405,10.9631],[7.7356,10.9625],[7.7287,10.963],[7.7252,10.9641],[7.722,10.9714],[7.7208,10.9782],[7.7164,10.9819],[7.7117,10.9832],[7.7067,10.9829],[7.704,10.9807],[7.7003,10.9829],[7.6963,10.983],[7.6908,10.9859],[7.6825,10.9884],[7.6798,10.9884],[7.6794,10.9947],[7.6683,11.0003],[7.6656,10.9985],[7.6625,10.994],[7.6577,10.9918],[7.6563,10.9877],[7.6555,10.9771],[7.6481,10.9752],[7.6467,10.9731],[7.6441,10.9733],[7.6416,10.9757],[7.6371,10.9724],[7.6281,10.9701],[7.6247,10.9652],[7.6284,10.9634],[7.6295,10.9579],[7.6283,10.9534],[7.6284,10.9495],[7.6217,10.9459],[7.6205,10.9438],[7.6224,10.9393],[7.6219,10.9353],[7.6141,10.9317],[7.6156,10.9292],[7.6198,10.9256],[7.62,10.9226],[7.6222,10.921],[7.6213,10.9112],[7.622,10.9064],[7.6183,10.9022],[7.6233,10.9013],[7.6272,10.9016],[7.629,10.8998],[7.6342,10.9017],[7.6378,10.9017],[7.6426,10.8979],[7.6467,10.8983],[7.6503,10.9008],[7.6532,10.9008],[7.6561,10.9037],[7.6597,10.9046],[7.661,10.9007],[7.6611,10.8929],[7.6629,10.889],[7.6675,10.89],[7.6755,10.8843],[7.6783,10.8782],[7.6817,10.8806],[7.6896,10.8818],[7.6943,10.8867],[7.6978,10.8894],[7.7046,10.8875],[7.7092,10.8868],[7.7117,10.8828],[7.7184,10.8779],[7.7196,10.8708],[7.7234,10.8705]]]},"properties":{"name":"ZANGON AYA","state":"18","code":"18/04/02"}},{"type":"Feature","geometry":{"type":"Polygon","coordinates":[[[7.7242,10.4812],[7.7318,10.4863],[7.7346,10.4859],[7.7391,10.4894],[7.7421,10.4896],[7.744,10.4879],[7.7496,10.4901],[7.7529,10.4899],[7.7562,10.4936],[7.7645,10.4918],[7.7676,10.4895],[7.7688,10.4921],[7.773,10.4949],[7.7751,10.4983],[7.7782,10.4966],[7.7855,10.4995],[7.7882,10.5027],[7.7953,10.5034],[7.7946,10.5],[7.7951,10.4958],[7.7929,10.4917],[7.7937,10.4891],[7.7971,10.4882],[7.7986,10.4897],[7.8031,10.4895],[7.8085,10.4904],[7.8101,10.494],[7.8157,10.4979],[7.8229,10.4945],[7.8279,10.4955],[7.8355,10.5014],[7.8387,10.5016],[7.8466,10.505],[7.8491,10.5054],[7.8539,10.509],[7.8529,10.5145],[7.8548,10.5156],[7.8562,10.5232],[7.858,10.5264],[7.8641,10.5299],[7.8708,10.5323],[7.872,10.534],[7.8766,10.5341],[7.8818,10.5403],[7.8825,10.5453],[7.8855,10.5423],[7.8898,10.5396],[7.8915,10.5403],[7.8931,10.5445],[7.8959,10.5448],[7.8966,10.5482],[7.9011,10.5506],[7.8998,10.5542],[7.9006,10.5562],[7.8991,10.5606],[7.8938,10.5656],[7.8912,10.5697],[7.8893,10.5709],[7.8887,10.574],[7.8904,10.5771],[7.8906,10.5805],[7.8966,10.5825],[7.8955,10.5857],[7.8925,10.5898],[7.8861,10.5959],[7.8854,10.5977],[7.8788,10.6008],[7.8719,10.6018],[7.8691,10.6016],[7.8631,10.6043],[7.8588,10.6023],[7.8576,10.603],[7.8545,10.6088],[7.8518,10.6085],[7.8474,10.6028],[7.8458,10.5986],[7.8422,10.5944],[7.8347,10.5941],[7.8333,10.5948],[7.8281,10.5934],[7.8123,10.5946],[7.8098,10.5953],[7.8055,10.6075],[7.8055,10.6107],[7.8,10.6147],[7.797,10.6109],[7.7933,10.6104],[7.7917,10.6065],[7.7873,10.6125],[7.7862,10.6185],[7.784,10.6226],[7.7842,10.6327],[7.7852,10.6367],[7.7854,10.6421],[7.7845,10.6434],[7.7765,10.6463],[7.77,10.6464],[7.7587,10.6436],[7.7553,10.6523],[7.7556,10.654],[7.7531,10.6594],[7.7504,10.6617],[7.7478,10.6715],[7.7421,10.6696],[7.7365,10.6712],[7.7323,10.6694],[7.7297,10.6695],[7.7273,10.6663],[7.7294,10.6635],[7.7326,10.663],[7.7338,10.6605],[7.7313,10.6559],[7.7275,10.6538],[7.7235,10.653],[7.7176,10.6492],[7.7113,10.6432],[7.7065,10.6418],[7.7035,10.6395],[7.7001,10.6412],[7.6999,10.6446],[7.6942,10.6512],[7.7005,10.6528],[7.7027,10.6541],[7.7083,10.6546],[7.7074,10.6611],[7.7057,10.6676],[7.701,10.67],[7.6965,10.6694],[7.6921,10.6719],[7.688,10.6725],[7.6881,10.6773],[7.6893,10.6801],[7.693,10.6808],[7.6972,10.6829],[7.7064,10.6894],[7.7078,10.6939],[7.7074,10.6978],[7.7037,10.698],[7.6965,10.7016],[7.6921,10.7073],[7.6848,10.7065],[7.6815,10.7075],[7.6728,10.7064],[7.6708,10.7099],[7.6677,10.7119],[7.6651,10.7162],[7.6583,10.7167],[7.6544,10.7135],[7.6423,10.7131],[7.6401,10.7142],[7.6379,10.7096],[7.6354,10.6991],[7.6316,10.6957],[7.6259,10.6946],[7.6205,10.6927],[7.6143,10.693],[7.6055,10.6915],[7.5963,10.6916],[7.5894,10.6899],[7.5859,10.6907],[7.5838,10.682],[7.5823,10.6781],[7.582,10.6716],[7.5842,10.6672],[7.5846,10.6642],[7.5872,10.6605],[7.5903,10.6519],[7.595,10.6466],[7.6002,10.6444],[7.5989,10.6404],[7.6011,10.6304],[7.5998,10.6292],[7.6001,10.6232],[7.6018,10.6226],[7.6055,10.6228],[7.6116,10.6269],[7.6163,10.6202],[7.6183,10.6151],[7.625,10.612],[7.6274,10.6095],[7.6313,10.6077],[7.6322,10.6033],[7.6304,10.601],[7.6287,10.5963],[7.6263,10.593],[7.6296,10.5851],[7.6211,10.5784],[7.6162,10.5726],[7.6174,10.5719],[7.6186,10.5656],[7.6274,10.5675],[7.6306,10.567],[7.6361,10.5686],[7.6382,10.5676],[7.6443,10.569],[7.6502,10.5687],[7.6518,10.5659],[7.6562,10.5625],[7.6674,10.5629],[7.6734,10.5619],[7.6778,10.5665],[7.6803,10.5707],[7.6803,10.5789],[7.6816,10.5848],[7.6833,10.5881],[7.6879,10.5893],[7.6901,10.5924],[7.696,10.5893],[7.6943,10.5853],[7.6961,10.5835],[7.6966,10.5796],[7.6956,10.5758],[7.7014,10.5688],[7.6991,10.5645],[7.6937,10.5572],[7.6922,10.5526],[7.6944,10.5487],[7.6939,10.5421],[7.6956,10.5396],[7.6942,10.5347],[7.6933,10.5263],[7.6981,10.5225],[7.6989,10.5208],[7.6984,10.5159],[7.6996,10.5145],[7.7043,10.5128],[7.7023,10.509],[7.7031,10.5025],[7.7065,10.4999],[7.709,10.4948],[7.7105,10.49],[7.7178,10.4836],[7.7226,10.4828],[7.7242,10.4812]]]},"properties":{"name":"GWARAJI","state":"18","code":"18/04/03"}},{"type":"Feature","geometry":{"type":"Polygon","coordinates":[[[7.5912,10.894],[7.5819,10.8969],[7.5812,10.8987],[7.5749,10.9027],[7.5636,10.9013],[7.5609,10.9044],[7.5564,10.9132],[7.5548,10.9177],[7.5515,10.9218],[7.55,10.9256],[7.5466,10.9266],[7.5442,10.9302],[7.5405,10.9317],[7.5365,10.9316],[7.531,10.9254],[7.5315,10.9213],[7.5295,10.9137],[7.5321,10.9076],[7.5307,10.9053],[7.5313,10.9001],[7.5329,10.8968],[7.5321,10.8917],[7.5357,10.8848],[7.5377,10.884],[7.547,10.8747],[7.5462,10.8693],[7.5485,10.8636],[7.5507,10.8617],[7.5584,10.8617],[7.5623,10.8589],[7.5636,10.851],[7.5661,10.8459],[7.5661,10.8432],[7.5514,10.8279],[7.5469,10.8236],[7.5452,10.8182],[7.5394,10.8165],[7.5337,10.8203],[7.5319,10.8186],[7.5317,10.8126],[7.5295,10.8104],[7.5236,10.8075],[7.5237,10.8028],[7.5219,10.7995],[7.5188,10.7976],[7.5144,10.7932],[7.5136,10.7896],[7.5054,10.7888],[7.5049,10.7896],[7.5008,10.7864],[7.5039,10.7827],[7.5051,10.7796],[7.5102,10.7821],[7.5136,10.7819],[7.5174,10.7781],[7.5178,10.7761],[7.5218,10.7714],[7.522,10.7662],[7.5238,10.7611],[7.5235,10.7588],[7.5097,10.7448],[7.5111,10.7402],[7.513,10.7391],[7.52,10.7302],[7.5263,10.7258],[7.5307,10.7244],[7.5359,10.7247],[7.5445,10.7241],[7.5526,10.7258],[7.5557,10.7326],[7.5564,10.738],[7.556,10.7426],[7.5587,10.7464],[7.5598,10.7535],[7.5652,10.7542],[7.5731,10.7576],[7.5771,10.7604],[7.5808,10.7598],[7.5828,10.7564],[7.5917,10.7544],[7.5915,10.7579],[7.5931,10.761],[7.5941,10.7648],[7.5978,10.77],[7.6047,10.7779],[7.6064,10.7811],[7.6101,10.7835],[7.6051,10.7896],[7.605,10.7922],[7.6083,10.7966],[7.6102,10.8028],[7.6148,10.8044],[7.6157,10.8122],[7.6203,10.8184],[7.6224,10.8192],[7.6183,10.8317],[7.6158,10.8316],[7.6132,10.8373],[7.6159,10.8451],[7.6151,10.8511],[7.6072,10.8525],[7.5987,10.8565],[7.5959,10.8561],[7.5895,10.8592],[7.5924,10.8629],[7.5956,10.8648],[7.5946,10.8666],[7.5997,10.8699],[7.6043,10.8768],[7.5997,10.883],[7.5986,10.887],[7.5946,10.8864],[7.5912,10.894]]]},"properties":{"name":"BIRNIN YERO","state":"18","code":"18/04/04"}},{"type":"Feature","geometry":{"type":"Polygon","coordinates":[[[7.6973,10.7761],[7.7021,10.7703],[7.7046,10.7656],[7.7048,10.7608],[7.7065,10.7549],[7.7084,10.7515],[7.7085,10.744],[7.7128,10.7368],[7.7163,10.7388],[7.7202,10.7396],[7.7246,10.7378],[7.7305,10.7366],[7.7334,10.7379],[7.7403,10.7337],[7.7463,10.7324],[7.7523,10.7299],[7.7596,10.7255],[7.7678,10.7289],[7.7717,10.7316],[7.771,10.7366],[7.7729,10.7386],[7.7767,10.7383],[7.7775,10.7356],[7.781,10.7351],[7.7821,10.7378],[7.7888,10.7373],[7.7972,10.7395],[7.801,10.7427],[7.8024,10.7468],[7.8019,10.7498],[7.7989,10.7484],[7.7945,10.7514],[7.7985,10.7525],[7.8026,10.7498],[7.8066,10.749],[7.8121,10.7499],[7.8166,10.7461],[7.82,10.7452],[7.821,10.7434],[7.8281,10.7452],[7.8337,10.7511],[7.8392,10.7551],[7.8419,10.7549],[7.8454,10.7587],[7.8516,10.7555],[7.8526,10.7536],[7.8566,10.7546],[7.8613,10.7543],[7.8635,10.7552],[7.868,10.7547],[7.8698,10.7589],[7.8781,10.7602],[7.8866,10.7655],[7.8839,10.7698],[7.8801,10.7731],[7.8772,10.7772],[7.8785,10.7849],[7.8829,10.7909],[7.874,10.7975],[7.8691,10.7993],[7.8634,10.7985],[7.8592,10.7951],[7.8569,10.7919],[7.856,10.7852],[7.8526,10.7746],[7.8507,10.7708],[7.8459,10.7664],[7.8433,10.7671],[7.8402,10.7746],[7.8365,10.7757],[7.835,10.7774],[7.8345,10.7813],[7.8321,10.784],[7.8318,10.7885],[7.8356,10.7922],[7.8392,10.7986],[7.8409,10.804],[7.8393,10.807],[7.8393,10.8139],[7.8409,10.8186],[7.8382,10.8255],[7.8342,10.8275],[7.8243,10.8267],[7.8222,10.8276],[7.8214,10.8315],[7.8161,10.8363],[7.8188,10.8404],[7.8199,10.8474],[7.8131,10.8563],[7.8165,10.8564],[7.8196,10.8608],[7.8243,10.8596],[7.8317,10.86],[7.8351,10.859],[7.8375,10.8629],[7.8358,10.8648],[7.8365,10.8675],[7.8367,10.8698],[7.8338,10.8749],[7.8298,10.8791],[7.8251,10.8811],[7.8225,10.8834],[7.819,10.8843],[7.8169,10.8867],[7.8153,10.8911],[7.8164,10.8961],[7.8143,10.9003],[7.8097,10.9014],[7.8044,10.9039],[7.7997,10.9038],[7.7966,10.9058],[7.7952,10.9117],[7.7956,10.916],[7.7925,10.9211],[7.7875,10.9185],[7.7848,10.9198],[7.7803,10.9163],[7.779,10.919],[7.7757,10.9196],[7.7781,10.9225],[7.7751,10.9259],[7.7722,10.9256],[7.7642,10.9222],[7.7574,10.9272],[7.7557,10.9251],[7.753,10.9189],[7.7498,10.917],[7.7492,10.9137],[7.7539,10.9095],[7.7561,10.9092],[7.7587,10.9066],[7.7574,10.9029],[7.7548,10.903],[7.7491,10.8991],[7.7504,10.8954],[7.7522,10.894],[7.7506,10.886],[7.7467,10.8872],[7.7379,10.8888],[7.7356,10.8794],[7.7343,10.8765],[7.7277,10.8752],[7.7234,10.8705],[7.7257,10.8673],[7.7283,10.861],[7.7277,10.8577],[7.7301,10.8559],[7.7306,10.85],[7.7334,10.8434],[7.7359,10.8441],[7.7368,10.8408],[7.735,10.8388],[7.7334,10.832],[7.7383,10.8271],[7.7402,10.8228],[7.741,10.8183],[7.7425,10.8167],[7.7374,10.8108],[7.7395,10.8093],[7.7403,10.805],[7.744,10.7999],[7.7433,10.7955],[7.7385,10.7898],[7.7411,10.7861],[7.7417,10.782],[7.7353,10.7797],[7.7317,10.7724],[7.7284,10.7693],[7.7241,10.7688],[7.7208,10.7711],[7.7098,10.7728],[7.6973,10.7761]]]},"properties":{"name":"IGABI","state":"18","code":"18/04/05"}},{"type":"Feature","geometry":{"type":"Polygon","coordinates":[[[7.6162,10.5726],[7.6211,10.5784],[7.6296,10.5851],[7.6263,10.593],[7.6287,10.5963],[7.6304,10.601],[7.6322,10.6033],[7.6313,10.6077],[7.6274,10.6095],[7.625,10.612],[7.6183,10.6151],[7.6163,10.6202],[7.6116,10.6269],[7.6055,10.6228],[7.6018,10.6226],[7.5979,10.6202],[7.594,10.6149],[7.5935,10.6129],[7.5896,10.6123],[7.5842,10.6094],[7.5762,10.6082],[7.5684,10.6081],[7.5645,10.6061],[7.5619,10.6061],[7.5586,10.603],[7.5588,10.6009],[7.5557,10.5952],[7.5491,10.593],[7.541,10.5944],[7.535,10.5964],[7.5343,10.6005],[7.5358,10.6084],[7.5394,10.6174],[7.5414,10.619],[7.543,10.6255],[7.5402,10.6311],[7.539,10.6365],[7.5349,10.6365],[7.5316,10.6377],[7.5297,10.6443],[7.5253,10.651],[7.5247,10.6556],[7.5224,10.6568],[7.5197,10.6542],[7.5159,10.6535],[7.5083,10.6538],[7.4974,10.6551],[7.4982,10.6618],[7.4917,10.6605],[7.4823,10.662],[7.4776,10.6657],[7.4665,10.6639],[7.461,10.6673],[7.4597,10.6665],[7.4502,10.669],[7.4444,10.6686],[7.4422,10.6662],[7.4439,10.653],[7.4429,10.6449],[7.4415,10.6418],[7.438,10.6422],[7.4314,10.6362],[7.4315,10.6347],[7.4285,10.6302],[7.4297,10.6264],[7.4319,10.6238],[7.4389,10.619],[7.4413,10.6183],[7.4448,10.6203],[7.4481,10.6172],[7.4512,10.613],[7.4505,10.6109],[7.4526,10.6018],[7.4524,10.5995],[7.455,10.6011],[7.4576,10.5985],[7.4611,10.5996],[7.4638,10.5935],[7.464,10.5914],[7.4717,10.5922],[7.4762,10.5866],[7.4795,10.5855],[7.4722,10.5798],[7.4711,10.5763],[7.4719,10.5719],[7.4732,10.5702],[7.4755,10.5675],[7.4832,10.5672],[7.4852,10.5657],[7.4905,10.5663],[7.4949,10.5679],[7.4966,10.5661],[7.5042,10.5638],[7.5078,10.5665],[7.5109,10.5641],[7.5165,10.5625],[7.5203,10.5646],[7.5216,10.5697],[7.524,10.5723],[7.5277,10.5744],[7.534,10.5763],[7.5371,10.5734],[7.5402,10.5736],[7.5431,10.5713],[7.5477,10.5717],[7.5488,10.5759],[7.5507,10.5791],[7.5532,10.5805],[7.5577,10.5808],[7.5597,10.5822],[7.5635,10.5811],[7.5714,10.5767],[7.5766,10.5843],[7.5874,10.5792],[7.5958,10.5814],[7.6044,10.5823],[7.6098,10.5778],[7.6126,10.5738],[7.6162,10.5726]]]},"properties":{"name":"RIGACHIKUN","state":"18","code":"18/04/06"}},{"type":"Feature","geometry":{"type":"Polygon","coordinates":[[[7.3092,10.6015],[7.3189,10.5983],[7.3198,10.5957],[7.3284,10.5896],[7.3343,10.5886],[7.3407,10.5837],[7.346,10.5814],[7.3488,10.5773],[7.3517,10.5708],[7.3589,10.5688],[7.3591,10.564],[7.3611,10.5591],[7.3635,10.561],[7.3713,10.5628],[7.3764,10.5671],[7.379,10.568],[7.3841,10.5731],[7.3871,10.5747],[7.3954,10.5757],[7.3969,10.5793],[7.4089,10.5772],[7.4112,10.5736],[7.4146,10.5732],[7.4131,10.5756],[7.4126,10.5797],[7.4152,10.5846],[7.4171,10.5912],[7.4207,10.5965],[7.4218,10.6016],[7.4237,10.6059],[7.4218,10.6148],[7.4235,10.6229],[7.4231,10.6271],[7.4269,10.6303],[7.4285,10.6302],[7.4315,10.6347],[7.4314,10.6362],[7.438,10.6422],[7.4415,10.6418],[7.4429,10.6449],[7.4439,10.653],[7.4422,10.6662],[7.4444,10.6686],[7.4502,10.669],[7.4493,10.6767],[7.4533,10.6787],[7.46,10.6803],[7.4641,10.6782],[7.4645,10.6806],[7.4677,10.6847],[7.4744,10.6861],[7.4742,10.6928],[7.4716,10.6951],[7.4681,10.6959],[7.4634,10.7044],[7.4634,10.7084],[7.4607,10.7137],[7.4597,10.7176],[7.4603,10.7213],[7.4626,10.7251],[7.4577,10.7247],[7.4511,10.725],[7.4511,10.7275],[7.4476,10.7273],[7.4439,10.7298],[7.4413,10.733],[7.4416,10.7367],[7.4391,10.7383],[7.4387,10.7407],[7.4319,10.7392],[7.4267,10.7414],[7.4253,10.7402],[7.4197,10.7406],[7.411,10.7293],[7.405,10.7269],[7.4014,10.7283],[7.3936,10.7295],[7.3919,10.7335],[7.3881,10.7386],[7.3871,10.7429],[7.3842,10.7458],[7.3823,10.7505],[7.3799,10.7513],[7.3723,10.7516],[7.3712,10.7523],[7.3676,10.7488],[7.3649,10.7484],[7.3571,10.7526],[7.3548,10.7561],[7.3504,10.7593],[7.3475,10.7624],[7.3409,10.7542],[7.3402,10.7514],[7.3369,10.7475],[7.3343,10.7477],[7.3288,10.7499],[7.3247,10.7486],[7.3217,10.7491],[7.3141,10.7569],[7.3114,10.7617],[7.3106,10.7676],[7.3061,10.7667],[7.3031,10.7674],[7.2978,10.7713],[7.2973,10.773],[7.2927,10.7742],[7.2943,10.7797],[7.2919,10.7842],[7.2946,10.789],[7.2901,10.7899],[7.2885,10.7942],[7.2928,10.7941],[7.2929,10.7964],[7.2851,10.7984],[7.2814,10.7981],[7.2719,10.8003],[7.2674,10.7988],[7.2656,10.7928],[7.2664,10.7881],[7.2627,10.7795],[7.2623,10.776],[7.2589,10.7737],[7.2533,10.7719],[7.2501,10.7676],[7.2495,10.765],[7.2435,10.7591],[7.2402,10.7583],[7.2341,10.7522],[7.232,10.7473],[7.2298,10.7453],[7.2254,10.7443],[7.22,10.7417],[7.2078,10.7431],[7.2048,10.7414],[7.206,10.7375],[7.2102,10.7323],[7.2105,10.7252],[7.2092,10.7215],[7.2093,10.7167],[7.2116,10.7157],[7.2165,10.7117],[7.2192,10.7108],[7.2201,10.7073],[7.2176,10.7026],[7.2176,10.6954],[7.2157,10.6916],[7.2154,10.6878],[7.2136,10.6837],[7.2141,10.6753],[7.2126,10.6694],[7.2131,10.6674],[7.2177,10.6674],[7.2211,10.6695],[7.2309,10.6718],[7.2389,10.6719],[7.2478,10.6682],[7.2514,10.6658],[7.2588,10.663],[7.2657,10.6644],[7.2663,10.6608],[7.2654,10.6568],[7.2659,10.6523],[7.2636,10.6499],[7.2629,10.6471],[7.2659,10.6465],[7.2701,10.6436],[7.2713,10.6409],[7.2753,10.6399],[7.2768,10.6376],[7.2818,10.6377],[7.2898,10.6395],[7.2922,10.6418],[7.298,10.6428],[7.3019,10.6374],[7.3052,10.639],[7.3113,10.6373],[7.3103,10.6293],[7.3091,10.627],[7.3105,10.616],[7.3103,10.6121],[7.3113,10.6077],[7.3092,10.6015]]]},"properties":{"name":"AFAKA","state":"18","code":"18/04/07"}},{"type":"Feature","geometry":{"type":"Polygon","coordinates":[[[7.2048,10.7414],[7.2078,10.7431],[7.22,10.7417],[7.2254,10.7443],[7.2298,10.7453],[7.232,10.7473],[7.2341,10.7522],[7.2402,10.7583],[7.2435,10.7591],[7.2495,10.765],[7.2501,10.7676],[7.2533,10.7719],[7.2589,10.7737],[7.2623,10.776],[7.2627,10.7795],[7.2664,10.7881],[7.2656,10.7928],[7.2674,10.7988],[7.2719,10.8003],[7.2814,10.7981],[7.2851,10.7984],[7.2929,10.7964],[7.2928,10.7941],[7.2885,10.7942],[7.2901,10.7899],[7.2946,10.789],[7.2919,10.7842],[7.2943,10.7797],[7.2927,10.7742],[7.2973,10.773],[7.2978,10.7713],[7.3031,10.7674],[7.3061,10.7667],[7.3106,10.7676],[7.3114,10.7617],[7.3141,10.7569],[7.3217,10.7491],[7.3247,10.7486],[7.3288,10.7499],[7.3343,10.7477],[7.3369,10.7475],[7.3402,10.7514],[7.3409,10.7542],[7.3475,10.7624],[7.3504,10.7593],[7.3548,10.7561],[7.3571,10.7526],[7.3649,10.7484],[7.3676,10.7488],[7.3712,10.7523],[7.3723,10.7516],[7.3799,10.7513],[7.3823,10.7505],[7.3842,10.7458],[7.3871,10.7429],[7.3881,10.7386],[7.3919,10.7335],[7.3936,10.7295],[7.4014,10.7283],[7.405,10.7269],[7.411,10.7293],[7.4197,10.7406],[7.4253,10.7402],[7.4267,10.7414],[7.4319,10.7392],[7.4387,10.7407],[7.4391,10.7383],[7.4416,10.7367],[7.4413,10.733],[7.4439,10.7298],[7.4476,10.7273],[7.4511,10.7275],[7.4511,10.725],[7.4577,10.7247],[7.4626,10.7251],[7.4603,10.7213],[7.4597,10.7176],[7.4607,10.7137],[7.4634,10.7084],[7.4634,10.7044],[7.4681,10.6959],[7.4716,10.6951],[7.4742,10.6928],[7.4738,10.6951],[7.4783,10.7001],[7.4811,10.7008],[7.4833,10.7069],[7.4855,10.7095],[7.4883,10.7187],[7.493,10.7286],[7.495,10.74],[7.494,10.7445],[7.4934,10.7561],[7.4864,10.7567],[7.4853,10.7627],[7.4827,10.7653],[7.4806,10.7723],[7.484,10.7761],[7.4846,10.779],[7.4868,10.7815],[7.4847,10.786],[7.4853,10.7898],[7.4936,10.7969],[7.4968,10.7964],[7.5018,10.798],[7.5051,10.7931],[7.5049,10.7896],[7.5054,10.7888],[7.5136,10.7896],[7.5144,10.7932],[7.5188,10.7976],[7.5219,10.7995],[7.5237,10.8028],[7.5236,10.8075],[7.5295,10.8104],[7.5317,10.8126],[7.5319,10.8186],[7.5337,10.8203],[7.5394,10.8165],[7.5452,10.8182],[7.5469,10.8236],[7.5514,10.8279],[7.5661,10.8432],[7.5661,10.8459],[7.5636,10.851],[7.5623,10.8589],[7.5584,10.8617],[7.5507,10.8617],[7.5485,10.8636],[7.5462,10.8693],[7.547,10.8747],[7.5377,10.884],[7.5357,10.8848],[7.5321,10.8917],[7.5329,10.8968],[7.5313,10.9001],[7.5307,10.9053],[7.5321,10.9076],[7.5295,10.9137],[7.527,10.9145],[7.5179,10.9152],[7.5156,10.9159],[7.5108,10.9153],[7.5056,10.9159],[7.4991,10.9138],[7.496,10.9092],[7.492,10.9083],[7.4874,10.913],[7.4877,10.9164],[7.4854,10.9233],[7.4814,10.925],[7.4688,10.9232],[7.4634,10.9213],[7.4593,10.9209],[7.4564,10.9159],[7.451,10.9103],[7.4494,10.9066],[7.4487,10.8997],[7.4461,10.8944],[7.448,10.8902],[7.4473,10.8859],[7.4412,10.8825],[7.4295,10.883],[7.4257,10.8845],[7.4256,10.888],[7.4216,10.8952],[7.4157,10.8953],[7.4097,10.8984],[7.4056,10.8995],[7.3958,10.9057],[7.3909,10.9038],[7.386,10.8993],[7.3797,10.8963],[7.3788,10.8941],[7.3721,10.8854],[7.3686,10.884],[7.3652,10.8865],[7.3601,10.8938],[7.3577,10.8948],[7.3526,10.9015],[7.3481,10.905],[7.3441,10.9059],[7.3408,10.9112],[7.341,10.913],[7.3364,10.923],[7.3307,10.9175],[7.3263,10.9163],[7.3265,10.9138],[7.3288,10.9119],[7.3284,10.9095],[7.3227,10.9079],[7.3234,10.9038],[7.3157,10.9073],[7.3171,10.9039],[7.3166,10.9006],[7.3182,10.896],[7.3155,10.893],[7.3129,10.892],[7.3148,10.8873],[7.3109,10.884],[7.3107,10.8776],[7.3116,10.8748],[7.3061,10.8701],[7.3022,10.8728],[7.2987,10.8731],[7.2951,10.8765],[7.2926,10.8819],[7.2888,10.8881],[7.2863,10.8975],[7.2831,10.9007],[7.283,10.9056],[7.2804,10.9104],[7.2736,10.9157],[7.2668,10.9177],[7.2639,10.92],[7.2634,10.9088],[7.2609,10.9073],[7.2556,10.902],[7.2521,10.8995],[7.2515,10.8963],[7.2492,10.8941],[7.2448,10.8871],[7.2419,10.8834],[7.2361,10.8798],[7.2341,10.8759],[7.2296,10.8713],[7.2257,10.8686],[7.2172,10.8566],[7.2161,10.8522],[7.2137,10.8501],[7.2125,10.8436],[7.2085,10.8354],[7.2063,10.8276],[7.2065,10.8227],[7.2055,10.8213],[7.2059,10.8152],[7.2078,10.8133],[7.2081,10.8054],[7.2049,10.7974],[7.2003,10.7919],[7.1991,10.7918],[7.195,10.7805],[7.1955,10.7738],[7.1935,10.7704],[7.1848,10.7621],[7.1855,10.7513],[7.1941,10.7455],[7.1988,10.743],[7.2048,10.7414]]]},"properties":{"name":"SABON BIRNIN DAJI","state":"18","code":"18/04/08"}},{"type":"Feature","geometry":{"type":"Polygon","coordinates":[[[7.3364,10.923],[7.341,10.913],[7.3408,10.9112],[7.3441,10.9059],[7.3481,10.905],[7.3526,10.9015],[7.3577,10.8948],[7.3601,10.8938],[7.3652,10.8865],[7.3686,10.884],[7.3721,10.8854],[7.3788,10.8941],[7.3797,10.8963],[7.386,10.8993],[7.3909,10.9038],[7.3958,10.9057],[7.4056,10.8995],[7.4097,10.8984],[7.4157,10.8953],[7.4216,10.8952],[7.4256,10.888],[7.4257,10.8845],[7.4295,10.883],[7.4412,10.8825],[7.4473,10.8859],[7.448,10.8902],[7.4461,10.8944],[7.4487,10.8997],[7.4494,10.9066],[7.451,10.9103],[7.4564,10.9159],[7.4593,10.9209],[7.4634,10.9213],[7.4688,10.9232],[7.4814,10.925],[7.4854,10.9233],[7.4877,10.9164],[7.4874,10.913],[7.492,10.9083],[7.496,10.9092],[7.4991,10.9138],[7.5056,10.9159],[7.5108,10.9153],[7.5156,10.9159],[7.5179,10.9152],[7.527,10.9145],[7.5295,10.9137],[7.5315,10.9213],[7.531,10.9254],[7.5365,10.9316],[7.5405,10.9317],[7.5442,10.9302],[7.5466,10.9266],[7.55,10.9256],[7.5515,10.9218],[7.5548,10.9177],[7.5564,10.9132],[7.5609,10.9044],[7.5636,10.9013],[7.5749,10.9027],[7.5812,10.8987],[7.5819,10.8969],[7.5912,10.894],[7.5979,10.8987],[7.599,10.9046],[7.6018,10.9066],[7.6014,10.9096],[7.6026,10.9126],[7.6059,10.9153],[7.6118,10.9161],[7.614,10.922],[7.62,10.9226],[7.6198,10.9256],[7.6156,10.9292],[7.6141,10.9317],[7.6219,10.9353],[7.6224,10.9393],[7.6205,10.9438],[7.6217,10.9459],[7.6284,10.9495],[7.6283,10.9534],[7.6295,10.9579],[7.6284,10.9634],[7.6247,10.9652],[7.6281,10.9701],[7.6275,10.9715],[7.6281,10.9824],[7.6302,10.9868],[7.6246,10.9941],[7.6196,10.9952],[7.6132,10.9976],[7.6079,10.9965],[7.6056,11.0017],[7.6025,11.0065],[7.5967,11.0068],[7.5906,11.0085],[7.5858,11.0129],[7.5796,11.0095],[7.577,11.0091],[7.5731,11.0105],[7.5728,11.0054],[7.5708,10.9974],[7.5678,10.9961],[7.5654,10.9931],[7.5627,10.9931],[7.554,10.9885],[7.5479,10.9882],[7.5451,10.986],[7.5441,10.9835],[7.5341,10.9782],[7.529,10.9733],[7.5271,10.9754],[7.5217,10.9726],[7.517,10.9706],[7.5073,10.9626],[7.4993,10.9648],[7.4909,10.9636],[7.4857,10.9644],[7.4814,10.9623],[7.4761,10.9643],[7.4733,10.9637],[7.4718,10.9657],[7.4666,10.9673],[7.4641,10.9669],[7.4543,10.9673],[7.4517,10.9682],[7.4491,10.9665],[7.4467,10.9614],[7.4448,10.9616],[7.4425,10.9671],[7.4382,10.9699],[7.4346,10.9738],[7.4316,10.9755],[7.4275,10.9794],[7.4229,10.9826],[7.424,10.9881],[7.4287,10.9925],[7.4292,11.0007],[7.4314,11.0052],[7.4232,11.0093],[7.4217,11.0119],[7.4166,11.0118],[7.414,11.0096],[7.4102,11.0046],[7.4026,11.0035],[7.3903,11.0046],[7.382,11.0028],[7.3785,11.0006],[7.3713,11.0022],[7.3679,11.0015],[7.3627,11.0048],[7.3568,11.0048],[7.3479,11.0056],[7.3408,11.0015],[7.3391,10.9996],[7.3365,10.9938],[7.3328,10.9928],[7.3226,10.9926],[7.319,10.9914],[7.3192,10.9872],[7.3221,10.9879],[7.3228,10.9848],[7.3269,10.9859],[7.3334,10.9864],[7.3342,10.9817],[7.3359,10.9775],[7.3344,10.9748],[7.3349,10.9665],[7.338,10.9632],[7.3352,10.9606],[7.3374,10.9577],[7.3386,10.951],[7.3344,10.9457],[7.3357,10.9438],[7.3354,10.9403],[7.3336,10.9396],[7.3302,10.9348],[7.3307,10.9318],[7.3356,10.9297],[7.3342,10.9277],[7.3364,10.923]]]},"properties":{"name":"KERAWA","state":"18","code":"18/04/09"}},{"type":"Feature","geometry":{"type":"Polygon","coordinates":[[[7.5931,10.761],[7.5915,10.7579],[7.5917,10.7544],[7.5828,10.7564],[7.5808,10.7598],[7.5771,10.7604],[7.5731,10.7576],[7.5652,10.7542],[7.5598,10.7535],[7.5587,10.7464],[7.556,10.7426],[7.5564,10.738],[7.5557,10.7326],[7.5526,10.7258],[7.5445,10.7241],[7.5359,10.7247],[7.5307,10.7244],[7.5263,10.7258],[7.52,10.7302],[7.513,10.7391],[7.5111,10.7402],[7.5097,10.7448],[7.5235,10.7588],[7.5238,10.7611],[7.522,10.7662],[7.5218,10.7714],[7.5178,10.7761],[7.5174,10.7781],[7.5136,10.7819],[7.5102,10.7821],[7.5051,10.7796],[7.5039,10.7827],[7.5008,10.7864],[7.5049,10.7896],[7.5051,10.7931],[7.5018,10.798],[7.4968,10.7964],[7.4936,10.7969],[7.4853,10.7898],[7.4847,10.786],[7.4868,10.7815],[7.4846,10.779],[7.484,10.7761],[7.4806,10.7723],[7.4827,10.7653],[7.4853,10.7627],[7.4864,10.7567],[7.4934,10.7561],[7.494,10.7445],[7.495,10.74],[7.493,10.7286],[7.4883,10.7187],[7.4855,10.7095],[7.4833,10.7069],[7.4811,10.7008],[7.4783,10.7001],[7.4738,10.6951],[7.4742,10.6928],[7.4744,10.6861],[7.4677,10.6847],[7.4645,10.6806],[7.4641,10.6782],[7.46,10.6803],[7.4533,10.6787],[7.4493,10.6767],[7.4502,10.669],[7.4597,10.6665],[7.461,10.6673],[7.4665,10.6639],[7.4776,10.6657],[7.4823,10.662],[7.4917,10.6605],[7.4982,10.6618],[7.4974,10.6551],[7.5083,10.6538],[7.5159,10.6535],[7.5197,10.6542],[7.5224,10.6568],[7.5247,10.6556],[7.5253,10.651],[7.5297,10.6443],[7.5316,10.6377],[7.5349,10.6365],[7.539,10.6365],[7.5402,10.6311],[7.543,10.6255],[7.5414,10.619],[7.5394,10.6174],[7.5358,10.6084],[7.5343,10.6005],[7.535,10.5964],[7.541,10.5944],[7.5491,10.593],[7.5557,10.5952],[7.5588,10.6009],[7.5586,10.603],[7.5619,10.6061],[7.5645,10.6061],[7.5684,10.6081],[7.5762,10.6082],[7.5842,10.6094],[7.5896,10.6123],[7.5935,10.6129],[7.594,10.6149],[7.5979,10.6202],[7.6018,10.6226],[7.6001,10.6232],[7.5998,10.6292],[7.6011,10.6304],[7.5989,10.6404],[7.6002,10.6444],[7.595,10.6466],[7.5903,10.6519],[7.5872,10.6605],[7.5846,10.6642],[7.5842,10.6672],[7.582,10.6716],[7.5823,10.6781],[7.5838,10.682],[7.5859,10.6907],[7.5894,10.6899],[7.5963,10.6916],[7.6055,10.6915],[7.6143,10.693],[7.6205,10.6927],[7.6259,10.6946],[7.6316,10.6957],[7.6354,10.6991],[7.6379,10.7096],[7.6401,10.7142],[7.6437,10.7201],[7.645,10.7268],[7.6435,10.7279],[7.6346,10.7302],[7.6345,10.7317],[7.6263,10.7362],[7.6269,10.7439],[7.6237,10.752],[7.6224,10.7537],[7.6184,10.7556],[7.615,10.7528],[7.6056,10.7529],[7.6002,10.754],[7.5931,10.761]]]},"properties":{"name":"KWARAU","state":"18","code":"18/04/10"}},{"type":"Feature","geometry":{"type":"Polygon","coordinates":[[[7.6224,10.7537],[7.6237,10.752],[7.6269,10.7439],[7.6263,10.7362],[7.6345,10.7317],[7.6346,10.7302],[7.6435,10.7279],[7.645,10.7268],[7.6437,10.7201],[7.6401,10.7142],[7.6423,10.7131],[7.6544,10.7135],[7.6583,10.7167],[7.6651,10.7162],[7.6677,10.7119],[7.6708,10.7099],[7.6728,10.7064],[7.6815,10.7075],[7.6848,10.7065],[7.6921,10.7073],[7.6965,10.7016],[7.7037,10.698],[7.7074,10.6978],[7.7078,10.6939],[7.7064,10.6894],[7.6972,10.6829],[7.693,10.6808],[7.6893,10.6801],[7.6881,10.6773],[7.688,10.6725],[7.6921,10.6719],[7.6965,10.6694],[7.701,10.67],[7.7057,10.6676],[7.7074,10.6611],[7.7083,10.6546],[7.7027,10.6541],[7.7005,10.6528],[7.6942,10.6512],[7.6999,10.6446],[7.7001,10.6412],[7.7035,10.6395],[7.7065,10.6418],[7.7113,10.6432],[7.7176,10.6492],[7.7235,10.653],[7.7275,10.6538],[7.7313,10.6559],[7.7338,10.6605],[7.7326,10.663],[7.7294,10.6635],[7.7273,10.6663],[7.7297,10.6695],[7.7323,10.6694],[7.7365,10.6712],[7.7421,10.6696],[7.7478,10.6715],[7.7504,10.6617],[7.7531,10.6594],[7.7556,10.654],[7.7553,10.6523],[7.7587,10.6436],[7.77,10.6464],[7.7765,10.6463],[7.7845,10.6434],[7.7854,10.6421],[7.7852,10.6367],[7.7842,10.6327],[7.784,10.6226],[7.7862,10.6185],[7.7873,10.6125],[7.7917,10.6065],[7.7933,10.6104],[7.797,10.6109],[7.8,10.6147],[7.8055,10.6107],[7.8055,10.6075],[7.8098,10.5953],[7.8123,10.5946],[7.8281,10.5934],[7.8333,10.5948],[7.8347,10.5941],[7.8422,10.5944],[7.8458,10.5986],[7.8474,10.6028],[7.8518,10.6085],[7.8545,10.6088],[7.8576,10.6116],[7.8618,10.6123],[7.8613,10.6204],[7.8623,10.6234],[7.8611,10.6289],[7.8623,10.6336],[7.8637,10.6348],[7.8664,10.6454],[7.8671,10.6528],[7.868,10.6558],[7.8616,10.6591],[7.8579,10.6601],[7.8542,10.6635],[7.8589,10.6666],[7.861,10.6658],[7.873,10.6735],[7.8772,10.6724],[7.8805,10.6745],[7.8875,10.6747],[7.8878,10.6783],[7.8857,10.6813],[7.8806,10.6842],[7.8803,10.6897],[7.8783,10.6902],[7.8733,10.695],[7.8721,10.6973],[7.8725,10.7017],[7.869,10.7064],[7.8642,10.7245],[7.8571,10.7244],[7.8533,10.7261],[7.8533,10.7286],[7.8491,10.7318],[7.8442,10.7327],[7.8409,10.735],[7.8382,10.7385],[7.8349,10.7395],[7.8292,10.7431],[7.8281,10.7452],[7.821,10.7434],[7.82,10.7452],[7.8166,10.7461],[7.8121,10.7499],[7.8066,10.749],[7.8026,10.7498],[7.7985,10.7525],[7.7945,10.7514],[7.7989,10.7484],[7.8019,10.7498],[7.8024,10.7468],[7.801,10.7427],[7.7972,10.7395],[7.7888,10.7373],[7.7821,10.7378],[7.781,10.7351],[7.7775,10.7356],[7.7767,10.7383],[7.7729,10.7386],[7.771,10.7366],[7.7717,10.7316],[7.7678,10.7289],[7.7596,10.7255],[7.7523,10.7299],[7.7463,10.7324],[7.7403,10.7337],[7.7334,10.7379],[7.7305,10.7366],[7.7246,10.7378],[7.7202,10.7396],[7.7163,10.7388],[7.7128,10.7368],[7.7085,10.744],[7.7084,10.7515],[7.7065,10.7549],[7.7048,10.7608],[7.7046,10.7656],[7.7021,10.7703],[7.6973,10.7761],[7.6936,10.7739],[7.6907,10.7698],[7.6793,10.7707],[7.6758,10.7719],[7.6715,10.7756],[7.6674,10.7722],[7.6627,10.7711],[7.6598,10.7727],[7.6577,10.7708],[7.6519,10.769],[7.6502,10.7617],[7.6478,10.7574],[7.6441,10.7557],[7.6355,10.758],[7.6319,10.7574],[7.6286,10.7583],[7.6255,10.7571],[7.6224,10.7537]]]},"properties":{"name":"GADAN GAYAN","state":"18","code":"18/04/11"}},{"type":"Feature","geometry":{"type":"Polygon","coordinates":[[[7.3405,10.4918],[7.3469,10.4917],[7.3647,10.4894],[7.378,10.4895],[7.3803,10.4958],[7.3823,10.498],[7.3844,10.5028],[7.3936,10.5115],[7.3952,10.5169],[7.3943,10.5195],[7.3962,10.5241],[7.3973,10.5303],[7.399,10.533],[7.4036,10.5347],[7.4062,10.5384],[7.4071,10.5445],[7.4081,10.5453],[7.4068,10.55],[7.4076,10.5535],[7.4102,10.5574],[7.4118,10.5637],[7.4143,10.5663],[7.4144,10.5705],[7.4146,10.5732],[7.4112,10.5736],[7.4089,10.5772],[7.3969,10.5793],[7.3954,10.5757],[7.3871,10.5747],[7.3841,10.5731],[7.379,10.568],[7.3764,10.5671],[7.3713,10.5628],[7.3635,10.561],[7.3611,10.5591],[7.3591,10.564],[7.3589,10.5688],[7.3517,10.5708],[7.3488,10.5773],[7.346,10.5814],[7.3407,10.5837],[7.3343,10.5886],[7.3284,10.5896],[7.3198,10.5957],[7.3189,10.5983],[7.3092,10.6015],[7.3057,10.6025],[7.3017,10.5977],[7.2971,10.5958],[7.2887,10.5908],[7.2909,10.5847],[7.2847,10.5835],[7.2815,10.5845],[7.2781,10.5838],[7.2738,10.5731],[7.2736,10.5702],[7.2673,10.5671],[7.2653,10.5653],[7.2609,10.564],[7.2556,10.5611],[7.2556,10.5584],[7.2534,10.5547],[7.2502,10.5521],[7.2431,10.5448],[7.245,10.5427],[7.2482,10.5419],[7.2468,10.5383],[7.242,10.5348],[7.2373,10.5336],[7.2372,10.5321],[7.2415,10.528],[7.2456,10.5262],[7.2483,10.5267],[7.2497,10.5239],[7.2532,10.5238],[7.2566,10.5201],[7.2539,10.5124],[7.2571,10.5165],[7.2626,10.515],[7.2699,10.5187],[7.275,10.5167],[7.281,10.5168],[7.2859,10.5147],[7.2868,10.5036],[7.2875,10.5014],[7.2857,10.4988],[7.288,10.4937],[7.2872,10.4917],[7.291,10.4861],[7.293,10.4917],[7.2987,10.4946],[7.3037,10.4984],[7.3092,10.5014],[7.3144,10.5013],[7.3245,10.4977],[7.3253,10.4956],[7.33,10.496],[7.3331,10.4931],[7.3405,10.4918]]]},"properties":{"name":"RIGASA","state":"18","code":"18/04/12"}},{"type":"Feature","geometry":{"type":"Polygon","coordinates":[[[8.2979,11.2342],[8.294,11.2425],[8.2937,11.2495],[8.291,11.2524],[8.2917,11.256],[8.2878,11.2589],[8.2874,11.2646],[8.2861,11.2682],[8.278,11.2749],[8.2766,11.2778],[8.2731,11.2765],[8.2661,11.2774],[8.2618,11.2764],[8.2617,11.2707],[8.2631,11.2589],[8.266,11.252],[8.2614,11.2511],[8.2563,11.2486],[8.2583,11.242],[8.2582,11.2348],[8.2537,11.234],[8.2469,11.2308],[8.2365,11.2214],[8.2381,11.2177],[8.2333,11.2138],[8.2297,11.2137],[8.2247,11.2162],[8.2207,11.2102],[8.2194,11.2061],[8.2131,11.2018],[8.2077,11.2039],[8.2042,11.2011],[8.2066,11.199],[8.2067,11.1931],[8.2015,11.1935],[8.1972,11.1874],[8.1952,11.1799],[8.1984,11.176],[8.1951,11.1709],[8.1887,11.1729],[8.1829,11.1716],[8.18,11.1651],[8.1786,11.1651],[8.1777,11.1736],[8.1758,11.1787],[8.1709,11.1845],[8.1677,11.184],[8.1613,11.1855],[8.1587,11.1876],[8.1536,11.1868],[8.149,11.1845],[8.1499,11.1802],[8.1536,11.1781],[8.1565,11.1738],[8.1562,11.1693],[8.1524,11.1666],[8.1493,11.1624],[8.144,11.157],[8.142,11.1519],[8.1293,11.1438],[8.1338,11.1404],[8.1325,11.1377],[8.1335,11.1353],[8.1379,11.1323],[8.1411,11.1318],[8.1401,11.1231],[8.1453,11.1225],[8.1489,11.1197],[8.1494,11.1174],[8.15,11.1147],[8.1532,11.1148],[8.1575,11.1184],[8.1621,11.1208],[8.1683,11.1254],[8.171,11.1259],[8.1754,11.1286],[8.1755,11.1297],[8.1808,11.1358],[8.1844,11.1364],[8.188,11.139],[8.199,11.1429],[8.1999,11.1481],[8.1997,11.1522],[8.1984,11.1539],[8.206,11.1604],[8.2111,11.1627],[8.2129,11.1656],[8.219,11.1662],[8.2174,11.163],[8.2229,11.163],[8.2279,11.1652],[8.2313,11.1654],[8.2311,11.1706],[8.2333,11.1703],[8.2395,11.1737],[8.2406,11.1784],[8.243,11.1808],[8.2433,11.1838],[8.2458,11.1859],[8.2517,11.1871],[8.2546,11.1908],[8.2538,11.1941],[8.2562,11.1947],[8.2619,11.1985],[8.27,11.201],[8.275,11.2033],[8.2877,11.2107],[8.2958,11.2134],[8.2994,11.2158],[8.3043,11.217],[8.3014,11.2184],[8.3011,11.2215],[8.2987,11.2251],[8.2976,11.23],[8.2979,11.2342]]]},"properties":{"name":"IKARA","state":"18","code":"18/05/01"}},{"type":"Feature","geometry":{"type":"Polygon","coordinates":[[[8.1754,11.1286],[8.1837,11.1297],[8.1883,11.1318],[8.1911,11.1315],[8.1951,11.1344],[8.1998,11.135],[8.2009,11.1381],[8.2065,11.1368],[8.2117,11.139],[8.2179,11.1384],[8.2241,11.1362],[8.2267,11.1334],[8.2251,11.1295],[8.2217,11.1247],[8.2183,11.1211],[8.2199,11.1163],[8.2196,11.114],[8.2164,11.1111],[8.2145,11.1077],[8.2119,11.0979],[8.2095,11.0944],[8.2178,11.0929],[8.2218,11.0906],[8.2271,11.0959],[8.2332,11.0997],[8.2356,11.1003],[8.2397,11.0992],[8.2437,11.1008],[8.248,11.1009],[8.2568,11.0996],[8.2634,11.1052],[8.2705,11.1036],[8.2777,11.1044],[8.2828,11.1074],[8.289,11.107],[8.2917,11.1146],[8.2961,11.1169],[8.2994,11.1215],[8.3031,11.124],[8.3107,11.1274],[8.3098,11.1387],[8.3105,11.1408],[8.3096,11.1469],[8.3033,11.1503],[8.3025,11.1571],[8.3009,11.1609],[8.3018,11.1664],[8.3038,11.1689],[8.3064,11.1679],[8.3094,11.1724],[8.3126,11.1732],[8.3155,11.1717],[8.3219,11.1737],[8.3268,11.1763],[8.3233,11.1783],[8.3201,11.1817],[8.3197,11.1878],[8.3238,11.1943],[8.3219,11.1973],[8.3219,11.2008],[8.3166,11.2035],[8.3148,11.2072],[8.3109,11.2101],[8.3087,11.2148],[8.3043,11.217],[8.2994,11.2158],[8.2958,11.2134],[8.2877,11.2107],[8.275,11.2033],[8.27,11.201],[8.2619,11.1985],[8.2562,11.1947],[8.2538,11.1941],[8.2546,11.1908],[8.2517,11.1871],[8.2458,11.1859],[8.2433,11.1838],[8.243,11.1808],[8.2406,11.1784],[8.2395,11.1737],[8.2333,11.1703],[8.2311,11.1706],[8.2313,11.1654],[8.2279,11.1652],[8.2229,11.163],[8.2174,11.163],[8.219,11.1662],[8.2129,11.1656],[8.2111,11.1627],[8.206,11.1604],[8.1984,11.1539],[8.1997,11.1522],[8.1999,11.1481],[8.199,11.1429],[8.188,11.139],[8.1844,11.1364],[8.1808,11.1358],[8.1755,11.1297],[8.1754,11.1286]]]},"properties":{"name":"JANFALA","state":"18","code":"18/05/02"}},{"type":"Feature","geometry":{"type":"Polygon","coordinates":[[[8.2618,11.2764],[8.2573,11.2797],[8.2549,11.2916],[8.2547,11.2958],[8.2563,11.3012],[8.2585,11.3022],[8.2621,11.3074],[8.2639,11.3132],[8.2586,11.3129],[8.2557,11.315],[8.2489,11.3256],[8.2428,11.3268],[8.2374,11.3271],[8.2268,11.3259],[8.2167,11.3229],[8.2068,11.3187],[8.2033,11.3183],[8.1992,11.3217],[8.1973,11.3215],[8.1937,11.3237],[8.1925,11.3213],[8.1874,11.3196],[8.1821,11.3119],[8.1787,11.3039],[8.1762,11.3025],[8.1784,11.2991],[8.1754,11.2967],[8.1707,11.2954],[8.1678,11.2905],[8.1636,11.2876],[8.1606,11.2833],[8.159,11.2838],[8.1523,11.2803],[8.1481,11.2765],[8.1384,11.2755],[8.1371,11.2731],[8.1308,11.2709],[8.1291,11.2681],[8.1266,11.2682],[8.1222,11.2713],[8.1131,11.2697],[8.1085,11.2649],[8.1011,11.2625],[8.0978,11.2629],[8.0946,11.2614],[8.0888,11.2625],[8.0748,11.2609],[8.0722,11.2548],[8.072,11.2499],[8.0769,11.2401],[8.0708,11.2365],[8.0673,11.2312],[8.0643,11.2245],[8.065,11.2158],[8.0584,11.2134],[8.0569,11.2109],[8.0517,11.2077],[8.0496,11.2012],[8.047,11.1991],[8.0438,11.1985],[8.0493,11.194],[8.063,11.1846],[8.0666,11.1839],[8.0686,11.1819],[8.0706,11.1758],[8.0739,11.1744],[8.0787,11.1776],[8.0822,11.176],[8.0846,11.1766],[8.0842,11.1832],[8.0892,11.18],[8.0932,11.1834],[8.0954,11.1811],[8.0932,11.1779],[8.0905,11.1684],[8.0912,11.1673],[8.0946,11.1638],[8.0965,11.1636],[8.1032,11.1653],[8.107,11.1604],[8.1126,11.1556],[8.1168,11.1542],[8.1186,11.1483],[8.1208,11.1469],[8.1282,11.1469],[8.1293,11.1438],[8.142,11.1519],[8.144,11.157],[8.1493,11.1624],[8.1524,11.1666],[8.1562,11.1693],[8.1565,11.1738],[8.1536,11.1781],[8.1499,11.1802],[8.149,11.1845],[8.1536,11.1868],[8.1587,11.1876],[8.1613,11.1855],[8.1677,11.184],[8.1709,11.1845],[8.1758,11.1787],[8.1777,11.1736],[8.1786,11.1651],[8.18,11.1651],[8.1829,11.1716],[8.1887,11.1729],[8.1951,11.1709],[8.1984,11.176],[8.1952,11.1799],[8.1972,11.1874],[8.2015,11.1935],[8.2067,11.1931],[8.2066,11.199],[8.2042,11.2011],[8.2077,11.2039],[8.2131,11.2018],[8.2194,11.2061],[8.2207,11.2102],[8.2247,11.2162],[8.2297,11.2137],[8.2333,11.2138],[8.2381,11.2177],[8.2365,11.2214],[8.2469,11.2308],[8.2537,11.234],[8.2582,11.2348],[8.2583,11.242],[8.2563,11.2486],[8.2614,11.2511],[8.266,11.252],[8.2631,11.2589],[8.2617,11.2707],[8.2618,11.2764]]]},"properties":{"name":"K/KOGI","state":"18","code":"18/05/03"}},{"type":"Feature","geometry":{"type":"Polygon","coordinates":[[[8.2068,11.3187],[8.2002,11.3244],[8.1935,11.3338],[8.1874,11.3406],[8.1755,11.3484],[8.1674,11.3543],[8.1652,11.363],[8.1543,11.3695],[8.1488,11.3734],[8.1499,11.3754],[8.1433,11.3779],[8.1234,11.3865],[8.1187,11.3839],[8.1124,11.3822],[8.1086,11.3829],[8.1077,11.3806],[8.1086,11.3765],[8.112,11.3724],[8.1128,11.3679],[8.1091,11.3643],[8.1098,11.361],[8.1072,11.3558],[8.1024,11.358],[8.1018,11.3598],[8.0964,11.3616],[8.0926,11.3607],[8.082,11.3673],[8.077,11.3755],[8.0732,11.3781],[8.0692,11.3741],[8.0634,11.3705],[8.0658,11.3653],[8.0676,11.3635],[8.0678,11.3595],[8.0604,11.3532],[8.0556,11.3509],[8.0552,11.3455],[8.0528,11.3446],[8.0525,11.3404],[8.0492,11.3333],[8.0487,11.3306],[8.0549,11.3269],[8.054,11.315],[8.0553,11.313],[8.0559,11.307],[8.0571,11.3031],[8.0638,11.301],[8.0675,11.3017],[8.0682,11.2925],[8.0726,11.2909],[8.0744,11.2889],[8.0813,11.2891],[8.0821,11.2872],[8.0861,11.2856],[8.0889,11.2819],[8.0978,11.2854],[8.1016,11.2832],[8.1081,11.2857],[8.1144,11.2902],[8.1146,11.2872],[8.1165,11.2839],[8.1151,11.2795],[8.112,11.2763],[8.1131,11.2697],[8.1222,11.2713],[8.1266,11.2682],[8.1291,11.2681],[8.1308,11.2709],[8.1371,11.2731],[8.1384,11.2755],[8.1481,11.2765],[8.1523,11.2803],[8.159,11.2838],[8.1606,11.2833],[8.1636,11.2876],[8.1678,11.2905],[8.1707,11.2954],[8.1754,11.2967],[8.1784,11.2991],[8.1762,11.3025],[8.1787,11.3039],[8.1821,11.3119],[8.1874,11.3196],[8.1925,11.3213],[8.1937,11.3237],[8.1973,11.3215],[8.1992,11.3217],[8.2033,11.3183],[8.2068,11.3187]]]},"properties":{"name":"SAULAWA","state":"18","code":"18/05/04"}},{"type":"Feature","geometry":{"type":"Polygon","coordinates":[[[8.4475,11.2033],[8.4381,11.2098],[8.4371,11.2049],[8.4326,11.1987],[8.4299,11.196],[8.4268,11.1908],[8.4336,11.1775],[8.4298,11.1741],[8.4222,11.1768],[8.421,11.1794],[8.417,11.1793],[8.414,11.1821],[8.4088,11.1816],[8.4038,11.1801],[8.4038,11.182],[8.401,11.1903],[8.3957,11.1915],[8.39,11.1893],[8.3892,11.1843],[8.3873,11.1801],[8.3806,11.1822],[8.3742,11.187],[8.3716,11.1847],[8.3694,11.1803],[8.363,11.1769],[8.3619,11.1752],[8.3577,11.173],[8.3543,11.1731],[8.3522,11.1673],[8.3485,11.1626],[8.3532,11.1618],[8.3544,11.1601],[8.3594,11.1599],[8.3657,11.1659],[8.3686,11.1657],[8.371,11.1675],[8.3728,11.166],[8.3802,11.1649],[8.3835,11.1619],[8.3891,11.1609],[8.3891,11.1593],[8.3981,11.1595],[8.3994,11.1566],[8.4038,11.154],[8.4062,11.1491],[8.4074,11.1434],[8.4063,11.14],[8.4064,11.1331],[8.4027,11.132],[8.4024,11.1257],[8.4047,11.1233],[8.4056,11.1195],[8.4049,11.1161],[8.4114,11.1108],[8.4142,11.1042],[8.4188,11.1072],[8.4239,11.1058],[8.4292,11.1084],[8.431,11.1106],[8.4426,11.1122],[8.4464,11.1084],[8.4495,11.1115],[8.4546,11.1127],[8.463,11.1101],[8.4672,11.1108],[8.471,11.1145],[8.4731,11.1148],[8.4778,11.1117],[8.4819,11.111],[8.4882,11.1119],[8.4921,11.116],[8.4904,11.1196],[8.4881,11.1213],[8.4891,11.1329],[8.4883,11.136],[8.4936,11.1371],[8.4959,11.1351],[8.4983,11.1359],[8.5039,11.1402],[8.5046,11.1445],[8.5077,11.1471],[8.5096,11.154],[8.5134,11.1547],[8.5185,11.1621],[8.5146,11.163],[8.509,11.1586],[8.5021,11.1589],[8.4976,11.1626],[8.4918,11.1625],[8.4834,11.1616],[8.4779,11.165],[8.4733,11.1667],[8.4701,11.1693],[8.4669,11.1681],[8.4619,11.1718],[8.4575,11.1841],[8.4513,11.1955],[8.4475,11.2033]]]},"properties":{"name":"PALA","state":"18","code":"18/05/05"}},{"type":"Feature","geometry":{"type":"Polygon","coordinates":[[[8.3043,11.217],[8.3087,11.2148],[8.3109,11.2101],[8.3148,11.2072],[8.3166,11.2035],[8.3219,11.2008],[8.3219,11.1973],[8.3238,11.1943],[8.3197,11.1878],[8.3201,11.1817],[8.3233,11.1783],[8.3268,11.1763],[8.3324,11.174],[8.3354,11.17],[8.3406,11.1702],[8.3437,11.1693],[8.3475,11.1659],[8.3485,11.1626],[8.3522,11.1673],[8.3543,11.1731],[8.3577,11.173],[8.3619,11.1752],[8.363,11.1769],[8.3694,11.1803],[8.3716,11.1847],[8.3742,11.187],[8.3806,11.1822],[8.3873,11.1801],[8.3892,11.1843],[8.39,11.1893],[8.3957,11.1915],[8.401,11.1903],[8.4038,11.182],[8.4038,11.1801],[8.4088,11.1816],[8.414,11.1821],[8.417,11.1793],[8.421,11.1794],[8.4222,11.1768],[8.4298,11.1741],[8.4336,11.1775],[8.4268,11.1908],[8.4299,11.196],[8.4326,11.1987],[8.4371,11.2049],[8.4381,11.2098],[8.4379,11.2168],[8.4338,11.2266],[8.428,11.2291],[8.4211,11.2306],[8.417,11.2306],[8.4063,11.2294],[8.4029,11.2279],[8.3799,11.2269],[8.3593,11.2266],[8.3534,11.2274],[8.3458,11.2303],[8.3366,11.2332],[8.334,11.2295],[8.3307,11.228],[8.3252,11.2272],[8.315,11.2328],[8.3082,11.2354],[8.2979,11.2342],[8.2976,11.23],[8.2987,11.2251],[8.3011,11.2215],[8.3014,11.2184],[8.3043,11.217]]]},"properties":{"name":"SAYA-SAYA","state":"18","code":"18/05/06"}},{"type":"Feature","geometry":{"type":"Polygon","coordinates":[[[8.0744,11.4526],[8.07,11.4529],[8.0645,11.4555],[8.0638,11.4602],[8.0617,11.4628],[8.0617,11.4658],[8.0597,11.468],[8.0597,11.4713],[8.055,11.4778],[8.0544,11.4843],[8.055,11.4874],[8.0521,11.4896],[8.0508,11.4878],[8.0447,11.4879],[8.0408,11.4869],[8.0397,11.4885],[8.0371,11.4872],[8.0331,11.4828],[8.0343,11.4786],[8.0325,11.4745],[8.0278,11.4752],[8.0252,11.4746],[8.0189,11.4679],[8.0191,11.4645],[8.0177,11.4585],[8.0193,11.4522],[8.0158,11.4442],[8.0131,11.4397],[8.0079,11.4358],[8.0096,11.4319],[8.0129,11.4296],[8.0083,11.4224],[8.0034,11.4102],[7.9981,11.4065],[7.9979,11.4022],[8.0036,11.3989],[8.0061,11.396],[8.0094,11.3955],[8.0115,11.3998],[8.0175,11.4009],[8.0202,11.4004],[8.0262,11.39],[8.0279,11.3861],[8.0303,11.3844],[8.0334,11.3799],[8.0332,11.3762],[8.0345,11.373],[8.0449,11.3685],[8.0466,11.3706],[8.0542,11.3688],[8.0566,11.3734],[8.062,11.3748],[8.0631,11.3796],[8.0625,11.3832],[8.0637,11.3853],[8.0622,11.3883],[8.0639,11.3908],[8.0704,11.3921],[8.0748,11.3922],[8.0769,11.3943],[8.0752,11.3978],[8.0758,11.4048],[8.0734,11.4075],[8.0666,11.4072],[8.0653,11.414],[8.0657,11.4197],[8.0707,11.4297],[8.075,11.436],[8.0754,11.4414],[8.0734,11.4431],[8.0755,11.4481],[8.0744,11.4526]]]},"properties":{"name":"AUCHAN","state":"18","code":"18/05/07"}},{"type":"Feature","geometry":{"type":"Polygon","coordinates":[[[8.0397,11.4885],[8.0391,11.4917],[8.0358,11.4934],[8.032,11.4938],[8.0278,11.493],[8.0225,11.4888],[8.0123,11.4918],[8.0091,11.4908],[8.006,11.4919],[8.0009,11.4921],[7.9995,11.4896],[7.9949,11.4901],[7.9948,11.4869],[7.991,11.4876],[7.9886,11.4847],[7.9825,11.483],[7.9787,11.4833],[7.9779,11.479],[7.9749,11.4783],[7.9684,11.4787],[7.9677,11.4763],[7.9627,11.4714],[7.954,11.4662],[7.9514,11.4662],[7.9521,11.4603],[7.957,11.4576],[7.9548,11.4535],[7.9551,11.449],[7.9594,11.4439],[7.9632,11.4447],[7.9658,11.4438],[7.9675,11.4409],[7.9676,11.4379],[7.9698,11.4371],[7.9702,11.4315],[7.9715,11.4291],[7.9682,11.4248],[7.9699,11.4225],[7.9732,11.4216],[7.9746,11.4176],[7.9736,11.4135],[7.9743,11.4113],[7.9735,11.4071],[7.9759,11.405],[7.9764,11.4022],[7.9703,11.4008],[7.9663,11.4008],[7.9668,11.3905],[7.9635,11.3894],[7.9631,11.3839],[7.965,11.3812],[7.9622,11.3782],[7.9616,11.374],[7.9629,11.3701],[7.9756,11.3683],[7.9744,11.3651],[7.975,11.3621],[7.9712,11.358],[7.9708,11.3551],[7.9735,11.3537],[7.9745,11.3499],[7.9794,11.349],[7.9856,11.3475],[7.9898,11.3472],[7.9897,11.343],[7.992,11.3388],[7.9979,11.3359],[8.0036,11.3381],[8.0069,11.3409],[8.005,11.3447],[8.0041,11.3491],[8.0054,11.3537],[8.0158,11.3521],[8.0205,11.3547],[8.0209,11.3612],[8.0249,11.3622],[8.0338,11.3624],[8.0364,11.3656],[8.0434,11.3664],[8.0449,11.3685],[8.0345,11.373],[8.0332,11.3762],[8.0334,11.3799],[8.0303,11.3844],[8.0279,11.3861],[8.0262,11.39],[8.0202,11.4004],[8.0175,11.4009],[8.0115,11.3998],[8.0094,11.3955],[8.0061,11.396],[8.0036,11.3989],[7.9979,11.4022],[7.9981,11.4065],[8.0034,11.4102],[8.0083,11.4224],[8.0129,11.4296],[8.0096,11.4319],[8.0079,11.4358],[8.0131,11.4397],[8.0158,11.4442],[8.0193,11.4522],[8.0177,11.4585],[8.0191,11.4645],[8.0189,11.4679],[8.0252,11.4746],[8.0278,11.4752],[8.0325,11.4745],[8.0343,11.4786],[8.0331,11.4828],[8.0371,11.4872],[8.0397,11.4885]]]},"properties":{"name":"RUMI","state":"18","code":"18/05/08"}},{"type":"Feature","geometry":{"type":"Polygon","coordinates":[[[8.0744,11.4526],[8.0766,11.4539],[8.0797,11.4585],[8.0785,11.4619],[8.0817,11.4649],[8.085,11.4698],[8.0848,11.4797],[8.0867,11.4812],[8.0894,11.48],[8.0944,11.4814],[8.0942,11.4864],[8.0909,11.4884],[8.0915,11.4933],[8.0876,11.4973],[8.0874,11.5012],[8.0886,11.5041],[8.0922,11.5056],[8.0992,11.5058],[8.1021,11.502],[8.1049,11.5145],[8.1103,11.5162],[8.1161,11.5151],[8.1182,11.5108],[8.1162,11.5078],[8.1159,11.5027],[8.1143,11.4978],[8.1111,11.495],[8.1113,11.4908],[8.1142,11.4852],[8.1219,11.4845],[8.1268,11.4868],[8.1314,11.4857],[8.1362,11.4871],[8.133,11.4803],[8.1319,11.4691],[8.1363,11.4632],[8.1389,11.4643],[8.1409,11.4629],[8.1447,11.4629],[8.1488,11.4687],[8.1539,11.4774],[8.1535,11.4857],[8.1525,11.489],[8.159,11.4952],[8.1617,11.4972],[8.1625,11.5031],[8.1618,11.5055],[8.1501,11.5192],[8.1487,11.5192],[8.121,11.5202],[8.114,11.5223],[8.11,11.5209],[8.1069,11.5237],[8.103,11.5227],[8.1015,11.524],[8.0976,11.5201],[8.0918,11.5194],[8.0866,11.5174],[8.0835,11.5138],[8.0817,11.5091],[8.0819,11.5055],[8.0747,11.5049],[8.0652,11.5],[8.0614,11.5006],[8.0607,11.4977],[8.0568,11.4967],[8.0548,11.4909],[8.0521,11.4896],[8.055,11.4874],[8.0544,11.4843],[8.055,11.4778],[8.0597,11.4713],[8.0597,11.468],[8.0617,11.4658],[8.0617,11.4628],[8.0638,11.4602],[8.0645,11.4555],[8.07,11.4529],[8.0744,11.4526]]]},"properties":{"name":"PAKI","state":"18","code":"18/05/09"}},{"type":"Feature","geometry":{"type":"Polygon","coordinates":[[[8.1234,11.3865],[8.1223,11.3917],[8.1172,11.4025],[8.1137,11.4085],[8.1286,11.4113],[8.1406,11.4163],[8.1421,11.4185],[8.1433,11.4203],[8.1426,11.4371],[8.1406,11.4547],[8.1406,11.457],[8.1447,11.4629],[8.1409,11.4629],[8.1389,11.4643],[8.1363,11.4632],[8.1319,11.4691],[8.133,11.4803],[8.1362,11.4871],[8.1314,11.4857],[8.1268,11.4868],[8.1219,11.4845],[8.1142,11.4852],[8.1113,11.4908],[8.1111,11.495],[8.1143,11.4978],[8.1159,11.5027],[8.1162,11.5078],[8.1182,11.5108],[8.1161,11.5151],[8.1103,11.5162],[8.1049,11.5145],[8.1021,11.502],[8.0992,11.5058],[8.0922,11.5056],[8.0886,11.5041],[8.0874,11.5012],[8.0876,11.4973],[8.0915,11.4933],[8.0909,11.4884],[8.0942,11.4864],[8.0944,11.4814],[8.0894,11.48],[8.0867,11.4812],[8.0848,11.4797],[8.085,11.4698],[8.0817,11.4649],[8.0785,11.4619],[8.0797,11.4585],[8.0766,11.4539],[8.0744,11.4526],[8.0755,11.4481],[8.0734,11.4431],[8.0754,11.4414],[8.075,11.436],[8.0707,11.4297],[8.0657,11.4197],[8.0653,11.414],[8.0666,11.4072],[8.0734,11.4075],[8.0758,11.4048],[8.0752,11.3978],[8.0769,11.3943],[8.0748,11.3922],[8.0704,11.3921],[8.0639,11.3908],[8.0622,11.3883],[8.0637,11.3853],[8.0625,11.3832],[8.0631,11.3796],[8.062,11.3748],[8.0634,11.3705],[8.0692,11.3741],[8.0732,11.3781],[8.077,11.3755],[8.082,11.3673],[8.0926,11.3607],[8.0964,11.3616],[8.1018,11.3598],[8.1024,11.358],[8.1072,11.3558],[8.1098,11.361],[8.1091,11.3643],[8.1128,11.3679],[8.112,11.3724],[8.1086,11.3765],[8.1077,11.3806],[8.1086,11.3829],[8.1124,11.3822],[8.1187,11.3839],[8.1234,11.3865]]]},"properties":{"name":"KUYA","state":"18","code":"18/05/10"}},{"type":"Feature","geometry":{"type":"Polygon","coordinates":[[[8.0005,9.4047],[7.9987,9.4036],[7.9941,9.3965],[7.9927,9.3923],[7.991,9.3914],[7.9886,9.3944],[7.9819,9.4006],[7.9801,9.4056],[7.9803,9.4076],[7.9755,9.4107],[7.974,9.4101],[7.9641,9.4129],[7.9691,9.4236],[7.9649,9.425],[7.9604,9.4231],[7.9569,9.423],[7.9537,9.4158],[7.9524,9.4151],[7.9551,9.4104],[7.9543,9.4065],[7.9509,9.4036],[7.9489,9.4035],[7.9467,9.3967],[7.9426,9.3935],[7.9425,9.3868],[7.9392,9.3801],[7.935,9.3739],[7.9312,9.3712],[7.9288,9.364],[7.9261,9.3624],[7.9236,9.3568],[7.9201,9.3535],[7.9143,9.3422],[7.9145,9.339],[7.9106,9.3351],[7.9124,9.3278],[7.9099,9.3229],[7.9058,9.3174],[7.9089,9.3145],[7.9125,9.3139],[7.9191,9.3174],[7.9394,9.3143],[7.9427,9.3155],[7.9473,9.3143],[7.9506,9.3153],[7.9565,9.3147],[7.9592,9.3133],[7.972,9.3164],[7.9765,9.3204],[7.9837,9.323],[7.9846,9.3258],[7.989,9.3232],[7.9897,9.3211],[7.9965,9.3181],[8.0041,9.3228],[8.0082,9.3227],[8.017,9.3295],[8.0168,9.3343],[8.0216,9.3359],[8.0281,9.3366],[8.0294,9.3386],[8.0284,9.3426],[8.0313,9.3431],[8.03,9.3484],[8.0312,9.3506],[8.0278,9.3536],[8.0257,9.3578],[8.0304,9.3619],[8.0263,9.367],[8.0213,9.3708],[8.0159,9.3767],[8.0146,9.3789],[8.0199,9.383],[8.02,9.3854],[8.0265,9.3877],[8.0252,9.3947],[8.02,9.3992],[8.0115,9.4009],[8.0069,9.4045],[8.0025,9.4034],[8.0005,9.4047]]]},"properties":{"name":"NDUYAH","state":"18","code":"18/06/01"}},{"type":"Feature","geometry":{"type":"Polygon","coordinates":[[[8.0304,9.3619],[8.0345,9.3628],[8.0417,9.3597],[8.048,9.3657],[8.0521,9.3675],[8.0497,9.3775],[8.0482,9.3791],[8.0492,9.383],[8.0517,9.3842],[8.0549,9.3905],[8.0498,9.3902],[8.0481,9.3926],[8.0431,9.3944],[8.0408,9.3964],[8.0451,9.3988],[8.0481,9.4023],[8.0488,9.4053],[8.0567,9.4072],[8.059,9.4095],[8.0589,9.412],[8.0613,9.4155],[8.0649,9.412],[8.0695,9.4139],[8.0713,9.4176],[8.0738,9.4175],[8.0763,9.4199],[8.0768,9.4243],[8.0824,9.4271],[8.0876,9.4259],[8.0923,9.4298],[8.0946,9.4302],[8.1033,9.4357],[8.1045,9.4387],[8.1077,9.439],[8.1083,9.4431],[8.1077,9.4434],[8.1061,9.4465],[8.1022,9.4483],[8.0996,9.4507],[8.0884,9.4519],[8.0835,9.4562],[8.0745,9.4603],[8.075,9.4694],[8.0712,9.4738],[8.0719,9.4798],[8.0712,9.4817],[8.0696,9.4818],[8.0643,9.4854],[8.0606,9.486],[8.0572,9.4922],[8.0539,9.4924],[8.0515,9.489],[8.0459,9.4871],[8.0399,9.4886],[8.0399,9.4851],[8.0386,9.4816],[8.0384,9.4775],[8.0396,9.4761],[8.0414,9.476],[8.0428,9.472],[8.0414,9.4693],[8.0352,9.4642],[8.0315,9.4597],[8.0326,9.4555],[8.0326,9.4491],[8.0345,9.4469],[8.0445,9.445],[8.0464,9.4425],[8.0441,9.4397],[8.0438,9.4365],[8.042,9.4317],[8.0398,9.4319],[8.0352,9.4291],[8.0305,9.4276],[8.0249,9.4266],[8.0229,9.4237],[8.021,9.4238],[8.0178,9.4272],[8.0171,9.4294],[8.0125,9.4281],[8.0126,9.426],[8.0102,9.424],[8.0091,9.4185],[8.0066,9.4195],[8.0045,9.423],[8.0016,9.4255],[7.9993,9.4242],[7.9962,9.4203],[7.9957,9.4165],[7.9928,9.4117],[7.9958,9.41],[8.0005,9.4047],[8.0025,9.4034],[8.0069,9.4045],[8.0115,9.4009],[8.02,9.3992],[8.0252,9.3947],[8.0265,9.3877],[8.02,9.3854],[8.0199,9.383],[8.0146,9.3789],[8.0159,9.3767],[8.0213,9.3708],[8.0263,9.367],[8.0304,9.3619]]]},"properties":{"name":"SAMBAM","state":"18","code":"18/06/02"}},{"type":"Feature","geometry":{"type":"Polygon","coordinates":[[[8.0396,9.4761],[8.0381,9.4742],[8.0333,9.4718],[8.0262,9.4727],[8.022,9.4677],[8.0209,9.4633],[8.0173,9.4634],[8.0169,9.4609],[8.014,9.4586],[8.0092,9.4612],[8.003,9.4625],[8.0028,9.4604],[7.9993,9.4574],[7.9967,9.4589],[7.9983,9.4628],[7.9954,9.4636],[7.9896,9.4607],[7.9869,9.4578],[7.9899,9.4533],[7.9877,9.4519],[7.9886,9.45],[7.9919,9.4492],[7.9998,9.4529],[8.0021,9.4515],[8.0025,9.4473],[8.0059,9.4472],[8.0086,9.4499],[8.008,9.4529],[8.0119,9.4552],[8.0141,9.4541],[8.0149,9.4497],[8.0192,9.4388],[8.024,9.4394],[8.029,9.4382],[8.0342,9.432],[8.0352,9.4291],[8.0398,9.4319],[8.042,9.4317],[8.0438,9.4365],[8.0441,9.4397],[8.0464,9.4425],[8.0445,9.445],[8.0345,9.4469],[8.0326,9.4491],[8.0326,9.4555],[8.0315,9.4597],[8.0352,9.4642],[8.0414,9.4693],[8.0428,9.472],[8.0414,9.476],[8.0396,9.4761]]]},"properties":{"name":"FADA","state":"18","code":"18/06/03"}},{"type":"Feature","geometry":{"type":"Polygon","coordinates":[[[8.0352,9.4291],[8.0342,9.432],[8.029,9.4382],[8.024,9.4394],[8.0192,9.4388],[8.0149,9.4497],[8.0141,9.4541],[8.0119,9.4552],[8.008,9.4529],[8.0086,9.4499],[8.0059,9.4472],[8.0025,9.4473],[8.0021,9.4515],[7.9998,9.4529],[7.9919,9.4492],[7.9886,9.45],[7.9877,9.4519],[7.985,9.4486],[7.9842,9.4452],[7.9871,9.439],[7.9889,9.4375],[7.9915,9.4328],[7.997,9.433],[8.0007,9.4289],[8.0016,9.4255],[8.0045,9.423],[8.0066,9.4195],[8.0091,9.4185],[8.0102,9.424],[8.0126,9.426],[8.0125,9.4281],[8.0171,9.4294],[8.0178,9.4272],[8.021,9.4238],[8.0229,9.4237],[8.0249,9.4266],[8.0305,9.4276],[8.0352,9.4291]]]},"properties":{"name":"SABCHEM","state":"18","code":"18/06/04"}},{"type":"Feature","geometry":{"type":"Polygon","coordinates":[[[8.0262,9.4727],[8.0237,9.4742],[8.0199,9.4736],[8.0135,9.4769],[8.0122,9.4804],[8.004,9.4798],[7.9971,9.4815],[7.9877,9.4806],[7.982,9.4783],[7.9815,9.4766],[7.9769,9.4795],[7.9774,9.4734],[7.9786,9.471],[7.9754,9.4649],[7.9696,9.4589],[7.9699,9.4562],[7.9728,9.4519],[7.9776,9.4515],[7.981,9.4523],[7.9877,9.4519],[7.9899,9.4533],[7.9869,9.4578],[7.9896,9.4607],[7.9954,9.4636],[7.9983,9.4628],[7.9967,9.4589],[7.9993,9.4574],[8.0028,9.4604],[8.003,9.4625],[8.0092,9.4612],[8.014,9.4586],[8.0169,9.4609],[8.0173,9.4634],[8.0209,9.4633],[8.022,9.4677],[8.0262,9.4727]]]},"properties":{"name":"SABZURO","state":"18","code":"18/06/05"}},{"type":"Feature","geometry":{"type":"Polygon","coordinates":[[[8.0005,9.4047],[7.9958,9.41],[7.9928,9.4117],[7.9957,9.4165],[7.9962,9.4203],[7.9993,9.4242],[8.0016,9.4255],[8.0007,9.4289],[7.997,9.433],[7.9915,9.4328],[7.9889,9.4375],[7.9871,9.439],[7.9842,9.4452],[7.985,9.4486],[7.9877,9.4519],[7.981,9.4523],[7.9776,9.4515],[7.9728,9.4519],[7.9699,9.4562],[7.9696,9.4589],[7.9754,9.4649],[7.9786,9.471],[7.9774,9.4734],[7.9769,9.4795],[7.9737,9.4848],[7.9727,9.4903],[7.9686,9.4996],[7.9613,9.4951],[7.9562,9.4907],[7.9541,9.4856],[7.9455,9.4785],[7.9423,9.4751],[7.9409,9.4692],[7.9398,9.4681],[7.9476,9.4589],[7.9479,9.4549],[7.9448,9.4469],[7.9467,9.4444],[7.9485,9.4399],[7.9495,9.4336],[7.9481,9.4301],[7.9512,9.4268],[7.9569,9.423],[7.9604,9.4231],[7.9649,9.425],[7.9691,9.4236],[7.9641,9.4129],[7.974,9.4101],[7.9755,9.4107],[7.9803,9.4076],[7.9801,9.4056],[7.9819,9.4006],[7.9886,9.3944],[7.991,9.3914],[7.9927,9.3923],[7.9941,9.3965],[7.9987,9.4036],[8.0005,9.4047]]]},"properties":{"name":"DURA/BITARO","state":"18","code":"18/06/06"}},{"type":"Feature","geometry":{"type":"Polygon","coordinates":[[[8.1556,9.5531],[8.1605,9.5539],[8.1728,9.5589],[8.1746,9.5608],[8.1722,9.5714],[8.1705,9.5749],[8.1685,9.5762],[8.1679,9.5792],[8.1637,9.5808],[8.159,9.5799],[8.1568,9.5821],[8.1533,9.5901],[8.1536,9.5956],[8.1505,9.6003],[8.1454,9.6021],[8.1387,9.6033],[8.1372,9.6057],[8.1367,9.613],[8.1301,9.6196],[8.124,9.6229],[8.1228,9.6252],[8.1133,9.6285],[8.1095,9.6259],[8.1061,9.6223],[8.0992,9.6222],[8.0951,9.6197],[8.0941,9.6154],[8.0942,9.6104],[8.0908,9.6023],[8.0886,9.6023],[8.0875,9.5991],[8.0868,9.5923],[8.0846,9.5874],[8.0808,9.5849],[8.0779,9.5853],[8.0758,9.5811],[8.0646,9.5792],[8.0618,9.5805],[8.057,9.579],[8.0459,9.5776],[8.0431,9.5758],[8.0497,9.5746],[8.0489,9.572],[8.0532,9.5687],[8.0535,9.5665],[8.0594,9.5651],[8.0617,9.5629],[8.0727,9.5601],[8.0772,9.5476],[8.0783,9.5463],[8.0778,9.5385],[8.084,9.5363],[8.0929,9.5352],[8.1015,9.5278],[8.1049,9.524],[8.1193,9.5161],[8.1296,9.5125],[8.139,9.5064],[8.1412,9.5114],[8.1436,9.5122],[8.1474,9.5159],[8.1491,9.5203],[8.1478,9.531],[8.1461,9.5348],[8.147,9.5391],[8.1539,9.5523],[8.1556,9.5531]]]},"properties":{"name":"DADDU","state":"18","code":"18/06/07"}},{"type":"Feature","geometry":{"type":"Polygon","coordinates":[[[8.0712,9.4817],[8.0752,9.4845],[8.0769,9.496],[8.0838,9.4987],[8.0925,9.497],[8.0967,9.5007],[8.1001,9.5059],[8.1054,9.5063],[8.1119,9.5078],[8.1168,9.5097],[8.117,9.5136],[8.1193,9.5161],[8.1049,9.524],[8.1015,9.5278],[8.0929,9.5352],[8.084,9.5363],[8.0778,9.5385],[8.0783,9.5463],[8.0772,9.5476],[8.0727,9.5601],[8.0617,9.5629],[8.0594,9.5651],[8.0535,9.5665],[8.0532,9.5687],[8.0489,9.572],[8.0497,9.5746],[8.0431,9.5758],[8.0367,9.5744],[8.0323,9.5742],[8.0293,9.5718],[8.0228,9.5732],[8.0203,9.5698],[8.0165,9.5698],[8.0149,9.5688],[8.0159,9.5647],[8.0154,9.5567],[8.0137,9.5547],[8.0153,9.5513],[8.0176,9.5497],[8.0162,9.5439],[8.0173,9.5415],[8.021,9.5384],[8.0181,9.535],[8.019,9.5316],[8.018,9.52],[8.0204,9.5162],[8.0194,9.5121],[8.0264,9.5047],[8.0296,9.5051],[8.0323,9.5077],[8.0342,9.5072],[8.0351,9.5028],[8.0373,9.4994],[8.0354,9.4949],[8.0362,9.4906],[8.0399,9.4886],[8.0459,9.4871],[8.0515,9.489],[8.0539,9.4924],[8.0572,9.4922],[8.0606,9.486],[8.0643,9.4854],[8.0696,9.4818],[8.0712,9.4817]]]},"properties":{"name":"CHORI","state":"18","code":"18/06/08"}},{"type":"Feature","geometry":{"type":"Polygon","coordinates":[[[8.0399,9.4886],[8.0362,9.4906],[8.0354,9.4949],[8.0373,9.4994],[8.0351,9.5028],[8.0342,9.5072],[8.0323,9.5077],[8.0296,9.5051],[8.0264,9.5047],[8.0194,9.5121],[8.0204,9.5162],[8.018,9.52],[8.019,9.5316],[8.0181,9.535],[8.021,9.5384],[8.0173,9.5415],[8.0162,9.5439],[8.0176,9.5497],[8.0153,9.5513],[8.0137,9.5547],[8.0154,9.5567],[8.0159,9.5647],[8.0149,9.5688],[8.0165,9.5698],[8.0129,9.5694],[8.0125,9.5725],[8.0083,9.5753],[8.0065,9.5776],[8.0042,9.574],[8.0003,9.5644],[7.9974,9.5609],[7.9935,9.5598],[7.9872,9.5505],[7.9908,9.5463],[7.997,9.5457],[8.0028,9.5462],[8.0061,9.548],[8.0065,9.5451],[8.0091,9.5439],[8.0097,9.5392],[8.0083,9.5361],[7.9998,9.5258],[7.9943,9.5185],[7.9952,9.517],[7.9919,9.5109],[7.9865,9.5097],[7.9798,9.5058],[7.9733,9.5034],[7.9686,9.4996],[7.9727,9.4903],[7.9737,9.4848],[7.9769,9.4795],[7.9815,9.4766],[7.982,9.4783],[7.9877,9.4806],[7.9971,9.4815],[8.004,9.4798],[8.0122,9.4804],[8.0135,9.4769],[8.0199,9.4736],[8.0237,9.4742],[8.0262,9.4727],[8.0333,9.4718],[8.0381,9.4742],[8.0396,9.4761],[8.0384,9.4775],[8.0386,9.4816],[8.0399,9.4851],[8.0399,9.4886]]]},"properties":{"name":"NOK","state":"18","code":"18/06/09"}},{"type":"Feature","geometry":{"type":"Polygon","coordinates":[[[8.0065,9.5776],[8.002,9.5814],[8.0019,9.5863],[7.9985,9.5922],[7.9942,9.5922],[7.9918,9.5883],[7.99,9.5886],[7.9876,9.5925],[7.9846,9.5945],[7.9838,9.5991],[7.9849,9.603],[7.9821,9.6088],[7.9817,9.6129],[7.979,9.6146],[7.9744,9.6168],[7.9747,9.6199],[7.968,9.6204],[7.9673,9.6224],[7.963,9.6229],[7.9614,9.629],[7.9576,9.6292],[7.9537,9.6369],[7.9492,9.6375],[7.9464,9.6318],[7.941,9.6261],[7.9378,9.6241],[7.9326,9.618],[7.9354,9.6128],[7.9343,9.6074],[7.9319,9.6],[7.9291,9.5947],[7.9287,9.588],[7.9268,9.5843],[7.927,9.5815],[7.9245,9.5757],[7.9262,9.5721],[7.9291,9.5721],[7.9329,9.5681],[7.9395,9.5642],[7.9479,9.5618],[7.949,9.5564],[7.9464,9.5557],[7.9414,9.5522],[7.9354,9.5456],[7.9335,9.5366],[7.9374,9.5342],[7.9391,9.5268],[7.9419,9.5217],[7.9466,9.5166],[7.9491,9.5153],[7.9516,9.5159],[7.9564,9.5136],[7.9658,9.507],[7.9692,9.5073],[7.9733,9.5034],[7.9798,9.5058],[7.9865,9.5097],[7.9919,9.5109],[7.9952,9.517],[7.9943,9.5185],[7.9998,9.5258],[8.0083,9.5361],[8.0097,9.5392],[8.0091,9.5439],[8.0065,9.5451],[8.0061,9.548],[8.0028,9.5462],[7.997,9.5457],[7.9908,9.5463],[7.9872,9.5505],[7.9935,9.5598],[7.9974,9.5609],[8.0003,9.5644],[8.0042,9.574],[8.0065,9.5776]]]},"properties":{"name":"FAI","state":"18","code":"18/06/10"}},{"type":"Feature","geometry":{"type":"Polygon","coordinates":[[[8.2997,9.5845],[8.2979,9.5817],[8.2942,9.5813],[8.2943,9.5845],[8.2856,9.5872],[8.2837,9.5892],[8.2815,9.5882],[8.2816,9.5816],[8.2835,9.581],[8.2822,9.5766],[8.2836,9.5744],[8.2862,9.5769],[8.292,9.5743],[8.2962,9.5766],[8.2973,9.5783],[8.3017,9.5791],[8.301,9.5811],[8.2997,9.5845]]]},"properties":{"name":"KAFANCHAN 'A'","state":"18","code":"18/07/01"}},{"type":"Feature","geometry":{"type":"Polygon","coordinates":[[[8.2997,9.5845],[8.2995,9.5884],[8.2953,9.597],[8.2934,9.5957],[8.2912,9.5976],[8.287,9.5911],[8.2837,9.5892],[8.2856,9.5872],[8.2943,9.5845],[8.2942,9.5813],[8.2979,9.5817],[8.2997,9.5845]]]},"properties":{"name":"KAFANCHAN 'B'","state":"18","code":"18/07/02"}},{"type":"Feature","geometry":{"type":"Polygon","coordinates":[[[8.301,9.5811],[8.307,9.5808],[8.306,9.5766],[8.3067,9.5736],[8.3044,9.5693],[8.3082,9.5671],[8.3133,9.5671],[8.3168,9.5691],[8.3161,9.5722],[8.3174,9.575],[8.3205,9.5762],[8.3269,9.5759],[8.3307,9.5735],[8.3374,9.5709],[8.3377,9.5676],[8.3402,9.5634],[8.3411,9.5657],[8.3474,9.5715],[8.3481,9.5743],[8.3467,9.5779],[8.3424,9.5812],[8.3423,9.5858],[8.3346,9.5922],[8.3299,9.5953],[8.3258,9.5963],[8.3253,9.6048],[8.3203,9.6036],[8.3182,9.6102],[8.3131,9.6116],[8.3117,9.6139],[8.3099,9.6113],[8.3066,9.6098],[8.3073,9.607],[8.3052,9.6051],[8.3008,9.6061],[8.2986,9.6058],[8.2956,9.6],[8.2953,9.597],[8.2995,9.5884],[8.2997,9.5845],[8.301,9.5811]]]},"properties":{"name":"MAIGIZO 'A'","state":"18","code":"18/07/03"}},{"type":"Feature","geometry":{"type":"Polygon","coordinates":[[[8.3412,9.5501],[8.3344,9.5507],[8.3256,9.5493],[8.3216,9.5508],[8.3171,9.5506],[8.3165,9.5542],[8.3099,9.558],[8.3075,9.5579],[8.3044,9.5555],[8.2999,9.5557],[8.2992,9.5585],[8.2911,9.5631],[8.2905,9.5719],[8.2891,9.5742],[8.2866,9.5745],[8.2815,9.5669],[8.2775,9.5667],[8.2725,9.5646],[8.2726,9.5616],[8.2685,9.5567],[8.2671,9.5529],[8.2644,9.5492],[8.261,9.5472],[8.2605,9.5439],[8.2579,9.5394],[8.2567,9.5333],[8.2548,9.5312],[8.2504,9.5319],[8.2509,9.5337],[8.2499,9.5393],[8.2465,9.5408],[8.2423,9.5393],[8.2368,9.5419],[8.2334,9.5399],[8.2312,9.5371],[8.2274,9.5348],[8.2243,9.5357],[8.2201,9.5346],[8.2208,9.5304],[8.2228,9.5286],[8.2278,9.5278],[8.2311,9.5249],[8.2327,9.5202],[8.2325,9.5169],[8.2338,9.5125],[8.2381,9.507],[8.2416,9.5052],[8.2427,9.5021],[8.2407,9.5002],[8.2387,9.4934],[8.2353,9.49],[8.2346,9.4873],[8.2392,9.4848],[8.2389,9.4814],[8.2416,9.4763],[8.2418,9.4736],[8.2375,9.4748],[8.2356,9.4738],[8.2351,9.4665],[8.2427,9.4685],[8.246,9.465],[8.2491,9.4633],[8.2511,9.4579],[8.2562,9.4549],[8.2613,9.4548],[8.266,9.4497],[8.2698,9.4488],[8.2737,9.4453],[8.2767,9.444],[8.279,9.4409],[8.2863,9.4364],[8.2887,9.4423],[8.2901,9.4476],[8.2945,9.4523],[8.2991,9.4509],[8.3026,9.4509],[8.3072,9.4538],[8.3097,9.4516],[8.3146,9.4536],[8.3173,9.4565],[8.3202,9.4551],[8.3221,9.4595],[8.3253,9.4641],[8.3291,9.4656],[8.3337,9.4664],[8.3368,9.4649],[8.3416,9.465],[8.3432,9.4691],[8.346,9.4694],[8.3485,9.4722],[8.3466,9.4746],[8.3461,9.4796],[8.3447,9.4825],[8.3441,9.4875],[8.3462,9.4936],[8.3452,9.4976],[8.3469,9.5004],[8.3483,9.5052],[8.3503,9.508],[8.3524,9.5076],[8.3584,9.5117],[8.3615,9.5111],[8.3624,9.5053],[8.3653,9.5046],[8.3658,9.5024],[8.3693,9.5005],[8.3674,9.4947],[8.3717,9.4966],[8.377,9.4972],[8.3856,9.5045],[8.3845,9.5108],[8.3822,9.5133],[8.3799,9.5181],[8.3815,9.5201],[8.3815,9.5238],[8.3789,9.529],[8.3795,9.5365],[8.3824,9.5377],[8.3848,9.537],[8.3897,9.5386],[8.3921,9.5403],[8.3915,9.5435],[8.3886,9.5454],[8.3787,9.5486],[8.3753,9.5481],[8.3707,9.551],[8.3671,9.5488],[8.3644,9.5454],[8.3599,9.5429],[8.357,9.5436],[8.3515,9.5407],[8.3473,9.5446],[8.3448,9.5454],[8.3436,9.5495],[8.3412,9.5501]]]},"properties":{"name":"KANINKON","state":"18","code":"18/07/04"}},{"type":"Feature","geometry":{"type":"Polygon","coordinates":[[[8.2351,9.4665],[8.2348,9.4599],[8.2324,9.4567],[8.2318,9.4533],[8.2286,9.4467],[8.2293,9.4353],[8.2266,9.4329],[8.2214,9.4329],[8.2199,9.4347],[8.214,9.4373],[8.2145,9.4351],[8.2121,9.4296],[8.2089,9.4268],[8.2061,9.4222],[8.2,9.4201],[8.1983,9.418],[8.1898,9.415],[8.1809,9.4138],[8.1753,9.4118],[8.1725,9.4125],[8.1698,9.4091],[8.1653,9.4068],[8.1647,9.4032],[8.1662,9.402],[8.1729,9.4025],[8.1763,9.3991],[8.1802,9.3993],[8.1824,9.3976],[8.1878,9.3971],[8.1903,9.3976],[8.1963,9.3953],[8.1994,9.3933],[8.2034,9.3786],[8.2062,9.3757],[8.2027,9.3735],[8.2005,9.3702],[8.2049,9.3654],[8.2028,9.3623],[8.2054,9.3587],[8.2112,9.3565],[8.2108,9.3513],[8.2078,9.3447],[8.208,9.3404],[8.2103,9.338],[8.2071,9.3314],[8.2047,9.3298],[8.2024,9.324],[8.2029,9.3203],[8.2059,9.3166],[8.2078,9.3119],[8.2085,9.3052],[8.2066,9.3024],[8.2004,9.3009],[8.2006,9.294],[8.2037,9.2892],[8.1968,9.2895],[8.1918,9.2887],[8.1884,9.2814],[8.1877,9.2743],[8.1894,9.2673],[8.1875,9.2637],[8.1826,9.2592],[8.1836,9.2502],[8.1852,9.2453],[8.1874,9.2429],[8.1893,9.2386],[8.193,9.2384],[8.1976,9.2383],[8.2066,9.2345],[8.2095,9.2367],[8.2153,9.2305],[8.22,9.2333],[8.2289,9.2361],[8.2299,9.2422],[8.234,9.2451],[8.2346,9.2404],[8.2378,9.2403],[8.241,9.2425],[8.2438,9.2458],[8.2458,9.2442],[8.2486,9.2453],[8.2498,9.2474],[8.2532,9.2497],[8.2532,9.252],[8.2486,9.2554],[8.2506,9.2575],[8.2562,9.2578],[8.2575,9.256],[8.2557,9.2531],[8.2557,9.25],[8.2624,9.2488],[8.2628,9.255],[8.2621,9.2581],[8.264,9.26],[8.2648,9.2633],[8.268,9.2662],[8.265,9.2694],[8.2601,9.2683],[8.2576,9.2699],[8.2547,9.2687],[8.2505,9.2704],[8.2494,9.2747],[8.2557,9.2746],[8.2565,9.277],[8.2595,9.2786],[8.2592,9.2815],[8.2625,9.2856],[8.2582,9.2914],[8.2628,9.293],[8.2629,9.2963],[8.2664,9.2974],[8.2682,9.3011],[8.2741,9.2986],[8.2787,9.2932],[8.2805,9.2931],[8.2868,9.2886],[8.2914,9.2882],[8.2957,9.289],[8.2992,9.2847],[8.3028,9.285],[8.3071,9.2872],[8.3073,9.2905],[8.3097,9.2902],[8.3138,9.2925],[8.3169,9.2929],[8.3198,9.2914],[8.3197,9.3011],[8.3229,9.3037],[8.3236,9.3093],[8.3286,9.3121],[8.3306,9.3149],[8.3289,9.3209],[8.3337,9.3215],[8.3356,9.3249],[8.3351,9.3291],[8.3386,9.3348],[8.3345,9.3387],[8.3295,9.3423],[8.3253,9.3408],[8.3196,9.3436],[8.3203,9.348],[8.3179,9.3523],[8.3166,9.3592],[8.3144,9.3624],[8.3151,9.3645],[8.3134,9.3725],[8.3116,9.3747],[8.3086,9.3737],[8.3005,9.3749],[8.2932,9.3722],[8.2907,9.3748],[8.2891,9.3787],[8.2866,9.3802],[8.2864,9.3827],[8.2818,9.3907],[8.2844,9.395],[8.2814,9.3977],[8.2806,9.4054],[8.2847,9.4087],[8.2868,9.4156],[8.2823,9.4202],[8.2845,9.422],[8.286,9.4312],[8.2873,9.4343],[8.2863,9.4364],[8.279,9.4409],[8.2767,9.444],[8.2737,9.4453],[8.2698,9.4488],[8.266,9.4497],[8.2613,9.4548],[8.2562,9.4549],[8.2511,9.4579],[8.2491,9.4633],[8.246,9.465],[8.2427,9.4685],[8.2351,9.4665]]]},"properties":{"name":"JAGINDI","state":"18","code":"18/07/05"}},{"type":"Feature","geometry":{"type":"Polygon","coordinates":[[[8.2863,9.4364],[8.2873,9.4343],[8.286,9.4312],[8.2845,9.422],[8.2823,9.4202],[8.2868,9.4156],[8.2847,9.4087],[8.2806,9.4054],[8.2814,9.3977],[8.2844,9.395],[8.2818,9.3907],[8.2864,9.3827],[8.2866,9.3802],[8.2891,9.3787],[8.2907,9.3748],[8.2932,9.3722],[8.3005,9.3749],[8.3086,9.3737],[8.3116,9.3747],[8.3134,9.3725],[8.3151,9.3645],[8.3144,9.3624],[8.3166,9.3592],[8.3179,9.3523],[8.3203,9.348],[8.3196,9.3436],[8.3253,9.3408],[8.3295,9.3423],[8.3345,9.3387],[8.3386,9.3348],[8.3442,9.3345],[8.3437,9.3428],[8.35,9.3497],[8.3489,9.353],[8.3546,9.36],[8.357,9.3598],[8.3568,9.3552],[8.3617,9.3524],[8.3577,9.349],[8.3589,9.3469],[8.3633,9.3471],[8.3729,9.3506],[8.3756,9.3478],[8.3793,9.3497],[8.3819,9.3458],[8.3845,9.3444],[8.3844,9.3497],[8.3869,9.3537],[8.3929,9.3531],[8.3943,9.3519],[8.3916,9.3455],[8.3935,9.344],[8.3975,9.3447],[8.4005,9.3485],[8.4003,9.3537],[8.4033,9.3582],[8.3995,9.3657],[8.3934,9.3649],[8.3936,9.3689],[8.3909,9.3707],[8.3895,9.3803],[8.3879,9.3853],[8.3907,9.3876],[8.3916,9.3942],[8.3975,9.4002],[8.4027,9.405],[8.4011,9.411],[8.4034,9.417],[8.4074,9.4189],[8.4076,9.4228],[8.4053,9.4254],[8.4024,9.4253],[8.3982,9.4278],[8.3942,9.4262],[8.3887,9.428],[8.3859,9.4316],[8.3887,9.4358],[8.3849,9.439],[8.3855,9.4418],[8.3834,9.4433],[8.377,9.4506],[8.3789,9.4526],[8.3799,9.4593],[8.3761,9.4578],[8.3726,9.4585],[8.3672,9.4613],[8.3623,9.4621],[8.3599,9.4644],[8.354,9.4674],[8.3531,9.4709],[8.3485,9.4722],[8.346,9.4694],[8.3432,9.4691],[8.3416,9.465],[8.3368,9.4649],[8.3337,9.4664],[8.3291,9.4656],[8.3253,9.4641],[8.3221,9.4595],[8.3202,9.4551],[8.3173,9.4565],[8.3146,9.4536],[8.3097,9.4516],[8.3072,9.4538],[8.3026,9.4509],[8.2991,9.4509],[8.2945,9.4523],[8.2901,9.4476],[8.2887,9.4423],[8.2863,9.4364]]]},"properties":{"name":"GODOGODO","state":"18","code":"18/07/06"}},{"type":"Feature","geometry":{"type":"Polygon","coordinates":[[[8.3485,9.4722],[8.3531,9.4709],[8.354,9.4674],[8.3599,9.4644],[8.3623,9.4621],[8.3672,9.4613],[8.3726,9.4585],[8.3761,9.4578],[8.3799,9.4593],[8.3789,9.4526],[8.377,9.4506],[8.3834,9.4433],[8.3855,9.4418],[8.3849,9.439],[8.3887,9.4358],[8.3859,9.4316],[8.3887,9.428],[8.3942,9.4262],[8.3982,9.4278],[8.4024,9.4253],[8.4053,9.4254],[8.4076,9.4228],[8.4074,9.4189],[8.4034,9.417],[8.4011,9.411],[8.4027,9.405],[8.4113,9.4108],[8.4157,9.4092],[8.4196,9.4121],[8.4197,9.4146],[8.4239,9.4183],[8.427,9.4181],[8.4283,9.4228],[8.4345,9.4226],[8.4364,9.4235],[8.4386,9.43],[8.442,9.434],[8.4437,9.4376],[8.4493,9.4365],[8.452,9.4406],[8.4556,9.4403],[8.4616,9.4434],[8.4666,9.4427],[8.4696,9.4442],[8.4727,9.4415],[8.4767,9.4485],[8.4828,9.4475],[8.4872,9.4528],[8.4848,9.4545],[8.4863,9.457],[8.4897,9.4578],[8.4911,9.4612],[8.4959,9.4606],[8.4977,9.4617],[8.5,9.4665],[8.4987,9.4692],[8.5023,9.4733],[8.5066,9.4735],[8.5099,9.4785],[8.5081,9.4816],[8.5101,9.4851],[8.5084,9.4864],[8.5099,9.4893],[8.5153,9.4899],[8.5173,9.4887],[8.5233,9.4916],[8.526,9.4903],[8.533,9.4897],[8.5364,9.4856],[8.5397,9.4881],[8.5476,9.483],[8.5546,9.4842],[8.5689,9.491],[8.57,9.4975],[8.574,9.4965],[8.5783,9.4969],[8.5796,9.4964],[8.5778,9.4992],[8.5743,9.5137],[8.5685,9.5197],[8.5602,9.5176],[8.557,9.516],[8.5536,9.517],[8.5455,9.5168],[8.539,9.5155],[8.5345,9.5127],[8.5284,9.5136],[8.5223,9.5109],[8.5195,9.5087],[8.5105,9.505],[8.506,9.5079],[8.5047,9.5073],[8.5029,9.5026],[8.4979,9.4992],[8.4939,9.4942],[8.4949,9.4897],[8.4934,9.4854],[8.4885,9.4803],[8.4809,9.4773],[8.4786,9.4774],[8.4733,9.4751],[8.4701,9.4772],[8.4651,9.4726],[8.4617,9.4724],[8.4587,9.4709],[8.453,9.4718],[8.4503,9.4654],[8.4481,9.462],[8.4426,9.4607],[8.4409,9.4551],[8.4379,9.4503],[8.4339,9.4481],[8.4285,9.4492],[8.4203,9.4536],[8.4245,9.4646],[8.4282,9.4702],[8.4246,9.475],[8.4209,9.4737],[8.4152,9.4746],[8.4148,9.4781],[8.4097,9.475],[8.4023,9.4753],[8.4006,9.4812],[8.3979,9.4808],[8.3948,9.4862],[8.3901,9.488],[8.3891,9.491],[8.3917,9.493],[8.3938,9.4974],[8.3978,9.4994],[8.4009,9.5056],[8.3979,9.5113],[8.397,9.5194],[8.3979,9.5225],[8.3953,9.5275],[8.395,9.5307],[8.3897,9.5386],[8.3848,9.537],[8.3824,9.5377],[8.3795,9.5365],[8.3789,9.529],[8.3815,9.5238],[8.3815,9.5201],[8.3799,9.5181],[8.3822,9.5133],[8.3845,9.5108],[8.3856,9.5045],[8.377,9.4972],[8.3717,9.4966],[8.3674,9.4947],[8.3693,9.5005],[8.3658,9.5024],[8.3653,9.5046],[8.3624,9.5053],[8.3615,9.5111],[8.3584,9.5117],[8.3524,9.5076],[8.3503,9.508],[8.3483,9.5052],[8.3469,9.5004],[8.3452,9.4976],[8.3462,9.4936],[8.3441,9.4875],[8.3447,9.4825],[8.3461,9.4796],[8.3466,9.4746],[8.3485,9.4722]]]},"properties":{"name":"GIDAN WAYA","state":"18","code":"18/07/07"}},{"type":"Feature","geometry":{"type":"Polygon","coordinates":[[[8.3897,9.5386],[8.395,9.5307],[8.3953,9.5275],[8.3979,9.5225],[8.397,9.5194],[8.3979,9.5113],[8.4009,9.5056],[8.3978,9.4994],[8.3938,9.4974],[8.3917,9.493],[8.3891,9.491],[8.3901,9.488],[8.3948,9.4862],[8.3979,9.4808],[8.4006,9.4812],[8.4023,9.4753],[8.4097,9.475],[8.4148,9.4781],[8.4152,9.4746],[8.4209,9.4737],[8.4246,9.475],[8.4282,9.4702],[8.4245,9.4646],[8.4203,9.4536],[8.4285,9.4492],[8.4339,9.4481],[8.4379,9.4503],[8.4409,9.4551],[8.4426,9.4607],[8.4481,9.462],[8.4503,9.4654],[8.453,9.4718],[8.4587,9.4709],[8.4617,9.4724],[8.4651,9.4726],[8.4701,9.4772],[8.4733,9.4751],[8.4786,9.4774],[8.4809,9.4773],[8.4885,9.4803],[8.4934,9.4854],[8.4949,9.4897],[8.4939,9.4942],[8.4979,9.4992],[8.5029,9.5026],[8.5047,9.5073],[8.506,9.5079],[8.5105,9.505],[8.5195,9.5087],[8.5223,9.5109],[8.5284,9.5136],[8.5345,9.5127],[8.539,9.5155],[8.5455,9.5168],[8.5536,9.517],[8.557,9.516],[8.5602,9.5176],[8.5685,9.5197],[8.5658,9.5275],[8.5617,9.5406],[8.5582,9.5491],[8.5522,9.5471],[8.5495,9.545],[8.5435,9.5426],[8.5405,9.5437],[8.5353,9.541],[8.5299,9.5393],[8.521,9.5408],[8.519,9.542],[8.5144,9.5415],[8.511,9.5434],[8.5086,9.5427],[8.504,9.5453],[8.4968,9.5506],[8.4898,9.5529],[8.4841,9.5565],[8.4812,9.5577],[8.476,9.5518],[8.4722,9.5514],[8.4676,9.5495],[8.4653,9.547],[8.4602,9.5486],[8.4589,9.547],[8.4614,9.5414],[8.4618,9.5379],[8.4576,9.5382],[8.4581,9.5342],[8.45,9.5299],[8.4451,9.5291],[8.4352,9.5315],[8.4302,9.5299],[8.4266,9.532],[8.4251,9.5359],[8.4197,9.5394],[8.4148,9.537],[8.4106,9.5386],[8.4092,9.5377],[8.3985,9.5391],[8.3954,9.5411],[8.3921,9.5403],[8.3897,9.5386]]]},"properties":{"name":"ATUKU","state":"18","code":"18/07/08"}},{"type":"Feature","geometry":{"type":"Polygon","coordinates":[[[8.1083,9.4431],[8.1109,9.4418],[8.1164,9.4355],[8.1195,9.4246],[8.1243,9.4225],[8.1276,9.4192],[8.1288,9.4157],[8.1368,9.4136],[8.1414,9.4075],[8.1378,9.4047],[8.1317,9.4039],[8.1314,9.4],[8.1292,9.3918],[8.1294,9.3883],[8.1266,9.3864],[8.1253,9.3829],[8.1276,9.3811],[8.1286,9.3735],[8.1281,9.3681],[8.1266,9.3652],[8.129,9.3599],[8.131,9.3591],[8.1385,9.3517],[8.1393,9.3496],[8.1427,9.3481],[8.1429,9.346],[8.1376,9.3427],[8.1334,9.3363],[8.1321,9.3314],[8.1262,9.324],[8.1327,9.3243],[8.1338,9.3263],[8.1416,9.3262],[8.1483,9.3253],[8.1512,9.3205],[8.1499,9.3157],[8.153,9.3099],[8.1564,9.3053],[8.1573,9.3011],[8.1516,9.2979],[8.1431,9.2951],[8.142,9.2852],[8.1443,9.2808],[8.1415,9.2768],[8.1374,9.2691],[8.1334,9.2677],[8.1356,9.2639],[8.1387,9.261],[8.1416,9.2601],[8.1487,9.2602],[8.15,9.259],[8.1491,9.2475],[8.1441,9.245],[8.1415,9.2395],[8.1344,9.2389],[8.1259,9.2344],[8.1232,9.2313],[8.1223,9.2226],[8.1237,9.2208],[8.1276,9.2199],[8.1368,9.218],[8.1419,9.2175],[8.1446,9.222],[8.1488,9.227],[8.1613,9.227],[8.1657,9.2221],[8.1683,9.2224],[8.1737,9.2187],[8.1759,9.2151],[8.183,9.2192],[8.1831,9.2218],[8.1857,9.2251],[8.1918,9.2309],[8.1918,9.2369],[8.193,9.2384],[8.1893,9.2386],[8.1874,9.2429],[8.1852,9.2453],[8.1836,9.2502],[8.1826,9.2592],[8.1875,9.2637],[8.1894,9.2673],[8.1877,9.2743],[8.1884,9.2814],[8.1918,9.2887],[8.1968,9.2895],[8.2037,9.2892],[8.2006,9.294],[8.2004,9.3009],[8.2066,9.3024],[8.2085,9.3052],[8.2078,9.3119],[8.2059,9.3166],[8.2029,9.3203],[8.2024,9.324],[8.2047,9.3298],[8.2071,9.3314],[8.2103,9.338],[8.208,9.3404],[8.2078,9.3447],[8.2108,9.3513],[8.2112,9.3565],[8.2054,9.3587],[8.2028,9.3623],[8.2049,9.3654],[8.2005,9.3702],[8.2027,9.3735],[8.2062,9.3757],[8.2034,9.3786],[8.1994,9.3933],[8.1963,9.3953],[8.1903,9.3976],[8.1878,9.3971],[8.1824,9.3976],[8.1802,9.3993],[8.1763,9.3991],[8.1729,9.4025],[8.1662,9.402],[8.1647,9.4032],[8.1653,9.4068],[8.1698,9.4091],[8.1725,9.4125],[8.1753,9.4118],[8.1809,9.4138],[8.1898,9.415],[8.1983,9.418],[8.2,9.4201],[8.2061,9.4222],[8.2089,9.4268],[8.2121,9.4296],[8.2145,9.4351],[8.214,9.4373],[8.2102,9.4394],[8.2042,9.4384],[8.1985,9.4384],[8.1956,9.4406],[8.1968,9.4437],[8.1957,9.4476],[8.193,9.4462],[8.1902,9.4484],[8.1898,9.4531],[8.1885,9.4546],[8.1827,9.4532],[8.1782,9.455],[8.1774,9.4567],[8.1709,9.4572],[8.1655,9.4554],[8.1616,9.4523],[8.1567,9.452],[8.1558,9.4535],[8.1489,9.4535],[8.1477,9.4562],[8.1419,9.4537],[8.1368,9.4558],[8.1348,9.4586],[8.1309,9.4591],[8.1283,9.4613],[8.124,9.4602],[8.1178,9.4555],[8.1115,9.4532],[8.1115,9.4503],[8.1077,9.4434],[8.1083,9.4431]]]},"properties":{"name":"ASSO","state":"18","code":"18/07/09"}},{"type":"Feature","geometry":{"type":"Polygon","coordinates":[[[7.9394,9.3143],[7.9438,9.3136],[7.9478,9.3115],[7.9839,9.2979],[7.9967,9.2947],[8.0149,9.2849],[8.0442,9.2733],[8.0609,9.2658],[8.0781,9.2463],[8.0782,9.2452],[8.0872,9.2307],[8.0823,9.2078],[8.0894,9.2104],[8.0928,9.2152],[8.096,9.2172],[8.1026,9.2154],[8.1098,9.2115],[8.1148,9.2101],[8.1201,9.2096],[8.1231,9.2082],[8.126,9.2143],[8.1252,9.2173],[8.1276,9.2199],[8.1237,9.2208],[8.1223,9.2226],[8.1232,9.2313],[8.1259,9.2344],[8.1344,9.2389],[8.1415,9.2395],[8.1441,9.245],[8.1491,9.2475],[8.15,9.259],[8.1487,9.2602],[8.1416,9.2601],[8.1387,9.261],[8.1356,9.2639],[8.1334,9.2677],[8.1374,9.2691],[8.1415,9.2768],[8.1443,9.2808],[8.142,9.2852],[8.1431,9.2951],[8.1516,9.2979],[8.1573,9.3011],[8.1564,9.3053],[8.153,9.3099],[8.1499,9.3157],[8.1512,9.3205],[8.1483,9.3253],[8.1416,9.3262],[8.1338,9.3263],[8.1327,9.3243],[8.1262,9.324],[8.1321,9.3314],[8.1334,9.3363],[8.1376,9.3427],[8.1429,9.346],[8.1427,9.3481],[8.1393,9.3496],[8.1385,9.3517],[8.131,9.3591],[8.129,9.3599],[8.1266,9.3652],[8.1281,9.3681],[8.1286,9.3735],[8.1276,9.3811],[8.1253,9.3829],[8.1266,9.3864],[8.1294,9.3883],[8.1292,9.3918],[8.1314,9.4],[8.1317,9.4039],[8.1378,9.4047],[8.1414,9.4075],[8.1368,9.4136],[8.1288,9.4157],[8.1276,9.4192],[8.1243,9.4225],[8.1195,9.4246],[8.1164,9.4355],[8.1109,9.4418],[8.1083,9.4431],[8.1077,9.439],[8.1045,9.4387],[8.1033,9.4357],[8.0946,9.4302],[8.0923,9.4298],[8.0876,9.4259],[8.0824,9.4271],[8.0768,9.4243],[8.0763,9.4199],[8.0738,9.4175],[8.0713,9.4176],[8.0695,9.4139],[8.0649,9.412],[8.0613,9.4155],[8.0589,9.412],[8.059,9.4095],[8.0567,9.4072],[8.0488,9.4053],[8.0481,9.4023],[8.0451,9.3988],[8.0408,9.3964],[8.0431,9.3944],[8.0481,9.3926],[8.0498,9.3902],[8.0549,9.3905],[8.0517,9.3842],[8.0492,9.383],[8.0482,9.3791],[8.0497,9.3775],[8.0521,9.3675],[8.048,9.3657],[8.0417,9.3597],[8.0345,9.3628],[8.0304,9.3619],[8.0257,9.3578],[8.0278,9.3536],[8.0312,9.3506],[8.03,9.3484],[8.0313,9.3431],[8.0284,9.3426],[8.0294,9.3386],[8.0281,9.3366],[8.0216,9.3359],[8.0168,9.3343],[8.017,9.3295],[8.0082,9.3227],[8.0041,9.3228],[7.9965,9.3181],[7.9897,9.3211],[7.989,9.3232],[7.9846,9.3258],[7.9837,9.323],[7.9765,9.3204],[7.972,9.3164],[7.9592,9.3133],[7.9565,9.3147],[7.9506,9.3153],[7.9473,9.3143],[7.9427,9.3155],[7.9394,9.3143]]]},"properties":{"name":"BEDDE","state":"18","code":"18/07/10"}},{"type":"Feature","geometry":{"type":"Polygon","coordinates":[[[8.1077,9.4434],[8.1115,9.4503],[8.1115,9.4532],[8.1178,9.4555],[8.124,9.4602],[8.1283,9.4613],[8.1309,9.4591],[8.1348,9.4586],[8.1368,9.4558],[8.1419,9.4537],[8.1477,9.4562],[8.1489,9.4535],[8.1558,9.4535],[8.1567,9.452],[8.1616,9.4523],[8.1655,9.4554],[8.1709,9.4572],[8.1774,9.4567],[8.1782,9.455],[8.1827,9.4532],[8.1885,9.4546],[8.1898,9.4531],[8.1902,9.4484],[8.193,9.4462],[8.1957,9.4476],[8.1968,9.4437],[8.1956,9.4406],[8.1985,9.4384],[8.2042,9.4384],[8.2102,9.4394],[8.214,9.4373],[8.2199,9.4347],[8.2214,9.4329],[8.2266,9.4329],[8.2293,9.4353],[8.2286,9.4467],[8.2318,9.4533],[8.2324,9.4567],[8.2348,9.4599],[8.2351,9.4665],[8.2356,9.4738],[8.2375,9.4748],[8.2418,9.4736],[8.2416,9.4763],[8.2389,9.4814],[8.2392,9.4848],[8.2346,9.4873],[8.2353,9.49],[8.2387,9.4934],[8.2407,9.5002],[8.2427,9.5021],[8.2416,9.5052],[8.2381,9.507],[8.2338,9.5125],[8.2325,9.5169],[8.2327,9.5202],[8.2311,9.5249],[8.2278,9.5278],[8.2228,9.5286],[8.2208,9.5304],[8.2201,9.5346],[8.2149,9.5346],[8.2136,9.5379],[8.2103,9.537],[8.2071,9.5383],[8.2032,9.5343],[8.2019,9.5287],[8.1989,9.527],[8.1987,9.5244],[8.1951,9.5219],[8.1912,9.5228],[8.1899,9.5216],[8.1857,9.5256],[8.1831,9.5343],[8.1808,9.5368],[8.1755,9.5365],[8.1719,9.5377],[8.1711,9.5405],[8.1565,9.5513],[8.1556,9.5531],[8.1539,9.5523],[8.147,9.5391],[8.1461,9.5348],[8.1478,9.531],[8.1491,9.5203],[8.1474,9.5159],[8.1436,9.5122],[8.1412,9.5114],[8.139,9.5064],[8.1296,9.5125],[8.1193,9.5161],[8.117,9.5136],[8.1168,9.5097],[8.1119,9.5078],[8.1054,9.5063],[8.1001,9.5059],[8.0967,9.5007],[8.0925,9.497],[8.0838,9.4987],[8.0769,9.496],[8.0752,9.4845],[8.0712,9.4817],[8.0719,9.4798],[8.0712,9.4738],[8.075,9.4694],[8.0745,9.4603],[8.0835,9.4562],[8.0884,9.4519],[8.0996,9.4507],[8.1022,9.4483],[8.1061,9.4465],[8.1077,9.4434]]]},"properties":{"name":"KAGOMA","state":"18","code":"18/07/11"}},{"type":"Feature","geometry":{"type":"Polygon","coordinates":[[[8.2836,9.5744],[8.2814,9.5722],[8.2777,9.5726],[8.2709,9.5716],[8.2659,9.5701],[8.26,9.5713],[8.2551,9.571],[8.2529,9.5741],[8.2471,9.5761],[8.2447,9.5741],[8.2387,9.5716],[8.2382,9.5697],[8.2404,9.567],[8.2424,9.5619],[8.2444,9.5594],[8.2457,9.5555],[8.2455,9.5451],[8.2465,9.5408],[8.2499,9.5393],[8.2509,9.5337],[8.2504,9.5319],[8.2548,9.5312],[8.2567,9.5333],[8.2579,9.5394],[8.2605,9.5439],[8.261,9.5472],[8.2644,9.5492],[8.2671,9.5529],[8.2685,9.5567],[8.2726,9.5616],[8.2725,9.5646],[8.2775,9.5667],[8.2815,9.5669],[8.2866,9.5745],[8.2891,9.5742],[8.2905,9.5719],[8.2911,9.5631],[8.2992,9.5585],[8.2999,9.5557],[8.3044,9.5555],[8.3075,9.5579],[8.3099,9.558],[8.3165,9.5542],[8.3171,9.5506],[8.3216,9.5508],[8.3256,9.5493],[8.3344,9.5507],[8.3412,9.5501],[8.342,9.5521],[8.3393,9.5575],[8.3402,9.5634],[8.3377,9.5676],[8.3374,9.5709],[8.3307,9.5735],[8.3269,9.5759],[8.3205,9.5762],[8.3174,9.575],[8.3161,9.5722],[8.3168,9.5691],[8.3133,9.5671],[8.3082,9.5671],[8.3044,9.5693],[8.3067,9.5736],[8.306,9.5766],[8.307,9.5808],[8.301,9.5811],[8.3017,9.5791],[8.2973,9.5783],[8.2962,9.5766],[8.292,9.5743],[8.2862,9.5769],[8.2836,9.5744]]]},"properties":{"name":"TAKAU 'B'","state":"18","code":"18/07/12"}},{"type":"Feature","geometry":{"type":"Polygon","coordinates":[[[7.9475,10.1359],[7.9435,10.1353],[7.9419,10.1322],[7.9397,10.1332],[7.9401,10.1227],[7.9398,10.1175],[7.9409,10.1124],[7.9408,10.1017],[7.9386,10.0999],[7.9388,10.0902],[7.9384,10.0855],[7.9366,10.0824],[7.9303,10.0681],[7.924,10.0665],[7.9197,10.0681],[7.9168,10.0675],[7.9139,10.0688],[7.9052,10.0702],[7.9028,10.07],[7.8915,10.0639],[7.8904,10.0611],[7.8853,10.0606],[7.8828,10.0615],[7.8768,10.0657],[7.8742,10.0701],[7.8659,10.0717],[7.8622,10.0738],[7.8597,10.0724],[7.8549,10.0777],[7.8516,10.0744],[7.8452,10.0706],[7.842,10.0698],[7.8315,10.0724],[7.822,10.0704],[7.8199,10.067],[7.8182,10.0597],[7.8135,10.0536],[7.8068,10.0545],[7.8026,10.0524],[7.7993,10.0496],[7.8005,10.0469],[7.8005,10.0417],[7.8028,10.0347],[7.8024,10.0287],[7.8035,10.0239],[7.8057,10.0192],[7.807,10.0138],[7.8048,10.0088],[7.8037,10.0001],[7.8083,9.9923],[7.8115,9.987],[7.8148,9.9874],[7.8188,9.9864],[7.8221,9.9869],[7.8264,9.9857],[7.8295,9.9798],[7.8323,9.9775],[7.8367,9.9781],[7.8445,9.9699],[7.8489,9.966],[7.8438,9.9619],[7.8401,9.9633],[7.8366,9.9616],[7.8356,9.9597],[7.8281,9.9537],[7.8224,9.9525],[7.8158,9.953],[7.8131,9.9565],[7.811,9.9563],[7.8071,9.9602],[7.8015,9.9587],[7.7959,9.96],[7.7898,9.9648],[7.7868,9.9637],[7.7854,9.9671],[7.783,9.966],[7.7781,9.9662],[7.7719,9.9644],[7.7694,9.9565],[7.7721,9.952],[7.7745,9.9525],[7.7818,9.9498],[7.7863,9.9508],[7.795,9.9441],[7.7981,9.9443],[7.7982,9.9417],[7.8004,9.9391],[7.7991,9.9332],[7.8027,9.9277],[7.8039,9.9227],[7.8055,9.9201],[7.8104,9.9165],[7.8194,9.9189],[7.8231,9.9179],[7.8295,9.915],[7.8361,9.9163],[7.8448,9.919],[7.8485,9.9161],[7.8514,9.9151],[7.8555,9.9171],[7.8578,9.9194],[7.8613,9.9178],[7.8622,9.9202],[7.8691,9.9282],[7.877,9.9328],[7.8824,9.931],[7.8882,9.9336],[7.894,9.9314],[7.8967,9.9289],[7.9017,9.9297],[7.9108,9.9245],[7.916,9.9232],[7.9194,9.9208],[7.925,9.9197],[7.9323,9.9145],[7.9342,9.9145],[7.9399,9.9197],[7.9422,9.9208],[7.951,9.9223],[7.9569,9.9225],[7.959,9.9286],[7.9625,9.9329],[7.9658,9.9318],[7.9685,9.9294],[7.972,9.9299],[7.9753,9.9323],[7.9785,9.929],[7.9834,9.9271],[7.987,9.9247],[7.9863,9.9225],[7.9864,9.9129],[7.9882,9.9092],[7.9878,9.9051],[7.985,9.906],[7.979,9.9036],[7.9775,9.9018],[7.9742,9.9035],[7.9713,9.9024],[7.9693,9.8999],[7.9716,9.8974],[7.9718,9.895],[7.9675,9.8883],[7.9667,9.8837],[7.9686,9.8819],[7.9753,9.8791],[7.9768,9.8773],[7.9798,9.8771],[7.9863,9.8797],[7.9955,9.8827],[7.9975,9.8822],[8.0012,9.8768],[8.0034,9.8783],[8.0094,9.8801],[8.016,9.8814],[8.0168,9.8833],[8.0231,9.8838],[8.0296,9.8864],[8.0382,9.8848],[8.0467,9.8865],[8.0529,9.8862],[8.0576,9.887],[8.0644,9.886],[8.0681,9.8872],[8.0744,9.8867],[8.0828,9.8852],[8.0901,9.8892],[8.0918,9.8887],[8.0932,9.8915],[8.0991,9.897],[8.0963,9.9013],[8.0966,9.9032],[8.0933,9.9054],[8.0906,9.91],[8.0887,9.9098],[8.0832,9.9126],[8.0797,9.9158],[8.0765,9.9154],[8.0766,9.9194],[8.0687,9.9235],[8.0667,9.9228],[8.0626,9.9264],[8.059,9.928],[8.0585,9.9297],[8.0606,9.9343],[8.0585,9.9351],[8.055,9.9397],[8.0501,9.9432],[8.0439,9.9427],[8.0407,9.9451],[8.0345,9.9478],[8.0264,9.9472],[8.0213,9.9442],[8.0151,9.945],[8.0083,9.9535],[8.0107,9.9566],[8.0123,9.9633],[8.0142,9.9668],[8.014,9.9716],[8.015,9.9764],[8.0178,9.9821],[8.0226,9.9852],[8.0268,9.9896],[8.0278,9.9933],[8.0307,9.9982],[8.0292,10],[8.0282,10.0072],[8.0257,10.0107],[8.0233,10.0175],[8.0257,10.0231],[8.0277,10.0305],[8.0306,10.0362],[8.0297,10.04],[8.0258,10.0449],[8.0213,10.0473],[8.0115,10.0534],[8.0107,10.0564],[8.0073,10.0579],[8.0053,10.061],[7.9995,10.0616],[7.9927,10.0685],[7.9909,10.0729],[7.9878,10.0756],[7.9835,10.0777],[7.9824,10.0811],[7.9838,10.0882],[7.9853,10.0918],[7.9926,10.095],[7.9982,10.0951],[8.0001,10.1001],[7.9998,10.1032],[7.9976,10.1074],[7.9933,10.1119],[7.985,10.1139],[7.9571,10.1211],[7.9545,10.1244],[7.9537,10.1281],[7.9475,10.1359]]]},"properties":{"name":"AGUNU","state":"18","code":"18/08/01"}},{"type":"Feature","geometry":{"type":"Polygon","coordinates":[[[7.8732,9.7],[7.8703,9.6999],[7.8695,9.7056],[7.8665,9.7086],[7.8654,9.7208],[7.8665,9.7341],[7.8686,9.7368],[7.8704,9.7417],[7.8692,9.7479],[7.8702,9.7562],[7.8693,9.7616],[7.8668,9.7659],[7.8645,9.7655],[7.8575,9.7697],[7.8509,9.7713],[7.8427,9.7774],[7.8401,9.7799],[7.839,9.7834],[7.8399,9.7877],[7.8373,9.7929],[7.8374,9.7987],[7.8342,9.8033],[7.8279,9.8073],[7.8355,9.8123],[7.8445,9.8152],[7.8445,9.8178],[7.8425,9.8215],[7.8484,9.8301],[7.847,9.8421],[7.8478,9.8451],[7.8376,9.8432],[7.835,9.8407],[7.8291,9.84],[7.8268,9.8388],[7.8238,9.8412],[7.8204,9.8476],[7.8219,9.8593],[7.8188,9.8626],[7.8134,9.8656],[7.8092,9.8655],[7.8055,9.8644],[7.8043,9.8663],[7.7974,9.8656],[7.7904,9.8636],[7.7833,9.866],[7.7797,9.8727],[7.7799,9.8747],[7.7749,9.8762],[7.7696,9.8791],[7.7653,9.8778],[7.7633,9.8752],[7.7604,9.8624],[7.7637,9.86],[7.7648,9.8576],[7.7645,9.8538],[7.7656,9.8494],[7.7687,9.8468],[7.7654,9.8446],[7.7563,9.8426],[7.7515,9.8409],[7.7481,9.8381],[7.7441,9.8366],[7.7418,9.8337],[7.7406,9.8249],[7.7338,9.8209],[7.7323,9.8145],[7.7328,9.8059],[7.7309,9.8034],[7.7316,9.7988],[7.7298,9.794],[7.7314,9.7893],[7.7307,9.7877],[7.7261,9.7892],[7.7266,9.7931],[7.7237,9.7976],[7.7199,9.8012],[7.7189,9.8078],[7.717,9.8131],[7.7133,9.8187],[7.7124,9.8214],[7.7098,9.823],[7.7057,9.8215],[7.7026,9.8249],[7.7012,9.8299],[7.697,9.8345],[7.6862,9.8346],[7.6821,9.8356],[7.6803,9.8341],[7.6747,9.8351],[7.671,9.8342],[7.6681,9.8358],[7.6679,9.843],[7.6648,9.8452],[7.6646,9.8477],[7.6617,9.8558],[7.6622,9.8597],[7.6563,9.8658],[7.6496,9.8662],[7.6447,9.8565],[7.64,9.854],[7.6356,9.8545],[7.6264,9.8504],[7.6182,9.8475],[7.6146,9.8456],[7.6122,9.8427],[7.6087,9.8375],[7.6073,9.8323],[7.6004,9.8321],[7.5971,9.8331],[7.5965,9.8262],[7.6014,9.8198],[7.6011,9.8112],[7.5996,9.8071],[7.5978,9.8066],[7.5993,9.803],[7.6036,9.8003],[7.6089,9.7982],[7.6089,9.7968],[7.6151,9.7905],[7.6167,9.7832],[7.6199,9.7746],[7.6219,9.7713],[7.6205,9.7657],[7.6221,9.7619],[7.6153,9.7576],[7.6092,9.7479],[7.607,9.741],[7.6013,9.7381],[7.592,9.7309],[7.5917,9.7254],[7.5926,9.7215],[7.5911,9.7151],[7.5822,9.7131],[7.5736,9.7122],[7.5687,9.7024],[7.5679,9.6977],[7.5687,9.6942],[7.567,9.6921],[7.56,9.693],[7.555,9.697],[7.5514,9.6974],[7.5498,9.7001],[7.5443,9.6945],[7.5392,9.6869],[7.5374,9.6818],[7.5386,9.6737],[7.5385,9.6703],[7.5397,9.6663],[7.5387,9.6598],[7.5402,9.6551],[7.5433,9.651],[7.5437,9.6465],[7.5385,9.6374],[7.5384,9.6334],[7.537,9.6267],[7.5328,9.6175],[7.5287,9.614],[7.5267,9.6092],[7.5284,9.6059],[7.5282,9.6011],[7.5297,9.5987],[7.5301,9.5944],[7.5352,9.5944],[7.5382,9.5967],[7.5413,9.5964],[7.5445,9.5944],[7.5497,9.5942],[7.5507,9.587],[7.5499,9.584],[7.5538,9.5808],[7.5562,9.5801],[7.5639,9.5796],[7.5696,9.5774],[7.5728,9.5787],[7.5729,9.5827],[7.5792,9.5816],[7.5811,9.5831],[7.5853,9.5789],[7.5895,9.576],[7.5902,9.5719],[7.5923,9.5723],[7.5925,9.5788],[7.5936,9.5845],[7.5893,9.5885],[7.5861,9.5934],[7.5865,9.5978],[7.5855,9.6032],[7.5887,9.6071],[7.5877,9.6156],[7.5924,9.6208],[7.6023,9.6277],[7.6101,9.6277],[7.6137,9.6257],[7.6184,9.6244],[7.6275,9.6188],[7.6331,9.6148],[7.6351,9.616],[7.6336,9.6229],[7.6377,9.627],[7.6446,9.635],[7.6469,9.6353],[7.649,9.638],[7.6538,9.6407],[7.659,9.6446],[7.6634,9.6462],[7.6651,9.6435],[7.6645,9.6406],[7.6685,9.6353],[7.6747,9.6344],[7.6761,9.6311],[7.68,9.628],[7.6797,9.6242],[7.6814,9.6185],[7.6883,9.6184],[7.6931,9.6128],[7.6951,9.6154],[7.7016,9.6142],[7.7038,9.6103],[7.7068,9.5992],[7.7104,9.5982],[7.7137,9.5961],[7.721,9.6015],[7.7246,9.6],[7.7296,9.5923],[7.7347,9.6041],[7.7335,9.6154],[7.7337,9.6186],[7.7324,9.6286],[7.7312,9.6312],[7.7353,9.633],[7.7361,9.6377],[7.7328,9.641],[7.7343,9.6452],[7.7332,9.649],[7.7341,9.6536],[7.7357,9.6564],[7.74,9.6596],[7.7481,9.6613],[7.7749,9.6586],[7.78,9.6578],[7.7833,9.6561],[7.7855,9.6531],[7.7885,9.6527],[7.7908,9.6475],[7.7929,9.6475],[7.7995,9.6521],[7.8059,9.6532],[7.8088,9.6504],[7.812,9.6513],[7.8104,9.6558],[7.8129,9.6581],[7.8116,9.6603],[7.8133,9.6639],[7.8121,9.6666],[7.8115,9.6731],[7.8157,9.6735],[7.8174,9.6757],[7.82,9.6755],[7.8181,9.6815],[7.8271,9.6826],[7.8325,9.6806],[7.8365,9.6829],[7.8421,9.6903],[7.8418,9.6949],[7.844,9.6972],[7.8483,9.6994],[7.8568,9.6943],[7.8582,9.6914],[7.8622,9.6894],[7.8705,9.6917],[7.8727,9.6901],[7.8734,9.6948],[7.8748,9.6966],[7.8732,9.7]]]},"properties":{"name":"AWON","state":"18","code":"18/08/02"}},{"type":"Feature","geometry":{"type":"Polygon","coordinates":[[[7.2415,10.0447],[7.245,10.0444],[7.248,10.0396],[7.2541,10.0392],[7.2584,10.0366],[7.2702,10.0282],[7.2778,10.0164],[7.2803,9.9996],[7.2803,9.9735],[7.2811,9.965],[7.2845,9.9576],[7.2861,9.9503],[7.2854,9.9332],[7.2879,9.9231],[7.2938,9.9079],[7.2955,9.8877],[7.2955,9.8718],[7.2965,9.8698],[7.2949,9.853],[7.2929,9.8516],[7.2887,9.8406],[7.2921,9.8238],[7.2929,9.8112],[7.2913,9.8003],[7.2854,9.7893],[7.2786,9.7868],[7.2736,9.7834],[7.2677,9.7834],[7.2601,9.7868],[7.2517,9.7944],[7.2315,9.791],[7.224,9.7876],[7.2105,9.7801],[7.2047,9.7583],[7.2147,9.7489],[7.222,9.7416],[7.2275,9.7411],[7.2305,9.7396],[7.2315,9.7358],[7.2394,9.7372],[7.2416,9.7383],[7.2453,9.7375],[7.249,9.7381],[7.2525,9.735],[7.2557,9.7357],[7.2603,9.7346],[7.2637,9.7364],[7.2786,9.7362],[7.2929,9.7402],[7.2948,9.7386],[7.3036,9.7413],[7.3045,9.7438],[7.3086,9.7462],[7.314,9.7462],[7.3169,9.7482],[7.3299,9.7486],[7.3302,9.7444],[7.3334,9.7441],[7.3333,9.7405],[7.3379,9.742],[7.339,9.7397],[7.3356,9.7363],[7.3386,9.7341],[7.3434,9.7323],[7.347,9.7352],[7.352,9.732],[7.3538,9.7296],[7.3576,9.7287],[7.3665,9.716],[7.371,9.7166],[7.3754,9.7184],[7.3766,9.7212],[7.3801,9.7227],[7.3846,9.7223],[7.3871,9.7233],[7.3903,9.7201],[7.3968,9.724],[7.4026,9.7258],[7.4076,9.7295],[7.411,9.7337],[7.4139,9.7348],[7.4207,9.7406],[7.4216,9.7482],[7.4197,9.7504],[7.4211,9.7545],[7.4275,9.7547],[7.4281,9.7573],[7.433,9.7587],[7.4369,9.7586],[7.4405,9.7549],[7.4433,9.7565],[7.4421,9.7612],[7.4428,9.7644],[7.4468,9.7633],[7.4511,9.7632],[7.4572,9.7644],[7.4613,9.7669],[7.4633,9.7737],[7.4666,9.7793],[7.4663,9.7825],[7.4693,9.7829],[7.4725,9.781],[7.4737,9.777],[7.4772,9.774],[7.4784,9.7764],[7.4821,9.7749],[7.4878,9.7771],[7.4925,9.7749],[7.4939,9.7774],[7.4983,9.7769],[7.4994,9.7781],[7.504,9.777],[7.5054,9.7745],[7.5084,9.7789],[7.5108,9.7761],[7.515,9.7763],[7.5096,9.7711],[7.5089,9.7669],[7.5052,9.7623],[7.5049,9.7589],[7.5006,9.7531],[7.504,9.7409],[7.5066,9.7369],[7.5126,9.7361],[7.5223,9.7325],[7.5245,9.7274],[7.5272,9.7289],[7.536,9.7289],[7.5396,9.7316],[7.5557,9.7355],[7.5599,9.7391],[7.5643,9.7405],[7.5648,9.7428],[7.5641,9.7507],[7.5667,9.7586],[7.5697,9.7625],[7.5709,9.7717],[7.5743,9.774],[7.5777,9.7943],[7.579,9.795],[7.5833,9.8017],[7.5873,9.8059],[7.5887,9.8095],[7.5961,9.8065],[7.5978,9.8066],[7.5996,9.8071],[7.6011,9.8112],[7.6014,9.8198],[7.5965,9.8262],[7.5971,9.8331],[7.6004,9.8321],[7.6073,9.8323],[7.6087,9.8375],[7.6122,9.8427],[7.6112,9.8449],[7.612,9.8484],[7.6093,9.8533],[7.612,9.8592],[7.6127,9.8665],[7.6155,9.8715],[7.6084,9.8755],[7.6086,9.8786],[7.6051,9.8832],[7.6067,9.8861],[7.6092,9.8958],[7.6093,9.8996],[7.6123,9.902],[7.6141,9.9055],[7.6178,9.9097],[7.6202,9.9102],[7.6257,9.9083],[7.6353,9.9105],[7.6365,9.9198],[7.6387,9.9215],[7.6408,9.9259],[7.6415,9.9312],[7.6433,9.9332],[7.6435,9.9385],[7.6464,9.9406],[7.6465,9.945],[7.637,9.9526],[7.6347,9.953],[7.6225,9.9625],[7.6245,9.9741],[7.6203,9.9819],[7.6206,9.9881],[7.6239,9.9894],[7.6302,9.9891],[7.6308,9.9861],[7.6345,9.9864],[7.6355,9.9826],[7.6421,9.9853],[7.6454,9.9875],[7.6498,9.9888],[7.6552,9.9947],[7.6557,9.9987],[7.6546,10.0017],[7.6555,10.0095],[7.6566,10.0128],[7.6531,10.0162],[7.631,10.0165],[7.6246,10.0135],[7.6257,10.0172],[7.623,10.024],[7.6236,10.0327],[7.6213,10.0392],[7.6254,10.0384],[7.6364,10.0385],[7.6422,10.0444],[7.6421,10.0519],[7.6413,10.0536],[7.6432,10.0592],[7.6463,10.0642],[7.6495,10.0671],[7.6482,10.0729],[7.6489,10.0757],[7.6423,10.0792],[7.6379,10.0822],[7.6329,10.0868],[7.6278,10.0871],[7.62,10.0889],[7.6136,10.0919],[7.604,10.0891],[7.5966,10.0896],[7.5936,10.0909],[7.5837,10.0903],[7.583,10.099],[7.5816,10.1017],[7.5804,10.1151],[7.5755,10.1193],[7.5746,10.1214],[7.5754,10.126],[7.5777,10.1322],[7.581,10.1364],[7.5808,10.1428],[7.5796,10.1453],[7.5788,10.153],[7.5805,10.156],[7.5784,10.1608],[7.5777,10.1669],[7.5764,10.1704],[7.5705,10.1768],[7.5713,10.1808],[7.566,10.1804],[7.5658,10.1855],[7.5614,10.1888],[7.5579,10.1872],[7.5533,10.1905],[7.5517,10.189],[7.5479,10.1886],[7.5379,10.1801],[7.5359,10.1802],[7.5308,10.1785],[7.5268,10.1731],[7.528,10.1662],[7.5321,10.1635],[7.5308,10.1582],[7.5252,10.1542],[7.5207,10.1499],[7.519,10.1497],[7.5165,10.1524],[7.5109,10.15],[7.5105,10.1468],[7.5083,10.1453],[7.5048,10.1471],[7.5008,10.1453],[7.4979,10.1457],[7.4928,10.144],[7.4914,10.1427],[7.4901,10.1367],[7.4863,10.135],[7.4819,10.1332],[7.4796,10.1365],[7.4762,10.1369],[7.4728,10.1404],[7.4646,10.1323],[7.4535,10.1395],[7.4481,10.1435],[7.4452,10.1446],[7.4447,10.1412],[7.4423,10.142],[7.4408,10.1396],[7.4422,10.135],[7.4379,10.1317],[7.4343,10.1265],[7.4301,10.1273],[7.4261,10.1255],[7.422,10.1263],[7.4154,10.1235],[7.4125,10.1238],[7.4049,10.1213],[7.3965,10.1177],[7.3936,10.1131],[7.3852,10.1065],[7.3848,10.0985],[7.3782,10.0895],[7.3746,10.082],[7.3727,10.0798],[7.3663,10.0786],[7.3611,10.0811],[7.3585,10.0783],[7.3574,10.0731],[7.3542,10.0705],[7.3551,10.0683],[7.3534,10.0652],[7.3507,10.0639],[7.35,10.0594],[7.3467,10.0576],[7.346,10.0538],[7.3432,10.0515],[7.3382,10.0502],[7.3303,10.0463],[7.319,10.0416],[7.3107,10.0401],[7.3077,10.0418],[7.3045,10.0412],[7.2964,10.0445],[7.2913,10.044],[7.2896,10.0479],[7.2829,10.0551],[7.2825,10.062],[7.28,10.0644],[7.2779,10.062],[7.276,10.0545],[7.2672,10.0534],[7.2653,10.057],[7.2629,10.0583],[7.25,10.054],[7.2477,10.0521],[7.2415,10.0447]]]},"properties":{"name":"DOKA","state":"18","code":"18/08/03"}},{"type":"Feature","geometry":{"type":"Polygon","coordinates":[[[7.9686,9.8819],[7.9689,9.8796],[7.9648,9.8717],[7.9621,9.8722],[7.9598,9.8708],[7.9601,9.868],[7.957,9.8676],[7.958,9.8627],[7.9539,9.8605],[7.9537,9.8554],[7.9488,9.8521],[7.9517,9.848],[7.9497,9.847],[7.9444,9.8496],[7.9417,9.8471],[7.9426,9.8454],[7.9442,9.8345],[7.9417,9.8222],[7.9502,9.8154],[7.9405,9.8048],[7.944,9.7995],[7.938,9.7889],[7.9465,9.7737],[7.9422,9.7551],[7.9266,9.7553],[7.9286,9.7511],[7.9233,9.7399],[7.9263,9.7403],[7.9344,9.736],[7.9382,9.7315],[7.9456,9.7289],[7.9461,9.727],[7.9502,9.7223],[7.9537,9.7241],[7.9565,9.7231],[7.9715,9.7203],[7.974,9.7232],[7.9751,9.7265],[7.9735,9.7333],[7.9706,9.7374],[7.9707,9.7444],[7.9693,9.7487],[7.9763,9.7485],[7.9829,9.752],[7.9866,9.7531],[7.9872,9.7453],[7.9923,9.743],[7.9967,9.7429],[8.0005,9.7408],[8.0032,9.7433],[8.0073,9.7432],[8.0124,9.741],[8.0162,9.7511],[8.0114,9.7576],[8.0158,9.7609],[8.0197,9.766],[8.0307,9.7681],[8.0345,9.7711],[8.038,9.7766],[8.044,9.7818],[8.0462,9.7862],[8.036,9.7871],[8.0325,9.7921],[8.0347,9.7946],[8.0273,9.7956],[8.0266,9.7931],[8.0228,9.7961],[8.0163,9.7964],[8.0158,9.8032],[8.0181,9.807],[8.0236,9.8101],[8.0304,9.8097],[8.0337,9.8115],[8.0407,9.8165],[8.0467,9.8248],[8.0593,9.8272],[8.0618,9.8346],[8.0611,9.8379],[8.0619,9.8428],[8.0633,9.8457],[8.0685,9.8477],[8.0729,9.8517],[8.0748,9.8549],[8.0823,9.859],[8.0864,9.8577],[8.0916,9.8576],[8.0917,9.8685],[8.0903,9.8724],[8.0925,9.8776],[8.0918,9.8808],[8.0918,9.8887],[8.0901,9.8892],[8.0828,9.8852],[8.0744,9.8867],[8.0681,9.8872],[8.0644,9.886],[8.0576,9.887],[8.0529,9.8862],[8.0467,9.8865],[8.0382,9.8848],[8.0296,9.8864],[8.0231,9.8838],[8.0168,9.8833],[8.016,9.8814],[8.0094,9.8801],[8.0034,9.8783],[8.0012,9.8768],[7.9975,9.8822],[7.9955,9.8827],[7.9863,9.8797],[7.9798,9.8771],[7.9768,9.8773],[7.9753,9.8791],[7.9686,9.8819]]]},"properties":{"name":"GUMEL","state":"18","code":"18/08/04"}},{"type":"Feature","geometry":{"type":"Polygon","coordinates":[[[7.9715,9.7203],[7.9742,9.7155],[7.9726,9.7109],[7.9687,9.7046],[7.9711,9.7025],[7.9742,9.7023],[7.9799,9.6977],[7.9833,9.6972],[7.9847,9.6992],[7.9874,9.6969],[7.991,9.6976],[7.993,9.6965],[7.9972,9.6977],[8.0073,9.697],[8.0108,9.6955],[8.0212,9.6938],[8.0209,9.6909],[8.0239,9.6911],[8.0272,9.6888],[8.0322,9.6888],[8.0379,9.6872],[8.0435,9.6884],[8.0449,9.6866],[8.0486,9.6873],[8.0506,9.6854],[8.0533,9.6857],[8.0618,9.6827],[8.0655,9.6808],[8.071,9.682],[8.0763,9.6855],[8.0772,9.6875],[8.0876,9.6947],[8.0887,9.6969],[8.0938,9.698],[8.0944,9.6991],[8.1017,9.7047],[8.0982,9.7086],[8.0928,9.7129],[8.0904,9.7202],[8.0828,9.722],[8.0768,9.7271],[8.0721,9.7291],[8.0704,9.7314],[8.0697,9.7366],[8.0722,9.7445],[8.0745,9.7467],[8.0769,9.7532],[8.0732,9.7613],[8.0693,9.7678],[8.0685,9.7756],[8.065,9.7775],[8.0617,9.7779],[8.0586,9.7819],[8.0566,9.7826],[8.0532,9.7861],[8.0462,9.7862],[8.044,9.7818],[8.038,9.7766],[8.0345,9.7711],[8.0307,9.7681],[8.0197,9.766],[8.0158,9.7609],[8.0114,9.7576],[8.0162,9.7511],[8.0124,9.741],[8.0073,9.7432],[8.0032,9.7433],[8.0005,9.7408],[7.9967,9.7429],[7.9923,9.743],[7.9872,9.7453],[7.9866,9.7531],[7.9829,9.752],[7.9763,9.7485],[7.9693,9.7487],[7.9707,9.7444],[7.9706,9.7374],[7.9735,9.7333],[7.9751,9.7265],[7.974,9.7232],[7.9715,9.7203]]]},"properties":{"name":"GIDAN TAGWAI","state":"18","code":"18/08/05"}},{"type":"Feature","geometry":{"type":"Polygon","coordinates":[[[7.979,9.6146],[7.9828,9.6204],[7.9869,9.622],[7.9926,9.6261],[7.9936,9.6331],[7.9971,9.6371],[7.9994,9.6362],[8.0063,9.637],[8.0064,9.6393],[8.0097,9.6452],[8.009,9.6506],[8.0114,9.6529],[8.0097,9.6588],[8.0103,9.6633],[8.0135,9.6675],[8.0221,9.6703],[8.0263,9.6729],[8.0297,9.6673],[8.0352,9.6654],[8.0405,9.6676],[8.045,9.6659],[8.0459,9.6689],[8.046,9.6741],[8.0425,9.6802],[8.0449,9.6866],[8.0435,9.6884],[8.0379,9.6872],[8.0322,9.6888],[8.0272,9.6888],[8.0239,9.6911],[8.0209,9.6909],[8.0212,9.6938],[8.0108,9.6955],[8.0073,9.697],[7.9972,9.6977],[7.993,9.6965],[7.991,9.6976],[7.9874,9.6969],[7.9847,9.6992],[7.9833,9.6972],[7.9799,9.6977],[7.9742,9.7023],[7.9711,9.7025],[7.9687,9.7046],[7.9726,9.7109],[7.9742,9.7155],[7.9715,9.7203],[7.9565,9.7231],[7.9537,9.7241],[7.9502,9.7223],[7.9461,9.727],[7.9456,9.7289],[7.9382,9.7315],[7.9344,9.736],[7.9263,9.7403],[7.9233,9.7399],[7.9206,9.7341],[7.9208,9.7307],[7.9224,9.7279],[7.9219,9.7255],[7.9172,9.726],[7.9165,9.7239],[7.9179,9.7199],[7.9155,9.7177],[7.9169,9.7148],[7.9111,9.7131],[7.9057,9.7155],[7.8999,9.7131],[7.9002,9.7083],[7.8982,9.7058],[7.8991,9.7035],[7.8969,9.6976],[7.892,9.6961],[7.8838,9.7015],[7.881,9.7015],[7.8776,9.7038],[7.8749,9.7031],[7.8732,9.7],[7.8748,9.6966],[7.8734,9.6948],[7.8727,9.6901],[7.8705,9.6917],[7.8622,9.6894],[7.8638,9.6847],[7.8614,9.6825],[7.8697,9.6795],[7.8719,9.6773],[7.8775,9.6759],[7.8856,9.6727],[7.8881,9.6679],[7.8913,9.6666],[7.899,9.6656],[7.8998,9.6631],[7.905,9.6573],[7.9052,9.6534],[7.9075,9.6502],[7.913,9.6486],[7.9176,9.6513],[7.9238,9.6469],[7.9278,9.648],[7.9338,9.6418],[7.9372,9.6422],[7.9417,9.6408],[7.9441,9.6417],[7.946,9.6366],[7.9492,9.6375],[7.9537,9.6369],[7.9576,9.6292],[7.9614,9.629],[7.963,9.6229],[7.9673,9.6224],[7.968,9.6204],[7.9747,9.6199],[7.9744,9.6168],[7.979,9.6146]]]},"properties":{"name":"KWATURU","state":"18","code":"18/08/06"}},{"type":"Feature","geometry":{"type":"Polygon","coordinates":[[[7.8083,9.9923],[7.8032,9.9885],[7.7991,9.9917],[7.7972,9.995],[7.7958,10.0004],[7.7866,10.0019],[7.7818,9.9989],[7.7787,9.9986],[7.7707,9.9955],[7.7633,9.9909],[7.7593,9.99],[7.7565,9.9865],[7.7543,9.9814],[7.7485,9.9782],[7.7455,9.9853],[7.7428,9.9891],[7.7403,9.9907],[7.739,9.9947],[7.7359,10.0121],[7.7301,10.0168],[7.7188,10.0214],[7.7126,10.0204],[7.7102,10.0209],[7.7001,10.0127],[7.6978,10.0117],[7.6936,10.0081],[7.6901,10.0006],[7.6853,10.0014],[7.6828,10.0032],[7.6778,10.0051],[7.6742,10.0081],[7.6707,10.0088],[7.6646,10.013],[7.661,10.0146],[7.6566,10.0128],[7.6555,10.0095],[7.6546,10.0017],[7.6557,9.9987],[7.6552,9.9947],[7.6498,9.9888],[7.6454,9.9875],[7.6421,9.9853],[7.6355,9.9826],[7.6345,9.9864],[7.6308,9.9861],[7.6302,9.9891],[7.6239,9.9894],[7.6206,9.9881],[7.6203,9.9819],[7.6245,9.9741],[7.6225,9.9625],[7.6347,9.953],[7.637,9.9526],[7.6465,9.945],[7.6464,9.9406],[7.6435,9.9385],[7.6433,9.9332],[7.6415,9.9312],[7.6408,9.9259],[7.6387,9.9215],[7.6365,9.9198],[7.6353,9.9105],[7.6257,9.9083],[7.6202,9.9102],[7.6178,9.9097],[7.6141,9.9055],[7.6123,9.902],[7.6093,9.8996],[7.6092,9.8958],[7.6067,9.8861],[7.6051,9.8832],[7.6086,9.8786],[7.6084,9.8755],[7.6155,9.8715],[7.6127,9.8665],[7.612,9.8592],[7.6093,9.8533],[7.612,9.8484],[7.6112,9.8449],[7.6122,9.8427],[7.6146,9.8456],[7.6182,9.8475],[7.6264,9.8504],[7.6356,9.8545],[7.64,9.854],[7.6447,9.8565],[7.6496,9.8662],[7.6563,9.8658],[7.6622,9.8597],[7.6617,9.8558],[7.6646,9.8477],[7.6648,9.8452],[7.6679,9.843],[7.6681,9.8358],[7.671,9.8342],[7.6747,9.8351],[7.6803,9.8341],[7.6821,9.8356],[7.6862,9.8346],[7.697,9.8345],[7.7012,9.8299],[7.7026,9.8249],[7.7057,9.8215],[7.7098,9.823],[7.7124,9.8214],[7.7133,9.8187],[7.717,9.8131],[7.7189,9.8078],[7.7199,9.8012],[7.7237,9.7976],[7.7266,9.7931],[7.7261,9.7892],[7.7307,9.7877],[7.7314,9.7893],[7.7298,9.794],[7.7316,9.7988],[7.7309,9.8034],[7.7328,9.8059],[7.7323,9.8145],[7.7338,9.8209],[7.7406,9.8249],[7.7418,9.8337],[7.7441,9.8366],[7.7481,9.8381],[7.7515,9.8409],[7.7563,9.8426],[7.7654,9.8446],[7.7687,9.8468],[7.7656,9.8494],[7.7645,9.8538],[7.7648,9.8576],[7.7637,9.86],[7.7604,9.8624],[7.7633,9.8752],[7.7653,9.8778],[7.7696,9.8791],[7.7749,9.8762],[7.7799,9.8747],[7.7797,9.8727],[7.7833,9.866],[7.7904,9.8636],[7.7974,9.8656],[7.8043,9.8663],[7.8055,9.8644],[7.8092,9.8655],[7.8134,9.8656],[7.8188,9.8626],[7.8219,9.8593],[7.8204,9.8476],[7.8238,9.8412],[7.8268,9.8388],[7.8291,9.84],[7.835,9.8407],[7.8376,9.8432],[7.8478,9.8451],[7.847,9.8421],[7.8484,9.8301],[7.8425,9.8215],[7.8445,9.8178],[7.8445,9.8152],[7.8355,9.8123],[7.8279,9.8073],[7.8342,9.8033],[7.8374,9.7987],[7.8373,9.7929],[7.8399,9.7877],[7.839,9.7834],[7.8401,9.7799],[7.8427,9.7774],[7.8509,9.7713],[7.8575,9.7697],[7.8645,9.7655],[7.8668,9.7659],[7.8693,9.7616],[7.8702,9.7562],[7.8692,9.7479],[7.8704,9.7417],[7.8686,9.7368],[7.8665,9.7341],[7.8654,9.7208],[7.8665,9.7086],[7.8695,9.7056],[7.8703,9.6999],[7.8732,9.7],[7.8749,9.7031],[7.8776,9.7038],[7.881,9.7015],[7.8838,9.7015],[7.892,9.6961],[7.8969,9.6976],[7.8991,9.7035],[7.8982,9.7058],[7.9002,9.7083],[7.8999,9.7131],[7.9057,9.7155],[7.9111,9.7131],[7.9169,9.7148],[7.9155,9.7177],[7.9179,9.7199],[7.9165,9.7239],[7.9172,9.726],[7.9219,9.7255],[7.9224,9.7279],[7.9208,9.7307],[7.9206,9.7341],[7.9233,9.7399],[7.9286,9.7511],[7.9266,9.7553],[7.9422,9.7551],[7.9465,9.7737],[7.938,9.7889],[7.944,9.7995],[7.9405,9.8048],[7.9502,9.8154],[7.9417,9.8222],[7.9442,9.8345],[7.9426,9.8454],[7.9417,9.8471],[7.9385,9.8535],[7.9353,9.8566],[7.9326,9.8576],[7.9244,9.8582],[7.9175,9.8614],[7.9091,9.8738],[7.9062,9.8797],[7.9024,9.885],[7.9004,9.8867],[7.8977,9.8913],[7.8953,9.8925],[7.8929,9.8898],[7.8837,9.8865],[7.8807,9.8862],[7.8698,9.8813],[7.8673,9.8834],[7.8624,9.8923],[7.8594,9.8952],[7.8568,9.9007],[7.8568,9.9066],[7.8524,9.9105],[7.8485,9.9161],[7.8448,9.919],[7.8361,9.9163],[7.8295,9.915],[7.8231,9.9179],[7.8194,9.9189],[7.8104,9.9165],[7.8055,9.9201],[7.8039,9.9227],[7.8027,9.9277],[7.7991,9.9332],[7.8004,9.9391],[7.7982,9.9417],[7.7981,9.9443],[7.795,9.9441],[7.7863,9.9508],[7.7818,9.9498],[7.7745,9.9525],[7.7721,9.952],[7.7694,9.9565],[7.7719,9.9644],[7.7781,9.9662],[7.783,9.966],[7.7854,9.9671],[7.7868,9.9637],[7.7898,9.9648],[7.7959,9.96],[7.8015,9.9587],[7.8071,9.9602],[7.811,9.9563],[7.8131,9.9565],[7.8158,9.953],[7.8224,9.9525],[7.8281,9.9537],[7.8356,9.9597],[7.8366,9.9616],[7.8401,9.9633],[7.8438,9.9619],[7.8489,9.966],[7.8445,9.9699],[7.8367,9.9781],[7.8323,9.9775],[7.8295,9.9798],[7.8264,9.9857],[7.8221,9.9869],[7.8188,9.9864],[7.8148,9.9874],[7.8115,9.987],[7.8083,9.9923]]]},"properties":{"name":"ANKWA","state":"18","code":"18/08/07"}},{"type":"Feature","geometry":{"type":"Polygon","coordinates":[[[7.5978,9.8066],[7.5961,9.8065],[7.5887,9.8095],[7.5873,9.8059],[7.5833,9.8017],[7.579,9.795],[7.5777,9.7943],[7.5743,9.774],[7.5709,9.7717],[7.5697,9.7625],[7.5667,9.7586],[7.5641,9.7507],[7.5648,9.7428],[7.5643,9.7405],[7.5599,9.7391],[7.5557,9.7355],[7.5396,9.7316],[7.536,9.7289],[7.5272,9.7289],[7.5245,9.7274],[7.5223,9.7325],[7.5126,9.7361],[7.5066,9.7369],[7.504,9.7409],[7.5006,9.7531],[7.5049,9.7589],[7.5052,9.7623],[7.5089,9.7669],[7.5096,9.7711],[7.515,9.7763],[7.5108,9.7761],[7.5084,9.7789],[7.5054,9.7745],[7.504,9.777],[7.4994,9.7781],[7.4983,9.7769],[7.4939,9.7774],[7.4925,9.7749],[7.4878,9.7771],[7.4821,9.7749],[7.4784,9.7764],[7.4772,9.774],[7.4737,9.777],[7.4725,9.781],[7.4693,9.7829],[7.4663,9.7825],[7.4666,9.7793],[7.4633,9.7737],[7.4613,9.7669],[7.4572,9.7644],[7.4511,9.7632],[7.4468,9.7633],[7.4428,9.7644],[7.4421,9.7612],[7.4433,9.7565],[7.4405,9.7549],[7.4369,9.7586],[7.433,9.7587],[7.4281,9.7573],[7.4275,9.7547],[7.4211,9.7545],[7.4197,9.7504],[7.4216,9.7482],[7.4207,9.7406],[7.4139,9.7348],[7.411,9.7337],[7.4076,9.7295],[7.4026,9.7258],[7.3968,9.724],[7.3903,9.7201],[7.3871,9.7233],[7.3846,9.7223],[7.3801,9.7227],[7.3766,9.7212],[7.3754,9.7184],[7.371,9.7166],[7.3665,9.716],[7.3576,9.7287],[7.3538,9.7296],[7.352,9.732],[7.347,9.7352],[7.3434,9.7323],[7.3386,9.7341],[7.3396,9.7297],[7.3381,9.7243],[7.3379,9.7204],[7.3396,9.7159],[7.3376,9.7099],[7.3373,9.7024],[7.3381,9.7003],[7.3375,9.6944],[7.3405,9.6832],[7.3498,9.686],[7.3537,9.688],[7.3649,9.69],[7.3684,9.6893],[7.37,9.6865],[7.3737,9.6833],[7.3808,9.6754],[7.3869,9.6772],[7.3889,9.6751],[7.3958,9.6711],[7.3977,9.6659],[7.4023,9.6646],[7.4075,9.6664],[7.4106,9.6653],[7.4169,9.6681],[7.4187,9.6679],[7.423,9.6703],[7.4266,9.671],[7.4315,9.674],[7.4357,9.6741],[7.4421,9.6677],[7.4446,9.6687],[7.4589,9.6702],[7.4622,9.6688],[7.4686,9.6704],[7.4718,9.6691],[7.48,9.6691],[7.4773,9.6637],[7.477,9.6592],[7.4751,9.6526],[7.4753,9.6506],[7.4731,9.6407],[7.4701,9.6346],[7.4707,9.6313],[7.468,9.6256],[7.4686,9.6225],[7.4717,9.6193],[7.4679,9.6156],[7.4665,9.6128],[7.4654,9.6062],[7.472,9.605],[7.4759,9.6022],[7.481,9.5995],[7.4828,9.5975],[7.4863,9.598],[7.4894,9.6009],[7.4937,9.6026],[7.4959,9.6023],[7.5055,9.5947],[7.5124,9.5955],[7.5158,9.5953],[7.5206,9.5978],[7.5247,9.5969],[7.5301,9.5944],[7.5297,9.5987],[7.5282,9.6011],[7.5284,9.6059],[7.5267,9.6092],[7.5287,9.614],[7.5328,9.6175],[7.537,9.6267],[7.5384,9.6334],[7.5385,9.6374],[7.5437,9.6465],[7.5433,9.651],[7.5402,9.6551],[7.5387,9.6598],[7.5397,9.6663],[7.5385,9.6703],[7.5386,9.6737],[7.5374,9.6818],[7.5392,9.6869],[7.5443,9.6945],[7.5498,9.7001],[7.5514,9.6974],[7.555,9.697],[7.56,9.693],[7.567,9.6921],[7.5687,9.6942],[7.5679,9.6977],[7.5687,9.7024],[7.5736,9.7122],[7.5822,9.7131],[7.5911,9.7151],[7.5926,9.7215],[7.5917,9.7254],[7.592,9.7309],[7.6013,9.7381],[7.607,9.741],[7.6092,9.7479],[7.6153,9.7576],[7.6221,9.7619],[7.6205,9.7657],[7.6219,9.7713],[7.6199,9.7746],[7.6167,9.7832],[7.6151,9.7905],[7.6089,9.7968],[7.6089,9.7982],[7.6036,9.8003],[7.5993,9.803],[7.5978,9.8066]]]},"properties":{"name":"KATARI","state":"18","code":"18/08/08"}},{"type":"Feature","geometry":{"type":"Polygon","coordinates":[[[7.222,9.7416],[7.256,9.7126],[7.2764,9.6899],[7.2979,9.6489],[7.3056,9.6277],[7.2954,9.6123],[7.294,9.6121],[7.2589,9.5891],[7.2458,9.5754],[7.2339,9.5648],[7.2455,9.5412],[7.2456,9.5389],[7.2485,9.535],[7.2514,9.521],[7.2487,9.5184],[7.2552,9.5175],[7.2665,9.5198],[7.2757,9.5227],[7.2799,9.527],[7.2872,9.5257],[7.2887,9.5292],[7.2932,9.5308],[7.2961,9.5355],[7.3003,9.5398],[7.2998,9.5419],[7.297,9.5433],[7.2893,9.5407],[7.2849,9.5425],[7.2838,9.5447],[7.2911,9.5503],[7.2944,9.5589],[7.2942,9.5623],[7.2958,9.565],[7.3001,9.5676],[7.3027,9.5728],[7.3057,9.5703],[7.3116,9.5682],[7.3135,9.5691],[7.3162,9.573],[7.3193,9.5743],[7.3251,9.5733],[7.3314,9.5692],[7.3339,9.5682],[7.3356,9.5711],[7.3332,9.575],[7.3291,9.576],[7.3353,9.5811],[7.3409,9.5828],[7.3451,9.583],[7.352,9.5802],[7.357,9.58],[7.3616,9.5787],[7.3639,9.5743],[7.367,9.5743],[7.3713,9.5789],[7.378,9.5792],[7.3787,9.5848],[7.3835,9.5889],[7.388,9.5882],[7.3899,9.5846],[7.3938,9.5811],[7.4024,9.5862],[7.4017,9.591],[7.4036,9.5932],[7.4101,9.5936],[7.4151,9.5902],[7.4177,9.59],[7.4249,9.5938],[7.4275,9.5981],[7.4311,9.6002],[7.434,9.5992],[7.4371,9.6007],[7.4468,9.604],[7.4514,9.6064],[7.4539,9.6106],[7.4554,9.6093],[7.4589,9.6102],[7.4654,9.6062],[7.4665,9.6128],[7.4679,9.6156],[7.4717,9.6193],[7.4686,9.6225],[7.468,9.6256],[7.4707,9.6313],[7.4701,9.6346],[7.4731,9.6407],[7.4753,9.6506],[7.4751,9.6526],[7.477,9.6592],[7.4773,9.6637],[7.48,9.6691],[7.4718,9.6691],[7.4686,9.6704],[7.4622,9.6688],[7.4589,9.6702],[7.4446,9.6687],[7.4421,9.6677],[7.4357,9.6741],[7.4315,9.674],[7.4266,9.671],[7.423,9.6703],[7.4187,9.6679],[7.4169,9.6681],[7.4106,9.6653],[7.4075,9.6664],[7.4023,9.6646],[7.3977,9.6659],[7.3958,9.6711],[7.3889,9.6751],[7.3869,9.6772],[7.3808,9.6754],[7.3737,9.6833],[7.37,9.6865],[7.3684,9.6893],[7.3649,9.69],[7.3537,9.688],[7.3498,9.686],[7.3405,9.6832],[7.3375,9.6944],[7.3381,9.7003],[7.3373,9.7024],[7.3376,9.7099],[7.3396,9.7159],[7.3379,9.7204],[7.3381,9.7243],[7.3396,9.7297],[7.3386,9.7341],[7.3356,9.7363],[7.339,9.7397],[7.3379,9.742],[7.3333,9.7405],[7.3334,9.7441],[7.3302,9.7444],[7.3299,9.7486],[7.3169,9.7482],[7.314,9.7462],[7.3086,9.7462],[7.3045,9.7438],[7.3036,9.7413],[7.2948,9.7386],[7.2929,9.7402],[7.2786,9.7362],[7.2637,9.7364],[7.2603,9.7346],[7.2557,9.7357],[7.2525,9.735],[7.249,9.7381],[7.2453,9.7375],[7.2416,9.7383],[7.2394,9.7372],[7.2315,9.7358],[7.2305,9.7396],[7.2275,9.7411],[7.222,9.7416]]]},"properties":{"name":"BISHINI","state":"18","code":"18/08/09"}},{"type":"Feature","geometry":{"type":"Polygon","coordinates":[[[7.8485,9.9161],[7.8524,9.9105],[7.8568,9.9066],[7.8568,9.9007],[7.8594,9.8952],[7.8624,9.8923],[7.8673,9.8834],[7.8698,9.8813],[7.8807,9.8862],[7.8837,9.8865],[7.8929,9.8898],[7.8953,9.8925],[7.8977,9.8913],[7.9004,9.8867],[7.9024,9.885],[7.9062,9.8797],[7.9091,9.8738],[7.9175,9.8614],[7.9244,9.8582],[7.9326,9.8576],[7.9353,9.8566],[7.9385,9.8535],[7.9417,9.8471],[7.9444,9.8496],[7.9497,9.847],[7.9517,9.848],[7.9488,9.8521],[7.9537,9.8554],[7.9539,9.8605],[7.958,9.8627],[7.957,9.8676],[7.9601,9.868],[7.9598,9.8708],[7.9621,9.8722],[7.9648,9.8717],[7.9689,9.8796],[7.9686,9.8819],[7.9667,9.8837],[7.9675,9.8883],[7.9718,9.895],[7.9716,9.8974],[7.9693,9.8999],[7.9713,9.9024],[7.9742,9.9035],[7.9775,9.9018],[7.979,9.9036],[7.985,9.906],[7.9878,9.9051],[7.9882,9.9092],[7.9864,9.9129],[7.9863,9.9225],[7.987,9.9247],[7.9834,9.9271],[7.9785,9.929],[7.9753,9.9323],[7.972,9.9299],[7.9685,9.9294],[7.9658,9.9318],[7.9625,9.9329],[7.959,9.9286],[7.9569,9.9225],[7.951,9.9223],[7.9422,9.9208],[7.9399,9.9197],[7.9342,9.9145],[7.9323,9.9145],[7.925,9.9197],[7.9194,9.9208],[7.916,9.9232],[7.9108,9.9245],[7.9017,9.9297],[7.8967,9.9289],[7.894,9.9314],[7.8882,9.9336],[7.8824,9.931],[7.877,9.9328],[7.8691,9.9282],[7.8622,9.9202],[7.8613,9.9178],[7.8578,9.9194],[7.8555,9.9171],[7.8514,9.9151],[7.8485,9.9161]]]},"properties":{"name":"KACHIA URBAN","state":"18","code":"18/08/10"}},{"type":"Feature","geometry":{"type":"Polygon","coordinates":[[[8.0449,9.6866],[8.0425,9.6802],[8.046,9.6741],[8.0459,9.6689],[8.045,9.6659],[8.0405,9.6676],[8.0352,9.6654],[8.0297,9.6673],[8.0263,9.6729],[8.0221,9.6703],[8.0135,9.6675],[8.0103,9.6633],[8.0097,9.6588],[8.0114,9.6529],[8.009,9.6506],[8.0097,9.6452],[8.0064,9.6393],[8.0063,9.637],[7.9994,9.6362],[7.9998,9.6329],[8.0037,9.6264],[8.0092,9.6261],[8.0075,9.6189],[8.0149,9.6208],[8.018,9.6199],[8.0197,9.617],[8.0247,9.6148],[8.027,9.6103],[8.0349,9.6159],[8.0391,9.6152],[8.0439,9.6165],[8.048,9.6156],[8.051,9.6168],[8.0595,9.6135],[8.062,9.6169],[8.0624,9.6201],[8.0572,9.6227],[8.0581,9.6282],[8.0611,9.6305],[8.0706,9.6323],[8.0738,9.6308],[8.0756,9.6268],[8.0808,9.6251],[8.0836,9.6268],[8.0841,9.631],[8.0873,9.634],[8.088,9.6388],[8.084,9.6439],[8.091,9.6452],[8.0979,9.651],[8.1072,9.6531],[8.1121,9.659],[8.1187,9.6574],[8.1219,9.6577],[8.1214,9.6616],[8.1232,9.6656],[8.1259,9.6682],[8.1299,9.6739],[8.1281,9.6758],[8.1207,9.6784],[8.1187,9.6815],[8.1155,9.6829],[8.1155,9.6852],[8.1111,9.6933],[8.1108,9.6995],[8.1065,9.7046],[8.1051,9.7092],[8.1032,9.7089],[8.1017,9.7047],[8.0944,9.6991],[8.0938,9.698],[8.0887,9.6969],[8.0876,9.6947],[8.0772,9.6875],[8.0763,9.6855],[8.071,9.682],[8.0655,9.6808],[8.0618,9.6827],[8.0533,9.6857],[8.0506,9.6854],[8.0486,9.6873],[8.0449,9.6866]]]},"properties":{"name":"SABON SARKI","state":"18","code":"18/08/11"}},{"type":"Feature","geometry":{"type":"Polygon","coordinates":[[[8.1133,9.6285],[8.1164,9.6303],[8.1166,9.634],[8.119,9.6371],[8.1217,9.638],[8.123,9.6403],[8.1257,9.6403],[8.1282,9.6432],[8.1305,9.6425],[8.134,9.6439],[8.1394,9.6482],[8.1377,9.6521],[8.1381,9.6585],[8.1402,9.6596],[8.1401,9.6637],[8.1415,9.6674],[8.1416,9.671],[8.1299,9.6739],[8.1259,9.6682],[8.1232,9.6656],[8.1214,9.6616],[8.1219,9.6577],[8.1187,9.6574],[8.1121,9.659],[8.1072,9.6531],[8.0979,9.651],[8.091,9.6452],[8.084,9.6439],[8.088,9.6388],[8.0873,9.634],[8.0841,9.631],[8.0836,9.6268],[8.0808,9.6251],[8.0756,9.6268],[8.0738,9.6308],[8.0706,9.6323],[8.0611,9.6305],[8.0581,9.6282],[8.0572,9.6227],[8.0624,9.6201],[8.062,9.6169],[8.0595,9.6135],[8.051,9.6168],[8.048,9.6156],[8.0439,9.6165],[8.0391,9.6152],[8.0349,9.6159],[8.027,9.6103],[8.0247,9.6148],[8.0197,9.617],[8.018,9.6199],[8.0149,9.6208],[8.0075,9.6189],[8.0092,9.6261],[8.0037,9.6264],[7.9998,9.6329],[7.9994,9.6362],[7.9971,9.6371],[7.9936,9.6331],[7.9926,9.6261],[7.9869,9.622],[7.9828,9.6204],[7.979,9.6146],[7.9817,9.6129],[7.9821,9.6088],[7.9849,9.603],[7.9838,9.5991],[7.9846,9.5945],[7.9876,9.5925],[7.99,9.5886],[7.9918,9.5883],[7.9942,9.5922],[7.9985,9.5922],[8.0019,9.5863],[8.002,9.5814],[8.0065,9.5776],[8.0083,9.5753],[8.0125,9.5725],[8.0129,9.5694],[8.0165,9.5698],[8.0203,9.5698],[8.0228,9.5732],[8.0293,9.5718],[8.0323,9.5742],[8.0367,9.5744],[8.0431,9.5758],[8.0459,9.5776],[8.057,9.579],[8.0618,9.5805],[8.0646,9.5792],[8.0758,9.5811],[8.0779,9.5853],[8.0808,9.5849],[8.0846,9.5874],[8.0868,9.5923],[8.0875,9.5991],[8.0886,9.6023],[8.0908,9.6023],[8.0942,9.6104],[8.0941,9.6154],[8.0951,9.6197],[8.0992,9.6222],[8.1061,9.6223],[8.1095,9.6259],[8.1133,9.6285]]]},"properties":{"name":"KURMIN MUSA","state":"18","code":"18/08/12"}},{"type":"Feature","geometry":{"type":"Polygon","coordinates":[[[7.4368,10.525],[7.4342,10.5246],[7.4323,10.5263],[7.4326,10.5299],[7.4294,10.5304],[7.4306,10.5134],[7.4307,10.5126],[7.4368,10.5132],[7.4342,10.5187],[7.4381,10.5197],[7.4368,10.525]]]},"properties":{"name":"SHABA","state":"18","code":"18/09/01"}},{"type":"Feature","geometry":{"type":"Polygon","coordinates":[[[7.4307,10.5126],[7.4305,10.5104],[7.4251,10.5013],[7.4217,10.4989],[7.4248,10.4934],[7.4316,10.4949],[7.4348,10.4984],[7.4348,10.5028],[7.4362,10.5064],[7.4368,10.5132],[7.4307,10.5126]]]},"properties":{"name":"GAJI","state":"18","code":"18/09/02"}},{"type":"Feature","geometry":{"type":"Polygon","coordinates":[[[7.4306,10.5134],[7.429,10.5125],[7.4216,10.5118],[7.4192,10.5099],[7.4181,10.5023],[7.4217,10.4989],[7.4251,10.5013],[7.4305,10.5104],[7.4307,10.5126],[7.4306,10.5134]]]},"properties":{"name":"UNGUWAN LIMAN","state":"18","code":"18/09/03"}},{"type":"Feature","geometry":{"type":"Polygon","coordinates":[[[7.4294,10.5304],[7.4268,10.5301],[7.4268,10.5246],[7.4216,10.5118],[7.429,10.5125],[7.4306,10.5134],[7.4294,10.5304]]]},"properties":{"name":"MAIBURJI","state":"18","code":"18/09/04"}},{"type":"Feature","geometry":{"type":"Polygon","coordinates":[[[7.4463,10.4901],[7.4507,10.495],[7.4578,10.5001],[7.4645,10.5105],[7.4676,10.5172],[7.4686,10.5214],[7.4639,10.5183],[7.4586,10.5209],[7.4557,10.5211],[7.4516,10.523],[7.4497,10.5219],[7.4381,10.5197],[7.4342,10.5187],[7.4368,10.5132],[7.4362,10.5064],[7.4348,10.5028],[7.4348,10.4984],[7.4316,10.4949],[7.4336,10.495],[7.4379,10.4919],[7.4397,10.4867],[7.443,10.4898],[7.4463,10.4901]]]},"properties":{"name":"KABALA COSTAIN/ DOKI","state":"18","code":"18/09/05"}},{"type":"Feature","geometry":{"type":"Polygon","coordinates":[[[7.4753,10.5397],[7.4749,10.5434],[7.4726,10.5447],[7.4705,10.5433],[7.4685,10.5464],[7.4643,10.5475],[7.4639,10.5435],[7.4578,10.5439],[7.4532,10.5454],[7.4528,10.5415],[7.4561,10.5413],[7.4561,10.5389],[7.4522,10.5375],[7.4516,10.5344],[7.4371,10.5296],[7.4368,10.525],[7.4381,10.5197],[7.4497,10.5219],[7.4516,10.523],[7.4557,10.5211],[7.4586,10.5209],[7.4639,10.5183],[7.4686,10.5214],[7.4709,10.5243],[7.4713,10.5269],[7.4753,10.5367],[7.4753,10.5397]]]},"properties":{"name":"GABASAWA","state":"18","code":"18/09/06"}},{"type":"Feature","geometry":{"type":"Polygon","coordinates":[[[7.4813,10.5436],[7.4743,10.5493],[7.4746,10.5531],[7.472,10.5532],[7.4661,10.5501],[7.4605,10.5505],[7.4508,10.5536],[7.445,10.5539],[7.4451,10.5517],[7.4436,10.549],[7.4368,10.5435],[7.4323,10.5418],[7.4294,10.5385],[7.4291,10.5334],[7.4294,10.5304],[7.4326,10.5299],[7.4323,10.5263],[7.4342,10.5246],[7.4368,10.525],[7.4371,10.5296],[7.4516,10.5344],[7.4522,10.5375],[7.4561,10.5389],[7.4561,10.5413],[7.4528,10.5415],[7.4532,10.5454],[7.4578,10.5439],[7.4639,10.5435],[7.4643,10.5475],[7.4685,10.5464],[7.4705,10.5433],[7.4726,10.5447],[7.4749,10.5434],[7.4753,10.5397],[7.4786,10.5404],[7.4813,10.5436]]]},"properties":{"name":"UNGUWAN SARKI","state":"18","code":"18/09/07"}},{"type":"Feature","geometry":{"type":"Polygon","coordinates":[[[7.4852,10.5657],[7.4832,10.5672],[7.4755,10.5675],[7.4732,10.5702],[7.4686,10.5714],[7.464,10.57],[7.4574,10.5656],[7.4534,10.5646],[7.4509,10.5614],[7.4437,10.5615],[7.445,10.5539],[7.4508,10.5536],[7.4605,10.5505],[7.4661,10.5501],[7.472,10.5532],[7.4746,10.5531],[7.4743,10.5493],[7.4813,10.5436],[7.4823,10.5448],[7.4833,10.549],[7.4858,10.5537],[7.4874,10.5613],[7.4852,10.5657]]]},"properties":{"name":"BADARAWA","state":"18","code":"18/09/08"}},{"type":"Feature","geometry":{"type":"Polygon","coordinates":[[[7.4686,10.5714],[7.4624,10.5745],[7.4551,10.5766],[7.4512,10.5749],[7.4438,10.5762],[7.4426,10.5706],[7.4437,10.5615],[7.4509,10.5614],[7.4534,10.5646],[7.4574,10.5656],[7.464,10.57],[7.4686,10.5714]]]},"properties":{"name":"UNGUWAN DOSA","state":"18","code":"18/09/09"}},{"type":"Feature","geometry":{"type":"Polygon","coordinates":[[[7.4524,10.5995],[7.4481,10.5987],[7.4426,10.5919],[7.4436,10.5887],[7.4421,10.5858],[7.4438,10.5762],[7.4512,10.5749],[7.4551,10.5766],[7.4624,10.5745],[7.4686,10.5714],[7.4732,10.5702],[7.4719,10.5719],[7.4711,10.5763],[7.4722,10.5798],[7.4795,10.5855],[7.4762,10.5866],[7.4717,10.5922],[7.464,10.5914],[7.4638,10.5935],[7.4611,10.5996],[7.4576,10.5985],[7.455,10.6011],[7.4524,10.5995]]]},"properties":{"name":"KAWO","state":"18","code":"18/09/10"}},{"type":"Feature","geometry":{"type":"Polygon","coordinates":[[[7.4285,10.6302],[7.4269,10.6303],[7.4231,10.6271],[7.4235,10.6229],[7.4218,10.6148],[7.4237,10.6059],[7.4218,10.6016],[7.4207,10.5965],[7.4171,10.5912],[7.4152,10.5846],[7.4126,10.5797],[7.4131,10.5756],[7.4146,10.5732],[7.4144,10.5705],[7.4175,10.5684],[7.4155,10.5607],[7.4223,10.5544],[7.4291,10.5511],[7.4358,10.5511],[7.4396,10.5523],[7.4451,10.5517],[7.445,10.5539],[7.4437,10.5615],[7.4426,10.5706],[7.4438,10.5762],[7.4421,10.5858],[7.4436,10.5887],[7.4426,10.5919],[7.4481,10.5987],[7.4524,10.5995],[7.4526,10.6018],[7.4505,10.6109],[7.4512,10.613],[7.4481,10.6172],[7.4448,10.6203],[7.4413,10.6183],[7.4389,10.619],[7.4319,10.6238],[7.4297,10.6264],[7.4285,10.6302]]]},"properties":{"name":"HAYIN BANKI","state":"18","code":"18/09/11"}},{"type":"Feature","geometry":{"type":"Polygon","coordinates":[[[7.4451,10.5517],[7.4396,10.5523],[7.4358,10.5511],[7.4291,10.5511],[7.4284,10.549],[7.4232,10.5488],[7.4187,10.5473],[7.4197,10.5423],[7.4224,10.5414],[7.4236,10.5348],[7.4291,10.5334],[7.4294,10.5385],[7.4323,10.5418],[7.4368,10.5435],[7.4436,10.549],[7.4451,10.5517]]]},"properties":{"name":"UNGUWAN SHANU","state":"18","code":"18/09/12"}},{"type":"Feature","geometry":{"type":"Polygon","coordinates":[[[7.3985,10.4675],[7.3982,10.4631],[7.402,10.4637],[7.4046,10.4663],[7.4108,10.4684],[7.4113,10.4666],[7.4161,10.4686],[7.416,10.4777],[7.4192,10.478],[7.4191,10.4823],[7.4189,10.4956],[7.4217,10.4989],[7.4181,10.5023],[7.4153,10.5033],[7.4117,10.5018],[7.412,10.4986],[7.4109,10.4905],[7.4081,10.4869],[7.3986,10.4839],[7.4002,10.4801],[7.4034,10.476],[7.4048,10.4726],[7.402,10.4713],[7.3985,10.4675]]]},"properties":{"name":"MAKERA","state":"18","code":"18/10/01"}},{"type":"Feature","geometry":{"type":"Polygon","coordinates":[[[7.4397,10.4867],[7.4379,10.4919],[7.4336,10.495],[7.4316,10.4949],[7.4248,10.4934],[7.4217,10.4989],[7.4189,10.4956],[7.4191,10.4823],[7.4225,10.4804],[7.4241,10.4742],[7.4203,10.4642],[7.4235,10.4604],[7.4238,10.4566],[7.4252,10.455],[7.4355,10.4526],[7.4374,10.4522],[7.4341,10.4567],[7.4378,10.4619],[7.4394,10.4621],[7.4405,10.4671],[7.4402,10.4706],[7.4417,10.4811],[7.4397,10.4867]]]},"properties":{"name":"BARNAWA","state":"18","code":"18/10/02"}},{"type":"Feature","geometry":{"type":"Polygon","coordinates":[[[7.4037,10.4433],[7.4089,10.4434],[7.4177,10.4445],[7.4192,10.4483],[7.4218,10.4506],[7.4238,10.4566],[7.4181,10.456],[7.4162,10.4621],[7.4073,10.4634],[7.4067,10.4608],[7.4035,10.4573],[7.4015,10.4587],[7.3979,10.4568],[7.3982,10.4491],[7.3964,10.4479],[7.4001,10.4444],[7.4037,10.4433]]]},"properties":{"name":"KAKURI GWARI","state":"18","code":"18/10/03"}},{"type":"Feature","geometry":{"type":"Polygon","coordinates":[[[7.4089,10.4351],[7.4139,10.4368],[7.4169,10.4399],[7.4192,10.4445],[7.4323,10.4442],[7.4347,10.4522],[7.4355,10.4526],[7.4252,10.455],[7.4238,10.4566],[7.4218,10.4506],[7.4192,10.4483],[7.4177,10.4445],[7.4089,10.4434],[7.4037,10.4433],[7.4055,10.4381],[7.4048,10.4354],[7.4089,10.4351]]]},"properties":{"name":"TELEVISION","state":"18","code":"18/10/04"}},{"type":"Feature","geometry":{"type":"Polygon","coordinates":[[[7.4015,10.4587],[7.4035,10.4573],[7.4067,10.4608],[7.4073,10.4634],[7.4162,10.4621],[7.4181,10.456],[7.4238,10.4566],[7.4235,10.4604],[7.4203,10.4642],[7.4241,10.4742],[7.4225,10.4804],[7.4191,10.4823],[7.4192,10.478],[7.416,10.4777],[7.4161,10.4686],[7.4113,10.4666],[7.4108,10.4684],[7.4046,10.4663],[7.402,10.4637],[7.4006,10.4612],[7.4015,10.4587]]]},"properties":{"name":"KAKURI HAUSA","state":"18","code":"18/10/05"}},{"type":"Feature","geometry":{"type":"Polygon","coordinates":[[[7.4188,10.51],[7.4132,10.5152],[7.4123,10.5178],[7.4077,10.5149],[7.4093,10.5128],[7.4154,10.51],[7.4188,10.51]]]},"properties":{"name":"TUDUN WADA NORTH","state":"18","code":"18/10/06"}},{"type":"Feature","geometry":{"type":"Polygon","coordinates":[[[7.3986,10.4839],[7.4081,10.4869],[7.4109,10.4905],[7.412,10.4986],[7.4117,10.5018],[7.4153,10.5033],[7.4181,10.5023],[7.4192,10.5099],[7.4188,10.51],[7.4154,10.51],[7.4093,10.5128],[7.4086,10.5086],[7.4046,10.5074],[7.4051,10.5044],[7.3972,10.503],[7.3956,10.4909],[7.3933,10.4813],[7.3986,10.4839]]]},"properties":{"name":"TUDUN WADA SOUTH","state":"18","code":"18/10/07"}},{"type":"Feature","geometry":{"type":"Polygon","coordinates":[[[7.3933,10.4813],[7.3956,10.4909],[7.3972,10.503],[7.3978,10.51],[7.3936,10.5115],[7.3844,10.5028],[7.3823,10.498],[7.3803,10.4958],[7.378,10.4895],[7.3845,10.4868],[7.3879,10.4808],[7.3933,10.4813]]]},"properties":{"name":"TUDUN WADA WEST","state":"18","code":"18/10/08"}},{"type":"Feature","geometry":{"type":"Polygon","coordinates":[[[7.4216,10.5118],[7.4268,10.5246],[7.4268,10.5301],[7.4294,10.5304],[7.4291,10.5334],[7.4236,10.5348],[7.4214,10.5315],[7.4219,10.5296],[7.4198,10.5245],[7.4186,10.5224],[7.4116,10.5199],[7.4123,10.5178],[7.4132,10.5152],[7.4188,10.51],[7.4192,10.5099],[7.4216,10.5118]]]},"properties":{"name":"TUDUN NUWAPA","state":"18","code":"18/10/09"}},{"type":"Feature","geometry":{"type":"Polygon","coordinates":[[[7.4123,10.5178],[7.4116,10.5199],[7.4091,10.5252],[7.404,10.5249],[7.3991,10.5232],[7.3988,10.5204],[7.4017,10.5197],[7.4021,10.5144],[7.4077,10.5149],[7.4123,10.5178]]]},"properties":{"name":"SABON GARI SOUTH","state":"18","code":"18/10/10"}},{"type":"Feature","geometry":{"type":"Polygon","coordinates":[[[7.3936,10.5115],[7.3978,10.51],[7.3972,10.503],[7.4051,10.5044],[7.4046,10.5074],[7.4086,10.5086],[7.4093,10.5128],[7.4077,10.5149],[7.4021,10.5144],[7.4017,10.5197],[7.3988,10.5204],[7.3991,10.5232],[7.3962,10.5241],[7.3943,10.5195],[7.3952,10.5169],[7.3936,10.5115]]]},"properties":{"name":"SABON GARI NORTH","state":"18","code":"18/10/11"}},{"type":"Feature","geometry":{"type":"Polygon","coordinates":[[[7.3962,10.5241],[7.3991,10.5232],[7.404,10.5249],[7.4091,10.5252],[7.4116,10.5199],[7.4186,10.5224],[7.4198,10.5245],[7.4145,10.5254],[7.4141,10.531],[7.4107,10.5318],[7.4077,10.531],[7.4036,10.5347],[7.399,10.533],[7.3973,10.5303],[7.3962,10.5241]]]},"properties":{"name":"UNG. SANUSI","state":"18","code":"18/10/12"}},{"type":"Feature","geometry":{"type":"Polygon","coordinates":[[[7.4036,10.5347],[7.4077,10.531],[7.4107,10.5318],[7.4141,10.531],[7.4145,10.5254],[7.4198,10.5245],[7.4219,10.5296],[7.4214,10.5315],[7.4236,10.5348],[7.4224,10.5414],[7.4197,10.5423],[7.4187,10.5473],[7.4232,10.5488],[7.4284,10.549],[7.4291,10.5511],[7.4223,10.5544],[7.4155,10.5607],[7.4175,10.5684],[7.4144,10.5705],[7.4143,10.5663],[7.4118,10.5637],[7.4102,10.5574],[7.4076,10.5535],[7.4068,10.55],[7.4081,10.5453],[7.4071,10.5445],[7.4062,10.5384],[7.4036,10.5347]]]},"properties":{"name":"BADIKO","state":"18","code":"18/10/13"}},{"type":"Feature","geometry":{"type":"Polygon","coordinates":[[[7.7104,9.5982],[7.7071,9.5959],[7.7051,9.5896],[7.7017,9.5835],[7.6976,9.5723],[7.6979,9.5702],[7.6965,9.5642],[7.6958,9.5554],[7.6946,9.5517],[7.6964,9.5499],[7.6961,9.5414],[7.6904,9.5409],[7.6885,9.5398],[7.6883,9.5316],[7.6905,9.5312],[7.6926,9.5284],[7.6923,9.5255],[7.6938,9.5225],[7.6966,9.5225],[7.7032,9.5261],[7.7047,9.5258],[7.7077,9.5192],[7.7135,9.5126],[7.7135,9.5093],[7.709,9.5013],[7.7067,9.5002],[7.7011,9.5028],[7.698,9.4909],[7.6994,9.4907],[7.699,9.4847],[7.7001,9.4823],[7.7049,9.4824],[7.7175,9.4858],[7.7227,9.4833],[7.7279,9.4791],[7.7307,9.4785],[7.7353,9.4752],[7.7358,9.4712],[7.7397,9.4704],[7.749,9.4719],[7.7513,9.4745],[7.7507,9.4796],[7.748,9.484],[7.7455,9.4847],[7.7468,9.4924],[7.7468,9.497],[7.748,9.5021],[7.7508,9.5034],[7.7541,9.5032],[7.762,9.5065],[7.7623,9.513],[7.7594,9.5192],[7.7564,9.5227],[7.7545,9.5268],[7.7475,9.5223],[7.7401,9.5229],[7.7379,9.5261],[7.7374,9.5293],[7.7351,9.5324],[7.7353,9.5367],[7.7334,9.5442],[7.7372,9.5448],[7.7422,9.5485],[7.746,9.555],[7.744,9.5596],[7.7439,9.5634],[7.7413,9.5718],[7.7439,9.5738],[7.7471,9.5743],[7.7444,9.578],[7.7395,9.5753],[7.7341,9.5761],[7.7337,9.5825],[7.7296,9.5923],[7.7246,9.6],[7.721,9.6015],[7.7137,9.5961],[7.7104,9.5982]]]},"properties":{"name":"KAGARKO NORTH","state":"18","code":"18/11/01"}},{"type":"Feature","geometry":{"type":"Polygon","coordinates":[[[7.5562,9.5801],[7.5555,9.5764],[7.5523,9.5716],[7.5502,9.5658],[7.547,9.5629],[7.5481,9.5564],[7.5514,9.5523],[7.5557,9.5488],[7.5598,9.5443],[7.5537,9.5372],[7.5513,9.5358],[7.5473,9.528],[7.553,9.5244],[7.5568,9.5229],[7.5637,9.515],[7.5651,9.5082],[7.5636,9.5059],[7.5615,9.4984],[7.5572,9.497],[7.5505,9.4959],[7.5503,9.491],[7.549,9.4898],[7.548,9.483],[7.5466,9.4776],[7.5422,9.475],[7.5357,9.4721],[7.5305,9.4674],[7.5274,9.4624],[7.5261,9.4575],[7.5216,9.4559],[7.5147,9.4591],[7.5125,9.4547],[7.5122,9.4498],[7.5096,9.4466],[7.5144,9.442],[7.5149,9.4405],[7.5102,9.436],[7.509,9.4301],[7.5099,9.4266],[7.5096,9.4215],[7.5066,9.4167],[7.508,9.4131],[7.5145,9.405],[7.5176,9.3981],[7.5163,9.3918],[7.5183,9.3832],[7.5174,9.381],[7.5186,9.374],[7.5228,9.3692],[7.5421,9.3874],[7.6141,9.4061],[7.647,9.4087],[7.6675,9.4014],[7.6683,9.3972],[7.6697,9.3981],[7.6761,9.4076],[7.6781,9.409],[7.6784,9.414],[7.6863,9.4169],[7.6924,9.424],[7.6853,9.4265],[7.677,9.4254],[7.6751,9.4283],[7.6749,9.4325],[7.6731,9.4382],[7.6636,9.4394],[7.6593,9.446],[7.6546,9.4502],[7.6565,9.457],[7.6597,9.459],[7.6601,9.4634],[7.6663,9.4701],[7.6681,9.4712],[7.6748,9.4659],[7.6773,9.4645],[7.679,9.4609],[7.6816,9.4582],[7.6854,9.4591],[7.6886,9.4582],[7.6914,9.461],[7.6956,9.4624],[7.7038,9.4674],[7.7047,9.4705],[7.7086,9.4709],[7.7257,9.4675],[7.7345,9.467],[7.7358,9.4712],[7.7353,9.4752],[7.7307,9.4785],[7.7279,9.4791],[7.7227,9.4833],[7.7175,9.4858],[7.7049,9.4824],[7.7001,9.4823],[7.699,9.4847],[7.6994,9.4907],[7.698,9.4909],[7.7011,9.5028],[7.7067,9.5002],[7.709,9.5013],[7.7135,9.5093],[7.7135,9.5126],[7.7077,9.5192],[7.7047,9.5258],[7.7032,9.5261],[7.6966,9.5225],[7.6938,9.5225],[7.6923,9.5255],[7.6926,9.5284],[7.6905,9.5312],[7.6883,9.5316],[7.6885,9.5398],[7.6904,9.5409],[7.6961,9.5414],[7.6964,9.5499],[7.6946,9.5517],[7.6958,9.5554],[7.6965,9.5642],[7.6979,9.5702],[7.6976,9.5723],[7.7017,9.5835],[7.7051,9.5896],[7.7071,9.5959],[7.7104,9.5982],[7.7068,9.5992],[7.7038,9.6103],[7.7016,9.6142],[7.6951,9.6154],[7.6931,9.6128],[7.6883,9.6184],[7.6814,9.6185],[7.6797,9.6242],[7.68,9.628],[7.6761,9.6311],[7.6747,9.6344],[7.6685,9.6353],[7.6645,9.6406],[7.6651,9.6435],[7.6634,9.6462],[7.659,9.6446],[7.6538,9.6407],[7.649,9.638],[7.6469,9.6353],[7.6446,9.635],[7.6377,9.627],[7.6336,9.6229],[7.6351,9.616],[7.6331,9.6148],[7.6275,9.6188],[7.6184,9.6244],[7.6137,9.6257],[7.6101,9.6277],[7.6023,9.6277],[7.5924,9.6208],[7.5877,9.6156],[7.5887,9.6071],[7.5855,9.6032],[7.5865,9.5978],[7.5861,9.5934],[7.5893,9.5885],[7.5936,9.5845],[7.5925,9.5788],[7.5923,9.5723],[7.5902,9.5719],[7.5895,9.576],[7.5853,9.5789],[7.5811,9.5831],[7.5792,9.5816],[7.5729,9.5827],[7.5728,9.5787],[7.5696,9.5774],[7.5639,9.5796],[7.5562,9.5801]]]},"properties":{"name":"KAGARKO SOUTH","state":"18","code":"18/11/02"}},{"type":"Feature","geometry":{"type":"Polygon","coordinates":[[[7.7358,9.4712],[7.7345,9.467],[7.7257,9.4675],[7.7086,9.4709],[7.7047,9.4705],[7.7038,9.4674],[7.6956,9.4624],[7.6914,9.461],[7.6886,9.4582],[7.6854,9.4591],[7.6816,9.4582],[7.679,9.4609],[7.6773,9.4645],[7.6748,9.4659],[7.6681,9.4712],[7.6663,9.4701],[7.6601,9.4634],[7.6597,9.459],[7.6565,9.457],[7.6546,9.4502],[7.6593,9.446],[7.6636,9.4394],[7.6731,9.4382],[7.6749,9.4325],[7.6751,9.4283],[7.677,9.4254],[7.6853,9.4265],[7.6924,9.424],[7.6863,9.4169],[7.6784,9.414],[7.6781,9.409],[7.6761,9.4076],[7.6697,9.3981],[7.6683,9.3972],[7.6707,9.3839],[7.6787,9.3684],[7.693,9.3494],[7.7193,9.3318],[7.7237,9.3367],[7.7409,9.3335],[7.7462,9.3291],[7.7553,9.3327],[7.7591,9.3313],[7.7609,9.3373],[7.7573,9.3399],[7.7595,9.3433],[7.7563,9.3485],[7.7587,9.3534],[7.7631,9.3519],[7.7661,9.3614],[7.7641,9.3641],[7.7648,9.3683],[7.7624,9.3692],[7.7627,9.3748],[7.7645,9.3793],[7.765,9.3832],[7.7683,9.3836],[7.7695,9.3858],[7.7736,9.3857],[7.7776,9.3898],[7.7837,9.394],[7.7847,9.4009],[7.785,9.4047],[7.7813,9.4144],[7.7795,9.4167],[7.78,9.4214],[7.7778,9.4247],[7.78,9.4279],[7.7809,9.4336],[7.7825,9.4356],[7.784,9.4402],[7.796,9.442],[7.7994,9.4473],[7.7994,9.4497],[7.7961,9.451],[7.7984,9.4535],[7.8071,9.4594],[7.8052,9.4637],[7.7995,9.4676],[7.7991,9.4741],[7.8011,9.4751],[7.8009,9.4792],[7.804,9.481],[7.8074,9.4799],[7.8084,9.4821],[7.815,9.4844],[7.8199,9.4884],[7.822,9.4882],[7.827,9.4903],[7.8267,9.4989],[7.8302,9.505],[7.8284,9.51],[7.8279,9.5152],[7.8304,9.5198],[7.8284,9.5221],[7.8303,9.5298],[7.836,9.5365],[7.8375,9.5396],[7.8395,9.5403],[7.8441,9.5457],[7.8457,9.5496],[7.8452,9.5518],[7.8486,9.556],[7.8446,9.57],[7.8416,9.5719],[7.841,9.575],[7.8372,9.5765],[7.8318,9.5798],[7.8265,9.5817],[7.8224,9.5856],[7.8168,9.5829],[7.8111,9.5778],[7.8077,9.5782],[7.8061,9.5767],[7.8001,9.577],[7.7954,9.5783],[7.7896,9.5787],[7.7847,9.5825],[7.7816,9.58],[7.7779,9.5786],[7.773,9.5781],[7.7584,9.5789],[7.7506,9.5763],[7.7471,9.5743],[7.7439,9.5738],[7.7413,9.5718],[7.7439,9.5634],[7.744,9.5596],[7.746,9.555],[7.7422,9.5485],[7.7372,9.5448],[7.7334,9.5442],[7.7353,9.5367],[7.7351,9.5324],[7.7374,9.5293],[7.7379,9.5261],[7.7401,9.5229],[7.7475,9.5223],[7.7545,9.5268],[7.7564,9.5227],[7.7594,9.5192],[7.7623,9.513],[7.762,9.5065],[7.7541,9.5032],[7.7508,9.5034],[7.748,9.5021],[7.7468,9.497],[7.7468,9.4924],[7.7455,9.4847],[7.748,9.484],[7.7507,9.4796],[7.7513,9.4745],[7.749,9.4719],[7.7397,9.4704],[7.7358,9.4712]]]},"properties":{"name":"KUSHE","state":"18","code":"18/11/03"}},{"type":"Feature","geometry":{"type":"Polygon","coordinates":[[[7.5301,9.5944],[7.5247,9.5969],[7.5206,9.5978],[7.5158,9.5953],[7.5124,9.5955],[7.5055,9.5947],[7.4959,9.6023],[7.4937,9.6026],[7.4894,9.6009],[7.4863,9.598],[7.4828,9.5975],[7.481,9.5995],[7.4759,9.6022],[7.4723,9.6011],[7.4724,9.596],[7.4703,9.5909],[7.4637,9.5914],[7.4565,9.589],[7.4531,9.5905],[7.4481,9.5908],[7.4463,9.592],[7.4406,9.5926],[7.4356,9.5905],[7.434,9.5877],[7.4345,9.5838],[7.4331,9.5797],[7.4349,9.577],[7.4355,9.5672],[7.433,9.5628],[7.4279,9.5627],[7.4237,9.565],[7.4181,9.5353],[7.417,9.5313],[7.4114,9.5208],[7.4072,9.5192],[7.4022,9.513],[7.3966,9.5116],[7.3931,9.5089],[7.3886,9.5082],[7.3857,9.5055],[7.3838,9.5021],[7.3809,9.5023],[7.3767,9.5001],[7.3727,9.4969],[7.3709,9.4937],[7.3659,9.4953],[7.359,9.4956],[7.356,9.494],[7.3516,9.4935],[7.3491,9.492],[7.3455,9.4949],[7.3401,9.4913],[7.337,9.4872],[7.3354,9.4774],[7.3416,9.4726],[7.3428,9.4657],[7.3427,9.4603],[7.3502,9.4572],[7.3533,9.454],[7.3543,9.4471],[7.356,9.442],[7.3589,9.4444],[7.3654,9.4461],[7.3666,9.4476],[7.3714,9.449],[7.3763,9.4413],[7.3793,9.4393],[7.3875,9.4395],[7.3888,9.4377],[7.399,9.4309],[7.4043,9.4313],[7.411,9.4357],[7.421,9.437],[7.4233,9.4382],[7.4276,9.4362],[7.437,9.4375],[7.4379,9.4347],[7.4447,9.431],[7.4456,9.4297],[7.4497,9.4311],[7.4552,9.4295],[7.4585,9.4313],[7.4595,9.4344],[7.4637,9.4345],[7.4677,9.4358],[7.4696,9.4399],[7.4726,9.4397],[7.4767,9.4441],[7.4813,9.4438],[7.4864,9.4449],[7.4908,9.4489],[7.494,9.4453],[7.5049,9.4435],[7.5096,9.4466],[7.5122,9.4498],[7.5125,9.4547],[7.5147,9.4591],[7.5216,9.4559],[7.5261,9.4575],[7.5274,9.4624],[7.5305,9.4674],[7.5357,9.4721],[7.5422,9.475],[7.5466,9.4776],[7.548,9.483],[7.549,9.4898],[7.5503,9.491],[7.5505,9.4959],[7.5572,9.497],[7.5615,9.4984],[7.5636,9.5059],[7.5651,9.5082],[7.5637,9.515],[7.5568,9.5229],[7.553,9.5244],[7.5473,9.528],[7.5513,9.5358],[7.5537,9.5372],[7.5598,9.5443],[7.5557,9.5488],[7.5514,9.5523],[7.5481,9.5564],[7.547,9.5629],[7.5502,9.5658],[7.5523,9.5716],[7.5555,9.5764],[7.5562,9.5801],[7.5538,9.5808],[7.5499,9.584],[7.5507,9.587],[7.5497,9.5942],[7.5445,9.5944],[7.5413,9.5964],[7.5382,9.5967],[7.5352,9.5944],[7.5301,9.5944]]]},"properties":{"name":"JERE NORTH","state":"18","code":"18/11/04"}},{"type":"Feature","geometry":{"type":"Polygon","coordinates":[[[7.4654,9.6062],[7.4589,9.6102],[7.4554,9.6093],[7.4539,9.6106],[7.4514,9.6064],[7.4468,9.604],[7.4371,9.6007],[7.434,9.5992],[7.4311,9.6002],[7.4275,9.5981],[7.4249,9.5938],[7.4177,9.59],[7.4151,9.5902],[7.4101,9.5936],[7.4036,9.5932],[7.4017,9.591],[7.4024,9.5862],[7.3938,9.5811],[7.3899,9.5846],[7.388,9.5882],[7.3835,9.5889],[7.3787,9.5848],[7.378,9.5792],[7.3713,9.5789],[7.367,9.5743],[7.3639,9.5743],[7.3616,9.5787],[7.357,9.58],[7.352,9.5802],[7.3451,9.583],[7.3409,9.5828],[7.3353,9.5811],[7.3291,9.576],[7.3332,9.575],[7.3356,9.5711],[7.3339,9.5682],[7.3314,9.5692],[7.3251,9.5733],[7.3193,9.5743],[7.3162,9.573],[7.3135,9.5691],[7.3116,9.5682],[7.3057,9.5703],[7.3027,9.5728],[7.3001,9.5676],[7.2958,9.565],[7.2942,9.5623],[7.2944,9.5589],[7.2911,9.5503],[7.2838,9.5447],[7.2849,9.5425],[7.2893,9.5407],[7.297,9.5433],[7.2998,9.5419],[7.3003,9.5398],[7.2961,9.5355],[7.2932,9.5308],[7.2887,9.5292],[7.2872,9.5257],[7.2799,9.527],[7.2812,9.522],[7.2839,9.5208],[7.2855,9.5174],[7.2891,9.5154],[7.2882,9.5115],[7.2894,9.5081],[7.2921,9.5058],[7.2959,9.5056],[7.2983,9.5034],[7.2987,9.5001],[7.2954,9.4986],[7.2899,9.4978],[7.2817,9.4981],[7.2769,9.4996],[7.2738,9.4904],[7.2732,9.4848],[7.2711,9.4829],[7.2731,9.4795],[7.281,9.4791],[7.2869,9.4742],[7.2904,9.4745],[7.2943,9.4726],[7.3013,9.4744],[7.3028,9.4731],[7.3067,9.4732],[7.313,9.4663],[7.3122,9.4623],[7.3128,9.4574],[7.315,9.4571],[7.3185,9.4597],[7.3243,9.4608],[7.3284,9.4558],[7.3327,9.4559],[7.3427,9.4603],[7.3428,9.4657],[7.3416,9.4726],[7.3354,9.4774],[7.337,9.4872],[7.3401,9.4913],[7.3455,9.4949],[7.3491,9.492],[7.3516,9.4935],[7.356,9.494],[7.359,9.4956],[7.3659,9.4953],[7.3709,9.4937],[7.3727,9.4969],[7.3767,9.5001],[7.3809,9.5023],[7.3838,9.5021],[7.3857,9.5055],[7.3886,9.5082],[7.3931,9.5089],[7.3966,9.5116],[7.4022,9.513],[7.4072,9.5192],[7.4114,9.5208],[7.417,9.5313],[7.4181,9.5353],[7.4237,9.565],[7.4279,9.5627],[7.433,9.5628],[7.4355,9.5672],[7.4349,9.577],[7.4331,9.5797],[7.4345,9.5838],[7.434,9.5877],[7.4356,9.5905],[7.4406,9.5926],[7.4463,9.592],[7.4481,9.5908],[7.4531,9.5905],[7.4565,9.589],[7.4637,9.5914],[7.4703,9.5909],[7.4724,9.596],[7.4723,9.6011],[7.4759,9.6022],[7.472,9.605],[7.4654,9.6062]]]},"properties":{"name":"JERE SOUTH","state":"18","code":"18/11/05"}},{"type":"Feature","geometry":{"type":"Polygon","coordinates":[[[7.2487,9.5184],[7.2295,9.4998],[7.219,9.4927],[7.2009,9.4598],[7.2051,9.4441],[7.2214,9.3753],[7.2224,9.3323],[7.2276,9.3262],[7.2323,9.3177],[7.237,9.3196],[7.2737,9.3293],[7.2898,9.3328],[7.334,9.3408],[7.3536,9.3378],[7.3897,9.3359],[7.4737,9.3503],[7.4969,9.3524],[7.5091,9.355],[7.5228,9.3692],[7.5186,9.374],[7.5174,9.381],[7.5183,9.3832],[7.5163,9.3918],[7.5176,9.3981],[7.5145,9.405],[7.508,9.4131],[7.5066,9.4167],[7.5096,9.4215],[7.5099,9.4266],[7.509,9.4301],[7.5102,9.436],[7.5149,9.4405],[7.5144,9.442],[7.5096,9.4466],[7.5049,9.4435],[7.494,9.4453],[7.4908,9.4489],[7.4864,9.4449],[7.4813,9.4438],[7.4767,9.4441],[7.4726,9.4397],[7.4696,9.4399],[7.4677,9.4358],[7.4637,9.4345],[7.4595,9.4344],[7.4585,9.4313],[7.4552,9.4295],[7.4497,9.4311],[7.4456,9.4297],[7.4447,9.431],[7.4379,9.4347],[7.437,9.4375],[7.4276,9.4362],[7.4233,9.4382],[7.421,9.437],[7.411,9.4357],[7.4043,9.4313],[7.399,9.4309],[7.3888,9.4377],[7.3875,9.4395],[7.3793,9.4393],[7.3763,9.4413],[7.3714,9.449],[7.3666,9.4476],[7.3654,9.4461],[7.3589,9.4444],[7.356,9.442],[7.3543,9.4471],[7.3533,9.454],[7.3502,9.4572],[7.3427,9.4603],[7.3327,9.4559],[7.3284,9.4558],[7.3243,9.4608],[7.3185,9.4597],[7.315,9.4571],[7.3128,9.4574],[7.3122,9.4623],[7.313,9.4663],[7.3067,9.4732],[7.3028,9.4731],[7.3013,9.4744],[7.2943,9.4726],[7.2904,9.4745],[7.2869,9.4742],[7.281,9.4791],[7.2731,9.4795],[7.2711,9.4829],[7.2732,9.4848],[7.2738,9.4904],[7.2769,9.4996],[7.2817,9.4981],[7.2899,9.4978],[7.2954,9.4986],[7.2987,9.5001],[7.2983,9.5034],[7.2959,9.5056],[7.2921,9.5058],[7.2894,9.5081],[7.2882,9.5115],[7.2891,9.5154],[7.2855,9.5174],[7.2839,9.5208],[7.2812,9.522],[7.2799,9.527],[7.2757,9.5227],[7.2665,9.5198],[7.2552,9.5175],[7.2487,9.5184]]]},"properties":{"name":"IDDAH","state":"18","code":"18/11/06"}},{"type":"Feature","geometry":{"type":"Polygon","coordinates":[[[7.9492,9.6375],[7.946,9.6366],[7.9441,9.6417],[7.9417,9.6408],[7.9372,9.6422],[7.9338,9.6418],[7.9278,9.648],[7.9238,9.6469],[7.9176,9.6513],[7.913,9.6486],[7.9075,9.6502],[7.9052,9.6534],[7.905,9.6573],[7.8998,9.6631],[7.899,9.6656],[7.8913,9.6666],[7.8881,9.6679],[7.8856,9.6727],[7.8775,9.6759],[7.8719,9.6773],[7.8697,9.6795],[7.8614,9.6825],[7.8638,9.6847],[7.8622,9.6894],[7.8582,9.6914],[7.8568,9.6943],[7.8483,9.6994],[7.844,9.6972],[7.8418,9.6949],[7.8421,9.6903],[7.8365,9.6829],[7.8325,9.6806],[7.8271,9.6826],[7.8181,9.6815],[7.82,9.6755],[7.8174,9.6757],[7.8157,9.6735],[7.8115,9.6731],[7.8121,9.6666],[7.8133,9.6639],[7.8116,9.6603],[7.8129,9.6581],[7.8104,9.6558],[7.812,9.6513],[7.8088,9.6504],[7.8059,9.6532],[7.7995,9.6521],[7.7929,9.6475],[7.7908,9.6475],[7.7885,9.6527],[7.7855,9.6531],[7.7833,9.6561],[7.78,9.6578],[7.7749,9.6586],[7.7481,9.6613],[7.74,9.6596],[7.7357,9.6564],[7.7341,9.6536],[7.7332,9.649],[7.7343,9.6452],[7.7328,9.641],[7.7361,9.6377],[7.7353,9.633],[7.7312,9.6312],[7.7324,9.6286],[7.7337,9.6186],[7.7335,9.6154],[7.7347,9.6041],[7.7296,9.5923],[7.7337,9.5825],[7.7341,9.5761],[7.7395,9.5753],[7.7444,9.578],[7.7471,9.5743],[7.7506,9.5763],[7.7584,9.5789],[7.773,9.5781],[7.7779,9.5786],[7.7816,9.58],[7.7847,9.5825],[7.7896,9.5787],[7.7954,9.5783],[7.8001,9.577],[7.8061,9.5767],[7.8077,9.5782],[7.8111,9.5778],[7.8168,9.5829],[7.8224,9.5856],[7.8265,9.5817],[7.8318,9.5798],[7.8372,9.5765],[7.841,9.575],[7.8416,9.5719],[7.8446,9.57],[7.8486,9.556],[7.8452,9.5518],[7.8457,9.5496],[7.8441,9.5457],[7.8395,9.5403],[7.8375,9.5396],[7.836,9.5365],[7.8303,9.5298],[7.8284,9.5221],[7.8304,9.5198],[7.8279,9.5152],[7.8284,9.51],[7.8302,9.505],[7.8267,9.4989],[7.827,9.4903],[7.822,9.4882],[7.8199,9.4884],[7.815,9.4844],[7.8084,9.4821],[7.8074,9.4799],[7.804,9.481],[7.8009,9.4792],[7.8011,9.4751],[7.7991,9.4741],[7.7995,9.4676],[7.8052,9.4637],[7.8071,9.4594],[7.8139,9.4508],[7.8168,9.4483],[7.8191,9.4497],[7.8236,9.45],[7.8281,9.452],[7.8303,9.4562],[7.8309,9.4596],[7.8384,9.4585],[7.8429,9.4679],[7.8422,9.4755],[7.838,9.4807],[7.8396,9.4858],[7.8451,9.487],[7.8495,9.4834],[7.8527,9.4865],[7.8561,9.4941],[7.8586,9.4969],[7.8589,9.5003],[7.8621,9.5019],[7.8646,9.5067],[7.8699,9.5063],[7.8698,9.5104],[7.8751,9.5147],[7.8769,9.5172],[7.8773,9.5211],[7.8831,9.524],[7.8865,9.5274],[7.8939,9.5241],[7.8954,9.5201],[7.8954,9.5145],[7.8971,9.5108],[7.9045,9.5092],[7.9102,9.5087],[7.9124,9.5075],[7.9177,9.5073],[7.9197,9.5046],[7.9213,9.5003],[7.9249,9.4975],[7.9314,9.5025],[7.9373,9.5021],[7.9533,9.4998],[7.9544,9.5079],[7.9516,9.5159],[7.9491,9.5153],[7.9466,9.5166],[7.9419,9.5217],[7.9391,9.5268],[7.9374,9.5342],[7.9335,9.5366],[7.9354,9.5456],[7.9414,9.5522],[7.9464,9.5557],[7.949,9.5564],[7.9479,9.5618],[7.9395,9.5642],[7.9329,9.5681],[7.9291,9.5721],[7.9262,9.5721],[7.9245,9.5757],[7.927,9.5815],[7.9268,9.5843],[7.9287,9.588],[7.9291,9.5947],[7.9319,9.6],[7.9343,9.6074],[7.9354,9.6128],[7.9326,9.618],[7.9378,9.6241],[7.941,9.6261],[7.9464,9.6318],[7.9492,9.6375]]]},"properties":{"name":"ARIBI","state":"18","code":"18/11/07"}},{"type":"Feature","geometry":{"type":"Polygon","coordinates":[[[7.9569,9.423],[7.9512,9.4268],[7.9481,9.4301],[7.9495,9.4336],[7.9485,9.4399],[7.9467,9.4444],[7.9448,9.4469],[7.9479,9.4549],[7.9476,9.4589],[7.9398,9.4681],[7.9409,9.4692],[7.9423,9.4751],[7.9455,9.4785],[7.9541,9.4856],[7.9562,9.4907],[7.9613,9.4951],[7.9686,9.4996],[7.9733,9.5034],[7.9692,9.5073],[7.9658,9.507],[7.9564,9.5136],[7.9516,9.5159],[7.9544,9.5079],[7.9533,9.4998],[7.9373,9.5021],[7.9314,9.5025],[7.9249,9.4975],[7.9232,9.4923],[7.9233,9.4882],[7.9221,9.4858],[7.9186,9.4838],[7.9137,9.4843],[7.9105,9.4771],[7.9105,9.4744],[7.9137,9.4685],[7.9132,9.4663],[7.9101,9.4628],[7.9091,9.4578],[7.9068,9.4559],[7.913,9.4506],[7.9164,9.4502],[7.9198,9.4461],[7.9218,9.4417],[7.9242,9.439],[7.9282,9.4383],[7.9284,9.4359],[7.9323,9.4331],[7.9311,9.431],[7.9252,9.4296],[7.9247,9.4279],[7.9206,9.4246],[7.9155,9.4254],[7.9118,9.4219],[7.9076,9.4242],[7.9036,9.4241],[7.9019,9.4254],[7.8961,9.4254],[7.8923,9.4212],[7.8914,9.4144],[7.8884,9.4107],[7.881,9.4098],[7.8792,9.4082],[7.8789,9.4015],[7.8778,9.3986],[7.8782,9.3953],[7.8755,9.3926],[7.8736,9.3885],[7.8723,9.3813],[7.8705,9.3801],[7.8717,9.3733],[7.8717,9.3695],[7.8693,9.3684],[7.8723,9.3588],[7.8778,9.356],[7.8811,9.3568],[7.8857,9.3558],[7.8908,9.3595],[7.8941,9.3585],[7.9022,9.3533],[7.905,9.355],[7.9083,9.3553],[7.9112,9.352],[7.9138,9.3528],[7.9173,9.3498],[7.9201,9.3535],[7.9236,9.3568],[7.9261,9.3624],[7.9288,9.364],[7.9312,9.3712],[7.935,9.3739],[7.9392,9.3801],[7.9425,9.3868],[7.9426,9.3935],[7.9467,9.3967],[7.9489,9.4035],[7.9509,9.4036],[7.9543,9.4065],[7.9551,9.4104],[7.9524,9.4151],[7.9537,9.4158],[7.9569,9.423]]]},"properties":{"name":"KURMIN JIBRIN","state":"18","code":"18/11/08"}},{"type":"Feature","geometry":{"type":"Polygon","coordinates":[[[7.7847,9.4009],[7.7925,9.4037],[7.7973,9.4002],[7.8132,9.4053],[7.8139,9.4077],[7.818,9.4094],[7.8191,9.4069],[7.8225,9.4063],[7.8239,9.4102],[7.8283,9.4078],[7.8301,9.4097],[7.8283,9.4121],[7.8308,9.4162],[7.8347,9.4156],[7.8346,9.4134],[7.8366,9.4105],[7.8424,9.4049],[7.842,9.4],[7.844,9.3977],[7.8515,9.3925],[7.8588,9.3902],[7.8645,9.3906],[7.8694,9.3884],[7.8736,9.3885],[7.8755,9.3926],[7.8782,9.3953],[7.8778,9.3986],[7.8789,9.4015],[7.8792,9.4082],[7.881,9.4098],[7.8884,9.4107],[7.8914,9.4144],[7.8923,9.4212],[7.8961,9.4254],[7.9019,9.4254],[7.9036,9.4241],[7.9076,9.4242],[7.9118,9.4219],[7.9155,9.4254],[7.9206,9.4246],[7.9247,9.4279],[7.9252,9.4296],[7.9311,9.431],[7.9323,9.4331],[7.9284,9.4359],[7.9282,9.4383],[7.9242,9.439],[7.9218,9.4417],[7.9198,9.4461],[7.9164,9.4502],[7.913,9.4506],[7.9068,9.4559],[7.9091,9.4578],[7.9101,9.4628],[7.9132,9.4663],[7.9137,9.4685],[7.9105,9.4744],[7.9105,9.4771],[7.9137,9.4843],[7.9186,9.4838],[7.9221,9.4858],[7.9233,9.4882],[7.9232,9.4923],[7.9249,9.4975],[7.9213,9.5003],[7.9197,9.5046],[7.9177,9.5073],[7.9124,9.5075],[7.9102,9.5087],[7.9045,9.5092],[7.8971,9.5108],[7.8954,9.5145],[7.8954,9.5201],[7.8939,9.5241],[7.8865,9.5274],[7.8831,9.524],[7.8773,9.5211],[7.8769,9.5172],[7.8751,9.5147],[7.8698,9.5104],[7.8699,9.5063],[7.8646,9.5067],[7.8621,9.5019],[7.8589,9.5003],[7.8586,9.4969],[7.8561,9.4941],[7.8527,9.4865],[7.8495,9.4834],[7.8451,9.487],[7.8396,9.4858],[7.838,9.4807],[7.8422,9.4755],[7.8429,9.4679],[7.8384,9.4585],[7.8309,9.4596],[7.8303,9.4562],[7.8281,9.452],[7.8236,9.45],[7.8191,9.4497],[7.8168,9.4483],[7.8139,9.4508],[7.8071,9.4594],[7.7984,9.4535],[7.7961,9.451],[7.7994,9.4497],[7.7994,9.4473],[7.796,9.442],[7.784,9.4402],[7.7825,9.4356],[7.7809,9.4336],[7.78,9.4279],[7.7778,9.4247],[7.78,9.4214],[7.7795,9.4167],[7.7813,9.4144],[7.785,9.4047],[7.7847,9.4009]]]},"properties":{"name":"KATUGAL","state":"18","code":"18/11/09"}},{"type":"Feature","geometry":{"type":"Polygon","coordinates":[[[7.9201,9.3535],[7.9173,9.3498],[7.9138,9.3528],[7.9112,9.352],[7.9083,9.3553],[7.905,9.355],[7.9022,9.3533],[7.8941,9.3585],[7.8908,9.3595],[7.8857,9.3558],[7.8811,9.3568],[7.8778,9.356],[7.8723,9.3588],[7.8693,9.3684],[7.8717,9.3695],[7.8717,9.3733],[7.8705,9.3801],[7.8723,9.3813],[7.8736,9.3885],[7.8694,9.3884],[7.8645,9.3906],[7.8588,9.3902],[7.8515,9.3925],[7.844,9.3977],[7.842,9.4],[7.8424,9.4049],[7.8366,9.4105],[7.8346,9.4134],[7.8347,9.4156],[7.8308,9.4162],[7.8283,9.4121],[7.8301,9.4097],[7.8283,9.4078],[7.8239,9.4102],[7.8225,9.4063],[7.8191,9.4069],[7.818,9.4094],[7.8139,9.4077],[7.8132,9.4053],[7.7973,9.4002],[7.7925,9.4037],[7.7847,9.4009],[7.7837,9.394],[7.7776,9.3898],[7.7736,9.3857],[7.7695,9.3858],[7.7683,9.3836],[7.765,9.3832],[7.7645,9.3793],[7.7627,9.3748],[7.7624,9.3692],[7.7648,9.3683],[7.7641,9.3641],[7.7661,9.3614],[7.7631,9.3519],[7.7587,9.3534],[7.7563,9.3485],[7.7595,9.3433],[7.7573,9.3399],[7.7609,9.3373],[7.7591,9.3313],[7.7553,9.3327],[7.7462,9.3291],[7.7409,9.3335],[7.7237,9.3367],[7.7193,9.3318],[7.7312,9.3261],[7.7515,9.307],[7.7639,9.2959],[7.77,9.2923],[7.7929,9.2756],[7.8084,9.2728],[7.8268,9.2764],[7.8725,9.29],[7.8974,9.3059],[7.9125,9.3139],[7.9089,9.3145],[7.9058,9.3174],[7.9099,9.3229],[7.9124,9.3278],[7.9106,9.3351],[7.9145,9.339],[7.9143,9.3422],[7.9201,9.3535]]]},"properties":{"name":"KUKUI","state":"18","code":"18/11/10"}},{"type":"Feature","geometry":{"type":"Polygon","coordinates":[[[7.5884,10.2816],[7.5924,10.282],[7.5982,10.281],[7.602,10.2789],[7.608,10.2734],[7.6138,10.2727],[7.6155,10.2769],[7.6155,10.2805],[7.6197,10.2858],[7.6201,10.2876],[7.6252,10.2946],[7.6277,10.2946],[7.6338,10.2919],[7.6403,10.292],[7.6475,10.2888],[7.6563,10.2896],[7.658,10.2865],[7.6624,10.2855],[7.6634,10.2833],[7.6718,10.2733],[7.6758,10.2742],[7.6769,10.2765],[7.6815,10.2784],[7.6868,10.2851],[7.6853,10.2886],[7.6861,10.2911],[7.6851,10.2991],[7.6872,10.3011],[7.6942,10.302],[7.6994,10.3001],[7.7027,10.2999],[7.7034,10.3049],[7.708,10.3124],[7.7047,10.3154],[7.7041,10.3208],[7.7017,10.3257],[7.699,10.329],[7.7016,10.3303],[7.7063,10.3359],[7.7052,10.3393],[7.7066,10.344],[7.7051,10.3472],[7.7064,10.3512],[7.7065,10.3563],[7.7057,10.3607],[7.703,10.3644],[7.703,10.3663],[7.6977,10.3651],[7.6949,10.3656],[7.6843,10.3615],[7.6809,10.3659],[7.679,10.367],[7.6784,10.3722],[7.6801,10.3763],[7.6794,10.3827],[7.6761,10.3793],[7.6734,10.3826],[7.6639,10.3885],[7.6572,10.388],[7.6549,10.387],[7.6476,10.3713],[7.6502,10.3699],[7.6547,10.3694],[7.6558,10.3652],[7.6599,10.3617],[7.6617,10.3584],[7.6671,10.3556],[7.6711,10.3505],[7.6681,10.3458],[7.6603,10.3414],[7.6595,10.3346],[7.664,10.3319],[7.6673,10.3313],[7.6738,10.332],[7.6781,10.3294],[7.6772,10.3238],[7.6751,10.3224],[7.6707,10.3225],[7.6676,10.3215],[7.662,10.3212],[7.6599,10.3199],[7.6555,10.3202],[7.6523,10.3221],[7.6445,10.3202],[7.6371,10.3156],[7.6329,10.3174],[7.6243,10.3239],[7.6234,10.3276],[7.6215,10.3298],[7.616,10.3308],[7.6073,10.3296],[7.6063,10.3264],[7.6069,10.3204],[7.6087,10.3134],[7.6065,10.3095],[7.6073,10.3059],[7.6044,10.3053],[7.6043,10.303],[7.5941,10.3038],[7.5866,10.3075],[7.5841,10.304],[7.5871,10.2999],[7.5883,10.295],[7.5862,10.2899],[7.5884,10.2816]]]},"properties":{"name":"KAJURU","state":"18","code":"18/12/01"}},{"type":"Feature","geometry":{"type":"Polygon","coordinates":[[[7.5359,10.1802],[7.5379,10.1801],[7.5479,10.1886],[7.5517,10.189],[7.5533,10.1905],[7.5579,10.1872],[7.5614,10.1888],[7.5658,10.1855],[7.566,10.1804],[7.5713,10.1808],[7.5705,10.1768],[7.5764,10.1704],[7.5777,10.1669],[7.5784,10.1608],[7.5805,10.156],[7.5788,10.153],[7.5796,10.1453],[7.5808,10.1428],[7.581,10.1364],[7.5777,10.1322],[7.5754,10.126],[7.5746,10.1214],[7.5755,10.1193],[7.5804,10.1151],[7.5816,10.1017],[7.583,10.099],[7.5837,10.0903],[7.5936,10.0909],[7.5966,10.0896],[7.604,10.0891],[7.6136,10.0919],[7.6152,10.0951],[7.6186,10.0962],[7.6243,10.1013],[7.6262,10.1068],[7.6309,10.1119],[7.6369,10.1162],[7.6448,10.1204],[7.6497,10.1243],[7.6544,10.1255],[7.6619,10.1299],[7.6663,10.1341],[7.6745,10.1432],[7.6776,10.1444],[7.6768,10.1474],[7.6738,10.1483],[7.6708,10.1471],[7.6661,10.1528],[7.669,10.1546],[7.6786,10.1569],[7.6811,10.156],[7.6852,10.1568],[7.6868,10.1605],[7.6901,10.1629],[7.6984,10.1649],[7.6986,10.1692],[7.6968,10.1732],[7.6973,10.1777],[7.6964,10.1837],[7.6978,10.1903],[7.7008,10.1879],[7.7017,10.1857],[7.7055,10.1843],[7.7084,10.1818],[7.7119,10.1835],[7.7172,10.1812],[7.7181,10.176],[7.7201,10.1738],[7.7197,10.1677],[7.7237,10.1643],[7.7329,10.1648],[7.7373,10.17],[7.7375,10.1757],[7.7409,10.18],[7.7403,10.1832],[7.7368,10.1898],[7.7351,10.1976],[7.7372,10.2],[7.7289,10.2029],[7.7232,10.2026],[7.718,10.2045],[7.7171,10.2074],[7.7102,10.2114],[7.7077,10.2106],[7.6995,10.2211],[7.6918,10.2271],[7.6894,10.2246],[7.6839,10.2227],[7.6815,10.2239],[7.682,10.2291],[7.6803,10.2323],[7.6799,10.2363],[7.6751,10.2404],[7.6722,10.2458],[7.6696,10.2468],[7.6659,10.2502],[7.6649,10.2534],[7.662,10.2543],[7.6638,10.2601],[7.6667,10.2638],[7.6664,10.27],[7.6718,10.2733],[7.6634,10.2833],[7.6624,10.2855],[7.658,10.2865],[7.6563,10.2896],[7.6475,10.2888],[7.6403,10.292],[7.6338,10.2919],[7.6277,10.2946],[7.6252,10.2946],[7.6201,10.2876],[7.6197,10.2858],[7.6155,10.2805],[7.6155,10.2769],[7.6138,10.2727],[7.608,10.2734],[7.602,10.2789],[7.5982,10.281],[7.5924,10.282],[7.5884,10.2816],[7.5802,10.2801],[7.5706,10.283],[7.5549,10.2779],[7.5475,10.2739],[7.5437,10.2737],[7.539,10.2697],[7.5326,10.2628],[7.528,10.2515],[7.531,10.2417],[7.5316,10.236],[7.5341,10.2326],[7.5355,10.225],[7.5339,10.2217],[7.5344,10.2191],[7.5319,10.2114],[7.5337,10.2076],[7.5351,10.2015],[7.5347,10.196],[7.5324,10.1925],[7.5308,10.1874],[7.5335,10.1861],[7.5359,10.1802]]]},"properties":{"name":"TANTATU","state":"18","code":"18/12/02"}},{"type":"Feature","geometry":{"type":"Polygon","coordinates":[[[7.6073,10.3296],[7.616,10.3308],[7.6215,10.3298],[7.6234,10.3276],[7.6243,10.3239],[7.6329,10.3174],[7.6371,10.3156],[7.6445,10.3202],[7.6523,10.3221],[7.6555,10.3202],[7.6599,10.3199],[7.662,10.3212],[7.6676,10.3215],[7.6707,10.3225],[7.6751,10.3224],[7.6772,10.3238],[7.6781,10.3294],[7.6738,10.332],[7.6673,10.3313],[7.664,10.3319],[7.6595,10.3346],[7.6603,10.3414],[7.6681,10.3458],[7.6711,10.3505],[7.6671,10.3556],[7.6617,10.3584],[7.6599,10.3617],[7.6558,10.3652],[7.6547,10.3694],[7.6502,10.3699],[7.6476,10.3713],[7.6549,10.387],[7.6561,10.3899],[7.6561,10.3969],[7.6551,10.398],[7.6507,10.3989],[7.647,10.4013],[7.6464,10.396],[7.6449,10.393],[7.6407,10.3932],[7.6272,10.3898],[7.6236,10.3898],[7.6185,10.3932],[7.6133,10.3923],[7.6088,10.3951],[7.5999,10.3966],[7.596,10.394],[7.5949,10.3904],[7.5944,10.381],[7.5998,10.3778],[7.6034,10.3696],[7.6043,10.3602],[7.6071,10.3608],[7.6084,10.3565],[7.6072,10.3521],[7.6087,10.3446],[7.615,10.3406],[7.6145,10.3386],[7.61,10.3336],[7.6055,10.331],[7.6073,10.3296]]]},"properties":{"name":"BUDA","state":"18","code":"18/12/03"}},{"type":"Feature","geometry":{"type":"Polygon","coordinates":[[[7.6718,10.2733],[7.6664,10.27],[7.6667,10.2638],[7.6638,10.2601],[7.662,10.2543],[7.6649,10.2534],[7.6659,10.2502],[7.6696,10.2468],[7.6722,10.2458],[7.6751,10.2404],[7.6799,10.2363],[7.6803,10.2323],[7.682,10.2291],[7.6815,10.2239],[7.6839,10.2227],[7.6894,10.2246],[7.6918,10.2271],[7.6995,10.2211],[7.7077,10.2106],[7.7102,10.2114],[7.7171,10.2074],[7.718,10.2045],[7.7232,10.2026],[7.7289,10.2029],[7.7372,10.2],[7.7351,10.1976],[7.7368,10.1898],[7.7403,10.1832],[7.7409,10.18],[7.7454,10.18],[7.7471,10.1814],[7.7558,10.1817],[7.7597,10.1799],[7.7618,10.1804],[7.7628,10.1861],[7.7679,10.1961],[7.7697,10.2157],[7.7717,10.2175],[7.7772,10.2194],[7.7804,10.2172],[7.785,10.2185],[7.7881,10.2182],[7.7903,10.2219],[7.7882,10.2264],[7.7885,10.2301],[7.7904,10.2352],[7.7868,10.2382],[7.7872,10.2401],[7.7855,10.2474],[7.7865,10.2491],[7.7871,10.2549],[7.7819,10.2594],[7.7831,10.2613],[7.7848,10.2684],[7.7841,10.2726],[7.7845,10.2809],[7.7913,10.2879],[7.793,10.2878],[7.7954,10.2917],[7.8005,10.2916],[7.8031,10.2992],[7.8068,10.3043],[7.808,10.3116],[7.8062,10.3159],[7.8042,10.3179],[7.8039,10.3217],[7.8015,10.3288],[7.7985,10.3277],[7.7925,10.3239],[7.792,10.3195],[7.7888,10.3179],[7.7823,10.3225],[7.7824,10.3301],[7.7837,10.3327],[7.7832,10.3361],[7.7812,10.3399],[7.7821,10.3426],[7.7805,10.3451],[7.7824,10.3534],[7.778,10.3546],[7.7738,10.3568],[7.7699,10.362],[7.7694,10.3653],[7.7666,10.3695],[7.7606,10.3653],[7.7584,10.357],[7.7548,10.3563],[7.7504,10.3582],[7.742,10.3572],[7.7422,10.3533],[7.7393,10.352],[7.7371,10.3486],[7.7368,10.343],[7.7311,10.3387],[7.7294,10.342],[7.728,10.3476],[7.7266,10.3494],[7.7238,10.349],[7.7204,10.3517],[7.715,10.3521],[7.7112,10.3505],[7.7064,10.3512],[7.7051,10.3472],[7.7066,10.344],[7.7052,10.3393],[7.7063,10.3359],[7.7016,10.3303],[7.699,10.329],[7.7017,10.3257],[7.7041,10.3208],[7.7047,10.3154],[7.708,10.3124],[7.7034,10.3049],[7.7027,10.2999],[7.6994,10.3001],[7.6942,10.302],[7.6872,10.3011],[7.6851,10.2991],[7.6861,10.2911],[7.6853,10.2886],[7.6868,10.2851],[7.6815,10.2784],[7.6769,10.2765],[7.6758,10.2742],[7.6718,10.2733]]]},"properties":{"name":"KUFANA","state":"18","code":"18/12/04"}},{"type":"Feature","geometry":{"type":"Polygon","coordinates":[[[7.7903,10.2219],[7.797,10.2214],[7.7999,10.219],[7.8006,10.2156],[7.8034,10.2145],[7.8077,10.2151],[7.8086,10.2174],[7.8126,10.2175],[7.8164,10.219],[7.8236,10.2175],[7.8256,10.2193],[7.8297,10.2204],[7.8337,10.22],[7.8349,10.2174],[7.8355,10.2112],[7.833,10.2043],[7.8331,10.198],[7.8352,10.1915],[7.8361,10.1845],[7.8358,10.1778],[7.8347,10.1746],[7.8407,10.1676],[7.843,10.1641],[7.8501,10.1644],[7.8579,10.1709],[7.864,10.174],[7.873,10.1765],[7.8736,10.181],[7.8752,10.1839],[7.8753,10.1914],[7.8738,10.1938],[7.8766,10.1993],[7.8795,10.2033],[7.8738,10.2082],[7.87,10.2095],[7.8764,10.219],[7.8778,10.2233],[7.8786,10.2294],[7.8782,10.2318],[7.8797,10.2362],[7.8814,10.2378],[7.8831,10.2424],[7.884,10.2487],[7.8864,10.2521],[7.8944,10.2549],[7.8951,10.2593],[7.8906,10.2646],[7.8872,10.2669],[7.8842,10.2707],[7.8773,10.2753],[7.8771,10.2809],[7.8799,10.2889],[7.883,10.2935],[7.8848,10.3001],[7.8846,10.3049],[7.887,10.3164],[7.8916,10.319],[7.8992,10.3207],[7.9028,10.325],[7.9075,10.3269],[7.9066,10.3301],[7.9108,10.3315],[7.9121,10.3364],[7.9107,10.3354],[7.9067,10.337],[7.9055,10.3402],[7.9011,10.3415],[7.898,10.345],[7.8952,10.3467],[7.8941,10.3507],[7.8994,10.3554],[7.9008,10.3589],[7.9087,10.3597],[7.901,10.3657],[7.896,10.3682],[7.8924,10.369],[7.8878,10.3688],[7.8866,10.3734],[7.8789,10.378],[7.8734,10.3782],[7.868,10.3816],[7.8621,10.384],[7.8597,10.3882],[7.8472,10.3787],[7.8463,10.3735],[7.8411,10.3691],[7.8391,10.3695],[7.8283,10.3795],[7.8236,10.3814],[7.8218,10.3837],[7.8218,10.3887],[7.8171,10.3954],[7.8137,10.3993],[7.812,10.3997],[7.8049,10.3938],[7.8038,10.3919],[7.8058,10.3828],[7.8084,10.3763],[7.8075,10.375],[7.8023,10.3733],[7.7999,10.3707],[7.7957,10.3711],[7.7902,10.3664],[7.7888,10.3613],[7.785,10.3527],[7.7824,10.3534],[7.7805,10.3451],[7.7821,10.3426],[7.7812,10.3399],[7.7832,10.3361],[7.7837,10.3327],[7.7824,10.3301],[7.7823,10.3225],[7.7888,10.3179],[7.792,10.3195],[7.7925,10.3239],[7.7985,10.3277],[7.8015,10.3288],[7.8039,10.3217],[7.8042,10.3179],[7.8062,10.3159],[7.808,10.3116],[7.8068,10.3043],[7.8031,10.2992],[7.8005,10.2916],[7.7954,10.2917],[7.793,10.2878],[7.7913,10.2879],[7.7845,10.2809],[7.7841,10.2726],[7.7848,10.2684],[7.7831,10.2613],[7.7819,10.2594],[7.7871,10.2549],[7.7865,10.2491],[7.7855,10.2474],[7.7872,10.2401],[7.7868,10.2382],[7.7904,10.2352],[7.7885,10.2301],[7.7882,10.2264],[7.7903,10.2219]]]},"properties":{"name":"AFOGO","state":"18","code":"18/12/05"}},{"type":"Feature","geometry":{"type":"Polygon","coordinates":[[[7.6551,10.398],[7.6561,10.3969],[7.6561,10.3899],[7.6549,10.387],[7.6572,10.388],[7.6639,10.3885],[7.6734,10.3826],[7.6761,10.3793],[7.6794,10.3827],[7.6801,10.3763],[7.6784,10.3722],[7.679,10.367],[7.6809,10.3659],[7.6843,10.3615],[7.6949,10.3656],[7.6977,10.3651],[7.703,10.3663],[7.703,10.3644],[7.7057,10.3607],[7.7065,10.3563],[7.7064,10.3512],[7.7112,10.3505],[7.715,10.3521],[7.7204,10.3517],[7.7238,10.349],[7.7266,10.3494],[7.728,10.3476],[7.7294,10.342],[7.7311,10.3387],[7.7368,10.343],[7.7371,10.3486],[7.7393,10.352],[7.7422,10.3533],[7.742,10.3572],[7.7504,10.3582],[7.7548,10.3563],[7.7584,10.357],[7.7606,10.3653],[7.7666,10.3695],[7.7628,10.3738],[7.7602,10.3819],[7.7567,10.385],[7.7514,10.3874],[7.7525,10.3894],[7.7489,10.3925],[7.7457,10.3979],[7.7383,10.3978],[7.7341,10.3996],[7.7303,10.4079],[7.7263,10.4065],[7.721,10.4129],[7.7149,10.4135],[7.712,10.4125],[7.7105,10.4155],[7.7036,10.4119],[7.6995,10.4135],[7.6973,10.4132],[7.6922,10.4128],[7.6865,10.4111],[7.6812,10.4115],[7.6778,10.414],[7.674,10.4114],[7.6712,10.4073],[7.668,10.4079],[7.664,10.4049],[7.6586,10.3981],[7.6551,10.398]]]},"properties":{"name":"KASUWAN MAGANI","state":"18","code":"18/12/06"}},{"type":"Feature","geometry":{"type":"Polygon","coordinates":[[[7.7971,10.4882],[7.7984,10.4843],[7.8018,10.4789],[7.7978,10.4751],[7.797,10.4707],[7.7944,10.4668],[7.79,10.463],[7.7934,10.4502],[7.7964,10.4469],[7.7951,10.439],[7.7914,10.4341],[7.7871,10.4305],[7.7861,10.4239],[7.7882,10.4207],[7.7889,10.4157],[7.7907,10.4118],[7.7943,10.4104],[7.7976,10.4078],[7.8044,10.4083],[7.8091,10.4053],[7.8125,10.402],[7.8137,10.3993],[7.8171,10.3954],[7.8218,10.3887],[7.8218,10.3837],[7.8236,10.3814],[7.8283,10.3795],[7.8391,10.3695],[7.8411,10.3691],[7.8463,10.3735],[7.8472,10.3787],[7.8597,10.3882],[7.8621,10.384],[7.868,10.3816],[7.8734,10.3782],[7.8789,10.378],[7.8866,10.3734],[7.8878,10.3688],[7.8924,10.369],[7.896,10.3682],[7.901,10.3657],[7.9087,10.3597],[7.9008,10.3589],[7.8994,10.3554],[7.8941,10.3507],[7.8952,10.3467],[7.898,10.345],[7.9011,10.3415],[7.9055,10.3402],[7.9067,10.337],[7.9107,10.3354],[7.9121,10.3364],[7.9147,10.3378],[7.923,10.3384],[7.9277,10.3366],[7.9346,10.335],[7.9373,10.3333],[7.9442,10.3268],[7.9485,10.327],[7.9518,10.3248],[7.9535,10.3183],[7.9546,10.3103],[7.9589,10.3097],[7.9615,10.3072],[7.9653,10.3006],[7.9675,10.2983],[7.9723,10.2964],[7.9772,10.2983],[7.9806,10.2945],[7.9908,10.2955],[7.9949,10.2985],[7.9968,10.302],[8.0005,10.2989],[8.0052,10.3027],[8.0075,10.3092],[8.0094,10.3116],[8.0059,10.3177],[8.0061,10.3198],[8.0094,10.3246],[8.0138,10.3266],[8.0161,10.3261],[8.0162,10.328],[8.0194,10.3323],[8.0207,10.3382],[8.027,10.3435],[8.0293,10.3465],[8.0302,10.3512],[8.033,10.3544],[8.0385,10.3577],[8.0409,10.3612],[8.0447,10.3722],[8.0491,10.3722],[8.0519,10.3759],[8.0488,10.3799],[8.0464,10.3856],[8.0452,10.3909],[8.0494,10.3945],[8.0504,10.3973],[8.0501,10.4089],[8.0426,10.4175],[8.0416,10.4213],[8.042,10.4259],[8.0381,10.4286],[8.037,10.4308],[8.0329,10.4348],[8.0292,10.4356],[8.0232,10.4389],[8.0187,10.4399],[8.0161,10.4438],[8.0103,10.4444],[8.0047,10.4515],[8.0016,10.454],[8.0064,10.4579],[8.0092,10.4616],[8.0118,10.4669],[8.0124,10.4746],[8.0086,10.4766],[8.0052,10.477],[8.0033,10.4812],[8.0014,10.4819],[7.9962,10.4784],[7.9905,10.4778],[7.9868,10.4784],[7.9826,10.4778],[7.978,10.4809],[7.9733,10.4796],[7.9666,10.4793],[7.957,10.4758],[7.955,10.4755],[7.9472,10.478],[7.9422,10.4804],[7.9335,10.4835],[7.9253,10.4834],[7.9212,10.4842],[7.917,10.4876],[7.9125,10.486],[7.9084,10.4876],[7.9019,10.4928],[7.8973,10.4956],[7.8973,10.5001],[7.8989,10.5005],[7.8957,10.5068],[7.8909,10.5107],[7.8875,10.5151],[7.8836,10.5157],[7.8824,10.5204],[7.8776,10.5197],[7.871,10.525],[7.8694,10.5282],[7.8708,10.5323],[7.8641,10.5299],[7.858,10.5264],[7.8562,10.5232],[7.8548,10.5156],[7.8529,10.5145],[7.8539,10.509],[7.8491,10.5054],[7.8466,10.505],[7.8387,10.5016],[7.8355,10.5014],[7.8279,10.4955],[7.8229,10.4945],[7.8157,10.4979],[7.8101,10.494],[7.8085,10.4904],[7.8031,10.4895],[7.7986,10.4897],[7.7971,10.4882]]]},"properties":{"name":"KALLAH","state":"18","code":"18/12/07"}},{"type":"Feature","geometry":{"type":"Polygon","coordinates":[[[7.6973,10.4132],[7.6995,10.4135],[7.7036,10.4119],[7.7105,10.4155],[7.712,10.4125],[7.7149,10.4135],[7.721,10.4129],[7.7263,10.4065],[7.7303,10.4079],[7.7341,10.3996],[7.7383,10.3978],[7.7457,10.3979],[7.7489,10.3925],[7.7525,10.3894],[7.7514,10.3874],[7.7567,10.385],[7.7602,10.3819],[7.7628,10.3738],[7.7666,10.3695],[7.7694,10.3653],[7.7699,10.362],[7.7738,10.3568],[7.778,10.3546],[7.7824,10.3534],[7.785,10.3527],[7.7888,10.3613],[7.7902,10.3664],[7.7957,10.3711],[7.7999,10.3707],[7.8023,10.3733],[7.8075,10.375],[7.8084,10.3763],[7.8058,10.3828],[7.8038,10.3919],[7.8049,10.3938],[7.812,10.3997],[7.8137,10.3993],[7.8125,10.402],[7.8091,10.4053],[7.8044,10.4083],[7.7976,10.4078],[7.7943,10.4104],[7.7907,10.4118],[7.7889,10.4157],[7.7882,10.4207],[7.7861,10.4239],[7.7871,10.4305],[7.7914,10.4341],[7.7951,10.439],[7.7964,10.4469],[7.7934,10.4502],[7.79,10.463],[7.7944,10.4668],[7.797,10.4707],[7.7978,10.4751],[7.8018,10.4789],[7.7984,10.4843],[7.7971,10.4882],[7.7937,10.4891],[7.7929,10.4917],[7.7951,10.4958],[7.7946,10.5],[7.7953,10.5034],[7.7882,10.5027],[7.7855,10.4995],[7.7782,10.4966],[7.7751,10.4983],[7.773,10.4949],[7.7688,10.4921],[7.7676,10.4895],[7.7645,10.4918],[7.7562,10.4936],[7.7529,10.4899],[7.7496,10.4901],[7.744,10.4879],[7.7421,10.4896],[7.7391,10.4894],[7.7346,10.4859],[7.7318,10.4863],[7.7242,10.4812],[7.7251,10.4733],[7.7219,10.4694],[7.7175,10.4673],[7.7082,10.4548],[7.7075,10.451],[7.7054,10.4476],[7.7061,10.4391],[7.7045,10.4381],[7.7036,10.4291],[7.697,10.4193],[7.6973,10.4132]]]},"properties":{"name":"RIMAU","state":"18","code":"18/12/08"}},{"type":"Feature","geometry":{"type":"Polygon","coordinates":[[[7.9475,10.1359],[7.9502,10.1359],[7.9585,10.1385],[7.9617,10.1417],[7.972,10.1406],[7.9805,10.138],[7.9877,10.1386],[7.9935,10.1359],[8.0036,10.1354],[8.0073,10.1322],[8.0149,10.127],[8.015,10.1314],[8.0126,10.1339],[8.0156,10.1368],[8.0163,10.1394],[8.0188,10.1407],[8.0158,10.1549],[8.0187,10.161],[8.0176,10.1651],[8.0196,10.167],[8.0185,10.1693],[8.0216,10.1752],[8.0238,10.1829],[8.0235,10.1916],[8.0207,10.1943],[8.0226,10.2013],[8.0243,10.2031],[8.0251,10.2075],[8.0227,10.2122],[8.0236,10.2146],[8.0184,10.2236],[8.0187,10.2269],[8.0163,10.2278],[8.0167,10.2322],[8.0133,10.2368],[8.0121,10.2442],[8.0165,10.2452],[8.0242,10.2484],[8.0272,10.2594],[8.0297,10.2641],[8.0303,10.2691],[8.0319,10.2735],[8.0295,10.2798],[8.0343,10.2859],[8.0419,10.285],[8.0441,10.2861],[8.0529,10.285],[8.0557,10.2872],[8.0593,10.2884],[8.0635,10.2886],[8.0674,10.2907],[8.0729,10.2889],[8.0774,10.291],[8.0803,10.2905],[8.084,10.2859],[8.0859,10.2821],[8.0898,10.2812],[8.0938,10.2777],[8.0948,10.2723],[8.0975,10.27],[8.1007,10.2646],[8.1043,10.2638],[8.107,10.2648],[8.1111,10.2643],[8.1145,10.2653],[8.1144,10.2723],[8.1231,10.2816],[8.1271,10.2884],[8.1231,10.2959],[8.1186,10.2954],[8.1093,10.3013],[8.1092,10.3044],[8.0998,10.3099],[8.0955,10.313],[8.0925,10.3113],[8.0874,10.3129],[8.0853,10.3162],[8.0836,10.3137],[8.0799,10.3159],[8.0773,10.3156],[8.0753,10.3194],[8.0709,10.3199],[8.0685,10.3191],[8.0665,10.3138],[8.0603,10.3127],[8.0596,10.3161],[8.0571,10.3179],[8.0545,10.3147],[8.051,10.3156],[8.0456,10.3225],[8.0399,10.3202],[8.0371,10.323],[8.0354,10.3273],[8.031,10.3313],[8.0255,10.3336],[8.0222,10.3311],[8.0225,10.3252],[8.0206,10.3235],[8.0161,10.3261],[8.0138,10.3266],[8.0094,10.3246],[8.0061,10.3198],[8.0059,10.3177],[8.0094,10.3116],[8.0075,10.3092],[8.0052,10.3027],[8.0005,10.2989],[7.9968,10.302],[7.9949,10.2985],[7.9908,10.2955],[7.9806,10.2945],[7.9772,10.2983],[7.9723,10.2964],[7.9675,10.2983],[7.9653,10.3006],[7.9615,10.3072],[7.9589,10.3097],[7.9546,10.3103],[7.9535,10.3183],[7.9518,10.3248],[7.9485,10.327],[7.9442,10.3268],[7.9373,10.3333],[7.9346,10.335],[7.9277,10.3366],[7.923,10.3384],[7.9147,10.3378],[7.9121,10.3364],[7.9108,10.3315],[7.9066,10.3301],[7.9075,10.3269],[7.9028,10.325],[7.8992,10.3207],[7.8916,10.319],[7.887,10.3164],[7.8846,10.3049],[7.8848,10.3001],[7.883,10.2935],[7.8799,10.2889],[7.8771,10.2809],[7.8773,10.2753],[7.8842,10.2707],[7.8872,10.2669],[7.8906,10.2646],[7.8951,10.2593],[7.8944,10.2549],[7.8864,10.2521],[7.884,10.2487],[7.8831,10.2424],[7.8814,10.2378],[7.8797,10.2362],[7.8782,10.2318],[7.8786,10.2294],[7.8778,10.2233],[7.8764,10.219],[7.87,10.2095],[7.8738,10.2082],[7.8795,10.2033],[7.8766,10.1993],[7.8738,10.1938],[7.8753,10.1914],[7.8752,10.1839],[7.8736,10.181],[7.873,10.1765],[7.864,10.174],[7.8579,10.1709],[7.8501,10.1644],[7.843,10.1641],[7.8407,10.1676],[7.8347,10.1746],[7.8358,10.1778],[7.8361,10.1845],[7.8352,10.1915],[7.8331,10.198],[7.833,10.2043],[7.8355,10.2112],[7.8349,10.2174],[7.8337,10.22],[7.8297,10.2204],[7.8256,10.2193],[7.8236,10.2175],[7.8164,10.219],[7.8126,10.2175],[7.8086,10.2174],[7.8077,10.2151],[7.8034,10.2145],[7.8006,10.2156],[7.7999,10.219],[7.797,10.2214],[7.7903,10.2219],[7.7881,10.2182],[7.785,10.2185],[7.7804,10.2172],[7.7772,10.2194],[7.7717,10.2175],[7.7697,10.2157],[7.7679,10.1961],[7.7628,10.1861],[7.7618,10.1804],[7.7659,10.1774],[7.7701,10.1772],[7.774,10.1726],[7.7735,10.1687],[7.7743,10.164],[7.7781,10.1622],[7.7843,10.1628],[7.789,10.1641],[7.7927,10.1606],[7.7962,10.1592],[7.799,10.1553],[7.7977,10.1539],[7.7967,10.1493],[7.7988,10.1437],[7.7969,10.1387],[7.8021,10.1349],[7.8057,10.1342],[7.8058,10.1301],[7.8076,10.1295],[7.8127,10.1241],[7.8089,10.1169],[7.8077,10.1084],[7.8133,10.1021],[7.819,10.102],[7.822,10.0959],[7.8207,10.0938],[7.8159,10.0946],[7.8117,10.0925],[7.807,10.0868],[7.8086,10.0773],[7.8141,10.0737],[7.8186,10.0726],[7.822,10.0704],[7.8315,10.0724],[7.842,10.0698],[7.8452,10.0706],[7.8516,10.0744],[7.8549,10.0777],[7.8597,10.0724],[7.8622,10.0738],[7.8659,10.0717],[7.8742,10.0701],[7.8768,10.0657],[7.8828,10.0615],[7.8853,10.0606],[7.8904,10.0611],[7.8915,10.0639],[7.9028,10.07],[7.9052,10.0702],[7.9139,10.0688],[7.9168,10.0675],[7.9197,10.0681],[7.924,10.0665],[7.9303,10.0681],[7.9366,10.0824],[7.9384,10.0855],[7.9388,10.0902],[7.9386,10.0999],[7.9408,10.1017],[7.9409,10.1124],[7.9398,10.1175],[7.9401,10.1227],[7.9397,10.1332],[7.9419,10.1322],[7.9435,10.1353],[7.9475,10.1359]]]},"properties":{"name":"IDON","state":"18","code":"18/12/09"}},{"type":"Feature","geometry":{"type":"Polygon","coordinates":[[[7.822,10.0704],[7.8186,10.0726],[7.8141,10.0737],[7.8086,10.0773],[7.807,10.0868],[7.8117,10.0925],[7.8159,10.0946],[7.8207,10.0938],[7.822,10.0959],[7.819,10.102],[7.8133,10.1021],[7.8077,10.1084],[7.8089,10.1169],[7.8127,10.1241],[7.8076,10.1295],[7.8058,10.1301],[7.8057,10.1342],[7.8021,10.1349],[7.7969,10.1387],[7.7988,10.1437],[7.7967,10.1493],[7.7977,10.1539],[7.799,10.1553],[7.7962,10.1592],[7.7927,10.1606],[7.789,10.1641],[7.7843,10.1628],[7.7781,10.1622],[7.7743,10.164],[7.7735,10.1687],[7.774,10.1726],[7.7701,10.1772],[7.7659,10.1774],[7.7618,10.1804],[7.7597,10.1799],[7.7558,10.1817],[7.7471,10.1814],[7.7454,10.18],[7.7409,10.18],[7.7375,10.1757],[7.7373,10.17],[7.7329,10.1648],[7.7237,10.1643],[7.7197,10.1677],[7.7201,10.1738],[7.7181,10.176],[7.7172,10.1812],[7.7119,10.1835],[7.7084,10.1818],[7.7055,10.1843],[7.7017,10.1857],[7.7008,10.1879],[7.6978,10.1903],[7.6964,10.1837],[7.6973,10.1777],[7.6968,10.1732],[7.6986,10.1692],[7.6984,10.1649],[7.6901,10.1629],[7.6868,10.1605],[7.6852,10.1568],[7.6811,10.156],[7.6786,10.1569],[7.669,10.1546],[7.6661,10.1528],[7.6708,10.1471],[7.6738,10.1483],[7.6768,10.1474],[7.6776,10.1444],[7.6745,10.1432],[7.6663,10.1341],[7.6619,10.1299],[7.6544,10.1255],[7.6497,10.1243],[7.6448,10.1204],[7.6369,10.1162],[7.6309,10.1119],[7.6262,10.1068],[7.6243,10.1013],[7.6186,10.0962],[7.6152,10.0951],[7.6136,10.0919],[7.62,10.0889],[7.6278,10.0871],[7.6329,10.0868],[7.6379,10.0822],[7.6423,10.0792],[7.6489,10.0757],[7.6482,10.0729],[7.6495,10.0671],[7.6463,10.0642],[7.6432,10.0592],[7.6413,10.0536],[7.6421,10.0519],[7.6422,10.0444],[7.6364,10.0385],[7.6254,10.0384],[7.6213,10.0392],[7.6236,10.0327],[7.623,10.024],[7.6257,10.0172],[7.6246,10.0135],[7.631,10.0165],[7.6531,10.0162],[7.6566,10.0128],[7.661,10.0146],[7.6646,10.013],[7.6707,10.0088],[7.6742,10.0081],[7.6778,10.0051],[7.6828,10.0032],[7.6853,10.0014],[7.6901,10.0006],[7.6936,10.0081],[7.6978,10.0117],[7.7001,10.0127],[7.7102,10.0209],[7.7126,10.0204],[7.7188,10.0214],[7.7301,10.0168],[7.7359,10.0121],[7.739,9.9947],[7.7403,9.9907],[7.7428,9.9891],[7.7455,9.9853],[7.7485,9.9782],[7.7543,9.9814],[7.7565,9.9865],[7.7593,9.99],[7.7633,9.9909],[7.7707,9.9955],[7.7787,9.9986],[7.7818,9.9989],[7.7866,10.0019],[7.7958,10.0004],[7.7972,9.995],[7.7991,9.9917],[7.8032,9.9885],[7.8083,9.9923],[7.8037,10.0001],[7.8048,10.0088],[7.807,10.0138],[7.8057,10.0192],[7.8035,10.0239],[7.8024,10.0287],[7.8028,10.0347],[7.8005,10.0417],[7.8005,10.0469],[7.7993,10.0496],[7.8026,10.0524],[7.8068,10.0545],[7.8135,10.0536],[7.8182,10.0597],[7.8199,10.067],[7.822,10.0704]]]},"properties":{"name":"MARO","state":"18","code":"18/12/10"}},{"type":"Feature","geometry":{"type":"Polygon","coordinates":[[[8.3921,9.5403],[8.3954,9.5411],[8.3985,9.5391],[8.4092,9.5377],[8.4106,9.5386],[8.4148,9.537],[8.4197,9.5394],[8.4251,9.5359],[8.4266,9.532],[8.4302,9.5299],[8.4352,9.5315],[8.4451,9.5291],[8.45,9.5299],[8.4581,9.5342],[8.4576,9.5382],[8.4618,9.5379],[8.4614,9.5414],[8.4589,9.547],[8.4602,9.5486],[8.4653,9.547],[8.4676,9.5495],[8.4722,9.5514],[8.476,9.5518],[8.4812,9.5577],[8.4841,9.5565],[8.4855,9.5583],[8.484,9.5621],[8.4806,9.5654],[8.4785,9.57],[8.4787,9.5757],[8.4763,9.5795],[8.4786,9.5816],[8.4748,9.5887],[8.4768,9.5934],[8.4748,9.5969],[8.474,9.601],[8.4694,9.6051],[8.4651,9.605],[8.4636,9.6063],[8.4601,9.6054],[8.4563,9.607],[8.456,9.612],[8.4538,9.6145],[8.4547,9.6187],[8.4482,9.6194],[8.4463,9.6157],[8.4409,9.6175],[8.4395,9.6157],[8.4403,9.6117],[8.437,9.6096],[8.4352,9.6064],[8.425,9.6121],[8.4236,9.6097],[8.419,9.6091],[8.4192,9.6067],[8.4149,9.6035],[8.4099,9.6072],[8.4067,9.6072],[8.4032,9.6043],[8.3977,9.6105],[8.3962,9.6186],[8.3929,9.6201],[8.392,9.625],[8.3904,9.6275],[8.3887,9.6286],[8.3856,9.6347],[8.3822,9.635],[8.3792,9.6373],[8.3799,9.6396],[8.3838,9.645],[8.3822,9.6491],[8.3769,9.6584],[8.374,9.6588],[8.3656,9.6575],[8.363,9.6635],[8.36,9.6688],[8.3531,9.6689],[8.3488,9.6647],[8.3473,9.6574],[8.341,9.6492],[8.3441,9.6465],[8.3415,9.6423],[8.3417,9.6407],[8.3354,9.6378],[8.3359,9.6337],[8.3381,9.6285],[8.3395,9.6228],[8.3441,9.6207],[8.3508,9.6256],[8.3563,9.6265],[8.3606,9.6236],[8.3615,9.6197],[8.3649,9.6194],[8.367,9.6224],[8.37,9.6241],[8.3728,9.6235],[8.3742,9.6184],[8.3768,9.6162],[8.3796,9.6156],[8.381,9.6122],[8.3811,9.6081],[8.3824,9.6067],[8.3898,9.6046],[8.3936,9.6043],[8.3975,9.6014],[8.3998,9.5964],[8.3965,9.5971],[8.3954,9.5938],[8.394,9.5888],[8.387,9.5889],[8.3885,9.5848],[8.391,9.5844],[8.3898,9.5806],[8.3908,9.5776],[8.3942,9.5749],[8.3966,9.5671],[8.3949,9.5641],[8.3933,9.5557],[8.3876,9.549],[8.3886,9.5454],[8.3915,9.5435],[8.3921,9.5403]]]},"properties":{"name":"FADA","state":"18","code":"18/13/01"}},{"type":"Feature","geometry":{"type":"Polygon","coordinates":[[[8.3253,9.6048],[8.3276,9.6062],[8.3311,9.6052],[8.3344,9.606],[8.3341,9.6028],[8.3363,9.5991],[8.3406,9.5948],[8.3421,9.5953],[8.3522,9.5918],[8.3557,9.5931],[8.3596,9.5908],[8.3632,9.5929],[8.3646,9.5915],[8.3711,9.5922],[8.3756,9.5967],[8.3761,9.5989],[8.3845,9.6002],[8.3879,9.5983],[8.3904,9.5945],[8.3954,9.5938],[8.3965,9.5971],[8.3998,9.5964],[8.3975,9.6014],[8.3936,9.6043],[8.3898,9.6046],[8.3824,9.6067],[8.3811,9.6081],[8.381,9.6122],[8.3796,9.6156],[8.3768,9.6162],[8.3742,9.6184],[8.3728,9.6235],[8.37,9.6241],[8.367,9.6224],[8.3649,9.6194],[8.3615,9.6197],[8.3606,9.6236],[8.3563,9.6265],[8.3508,9.6256],[8.3441,9.6207],[8.3395,9.6228],[8.3348,9.622],[8.3324,9.6205],[8.3257,9.6197],[8.3217,9.6214],[8.3143,9.621],[8.3117,9.6139],[8.3131,9.6116],[8.3182,9.6102],[8.3203,9.6036],[8.3253,9.6048]]]},"properties":{"name":"KUKUM","state":"18","code":"18/13/02"}},{"type":"Feature","geometry":{"type":"Polygon","coordinates":[[[8.425,9.6121],[8.4206,9.612],[8.4151,9.6155],[8.4177,9.6198],[8.4185,9.6231],[8.4156,9.6285],[8.4123,9.6285],[8.4147,9.6331],[8.4166,9.6426],[8.4198,9.6487],[8.4196,9.6553],[8.422,9.6608],[8.4209,9.6677],[8.4209,9.6777],[8.422,9.6795],[8.4225,9.6813],[8.4166,9.6845],[8.4182,9.6889],[8.4224,9.6943],[8.4181,9.694],[8.4143,9.695],[8.4083,9.695],[8.4084,9.6883],[8.4033,9.6842],[8.4007,9.6752],[8.4003,9.6709],[8.4031,9.6689],[8.4029,9.6648],[8.4048,9.6563],[8.4021,9.6517],[8.4017,9.6492],[8.3986,9.6466],[8.3955,9.6403],[8.3995,9.634],[8.3904,9.6275],[8.392,9.625],[8.3929,9.6201],[8.3962,9.6186],[8.3977,9.6105],[8.4032,9.6043],[8.4067,9.6072],[8.4099,9.6072],[8.4149,9.6035],[8.4192,9.6067],[8.419,9.6091],[8.4236,9.6097],[8.425,9.6121]]]},"properties":{"name":"KPAK","state":"18","code":"18/13/03"}},{"type":"Feature","geometry":{"type":"Polygon","coordinates":[[[8.3402,9.5634],[8.3393,9.5575],[8.342,9.5521],[8.3412,9.5501],[8.3436,9.5495],[8.3448,9.5454],[8.3473,9.5446],[8.3515,9.5407],[8.357,9.5436],[8.3599,9.5429],[8.3644,9.5454],[8.3671,9.5488],[8.3707,9.551],[8.3753,9.5481],[8.3787,9.5486],[8.3886,9.5454],[8.3876,9.549],[8.3933,9.5557],[8.3949,9.5641],[8.3966,9.5671],[8.3942,9.5749],[8.3908,9.5776],[8.3898,9.5806],[8.391,9.5844],[8.3885,9.5848],[8.387,9.5889],[8.394,9.5888],[8.3954,9.5938],[8.3904,9.5945],[8.3879,9.5983],[8.3845,9.6002],[8.3761,9.5989],[8.3756,9.5967],[8.3711,9.5922],[8.3646,9.5915],[8.3632,9.5929],[8.3596,9.5908],[8.3557,9.5931],[8.3522,9.5918],[8.3421,9.5953],[8.3406,9.5948],[8.3363,9.5991],[8.3341,9.6028],[8.3344,9.606],[8.3311,9.6052],[8.3276,9.6062],[8.3253,9.6048],[8.3258,9.5963],[8.3299,9.5953],[8.3346,9.5922],[8.3423,9.5858],[8.3424,9.5812],[8.3467,9.5779],[8.3481,9.5743],[8.3474,9.5715],[8.3411,9.5657],[8.3402,9.5634]]]},"properties":{"name":"AGBAN","state":"18","code":"18/13/04"}},{"type":"Feature","geometry":{"type":"Polygon","coordinates":[[[8.4636,9.6063],[8.4634,9.6123],[8.4644,9.616],[8.4611,9.6258],[8.4562,9.6286],[8.4516,9.6356],[8.4505,9.6412],[8.4524,9.6422],[8.4524,9.6456],[8.4512,9.6504],[8.4534,9.6516],[8.452,9.6554],[8.4471,9.6569],[8.4503,9.6634],[8.448,9.6661],[8.4442,9.6667],[8.4438,9.6692],[8.44,9.6707],[8.4391,9.674],[8.422,9.6795],[8.4209,9.6777],[8.4209,9.6677],[8.422,9.6608],[8.4196,9.6553],[8.4198,9.6487],[8.4166,9.6426],[8.4147,9.6331],[8.4123,9.6285],[8.4156,9.6285],[8.4185,9.6231],[8.4177,9.6198],[8.4151,9.6155],[8.4206,9.612],[8.425,9.6121],[8.4352,9.6064],[8.437,9.6096],[8.4403,9.6117],[8.4395,9.6157],[8.4409,9.6175],[8.4463,9.6157],[8.4482,9.6194],[8.4547,9.6187],[8.4538,9.6145],[8.456,9.612],[8.4563,9.607],[8.4601,9.6054],[8.4636,9.6063]]]},"properties":{"name":"KADARKO","state":"18","code":"18/13/05"}},{"type":"Feature","geometry":{"type":"Polygon","coordinates":[[[8.3904,9.6275],[8.3995,9.634],[8.3955,9.6403],[8.3986,9.6466],[8.4017,9.6492],[8.4021,9.6517],[8.4048,9.6563],[8.4029,9.6648],[8.4031,9.6689],[8.4003,9.6709],[8.4007,9.6752],[8.4033,9.6842],[8.4084,9.6883],[8.4083,9.695],[8.4055,9.6963],[8.4035,9.7097],[8.4003,9.7136],[8.3974,9.7138],[8.387,9.7183],[8.3837,9.721],[8.3835,9.724],[8.3789,9.7267],[8.3758,9.7264],[8.3734,9.7195],[8.3666,9.7096],[8.3635,9.7078],[8.3604,9.7046],[8.3567,9.705],[8.3564,9.7019],[8.359,9.693],[8.3621,9.6881],[8.369,9.6788],[8.36,9.6688],[8.363,9.6635],[8.3656,9.6575],[8.374,9.6588],[8.3769,9.6584],[8.3822,9.6491],[8.3838,9.645],[8.3799,9.6396],[8.3792,9.6373],[8.3822,9.635],[8.3856,9.6347],[8.3887,9.6286],[8.3904,9.6275]]]},"properties":{"name":"MALLAGUM","state":"18","code":"18/13/06"}},{"type":"Feature","geometry":{"type":"Polygon","coordinates":[[[8.5802,9.673],[8.5746,9.675],[8.5757,9.6791],[8.5732,9.6802],[8.5691,9.6851],[8.562,9.6797],[8.5607,9.6821],[8.5538,9.6844],[8.5462,9.6811],[8.5446,9.6849],[8.5392,9.6848],[8.5393,9.6822],[8.5326,9.681],[8.5274,9.6838],[8.5227,9.6855],[8.5248,9.6885],[8.5222,9.6903],[8.5224,9.6953],[8.5174,9.7012],[8.5171,9.7053],[8.5182,9.708],[8.5138,9.7099],[8.5124,9.7148],[8.5091,9.7174],[8.5079,9.7222],[8.5055,9.7237],[8.504,9.7281],[8.5041,9.7308],[8.5009,9.7282],[8.4998,9.7232],[8.4956,9.7216],[8.4924,9.7159],[8.4915,9.7127],[8.4917,9.7053],[8.4881,9.7025],[8.4871,9.7001],[8.4828,9.6974],[8.4804,9.6949],[8.472,9.6918],[8.4775,9.6831],[8.4813,9.6809],[8.4816,9.6775],[8.4882,9.6782],[8.4894,9.6741],[8.4924,9.6716],[8.4955,9.6712],[8.4978,9.6683],[8.5109,9.668],[8.5126,9.6669],[8.5138,9.6631],[8.5158,9.6619],[8.5177,9.6566],[8.5201,9.6562],[8.5284,9.659],[8.5347,9.658],[8.5346,9.6624],[8.5377,9.6664],[8.5445,9.6709],[8.5507,9.6689],[8.5522,9.6624],[8.5536,9.6603],[8.56,9.663],[8.5597,9.6651],[8.5629,9.6674],[8.5766,9.6641],[8.5799,9.6617],[8.5831,9.6622],[8.5852,9.6644],[8.5833,9.666],[8.5834,9.6689],[8.5802,9.673]]]},"properties":{"name":"MANCHOK","state":"18","code":"18/13/07"}},{"type":"Feature","geometry":{"type":"Polygon","coordinates":[[[8.5802,9.673],[8.5816,9.6758],[8.5859,9.677],[8.599,9.6787],[8.6019,9.6907],[8.6019,9.7061],[8.6015,9.7153],[8.5989,9.7279],[8.6087,9.739],[8.603,9.7359],[8.5972,9.7364],[8.5912,9.7317],[8.5833,9.7248],[8.5798,9.7208],[8.5744,9.725],[8.573,9.7297],[8.575,9.7362],[8.5731,9.7401],[8.5702,9.7402],[8.5668,9.7423],[8.5538,9.7432],[8.5508,9.7424],[8.5495,9.7396],[8.5451,9.7377],[8.5438,9.74],[8.5401,9.742],[8.5353,9.7463],[8.531,9.7562],[8.5265,9.757],[8.5249,9.7552],[8.5255,9.7498],[8.525,9.7438],[8.527,9.738],[8.5245,9.737],[8.521,9.7375],[8.5188,9.7359],[8.5132,9.7347],[8.5024,9.7388],[8.5018,9.7332],[8.5041,9.7308],[8.504,9.7281],[8.5055,9.7237],[8.5079,9.7222],[8.5091,9.7174],[8.5124,9.7148],[8.5138,9.7099],[8.5182,9.708],[8.5171,9.7053],[8.5174,9.7012],[8.5224,9.6953],[8.5222,9.6903],[8.5248,9.6885],[8.5227,9.6855],[8.5274,9.6838],[8.5326,9.681],[8.5393,9.6822],[8.5392,9.6848],[8.5446,9.6849],[8.5462,9.6811],[8.5538,9.6844],[8.5607,9.6821],[8.562,9.6797],[8.5691,9.6851],[8.5732,9.6802],[8.5757,9.6791],[8.5746,9.675],[8.5802,9.673]]]},"properties":{"name":"BONDON","state":"18","code":"18/13/08"}},{"type":"Feature","geometry":{"type":"Polygon","coordinates":[[[8.422,9.6795],[8.4391,9.674],[8.44,9.6707],[8.4438,9.6692],[8.4442,9.6667],[8.448,9.6661],[8.4503,9.6634],[8.4471,9.6569],[8.452,9.6554],[8.4534,9.6516],[8.4564,9.6481],[8.4614,9.6511],[8.4635,9.6536],[8.4724,9.654],[8.4737,9.6503],[8.4711,9.6477],[8.4755,9.6425],[8.4763,9.6396],[8.4812,9.6373],[8.4846,9.6381],[8.4871,9.6467],[8.4915,9.6494],[8.4991,9.651],[8.5027,9.6498],[8.5047,9.6509],[8.5082,9.6489],[8.5119,9.6493],[8.5171,9.6545],[8.5177,9.6566],[8.5158,9.6619],[8.5138,9.6631],[8.5126,9.6669],[8.5109,9.668],[8.4978,9.6683],[8.4955,9.6712],[8.4924,9.6716],[8.4894,9.6741],[8.4882,9.6782],[8.4816,9.6775],[8.4813,9.6809],[8.4775,9.6831],[8.472,9.6918],[8.4654,9.6943],[8.4596,9.6928],[8.4536,9.6946],[8.4488,9.6945],[8.4453,9.6956],[8.4392,9.6945],[8.4337,9.6966],[8.4295,9.697],[8.4224,9.6943],[8.4182,9.6889],[8.4166,9.6845],[8.4225,9.6813],[8.422,9.6795]]]},"properties":{"name":"KAURA","state":"18","code":"18/13/09"}},{"type":"Feature","geometry":{"type":"Polygon","coordinates":[[[8.5582,9.5491],[8.556,9.5553],[8.5536,9.569],[8.555,9.5806],[8.5659,9.5966],[8.5669,9.6034],[8.567,9.614],[8.5656,9.6243],[8.5704,9.64],[8.5778,9.6564],[8.5831,9.6622],[8.5799,9.6617],[8.5766,9.6641],[8.5629,9.6674],[8.5597,9.6651],[8.56,9.663],[8.5536,9.6603],[8.5522,9.6624],[8.5507,9.6689],[8.5445,9.6709],[8.5377,9.6664],[8.5346,9.6624],[8.5347,9.658],[8.5284,9.659],[8.5201,9.6562],[8.5177,9.6566],[8.5171,9.6545],[8.5119,9.6493],[8.5082,9.6489],[8.5047,9.6509],[8.5027,9.6498],[8.4991,9.651],[8.4915,9.6494],[8.4871,9.6467],[8.4846,9.6381],[8.4812,9.6373],[8.4763,9.6396],[8.4755,9.6425],[8.4711,9.6477],[8.4737,9.6503],[8.4724,9.654],[8.4635,9.6536],[8.4614,9.6511],[8.4564,9.6481],[8.4534,9.6516],[8.4512,9.6504],[8.4524,9.6456],[8.4524,9.6422],[8.4505,9.6412],[8.4516,9.6356],[8.4562,9.6286],[8.4611,9.6258],[8.4644,9.616],[8.4634,9.6123],[8.4636,9.6063],[8.4651,9.605],[8.4694,9.6051],[8.474,9.601],[8.4748,9.5969],[8.4768,9.5934],[8.4748,9.5887],[8.4786,9.5816],[8.4763,9.5795],[8.4787,9.5757],[8.4785,9.57],[8.4806,9.5654],[8.484,9.5621],[8.4855,9.5583],[8.4841,9.5565],[8.4898,9.5529],[8.4968,9.5506],[8.504,9.5453],[8.5086,9.5427],[8.511,9.5434],[8.5144,9.5415],[8.519,9.542],[8.521,9.5408],[8.5299,9.5393],[8.5353,9.541],[8.5405,9.5437],[8.5435,9.5426],[8.5495,9.545],[8.5522,9.5471],[8.5582,9.5491]]]},"properties":{"name":"ZANKAN","state":"18","code":"18/13/10"}},{"type":"Feature","geometry":{"type":"Polygon","coordinates":[[[8.1454,10.6565],[8.1419,10.6628],[8.1403,10.6694],[8.1379,10.6723],[8.1406,10.6764],[8.1335,10.683],[8.1249,10.6806],[8.1206,10.6741],[8.1178,10.6727],[8.111,10.6724],[8.1083,10.6761],[8.1041,10.6743],[8.0968,10.6765],[8.0922,10.6749],[8.0915,10.6727],[8.088,10.6694],[8.0861,10.665],[8.0839,10.6633],[8.0828,10.6603],[8.0857,10.6572],[8.0924,10.6525],[8.0931,10.6469],[8.0955,10.641],[8.0973,10.6392],[8.0997,10.633],[8.1007,10.6288],[8.1068,10.6288],[8.1062,10.6216],[8.1004,10.6152],[8.1038,10.6108],[8.1073,10.6109],[8.106,10.6073],[8.105,10.5976],[8.101,10.5905],[8.0983,10.5909],[8.0968,10.5932],[8.093,10.5921],[8.0934,10.5882],[8.0893,10.5886],[8.086,10.5944],[8.0845,10.5956],[8.0813,10.5937],[8.0802,10.5908],[8.0807,10.5878],[8.0791,10.5838],[8.0803,10.5798],[8.08,10.5719],[8.0835,10.5646],[8.0786,10.557],[8.0785,10.5529],[8.077,10.5519],[8.0706,10.553],[8.0683,10.5523],[8.0625,10.5471],[8.0583,10.5448],[8.0561,10.5424],[8.0576,10.5413],[8.0614,10.5419],[8.0636,10.5358],[8.0673,10.5336],[8.0699,10.5289],[8.0681,10.5263],[8.0739,10.5166],[8.0761,10.5072],[8.0724,10.5064],[8.0651,10.5018],[8.0621,10.4989],[8.0575,10.4913],[8.0579,10.4826],[8.0615,10.4792],[8.0631,10.4734],[8.0622,10.4698],[8.0679,10.4692],[8.0703,10.4658],[8.0714,10.4608],[8.0807,10.4568],[8.0836,10.4577],[8.0859,10.4559],[8.087,10.4525],[8.0902,10.448],[8.0901,10.4447],[8.0885,10.4427],[8.0882,10.4392],[8.0898,10.4377],[8.0891,10.4313],[8.0753,10.428],[8.077,10.4196],[8.0784,10.4162],[8.0897,10.4073],[8.0957,10.4109],[8.0985,10.4198],[8.1004,10.4209],[8.1072,10.4201],[8.1114,10.4208],[8.1151,10.42],[8.1181,10.4221],[8.1226,10.4228],[8.1274,10.4288],[8.1299,10.4331],[8.1308,10.4369],[8.1338,10.439],[8.1347,10.4423],[8.134,10.4461],[8.1359,10.4483],[8.1379,10.4532],[8.1454,10.4596],[8.1471,10.4619],[8.1502,10.4614],[8.1501,10.4703],[8.1521,10.4743],[8.1544,10.4842],[8.1561,10.4856],[8.1557,10.489],[8.1595,10.4889],[8.1591,10.4922],[8.1605,10.4967],[8.1657,10.5026],[8.1677,10.5085],[8.1702,10.5128],[8.1702,10.5155],[8.1743,10.5188],[8.1765,10.5171],[8.1823,10.5164],[8.185,10.5178],[8.192,10.5183],[8.194,10.5235],[8.1929,10.5281],[8.1962,10.5361],[8.193,10.5407],[8.19,10.5424],[8.1901,10.5472],[8.1884,10.5476],[8.1858,10.5574],[8.1835,10.5605],[8.1809,10.5687],[8.1728,10.5712],[8.1759,10.5789],[8.1763,10.584],[8.1792,10.5898],[8.1759,10.5909],[8.1714,10.5905],[8.1706,10.5922],[8.1717,10.5978],[8.1693,10.6049],[8.1648,10.6082],[8.1646,10.6136],[8.1594,10.617],[8.1597,10.6184],[8.1541,10.6222],[8.1541,10.6248],[8.1588,10.6338],[8.1504,10.6414],[8.1438,10.6417],[8.1421,10.6449],[8.1457,10.6504],[8.1442,10.6538],[8.1454,10.6565]]]},"properties":{"name":"KAURU WEST","state":"18","code":"18/14/01"}},{"type":"Feature","geometry":{"type":"Polygon","coordinates":[[[8.0922,10.6749],[8.0892,10.6785],[8.0795,10.6805],[8.0772,10.6836],[8.0753,10.684],[8.0734,10.6871],[8.0677,10.684],[8.065,10.6861],[8.0641,10.6892],[8.0545,10.697],[8.0529,10.6934],[8.046,10.6902],[8.0408,10.6935],[8.0377,10.6965],[8.0312,10.7002],[8.0279,10.7034],[8.0246,10.7037],[8.0187,10.7077],[8.0166,10.7084],[8.0119,10.7067],[8.0091,10.7039],[8.009,10.71],[8.0072,10.7137],[8.0022,10.7165],[7.9974,10.7115],[7.9922,10.7115],[7.9886,10.7126],[7.9856,10.7111],[7.985,10.7081],[7.9825,10.7065],[7.9731,10.7058],[7.9643,10.7067],[7.9633,10.7055],[7.9576,10.7043],[7.9537,10.7059],[7.9526,10.7098],[7.95,10.7107],[7.945,10.7083],[7.9438,10.7045],[7.9418,10.7025],[7.9319,10.7032],[7.9252,10.7051],[7.9223,10.7002],[7.9214,10.6961],[7.9186,10.6951],[7.9163,10.6894],[7.919,10.6831],[7.9192,10.6801],[7.9236,10.673],[7.9253,10.6714],[7.9297,10.6714],[7.9378,10.6702],[7.9434,10.6673],[7.9473,10.668],[7.947,10.6635],[7.9446,10.6573],[7.9441,10.6534],[7.9418,10.6494],[7.9402,10.6436],[7.9428,10.6399],[7.9433,10.6356],[7.9499,10.6341],[7.9521,10.6325],[7.9588,10.6308],[7.9627,10.627],[7.9642,10.6242],[7.9648,10.6183],[7.9698,10.6136],[7.9696,10.6111],[7.971,10.6073],[7.9668,10.6006],[7.968,10.5983],[7.9741,10.5984],[7.9852,10.5847],[7.9902,10.5796],[7.992,10.5699],[7.9937,10.5686],[7.9904,10.5638],[7.9958,10.5598],[7.9981,10.56],[8.0007,10.558],[8.005,10.558],[8.009,10.5601],[8.0098,10.5635],[8.0119,10.5633],[8.0153,10.5675],[8.0202,10.5676],[8.0248,10.5656],[8.0305,10.5617],[8.0413,10.5627],[8.0432,10.5595],[8.0487,10.5568],[8.0513,10.5518],[8.0552,10.5493],[8.0561,10.5424],[8.0583,10.5448],[8.0625,10.5471],[8.0683,10.5523],[8.0706,10.553],[8.077,10.5519],[8.0785,10.5529],[8.0786,10.557],[8.0835,10.5646],[8.08,10.5719],[8.0803,10.5798],[8.0791,10.5838],[8.0807,10.5878],[8.0802,10.5908],[8.0813,10.5937],[8.0845,10.5956],[8.086,10.5944],[8.0893,10.5886],[8.0934,10.5882],[8.093,10.5921],[8.0968,10.5932],[8.0983,10.5909],[8.101,10.5905],[8.105,10.5976],[8.106,10.6073],[8.1073,10.6109],[8.1038,10.6108],[8.1004,10.6152],[8.1062,10.6216],[8.1068,10.6288],[8.1007,10.6288],[8.0997,10.633],[8.0973,10.6392],[8.0955,10.641],[8.0931,10.6469],[8.0924,10.6525],[8.0857,10.6572],[8.0828,10.6603],[8.0839,10.6633],[8.0861,10.665],[8.088,10.6694],[8.0915,10.6727],[8.0922,10.6749]]]},"properties":{"name":"MAKAMI","state":"18","code":"18/14/02"}},{"type":"Feature","geometry":{"type":"Polygon","coordinates":[[[7.8708,10.5323],[7.8694,10.5282],[7.871,10.525],[7.8776,10.5197],[7.8824,10.5204],[7.8836,10.5157],[7.8875,10.5151],[7.8909,10.5107],[7.8957,10.5068],[7.8989,10.5005],[7.8973,10.5001],[7.8973,10.4956],[7.9019,10.4928],[7.9084,10.4876],[7.9125,10.486],[7.917,10.4876],[7.9212,10.4842],[7.9253,10.4834],[7.9335,10.4835],[7.9422,10.4804],[7.9472,10.478],[7.955,10.4755],[7.957,10.4758],[7.9666,10.4793],[7.9733,10.4796],[7.978,10.4809],[7.9826,10.4778],[7.9868,10.4784],[7.9905,10.4778],[7.9962,10.4784],[8.0014,10.4819],[8.0033,10.4812],[8.0052,10.477],[8.0086,10.4766],[8.0124,10.4746],[8.0118,10.4669],[8.0092,10.4616],[8.0064,10.4579],[8.0016,10.454],[8.0047,10.4515],[8.0103,10.4444],[8.0161,10.4438],[8.0187,10.4399],[8.0232,10.4389],[8.0292,10.4356],[8.0329,10.4348],[8.037,10.4308],[8.0381,10.4286],[8.042,10.4259],[8.0416,10.4213],[8.0426,10.4175],[8.0501,10.4089],[8.0504,10.3973],[8.0494,10.3945],[8.0452,10.3909],[8.0464,10.3856],[8.0488,10.3799],[8.0519,10.3759],[8.0491,10.3722],[8.0447,10.3722],[8.0409,10.3612],[8.0385,10.3577],[8.033,10.3544],[8.0302,10.3512],[8.0293,10.3465],[8.027,10.3435],[8.0207,10.3382],[8.0194,10.3323],[8.0162,10.328],[8.0161,10.3261],[8.0206,10.3235],[8.0225,10.3252],[8.0222,10.3311],[8.0255,10.3336],[8.031,10.3313],[8.0354,10.3273],[8.0371,10.323],[8.0399,10.3202],[8.0456,10.3225],[8.051,10.3156],[8.0545,10.3147],[8.0571,10.3179],[8.0596,10.3161],[8.0603,10.3127],[8.0665,10.3138],[8.0685,10.3191],[8.0709,10.3199],[8.0753,10.3194],[8.0773,10.3156],[8.0799,10.3159],[8.0836,10.3137],[8.0853,10.3162],[8.0874,10.3129],[8.0925,10.3113],[8.0955,10.313],[8.0998,10.3099],[8.1092,10.3044],[8.1093,10.3013],[8.1186,10.2954],[8.1231,10.2959],[8.1271,10.2884],[8.1292,10.2854],[8.1358,10.2845],[8.1381,10.2812],[8.1409,10.2845],[8.1414,10.2877],[8.1406,10.2918],[8.1452,10.2979],[8.1532,10.2981],[8.1552,10.296],[8.1543,10.2926],[8.1584,10.2924],[8.162,10.2858],[8.1678,10.2854],[8.171,10.2881],[8.1733,10.2884],[8.1735,10.2921],[8.1759,10.2921],[8.1799,10.2891],[8.1798,10.2848],[8.1885,10.287],[8.1911,10.2971],[8.1923,10.2987],[8.1891,10.3023],[8.1842,10.3052],[8.178,10.307],[8.1762,10.316],[8.1769,10.3196],[8.1796,10.3229],[8.1819,10.3239],[8.1872,10.3301],[8.1832,10.3325],[8.1807,10.3383],[8.1757,10.3418],[8.1743,10.3449],[8.1751,10.3486],[8.1747,10.3545],[8.1714,10.3554],[8.1742,10.3592],[8.1734,10.3655],[8.1742,10.3677],[8.1774,10.3694],[8.1792,10.3725],[8.1842,10.375],[8.1888,10.3753],[8.1966,10.3787],[8.199,10.3858],[8.2037,10.3885],[8.2073,10.3924],[8.2066,10.3984],[8.2052,10.4007],[8.2051,10.4046],[8.2028,10.4102],[8.2049,10.4137],[8.209,10.4143],[8.2096,10.4209],[8.208,10.4244],[8.2101,10.4285],[8.2134,10.4305],[8.219,10.4319],[8.2228,10.4343],[8.2259,10.433],[8.2271,10.435],[8.2312,10.4334],[8.2344,10.4362],[8.2322,10.4474],[8.232,10.4509],[8.229,10.4552],[8.2306,10.4591],[8.234,10.4638],[8.233,10.4688],[8.2308,10.4733],[8.2341,10.4775],[8.2435,10.4823],[8.2495,10.4867],[8.2524,10.4868],[8.2593,10.4834],[8.2632,10.4847],[8.2666,10.4878],[8.2692,10.4878],[8.2718,10.4908],[8.2766,10.4919],[8.2747,10.4964],[8.272,10.4946],[8.2694,10.4962],[8.2681,10.5002],[8.2643,10.501],[8.2626,10.5067],[8.2649,10.5091],[8.2616,10.5134],[8.2626,10.5204],[8.265,10.5226],[8.2625,10.5272],[8.2608,10.5338],[8.261,10.5375],[8.2592,10.5406],[8.261,10.5448],[8.2545,10.5435],[8.2536,10.5404],[8.2509,10.5416],[8.2474,10.5408],[8.245,10.5436],[8.2406,10.5461],[8.2326,10.5403],[8.2333,10.5374],[8.2307,10.5324],[8.2253,10.5299],[8.2203,10.5235],[8.2202,10.5205],[8.2235,10.515],[8.2241,10.5122],[8.2222,10.5015],[8.22,10.5008],[8.2134,10.4961],[8.2098,10.5027],[8.2077,10.5082],[8.2023,10.5071],[8.2003,10.509],[8.196,10.5107],[8.192,10.5183],[8.185,10.5178],[8.1823,10.5164],[8.1765,10.5171],[8.1743,10.5188],[8.1702,10.5155],[8.1702,10.5128],[8.1677,10.5085],[8.1657,10.5026],[8.1605,10.4967],[8.1591,10.4922],[8.1595,10.4889],[8.1557,10.489],[8.1561,10.4856],[8.1544,10.4842],[8.1521,10.4743],[8.1501,10.4703],[8.1502,10.4614],[8.1471,10.4619],[8.1454,10.4596],[8.1379,10.4532],[8.1359,10.4483],[8.134,10.4461],[8.1347,10.4423],[8.1338,10.439],[8.1308,10.4369],[8.1299,10.4331],[8.1274,10.4288],[8.1226,10.4228],[8.1181,10.4221],[8.1151,10.42],[8.1114,10.4208],[8.1072,10.4201],[8.1004,10.4209],[8.0985,10.4198],[8.0957,10.4109],[8.0897,10.4073],[8.0784,10.4162],[8.077,10.4196],[8.0753,10.428],[8.0891,10.4313],[8.0898,10.4377],[8.0882,10.4392],[8.0885,10.4427],[8.0901,10.4447],[8.0902,10.448],[8.087,10.4525],[8.0859,10.4559],[8.0836,10.4577],[8.0807,10.4568],[8.0714,10.4608],[8.0703,10.4658],[8.0679,10.4692],[8.0622,10.4698],[8.0631,10.4734],[8.0615,10.4792],[8.0579,10.4826],[8.0575,10.4913],[8.0621,10.4989],[8.0651,10.5018],[8.0724,10.5064],[8.0761,10.5072],[8.0739,10.5166],[8.0681,10.5263],[8.0699,10.5289],[8.0673,10.5336],[8.0636,10.5358],[8.0614,10.5419],[8.0576,10.5413],[8.0561,10.5424],[8.0552,10.5493],[8.0513,10.5518],[8.0487,10.5568],[8.0432,10.5595],[8.0413,10.5627],[8.0305,10.5617],[8.0248,10.5656],[8.0202,10.5676],[8.0153,10.5675],[8.0119,10.5633],[8.0098,10.5635],[8.009,10.5601],[8.005,10.558],[8.0007,10.558],[7.9981,10.56],[7.9958,10.5598],[7.9904,10.5638],[7.9937,10.5686],[7.992,10.5699],[7.9902,10.5796],[7.9852,10.5847],[7.9741,10.5984],[7.968,10.5983],[7.9668,10.6006],[7.971,10.6073],[7.9696,10.6111],[7.9698,10.6136],[7.9648,10.6183],[7.9642,10.6242],[7.9627,10.627],[7.9588,10.6308],[7.9521,10.6325],[7.9499,10.6341],[7.9433,10.6356],[7.9428,10.6399],[7.9402,10.6436],[7.9418,10.6494],[7.9441,10.6534],[7.9446,10.6573],[7.947,10.6635],[7.9473,10.668],[7.9434,10.6673],[7.9378,10.6702],[7.9297,10.6714],[7.9253,10.6714],[7.9236,10.673],[7.9192,10.6801],[7.919,10.6831],[7.9163,10.6894],[7.9084,10.6907],[7.9006,10.6946],[7.8959,10.6914],[7.8945,10.6877],[7.8956,10.6827],[7.8878,10.6783],[7.8875,10.6747],[7.8805,10.6745],[7.8772,10.6724],[7.873,10.6735],[7.861,10.6658],[7.8589,10.6666],[7.8542,10.6635],[7.8579,10.6601],[7.8616,10.6591],[7.868,10.6558],[7.8671,10.6528],[7.8664,10.6454],[7.8637,10.6348],[7.8623,10.6336],[7.8611,10.6289],[7.8623,10.6234],[7.8613,10.6204],[7.8618,10.6123],[7.8576,10.6116],[7.8545,10.6088],[7.8576,10.603],[7.8588,10.6023],[7.8631,10.6043],[7.8691,10.6016],[7.8719,10.6018],[7.8788,10.6008],[7.8854,10.5977],[7.8861,10.5959],[7.8925,10.5898],[7.8955,10.5857],[7.8966,10.5825],[7.8906,10.5805],[7.8904,10.5771],[7.8887,10.574],[7.8893,10.5709],[7.8912,10.5697],[7.8938,10.5656],[7.8991,10.5606],[7.9006,10.5562],[7.8998,10.5542],[7.9011,10.5506],[7.8966,10.5482],[7.8959,10.5448],[7.8931,10.5445],[7.8915,10.5403],[7.8898,10.5396],[7.8855,10.5423],[7.8825,10.5453],[7.8818,10.5403],[7.8766,10.5341],[7.872,10.534],[7.8708,10.5323]]]},"properties":{"name":"DAWAKI","state":"18","code":"18/14/03"}},{"type":"Feature","geometry":{"type":"Polygon","coordinates":[[[8.1885,10.287],[8.1927,10.2873],[8.1972,10.2854],[8.1997,10.2804],[8.2069,10.2829],[8.2087,10.2847],[8.2112,10.2836],[8.2178,10.2865],[8.2205,10.2906],[8.2244,10.2885],[8.2244,10.2862],[8.2265,10.2836],[8.2292,10.2867],[8.2303,10.2903],[8.2302,10.2971],[8.2328,10.3027],[8.2348,10.3042],[8.2359,10.3078],[8.2422,10.3098],[8.2448,10.3144],[8.2511,10.3102],[8.2575,10.3078],[8.2612,10.3073],[8.2663,10.3035],[8.2693,10.3034],[8.2737,10.3007],[8.2795,10.3002],[8.2827,10.2979],[8.2938,10.3003],[8.2961,10.2997],[8.309,10.3038],[8.313,10.3038],[8.3163,10.3065],[8.3199,10.3048],[8.3223,10.3073],[8.3282,10.3061],[8.3291,10.3083],[8.3274,10.3132],[8.3281,10.3146],[8.3245,10.3206],[8.326,10.3235],[8.3261,10.3296],[8.3242,10.3331],[8.3212,10.3357],[8.3235,10.3415],[8.3201,10.3436],[8.3202,10.3479],[8.3176,10.3503],[8.3193,10.3575],[8.3289,10.3585],[8.3357,10.36],[8.3373,10.3619],[8.3412,10.3616],[8.3452,10.3634],[8.3474,10.3696],[8.3526,10.3717],[8.3584,10.3768],[8.3616,10.3808],[8.3705,10.3811],[8.377,10.3867],[8.3811,10.3878],[8.3848,10.3918],[8.3846,10.3933],[8.3878,10.3976],[8.3876,10.4047],[8.3932,10.4067],[8.3962,10.4064],[8.4007,10.4094],[8.4062,10.4072],[8.4104,10.4109],[8.4167,10.4106],[8.4214,10.416],[8.424,10.4172],[8.4255,10.4232],[8.4285,10.4255],[8.434,10.4341],[8.4318,10.4382],[8.4334,10.4412],[8.4369,10.4436],[8.4369,10.45],[8.4387,10.4544],[8.4419,10.4589],[8.4425,10.465],[8.4366,10.4639],[8.4324,10.4645],[8.4268,10.461],[8.4215,10.4619],[8.4195,10.4613],[8.4154,10.4575],[8.4138,10.4554],[8.4086,10.4583],[8.399,10.4584],[8.3959,10.457],[8.3944,10.4607],[8.3904,10.4654],[8.3825,10.4721],[8.3802,10.4751],[8.3807,10.4777],[8.3795,10.483],[8.3794,10.4879],[8.3742,10.4901],[8.3696,10.4875],[8.3649,10.4906],[8.3609,10.4963],[8.3573,10.4943],[8.3544,10.4967],[8.3496,10.4973],[8.3471,10.4988],[8.3419,10.498],[8.3386,10.5002],[8.336,10.5],[8.3301,10.5046],[8.3322,10.5119],[8.3248,10.5183],[8.3211,10.5185],[8.3136,10.5172],[8.3103,10.5184],[8.3067,10.5197],[8.3017,10.5198],[8.299,10.521],[8.2949,10.5165],[8.2916,10.5153],[8.286,10.5165],[8.2849,10.5143],[8.2857,10.5116],[8.2846,10.5062],[8.2745,10.5043],[8.2721,10.5058],[8.2692,10.5054],[8.2649,10.5091],[8.2626,10.5067],[8.2643,10.501],[8.2681,10.5002],[8.2694,10.4962],[8.272,10.4946],[8.2747,10.4964],[8.2766,10.4919],[8.2718,10.4908],[8.2692,10.4878],[8.2666,10.4878],[8.2632,10.4847],[8.2593,10.4834],[8.2524,10.4868],[8.2495,10.4867],[8.2435,10.4823],[8.2341,10.4775],[8.2308,10.4733],[8.233,10.4688],[8.234,10.4638],[8.2306,10.4591],[8.229,10.4552],[8.232,10.4509],[8.2322,10.4474],[8.2344,10.4362],[8.2312,10.4334],[8.2271,10.435],[8.2259,10.433],[8.2228,10.4343],[8.219,10.4319],[8.2134,10.4305],[8.2101,10.4285],[8.208,10.4244],[8.2096,10.4209],[8.209,10.4143],[8.2049,10.4137],[8.2028,10.4102],[8.2051,10.4046],[8.2052,10.4007],[8.2066,10.3984],[8.2073,10.3924],[8.2037,10.3885],[8.199,10.3858],[8.1966,10.3787],[8.1888,10.3753],[8.1842,10.375],[8.1792,10.3725],[8.1774,10.3694],[8.1742,10.3677],[8.1734,10.3655],[8.1742,10.3592],[8.1714,10.3554],[8.1747,10.3545],[8.1751,10.3486],[8.1743,10.3449],[8.1757,10.3418],[8.1807,10.3383],[8.1832,10.3325],[8.1872,10.3301],[8.1819,10.3239],[8.1796,10.3229],[8.1769,10.3196],[8.1762,10.316],[8.178,10.307],[8.1842,10.3052],[8.1891,10.3023],[8.1923,10.2987],[8.1911,10.2971],[8.1885,10.287]]]},"properties":{"name":"KWASSAM","state":"18","code":"18/14/04"}},{"type":"Feature","geometry":{"type":"Polygon","coordinates":[[[8.1381,10.2812],[8.1413,10.2765],[8.1428,10.2721],[8.1472,10.2687],[8.1477,10.2661],[8.1437,10.2644],[8.1435,10.2604],[8.1453,10.256],[8.1445,10.2517],[8.1469,10.2492],[8.1541,10.2477],[8.1605,10.2415],[8.1608,10.2396],[8.157,10.2332],[8.1607,10.2297],[8.1619,10.224],[8.1601,10.219],[8.1628,10.2174],[8.1678,10.2243],[8.1751,10.2282],[8.1817,10.23],[8.1819,10.2259],[8.1797,10.2231],[8.1767,10.2155],[8.1783,10.2073],[8.1741,10.2022],[8.172,10.1961],[8.1732,10.1914],[8.1787,10.189],[8.186,10.181],[8.1925,10.1791],[8.1954,10.1737],[8.2005,10.1706],[8.2039,10.1667],[8.2072,10.1683],[8.211,10.1653],[8.212,10.1608],[8.2067,10.1526],[8.2063,10.1478],[8.2099,10.1431],[8.2131,10.1419],[8.2161,10.1346],[8.2268,10.1311],[8.2306,10.1266],[8.23,10.1212],[8.2278,10.1185],[8.2258,10.1133],[8.2262,10.1073],[8.2295,10.1032],[8.2318,10.0965],[8.2283,10.0898],[8.2322,10.0883],[8.2332,10.085],[8.228,10.0818],[8.2255,10.0792],[8.2263,10.0772],[8.2306,10.0736],[8.2378,10.0724],[8.2421,10.0761],[8.2449,10.0772],[8.253,10.078],[8.2567,10.0759],[8.258,10.0724],[8.2552,10.0663],[8.2535,10.0644],[8.2523,10.0585],[8.2577,10.0597],[8.2614,10.059],[8.2679,10.0528],[8.269,10.0483],[8.2714,10.0444],[8.2687,10.0369],[8.2759,10.0373],[8.2792,10.0401],[8.2836,10.0419],[8.2885,10.0398],[8.2922,10.0396],[8.2948,10.0421],[8.2996,10.0426],[8.3022,10.0403],[8.3092,10.0425],[8.311,10.0421],[8.3145,10.0378],[8.3132,10.0336],[8.3149,10.0306],[8.3171,10.0307],[8.3204,10.0334],[8.3237,10.0326],[8.3286,10.0337],[8.3307,10.0313],[8.3273,10.028],[8.328,10.0262],[8.3348,10.0246],[8.3373,10.0253],[8.3407,10.0225],[8.3491,10.0229],[8.3545,10.0213],[8.3554,10.0254],[8.3587,10.0269],[8.36,10.0306],[8.3601,10.0345],[8.3625,10.0339],[8.3683,10.0353],[8.3696,10.0366],[8.3695,10.0421],[8.3708,10.0465],[8.3695,10.0593],[8.3707,10.0614],[8.369,10.0724],[8.3701,10.0756],[8.3696,10.0786],[8.3658,10.0804],[8.3623,10.0836],[8.3618,10.0866],[8.3594,10.0897],[8.3585,10.0933],[8.3562,10.0957],[8.3553,10.1014],[8.3532,10.1027],[8.3521,10.1057],[8.3487,10.1094],[8.3486,10.1131],[8.3461,10.1185],[8.3483,10.1223],[8.3433,10.1243],[8.3365,10.124],[8.3337,10.123],[8.3271,10.1236],[8.3203,10.1255],[8.3183,10.1252],[8.3136,10.1278],[8.3188,10.1307],[8.3213,10.1347],[8.321,10.1387],[8.3219,10.1419],[8.3241,10.1436],[8.325,10.1467],[8.3273,10.1482],[8.3276,10.1516],[8.3267,10.1565],[8.3312,10.158],[8.331,10.155],[8.3341,10.1543],[8.337,10.1555],[8.3378,10.1599],[8.3421,10.1594],[8.3438,10.1578],[8.3506,10.1588],[8.3553,10.1649],[8.3545,10.1709],[8.3614,10.1736],[8.3669,10.1765],[8.368,10.1793],[8.3724,10.1831],[8.3763,10.1841],[8.3763,10.1866],[8.3858,10.185],[8.3874,10.1864],[8.3862,10.1898],[8.3835,10.192],[8.3769,10.1931],[8.3736,10.1946],[8.366,10.1965],[8.3593,10.2024],[8.3553,10.205],[8.3529,10.2087],[8.348,10.2143],[8.3461,10.2205],[8.3467,10.2243],[8.3413,10.2342],[8.3414,10.2395],[8.3394,10.2468],[8.3359,10.2528],[8.3333,10.2526],[8.3264,10.2548],[8.3264,10.2629],[8.329,10.2676],[8.3284,10.2742],[8.3268,10.2774],[8.326,10.286],[8.3266,10.2902],[8.3259,10.2934],[8.3283,10.296],[8.3292,10.3013],[8.3273,10.304],[8.3282,10.3061],[8.3223,10.3073],[8.3199,10.3048],[8.3163,10.3065],[8.313,10.3038],[8.309,10.3038],[8.2961,10.2997],[8.2938,10.3003],[8.2827,10.2979],[8.2795,10.3002],[8.2737,10.3007],[8.2693,10.3034],[8.2663,10.3035],[8.2612,10.3073],[8.2575,10.3078],[8.2511,10.3102],[8.2448,10.3144],[8.2422,10.3098],[8.2359,10.3078],[8.2348,10.3042],[8.2328,10.3027],[8.2302,10.2971],[8.2303,10.2903],[8.2292,10.2867],[8.2265,10.2836],[8.2244,10.2862],[8.2244,10.2885],[8.2205,10.2906],[8.2178,10.2865],[8.2112,10.2836],[8.2087,10.2847],[8.2069,10.2829],[8.1997,10.2804],[8.1972,10.2854],[8.1927,10.2873],[8.1885,10.287],[8.1798,10.2848],[8.1799,10.2891],[8.1759,10.2921],[8.1735,10.2921],[8.1733,10.2884],[8.171,10.2881],[8.1678,10.2854],[8.162,10.2858],[8.1584,10.2924],[8.1543,10.2926],[8.1552,10.296],[8.1532,10.2981],[8.1452,10.2979],[8.1406,10.2918],[8.1414,10.2877],[8.1409,10.2845],[8.1381,10.2812]]]},"properties":{"name":"BITAL","state":"18","code":"18/14/05"}},{"type":"Feature","geometry":{"type":"Polygon","coordinates":[[[8.3545,10.0213],[8.3603,10.0222],[8.3614,10.0245],[8.3648,10.0231],[8.3646,10.0282],[8.3718,10.0286],[8.3735,10.0272],[8.3715,10.0235],[8.3737,10.0203],[8.3815,10.0205],[8.3845,10.0191],[8.3882,10.0209],[8.391,10.0132],[8.3938,10.0168],[8.3963,10.013],[8.4006,10.015],[8.4026,10.0117],[8.4051,10.0117],[8.4085,10.0162],[8.4154,10.0151],[8.4187,10.0082],[8.4158,10.0043],[8.417,10.001],[8.4195,10.001],[8.4217,10.007],[8.4294,10.0056],[8.4308,10.0066],[8.4345,10.0023],[8.4367,10.002],[8.4395,9.9983],[8.4375,9.9973],[8.4363,9.9933],[8.4393,9.9904],[8.4459,9.9929],[8.4499,9.9924],[8.4543,9.9933],[8.4589,9.9929],[8.4637,9.9953],[8.471,9.9964],[8.4727,10.0003],[8.475,9.9993],[8.4762,10.0026],[8.4737,10.0027],[8.4689,10.0057],[8.4636,10.0077],[8.4599,10.0109],[8.453,10.0155],[8.4549,10.0188],[8.4501,10.0232],[8.446,10.0247],[8.4457,10.0273],[8.4482,10.0292],[8.4477,10.0325],[8.451,10.0345],[8.4603,10.0363],[8.4631,10.0355],[8.4702,10.0434],[8.4695,10.0461],[8.4782,10.0456],[8.4824,10.0473],[8.488,10.0482],[8.4882,10.0531],[8.4871,10.0551],[8.4798,10.0576],[8.4763,10.0609],[8.4738,10.0617],[8.4745,10.0666],[8.4788,10.0719],[8.4813,10.0725],[8.4841,10.0712],[8.4886,10.0722],[8.4966,10.0689],[8.5018,10.0706],[8.5049,10.0729],[8.5059,10.0777],[8.5079,10.0776],[8.5136,10.0832],[8.5142,10.0856],[8.5182,10.0933],[8.5194,10.0973],[8.5148,10.0999],[8.5086,10.1018],[8.5052,10.1017],[8.5012,10.1066],[8.4972,10.1084],[8.4947,10.1114],[8.4932,10.116],[8.4894,10.1188],[8.4887,10.1226],[8.4869,10.1243],[8.476,10.121],[8.4754,10.1255],[8.47,10.1322],[8.4694,10.1341],[8.4622,10.1445],[8.4593,10.1457],[8.4577,10.1486],[8.4519,10.1528],[8.4497,10.1522],[8.449,10.1494],[8.4443,10.1491],[8.4415,10.151],[8.4394,10.1586],[8.4355,10.162],[8.4319,10.1669],[8.425,10.1729],[8.4241,10.1803],[8.4166,10.188],[8.4182,10.1896],[8.4175,10.1934],[8.4182,10.1986],[8.4199,10.2058],[8.4219,10.2086],[8.4172,10.2145],[8.4174,10.2161],[8.4146,10.2209],[8.4106,10.2233],[8.4119,10.2275],[8.4168,10.2316],[8.4201,10.2317],[8.4214,10.235],[8.4155,10.2379],[8.407,10.2403],[8.4026,10.2422],[8.3997,10.2456],[8.3969,10.246],[8.3927,10.2506],[8.3932,10.2529],[8.3933,10.2612],[8.4001,10.2689],[8.399,10.2714],[8.4,10.2825],[8.3987,10.2868],[8.3927,10.289],[8.3857,10.289],[8.384,10.2914],[8.3785,10.2956],[8.3722,10.2903],[8.3711,10.2879],[8.3658,10.2825],[8.363,10.2833],[8.3611,10.2796],[8.3582,10.2782],[8.3597,10.2733],[8.3611,10.266],[8.3624,10.2641],[8.3592,10.2601],[8.3563,10.2582],[8.3523,10.2583],[8.3436,10.2608],[8.3407,10.2573],[8.3359,10.2528],[8.3394,10.2468],[8.3414,10.2395],[8.3413,10.2342],[8.3467,10.2243],[8.3461,10.2205],[8.348,10.2143],[8.3529,10.2087],[8.3553,10.205],[8.3593,10.2024],[8.366,10.1965],[8.3736,10.1946],[8.3769,10.1931],[8.3835,10.192],[8.3862,10.1898],[8.3874,10.1864],[8.3858,10.185],[8.3763,10.1866],[8.3763,10.1841],[8.3724,10.1831],[8.368,10.1793],[8.3669,10.1765],[8.3614,10.1736],[8.3545,10.1709],[8.3553,10.1649],[8.3506,10.1588],[8.3438,10.1578],[8.3421,10.1594],[8.3378,10.1599],[8.337,10.1555],[8.3341,10.1543],[8.331,10.155],[8.3312,10.158],[8.3267,10.1565],[8.3276,10.1516],[8.3273,10.1482],[8.325,10.1467],[8.3241,10.1436],[8.3219,10.1419],[8.321,10.1387],[8.3213,10.1347],[8.3188,10.1307],[8.3136,10.1278],[8.3183,10.1252],[8.3203,10.1255],[8.3271,10.1236],[8.3337,10.123],[8.3365,10.124],[8.3433,10.1243],[8.3483,10.1223],[8.3461,10.1185],[8.3486,10.1131],[8.3487,10.1094],[8.3521,10.1057],[8.3532,10.1027],[8.3553,10.1014],[8.3562,10.0957],[8.3585,10.0933],[8.3594,10.0897],[8.3618,10.0866],[8.3623,10.0836],[8.3658,10.0804],[8.3696,10.0786],[8.3701,10.0756],[8.369,10.0724],[8.3707,10.0614],[8.3695,10.0593],[8.3708,10.0465],[8.3695,10.0421],[8.3696,10.0366],[8.3683,10.0353],[8.3625,10.0339],[8.3601,10.0345],[8.36,10.0306],[8.3587,10.0269],[8.3554,10.0254],[8.3545,10.0213]]]},"properties":{"name":"GESHERE","state":"18","code":"18/14/06"}},{"type":"Feature","geometry":{"type":"Polygon","coordinates":[[[8.4762,10.0026],[8.4809,10.0009],[8.4866,9.9966],[8.4921,9.9958],[8.4929,9.9939],[8.4976,9.9918],[8.4992,9.9891],[8.5022,9.9897],[8.5073,9.9824],[8.5088,9.9743],[8.5139,9.9716],[8.5176,9.9718],[8.5201,9.9672],[8.5211,9.9546],[8.5204,9.952],[8.524,9.9445],[8.5257,9.9428],[8.5289,9.9447],[8.5329,9.9456],[8.5362,9.9448],[8.5397,9.9414],[8.5374,9.9298],[8.5386,9.9269],[8.5443,9.9224],[8.5485,9.9169],[8.5512,9.9149],[8.5592,9.9186],[8.5629,9.9223],[8.5676,9.923],[8.5748,9.9309],[8.5762,9.937],[8.5834,9.9347],[8.5855,9.9316],[8.588,9.9321],[8.5919,9.9296],[8.5934,9.9254],[8.5968,9.9226],[8.5993,9.9236],[8.6088,9.9207],[8.6117,9.9169],[8.6171,9.9207],[8.6243,9.9197],[8.6239,9.9173],[8.627,9.9134],[8.6323,9.9108],[8.6336,9.9043],[8.6399,9.8987],[8.6437,9.8985],[8.6466,9.9052],[8.6649,9.9639],[8.6705,9.9802],[8.6626,9.9828],[8.6592,9.9876],[8.6514,9.9875],[8.6499,9.9911],[8.6442,9.9922],[8.641,9.9956],[8.6368,9.9961],[8.6317,10],[8.6273,10.0015],[8.6225,10.0006],[8.6192,10.0026],[8.6162,10.0012],[8.6084,10.0027],[8.6056,10.004],[8.603,10.0031],[8.5998,10.0043],[8.5975,10.0077],[8.5944,10.0101],[8.5883,10.0104],[8.5844,10.0089],[8.5814,10.0121],[8.5815,10.0154],[8.5795,10.0199],[8.5753,10.0218],[8.5734,10.0239],[8.5683,10.0237],[8.5643,10.0248],[8.5626,10.0286],[8.5578,10.0304],[8.5556,10.0282],[8.552,10.0273],[8.5502,10.0296],[8.546,10.0287],[8.5426,10.0313],[8.5385,10.0289],[8.5376,10.0257],[8.5331,10.0242],[8.5313,10.0261],[8.5251,10.0245],[8.5246,10.021],[8.5178,10.0174],[8.5151,10.014],[8.5089,10.0141],[8.5079,10.0126],[8.5044,10.0142],[8.5032,10.0192],[8.5002,10.0189],[8.4989,10.0167],[8.4947,10.0171],[8.492,10.016],[8.4865,10.0155],[8.4825,10.0117],[8.4826,10.008],[8.4764,10.0071],[8.4762,10.0026]]]},"properties":{"name":"DAMAKASUWA","state":"18","code":"18/14/07"}},{"type":"Feature","geometry":{"type":"Polygon","coordinates":[[[8.4363,9.9933],[8.4349,9.9931],[8.432,9.9886],[8.4336,9.9832],[8.4331,9.9803],[8.4345,9.9784],[8.4299,9.974],[8.4282,9.9707],[8.4296,9.9659],[8.4356,9.9655],[8.4319,9.9539],[8.4309,9.9494],[8.4271,9.9494],[8.4272,9.9458],[8.43,9.9422],[8.425,9.9373],[8.4227,9.9318],[8.4143,9.9229],[8.4144,9.9182],[8.4135,9.916],[8.4123,9.9041],[8.4134,9.9013],[8.4185,9.9023],[8.4221,9.8977],[8.4248,9.8963],[8.4254,9.8937],[8.4335,9.883],[8.4374,9.8853],[8.4406,9.883],[8.4419,9.8789],[8.4456,9.8819],[8.449,9.8815],[8.4512,9.8834],[8.4548,9.8828],[8.4588,9.8843],[8.463,9.8827],[8.4717,9.8836],[8.4743,9.8822],[8.48,9.8841],[8.4834,9.8783],[8.4857,9.8759],[8.4903,9.8749],[8.4937,9.8696],[8.4969,9.8691],[8.499,9.8671],[8.5014,9.8685],[8.5047,9.866],[8.5057,9.8675],[8.5107,9.8703],[8.5112,9.8665],[8.5135,9.8642],[8.5152,9.8663],[8.5204,9.867],[8.522,9.8637],[8.5245,9.8626],[8.5252,9.8561],[8.5265,9.8548],[8.5253,9.8481],[8.5286,9.8467],[8.5298,9.8486],[8.5333,9.8477],[8.5374,9.8485],[8.5433,9.8452],[8.5442,9.8474],[8.5474,9.8489],[8.5493,9.8525],[8.5479,9.857],[8.5507,9.8669],[8.5567,9.871],[8.5566,9.874],[8.5601,9.8748],[8.5663,9.8716],[8.5711,9.8748],[8.5743,9.8733],[8.578,9.8772],[8.5827,9.8801],[8.583,9.8848],[8.5866,9.8836],[8.5896,9.8809],[8.5937,9.8802],[8.5945,9.8761],[8.5997,9.8747],[8.6015,9.8675],[8.606,9.8638],[8.6082,9.8607],[8.6126,9.8594],[8.615,9.8622],[8.6242,9.8665],[8.6263,9.8656],[8.6303,9.8668],[8.6328,9.8641],[8.6357,9.8644],[8.6382,9.8858],[8.6437,9.8985],[8.6399,9.8987],[8.6336,9.9043],[8.6323,9.9108],[8.627,9.9134],[8.6239,9.9173],[8.6243,9.9197],[8.6171,9.9207],[8.6117,9.9169],[8.6088,9.9207],[8.5993,9.9236],[8.5968,9.9226],[8.5934,9.9254],[8.5919,9.9296],[8.588,9.9321],[8.5855,9.9316],[8.5834,9.9347],[8.5762,9.937],[8.5748,9.9309],[8.5676,9.923],[8.5629,9.9223],[8.5592,9.9186],[8.5512,9.9149],[8.5485,9.9169],[8.5443,9.9224],[8.5386,9.9269],[8.5374,9.9298],[8.5397,9.9414],[8.5362,9.9448],[8.5329,9.9456],[8.5289,9.9447],[8.5257,9.9428],[8.524,9.9445],[8.5204,9.952],[8.5211,9.9546],[8.5201,9.9672],[8.5176,9.9718],[8.5139,9.9716],[8.5088,9.9743],[8.5073,9.9824],[8.5022,9.9897],[8.4992,9.9891],[8.4976,9.9918],[8.4929,9.9939],[8.4921,9.9958],[8.4866,9.9966],[8.4809,10.0009],[8.4762,10.0026],[8.475,9.9993],[8.4727,10.0003],[8.471,9.9964],[8.4637,9.9953],[8.4589,9.9929],[8.4543,9.9933],[8.4499,9.9924],[8.4459,9.9929],[8.4393,9.9904],[8.4363,9.9933]]]},"properties":{"name":"BADURUM SAMA","state":"18","code":"18/14/08"}},{"type":"Feature","geometry":{"type":"Polygon","coordinates":[[[8.5474,9.8489],[8.555,9.8437],[8.5516,9.8406],[8.5575,9.8338],[8.5505,9.8279],[8.5558,9.8213],[8.5557,9.8183],[8.5507,9.8146],[8.5552,9.8088],[8.5624,9.8088],[8.567,9.8125],[8.5723,9.8112],[8.5763,9.8118],[8.5776,9.8102],[8.5782,9.8057],[8.5806,9.8049],[8.5827,9.7975],[8.587,9.7912],[8.5923,9.7896],[8.5959,9.7841],[8.5997,9.7743],[8.5954,9.7657],[8.5923,9.7629],[8.5915,9.759],[8.5961,9.756],[8.5964,9.7535],[8.6039,9.7498],[8.6081,9.7495],[8.6113,9.7478],[8.6117,9.7415],[8.6155,9.7424],[8.6168,9.7448],[8.6336,9.7546],[8.6439,9.7754],[8.6425,9.8108],[8.6429,9.8252],[8.6439,9.8347],[8.6422,9.8449],[8.6393,9.8558],[8.6357,9.8644],[8.6328,9.8641],[8.6303,9.8668],[8.6263,9.8656],[8.6242,9.8665],[8.615,9.8622],[8.6126,9.8594],[8.6082,9.8607],[8.606,9.8638],[8.6015,9.8675],[8.5997,9.8747],[8.5945,9.8761],[8.5937,9.8802],[8.5896,9.8809],[8.5866,9.8836],[8.583,9.8848],[8.5827,9.8801],[8.578,9.8772],[8.5743,9.8733],[8.5711,9.8748],[8.5663,9.8716],[8.5601,9.8748],[8.5566,9.874],[8.5567,9.871],[8.5507,9.8669],[8.5479,9.857],[8.5493,9.8525],[8.5474,9.8489]]]},"properties":{"name":"KAMARU","state":"18","code":"18/14/09"}},{"type":"Feature","geometry":{"type":"Polygon","coordinates":[[[8.6087,9.739],[8.6117,9.7415],[8.6113,9.7478],[8.6081,9.7495],[8.6039,9.7498],[8.5964,9.7535],[8.5961,9.756],[8.5915,9.759],[8.5923,9.7629],[8.5954,9.7657],[8.5997,9.7743],[8.5959,9.7841],[8.5923,9.7896],[8.587,9.7912],[8.5827,9.7975],[8.5806,9.8049],[8.5782,9.8057],[8.5776,9.8102],[8.5763,9.8118],[8.5723,9.8112],[8.567,9.8125],[8.5624,9.8088],[8.5552,9.8088],[8.5507,9.8146],[8.5557,9.8183],[8.5558,9.8213],[8.5505,9.8279],[8.5575,9.8338],[8.5516,9.8406],[8.555,9.8437],[8.5474,9.8489],[8.5442,9.8474],[8.5433,9.8452],[8.5374,9.8485],[8.5333,9.8477],[8.5298,9.8486],[8.5286,9.8467],[8.5253,9.8481],[8.5265,9.8548],[8.5252,9.8561],[8.5245,9.8626],[8.522,9.8637],[8.5204,9.867],[8.5152,9.8663],[8.5135,9.8642],[8.5112,9.8665],[8.5107,9.8703],[8.5057,9.8675],[8.5047,9.866],[8.5065,9.8609],[8.5062,9.8574],[8.5077,9.8557],[8.5112,9.8546],[8.5123,9.8513],[8.5127,9.8433],[8.5091,9.8388],[8.5153,9.8343],[8.5169,9.8323],[8.5131,9.8239],[8.5092,9.8229],[8.5074,9.8208],[8.5106,9.8184],[8.5092,9.8166],[8.5122,9.814],[8.5129,9.8087],[8.511,9.8075],[8.5101,9.8024],[8.5062,9.7994],[8.5044,9.7934],[8.5024,9.791],[8.5041,9.7876],[8.5041,9.786],[8.4973,9.7799],[8.4954,9.7801],[8.494,9.7734],[8.4954,9.7695],[8.4956,9.7653],[8.4936,9.7616],[8.4952,9.7593],[8.4952,9.7553],[8.4977,9.7513],[8.5002,9.7499],[8.5003,9.7432],[8.5024,9.7388],[8.5132,9.7347],[8.5188,9.7359],[8.521,9.7375],[8.5245,9.737],[8.527,9.738],[8.525,9.7438],[8.5255,9.7498],[8.5249,9.7552],[8.5265,9.757],[8.531,9.7562],[8.5353,9.7463],[8.5401,9.742],[8.5438,9.74],[8.5451,9.7377],[8.5495,9.7396],[8.5508,9.7424],[8.5538,9.7432],[8.5668,9.7423],[8.5702,9.7402],[8.5731,9.7401],[8.575,9.7362],[8.573,9.7297],[8.5744,9.725],[8.5798,9.7208],[8.5833,9.7248],[8.5912,9.7317],[8.5972,9.7364],[8.603,9.7359],[8.6087,9.739]]]},"properties":{"name":"PARI","state":"18","code":"18/14/10"}},{"type":"Feature","geometry":{"type":"Polygon","coordinates":[[[8.192,10.5183],[8.196,10.5107],[8.2003,10.509],[8.2023,10.5071],[8.2077,10.5082],[8.2098,10.5027],[8.2134,10.4961],[8.22,10.5008],[8.2222,10.5015],[8.2241,10.5122],[8.2235,10.515],[8.2202,10.5205],[8.2203,10.5235],[8.2253,10.5299],[8.2307,10.5324],[8.2333,10.5374],[8.2326,10.5403],[8.2406,10.5461],[8.245,10.5436],[8.2474,10.5408],[8.2509,10.5416],[8.2536,10.5404],[8.2545,10.5435],[8.261,10.5448],[8.2592,10.5406],[8.261,10.5375],[8.2608,10.5338],[8.2625,10.5272],[8.265,10.5226],[8.2626,10.5204],[8.2616,10.5134],[8.2649,10.5091],[8.2692,10.5054],[8.2721,10.5058],[8.2745,10.5043],[8.2846,10.5062],[8.2857,10.5116],[8.2849,10.5143],[8.286,10.5165],[8.2916,10.5153],[8.2949,10.5165],[8.299,10.521],[8.3017,10.5198],[8.3067,10.5197],[8.3103,10.5184],[8.3122,10.5275],[8.316,10.5318],[8.3162,10.538],[8.318,10.5444],[8.3135,10.5478],[8.3108,10.5544],[8.3126,10.5571],[8.3128,10.5674],[8.306,10.5701],[8.3031,10.5722],[8.3027,10.5742],[8.2994,10.5794],[8.2969,10.5799],[8.2868,10.5844],[8.284,10.5828],[8.2786,10.5859],[8.2741,10.5856],[8.2688,10.5876],[8.2623,10.5917],[8.2593,10.5916],[8.257,10.5952],[8.2565,10.6004],[8.2536,10.6005],[8.2517,10.5981],[8.2504,10.5936],[8.2476,10.5946],[8.2447,10.5982],[8.2444,10.6035],[8.2411,10.6086],[8.2439,10.6096],[8.2498,10.6157],[8.2505,10.6191],[8.2539,10.6251],[8.254,10.6295],[8.2524,10.6339],[8.2534,10.6398],[8.2522,10.6411],[8.2441,10.6407],[8.2419,10.6425],[8.2399,10.6486],[8.2405,10.6534],[8.2396,10.6627],[8.237,10.6625],[8.2318,10.6647],[8.2208,10.6547],[8.2127,10.645],[8.2092,10.6438],[8.2079,10.6505],[8.2063,10.6512],[8.207,10.6556],[8.2065,10.66],[8.1978,10.6605],[8.1939,10.6628],[8.1895,10.6634],[8.189,10.6695],[8.1905,10.6729],[8.1862,10.673],[8.1803,10.6705],[8.1762,10.6713],[8.1714,10.6696],[8.17,10.6676],[8.1672,10.6687],[8.1637,10.6722],[8.1607,10.6712],[8.1535,10.6717],[8.1549,10.6657],[8.1508,10.6615],[8.1499,10.6587],[8.1454,10.6565],[8.1442,10.6538],[8.1457,10.6504],[8.1421,10.6449],[8.1438,10.6417],[8.1504,10.6414],[8.1588,10.6338],[8.1541,10.6248],[8.1541,10.6222],[8.1597,10.6184],[8.1594,10.617],[8.1646,10.6136],[8.1648,10.6082],[8.1693,10.6049],[8.1717,10.5978],[8.1706,10.5922],[8.1714,10.5905],[8.1759,10.5909],[8.1792,10.5898],[8.1763,10.584],[8.1759,10.5789],[8.1728,10.5712],[8.1809,10.5687],[8.1835,10.5605],[8.1858,10.5574],[8.1884,10.5476],[8.1901,10.5472],[8.19,10.5424],[8.193,10.5407],[8.1962,10.5361],[8.1929,10.5281],[8.194,10.5235],[8.192,10.5183]]]},"properties":{"name":"KAURU EAST","state":"18","code":"18/14/11"}},{"type":"Feature","geometry":{"type":"Polygon","coordinates":[[[8.2314,10.8097],[8.2276,10.811],[8.2251,10.8156],[8.219,10.8161],[8.2163,10.8174],[8.2112,10.8165],[8.2077,10.8183],[8.2007,10.8192],[8.1962,10.8167],[8.1934,10.8136],[8.19,10.8147],[8.1867,10.8115],[8.1764,10.8063],[8.1699,10.8071],[8.16,10.8114],[8.1535,10.806],[8.1455,10.7984],[8.1387,10.7993],[8.1336,10.7983],[8.1299,10.7998],[8.1254,10.7976],[8.1222,10.7976],[8.1213,10.7996],[8.1147,10.7983],[8.1104,10.7993],[8.1083,10.8011],[8.1035,10.8007],[8.0997,10.7984],[8.0939,10.7983],[8.088,10.7961],[8.0826,10.7955],[8.0827,10.7931],[8.0801,10.7913],[8.0766,10.7829],[8.0765,10.7805],[8.0732,10.7766],[8.0732,10.7742],[8.071,10.7685],[8.0658,10.7635],[8.0681,10.7585],[8.0719,10.7589],[8.076,10.7564],[8.0832,10.7557],[8.0913,10.7506],[8.0933,10.7502],[8.0941,10.7537],[8.0964,10.7557],[8.1031,10.7548],[8.1062,10.756],[8.1078,10.7596],[8.1127,10.7635],[8.1208,10.7637],[8.1234,10.7623],[8.1269,10.7562],[8.1307,10.7521],[8.1373,10.7517],[8.1411,10.7571],[8.1445,10.7576],[8.1481,10.7606],[8.1571,10.7638],[8.1621,10.7644],[8.1665,10.766],[8.165,10.7732],[8.1638,10.7755],[8.1643,10.7798],[8.1669,10.784],[8.1707,10.7849],[8.1719,10.787],[8.1756,10.7878],[8.1785,10.785],[8.1823,10.7848],[8.1848,10.7818],[8.1902,10.782],[8.1951,10.7903],[8.1986,10.7915],[8.2018,10.7906],[8.205,10.7876],[8.2085,10.7895],[8.2093,10.7921],[8.2147,10.7988],[8.2199,10.8008],[8.2233,10.8009],[8.2287,10.803],[8.2314,10.8097]]]},"properties":{"name":"KUBAU","state":"18","code":"18/15/01"}},{"type":"Feature","geometry":{"type":"Polygon","coordinates":[[[8.2314,10.8097],[8.2326,10.8123],[8.2372,10.8153],[8.2384,10.8195],[8.2472,10.8188],[8.2492,10.823],[8.2513,10.8216],[8.2545,10.8235],[8.2564,10.823],[8.261,10.8268],[8.2588,10.8292],[8.2588,10.832],[8.2522,10.8361],[8.2509,10.8409],[8.2569,10.8468],[8.2678,10.8493],[8.2656,10.8537],[8.2609,10.8594],[8.2543,10.8604],[8.2519,10.8658],[8.2538,10.8732],[8.2522,10.8762],[8.2526,10.8813],[8.2568,10.8898],[8.261,10.896],[8.2649,10.8992],[8.2643,10.9041],[8.2573,10.912],[8.255,10.9151],[8.2525,10.9144],[8.2511,10.9119],[8.2472,10.9137],[8.2479,10.9157],[8.2453,10.9205],[8.2484,10.9227],[8.249,10.9252],[8.2461,10.9245],[8.2384,10.9191],[8.2322,10.9164],[8.2304,10.9138],[8.229,10.9083],[8.2269,10.9076],[8.2179,10.908],[8.2158,10.9057],[8.2121,10.9038],[8.2045,10.9024],[8.2011,10.9028],[8.1928,10.9011],[8.1936,10.8979],[8.1936,10.8844],[8.1902,10.8834],[8.187,10.8851],[8.1796,10.8854],[8.1738,10.875],[8.1715,10.872],[8.1698,10.8679],[8.1725,10.8624],[8.1748,10.8546],[8.1779,10.8514],[8.1716,10.8466],[8.1629,10.8476],[8.1626,10.8412],[8.1607,10.8396],[8.162,10.8368],[8.1599,10.8333],[8.1615,10.8301],[8.1624,10.8227],[8.1659,10.8184],[8.1692,10.8131],[8.1699,10.8071],[8.1764,10.8063],[8.1867,10.8115],[8.19,10.8147],[8.1934,10.8136],[8.1962,10.8167],[8.2007,10.8192],[8.2077,10.8183],[8.2112,10.8165],[8.2163,10.8174],[8.219,10.8161],[8.2251,10.8156],[8.2276,10.811],[8.2314,10.8097]]]},"properties":{"name":"DUTSEN WAI","state":"18","code":"18/15/02"}},{"type":"Feature","geometry":{"type":"Polygon","coordinates":[[[8.4154,10.4575],[8.4173,10.4701],[8.4161,10.4795],[8.4136,10.482],[8.4117,10.4865],[8.4073,10.4912],[8.4008,10.4944],[8.3934,10.4958],[8.3938,10.5002],[8.398,10.5124],[8.3969,10.5202],[8.4008,10.5261],[8.4002,10.5312],[8.4009,10.5336],[8.3987,10.5356],[8.3946,10.532],[8.3927,10.5316],[8.3882,10.5332],[8.3854,10.5318],[8.3799,10.5321],[8.3777,10.5378],[8.3741,10.54],[8.3719,10.5479],[8.3697,10.5498],[8.3695,10.5532],[8.3662,10.554],[8.3651,10.5599],[8.3616,10.565],[8.3606,10.5687],[8.3611,10.573],[8.3594,10.5765],[8.3564,10.5793],[8.3558,10.5833],[8.3602,10.5858],[8.3605,10.588],[8.3531,10.5966],[8.3506,10.6046],[8.3545,10.6063],[8.3559,10.6097],[8.3543,10.6123],[8.3529,10.6175],[8.35,10.6198],[8.3431,10.6207],[8.3366,10.6233],[8.3335,10.6231],[8.3299,10.6269],[8.332,10.6322],[8.331,10.6354],[8.3343,10.6378],[8.3378,10.6372],[8.3371,10.641],[8.3341,10.6449],[8.3354,10.6473],[8.3335,10.6544],[8.3311,10.6512],[8.328,10.6515],[8.3242,10.6504],[8.3201,10.6506],[8.3173,10.6524],[8.3131,10.6525],[8.3095,10.6536],[8.3073,10.6511],[8.3016,10.6516],[8.3009,10.654],[8.3036,10.6593],[8.3069,10.6628],[8.3105,10.6748],[8.3144,10.6805],[8.3155,10.6853],[8.3218,10.7032],[8.3174,10.7044],[8.3121,10.7039],[8.3106,10.7105],[8.3081,10.7115],[8.3073,10.7142],[8.3051,10.7155],[8.3003,10.7153],[8.2945,10.7123],[8.2907,10.7121],[8.2898,10.7082],[8.2906,10.7055],[8.2872,10.7012],[8.2805,10.7021],[8.2782,10.7062],[8.2725,10.7069],[8.2631,10.6978],[8.2567,10.6965],[8.2561,10.6909],[8.2516,10.6862],[8.2414,10.6881],[8.2378,10.6919],[8.2337,10.6924],[8.2289,10.6974],[8.2278,10.7002],[8.2252,10.7015],[8.2178,10.7028],[8.2104,10.7082],[8.2041,10.7091],[8.2042,10.7143],[8.2017,10.7171],[8.1875,10.7156],[8.1827,10.7163],[8.1724,10.7156],[8.1589,10.7187],[8.1542,10.7206],[8.1527,10.7039],[8.1532,10.7019],[8.1532,10.6922],[8.156,10.6867],[8.1562,10.6819],[8.1533,10.6767],[8.1535,10.6717],[8.1607,10.6712],[8.1637,10.6722],[8.1672,10.6687],[8.17,10.6676],[8.1714,10.6696],[8.1762,10.6713],[8.1803,10.6705],[8.1862,10.673],[8.1905,10.6729],[8.189,10.6695],[8.1895,10.6634],[8.1939,10.6628],[8.1978,10.6605],[8.2065,10.66],[8.207,10.6556],[8.2063,10.6512],[8.2079,10.6505],[8.2092,10.6438],[8.2127,10.645],[8.2208,10.6547],[8.2318,10.6647],[8.237,10.6625],[8.2396,10.6627],[8.2405,10.6534],[8.2399,10.6486],[8.2419,10.6425],[8.2441,10.6407],[8.2522,10.6411],[8.2534,10.6398],[8.2524,10.6339],[8.254,10.6295],[8.2539,10.6251],[8.2505,10.6191],[8.2498,10.6157],[8.2439,10.6096],[8.2411,10.6086],[8.2444,10.6035],[8.2447,10.5982],[8.2476,10.5946],[8.2504,10.5936],[8.2517,10.5981],[8.2536,10.6005],[8.2565,10.6004],[8.257,10.5952],[8.2593,10.5916],[8.2623,10.5917],[8.2688,10.5876],[8.2741,10.5856],[8.2786,10.5859],[8.284,10.5828],[8.2868,10.5844],[8.2969,10.5799],[8.2994,10.5794],[8.3027,10.5742],[8.3031,10.5722],[8.306,10.5701],[8.3128,10.5674],[8.3126,10.5571],[8.3108,10.5544],[8.3135,10.5478],[8.318,10.5444],[8.3162,10.538],[8.316,10.5318],[8.3122,10.5275],[8.3103,10.5184],[8.3136,10.5172],[8.3211,10.5185],[8.3248,10.5183],[8.3322,10.5119],[8.3301,10.5046],[8.336,10.5],[8.3386,10.5002],[8.3419,10.498],[8.3471,10.4988],[8.3496,10.4973],[8.3544,10.4967],[8.3573,10.4943],[8.3609,10.4963],[8.3649,10.4906],[8.3696,10.4875],[8.3742,10.4901],[8.3794,10.4879],[8.3795,10.483],[8.3807,10.4777],[8.3802,10.4751],[8.3825,10.4721],[8.3904,10.4654],[8.3944,10.4607],[8.3959,10.457],[8.399,10.4584],[8.4086,10.4583],[8.4138,10.4554],[8.4154,10.4575]]]},"properties":{"name":"PAMBEGUA","state":"18","code":"18/15/03"}},{"type":"Feature","geometry":{"type":"Polygon","coordinates":[[[8.1665,10.766],[8.1744,10.76],[8.1738,10.7535],[8.1766,10.7494],[8.1818,10.7464],[8.1845,10.7439],[8.1872,10.7442],[8.191,10.7395],[8.1936,10.7389],[8.1955,10.7349],[8.1981,10.7338],[8.2036,10.7338],[8.2046,10.7313],[8.2035,10.7283],[8.2025,10.7209],[8.2044,10.7179],[8.2017,10.7171],[8.2042,10.7143],[8.2041,10.7091],[8.2104,10.7082],[8.2178,10.7028],[8.2252,10.7015],[8.2278,10.7002],[8.2289,10.6974],[8.2337,10.6924],[8.2378,10.6919],[8.2414,10.6881],[8.2516,10.6862],[8.2561,10.6909],[8.2567,10.6965],[8.2631,10.6978],[8.2725,10.7069],[8.2692,10.7108],[8.2681,10.7136],[8.2682,10.7203],[8.2703,10.7252],[8.2701,10.7286],[8.2748,10.731],[8.2779,10.7368],[8.2808,10.7401],[8.2903,10.7429],[8.2872,10.7502],[8.283,10.7497],[8.281,10.7531],[8.2773,10.7558],[8.2773,10.7573],[8.2704,10.7616],[8.272,10.7639],[8.275,10.7718],[8.2783,10.7717],[8.2794,10.774],[8.2829,10.7759],[8.2863,10.7741],[8.2874,10.7781],[8.2905,10.7805],[8.2929,10.785],[8.295,10.7867],[8.295,10.791],[8.2943,10.7958],[8.2902,10.7996],[8.2909,10.802],[8.2858,10.8078],[8.2858,10.8107],[8.28,10.8146],[8.2796,10.82],[8.2731,10.8241],[8.2706,10.8239],[8.2668,10.8258],[8.261,10.8268],[8.2564,10.823],[8.2545,10.8235],[8.2513,10.8216],[8.2492,10.823],[8.2472,10.8188],[8.2384,10.8195],[8.2372,10.8153],[8.2326,10.8123],[8.2314,10.8097],[8.2287,10.803],[8.2233,10.8009],[8.2199,10.8008],[8.2147,10.7988],[8.2093,10.7921],[8.2085,10.7895],[8.205,10.7876],[8.2018,10.7906],[8.1986,10.7915],[8.1951,10.7903],[8.1902,10.782],[8.1848,10.7818],[8.1823,10.7848],[8.1785,10.785],[8.1756,10.7878],[8.1719,10.787],[8.1707,10.7849],[8.1669,10.784],[8.1643,10.7798],[8.1638,10.7755],[8.165,10.7732],[8.1665,10.766]]]},"properties":{"name":"ZUNTU","state":"18","code":"18/15/04"}},{"type":"Feature","geometry":{"type":"Polygon","coordinates":[[[8.5773,10.9367],[8.5742,10.9413],[8.5698,10.9454],[8.5644,10.9479],[8.5609,10.9437],[8.5573,10.9467],[8.5579,10.9518],[8.5559,10.9585],[8.554,10.9579],[8.5464,10.9445],[8.5463,10.9395],[8.5349,10.9403],[8.5231,10.9386],[8.52,10.9375],[8.5131,10.9364],[8.5119,10.9391],[8.5089,10.9419],[8.5044,10.9402],[8.502,10.9376],[8.4986,10.9363],[8.4954,10.9416],[8.4924,10.942],[8.4893,10.9363],[8.4861,10.9358],[8.484,10.9314],[8.4748,10.9328],[8.4712,10.9344],[8.4699,10.9331],[8.4596,10.9359],[8.4549,10.9394],[8.4438,10.9414],[8.4424,10.9393],[8.4365,10.9358],[8.4342,10.9324],[8.4316,10.9316],[8.4284,10.9285],[8.4251,10.9277],[8.4178,10.9248],[8.4119,10.9253],[8.4067,10.9247],[8.4036,10.9299],[8.3961,10.9298],[8.3892,10.9274],[8.3841,10.9279],[8.3831,10.929],[8.3785,10.9264],[8.3749,10.9279],[8.3732,10.93],[8.3718,10.9355],[8.3693,10.9332],[8.3602,10.9322],[8.3586,10.929],[8.3537,10.9231],[8.3457,10.9192],[8.3461,10.9152],[8.3523,10.9119],[8.3555,10.9123],[8.3561,10.9064],[8.3554,10.9026],[8.3584,10.8963],[8.3568,10.8943],[8.3571,10.8886],[8.3556,10.8867],[8.3541,10.8794],[8.3541,10.8746],[8.3521,10.8745],[8.3479,10.871],[8.3446,10.8638],[8.3465,10.8593],[8.3453,10.8546],[8.3479,10.8519],[8.3469,10.8479],[8.3482,10.8441],[8.3464,10.8405],[8.3472,10.8385],[8.3505,10.8394],[8.3576,10.8373],[8.3602,10.8356],[8.3628,10.8362],[8.3663,10.833],[8.3673,10.8296],[8.3701,10.8268],[8.3716,10.8228],[8.3717,10.8187],[8.3783,10.8181],[8.381,10.8165],[8.3879,10.8175],[8.3918,10.8156],[8.3957,10.8096],[8.3988,10.8088],[8.4029,10.8031],[8.4057,10.8027],[8.4105,10.7999],[8.4116,10.7978],[8.4232,10.7861],[8.4274,10.7797],[8.4319,10.7784],[8.4334,10.7741],[8.4378,10.7728],[8.4416,10.7695],[8.4425,10.764],[8.4462,10.7636],[8.4493,10.7581],[8.4484,10.7532],[8.4526,10.748],[8.452,10.7447],[8.4557,10.7425],[8.4554,10.7358],[8.4584,10.7332],[8.4592,10.7294],[8.4571,10.7269],[8.4595,10.7243],[8.4624,10.7234],[8.4654,10.7209],[8.4678,10.7161],[8.4727,10.7177],[8.4762,10.7128],[8.4875,10.7196],[8.5014,10.7258],[8.5206,10.7314],[8.5363,10.7331],[8.5394,10.7334],[8.55,10.7384],[8.5548,10.7401],[8.5689,10.7479],[8.5716,10.7483],[8.5718,10.759],[8.5734,10.7687],[8.5729,10.7737],[8.5652,10.7769],[8.5628,10.7783],[8.5593,10.7846],[8.5587,10.7892],[8.5625,10.7965],[8.5631,10.8165],[8.5692,10.8174],[8.5675,10.8209],[8.567,10.8272],[8.57,10.8282],[8.575,10.8271],[8.5738,10.8313],[8.5732,10.8396],[8.5772,10.8484],[8.5815,10.8589],[8.585,10.8615],[8.5837,10.888],[8.5808,10.8979],[8.5808,10.9017],[8.578,10.9074],[8.5685,10.9075],[8.5715,10.9219],[8.5736,10.929],[8.5773,10.9367]]]},"properties":{"name":"DAMAU","state":"18","code":"18/15/05"}},{"type":"Feature","geometry":{"type":"Polygon","coordinates":[[[8.3335,10.6544],[8.3351,10.6564],[8.3381,10.6569],[8.3437,10.6633],[8.352,10.6654],[8.3584,10.6644],[8.3621,10.6621],[8.3647,10.6622],[8.3731,10.6702],[8.3789,10.6716],[8.3689,10.6818],[8.3707,10.6938],[8.3722,10.6987],[8.3693,10.7075],[8.371,10.7114],[8.3755,10.7147],[8.3777,10.7188],[8.3836,10.7198],[8.3872,10.7221],[8.3895,10.7217],[8.3926,10.7232],[8.3995,10.7295],[8.4046,10.7289],[8.409,10.7308],[8.4114,10.7299],[8.4193,10.7323],[8.4218,10.7325],[8.4253,10.7306],[8.4306,10.7318],[8.4385,10.7288],[8.4489,10.7296],[8.4513,10.7309],[8.4549,10.7294],[8.4592,10.7294],[8.4584,10.7332],[8.4554,10.7358],[8.4557,10.7425],[8.452,10.7447],[8.4526,10.748],[8.4484,10.7532],[8.4493,10.7581],[8.4462,10.7636],[8.4425,10.764],[8.4416,10.7695],[8.4378,10.7728],[8.4334,10.7741],[8.4319,10.7784],[8.4274,10.7797],[8.4232,10.7861],[8.4116,10.7978],[8.4105,10.7999],[8.4057,10.8027],[8.4029,10.8031],[8.3988,10.8088],[8.3957,10.8096],[8.3918,10.8156],[8.3879,10.8175],[8.381,10.8165],[8.3783,10.8181],[8.3717,10.8187],[8.3716,10.8228],[8.3701,10.8268],[8.3673,10.8296],[8.3663,10.833],[8.3628,10.8362],[8.3602,10.8356],[8.3576,10.8373],[8.3505,10.8394],[8.3472,10.8385],[8.3448,10.8359],[8.3446,10.8331],[8.3421,10.831],[8.3369,10.8316],[8.3324,10.8305],[8.3298,10.8322],[8.325,10.8382],[8.3242,10.8412],[8.3216,10.8435],[8.3126,10.8429],[8.3087,10.8395],[8.3075,10.8329],[8.3115,10.8246],[8.3099,10.821],[8.3112,10.8189],[8.3166,10.8162],[8.3162,10.812],[8.3105,10.8106],[8.3107,10.8055],[8.3077,10.8018],[8.3032,10.7988],[8.3022,10.7958],[8.2991,10.795],[8.2988,10.7927],[8.295,10.791],[8.295,10.7867],[8.2929,10.785],[8.2905,10.7805],[8.2874,10.7781],[8.2863,10.7741],[8.2829,10.7759],[8.2794,10.774],[8.2783,10.7717],[8.275,10.7718],[8.272,10.7639],[8.2704,10.7616],[8.2773,10.7573],[8.2773,10.7558],[8.281,10.7531],[8.283,10.7497],[8.2872,10.7502],[8.2903,10.7429],[8.2808,10.7401],[8.2779,10.7368],[8.2748,10.731],[8.2701,10.7286],[8.2703,10.7252],[8.2682,10.7203],[8.2681,10.7136],[8.2692,10.7108],[8.2725,10.7069],[8.2782,10.7062],[8.2805,10.7021],[8.2872,10.7012],[8.2906,10.7055],[8.2898,10.7082],[8.2907,10.7121],[8.2945,10.7123],[8.3003,10.7153],[8.3051,10.7155],[8.3073,10.7142],[8.3081,10.7115],[8.3106,10.7105],[8.3121,10.7039],[8.3174,10.7044],[8.3218,10.7032],[8.3155,10.6853],[8.3144,10.6805],[8.3105,10.6748],[8.3069,10.6628],[8.3036,10.6593],[8.3009,10.654],[8.3016,10.6516],[8.3073,10.6511],[8.3095,10.6536],[8.3131,10.6525],[8.3173,10.6524],[8.3201,10.6506],[8.3242,10.6504],[8.328,10.6515],[8.3311,10.6512],[8.3335,10.6544]]]},"properties":{"name":"KARREH","state":"18","code":"18/15/06"}},{"type":"Feature","geometry":{"type":"Polygon","coordinates":[[[8.261,10.8268],[8.2668,10.8258],[8.2706,10.8239],[8.2731,10.8241],[8.2796,10.82],[8.28,10.8146],[8.2858,10.8107],[8.2858,10.8078],[8.2909,10.802],[8.2902,10.7996],[8.2943,10.7958],[8.295,10.791],[8.2988,10.7927],[8.2991,10.795],[8.3022,10.7958],[8.3032,10.7988],[8.3077,10.8018],[8.3107,10.8055],[8.3105,10.8106],[8.3162,10.812],[8.3166,10.8162],[8.3112,10.8189],[8.3099,10.821],[8.3115,10.8246],[8.3075,10.8329],[8.3087,10.8395],[8.3126,10.8429],[8.3216,10.8435],[8.3242,10.8412],[8.325,10.8382],[8.3298,10.8322],[8.3324,10.8305],[8.3369,10.8316],[8.3421,10.831],[8.3446,10.8331],[8.3448,10.8359],[8.3472,10.8385],[8.3464,10.8405],[8.3482,10.8441],[8.3469,10.8479],[8.3479,10.8519],[8.3453,10.8546],[8.3465,10.8593],[8.3446,10.8638],[8.3479,10.871],[8.3521,10.8745],[8.3541,10.8746],[8.3541,10.8794],[8.3556,10.8867],[8.3571,10.8886],[8.3568,10.8943],[8.3584,10.8963],[8.3554,10.9026],[8.3561,10.9064],[8.3555,10.9123],[8.3523,10.9119],[8.3461,10.9152],[8.3457,10.9192],[8.3537,10.9231],[8.3586,10.929],[8.3602,10.9322],[8.3693,10.9332],[8.3718,10.9355],[8.3732,10.93],[8.3749,10.9279],[8.3785,10.9264],[8.3831,10.929],[8.3841,10.9279],[8.3892,10.9274],[8.3961,10.9298],[8.4036,10.9299],[8.4067,10.9247],[8.4119,10.9253],[8.4178,10.9248],[8.4251,10.9277],[8.4284,10.9285],[8.4316,10.9316],[8.431,10.9334],[8.4228,10.9379],[8.4141,10.9402],[8.4139,10.945],[8.4103,10.9465],[8.4044,10.9521],[8.4068,10.9563],[8.4119,10.9574],[8.4181,10.9621],[8.4185,10.9645],[8.4218,10.9683],[8.4203,10.9696],[8.4195,10.9741],[8.4159,10.9796],[8.4173,10.9817],[8.4239,10.9865],[8.4274,10.9917],[8.428,11.0006],[8.4253,11.0006],[8.4228,11.0039],[8.4201,11.0093],[8.4207,11.0136],[8.4194,11.0176],[8.4198,11.022],[8.4174,11.0238],[8.4144,11.0314],[8.4145,11.035],[8.4123,11.0362],[8.404,11.0329],[8.4017,11.0291],[8.4018,11.0246],[8.3994,11.0212],[8.3926,11.022],[8.3878,11.0185],[8.3853,11.0251],[8.3788,11.024],[8.3746,11.0209],[8.3802,11.0042],[8.3841,10.9978],[8.3791,10.9948],[8.3768,10.996],[8.369,10.9957],[8.3622,10.9986],[8.3598,10.9969],[8.3592,10.993],[8.3522,10.9904],[8.3494,10.9875],[8.3438,10.9859],[8.3428,10.981],[8.341,10.9779],[8.3346,10.9756],[8.3296,10.9711],[8.3258,10.9717],[8.3247,10.9732],[8.3167,10.9739],[8.3149,10.9729],[8.3164,10.9686],[8.317,10.9612],[8.3165,10.958],[8.3178,10.9532],[8.3161,10.9495],[8.3128,10.9458],[8.307,10.9416],[8.3026,10.9405],[8.297,10.9419],[8.288,10.9397],[8.2838,10.9329],[8.2832,10.9303],[8.2794,10.9252],[8.2731,10.9246],[8.2641,10.9194],[8.2611,10.9169],[8.2615,10.9132],[8.2573,10.912],[8.2643,10.9041],[8.2649,10.8992],[8.261,10.896],[8.2568,10.8898],[8.2526,10.8813],[8.2522,10.8762],[8.2538,10.8732],[8.2519,10.8658],[8.2543,10.8604],[8.2609,10.8594],[8.2656,10.8537],[8.2678,10.8493],[8.2569,10.8468],[8.2509,10.8409],[8.2522,10.8361],[8.2588,10.832],[8.2588,10.8292],[8.261,10.8268]]]},"properties":{"name":"ANCHAU","state":"18","code":"18/15/07"}},{"type":"Feature","geometry":{"type":"Polygon","coordinates":[[[8.5773,10.9367],[8.5813,10.942],[8.5834,10.9491],[8.5866,10.9574],[8.5885,10.9679],[8.5918,10.9739],[8.5949,10.9856],[8.5982,10.9927],[8.599,11.0021],[8.6099,11.014],[8.6147,11.0178],[8.6111,11.0319],[8.6099,11.0403],[8.6086,11.0545],[8.6079,11.0676],[8.6073,11.0712],[8.6011,11.0772],[8.5946,11.0825],[8.5899,11.0821],[8.5896,11.0849],[8.5836,11.0873],[8.5741,11.0928],[8.5592,11.0998],[8.5554,11.1011],[8.5465,11.1025],[8.534,11.1073],[8.52,11.1147],[8.5184,11.1163],[8.5146,11.1129],[8.5074,11.1116],[8.5025,11.1089],[8.5029,11.1038],[8.5089,11.1012],[8.5084,11.0987],[8.5054,11.0909],[8.5059,11.0872],[8.5034,11.0833],[8.501,11.0824],[8.4963,11.0787],[8.4906,11.0807],[8.4858,11.0838],[8.4798,11.0832],[8.4769,11.0782],[8.472,11.0731],[8.4589,11.0789],[8.4519,11.0788],[8.4467,11.0839],[8.4427,11.0862],[8.4363,11.084],[8.4354,11.0756],[8.4326,11.0696],[8.4333,11.0682],[8.4335,11.0608],[8.4328,11.0541],[8.4256,11.054],[8.4195,11.0491],[8.418,11.0434],[8.4142,11.0415],[8.4123,11.0362],[8.4145,11.035],[8.4144,11.0314],[8.4174,11.0238],[8.4198,11.022],[8.4194,11.0176],[8.4207,11.0136],[8.4201,11.0093],[8.4228,11.0039],[8.4253,11.0006],[8.428,11.0006],[8.4274,10.9917],[8.4239,10.9865],[8.4173,10.9817],[8.4159,10.9796],[8.4195,10.9741],[8.4203,10.9696],[8.4218,10.9683],[8.4185,10.9645],[8.4181,10.9621],[8.4119,10.9574],[8.4068,10.9563],[8.4044,10.9521],[8.4103,10.9465],[8.4139,10.945],[8.4141,10.9402],[8.4228,10.9379],[8.431,10.9334],[8.4316,10.9316],[8.4342,10.9324],[8.4365,10.9358],[8.4424,10.9393],[8.4438,10.9414],[8.4549,10.9394],[8.4596,10.9359],[8.4699,10.9331],[8.4712,10.9344],[8.4748,10.9328],[8.484,10.9314],[8.4861,10.9358],[8.4893,10.9363],[8.4924,10.942],[8.4954,10.9416],[8.4986,10.9363],[8.502,10.9376],[8.5044,10.9402],[8.5089,10.9419],[8.5119,10.9391],[8.5131,10.9364],[8.52,10.9375],[8.5231,10.9386],[8.5349,10.9403],[8.5463,10.9395],[8.5464,10.9445],[8.554,10.9579],[8.5559,10.9585],[8.5579,10.9518],[8.5573,10.9467],[8.5609,10.9437],[8.5644,10.9479],[8.5698,10.9454],[8.5742,10.9413],[8.5773,10.9367]]]},"properties":{"name":"HASKIYA","state":"18","code":"18/15/08"}},{"type":"Feature","geometry":{"type":"Polygon","coordinates":[[[8.2705,11.1036],[8.2728,11.0964],[8.2729,11.0885],[8.2749,11.0851],[8.2813,11.0846],[8.2878,11.0884],[8.2931,11.0861],[8.2929,11.0836],[8.297,11.0725],[8.2943,11.0666],[8.2979,11.0638],[8.3017,11.0634],[8.3067,11.059],[8.3085,11.0542],[8.3117,11.0522],[8.3112,11.0504],[8.3076,11.048],[8.3069,11.0449],[8.309,11.0427],[8.3142,11.0404],[8.3149,11.0372],[8.3136,11.0289],[8.3118,11.0254],[8.3115,11.0213],[8.307,11.0156],[8.3091,11.0076],[8.3149,11.0058],[8.3182,11.0023],[8.3265,10.9997],[8.3343,11.0035],[8.3412,11.0042],[8.3438,11.0062],[8.3494,11.0136],[8.3495,11.0213],[8.3444,11.0263],[8.3493,11.0296],[8.3627,11.0293],[8.3727,11.0216],[8.3746,11.0209],[8.3788,11.024],[8.3853,11.0251],[8.3878,11.0185],[8.3926,11.022],[8.3994,11.0212],[8.4018,11.0246],[8.4017,11.0291],[8.404,11.0329],[8.4123,11.0362],[8.4142,11.0415],[8.418,11.0434],[8.4195,11.0491],[8.4256,11.054],[8.4328,11.0541],[8.4335,11.0608],[8.4333,11.0682],[8.4326,11.0696],[8.4354,11.0756],[8.4363,11.084],[8.4427,11.0862],[8.4467,11.0839],[8.4519,11.0788],[8.4589,11.0789],[8.472,11.0731],[8.4769,11.0782],[8.4798,11.0832],[8.4858,11.0838],[8.4906,11.0807],[8.4963,11.0787],[8.501,11.0824],[8.5034,11.0833],[8.5059,11.0872],[8.5054,11.0909],[8.5084,11.0987],[8.5089,11.1012],[8.5029,11.1038],[8.5025,11.1089],[8.5074,11.1116],[8.5146,11.1129],[8.5184,11.1163],[8.5133,11.1222],[8.5061,11.1322],[8.5099,11.151],[8.5134,11.1547],[8.5096,11.154],[8.5077,11.1471],[8.5046,11.1445],[8.5039,11.1402],[8.4983,11.1359],[8.4959,11.1351],[8.4936,11.1371],[8.4883,11.136],[8.4891,11.1329],[8.4881,11.1213],[8.4904,11.1196],[8.4921,11.116],[8.4882,11.1119],[8.4819,11.111],[8.4778,11.1117],[8.4731,11.1148],[8.471,11.1145],[8.4672,11.1108],[8.463,11.1101],[8.4546,11.1127],[8.4495,11.1115],[8.4464,11.1084],[8.4426,11.1122],[8.431,11.1106],[8.4292,11.1084],[8.4239,11.1058],[8.4188,11.1072],[8.4142,11.1042],[8.4114,11.1108],[8.4049,11.1161],[8.4056,11.1195],[8.4047,11.1233],[8.4024,11.1257],[8.4027,11.132],[8.4064,11.1331],[8.4063,11.14],[8.4074,11.1434],[8.4062,11.1491],[8.4038,11.154],[8.3994,11.1566],[8.3981,11.1595],[8.3891,11.1593],[8.3891,11.1609],[8.3835,11.1619],[8.3802,11.1649],[8.3728,11.166],[8.371,11.1675],[8.3686,11.1657],[8.3657,11.1659],[8.3594,11.1599],[8.3544,11.1601],[8.3532,11.1618],[8.3485,11.1626],[8.3475,11.1659],[8.3437,11.1693],[8.3406,11.1702],[8.3354,11.17],[8.3324,11.174],[8.3268,11.1763],[8.3219,11.1737],[8.3155,11.1717],[8.3126,11.1732],[8.3094,11.1724],[8.3064,11.1679],[8.3038,11.1689],[8.3018,11.1664],[8.3009,11.1609],[8.3025,11.1571],[8.3033,11.1503],[8.3096,11.1469],[8.3105,11.1408],[8.3098,11.1387],[8.3107,11.1274],[8.3031,11.124],[8.2994,11.1215],[8.2961,11.1169],[8.2917,11.1146],[8.289,11.107],[8.2828,11.1074],[8.2777,11.1044],[8.2705,11.1036]]]},"properties":{"name":"KARGI","state":"18","code":"18/15/09"}},{"type":"Feature","geometry":{"type":"Polygon","coordinates":[[[8.1494,11.1174],[8.1472,11.116],[8.1472,11.1127],[8.1516,11.1115],[8.1527,11.1082],[8.1572,11.1083],[8.1591,11.1068],[8.1592,11.1033],[8.161,11.0981],[8.161,11.0932],[8.1654,11.091],[8.1637,11.0872],[8.1674,11.0829],[8.167,11.0798],[8.1685,11.0768],[8.1716,11.0775],[8.174,11.0753],[8.1747,11.0726],[8.179,11.0709],[8.1768,11.0609],[8.1755,11.0589],[8.1812,11.0583],[8.1829,11.0545],[8.1728,11.05],[8.1719,11.0475],[8.1735,11.0437],[8.1717,11.0397],[8.1747,11.0376],[8.1779,11.0317],[8.1839,11.0352],[8.1881,11.0357],[8.1945,11.0349],[8.2005,11.0329],[8.2017,11.0304],[8.2089,11.0292],[8.2136,11.0243],[8.2152,11.0214],[8.2132,11.0077],[8.2016,11.0036],[8.1982,11.0033],[8.1972,11.0006],[8.1929,11.001],[8.1918,10.9988],[8.194,10.9956],[8.1958,10.9969],[8.2019,10.9968],[8.2034,10.9929],[8.2032,10.9861],[8.2076,10.9866],[8.2064,10.9809],[8.209,10.9726],[8.2116,10.9709],[8.2181,10.9712],[8.2208,10.9665],[8.2238,10.9658],[8.2289,10.9615],[8.2292,10.9601],[8.2258,10.955],[8.2279,10.9513],[8.231,10.9493],[8.2335,10.9509],[8.2372,10.9511],[8.24,10.947],[8.2373,10.9454],[8.2368,10.9426],[8.2338,10.9387],[8.2374,10.9382],[8.2395,10.9365],[8.2383,10.9334],[8.2431,10.9305],[8.2482,10.929],[8.249,10.9252],[8.2484,10.9227],[8.2453,10.9205],[8.2479,10.9157],[8.2472,10.9137],[8.2511,10.9119],[8.2525,10.9144],[8.255,10.9151],[8.2573,10.912],[8.2615,10.9132],[8.2611,10.9169],[8.2641,10.9194],[8.2731,10.9246],[8.2794,10.9252],[8.2832,10.9303],[8.2838,10.9329],[8.288,10.9397],[8.297,10.9419],[8.3026,10.9405],[8.307,10.9416],[8.3128,10.9458],[8.3161,10.9495],[8.3178,10.9532],[8.3165,10.958],[8.317,10.9612],[8.3164,10.9686],[8.3149,10.9729],[8.3167,10.9739],[8.3247,10.9732],[8.3258,10.9717],[8.3296,10.9711],[8.3346,10.9756],[8.341,10.9779],[8.3428,10.981],[8.3438,10.9859],[8.3494,10.9875],[8.3522,10.9904],[8.3592,10.993],[8.3598,10.9969],[8.3622,10.9986],[8.369,10.9957],[8.3768,10.996],[8.3791,10.9948],[8.3841,10.9978],[8.3802,11.0042],[8.3746,11.0209],[8.3727,11.0216],[8.3627,11.0293],[8.3493,11.0296],[8.3444,11.0263],[8.3495,11.0213],[8.3494,11.0136],[8.3438,11.0062],[8.3412,11.0042],[8.3343,11.0035],[8.3265,10.9997],[8.3182,11.0023],[8.3149,11.0058],[8.3091,11.0076],[8.307,11.0156],[8.3115,11.0213],[8.3118,11.0254],[8.3136,11.0289],[8.3149,11.0372],[8.3142,11.0404],[8.309,11.0427],[8.3069,11.0449],[8.3076,11.048],[8.3112,11.0504],[8.3117,11.0522],[8.3085,11.0542],[8.3067,11.059],[8.3017,11.0634],[8.2979,11.0638],[8.2943,11.0666],[8.297,11.0725],[8.2929,11.0836],[8.2931,11.0861],[8.2878,11.0884],[8.2813,11.0846],[8.2749,11.0851],[8.2729,11.0885],[8.2728,11.0964],[8.2705,11.1036],[8.2634,11.1052],[8.2568,11.0996],[8.248,11.1009],[8.2437,11.1008],[8.2397,11.0992],[8.2356,11.1003],[8.2332,11.0997],[8.2271,11.0959],[8.2218,11.0906],[8.2178,11.0929],[8.2095,11.0944],[8.2119,11.0979],[8.2145,11.1077],[8.2164,11.1111],[8.2196,11.114],[8.2199,11.1163],[8.2183,11.1211],[8.2217,11.1247],[8.2251,11.1295],[8.2267,11.1334],[8.2241,11.1362],[8.2179,11.1384],[8.2117,11.139],[8.2065,11.1368],[8.2009,11.1381],[8.1998,11.135],[8.1951,11.1344],[8.1911,11.1315],[8.1883,11.1318],[8.1837,11.1297],[8.1754,11.1286],[8.171,11.1259],[8.1683,11.1254],[8.1621,11.1208],[8.1575,11.1184],[8.1532,11.1148],[8.15,11.1147],[8.1494,11.1174]]]},"properties":{"name":"MAH","state":"18","code":"18/15/10"}},{"type":"Feature","geometry":{"type":"Polygon","coordinates":[[[8.1454,10.6565],[8.1499,10.6587],[8.1508,10.6615],[8.1549,10.6657],[8.1535,10.6717],[8.1533,10.6767],[8.1562,10.6819],[8.156,10.6867],[8.1532,10.6922],[8.1532,10.7019],[8.1527,10.7039],[8.1542,10.7206],[8.1589,10.7187],[8.1724,10.7156],[8.1827,10.7163],[8.1875,10.7156],[8.2017,10.7171],[8.2044,10.7179],[8.2025,10.7209],[8.2035,10.7283],[8.2046,10.7313],[8.2036,10.7338],[8.1981,10.7338],[8.1955,10.7349],[8.1936,10.7389],[8.191,10.7395],[8.1872,10.7442],[8.1845,10.7439],[8.1818,10.7464],[8.1766,10.7494],[8.1738,10.7535],[8.1744,10.76],[8.1665,10.766],[8.1621,10.7644],[8.1571,10.7638],[8.1481,10.7606],[8.1445,10.7576],[8.1411,10.7571],[8.1373,10.7517],[8.1307,10.7521],[8.1269,10.7562],[8.1234,10.7623],[8.1208,10.7637],[8.1127,10.7635],[8.1078,10.7596],[8.1062,10.756],[8.1031,10.7548],[8.0964,10.7557],[8.0941,10.7537],[8.0933,10.7502],[8.0963,10.7461],[8.0996,10.7444],[8.0961,10.7418],[8.0899,10.7384],[8.0862,10.7327],[8.0792,10.728],[8.0769,10.7236],[8.0773,10.7204],[8.0753,10.7116],[8.0748,10.7064],[8.0779,10.7047],[8.0798,10.6997],[8.0851,10.692],[8.0867,10.6908],[8.0877,10.687],[8.0902,10.6829],[8.0892,10.6785],[8.0922,10.6749],[8.0968,10.6765],[8.1041,10.6743],[8.1083,10.6761],[8.111,10.6724],[8.1178,10.6727],[8.1206,10.6741],[8.1249,10.6806],[8.1335,10.683],[8.1406,10.6764],[8.1379,10.6723],[8.1403,10.6694],[8.1419,10.6628],[8.1454,10.6565]]]},"properties":{"name":"ZABI","state":"18","code":"18/15/11"}},{"type":"Feature","geometry":{"type":"Polygon","coordinates":[[[7.7548,11.3724],[7.7416,11.3683],[7.7357,11.3705],[7.7298,11.3717],[7.721,11.3702],[7.7177,11.3646],[7.7169,11.3585],[7.7133,11.3484],[7.7145,11.3444],[7.718,11.3368],[7.7165,11.3361],[7.7211,11.3249],[7.7171,11.3225],[7.7175,11.32],[7.7234,11.309],[7.7257,11.3057],[7.7268,11.299],[7.7333,11.2986],[7.7367,11.2977],[7.7424,11.2998],[7.7467,11.2995],[7.7539,11.3008],[7.7591,11.2997],[7.7646,11.3],[7.7671,11.2963],[7.7695,11.2951],[7.7735,11.2967],[7.7775,11.2953],[7.7809,11.2961],[7.7855,11.3007],[7.7861,11.3025],[7.7903,11.3051],[7.7827,11.3116],[7.78,11.3176],[7.7785,11.3254],[7.7761,11.3276],[7.7763,11.3336],[7.7672,11.3395],[7.7665,11.3418],[7.7635,11.3432],[7.7589,11.3431],[7.7532,11.3463],[7.7503,11.3509],[7.7585,11.3547],[7.7587,11.358],[7.7569,11.364],[7.7535,11.3674],[7.7548,11.3724]]]},"properties":{"name":"KUDAN","state":"18","code":"18/16/01"}},{"type":"Feature","geometry":{"type":"Polygon","coordinates":[[[7.6391,11.2878],[7.639,11.2826],[7.6357,11.2727],[7.6387,11.2691],[7.6387,11.2632],[7.6367,11.2611],[7.6401,11.2563],[7.6415,11.2493],[7.6439,11.2504],[7.6523,11.2498],[7.6541,11.2559],[7.6556,11.2581],[7.6589,11.2594],[7.6601,11.263],[7.6631,11.2656],[7.6633,11.2684],[7.6616,11.2705],[7.6635,11.2739],[7.6625,11.2772],[7.6576,11.2779],[7.6544,11.2799],[7.6573,11.2816],[7.6567,11.2841],[7.653,11.2863],[7.6508,11.2831],[7.6478,11.2843],[7.6436,11.2892],[7.6391,11.2878]]]},"properties":{"name":"HUNKUYI","state":"18","code":"18/16/02"}},{"type":"Feature","geometry":{"type":"Polygon","coordinates":[[[7.6159,11.2142],[7.6194,11.2144],[7.6247,11.2116],[7.6273,11.2042],[7.6302,11.2036],[7.6331,11.21],[7.6366,11.2135],[7.637,11.2173],[7.6436,11.2198],[7.6492,11.2156],[7.6554,11.2158],[7.6587,11.2085],[7.6634,11.206],[7.6684,11.2089],[7.6735,11.2076],[7.6766,11.2086],[7.6836,11.2073],[7.6867,11.2077],[7.6918,11.2098],[7.6946,11.2071],[7.6914,11.2012],[7.6886,11.2006],[7.6853,11.1972],[7.6876,11.194],[7.6937,11.1948],[7.7004,11.1936],[7.7023,11.1999],[7.71,11.2002],[7.7154,11.2047],[7.7161,11.2068],[7.7208,11.2075],[7.7216,11.2107],[7.7204,11.2144],[7.7235,11.2171],[7.7231,11.2217],[7.721,11.2217],[7.7193,11.2255],[7.7176,11.2331],[7.7083,11.2417],[7.705,11.2434],[7.7037,11.2461],[7.6901,11.2547],[7.6874,11.2552],[7.6873,11.2581],[7.6839,11.2606],[7.6904,11.2685],[7.7001,11.2757],[7.6955,11.2769],[7.6919,11.2823],[7.6884,11.2803],[7.685,11.2837],[7.683,11.2872],[7.6839,11.2945],[7.6787,11.2945],[7.6775,11.2978],[7.6792,11.303],[7.6763,11.3065],[7.6753,11.3062],[7.6688,11.2969],[7.6643,11.3],[7.662,11.2961],[7.66,11.2941],[7.655,11.292],[7.6522,11.293],[7.6479,11.29],[7.6436,11.2892],[7.6478,11.2843],[7.6508,11.2831],[7.653,11.2863],[7.6567,11.2841],[7.6573,11.2816],[7.6544,11.2799],[7.6576,11.2779],[7.6625,11.2772],[7.6635,11.2739],[7.6616,11.2705],[7.6633,11.2684],[7.6631,11.2656],[7.6601,11.263],[7.6589,11.2594],[7.6556,11.2581],[7.6541,11.2559],[7.6523,11.2498],[7.6439,11.2504],[7.6415,11.2493],[7.6401,11.2563],[7.6367,11.2611],[7.6387,11.2632],[7.6387,11.2691],[7.6357,11.2727],[7.639,11.2826],[7.6391,11.2878],[7.6279,11.2835],[7.6182,11.2774],[7.6201,11.2726],[7.6242,11.2695],[7.6247,11.2665],[7.6235,11.2633],[7.6273,11.2594],[7.6241,11.2526],[7.6215,11.25],[7.6194,11.2396],[7.6203,11.234],[7.6221,11.2304],[7.6189,11.2262],[7.618,11.223],[7.6113,11.2215],[7.6133,11.2166],[7.6159,11.2142]]]},"properties":{"name":"SABON GARI HUNKUYI","state":"18","code":"18/16/03"}},{"type":"Feature","geometry":{"type":"Polygon","coordinates":[[[7.7176,11.2331],[7.7212,11.238],[7.7225,11.2435],[7.7265,11.2456],[7.7296,11.2394],[7.7316,11.2404],[7.7362,11.2397],[7.7374,11.2368],[7.7395,11.2356],[7.743,11.2363],[7.7469,11.2317],[7.75,11.2315],[7.752,11.2296],[7.7567,11.2283],[7.7566,11.2245],[7.7577,11.2262],[7.7622,11.227],[7.7651,11.2319],[7.7673,11.2328],[7.7676,11.2373],[7.7652,11.2423],[7.7685,11.2434],[7.7726,11.2472],[7.7704,11.2501],[7.768,11.2497],[7.7623,11.2558],[7.7578,11.2636],[7.7514,11.2614],[7.7485,11.2593],[7.744,11.2531],[7.739,11.2477],[7.7359,11.2501],[7.7356,11.2522],[7.7306,11.256],[7.7272,11.2538],[7.7233,11.2563],[7.7236,11.26],[7.7227,11.2642],[7.7234,11.2679],[7.7175,11.2723],[7.7176,11.2752],[7.712,11.2778],[7.7083,11.2737],[7.7023,11.2742],[7.7001,11.2757],[7.6904,11.2685],[7.6839,11.2606],[7.6873,11.2581],[7.6874,11.2552],[7.6901,11.2547],[7.7037,11.2461],[7.705,11.2434],[7.7083,11.2417],[7.7176,11.2331]]]},"properties":{"name":"GARU","state":"18","code":"18/16/04"}},{"type":"Feature","geometry":{"type":"Polygon","coordinates":[[[7.7175,11.32],[7.707,11.3141],[7.7062,11.31],[7.6898,11.3088],[7.6865,11.3098],[7.6834,11.3088],[7.6842,11.3064],[7.6782,11.306],[7.6763,11.3065],[7.6792,11.303],[7.6775,11.2978],[7.6787,11.2945],[7.6839,11.2945],[7.683,11.2872],[7.685,11.2837],[7.6884,11.2803],[7.6919,11.2823],[7.6955,11.2769],[7.7001,11.2757],[7.7023,11.2742],[7.7083,11.2737],[7.712,11.2778],[7.7176,11.2752],[7.7175,11.2723],[7.7234,11.2679],[7.7227,11.2642],[7.7236,11.26],[7.7233,11.2563],[7.7272,11.2538],[7.7306,11.256],[7.7356,11.2522],[7.7359,11.2501],[7.739,11.2477],[7.744,11.2531],[7.7485,11.2593],[7.7514,11.2614],[7.7578,11.2636],[7.7602,11.2648],[7.765,11.2707],[7.7651,11.2819],[7.766,11.2832],[7.7713,11.281],[7.7736,11.2845],[7.7713,11.2887],[7.7695,11.2951],[7.7671,11.2963],[7.7646,11.3],[7.7591,11.2997],[7.7539,11.3008],[7.7467,11.2995],[7.7424,11.2998],[7.7367,11.2977],[7.7333,11.2986],[7.7268,11.299],[7.7257,11.3057],[7.7234,11.309],[7.7175,11.32]]]},"properties":{"name":"ZABI","state":"18","code":"18/16/05"}},{"type":"Feature","geometry":{"type":"Polygon","coordinates":[[[7.7903,11.3051],[7.799,11.3079],[7.8039,11.3083],[7.8072,11.3122],[7.8094,11.3165],[7.8129,11.3213],[7.8107,11.3265],[7.8112,11.3296],[7.8101,11.3342],[7.8128,11.3364],[7.8112,11.3408],[7.8115,11.3435],[7.8094,11.346],[7.809,11.3517],[7.8097,11.3548],[7.81,11.3575],[7.8125,11.3627],[7.8089,11.3666],[7.8081,11.3693],[7.8078,11.3774],[7.8061,11.3771],[7.8055,11.3717],[7.7984,11.3767],[7.7962,11.3718],[7.7946,11.371],[7.789,11.3599],[7.7831,11.3611],[7.7775,11.3649],[7.776,11.3691],[7.7755,11.3749],[7.7712,11.3781],[7.7648,11.3793],[7.76,11.3754],[7.7571,11.3771],[7.7548,11.3724],[7.7535,11.3674],[7.7569,11.364],[7.7587,11.358],[7.7585,11.3547],[7.7503,11.3509],[7.7532,11.3463],[7.7589,11.3431],[7.7635,11.3432],[7.7665,11.3418],[7.7672,11.3395],[7.7763,11.3336],[7.7761,11.3276],[7.7785,11.3254],[7.78,11.3176],[7.7827,11.3116],[7.7903,11.3051]]]},"properties":{"name":"DOKA","state":"18","code":"18/16/06"}},{"type":"Feature","geometry":{"type":"Polygon","coordinates":[[[7.814,11.2142],[7.8088,11.2132],[7.8026,11.2147],[7.8,11.2163],[7.7959,11.2168],[7.7923,11.222],[7.789,11.2238],[7.7853,11.2217],[7.7745,11.1918],[7.7779,11.1923],[7.7774,11.1845],[7.7754,11.1817],[7.7789,11.1791],[7.781,11.1794],[7.7868,11.1769],[7.789,11.1736],[7.793,11.1699],[7.792,11.1627],[7.7953,11.1586],[7.8022,11.1587],[7.8099,11.1577],[7.8119,11.1548],[7.8158,11.1546],[7.8168,11.1583],[7.822,11.1586],[7.8239,11.1608],[7.8306,11.1608],[7.8301,11.1637],[7.8386,11.1651],[7.8413,11.1682],[7.8437,11.1692],[7.8444,11.1724],[7.8411,11.1758],[7.8381,11.1746],[7.8371,11.1788],[7.8384,11.1833],[7.836,11.1836],[7.8355,11.1884],[7.8383,11.1891],[7.8407,11.1937],[7.8411,11.1978],[7.8356,11.1966],[7.8223,11.2016],[7.8206,11.2017],[7.8205,11.2059],[7.818,11.2122],[7.814,11.2142]]]},"properties":{"name":"LIKORO","state":"18","code":"18/16/07"}},{"type":"Feature","geometry":{"type":"Polygon","coordinates":[[[7.7695,11.2951],[7.7713,11.2887],[7.7736,11.2845],[7.7713,11.281],[7.766,11.2832],[7.7651,11.2819],[7.765,11.2707],[7.7602,11.2648],[7.7578,11.2636],[7.7623,11.2558],[7.768,11.2497],[7.7704,11.2501],[7.7726,11.2472],[7.7685,11.2434],[7.7652,11.2423],[7.7676,11.2373],[7.7673,11.2328],[7.7651,11.2319],[7.7622,11.227],[7.7577,11.2262],[7.7566,11.2245],[7.7551,11.2226],[7.7556,11.2194],[7.7583,11.218],[7.7586,11.2152],[7.7557,11.214],[7.7524,11.2103],[7.754,11.2036],[7.7579,11.1992],[7.7621,11.2001],[7.7633,11.1986],[7.7624,11.1936],[7.7626,11.1873],[7.7667,11.1849],[7.7686,11.1812],[7.7687,11.178],[7.7705,11.178],[7.7754,11.1817],[7.7774,11.1845],[7.7779,11.1923],[7.7745,11.1918],[7.7853,11.2217],[7.789,11.2238],[7.7923,11.222],[7.7959,11.2168],[7.8,11.2163],[7.8026,11.2147],[7.8088,11.2132],[7.814,11.2142],[7.8153,11.2172],[7.8176,11.2184],[7.817,11.2217],[7.8146,11.2248],[7.8146,11.2272],[7.8108,11.2283],[7.8093,11.2344],[7.8128,11.2348],[7.8169,11.2374],[7.8124,11.2415],[7.811,11.2441],[7.8102,11.2491],[7.812,11.2521],[7.8132,11.2612],[7.818,11.2714],[7.8125,11.277],[7.8129,11.2833],[7.8149,11.2845],[7.8145,11.2897],[7.8103,11.2924],[7.8098,11.2952],[7.8062,11.2942],[7.807,11.3013],[7.8039,11.3083],[7.799,11.3079],[7.7903,11.3051],[7.7861,11.3025],[7.7855,11.3007],[7.7809,11.2961],[7.7775,11.2953],[7.7735,11.2967],[7.7695,11.2951]]]},"properties":{"name":"TABAN SANI","state":"18","code":"18/16/08"}},{"type":"Feature","geometry":{"type":"Polygon","coordinates":[[[7.8094,11.3165],[7.8124,11.3141],[7.8145,11.3098],[7.8194,11.3083],[7.8247,11.3101],[7.8284,11.308],[7.83,11.3096],[7.8273,11.3149],[7.8279,11.321],[7.8338,11.322],[7.8375,11.3239],[7.837,11.3291],[7.8316,11.3309],[7.8321,11.3361],[7.8287,11.3429],[7.8244,11.3425],[7.8215,11.3436],[7.8188,11.3465],[7.8186,11.3488],[7.8142,11.3526],[7.8097,11.3548],[7.809,11.3517],[7.8094,11.346],[7.8115,11.3435],[7.8112,11.3408],[7.8128,11.3364],[7.8101,11.3342],[7.8112,11.3296],[7.8107,11.3265],[7.8129,11.3213],[7.8094,11.3165]]]},"properties":{"name":"KAURAN WALI NORTH","state":"18","code":"18/16/09"}},{"type":"Feature","geometry":{"type":"Polygon","coordinates":[[[7.8039,11.3083],[7.807,11.3013],[7.8062,11.2942],[7.8098,11.2952],[7.8103,11.2924],[7.8145,11.2897],[7.8199,11.289],[7.8268,11.2852],[7.825,11.2828],[7.8253,11.2801],[7.8316,11.2764],[7.8327,11.2779],[7.838,11.2771],[7.8377,11.2816],[7.8345,11.2799],[7.8321,11.2806],[7.8288,11.2863],[7.8311,11.2889],[7.8333,11.2863],[7.838,11.2845],[7.8401,11.288],[7.8427,11.2881],[7.8438,11.2857],[7.8478,11.2857],[7.847,11.283],[7.848,11.2798],[7.851,11.277],[7.849,11.2749],[7.8454,11.2734],[7.8433,11.2754],[7.8396,11.2753],[7.8402,11.2681],[7.8443,11.2658],[7.8539,11.2703],[7.8556,11.2718],[7.8558,11.2737],[7.8588,11.2778],[7.8626,11.2773],[7.8677,11.2785],[7.8697,11.2811],[7.8701,11.2846],[7.8719,11.2881],[7.8727,11.2957],[7.868,11.2996],[7.8687,11.3021],[7.8651,11.3054],[7.8625,11.3091],[7.8598,11.309],[7.8588,11.3158],[7.8526,11.3207],[7.851,11.3184],[7.8473,11.3185],[7.8458,11.3217],[7.8375,11.3239],[7.8338,11.322],[7.8279,11.321],[7.8273,11.3149],[7.83,11.3096],[7.8284,11.308],[7.8247,11.3101],[7.8194,11.3083],[7.8145,11.3098],[7.8124,11.3141],[7.8094,11.3165],[7.8072,11.3122],[7.8039,11.3083]]]},"properties":{"name":"KAURAN WALI SOUTH","state":"18","code":"18/16/10"}},{"type":"Feature","geometry":{"type":"Polygon","coordinates":[[[8.7056,10.4617],[8.7057,10.473],[8.7034,10.4748],[8.7009,10.4739],[8.6947,10.4766],[8.6922,10.4754],[8.6881,10.4762],[8.6858,10.478],[8.6779,10.4791],[8.6776,10.4864],[8.674,10.4859],[8.6658,10.4869],[8.6607,10.492],[8.6583,10.4925],[8.6563,10.4965],[8.657,10.4993],[8.6527,10.4992],[8.6453,10.5024],[8.643,10.5056],[8.6384,10.5002],[8.6349,10.4899],[8.6317,10.4899],[8.6272,10.4841],[8.6266,10.4798],[8.6209,10.4732],[8.6217,10.4709],[8.6207,10.4662],[8.6178,10.4608],[8.6143,10.4576],[8.6133,10.4483],[8.6111,10.4453],[8.6046,10.4419],[8.601,10.4387],[8.5951,10.4382],[8.5949,10.4332],[8.596,10.4277],[8.5921,10.4235],[8.59,10.4175],[8.5846,10.4168],[8.5814,10.4131],[8.5797,10.4076],[8.5754,10.4018],[8.5733,10.3969],[8.5741,10.3922],[8.5788,10.3906],[8.5815,10.3934],[8.5872,10.3923],[8.5897,10.3883],[8.5895,10.3836],[8.588,10.3815],[8.5906,10.3791],[8.5916,10.3739],[8.5947,10.3733],[8.5997,10.3706],[8.5954,10.369],[8.5986,10.3667],[8.5987,10.3634],[8.5965,10.3609],[8.5958,10.358],[8.5972,10.3539],[8.6004,10.3555],[8.6033,10.3553],[8.6069,10.3569],[8.6112,10.3523],[8.6153,10.3505],[8.6205,10.3509],[8.6217,10.3526],[8.6208,10.3574],[8.6223,10.3619],[8.6267,10.3656],[8.6308,10.3645],[8.6345,10.3675],[8.6381,10.3689],[8.64,10.3682],[8.641,10.3722],[8.6467,10.3784],[8.6543,10.3796],[8.6519,10.3834],[8.6467,10.3862],[8.6425,10.3904],[8.6427,10.392],[8.6387,10.3946],[8.6368,10.398],[8.6367,10.4007],[8.6395,10.4059],[8.6403,10.4121],[8.6487,10.4178],[8.6526,10.4193],[8.656,10.4255],[8.6619,10.4275],[8.661,10.4342],[8.6639,10.4344],[8.6671,10.4418],[8.6731,10.4362],[8.6767,10.437],[8.6825,10.4399],[8.6848,10.4437],[8.6845,10.4484],[8.6814,10.451],[8.6845,10.4535],[8.6884,10.4588],[8.6879,10.4666],[8.6917,10.4643],[8.6993,10.466],[8.7038,10.4645],[8.7056,10.4617]]]},"properties":{"name":"SABON BIRNIN","state":"18","code":"18/17/01"}},{"type":"Feature","geometry":{"type":"Polygon","coordinates":[[[8.4425,10.465],[8.4485,10.4619],[8.4532,10.4564],[8.4586,10.4579],[8.4634,10.4575],[8.4683,10.4537],[8.4717,10.4527],[8.4768,10.445],[8.4781,10.4449],[8.4837,10.4452],[8.4893,10.4373],[8.4922,10.4359],[8.496,10.4367],[8.498,10.4357],[8.501,10.4341],[8.503,10.4308],[8.5064,10.4288],[8.5094,10.4313],[8.5161,10.4289],[8.5199,10.4254],[8.5206,10.4228],[8.5237,10.4239],[8.5251,10.4268],[8.5275,10.4263],[8.5299,10.4288],[8.5349,10.4312],[8.5398,10.4252],[8.5412,10.4223],[8.5478,10.4242],[8.5534,10.4239],[8.5566,10.4298],[8.563,10.4271],[8.5662,10.4264],[8.5684,10.4235],[8.5724,10.4255],[8.5712,10.4299],[8.5732,10.4366],[8.5725,10.4378],[8.5674,10.4388],[8.5636,10.441],[8.5651,10.4457],[8.5638,10.4472],[8.5626,10.4528],[8.5635,10.4553],[8.5672,10.4551],[8.5713,10.4588],[8.5748,10.4674],[8.5795,10.4732],[8.5788,10.4784],[8.577,10.484],[8.5745,10.4867],[8.5735,10.4907],[8.5699,10.4903],[8.5663,10.4926],[8.5635,10.4966],[8.5618,10.4967],[8.5551,10.5],[8.5533,10.5024],[8.5485,10.5051],[8.5457,10.5081],[8.5402,10.5112],[8.5417,10.5183],[8.5405,10.5261],[8.5425,10.531],[8.5427,10.5358],[8.5493,10.5406],[8.5509,10.5441],[8.5537,10.5474],[8.5555,10.5516],[8.5528,10.5561],[8.5521,10.5631],[8.5531,10.5656],[8.5511,10.569],[8.5529,10.5716],[8.5545,10.5769],[8.5568,10.5809],[8.5566,10.585],[8.5497,10.5939],[8.546,10.5957],[8.5439,10.6017],[8.5415,10.6046],[8.5419,10.6099],[8.5381,10.6104],[8.532,10.6137],[8.5346,10.6186],[8.5327,10.6215],[8.5316,10.6254],[8.5294,10.6289],[8.5331,10.6328],[8.5305,10.6347],[8.5226,10.6376],[8.519,10.6417],[8.5142,10.6433],[8.5063,10.6505],[8.5074,10.6559],[8.501,10.6605],[8.4982,10.6647],[8.4974,10.6798],[8.4898,10.6974],[8.4897,10.7029],[8.4842,10.709],[8.4799,10.7121],[8.4762,10.7128],[8.4727,10.7177],[8.4678,10.7161],[8.4654,10.7209],[8.4624,10.7234],[8.4595,10.7243],[8.4571,10.7269],[8.4592,10.7294],[8.4549,10.7294],[8.4513,10.7309],[8.4489,10.7296],[8.4385,10.7288],[8.4306,10.7318],[8.4253,10.7306],[8.4218,10.7325],[8.4193,10.7323],[8.4114,10.7299],[8.409,10.7308],[8.4046,10.7289],[8.3995,10.7295],[8.3926,10.7232],[8.3895,10.7217],[8.3872,10.7221],[8.3836,10.7198],[8.3777,10.7188],[8.3755,10.7147],[8.371,10.7114],[8.3693,10.7075],[8.3722,10.6987],[8.3707,10.6938],[8.3689,10.6818],[8.3789,10.6716],[8.3731,10.6702],[8.3647,10.6622],[8.3621,10.6621],[8.3584,10.6644],[8.352,10.6654],[8.3437,10.6633],[8.3381,10.6569],[8.3351,10.6564],[8.3335,10.6544],[8.3354,10.6473],[8.3341,10.6449],[8.3371,10.641],[8.3378,10.6372],[8.3343,10.6378],[8.331,10.6354],[8.332,10.6322],[8.3299,10.6269],[8.3335,10.6231],[8.3366,10.6233],[8.3431,10.6207],[8.35,10.6198],[8.3529,10.6175],[8.3543,10.6123],[8.3559,10.6097],[8.3545,10.6063],[8.3506,10.6046],[8.3531,10.5966],[8.3605,10.588],[8.3602,10.5858],[8.3558,10.5833],[8.3564,10.5793],[8.3594,10.5765],[8.3611,10.573],[8.3606,10.5687],[8.3616,10.565],[8.3651,10.5599],[8.3662,10.554],[8.3695,10.5532],[8.3697,10.5498],[8.3719,10.5479],[8.3741,10.54],[8.3777,10.5378],[8.3799,10.5321],[8.3854,10.5318],[8.3882,10.5332],[8.3927,10.5316],[8.3946,10.532],[8.3987,10.5356],[8.4009,10.5336],[8.4002,10.5312],[8.4008,10.5261],[8.3969,10.5202],[8.398,10.5124],[8.3938,10.5002],[8.3934,10.4958],[8.4008,10.4944],[8.4073,10.4912],[8.4117,10.4865],[8.4136,10.482],[8.4161,10.4795],[8.4173,10.4701],[8.4154,10.4575],[8.4195,10.4613],[8.4215,10.4619],[8.4268,10.461],[8.4324,10.4645],[8.4366,10.4639],[8.4425,10.465]]]},"properties":{"name":"YAR KASUWA","state":"18","code":"18/17/02"}},{"type":"Feature","geometry":{"type":"Polygon","coordinates":[[[8.4762,10.0026],[8.4764,10.0071],[8.4826,10.008],[8.4825,10.0117],[8.4865,10.0155],[8.492,10.016],[8.4947,10.0171],[8.4989,10.0167],[8.5002,10.0189],[8.5032,10.0192],[8.5044,10.0142],[8.5079,10.0126],[8.5089,10.0141],[8.5151,10.014],[8.5178,10.0174],[8.5246,10.021],[8.5251,10.0245],[8.5313,10.0261],[8.5331,10.0242],[8.5376,10.0257],[8.5385,10.0289],[8.5426,10.0313],[8.546,10.0287],[8.5502,10.0296],[8.552,10.0273],[8.5556,10.0282],[8.5578,10.0304],[8.5626,10.0286],[8.5643,10.0248],[8.5683,10.0237],[8.5734,10.0239],[8.5753,10.0218],[8.5795,10.0199],[8.5815,10.0154],[8.5814,10.0121],[8.5844,10.0089],[8.5883,10.0104],[8.5944,10.0101],[8.5975,10.0077],[8.5998,10.0043],[8.603,10.0031],[8.6056,10.004],[8.6084,10.0027],[8.6162,10.0012],[8.6192,10.0026],[8.6225,10.0006],[8.6273,10.0015],[8.6317,10],[8.6368,9.9961],[8.641,9.9956],[8.6442,9.9922],[8.6499,9.9911],[8.6514,9.9875],[8.6592,9.9876],[8.6626,9.9828],[8.6705,9.9802],[8.673,9.9874],[8.6766,9.9934],[8.6799,10.0051],[8.6795,10.0147],[8.6723,10.0817],[8.6724,10.1079],[8.6717,10.1246],[8.6732,10.1376],[8.672,10.1462],[8.6782,10.1686],[8.6809,10.177],[8.6828,10.1895],[8.6784,10.1924],[8.6753,10.1957],[8.6704,10.1979],[8.6667,10.2007],[8.6644,10.2053],[8.6594,10.2063],[8.6559,10.2108],[8.6491,10.2155],[8.6472,10.2183],[8.637,10.2204],[8.6366,10.2226],[8.6325,10.2257],[8.6266,10.2247],[8.6212,10.2255],[8.6168,10.2235],[8.6092,10.219],[8.6064,10.2188],[8.5979,10.2331],[8.6034,10.237],[8.6066,10.2401],[8.6099,10.2404],[8.6045,10.2527],[8.6011,10.2533],[8.5969,10.2525],[8.5946,10.2479],[8.5872,10.2427],[8.5827,10.2412],[8.5753,10.2353],[8.5711,10.2304],[8.5702,10.227],[8.5648,10.2207],[8.5614,10.2192],[8.5534,10.2178],[8.5507,10.2152],[8.5454,10.2138],[8.5422,10.2172],[8.5408,10.2204],[8.5365,10.2237],[8.5368,10.2252],[8.5299,10.2324],[8.5273,10.2268],[8.5257,10.2256],[8.5157,10.2226],[8.5146,10.2162],[8.5127,10.2162],[8.507,10.2106],[8.509,10.2047],[8.5088,10.2004],[8.505,10.1907],[8.498,10.1897],[8.4948,10.1931],[8.488,10.195],[8.4827,10.1927],[8.4771,10.1928],[8.4754,10.1904],[8.4717,10.189],[8.4696,10.1861],[8.4691,10.1769],[8.4707,10.1731],[8.4666,10.1714],[8.4594,10.1721],[8.4533,10.1713],[8.4507,10.1687],[8.4416,10.1717],[8.4392,10.1691],[8.4338,10.1667],[8.4319,10.1669],[8.4355,10.162],[8.4394,10.1586],[8.4415,10.151],[8.4443,10.1491],[8.449,10.1494],[8.4497,10.1522],[8.4519,10.1528],[8.4577,10.1486],[8.4593,10.1457],[8.4622,10.1445],[8.4694,10.1341],[8.47,10.1322],[8.4754,10.1255],[8.476,10.121],[8.4869,10.1243],[8.4887,10.1226],[8.4894,10.1188],[8.4932,10.116],[8.4947,10.1114],[8.4972,10.1084],[8.5012,10.1066],[8.5052,10.1017],[8.5086,10.1018],[8.5148,10.0999],[8.5194,10.0973],[8.5182,10.0933],[8.5142,10.0856],[8.5136,10.0832],[8.5079,10.0776],[8.5059,10.0777],[8.5049,10.0729],[8.5018,10.0706],[8.4966,10.0689],[8.4886,10.0722],[8.4841,10.0712],[8.4813,10.0725],[8.4788,10.0719],[8.4745,10.0666],[8.4738,10.0617],[8.4763,10.0609],[8.4798,10.0576],[8.4871,10.0551],[8.4882,10.0531],[8.488,10.0482],[8.4824,10.0473],[8.4782,10.0456],[8.4695,10.0461],[8.4702,10.0434],[8.4631,10.0355],[8.4603,10.0363],[8.451,10.0345],[8.4477,10.0325],[8.4482,10.0292],[8.4457,10.0273],[8.446,10.0247],[8.4501,10.0232],[8.4549,10.0188],[8.453,10.0155],[8.4599,10.0109],[8.4636,10.0077],[8.4689,10.0057],[8.4737,10.0027],[8.4762,10.0026]]]},"properties":{"name":"GARU","state":"18","code":"18/17/03"}},{"type":"Feature","geometry":{"type":"Polygon","coordinates":[[[8.643,10.5056],[8.6435,10.5092],[8.646,10.5143],[8.6466,10.5174],[8.6488,10.5196],[8.6509,10.5258],[8.6542,10.5304],[8.6548,10.5353],[8.6598,10.5373],[8.6607,10.5386],[8.6581,10.5499],[8.6542,10.5495],[8.6523,10.5529],[8.6462,10.5572],[8.6421,10.5547],[8.6338,10.5527],[8.6311,10.5544],[8.6294,10.5578],[8.625,10.562],[8.6176,10.5633],[8.6116,10.5752],[8.611,10.5802],[8.6155,10.5861],[8.614,10.5915],[8.6082,10.5909],[8.6045,10.5916],[8.601,10.5949],[8.603,10.5991],[8.6075,10.6027],[8.6087,10.6056],[8.605,10.6141],[8.6056,10.6207],[8.6086,10.6231],[8.6095,10.6258],[8.6059,10.6303],[8.6048,10.6367],[8.6073,10.642],[8.6009,10.6438],[8.5936,10.6451],[8.5875,10.6425],[8.5709,10.6392],[8.5539,10.6362],[8.5437,10.6318],[8.5331,10.6328],[8.5294,10.6289],[8.5316,10.6254],[8.5327,10.6215],[8.5346,10.6186],[8.532,10.6137],[8.5381,10.6104],[8.5419,10.6099],[8.5415,10.6046],[8.5439,10.6017],[8.546,10.5957],[8.5497,10.5939],[8.5566,10.585],[8.5568,10.5809],[8.5545,10.5769],[8.5529,10.5716],[8.5511,10.569],[8.5531,10.5656],[8.5521,10.5631],[8.5528,10.5561],[8.5555,10.5516],[8.5537,10.5474],[8.5509,10.5441],[8.5493,10.5406],[8.5427,10.5358],[8.5425,10.531],[8.5405,10.5261],[8.5417,10.5183],[8.5402,10.5112],[8.5457,10.5081],[8.5485,10.5051],[8.5533,10.5024],[8.5551,10.5],[8.5618,10.4967],[8.5635,10.4966],[8.5663,10.4926],[8.5699,10.4903],[8.5735,10.4907],[8.5745,10.4867],[8.577,10.484],[8.5788,10.4784],[8.5795,10.4732],[8.5748,10.4674],[8.5713,10.4588],[8.5672,10.4551],[8.5635,10.4553],[8.5626,10.4528],[8.5638,10.4472],[8.5651,10.4457],[8.5636,10.441],[8.5674,10.4388],[8.5725,10.4378],[8.5732,10.4366],[8.581,10.4373],[8.5883,10.4325],[8.5949,10.4332],[8.5951,10.4382],[8.601,10.4387],[8.6046,10.4419],[8.6111,10.4453],[8.6133,10.4483],[8.6143,10.4576],[8.6178,10.4608],[8.6207,10.4662],[8.6217,10.4709],[8.6209,10.4732],[8.6266,10.4798],[8.6272,10.4841],[8.6317,10.4899],[8.6349,10.4899],[8.6384,10.5002],[8.643,10.5056]]]},"properties":{"name":"KAYARDA","state":"18","code":"18/17/04"}},{"type":"Feature","geometry":{"type":"Polygon","coordinates":[[[8.5949,10.4332],[8.5883,10.4325],[8.581,10.4373],[8.5732,10.4366],[8.5712,10.4299],[8.5724,10.4255],[8.5684,10.4235],[8.5662,10.4264],[8.563,10.4271],[8.5566,10.4298],[8.5534,10.4239],[8.5478,10.4242],[8.5412,10.4223],[8.5398,10.4252],[8.5349,10.4312],[8.5299,10.4288],[8.5275,10.4263],[8.5251,10.4268],[8.5237,10.4239],[8.5206,10.4228],[8.5199,10.4254],[8.5161,10.4289],[8.5094,10.4313],[8.5064,10.4288],[8.503,10.4308],[8.501,10.4341],[8.498,10.4357],[8.4927,10.4301],[8.4877,10.4226],[8.4905,10.4175],[8.4971,10.412],[8.5008,10.4104],[8.5039,10.4027],[8.5048,10.3982],[8.5157,10.3971],[8.5203,10.398],[8.528,10.3959],[8.5269,10.3911],[8.5298,10.3876],[8.5301,10.38],[8.5364,10.3751],[8.5368,10.3697],[8.5379,10.3678],[8.5365,10.3604],[8.5327,10.3569],[8.5355,10.3542],[8.5344,10.3487],[8.5343,10.3435],[8.5376,10.3405],[8.5389,10.3345],[8.5421,10.3341],[8.5498,10.329],[8.5511,10.3205],[8.5604,10.3181],[8.5656,10.3239],[8.5698,10.3263],[8.58,10.3252],[8.5865,10.3235],[8.5871,10.3216],[8.5916,10.315],[8.5924,10.3129],[8.598,10.3155],[8.6007,10.3155],[8.6069,10.3175],[8.6026,10.3217],[8.6121,10.3302],[8.6136,10.3277],[8.6165,10.3268],[8.6224,10.329],[8.6271,10.3375],[8.6328,10.3431],[8.6332,10.3465],[8.6359,10.3505],[8.6355,10.355],[8.6397,10.3617],[8.6412,10.3653],[8.64,10.3682],[8.6381,10.3689],[8.6345,10.3675],[8.6308,10.3645],[8.6267,10.3656],[8.6223,10.3619],[8.6208,10.3574],[8.6217,10.3526],[8.6205,10.3509],[8.6153,10.3505],[8.6112,10.3523],[8.6069,10.3569],[8.6033,10.3553],[8.6004,10.3555],[8.5972,10.3539],[8.5958,10.358],[8.5965,10.3609],[8.5987,10.3634],[8.5986,10.3667],[8.5954,10.369],[8.5997,10.3706],[8.5947,10.3733],[8.5916,10.3739],[8.5906,10.3791],[8.588,10.3815],[8.5895,10.3836],[8.5897,10.3883],[8.5872,10.3923],[8.5815,10.3934],[8.5788,10.3906],[8.5741,10.3922],[8.5733,10.3969],[8.5754,10.4018],[8.5797,10.4076],[8.5814,10.4131],[8.5846,10.4168],[8.59,10.4175],[8.5921,10.4235],[8.596,10.4277],[8.5949,10.4332]]]},"properties":{"name":"LERE","state":"18","code":"18/17/05"}},{"type":"Feature","geometry":{"type":"Polygon","coordinates":[[[8.4781,10.4449],[8.4766,10.4376],[8.4766,10.4263],[8.4778,10.4213],[8.4747,10.4186],[8.4765,10.4164],[8.4757,10.41],[8.478,10.4045],[8.4762,10.4032],[8.4748,10.3977],[8.475,10.3939],[8.4707,10.3923],[8.4673,10.3936],[8.459,10.3934],[8.4592,10.3872],[8.4619,10.3831],[8.4624,10.3798],[8.46,10.3779],[8.4574,10.3736],[8.4542,10.3728],[8.4523,10.3661],[8.4472,10.3622],[8.4478,10.3597],[8.4434,10.3517],[8.4466,10.3495],[8.4499,10.35],[8.4577,10.3481],[8.4602,10.3416],[8.4651,10.3357],[8.4728,10.3332],[8.4721,10.3284],[8.4747,10.3215],[8.4732,10.3146],[8.4752,10.3116],[8.473,10.3045],[8.4731,10.2997],[8.477,10.2973],[8.4807,10.2917],[8.4807,10.2898],[8.4844,10.2837],[8.4795,10.2785],[8.4812,10.2744],[8.4837,10.272],[8.4847,10.2643],[8.4917,10.2622],[8.4914,10.2607],[8.4948,10.2573],[8.4945,10.2506],[8.4975,10.2495],[8.4998,10.2456],[8.504,10.2408],[8.5097,10.2384],[8.5123,10.2391],[8.5153,10.2381],[8.5215,10.2395],[8.5239,10.2382],[8.5274,10.2398],[8.5299,10.2324],[8.5368,10.2252],[8.5365,10.2237],[8.5408,10.2204],[8.5422,10.2172],[8.5454,10.2138],[8.5507,10.2152],[8.5534,10.2178],[8.5498,10.2254],[8.5509,10.2272],[8.5521,10.2364],[8.5541,10.2396],[8.5584,10.2431],[8.5602,10.2459],[8.559,10.2495],[8.5545,10.2529],[8.5548,10.2546],[8.5515,10.2581],[8.5515,10.2637],[8.5524,10.2694],[8.5538,10.2737],[8.5526,10.2823],[8.5559,10.2865],[8.5562,10.291],[8.5614,10.2928],[8.5639,10.2977],[8.563,10.3012],[8.5639,10.3079],[8.5671,10.3091],[8.584,10.3104],[8.5894,10.3064],[8.5924,10.3129],[8.5916,10.315],[8.5871,10.3216],[8.5865,10.3235],[8.58,10.3252],[8.5698,10.3263],[8.5656,10.3239],[8.5604,10.3181],[8.5511,10.3205],[8.5498,10.329],[8.5421,10.3341],[8.5389,10.3345],[8.5376,10.3405],[8.5343,10.3435],[8.5344,10.3487],[8.5355,10.3542],[8.5327,10.3569],[8.5365,10.3604],[8.5379,10.3678],[8.5368,10.3697],[8.5364,10.3751],[8.5301,10.38],[8.5298,10.3876],[8.5269,10.3911],[8.528,10.3959],[8.5203,10.398],[8.5157,10.3971],[8.5048,10.3982],[8.5039,10.4027],[8.5008,10.4104],[8.4971,10.412],[8.4905,10.4175],[8.4877,10.4226],[8.4927,10.4301],[8.498,10.4357],[8.496,10.4367],[8.4922,10.4359],[8.4893,10.4373],[8.4837,10.4452],[8.4781,10.4449]]]},"properties":{"name":"RAMIN KURA","state":"18","code":"18/17/06"}},{"type":"Feature","geometry":{"type":"Polygon","coordinates":[[[8.6543,10.3796],[8.6591,10.3864],[8.6621,10.3875],[8.6649,10.386],[8.6651,10.3896],[8.6691,10.3908],[8.6667,10.394],[8.6705,10.3978],[8.6741,10.3983],[8.6752,10.4019],[8.6786,10.4061],[8.6862,10.4035],[8.69,10.4051],[8.6939,10.4086],[8.6958,10.4079],[8.7014,10.4141],[8.7051,10.4214],[8.7054,10.4245],[8.6996,10.4295],[8.6925,10.4284],[8.6862,10.4289],[8.6865,10.4314],[8.6845,10.4389],[8.6825,10.4399],[8.6767,10.437],[8.6731,10.4362],[8.6671,10.4418],[8.6639,10.4344],[8.661,10.4342],[8.6619,10.4275],[8.656,10.4255],[8.6526,10.4193],[8.6487,10.4178],[8.6403,10.4121],[8.6395,10.4059],[8.6367,10.4007],[8.6368,10.398],[8.6387,10.3946],[8.6427,10.392],[8.6425,10.3904],[8.6467,10.3862],[8.6519,10.3834],[8.6543,10.3796]]]},"properties":{"name":"SAMINAKA","state":"18","code":"18/17/07"}},{"type":"Feature","geometry":{"type":"Polygon","coordinates":[[[8.64,10.3682],[8.6412,10.3653],[8.6397,10.3617],[8.6355,10.355],[8.6359,10.3505],[8.6332,10.3465],[8.6328,10.3431],[8.6271,10.3375],[8.6224,10.329],[8.6165,10.3268],[8.6136,10.3277],[8.6121,10.3302],[8.6026,10.3217],[8.6069,10.3175],[8.6007,10.3155],[8.598,10.3155],[8.5924,10.3129],[8.5894,10.3064],[8.584,10.3104],[8.5671,10.3091],[8.5639,10.3079],[8.563,10.3012],[8.5639,10.2977],[8.5614,10.2928],[8.5562,10.291],[8.5559,10.2865],[8.5526,10.2823],[8.5538,10.2737],[8.5524,10.2694],[8.5515,10.2637],[8.5515,10.2581],[8.5548,10.2546],[8.5545,10.2529],[8.559,10.2495],[8.5602,10.2459],[8.5584,10.2431],[8.5541,10.2396],[8.5521,10.2364],[8.5509,10.2272],[8.5498,10.2254],[8.5534,10.2178],[8.5614,10.2192],[8.5648,10.2207],[8.5702,10.227],[8.5711,10.2304],[8.5753,10.2353],[8.5827,10.2412],[8.5872,10.2427],[8.5946,10.2479],[8.5969,10.2525],[8.6011,10.2533],[8.6045,10.2527],[8.6099,10.2404],[8.6066,10.2401],[8.6034,10.237],[8.5979,10.2331],[8.6064,10.2188],[8.6092,10.219],[8.6168,10.2235],[8.6212,10.2255],[8.6266,10.2247],[8.6325,10.2257],[8.6366,10.2226],[8.637,10.2204],[8.6472,10.2183],[8.6491,10.2155],[8.6559,10.2108],[8.6594,10.2063],[8.6644,10.2053],[8.6667,10.2007],[8.6704,10.1979],[8.6753,10.1957],[8.6784,10.1924],[8.6828,10.1895],[8.6861,10.2112],[8.6991,10.2209],[8.7125,10.2303],[8.7287,10.2483],[8.734,10.2739],[8.7296,10.2745],[8.7258,10.279],[8.727,10.2835],[8.7297,10.2846],[8.7323,10.2887],[8.7349,10.295],[8.7342,10.2993],[8.7364,10.3034],[8.7356,10.3069],[8.7375,10.311],[8.7401,10.3131],[8.7419,10.3196],[8.7414,10.3257],[8.7391,10.3314],[8.7394,10.3366],[8.7454,10.342],[8.7465,10.3458],[8.744,10.3505],[8.7457,10.353],[8.743,10.3575],[8.738,10.3602],[8.7381,10.3624],[8.7313,10.365],[8.7268,10.3634],[8.7223,10.3587],[8.721,10.3593],[8.7131,10.3558],[8.7102,10.3614],[8.7106,10.3644],[8.7064,10.3701],[8.7022,10.3699],[8.6977,10.3771],[8.6936,10.3803],[8.6939,10.3833],[8.692,10.3853],[8.6829,10.3854],[8.6831,10.3896],[8.6818,10.3908],[8.6767,10.3919],[8.6732,10.3896],[8.6691,10.3908],[8.6651,10.3896],[8.6649,10.386],[8.6621,10.3875],[8.6591,10.3864],[8.6543,10.3796],[8.6467,10.3784],[8.641,10.3722],[8.64,10.3682]]]},"properties":{"name":"LAZURU","state":"18","code":"18/17/08"}},{"type":"Feature","geometry":{"type":"Polygon","coordinates":[[[8.6825,10.4399],[8.6845,10.4389],[8.6865,10.4314],[8.6862,10.4289],[8.6925,10.4284],[8.6996,10.4295],[8.7054,10.4245],[8.7051,10.4214],[8.7014,10.4141],[8.6958,10.4079],[8.6939,10.4086],[8.69,10.4051],[8.6862,10.4035],[8.6786,10.4061],[8.6752,10.4019],[8.6741,10.3983],[8.6705,10.3978],[8.6667,10.394],[8.6691,10.3908],[8.6732,10.3896],[8.6767,10.3919],[8.6818,10.3908],[8.6831,10.3896],[8.6829,10.3854],[8.692,10.3853],[8.6939,10.3833],[8.6936,10.3803],[8.6977,10.3771],[8.7022,10.3699],[8.7064,10.3701],[8.7106,10.3644],[8.7102,10.3614],[8.7131,10.3558],[8.721,10.3593],[8.7223,10.3587],[8.7268,10.3634],[8.7313,10.365],[8.7381,10.3624],[8.738,10.3602],[8.743,10.3575],[8.7457,10.353],[8.744,10.3505],[8.7465,10.3458],[8.7454,10.342],[8.7394,10.3366],[8.7391,10.3314],[8.7414,10.3257],[8.7419,10.3196],[8.7401,10.3131],[8.7375,10.311],[8.7356,10.3069],[8.7364,10.3034],[8.7342,10.2993],[8.7349,10.295],[8.7323,10.2887],[8.7297,10.2846],[8.727,10.2835],[8.7258,10.279],[8.7296,10.2745],[8.734,10.2739],[8.7386,10.278],[8.7424,10.2781],[8.7496,10.2809],[8.7573,10.2801],[8.7634,10.2814],[8.7692,10.2852],[8.7834,10.2903],[8.7907,10.2935],[8.7993,10.3029],[8.8,10.3161],[8.7993,10.3229],[8.8011,10.3385],[8.804,10.3454],[8.8051,10.3556],[8.8108,10.3679],[8.8183,10.3804],[8.8131,10.3798],[8.8107,10.3807],[8.8089,10.3863],[8.8067,10.3894],[8.8066,10.3932],[8.8037,10.3928],[8.7979,10.3989],[8.7983,10.4017],[8.793,10.4042],[8.7931,10.4107],[8.7823,10.4242],[8.778,10.4242],[8.7751,10.4267],[8.7702,10.4281],[8.7673,10.4277],[8.765,10.4317],[8.7615,10.4323],[8.7576,10.435],[8.7552,10.4391],[8.7492,10.441],[8.7499,10.4465],[8.7406,10.4476],[8.7389,10.4502],[8.7351,10.4469],[8.7315,10.4554],[8.7265,10.4548],[8.7224,10.4569],[8.717,10.4525],[8.712,10.4512],[8.7106,10.4523],[8.7058,10.4528],[8.7042,10.4565],[8.7056,10.4617],[8.7038,10.4645],[8.6993,10.466],[8.6917,10.4643],[8.6879,10.4666],[8.6884,10.4588],[8.6845,10.4535],[8.6814,10.451],[8.6845,10.4484],[8.6848,10.4437],[8.6825,10.4399]]]},"properties":{"name":"ABADAWA","state":"18","code":"18/17/09"}},{"type":"Feature","geometry":{"type":"Polygon","coordinates":[[[8.7056,10.4617],[8.7042,10.4565],[8.7058,10.4528],[8.7106,10.4523],[8.712,10.4512],[8.717,10.4525],[8.7224,10.4569],[8.7265,10.4548],[8.7315,10.4554],[8.7351,10.4469],[8.7389,10.4502],[8.7406,10.4476],[8.7499,10.4465],[8.7528,10.4546],[8.7583,10.4579],[8.7639,10.4654],[8.7716,10.4727],[8.7767,10.4795],[8.7761,10.4963],[8.7731,10.5045],[8.773,10.5102],[8.7753,10.5191],[8.7821,10.5259],[8.7843,10.5433],[8.7931,10.5655],[8.7832,10.597],[8.7792,10.5981],[8.7758,10.5939],[8.7706,10.5873],[8.7604,10.5819],[8.7585,10.5731],[8.7497,10.565],[8.736,10.5609],[8.7195,10.5486],[8.7111,10.5434],[8.7035,10.5493],[8.6839,10.5716],[8.6664,10.5933],[8.6609,10.6019],[8.6496,10.6241],[8.6439,10.6305],[8.6388,10.6305],[8.6166,10.6391],[8.6073,10.642],[8.6048,10.6367],[8.6059,10.6303],[8.6095,10.6258],[8.6086,10.6231],[8.6056,10.6207],[8.605,10.6141],[8.6087,10.6056],[8.6075,10.6027],[8.603,10.5991],[8.601,10.5949],[8.6045,10.5916],[8.6082,10.5909],[8.614,10.5915],[8.6155,10.5861],[8.611,10.5802],[8.6116,10.5752],[8.6176,10.5633],[8.625,10.562],[8.6294,10.5578],[8.6311,10.5544],[8.6338,10.5527],[8.6421,10.5547],[8.6462,10.5572],[8.6523,10.5529],[8.6542,10.5495],[8.6581,10.5499],[8.6607,10.5386],[8.6598,10.5373],[8.6548,10.5353],[8.6542,10.5304],[8.6509,10.5258],[8.6488,10.5196],[8.6466,10.5174],[8.646,10.5143],[8.6435,10.5092],[8.643,10.5056],[8.6453,10.5024],[8.6527,10.4992],[8.657,10.4993],[8.6563,10.4965],[8.6583,10.4925],[8.6607,10.492],[8.6658,10.4869],[8.674,10.4859],[8.6776,10.4864],[8.6779,10.4791],[8.6858,10.478],[8.6881,10.4762],[8.6922,10.4754],[8.6947,10.4766],[8.7009,10.4739],[8.7034,10.4748],[8.7057,10.473],[8.7056,10.4617]]]},"properties":{"name":"DAN ALHAJI","state":"18","code":"18/17/10"}},{"type":"Feature","geometry":{"type":"Polygon","coordinates":[[[8.3282,10.3061],[8.3273,10.304],[8.3292,10.3013],[8.3283,10.296],[8.3259,10.2934],[8.3266,10.2902],[8.326,10.286],[8.3268,10.2774],[8.3284,10.2742],[8.329,10.2676],[8.3264,10.2629],[8.3264,10.2548],[8.3333,10.2526],[8.3359,10.2528],[8.3407,10.2573],[8.3436,10.2608],[8.3523,10.2583],[8.3563,10.2582],[8.3592,10.2601],[8.3624,10.2641],[8.3611,10.266],[8.3597,10.2733],[8.3582,10.2782],[8.3611,10.2796],[8.363,10.2833],[8.3658,10.2825],[8.3711,10.2879],[8.3722,10.2903],[8.3785,10.2956],[8.384,10.2914],[8.3857,10.289],[8.3927,10.289],[8.3987,10.2868],[8.4,10.2825],[8.399,10.2714],[8.4001,10.2689],[8.3933,10.2612],[8.3932,10.2529],[8.3927,10.2506],[8.3969,10.246],[8.3997,10.2456],[8.4026,10.2422],[8.407,10.2403],[8.4155,10.2379],[8.4214,10.235],[8.4201,10.2317],[8.4168,10.2316],[8.4119,10.2275],[8.4106,10.2233],[8.4146,10.2209],[8.4174,10.2161],[8.4172,10.2145],[8.4219,10.2086],[8.4199,10.2058],[8.4182,10.1986],[8.4175,10.1934],[8.4182,10.1896],[8.4166,10.188],[8.4241,10.1803],[8.425,10.1729],[8.4319,10.1669],[8.4338,10.1667],[8.4392,10.1691],[8.4416,10.1717],[8.4507,10.1687],[8.4533,10.1713],[8.4594,10.1721],[8.4666,10.1714],[8.4707,10.1731],[8.4691,10.1769],[8.4696,10.1861],[8.4717,10.189],[8.4754,10.1904],[8.4771,10.1928],[8.4827,10.1927],[8.488,10.195],[8.4948,10.1931],[8.498,10.1897],[8.505,10.1907],[8.5088,10.2004],[8.509,10.2047],[8.507,10.2106],[8.5127,10.2162],[8.5146,10.2162],[8.5157,10.2226],[8.5257,10.2256],[8.5273,10.2268],[8.5299,10.2324],[8.5274,10.2398],[8.5239,10.2382],[8.5215,10.2395],[8.5153,10.2381],[8.5123,10.2391],[8.5097,10.2384],[8.504,10.2408],[8.4998,10.2456],[8.4975,10.2495],[8.4945,10.2506],[8.4948,10.2573],[8.4914,10.2607],[8.4917,10.2622],[8.4847,10.2643],[8.4837,10.272],[8.4812,10.2744],[8.4795,10.2785],[8.4844,10.2837],[8.4807,10.2898],[8.4807,10.2917],[8.477,10.2973],[8.4731,10.2997],[8.473,10.3045],[8.4752,10.3116],[8.4732,10.3146],[8.4747,10.3215],[8.4721,10.3284],[8.4728,10.3332],[8.4651,10.3357],[8.4602,10.3416],[8.4577,10.3481],[8.4499,10.35],[8.4466,10.3495],[8.4434,10.3517],[8.4478,10.3597],[8.4472,10.3622],[8.4523,10.3661],[8.4542,10.3728],[8.4574,10.3736],[8.46,10.3779],[8.4624,10.3798],[8.4619,10.3831],[8.4592,10.3872],[8.459,10.3934],[8.4673,10.3936],[8.4707,10.3923],[8.475,10.3939],[8.4748,10.3977],[8.4762,10.4032],[8.478,10.4045],[8.4757,10.41],[8.4765,10.4164],[8.4747,10.4186],[8.4778,10.4213],[8.4766,10.4263],[8.4766,10.4376],[8.4781,10.4449],[8.4768,10.445],[8.4717,10.4527],[8.4683,10.4537],[8.4634,10.4575],[8.4586,10.4579],[8.4532,10.4564],[8.4485,10.4619],[8.4425,10.465],[8.4419,10.4589],[8.4387,10.4544],[8.4369,10.45],[8.4369,10.4436],[8.4334,10.4412],[8.4318,10.4382],[8.434,10.4341],[8.4285,10.4255],[8.4255,10.4232],[8.424,10.4172],[8.4214,10.416],[8.4167,10.4106],[8.4104,10.4109],[8.4062,10.4072],[8.4007,10.4094],[8.3962,10.4064],[8.3932,10.4067],[8.3876,10.4047],[8.3878,10.3976],[8.3846,10.3933],[8.3848,10.3918],[8.3811,10.3878],[8.377,10.3867],[8.3705,10.3811],[8.3616,10.3808],[8.3584,10.3768],[8.3526,10.3717],[8.3474,10.3696],[8.3452,10.3634],[8.3412,10.3616],[8.3373,10.3619],[8.3357,10.36],[8.3289,10.3585],[8.3193,10.3575],[8.3176,10.3503],[8.3202,10.3479],[8.3201,10.3436],[8.3235,10.3415],[8.3212,10.3357],[8.3242,10.3331],[8.3261,10.3296],[8.326,10.3235],[8.3245,10.3206],[8.3281,10.3146],[8.3274,10.3132],[8.3291,10.3083],[8.3282,10.3061]]]},"properties":{"name":"GURE/KAHUGU","state":"18","code":"18/17/11"}},{"type":"Feature","geometry":{"type":"Polygon","coordinates":[[[7.8919,11.3574],[7.8917,11.3618],[7.8933,11.3648],[7.8935,11.3752],[7.8882,11.3782],[7.8848,11.3772],[7.8779,11.3729],[7.8732,11.3723],[7.8711,11.3687],[7.8711,11.3652],[7.8702,11.36],[7.8657,11.3546],[7.8647,11.3448],[7.8599,11.3379],[7.8643,11.3329],[7.8685,11.3315],[7.878,11.3312],[7.879,11.3333],[7.8776,11.3357],[7.8777,11.3409],[7.8797,11.3426],[7.8787,11.3477],[7.8806,11.3504],[7.8847,11.3518],[7.8857,11.3551],[7.89,11.3551],[7.8919,11.3574]]]},"properties":{"name":"MAKARFI","state":"18","code":"18/18/01"}},{"type":"Feature","geometry":{"type":"Polygon","coordinates":[[[7.8882,11.3782],[7.8889,11.3829],[7.8925,11.3854],[7.8993,11.393],[7.9169,11.4056],[7.9274,11.4116],[7.9284,11.4146],[7.9211,11.4185],[7.9166,11.4195],[7.9181,11.4309],[7.917,11.4356],[7.9094,11.4335],[7.9083,11.4321],[7.9001,11.4313],[7.8973,11.4298],[7.8968,11.4277],[7.8938,11.4272],[7.8931,11.4242],[7.8966,11.4189],[7.8917,11.4108],[7.8891,11.4052],[7.8833,11.3998],[7.8823,11.3951],[7.879,11.3919],[7.8789,11.3862],[7.8701,11.3842],[7.866,11.3818],[7.8593,11.3853],[7.8571,11.3855],[7.8558,11.3781],[7.8524,11.3783],[7.8558,11.3731],[7.8594,11.3705],[7.858,11.3684],[7.8596,11.3606],[7.8628,11.3626],[7.8672,11.363],[7.8711,11.3652],[7.8711,11.3687],[7.8732,11.3723],[7.8779,11.3729],[7.8848,11.3772],[7.8882,11.3782]]]},"properties":{"name":"TUDUN WADA","state":"18","code":"18/18/02"}},{"type":"Feature","geometry":{"type":"Polygon","coordinates":[[[7.9514,11.4662],[7.9461,11.4649],[7.9422,11.4629],[7.9419,11.4597],[7.9383,11.4581],[7.9307,11.4514],[7.9308,11.4492],[7.9275,11.4476],[7.9205,11.4409],[7.9177,11.4401],[7.917,11.4356],[7.9181,11.4309],[7.9166,11.4195],[7.9211,11.4185],[7.9284,11.4146],[7.9274,11.4116],[7.9169,11.4056],[7.8993,11.393],[7.8925,11.3854],[7.8889,11.3829],[7.8882,11.3782],[7.8935,11.3752],[7.8933,11.3648],[7.8917,11.3618],[7.8919,11.3574],[7.9043,11.3469],[7.9063,11.3513],[7.9118,11.3505],[7.9161,11.3558],[7.9234,11.3532],[7.9308,11.3588],[7.9437,11.3664],[7.9519,11.3698],[7.9602,11.3705],[7.9629,11.3701],[7.9616,11.374],[7.9622,11.3782],[7.965,11.3812],[7.9631,11.3839],[7.9635,11.3894],[7.9668,11.3905],[7.9663,11.4008],[7.9703,11.4008],[7.9764,11.4022],[7.9759,11.405],[7.9735,11.4071],[7.9743,11.4113],[7.9736,11.4135],[7.9746,11.4176],[7.9732,11.4216],[7.9699,11.4225],[7.9682,11.4248],[7.9715,11.4291],[7.9702,11.4315],[7.9698,11.4371],[7.9676,11.4379],[7.9675,11.4409],[7.9658,11.4438],[7.9632,11.4447],[7.9594,11.4439],[7.9551,11.449],[7.9548,11.4535],[7.957,11.4576],[7.9521,11.4603],[7.9514,11.4662]]]},"properties":{"name":"GAZARA","state":"18","code":"18/18/03"}},{"type":"Feature","geometry":{"type":"Polygon","coordinates":[[[7.8097,11.3548],[7.8142,11.3526],[7.8186,11.3488],[7.8188,11.3465],[7.8215,11.3436],[7.8244,11.3425],[7.8287,11.3429],[7.8321,11.3361],[7.8316,11.3309],[7.837,11.3291],[7.8375,11.3239],[7.8458,11.3217],[7.8473,11.3185],[7.851,11.3184],[7.8526,11.3207],[7.8588,11.3158],[7.8598,11.309],[7.8625,11.3091],[7.8651,11.3054],[7.8687,11.3021],[7.868,11.2996],[7.8727,11.2957],[7.8719,11.2881],[7.8701,11.2846],[7.8697,11.2811],[7.8762,11.2784],[7.8782,11.2794],[7.882,11.2868],[7.8878,11.291],[7.8897,11.2916],[7.8958,11.2899],[7.8994,11.2881],[7.9018,11.29],[7.9044,11.2956],[7.9086,11.3007],[7.9083,11.3023],[7.9103,11.3075],[7.9091,11.3107],[7.9107,11.3126],[7.9156,11.3146],[7.9178,11.3182],[7.9156,11.3243],[7.9089,11.3279],[7.9108,11.3327],[7.9111,11.337],[7.9096,11.3385],[7.9072,11.3448],[7.9043,11.3469],[7.8919,11.3574],[7.89,11.3551],[7.8857,11.3551],[7.8847,11.3518],[7.8806,11.3504],[7.8787,11.3477],[7.8797,11.3426],[7.8777,11.3409],[7.8776,11.3357],[7.879,11.3333],[7.878,11.3312],[7.8685,11.3315],[7.8643,11.3329],[7.8599,11.3379],[7.8647,11.3448],[7.8657,11.3546],[7.8702,11.36],[7.8711,11.3652],[7.8672,11.363],[7.8628,11.3626],[7.8596,11.3606],[7.858,11.3684],[7.8594,11.3705],[7.8558,11.3731],[7.8524,11.3783],[7.8469,11.3774],[7.8385,11.3775],[7.8359,11.3774],[7.8329,11.3719],[7.8268,11.3696],[7.8211,11.373],[7.8195,11.3722],[7.8113,11.3792],[7.8061,11.3771],[7.8078,11.3774],[7.8081,11.3693],[7.8089,11.3666],[7.8125,11.3627],[7.81,11.3575],[7.8097,11.3548]]]},"properties":{"name":"DANGUZIRI","state":"18","code":"18/18/04"}},{"type":"Feature","geometry":{"type":"Polygon","coordinates":[[[7.9629,11.3701],[7.9602,11.3705],[7.9519,11.3698],[7.9437,11.3664],[7.9308,11.3588],[7.9234,11.3532],[7.9161,11.3558],[7.9118,11.3505],[7.9063,11.3513],[7.9043,11.3469],[7.9072,11.3448],[7.9096,11.3385],[7.9111,11.337],[7.9108,11.3327],[7.9089,11.3279],[7.9156,11.3243],[7.9178,11.3182],[7.9156,11.3146],[7.9107,11.3126],[7.9091,11.3107],[7.9103,11.3075],[7.9083,11.3023],[7.9086,11.3007],[7.9044,11.2956],[7.9018,11.29],[7.8994,11.2881],[7.903,11.2808],[7.9024,11.276],[7.8999,11.2706],[7.9033,11.2675],[7.9098,11.2663],[7.9115,11.2731],[7.9134,11.2729],[7.9159,11.2766],[7.917,11.289],[7.916,11.2901],[7.919,11.2957],[7.9232,11.297],[7.9293,11.3014],[7.9331,11.2997],[7.9356,11.2973],[7.9424,11.3046],[7.9451,11.305],[7.9462,11.3017],[7.9536,11.2997],[7.9549,11.3032],[7.9592,11.309],[7.9648,11.3134],[7.9675,11.3227],[7.9658,11.3245],[7.9679,11.3294],[7.9719,11.332],[7.9737,11.3346],[7.9783,11.3379],[7.98,11.3413],[7.977,11.3458],[7.9794,11.349],[7.9745,11.3499],[7.9735,11.3537],[7.9708,11.3551],[7.9712,11.358],[7.975,11.3621],[7.9744,11.3651],[7.9756,11.3683],[7.9629,11.3701]]]},"properties":{"name":"GIMI","state":"18","code":"18/18/05"}},{"type":"Feature","geometry":{"type":"Polygon","coordinates":[[[7.8556,11.2718],[7.8557,11.2685],[7.8596,11.2634],[7.8529,11.2613],[7.8528,11.2575],[7.854,11.2551],[7.8532,11.2519],[7.8554,11.2427],[7.8542,11.238],[7.8616,11.2328],[7.8602,11.2265],[7.8564,11.2239],[7.8565,11.2216],[7.8616,11.2216],[7.8652,11.2241],[7.8678,11.2236],[7.8733,11.2305],[7.8768,11.2317],[7.8794,11.2294],[7.8881,11.2276],[7.889,11.222],[7.8916,11.2194],[7.8964,11.2198],[7.8998,11.217],[7.9037,11.21],[7.9088,11.2102],[7.9136,11.2115],[7.9172,11.2142],[7.9229,11.2121],[7.9256,11.2133],[7.9236,11.2174],[7.9241,11.2196],[7.9272,11.2215],[7.9283,11.2194],[7.9351,11.2174],[7.9371,11.2189],[7.9381,11.2229],[7.9452,11.2232],[7.9449,11.2307],[7.9471,11.2351],[7.9458,11.2371],[7.9461,11.2433],[7.9433,11.2464],[7.9405,11.246],[7.9372,11.2503],[7.9345,11.251],[7.9293,11.2551],[7.9291,11.2587],[7.9314,11.2607],[7.9317,11.2713],[7.9303,11.2766],[7.9285,11.2769],[7.9204,11.2742],[7.9159,11.2766],[7.9134,11.2729],[7.9115,11.2731],[7.9098,11.2663],[7.9033,11.2675],[7.8999,11.2706],[7.9024,11.276],[7.903,11.2808],[7.8994,11.2881],[7.8958,11.2899],[7.8897,11.2916],[7.8878,11.291],[7.882,11.2868],[7.8782,11.2794],[7.8762,11.2784],[7.8697,11.2811],[7.8677,11.2785],[7.8626,11.2773],[7.8588,11.2778],[7.8558,11.2737],[7.8556,11.2718]]]},"properties":{"name":"NASSARAWAN DOYA","state":"18","code":"18/18/06"}},{"type":"Feature","geometry":{"type":"Polygon","coordinates":[[[7.9794,11.349],[7.977,11.3458],[7.98,11.3413],[7.9783,11.3379],[7.9737,11.3346],[7.9719,11.332],[7.9679,11.3294],[7.9658,11.3245],[7.9675,11.3227],[7.9648,11.3134],[7.9592,11.309],[7.9549,11.3032],[7.9536,11.2997],[7.9462,11.3017],[7.9451,11.305],[7.9424,11.3046],[7.9356,11.2973],[7.9331,11.2997],[7.9293,11.3014],[7.9232,11.297],[7.919,11.2957],[7.916,11.2901],[7.917,11.289],[7.9159,11.2766],[7.9204,11.2742],[7.9285,11.2769],[7.9303,11.2766],[7.9317,11.2713],[7.9314,11.2607],[7.9291,11.2587],[7.9293,11.2551],[7.9345,11.251],[7.9372,11.2503],[7.9405,11.246],[7.9433,11.2464],[7.9461,11.2433],[7.9458,11.2371],[7.9471,11.2351],[7.9517,11.2398],[7.96,11.2439],[7.9636,11.247],[7.9626,11.2515],[7.9598,11.2543],[7.9609,11.2585],[7.9637,11.2619],[7.9739,11.2626],[7.9793,11.2534],[7.9864,11.2597],[7.9869,11.2627],[7.9891,11.2662],[7.9921,11.267],[7.996,11.2702],[7.997,11.2734],[8.0004,11.2747],[8.004,11.28],[8.0035,11.2845],[8.0057,11.2894],[8.0138,11.2894],[8.0162,11.2902],[8.0169,11.2959],[8.0163,11.3002],[8.0209,11.3001],[8.0233,11.3039],[8.0266,11.3066],[8.0281,11.3106],[8.0302,11.312],[8.0236,11.3173],[8.0221,11.3214],[8.0259,11.3249],[8.0257,11.3296],[8.0201,11.3333],[8.016,11.3316],[8.0117,11.333],[8.0117,11.3369],[8.0069,11.3409],[8.0036,11.3381],[7.9979,11.3359],[7.992,11.3388],[7.9897,11.343],[7.9898,11.3472],[7.9856,11.3475],[7.9794,11.349]]]},"properties":{"name":"MAYERE","state":"18","code":"18/18/07"}},{"type":"Feature","geometry":{"type":"Polygon","coordinates":[[[8.0748,11.2609],[8.0697,11.264],[8.0617,11.2622],[8.0594,11.2637],[8.0571,11.2681],[8.0551,11.2745],[8.0547,11.2877],[8.0495,11.2878],[8.0464,11.2904],[8.041,11.2912],[8.036,11.2897],[8.0328,11.2911],[8.0282,11.29],[8.024,11.2872],[8.0203,11.2893],[8.0162,11.2902],[8.0138,11.2894],[8.0057,11.2894],[8.0035,11.2845],[8.004,11.28],[8.0004,11.2747],[7.997,11.2734],[7.996,11.2702],[7.9921,11.267],[7.9891,11.2662],[7.9869,11.2627],[7.9864,11.2597],[7.9793,11.2534],[7.9739,11.2626],[7.9637,11.2619],[7.9609,11.2585],[7.9598,11.2543],[7.9626,11.2515],[7.9636,11.247],[7.96,11.2439],[7.9517,11.2398],[7.9471,11.2351],[7.9449,11.2307],[7.9452,11.2232],[7.9498,11.2265],[7.9549,11.2272],[7.96,11.2301],[7.9616,11.2297],[7.9643,11.2254],[7.9644,11.2188],[7.9675,11.2163],[7.9722,11.2203],[7.9746,11.2204],[7.9766,11.223],[7.9777,11.2272],[7.9815,11.229],[7.9861,11.2273],[7.9871,11.2297],[7.9903,11.2291],[7.993,11.2333],[7.9968,11.2291],[7.9969,11.2247],[8.0007,11.2247],[8.0027,11.2169],[8.0051,11.2155],[8.009,11.2164],[8.0123,11.2159],[8.0147,11.2126],[8.0193,11.2107],[8.0211,11.205],[8.0275,11.2047],[8.0321,11.2017],[8.0342,11.2022],[8.0376,11.2004],[8.0438,11.1985],[8.047,11.1991],[8.0496,11.2012],[8.0517,11.2077],[8.0569,11.2109],[8.0584,11.2134],[8.065,11.2158],[8.0643,11.2245],[8.0673,11.2312],[8.0708,11.2365],[8.0769,11.2401],[8.072,11.2499],[8.0722,11.2548],[8.0748,11.2609]]]},"properties":{"name":"GUBUCHI","state":"18","code":"18/18/08"}},{"type":"Feature","geometry":{"type":"Polygon","coordinates":[[[8.1131,11.2697],[8.112,11.2763],[8.1151,11.2795],[8.1165,11.2839],[8.1146,11.2872],[8.1144,11.2902],[8.1081,11.2857],[8.1016,11.2832],[8.0978,11.2854],[8.0889,11.2819],[8.0861,11.2856],[8.0821,11.2872],[8.0813,11.2891],[8.0744,11.2889],[8.0726,11.2909],[8.0682,11.2925],[8.0675,11.3017],[8.0638,11.301],[8.0571,11.3031],[8.0559,11.307],[8.0553,11.313],[8.054,11.315],[8.0549,11.3269],[8.0487,11.3306],[8.0492,11.3333],[8.0525,11.3404],[8.0528,11.3446],[8.0552,11.3455],[8.0556,11.3509],[8.0604,11.3532],[8.0678,11.3595],[8.0676,11.3635],[8.0658,11.3653],[8.0634,11.3705],[8.062,11.3748],[8.0566,11.3734],[8.0542,11.3688],[8.0466,11.3706],[8.0449,11.3685],[8.0434,11.3664],[8.0364,11.3656],[8.0338,11.3624],[8.0249,11.3622],[8.0209,11.3612],[8.0205,11.3547],[8.0158,11.3521],[8.0054,11.3537],[8.0041,11.3491],[8.005,11.3447],[8.0069,11.3409],[8.0117,11.3369],[8.0117,11.333],[8.016,11.3316],[8.0201,11.3333],[8.0257,11.3296],[8.0259,11.3249],[8.0221,11.3214],[8.0236,11.3173],[8.0302,11.312],[8.0281,11.3106],[8.0266,11.3066],[8.0233,11.3039],[8.0209,11.3001],[8.0163,11.3002],[8.0169,11.2959],[8.0162,11.2902],[8.0203,11.2893],[8.024,11.2872],[8.0282,11.29],[8.0328,11.2911],[8.036,11.2897],[8.041,11.2912],[8.0464,11.2904],[8.0495,11.2878],[8.0547,11.2877],[8.0551,11.2745],[8.0571,11.2681],[8.0594,11.2637],[8.0617,11.2622],[8.0697,11.264],[8.0748,11.2609],[8.0888,11.2625],[8.0946,11.2614],[8.0978,11.2629],[8.1011,11.2625],[8.1085,11.2649],[8.1131,11.2697]]]},"properties":{"name":"GWANKI","state":"18","code":"18/18/09"}},{"type":"Feature","geometry":{"type":"Polygon","coordinates":[[[7.8411,11.1978],[7.8427,11.2024],[7.8441,11.2027],[7.8529,11.1953],[7.8574,11.1938],[7.8601,11.1963],[7.8663,11.197],[7.873,11.1965],[7.8747,11.1983],[7.8793,11.1966],[7.8827,11.1968],[7.8887,11.1946],[7.8906,11.1991],[7.8959,11.2009],[7.8965,11.2035],[7.902,11.2061],[7.9037,11.21],[7.8998,11.217],[7.8964,11.2198],[7.8916,11.2194],[7.889,11.222],[7.8881,11.2276],[7.8794,11.2294],[7.8768,11.2317],[7.8733,11.2305],[7.8678,11.2236],[7.8652,11.2241],[7.8616,11.2216],[7.8565,11.2216],[7.8564,11.2239],[7.8602,11.2265],[7.8616,11.2328],[7.8542,11.238],[7.8554,11.2427],[7.8532,11.2519],[7.854,11.2551],[7.8528,11.2575],[7.8529,11.2613],[7.8596,11.2634],[7.8557,11.2685],[7.8556,11.2718],[7.8539,11.2703],[7.8443,11.2658],[7.8402,11.2681],[7.8396,11.2753],[7.8433,11.2754],[7.8454,11.2734],[7.849,11.2749],[7.851,11.277],[7.848,11.2798],[7.847,11.283],[7.8478,11.2857],[7.8438,11.2857],[7.8427,11.2881],[7.8401,11.288],[7.838,11.2845],[7.8333,11.2863],[7.8311,11.2889],[7.8288,11.2863],[7.8321,11.2806],[7.8345,11.2799],[7.8377,11.2816],[7.838,11.2771],[7.8327,11.2779],[7.8316,11.2764],[7.8253,11.2801],[7.825,11.2828],[7.8268,11.2852],[7.8199,11.289],[7.8145,11.2897],[7.8149,11.2845],[7.8129,11.2833],[7.8125,11.277],[7.818,11.2714],[7.8132,11.2612],[7.812,11.2521],[7.8102,11.2491],[7.811,11.2441],[7.8124,11.2415],[7.8169,11.2374],[7.8128,11.2348],[7.8093,11.2344],[7.8108,11.2283],[7.8146,11.2272],[7.8146,11.2248],[7.817,11.2217],[7.8176,11.2184],[7.8153,11.2172],[7.814,11.2142],[7.818,11.2122],[7.8205,11.2059],[7.8206,11.2017],[7.8223,11.2016],[7.8356,11.1966],[7.8411,11.1978]]]},"properties":{"name":"DANDAMISA","state":"18","code":"18/18/10"}},{"type":"Feature","geometry":{"type":"Polygon","coordinates":[[[7.6697,11.1594],[7.668,11.1578],[7.659,11.1589],[7.6482,11.1673],[7.645,11.1723],[7.6411,11.1727],[7.6376,11.1704],[7.6368,11.1668],[7.6375,11.1623],[7.6367,11.1604],[7.638,11.1564],[7.6439,11.1525],[7.6469,11.1588],[7.6515,11.1554],[7.6527,11.1575],[7.6575,11.1549],[7.6612,11.1538],[7.6645,11.1507],[7.6775,11.1436],[7.6829,11.1392],[7.6854,11.1426],[7.6848,11.1466],[7.6808,11.1488],[7.6773,11.1496],[7.6766,11.155],[7.6751,11.1581],[7.6697,11.1594]]]},"properties":{"name":"SAMARU","state":"18","code":"18/19/01"}},{"type":"Feature","geometry":{"type":"Polygon","coordinates":[[[7.6513,11.1338],[7.6522,11.1288],[7.6552,11.1254],[7.6579,11.1168],[7.6619,11.117],[7.6653,11.1198],[7.6674,11.1244],[7.6709,11.1278],[7.675,11.1267],[7.676,11.1241],[7.6792,11.1302],[7.683,11.1321],[7.682,11.136],[7.6829,11.1392],[7.6775,11.1436],[7.6645,11.1507],[7.6612,11.1538],[7.6575,11.1549],[7.6527,11.1575],[7.6515,11.1554],[7.6469,11.1588],[7.6439,11.1525],[7.6434,11.1485],[7.6412,11.1441],[7.6445,11.1426],[7.6495,11.1379],[7.6522,11.1384],[7.6534,11.1356],[7.6513,11.1338]]]},"properties":{"name":"JAMA'A","state":"18","code":"18/19/02"}},{"type":"Feature","geometry":{"type":"Polygon","coordinates":[[[7.6162,11.167],[7.6176,11.1647],[7.6127,11.1569],[7.6166,11.1519],[7.6199,11.1501],[7.6281,11.1474],[7.6324,11.1442],[7.6412,11.1441],[7.6434,11.1485],[7.6439,11.1525],[7.638,11.1564],[7.6367,11.1604],[7.6375,11.1623],[7.6368,11.1668],[7.6376,11.1704],[7.6411,11.1727],[7.645,11.1723],[7.6482,11.1673],[7.659,11.1589],[7.668,11.1578],[7.6697,11.1594],[7.6641,11.175],[7.6614,11.1774],[7.6614,11.1836],[7.6527,11.1843],[7.652,11.1895],[7.6541,11.1914],[7.6523,11.1939],[7.6535,11.1981],[7.6531,11.202],[7.659,11.2032],[7.6634,11.206],[7.6587,11.2085],[7.6554,11.2158],[7.6492,11.2156],[7.6436,11.2198],[7.637,11.2173],[7.6366,11.2135],[7.6331,11.21],[7.6302,11.2036],[7.6273,11.2042],[7.6247,11.2116],[7.6194,11.2144],[7.6159,11.2142],[7.6151,11.209],[7.6169,11.2033],[7.6082,11.1994],[7.6047,11.2011],[7.6027,11.1991],[7.6032,11.1957],[7.605,11.1929],[7.6036,11.1898],[7.5964,11.1882],[7.5957,11.184],[7.6086,11.1753],[7.6181,11.1746],[7.6175,11.1699],[7.6162,11.167]]]},"properties":{"name":"BOMO","state":"18","code":"18/19/03"}},{"type":"Feature","geometry":{"type":"Polygon","coordinates":[[[7.6634,11.206],[7.659,11.2032],[7.6531,11.202],[7.6535,11.1981],[7.6523,11.1939],[7.6541,11.1914],[7.652,11.1895],[7.6527,11.1843],[7.6614,11.1836],[7.6614,11.1774],[7.6641,11.175],[7.6697,11.1594],[7.6751,11.1581],[7.6766,11.155],[7.6773,11.1496],[7.6808,11.1488],[7.6848,11.1466],[7.6854,11.1426],[7.6829,11.1392],[7.682,11.136],[7.683,11.1321],[7.6792,11.1302],[7.676,11.1241],[7.6772,11.1227],[7.683,11.1248],[7.689,11.1252],[7.6908,11.1274],[7.6942,11.1277],[7.6967,11.1299],[7.6978,11.1347],[7.707,11.1364],[7.7099,11.136],[7.7149,11.1375],[7.7174,11.1408],[7.7161,11.1444],[7.7116,11.1433],[7.7045,11.1438],[7.7006,11.1475],[7.7017,11.152],[7.699,11.1548],[7.6983,11.1595],[7.6964,11.1597],[7.691,11.1641],[7.6887,11.1681],[7.6895,11.1704],[7.689,11.1755],[7.6899,11.1769],[7.6921,11.1835],[7.6973,11.1863],[7.7008,11.1902],[7.7004,11.1936],[7.6937,11.1948],[7.6876,11.194],[7.6853,11.1972],[7.6886,11.2006],[7.6914,11.2012],[7.6946,11.2071],[7.6918,11.2098],[7.6867,11.2077],[7.6836,11.2073],[7.6766,11.2086],[7.6735,11.2076],[7.6684,11.2089],[7.6634,11.206]]]},"properties":{"name":"BASAWA","state":"18","code":"18/19/04"}},{"type":"Feature","geometry":{"type":"Polygon","coordinates":[[[7.7316,11.1295],[7.7265,11.129],[7.7232,11.1327],[7.721,11.1321],[7.7215,11.1284],[7.7144,11.1291],[7.7143,11.1321],[7.7087,11.1268],[7.7158,11.1223],[7.7192,11.1182],[7.7211,11.1069],[7.7195,11.0988],[7.7218,11.1031],[7.7244,11.1058],[7.7299,11.1032],[7.7337,11.1059],[7.7309,11.1089],[7.7302,11.113],[7.7326,11.1184],[7.7292,11.1195],[7.7281,11.1225],[7.7311,11.1287],[7.7316,11.1295]]]},"properties":{"name":"CHIKAJI","state":"18","code":"18/19/05"}},{"type":"Feature","geometry":{"type":"Polygon","coordinates":[[[7.7302,11.113],[7.743,11.1148],[7.743,11.1152],[7.741,11.1195],[7.7459,11.1205],[7.7473,11.1236],[7.7377,11.1248],[7.7358,11.1272],[7.7311,11.1287],[7.7281,11.1225],[7.7292,11.1195],[7.7326,11.1184],[7.7302,11.113]]]},"properties":{"name":"MUCHIA","state":"18","code":"18/19/06"}},{"type":"Feature","geometry":{"type":"Polygon","coordinates":[[[7.7195,11.0988],[7.7179,11.0965],[7.7204,11.0941],[7.727,11.0954],[7.7282,11.0929],[7.731,11.0929],[7.7388,11.0899],[7.7392,11.0852],[7.7413,11.0834],[7.744,11.0854],[7.7478,11.0859],[7.7509,11.0936],[7.7509,11.0968],[7.7471,11.0986],[7.7494,11.1012],[7.7467,11.1034],[7.7465,11.1057],[7.7526,11.1093],[7.7521,11.1128],[7.7495,11.1128],[7.7453,11.1156],[7.743,11.1152],[7.743,11.1148],[7.742,11.1109],[7.7397,11.111],[7.7337,11.1059],[7.7299,11.1032],[7.7244,11.1058],[7.7218,11.1031],[7.7195,11.0988]]]},"properties":{"name":"JUSHIN WAJE","state":"18","code":"18/19/07"}},{"type":"Feature","geometry":{"type":"Polygon","coordinates":[[[7.6772,11.1227],[7.6784,11.1177],[7.6838,11.1174],[7.6891,11.1103],[7.6953,11.1112],[7.698,11.111],[7.703,11.1063],[7.7063,11.1077],[7.71,11.1037],[7.7108,11.1006],[7.7173,11.0969],[7.7179,11.0965],[7.7195,11.0988],[7.7211,11.1069],[7.7192,11.1182],[7.7158,11.1223],[7.7087,11.1268],[7.7143,11.1321],[7.7149,11.1375],[7.7099,11.136],[7.707,11.1364],[7.6978,11.1347],[7.6967,11.1299],[7.6942,11.1277],[7.6908,11.1274],[7.689,11.1252],[7.683,11.1248],[7.6772,11.1227]]]},"properties":{"name":"HANWA","state":"18","code":"18/19/08"}},{"type":"Feature","geometry":{"type":"MultiPolygon","coordinates":[[[[7.7004,11.1936],[7.7008,11.1902],[7.6973,11.1863],[7.6921,11.1835],[7.6899,11.1769],[7.6929,11.1763],[7.6989,11.1769],[7.7047,11.1757],[7.708,11.1743],[7.7093,11.1708],[7.7152,11.1706],[7.7175,11.1738],[7.7264,11.1728],[7.7331,11.1728],[7.7367,11.1712],[7.7412,11.1731],[7.7454,11.1765],[7.75,11.176],[7.753,11.1715],[7.7563,11.1729],[7.7624,11.1737],[7.7687,11.178],[7.7686,11.1812],[7.7667,11.1849],[7.7626,11.1873],[7.7624,11.1936],[7.7633,11.1986],[7.7621,11.2001],[7.7579,11.1992],[7.754,11.2036],[7.7524,11.2103],[7.7557,11.214],[7.7586,11.2152],[7.7583,11.218],[7.7556,11.2194],[7.7551,11.2226],[7.7566,11.2245],[7.7567,11.2283],[7.752,11.2296],[7.75,11.2315],[7.7469,11.2317],[7.743,11.2363],[7.7395,11.2356],[7.7374,11.2368],[7.7362,11.2397],[7.7316,11.2404],[7.7296,11.2394],[7.7265,11.2456],[7.7225,11.2435],[7.7212,11.238],[7.7176,11.2331],[7.7193,11.2255],[7.721,11.2217],[7.7231,11.2217],[7.7235,11.2171],[7.7204,11.2144],[7.7216,11.2107],[7.7208,11.2075],[7.7161,11.2068],[7.7154,11.2047],[7.71,11.2002],[7.7023,11.1999],[7.7004,11.1936]]],[[[7.7149,11.1375],[7.7143,11.1321],[7.7144,11.1291],[7.7215,11.1284],[7.721,11.1321],[7.7232,11.1327],[7.7265,11.129],[7.7316,11.1295],[7.732,11.1309],[7.7293,11.1356],[7.7316,11.1374],[7.7302,11.1408],[7.7298,11.1514],[7.7161,11.1481],[7.7119,11.1511],[7.7059,11.1528],[7.7017,11.152],[7.7006,11.1475],[7.7045,11.1438],[7.7116,11.1433],[7.7161,11.1444],[7.7174,11.1408],[7.7149,11.1375]]]]},"properties":{"name":"DOGARAWA","state":"18","code":"18/19/09"}},{"type":"Feature","geometry":{"type":"Polygon","coordinates":[[[7.7337,11.1059],[7.7397,11.111],[7.742,11.1109],[7.743,11.1148],[7.7302,11.113],[7.7309,11.1089],[7.7337,11.1059]]]},"properties":{"name":"UNGUWAN GABAS","state":"18","code":"18/19/10"}},{"type":"Feature","geometry":{"type":"Polygon","coordinates":[[[7.7754,11.1817],[7.7705,11.178],[7.7687,11.178],[7.7624,11.1737],[7.7563,11.1729],[7.753,11.1715],[7.75,11.176],[7.7454,11.1765],[7.7412,11.1731],[7.7367,11.1712],[7.7331,11.1728],[7.7264,11.1728],[7.7175,11.1738],[7.7152,11.1706],[7.7093,11.1708],[7.708,11.1743],[7.7047,11.1757],[7.6989,11.1769],[7.6929,11.1763],[7.6899,11.1769],[7.689,11.1755],[7.6895,11.1704],[7.6887,11.1681],[7.691,11.1641],[7.6964,11.1597],[7.6983,11.1595],[7.699,11.1548],[7.7017,11.152],[7.7059,11.1528],[7.7119,11.1511],[7.7161,11.1481],[7.7298,11.1514],[7.7302,11.1408],[7.7316,11.1374],[7.7293,11.1356],[7.732,11.1309],[7.7316,11.1295],[7.7311,11.1287],[7.7358,11.1272],[7.7377,11.1248],[7.7473,11.1236],[7.7495,11.1263],[7.7477,11.1314],[7.7488,11.1334],[7.7534,11.1322],[7.759,11.1351],[7.7605,11.1346],[7.7672,11.1363],[7.7725,11.1356],[7.7733,11.1371],[7.781,11.1439],[7.7835,11.1469],[7.7889,11.1404],[7.792,11.1404],[7.7928,11.1446],[7.7944,11.1459],[7.8006,11.139],[7.8039,11.1428],[7.8051,11.1468],[7.8096,11.1504],[7.8119,11.1548],[7.8099,11.1577],[7.8022,11.1587],[7.7953,11.1586],[7.792,11.1627],[7.793,11.1699],[7.789,11.1736],[7.7868,11.1769],[7.781,11.1794],[7.7789,11.1791],[7.7754,11.1817]]]},"properties":{"name":"ZABI","state":"18","code":"18/19/11"}},{"type":"Feature","geometry":{"type":"Polygon","coordinates":[[[8.4713,9.3017],[8.4694,9.3012],[8.4635,9.3047],[8.4625,9.3],[8.4625,9.2952],[8.4635,9.2903],[8.4587,9.2857],[8.4528,9.2825],[8.4502,9.2825],[8.4409,9.2796],[8.4339,9.28],[8.428,9.278],[8.4254,9.2737],[8.4274,9.2641],[8.4275,9.2593],[8.4261,9.2566],[8.4303,9.249],[8.4293,9.2437],[8.4272,9.2418],[8.4261,9.2384],[8.4261,9.2319],[8.4287,9.2279],[8.4318,9.226],[8.4351,9.2279],[8.4445,9.2289],[8.4519,9.2237],[8.4564,9.2223],[8.458,9.2196],[8.4582,9.2163],[8.4637,9.2208],[8.4685,9.2223],[8.4719,9.2243],[8.4758,9.2212],[8.4835,9.2256],[8.4831,9.23],[8.4838,9.2343],[8.4741,9.2392],[8.4728,9.2416],[8.4756,9.2461],[8.4783,9.2479],[8.4825,9.2557],[8.4814,9.259],[8.4778,9.2633],[8.4734,9.2668],[8.4784,9.2744],[8.4781,9.2759],[8.484,9.2794],[8.4823,9.2836],[8.4828,9.2894],[8.4799,9.2961],[8.4748,9.2988],[8.4713,9.3017]]]},"properties":{"name":"GWANTU","state":"18","code":"18/20/01"}},{"type":"Feature","geometry":{"type":"Polygon","coordinates":[[[8.3975,9.4002],[8.4004,9.397],[8.4033,9.3983],[8.4075,9.395],[8.4163,9.3916],[8.4272,9.3919],[8.4377,9.3876],[8.4412,9.3869],[8.4477,9.3893],[8.4506,9.3884],[8.4547,9.3854],[8.4643,9.3757],[8.4655,9.3697],[8.4677,9.3673],[8.4733,9.3643],[8.4764,9.3655],[8.4824,9.3632],[8.4859,9.3598],[8.4927,9.3575],[8.5036,9.3629],[8.5071,9.3577],[8.507,9.3522],[8.5083,9.3451],[8.51,9.3436],[8.5187,9.3438],[8.5247,9.348],[8.53,9.3486],[8.5346,9.3501],[8.5363,9.352],[8.5408,9.3535],[8.5457,9.3541],[8.5521,9.3515],[8.5597,9.3562],[8.5637,9.3595],[8.5656,9.3589],[8.5718,9.3524],[8.5805,9.3525],[8.5843,9.3546],[8.5907,9.3544],[8.5931,9.3536],[8.5972,9.3566],[8.5981,9.3615],[8.6034,9.3668],[8.6079,9.3689],[8.6103,9.371],[8.6087,9.3724],[8.6068,9.3771],[8.6048,9.3744],[8.6004,9.3777],[8.5995,9.3829],[8.6016,9.3861],[8.5973,9.3861],[8.5948,9.3874],[8.5871,9.3885],[8.5862,9.3925],[8.5913,9.4025],[8.5893,9.406],[8.5855,9.4079],[8.5852,9.4106],[8.5809,9.4142],[8.5782,9.4182],[8.571,9.4181],[8.5663,9.4297],[8.5591,9.4325],[8.555,9.4313],[8.5514,9.4335],[8.5511,9.4376],[8.5462,9.4423],[8.5522,9.4471],[8.5548,9.4452],[8.5584,9.4467],[8.5621,9.4514],[8.5657,9.4522],[8.5676,9.4575],[8.566,9.4601],[8.5673,9.4636],[8.5642,9.4653],[8.5665,9.4678],[8.5661,9.4714],[8.5629,9.4752],[8.5643,9.4776],[8.5644,9.4813],[8.567,9.4822],[8.57,9.4809],[8.5759,9.4849],[8.5796,9.4849],[8.5783,9.4969],[8.574,9.4965],[8.57,9.4975],[8.5689,9.491],[8.5546,9.4842],[8.5476,9.483],[8.5397,9.4881],[8.5364,9.4856],[8.533,9.4897],[8.526,9.4903],[8.5233,9.4916],[8.5173,9.4887],[8.5153,9.4899],[8.5099,9.4893],[8.5084,9.4864],[8.5101,9.4851],[8.5081,9.4816],[8.5099,9.4785],[8.5066,9.4735],[8.5023,9.4733],[8.4987,9.4692],[8.5,9.4665],[8.4977,9.4617],[8.4959,9.4606],[8.4911,9.4612],[8.4897,9.4578],[8.4863,9.457],[8.4848,9.4545],[8.4872,9.4528],[8.4828,9.4475],[8.4767,9.4485],[8.4727,9.4415],[8.4696,9.4442],[8.4666,9.4427],[8.4616,9.4434],[8.4556,9.4403],[8.452,9.4406],[8.4493,9.4365],[8.4437,9.4376],[8.442,9.434],[8.4386,9.43],[8.4364,9.4235],[8.4345,9.4226],[8.4283,9.4228],[8.427,9.4181],[8.4239,9.4183],[8.4197,9.4146],[8.4196,9.4121],[8.4157,9.4092],[8.4113,9.4108],[8.4027,9.405],[8.3975,9.4002]]]},"properties":{"name":"FADAN KARSHI","state":"18","code":"18/20/02"}},{"type":"Feature","geometry":{"type":"Polygon","coordinates":[[[8.692,9.3108],[8.6877,9.3142],[8.6861,9.3135],[8.6802,9.3166],[8.6752,9.3174],[8.6719,9.3154],[8.6674,9.3146],[8.6586,9.3198],[8.6569,9.3194],[8.6507,9.3219],[8.6488,9.3244],[8.6443,9.3251],[8.6419,9.3274],[8.6374,9.3284],[8.6331,9.3251],[8.6322,9.3161],[8.6304,9.3131],[8.6187,9.3061],[8.6134,9.3001],[8.6079,9.3013],[8.6037,9.2974],[8.6053,9.2944],[8.6045,9.289],[8.6015,9.2886],[8.5953,9.2925],[8.5926,9.2966],[8.585,9.3014],[8.584,9.3074],[8.5815,9.3133],[8.578,9.3133],[8.575,9.3156],[8.5729,9.3153],[8.567,9.3094],[8.5623,9.3079],[8.5578,9.3086],[8.5498,9.3078],[8.5439,9.3031],[8.5437,9.3019],[8.5469,9.2965],[8.5503,9.295],[8.5509,9.2929],[8.5548,9.2941],[8.5591,9.2937],[8.5613,9.288],[8.5618,9.2844],[8.5605,9.2789],[8.5623,9.2754],[8.5603,9.2707],[8.5514,9.2631],[8.5495,9.2634],[8.5438,9.2596],[8.5429,9.2562],[8.5331,9.2576],[8.5334,9.2535],[8.5381,9.2505],[8.538,9.2475],[8.5345,9.2468],[8.5289,9.2432],[8.531,9.2398],[8.534,9.2374],[8.5338,9.2342],[8.5363,9.2323],[8.5409,9.2309],[8.541,9.2236],[8.5394,9.2206],[8.5422,9.2166],[8.5453,9.2154],[8.5509,9.2112],[8.5516,9.2029],[8.5515,9.1949],[8.554,9.1911],[8.5574,9.1923],[8.559,9.2039],[8.5587,9.2077],[8.561,9.2078],[8.5644,9.204],[8.5667,9.203],[8.5722,9.1975],[8.5811,9.191],[8.5877,9.1822],[8.5879,9.179],[8.5905,9.1675],[8.5894,9.1592],[8.5872,9.1558],[8.5869,9.1491],[8.5903,9.1477],[8.5897,9.1432],[8.588,9.1386],[8.591,9.1328],[8.5888,9.1309],[8.5887,9.127],[8.587,9.1199],[8.5833,9.116],[8.5864,9.1126],[8.587,9.099],[8.5915,9.0967],[8.5937,9.0906],[8.6052,9.1004],[8.6099,9.1053],[8.6207,9.1149],[8.6303,9.137],[8.6357,9.1468],[8.6411,9.1578],[8.6472,9.1676],[8.6498,9.1731],[8.6548,9.1873],[8.6578,9.2077],[8.679,9.2753],[8.6844,9.2833],[8.6875,9.2989],[8.692,9.3108]]]},"properties":{"name":"AYU","state":"18","code":"18/20/03"}},{"type":"Feature","geometry":{"type":"Polygon","coordinates":[[[8.5394,9.2206],[8.5375,9.2183],[8.5367,9.2126],[8.5301,9.1974],[8.5253,9.1988],[8.5177,9.2025],[8.5089,9.2039],[8.5048,9.2075],[8.5033,9.2029],[8.5009,9.2004],[8.4969,9.1924],[8.4998,9.1894],[8.5054,9.187],[8.5064,9.1845],[8.5077,9.174],[8.5029,9.1672],[8.5002,9.1599],[8.5019,9.1558],[8.5075,9.1546],[8.5086,9.1491],[8.5107,9.1442],[8.5079,9.1352],[8.5131,9.1287],[8.5161,9.1339],[8.5235,9.1367],[8.5268,9.135],[8.5307,9.1305],[8.5344,9.1281],[8.5391,9.1266],[8.5389,9.1238],[8.5423,9.1222],[8.5464,9.1225],[8.5524,9.1211],[8.5557,9.1227],[8.5576,9.1213],[8.5616,9.1129],[8.5665,9.1165],[8.5726,9.1185],[8.5833,9.116],[8.587,9.1199],[8.5887,9.127],[8.5888,9.1309],[8.591,9.1328],[8.588,9.1386],[8.5897,9.1432],[8.5903,9.1477],[8.5869,9.1491],[8.5872,9.1558],[8.5894,9.1592],[8.5905,9.1675],[8.5879,9.179],[8.5877,9.1822],[8.5811,9.191],[8.5722,9.1975],[8.5667,9.203],[8.5644,9.204],[8.561,9.2078],[8.5587,9.2077],[8.559,9.2039],[8.5574,9.1923],[8.554,9.1911],[8.5515,9.1949],[8.5516,9.2029],[8.5509,9.2112],[8.5453,9.2154],[8.5422,9.2166],[8.5394,9.2206]]]},"properties":{"name":"NINZAM NORTH","state":"18","code":"18/20/04"}},{"type":"Feature","geometry":{"type":"Polygon","coordinates":[[[8.5833,9.116],[8.5726,9.1185],[8.5665,9.1165],[8.5616,9.1129],[8.5576,9.1213],[8.5557,9.1227],[8.5524,9.1211],[8.5464,9.1225],[8.5423,9.1222],[8.5389,9.1238],[8.5391,9.1266],[8.5344,9.1281],[8.5307,9.1305],[8.5268,9.135],[8.5235,9.1367],[8.5161,9.1339],[8.5131,9.1287],[8.5112,9.1236],[8.5124,9.1149],[8.5118,9.11],[8.5099,9.1064],[8.5031,9.1067],[8.507,9.1009],[8.5072,9.0975],[8.5122,9.0896],[8.5146,9.0824],[8.513,9.0799],[8.5097,9.0781],[8.5073,9.0751],[8.5054,9.0704],[8.5031,9.0674],[8.5003,9.0604],[8.4984,9.0587],[8.4964,9.0543],[8.4938,9.0535],[8.4909,9.0498],[8.4881,9.0513],[8.4806,9.0503],[8.4907,9.0377],[8.4942,9.0236],[8.4986,9.0113],[8.5043,9.0014],[8.514,9.0007],[8.5217,9.0019],[8.5333,9.0044],[8.5411,9.0105],[8.5476,9.0142],[8.5541,9.0204],[8.5576,9.0259],[8.5621,9.0267],[8.5622,9.0302],[8.564,9.0327],[8.5682,9.0341],[8.5763,9.0344],[8.5758,9.042],[8.5696,9.044],[8.5677,9.0495],[8.564,9.0522],[8.5668,9.0608],[8.5707,9.0633],[8.5866,9.0829],[8.5937,9.0906],[8.5915,9.0967],[8.587,9.099],[8.5864,9.1126],[8.5833,9.116]]]},"properties":{"name":"NINZAM SOUTH","state":"18","code":"18/20/05"}},{"type":"Feature","geometry":{"type":"Polygon","coordinates":[[[8.51,9.3436],[8.5063,9.3395],[8.5021,9.344],[8.4931,9.3451],[8.4891,9.344],[8.486,9.3417],[8.4832,9.337],[8.4856,9.3307],[8.4854,9.3254],[8.4869,9.3241],[8.487,9.3183],[8.4901,9.3173],[8.4936,9.3196],[8.4974,9.318],[8.5009,9.3192],[8.5037,9.3233],[8.5071,9.3266],[8.5111,9.3261],[8.5204,9.3208],[8.5259,9.3191],[8.5298,9.3095],[8.5322,9.3091],[8.5378,9.3062],[8.5392,9.3064],[8.5439,9.3031],[8.5498,9.3078],[8.5578,9.3086],[8.5623,9.3079],[8.567,9.3094],[8.5729,9.3153],[8.575,9.3156],[8.578,9.3133],[8.5815,9.3133],[8.584,9.3074],[8.585,9.3014],[8.5926,9.2966],[8.5953,9.2925],[8.6015,9.2886],[8.6045,9.289],[8.6053,9.2944],[8.6037,9.2974],[8.6079,9.3013],[8.6134,9.3001],[8.6187,9.3061],[8.6304,9.3131],[8.6322,9.3161],[8.6331,9.3251],[8.6374,9.3284],[8.6397,9.3319],[8.6424,9.338],[8.6443,9.3406],[8.6455,9.3487],[8.6468,9.352],[8.6468,9.3576],[8.6441,9.3638],[8.6403,9.3661],[8.6205,9.3671],[8.6198,9.3685],[8.6103,9.371],[8.6079,9.3689],[8.6034,9.3668],[8.5981,9.3615],[8.5972,9.3566],[8.5931,9.3536],[8.5907,9.3544],[8.5843,9.3546],[8.5805,9.3525],[8.5718,9.3524],[8.5656,9.3589],[8.5637,9.3595],[8.5597,9.3562],[8.5521,9.3515],[8.5457,9.3541],[8.5408,9.3535],[8.5363,9.352],[8.5346,9.3501],[8.53,9.3486],[8.5247,9.348],[8.5187,9.3438],[8.51,9.3436]]]},"properties":{"name":"BOKANA","state":"18","code":"18/20/06"}},{"type":"Feature","geometry":{"type":"Polygon","coordinates":[[[8.5783,9.4969],[8.5796,9.4849],[8.5759,9.4849],[8.57,9.4809],[8.567,9.4822],[8.5644,9.4813],[8.5643,9.4776],[8.5629,9.4752],[8.5661,9.4714],[8.5665,9.4678],[8.5642,9.4653],[8.5673,9.4636],[8.566,9.4601],[8.5676,9.4575],[8.5657,9.4522],[8.5621,9.4514],[8.5584,9.4467],[8.5548,9.4452],[8.5522,9.4471],[8.5462,9.4423],[8.5511,9.4376],[8.5514,9.4335],[8.555,9.4313],[8.5591,9.4325],[8.5663,9.4297],[8.571,9.4181],[8.5782,9.4182],[8.5809,9.4142],[8.5852,9.4106],[8.5855,9.4079],[8.5893,9.406],[8.5913,9.4025],[8.5862,9.3925],[8.5871,9.3885],[8.5948,9.3874],[8.5973,9.3861],[8.6016,9.3861],[8.5995,9.3829],[8.6004,9.3777],[8.6048,9.3744],[8.6068,9.3771],[8.6087,9.3724],[8.6103,9.371],[8.6198,9.3685],[8.6205,9.3671],[8.6403,9.3661],[8.6441,9.3638],[8.6468,9.3576],[8.6468,9.352],[8.6455,9.3487],[8.6443,9.3406],[8.6424,9.338],[8.6397,9.3319],[8.6374,9.3284],[8.6419,9.3274],[8.6443,9.3251],[8.6488,9.3244],[8.6507,9.3219],[8.6569,9.3194],[8.6586,9.3198],[8.6674,9.3146],[8.6719,9.3154],[8.6752,9.3174],[8.6802,9.3166],[8.6861,9.3135],[8.6877,9.3142],[8.692,9.3108],[8.6927,9.3126],[8.6981,9.3206],[8.6942,9.3223],[8.694,9.3262],[8.6914,9.3396],[8.6894,9.3414],[8.6907,9.355],[8.6959,9.3687],[8.6954,9.3784],[8.6913,9.384],[8.6873,9.3877],[8.6794,9.3912],[8.6695,9.3965],[8.6649,9.3932],[8.6562,9.394],[8.6484,9.3956],[8.6423,9.4011],[8.6382,9.4067],[8.6318,9.4199],[8.6279,9.4217],[8.6237,9.4292],[8.6176,9.435],[8.6132,9.4481],[8.6089,9.4575],[8.6076,9.464],[8.6051,9.4667],[8.6024,9.4727],[8.6028,9.4822],[8.6014,9.4834],[8.5882,9.4893],[8.5843,9.4932],[8.5796,9.4964],[8.5783,9.4969]]]},"properties":{"name":"ABORO","state":"18","code":"18/20/07"}},{"type":"Feature","geometry":{"type":"Polygon","coordinates":[[[8.5048,9.2075],[8.5043,9.2091],[8.4936,9.2124],[8.4911,9.2139],[8.487,9.214],[8.4822,9.2089],[8.4764,9.2062],[8.4736,9.2005],[8.4706,9.2007],[8.4671,9.1986],[8.4599,9.1966],[8.4534,9.196],[8.449,9.193],[8.449,9.1898],[8.4439,9.1886],[8.436,9.1917],[8.4316,9.1917],[8.4305,9.1928],[8.4254,9.1921],[8.4228,9.1929],[8.4163,9.1932],[8.4084,9.1958],[8.4035,9.1939],[8.3991,9.1904],[8.3896,9.181],[8.3898,9.1787],[8.3874,9.1755],[8.3955,9.162],[8.4184,9.1399],[8.4308,9.1258],[8.4466,9.1126],[8.4739,9.073],[8.4766,9.0554],[8.4806,9.0503],[8.4881,9.0513],[8.4909,9.0498],[8.4938,9.0535],[8.4964,9.0543],[8.4984,9.0587],[8.5003,9.0604],[8.5031,9.0674],[8.5054,9.0704],[8.5073,9.0751],[8.5097,9.0781],[8.513,9.0799],[8.5146,9.0824],[8.5122,9.0896],[8.5072,9.0975],[8.507,9.1009],[8.5031,9.1067],[8.5099,9.1064],[8.5118,9.11],[8.5124,9.1149],[8.5112,9.1236],[8.5131,9.1287],[8.5079,9.1352],[8.5107,9.1442],[8.5086,9.1491],[8.5075,9.1546],[8.5019,9.1558],[8.5002,9.1599],[8.5029,9.1672],[8.5077,9.174],[8.5064,9.1845],[8.5054,9.187],[8.4998,9.1894],[8.4969,9.1924],[8.5009,9.2004],[8.5033,9.2029],[8.5048,9.2075]]]},"properties":{"name":"NINZAM WEST","state":"18","code":"18/20/08"}},{"type":"Feature","geometry":{"type":"Polygon","coordinates":[[[8.193,9.2384],[8.1918,9.2369],[8.1918,9.2309],[8.1857,9.2251],[8.1831,9.2218],[8.183,9.2192],[8.1759,9.2151],[8.1737,9.2187],[8.1683,9.2224],[8.1657,9.2221],[8.1613,9.227],[8.1488,9.227],[8.1446,9.222],[8.1419,9.2175],[8.1368,9.218],[8.1276,9.2199],[8.1252,9.2173],[8.126,9.2143],[8.1231,9.2082],[8.1201,9.2096],[8.1148,9.2101],[8.1098,9.2115],[8.1026,9.2154],[8.096,9.2172],[8.0928,9.2152],[8.0894,9.2104],[8.0823,9.2078],[8.0708,9.1546],[8.0694,9.1493],[8.0701,9.147],[8.0674,9.1186],[8.0653,9.0945],[8.0661,9.0921],[8.0648,9.0888],[8.0616,9.0521],[8.0991,9.0397],[8.1376,9.0362],[8.1919,9.0524],[8.2328,9.1048],[8.2535,9.1472],[8.256,9.1602],[8.2584,9.1829],[8.2501,9.1842],[8.2484,9.1853],[8.2479,9.1893],[8.2445,9.1908],[8.2426,9.1968],[8.2383,9.1974],[8.235,9.1997],[8.233,9.2029],[8.2277,9.206],[8.2241,9.2043],[8.2198,9.2003],[8.2166,9.1953],[8.2124,9.1934],[8.2075,9.1944],[8.2052,9.1972],[8.201,9.2073],[8.1998,9.2115],[8.2024,9.2167],[8.2037,9.2215],[8.2061,9.2227],[8.2074,9.2254],[8.2056,9.2315],[8.2066,9.2345],[8.1976,9.2383],[8.193,9.2384]]]},"properties":{"name":"WASA STATION","state":"18","code":"18/20/09"}},{"type":"Feature","geometry":{"type":"Polygon","coordinates":[[[8.2066,9.2345],[8.2056,9.2315],[8.2074,9.2254],[8.2061,9.2227],[8.2037,9.2215],[8.2024,9.2167],[8.1998,9.2115],[8.201,9.2073],[8.2052,9.1972],[8.2075,9.1944],[8.2124,9.1934],[8.2166,9.1953],[8.2198,9.2003],[8.2241,9.2043],[8.2277,9.206],[8.233,9.2029],[8.235,9.1997],[8.2383,9.1974],[8.2426,9.1968],[8.2445,9.1908],[8.2479,9.1893],[8.2484,9.1853],[8.2501,9.1842],[8.2584,9.1829],[8.2712,9.1831],[8.2851,9.1849],[8.2897,9.1864],[8.3009,9.1885],[8.3088,9.1864],[8.3185,9.1804],[8.3283,9.1811],[8.334,9.1851],[8.3381,9.1924],[8.3433,9.1945],[8.3534,9.1877],[8.3548,9.1926],[8.3622,9.1993],[8.364,9.1999],[8.3683,9.2048],[8.3719,9.2047],[8.3777,9.2079],[8.381,9.215],[8.384,9.2156],[8.3854,9.2185],[8.3899,9.2195],[8.3931,9.2212],[8.399,9.2224],[8.4021,9.2219],[8.4044,9.2274],[8.4027,9.2335],[8.4066,9.2376],[8.4124,9.2382],[8.416,9.2372],[8.4223,9.2397],[8.4261,9.2384],[8.4272,9.2418],[8.4293,9.2437],[8.4303,9.249],[8.4261,9.2566],[8.4275,9.2593],[8.4274,9.2641],[8.4254,9.2737],[8.428,9.278],[8.4339,9.28],[8.4409,9.2796],[8.4502,9.2825],[8.4528,9.2825],[8.4587,9.2857],[8.4635,9.2903],[8.4625,9.2952],[8.4625,9.3],[8.4635,9.3047],[8.4694,9.3012],[8.4713,9.3017],[8.4718,9.305],[8.4747,9.306],[8.4813,9.3132],[8.4822,9.317],[8.487,9.3183],[8.4869,9.3241],[8.4854,9.3254],[8.4856,9.3307],[8.4832,9.337],[8.486,9.3417],[8.4891,9.344],[8.4931,9.3451],[8.5021,9.344],[8.5063,9.3395],[8.51,9.3436],[8.5083,9.3451],[8.507,9.3522],[8.5071,9.3577],[8.5036,9.3629],[8.4927,9.3575],[8.4859,9.3598],[8.4824,9.3632],[8.4764,9.3655],[8.4733,9.3643],[8.4677,9.3673],[8.4655,9.3697],[8.4643,9.3757],[8.4547,9.3854],[8.4506,9.3884],[8.4477,9.3893],[8.4412,9.3869],[8.4377,9.3876],[8.4272,9.3919],[8.4163,9.3916],[8.4075,9.395],[8.4033,9.3983],[8.4004,9.397],[8.3975,9.4002],[8.3916,9.3942],[8.3907,9.3876],[8.3879,9.3853],[8.3895,9.3803],[8.3909,9.3707],[8.3936,9.3689],[8.3934,9.3649],[8.3995,9.3657],[8.4033,9.3582],[8.4003,9.3537],[8.4005,9.3485],[8.3975,9.3447],[8.3935,9.344],[8.3916,9.3455],[8.3943,9.3519],[8.3929,9.3531],[8.3869,9.3537],[8.3844,9.3497],[8.3845,9.3444],[8.3819,9.3458],[8.3793,9.3497],[8.3756,9.3478],[8.3729,9.3506],[8.3633,9.3471],[8.3589,9.3469],[8.3577,9.349],[8.3617,9.3524],[8.3568,9.3552],[8.357,9.3598],[8.3546,9.36],[8.3489,9.353],[8.35,9.3497],[8.3437,9.3428],[8.3442,9.3345],[8.3386,9.3348],[8.3351,9.3291],[8.3356,9.3249],[8.3337,9.3215],[8.3289,9.3209],[8.3306,9.3149],[8.3286,9.3121],[8.3236,9.3093],[8.3229,9.3037],[8.3197,9.3011],[8.3198,9.2914],[8.3169,9.2929],[8.3138,9.2925],[8.3097,9.2902],[8.3073,9.2905],[8.3071,9.2872],[8.3028,9.285],[8.2992,9.2847],[8.2957,9.289],[8.2914,9.2882],[8.2868,9.2886],[8.2805,9.2931],[8.2787,9.2932],[8.2741,9.2986],[8.2682,9.3011],[8.2664,9.2974],[8.2629,9.2963],[8.2628,9.293],[8.2582,9.2914],[8.2625,9.2856],[8.2592,9.2815],[8.2595,9.2786],[8.2565,9.277],[8.2557,9.2746],[8.2494,9.2747],[8.2505,9.2704],[8.2547,9.2687],[8.2576,9.2699],[8.2601,9.2683],[8.265,9.2694],[8.268,9.2662],[8.2648,9.2633],[8.264,9.26],[8.2621,9.2581],[8.2628,9.255],[8.2624,9.2488],[8.2557,9.25],[8.2557,9.2531],[8.2575,9.256],[8.2562,9.2578],[8.2506,9.2575],[8.2486,9.2554],[8.2532,9.252],[8.2532,9.2497],[8.2498,9.2474],[8.2486,9.2453],[8.2458,9.2442],[8.2438,9.2458],[8.241,9.2425],[8.2378,9.2403],[8.2346,9.2404],[8.234,9.2451],[8.2299,9.2422],[8.2289,9.2361],[8.22,9.2333],[8.2153,9.2305],[8.2095,9.2367],[8.2066,9.2345]]]},"properties":{"name":"ARAK","state":"18","code":"18/20/10"}},{"type":"Feature","geometry":{"type":"Polygon","coordinates":[[[8.4261,9.2384],[8.4223,9.2397],[8.416,9.2372],[8.4124,9.2382],[8.4066,9.2376],[8.4027,9.2335],[8.4044,9.2274],[8.4021,9.2219],[8.399,9.2224],[8.3931,9.2212],[8.3899,9.2195],[8.3854,9.2185],[8.384,9.2156],[8.381,9.215],[8.3777,9.2079],[8.3719,9.2047],[8.3683,9.2048],[8.364,9.1999],[8.3622,9.1993],[8.3548,9.1926],[8.3534,9.1877],[8.3587,9.1843],[8.3646,9.1814],[8.3815,9.1774],[8.3874,9.1755],[8.3898,9.1787],[8.3896,9.181],[8.3991,9.1904],[8.4035,9.1939],[8.4084,9.1958],[8.4163,9.1932],[8.4228,9.1929],[8.4254,9.1921],[8.4305,9.1928],[8.4316,9.1917],[8.436,9.1917],[8.4439,9.1886],[8.449,9.1898],[8.449,9.193],[8.4534,9.196],[8.4599,9.1966],[8.4671,9.1986],[8.4706,9.2007],[8.4736,9.2005],[8.4764,9.2062],[8.4822,9.2089],[8.487,9.214],[8.4911,9.2139],[8.4936,9.2124],[8.5043,9.2091],[8.5048,9.2075],[8.5089,9.2039],[8.5177,9.2025],[8.5253,9.1988],[8.5301,9.1974],[8.5367,9.2126],[8.5375,9.2183],[8.5394,9.2206],[8.541,9.2236],[8.5409,9.2309],[8.5363,9.2323],[8.5338,9.2342],[8.534,9.2374],[8.531,9.2398],[8.5289,9.2432],[8.5345,9.2468],[8.538,9.2475],[8.5381,9.2505],[8.5334,9.2535],[8.5331,9.2576],[8.5429,9.2562],[8.5438,9.2596],[8.5495,9.2634],[8.5514,9.2631],[8.5603,9.2707],[8.5623,9.2754],[8.5605,9.2789],[8.5618,9.2844],[8.5613,9.288],[8.5591,9.2937],[8.5548,9.2941],[8.5509,9.2929],[8.5503,9.295],[8.5469,9.2965],[8.5437,9.3019],[8.5439,9.3031],[8.5392,9.3064],[8.5378,9.3062],[8.5322,9.3091],[8.5298,9.3095],[8.5259,9.3191],[8.5204,9.3208],[8.5111,9.3261],[8.5071,9.3266],[8.5037,9.3233],[8.5009,9.3192],[8.4974,9.318],[8.4936,9.3196],[8.4901,9.3173],[8.487,9.3183],[8.4822,9.317],[8.4813,9.3132],[8.4747,9.306],[8.4718,9.305],[8.4713,9.3017],[8.4748,9.2988],[8.4799,9.2961],[8.4828,9.2894],[8.4823,9.2836],[8.484,9.2794],[8.4781,9.2759],[8.4784,9.2744],[8.4734,9.2668],[8.4778,9.2633],[8.4814,9.259],[8.4825,9.2557],[8.4783,9.2479],[8.4756,9.2461],[8.4728,9.2416],[8.4741,9.2392],[8.4838,9.2343],[8.4831,9.23],[8.4835,9.2256],[8.4758,9.2212],[8.4719,9.2243],[8.4685,9.2223],[8.4637,9.2208],[8.4582,9.2163],[8.458,9.2196],[8.4564,9.2223],[8.4519,9.2237],[8.4445,9.2289],[8.4351,9.2279],[8.4318,9.226],[8.4287,9.2279],[8.4261,9.2319],[8.4261,9.2384]]]},"properties":{"name":"NANDU","state":"18","code":"18/20/11"}},{"type":"Feature","geometry":{"type":"MultiPolygon","coordinates":[[[[7.8365,10.8675],[7.8396,10.8648],[7.8411,10.8679],[7.8462,10.8674],[7.8495,10.8694],[7.8535,10.867],[7.8569,10.8662],[7.8586,10.8637],[7.8625,10.8619],[7.8638,10.8589],[7.8701,10.8606],[7.8729,10.8638],[7.8781,10.862],[7.8798,10.86],[7.886,10.8596],[7.8875,10.8549],[7.8934,10.8577],[7.8978,10.8578],[7.9036,10.8552],[7.9024,10.8652],[7.9002,10.8686],[7.8903,10.8704],[7.8837,10.8731],[7.8806,10.8759],[7.8752,10.8784],[7.8737,10.8818],[7.8731,10.886],[7.8771,10.89],[7.8879,10.8943],[7.8889,10.8962],[7.8868,10.9033],[7.8832,10.9051],[7.8777,10.91],[7.8717,10.9179],[7.8739,10.9182],[7.8746,10.9245],[7.8764,10.9278],[7.8753,10.9339],[7.8733,10.9361],[7.8731,10.9401],[7.8751,10.9412],[7.8848,10.9437],[7.8834,10.9465],[7.8854,10.9505],[7.8868,10.9558],[7.8831,10.9564],[7.8783,10.9597],[7.8661,10.9588],[7.8587,10.9619],[7.8559,10.9646],[7.8494,10.9664],[7.8467,10.9659],[7.8484,10.9617],[7.8413,10.9619],[7.8349,10.964],[7.8274,10.9682],[7.8239,10.9648],[7.8179,10.9619],[7.8168,10.9574],[7.8119,10.9531],[7.8083,10.9462],[7.8099,10.9359],[7.8075,10.935],[7.8051,10.9317],[7.7993,10.9288],[7.7992,10.9265],[7.7945,10.9249],[7.7925,10.9211],[7.7956,10.916],[7.7952,10.9117],[7.7966,10.9058],[7.7997,10.9038],[7.8044,10.9039],[7.8097,10.9014],[7.8143,10.9003],[7.8164,10.8961],[7.8153,10.8911],[7.8169,10.8867],[7.819,10.8843],[7.8225,10.8834],[7.8251,10.8811],[7.8298,10.8791],[7.8338,10.8749],[7.8367,10.8698],[7.8365,10.8675]]],[[[7.9887,11.0172],[7.987,11.0221],[7.9846,11.024],[7.9858,11.0288],[7.9879,11.031],[7.9855,11.0365],[7.9799,11.033],[7.9761,11.0332],[7.9705,11.0361],[7.9659,11.0418],[7.9642,11.0457],[7.9622,11.0459],[7.9586,11.0407],[7.9556,11.0375],[7.9513,11.0357],[7.9452,11.0418],[7.9423,11.0455],[7.9423,11.0477],[7.9362,11.0479],[7.9324,11.0489],[7.9261,11.0577],[7.916,11.0565],[7.9132,11.0584],[7.9091,11.0585],[7.9062,11.0603],[7.904,11.0544],[7.9042,11.0508],[7.9024,11.0447],[7.9007,11.0351],[7.8998,11.0326],[7.8968,11.0294],[7.895,11.0248],[7.9003,11.0216],[7.903,11.0182],[7.9116,11.0156],[7.912,11.0123],[7.9078,11.0091],[7.9104,11.0025],[7.9142,11.0013],[7.9145,10.9947],[7.914,10.9907],[7.92,10.9873],[7.9203,10.985],[7.9165,10.9804],[7.9176,10.979],[7.9241,10.9768],[7.9233,10.971],[7.9236,10.9659],[7.9301,10.9645],[7.9332,10.9609],[7.9327,10.9565],[7.9231,10.9505],[7.9235,10.9469],[7.9305,10.9458],[7.9408,10.9483],[7.9438,10.9461],[7.9506,10.9463],[7.9541,10.9451],[7.9571,10.9538],[7.9595,10.957],[7.957,10.9632],[7.9611,10.9654],[7.9658,10.9648],[7.969,10.966],[7.9674,10.9702],[7.9652,10.971],[7.9642,10.9757],[7.9604,10.9817],[7.9619,10.9868],[7.9605,10.989],[7.9608,10.9921],[7.9651,10.9927],[7.9665,10.9952],[7.9723,10.9963],[7.9756,10.9987],[7.9762,11.0031],[7.9742,11.0076],[7.975,11.0104],[7.9799,11.0112],[7.9835,11.0148],[7.9887,11.0172]]],[[[7.8789,11.0426],[7.8786,11.0513],[7.8806,11.0566],[7.8815,11.0628],[7.8745,11.0694],[7.8713,11.0713],[7.8679,11.0707],[7.8641,11.0679],[7.8598,11.0676],[7.8571,11.0698],[7.8484,11.0606],[7.8402,11.0599],[7.8367,11.0623],[7.8303,11.0603],[7.8285,11.0567],[7.8247,11.0592],[7.8188,11.0606],[7.8128,11.0586],[7.8139,11.0488],[7.8187,11.0424],[7.8219,11.0386],[7.8297,11.0366],[7.837,11.0356],[7.8384,11.0319],[7.8413,11.0315],[7.8463,11.0242],[7.8548,11.0203],[7.8553,11.0288],[7.8578,11.0297],[7.8622,11.0332],[7.866,11.0348],[7.8712,11.041],[7.8762,11.041],[7.8789,11.0426]]]]},"properties":{"name":"MAIGANA","state":"18","code":"18/21/01"}},{"type":"Feature","geometry":{"type":"Polygon","coordinates":[[[7.9036,10.8552],[7.9082,10.8576],[7.9106,10.8573],[7.9129,10.8547],[7.9159,10.8572],[7.9196,10.8622],[7.924,10.8659],[7.9294,10.8734],[7.9288,10.8758],[7.9338,10.8851],[7.9331,10.8874],[7.9351,10.8907],[7.9344,10.8965],[7.9355,10.8978],[7.9362,10.9055],[7.9376,10.9068],[7.9368,10.9118],[7.9388,10.9174],[7.9397,10.923],[7.9421,10.9247],[7.946,10.9253],[7.9501,10.9321],[7.9473,10.9383],[7.9523,10.941],[7.9541,10.9451],[7.9506,10.9463],[7.9438,10.9461],[7.9408,10.9483],[7.9305,10.9458],[7.9235,10.9469],[7.9231,10.9505],[7.9327,10.9565],[7.9332,10.9609],[7.9301,10.9645],[7.9236,10.9659],[7.9233,10.971],[7.9241,10.9768],[7.9176,10.979],[7.9165,10.9804],[7.9203,10.985],[7.92,10.9873],[7.914,10.9907],[7.9145,10.9947],[7.9142,11.0013],[7.9104,11.0025],[7.9078,11.0091],[7.912,11.0123],[7.9116,11.0156],[7.903,11.0182],[7.9003,11.0216],[7.895,11.0248],[7.8968,11.0294],[7.8998,11.0326],[7.9007,11.0351],[7.8963,11.0366],[7.8871,11.038],[7.8838,11.039],[7.8789,11.0426],[7.8762,11.041],[7.8712,11.041],[7.866,11.0348],[7.8622,11.0332],[7.8578,11.0297],[7.8553,11.0288],[7.8548,11.0203],[7.8463,11.0242],[7.8413,11.0315],[7.8384,11.0319],[7.837,11.0356],[7.8297,11.0366],[7.8219,11.0386],[7.8187,11.0424],[7.8094,11.0421],[7.8043,11.0406],[7.8027,11.0366],[7.8066,11.0334],[7.8081,11.0272],[7.8024,11.0262],[7.8036,11.0219],[7.7971,11.013],[7.799,11.0103],[7.7994,11.0061],[7.7981,11.0043],[7.7979,10.9958],[7.7994,10.9922],[7.7985,10.99],[7.8008,10.9838],[7.8057,10.9856],[7.8069,10.9842],[7.8133,10.9808],[7.8144,10.9789],[7.8233,10.9751],[7.8254,10.9703],[7.8274,10.9682],[7.8349,10.964],[7.8413,10.9619],[7.8484,10.9617],[7.8467,10.9659],[7.8494,10.9664],[7.8559,10.9646],[7.8587,10.9619],[7.8661,10.9588],[7.8783,10.9597],[7.8831,10.9564],[7.8868,10.9558],[7.8854,10.9505],[7.8834,10.9465],[7.8848,10.9437],[7.8751,10.9412],[7.8731,10.9401],[7.8733,10.9361],[7.8753,10.9339],[7.8764,10.9278],[7.8746,10.9245],[7.8739,10.9182],[7.8717,10.9179],[7.8777,10.91],[7.8832,10.9051],[7.8868,10.9033],[7.8889,10.8962],[7.8879,10.8943],[7.8771,10.89],[7.8731,10.886],[7.8737,10.8818],[7.8752,10.8784],[7.8806,10.8759],[7.8837,10.8731],[7.8903,10.8704],[7.9002,10.8686],[7.9024,10.8652],[7.9036,10.8552]]]},"properties":{"name":"KINKIBA","state":"18","code":"18/21/02"}},{"type":"Feature","geometry":{"type":"Polygon","coordinates":[[[7.9887,11.0172],[7.9935,11.0165],[7.9962,11.0146],[7.9993,11.0145],[8.0043,11.0198],[8.0108,11.0224],[8.0142,11.0295],[8.0193,11.0301],[8.0211,11.0328],[8.0236,11.0399],[8.0199,11.043],[8.017,11.0468],[8.0174,11.0521],[8.0212,11.0514],[8.0268,11.0515],[8.0273,11.0554],[8.0297,11.0589],[8.0274,11.0616],[8.0297,11.0667],[8.0307,11.071],[8.0275,11.0737],[8.0284,11.0804],[8.024,11.0806],[8.0161,11.0851],[8.0145,11.0869],[8.0155,11.0899],[8.0183,11.0924],[8.0224,11.0978],[8.0208,11.1005],[8.0208,11.1038],[8.0177,11.1065],[8.0147,11.1167],[8.0105,11.1194],[8.0114,11.1219],[8.0113,11.1269],[8.0067,11.1334],[8.0034,11.1338],[7.9999,11.1362],[7.9971,11.1404],[7.9935,11.1413],[7.9914,11.1399],[7.984,11.1382],[7.9741,11.1347],[7.9682,11.1371],[7.9657,11.1355],[7.962,11.1361],[7.9593,11.1334],[7.9598,11.1286],[7.9647,11.1204],[7.9588,11.1162],[7.9495,11.1146],[7.942,11.1162],[7.9377,11.1146],[7.9359,11.1101],[7.9209,11.1106],[7.9185,11.1098],[7.9144,11.1108],[7.9115,11.1083],[7.9038,11.1089],[7.8991,11.1134],[7.8913,11.1107],[7.8885,11.1122],[7.8851,11.1165],[7.8831,11.1169],[7.8822,11.1201],[7.88,11.1204],[7.8736,11.1246],[7.8695,11.1229],[7.8638,11.1231],[7.8598,11.1194],[7.8584,11.1166],[7.8538,11.1156],[7.8477,11.1179],[7.8404,11.1163],[7.8356,11.118],[7.8333,11.1203],[7.8266,11.1225],[7.8226,11.1205],[7.8198,11.1205],[7.8185,11.1084],[7.812,11.1095],[7.8034,11.1121],[7.7994,11.1138],[7.8043,11.1074],[7.8046,11.1034],[7.8061,11.1006],[7.8051,11.0958],[7.8051,11.0906],[7.8033,11.0895],[7.8044,11.0863],[7.8071,11.0854],[7.8126,11.0818],[7.8153,11.0812],[7.8173,11.0747],[7.8142,11.0696],[7.8113,11.0619],[7.8128,11.0586],[7.8188,11.0606],[7.8247,11.0592],[7.8285,11.0567],[7.8303,11.0603],[7.8367,11.0623],[7.8402,11.0599],[7.8484,11.0606],[7.8571,11.0698],[7.8598,11.0676],[7.8641,11.0679],[7.8679,11.0707],[7.8713,11.0713],[7.8745,11.0694],[7.8815,11.0628],[7.8806,11.0566],[7.8786,11.0513],[7.8789,11.0426],[7.8838,11.039],[7.8871,11.038],[7.8963,11.0366],[7.9007,11.0351],[7.9024,11.0447],[7.9042,11.0508],[7.904,11.0544],[7.9062,11.0603],[7.9091,11.0585],[7.9132,11.0584],[7.916,11.0565],[7.9261,11.0577],[7.9324,11.0489],[7.9362,11.0479],[7.9423,11.0477],[7.9423,11.0455],[7.9452,11.0418],[7.9513,11.0357],[7.9556,11.0375],[7.9586,11.0407],[7.9622,11.0459],[7.9642,11.0457],[7.9659,11.0418],[7.9705,11.0361],[7.9761,11.0332],[7.9799,11.033],[7.9855,11.0365],[7.9879,11.031],[7.9858,11.0288],[7.9846,11.024],[7.987,11.0221],[7.9887,11.0172]]]},"properties":{"name":"GIMBA","state":"18","code":"18/21/03"}},{"type":"Feature","geometry":{"type":"MultiPolygon","coordinates":[[[[8.0438,11.1985],[8.0376,11.2004],[8.0342,11.2022],[8.0321,11.2017],[8.0275,11.2047],[8.0211,11.205],[8.0193,11.2107],[8.0147,11.2126],[8.0123,11.2159],[8.009,11.2164],[8.0051,11.2155],[8.0027,11.2169],[8.0007,11.2247],[7.9969,11.2247],[7.9968,11.2291],[7.993,11.2333],[7.9903,11.2291],[7.9871,11.2297],[7.9861,11.2273],[7.9815,11.229],[7.9777,11.2272],[7.9766,11.223],[7.9746,11.2204],[7.9722,11.2203],[7.9675,11.2163],[7.9702,11.2106],[7.9772,11.2045],[7.9706,11.2002],[7.9682,11.1966],[7.9683,11.1899],[7.9697,11.1851],[7.968,11.1827],[7.9681,11.1792],[7.9697,11.1758],[7.9741,11.1724],[7.9739,11.1652],[7.9806,11.1617],[7.9829,11.1615],[7.9858,11.1582],[7.9851,11.1537],[7.9824,11.1492],[7.9851,11.1455],[7.9928,11.1443],[7.9935,11.1413],[7.9971,11.1404],[7.9999,11.1362],[8.0034,11.1338],[8.0067,11.1334],[8.0113,11.1269],[8.0114,11.1219],[8.0105,11.1194],[8.0147,11.1167],[8.0177,11.1065],[8.0208,11.1038],[8.0208,11.1005],[8.0224,11.0978],[8.0249,11.1004],[8.0256,11.1034],[8.0353,11.1097],[8.0371,11.1134],[8.0398,11.1144],[8.0413,11.1186],[8.0468,11.1181],[8.0497,11.1161],[8.0522,11.1174],[8.0568,11.1253],[8.0636,11.1264],[8.0686,11.1288],[8.0695,11.1338],[8.0677,11.1361],[8.0697,11.1416],[8.0674,11.1452],[8.0713,11.1464],[8.0771,11.1532],[8.0826,11.1549],[8.0887,11.161],[8.0912,11.1673],[8.0905,11.1684],[8.0932,11.1779],[8.0954,11.1811],[8.0932,11.1834],[8.0892,11.18],[8.0842,11.1832],[8.0846,11.1766],[8.0822,11.176],[8.0787,11.1776],[8.0739,11.1744],[8.0706,11.1758],[8.0686,11.1819],[8.0666,11.1839],[8.063,11.1846],[8.0493,11.194],[8.0438,11.1985]]],[[[7.9144,11.1108],[7.9153,11.1159],[7.9143,11.12],[7.9166,11.1237],[7.9178,11.13],[7.9121,11.1306],[7.9105,11.1315],[7.9044,11.1321],[7.9028,11.1348],[7.9033,11.1416],[7.8962,11.1418],[7.8903,11.1455],[7.893,11.1505],[7.9011,11.1543],[7.9096,11.152],[7.9128,11.157],[7.9173,11.1587],[7.9216,11.1627],[7.9187,11.1686],[7.9175,11.1739],[7.9138,11.1789],[7.9112,11.1809],[7.9115,11.1847],[7.899,11.1856],[7.8977,11.1868],[7.8879,11.1874],[7.8857,11.1856],[7.8798,11.1882],[7.8802,11.1807],[7.8763,11.1807],[7.8752,11.1766],[7.8746,11.1704],[7.8727,11.1673],[7.8691,11.1654],[7.8659,11.1672],[7.8608,11.1662],[7.8586,11.1632],[7.8542,11.1664],[7.8483,11.1661],[7.8473,11.1634],[7.8487,11.1562],[7.8451,11.1546],[7.8417,11.157],[7.8388,11.1575],[7.8327,11.1555],[7.8331,11.1525],[7.8311,11.1501],[7.8316,11.1476],[7.8291,11.1463],[7.8293,11.144],[7.8275,11.1394],[7.8254,11.1378],[7.824,11.1323],[7.8266,11.1225],[7.8333,11.1203],[7.8356,11.118],[7.8404,11.1163],[7.8477,11.1179],[7.8538,11.1156],[7.8584,11.1166],[7.8598,11.1194],[7.8638,11.1231],[7.8695,11.1229],[7.8736,11.1246],[7.88,11.1204],[7.8822,11.1201],[7.8831,11.1169],[7.8851,11.1165],[7.8885,11.1122],[7.8913,11.1107],[7.8991,11.1134],[7.9038,11.1089],[7.9115,11.1083],[7.9144,11.1108]]]]},"properties":{"name":"KWASSALLO","state":"18","code":"18/21/04"}},{"type":"Feature","geometry":{"type":"Polygon","coordinates":[[[7.8119,11.1548],[7.8096,11.1504],[7.8051,11.1468],[7.8039,11.1428],[7.8006,11.139],[7.7944,11.1459],[7.7928,11.1446],[7.792,11.1404],[7.7889,11.1404],[7.7835,11.1469],[7.781,11.1439],[7.7733,11.1371],[7.7725,11.1356],[7.7747,11.1339],[7.7739,11.1283],[7.7757,11.1257],[7.7769,11.121],[7.7775,11.1151],[7.7818,11.1136],[7.7874,11.1128],[7.7903,11.1132],[7.7974,11.1169],[7.7994,11.1138],[7.8034,11.1121],[7.812,11.1095],[7.8185,11.1084],[7.8198,11.1205],[7.8226,11.1205],[7.8266,11.1225],[7.824,11.1323],[7.8254,11.1378],[7.8275,11.1394],[7.8293,11.144],[7.8291,11.1463],[7.8316,11.1476],[7.8311,11.1501],[7.8331,11.1525],[7.8327,11.1555],[7.8388,11.1575],[7.8417,11.157],[7.8451,11.1546],[7.8487,11.1562],[7.8473,11.1634],[7.8483,11.1661],[7.8542,11.1664],[7.8586,11.1632],[7.8608,11.1662],[7.8659,11.1672],[7.8691,11.1654],[7.8727,11.1673],[7.8746,11.1704],[7.8752,11.1766],[7.8763,11.1807],[7.8802,11.1807],[7.8798,11.1882],[7.8857,11.1856],[7.8879,11.1874],[7.8977,11.1868],[7.899,11.1856],[7.9115,11.1847],[7.9112,11.1809],[7.9138,11.1789],[7.9175,11.1739],[7.9187,11.1686],[7.9216,11.1627],[7.9173,11.1587],[7.9128,11.157],[7.9096,11.152],[7.9011,11.1543],[7.893,11.1505],[7.8903,11.1455],[7.8962,11.1418],[7.9033,11.1416],[7.9028,11.1348],[7.9044,11.1321],[7.9105,11.1315],[7.9121,11.1306],[7.9178,11.13],[7.9166,11.1237],[7.9143,11.12],[7.9153,11.1159],[7.9144,11.1108],[7.9185,11.1098],[7.9209,11.1106],[7.9359,11.1101],[7.9377,11.1146],[7.942,11.1162],[7.9495,11.1146],[7.9588,11.1162],[7.9647,11.1204],[7.9598,11.1286],[7.9593,11.1334],[7.962,11.1361],[7.9657,11.1355],[7.9682,11.1371],[7.9741,11.1347],[7.984,11.1382],[7.9914,11.1399],[7.9935,11.1413],[7.9928,11.1443],[7.9851,11.1455],[7.9824,11.1492],[7.9851,11.1537],[7.9858,11.1582],[7.9829,11.1615],[7.9806,11.1617],[7.9739,11.1652],[7.9741,11.1724],[7.9697,11.1758],[7.9681,11.1792],[7.968,11.1827],[7.9697,11.1851],[7.9683,11.1899],[7.9682,11.1966],[7.9706,11.2002],[7.9772,11.2045],[7.9702,11.2106],[7.9675,11.2163],[7.9644,11.2188],[7.9643,11.2254],[7.9616,11.2297],[7.96,11.2301],[7.9549,11.2272],[7.9498,11.2265],[7.9452,11.2232],[7.9381,11.2229],[7.9371,11.2189],[7.9351,11.2174],[7.9283,11.2194],[7.9272,11.2215],[7.9241,11.2196],[7.9236,11.2174],[7.9256,11.2133],[7.9229,11.2121],[7.9172,11.2142],[7.9136,11.2115],[7.9088,11.2102],[7.9037,11.21],[7.902,11.2061],[7.8965,11.2035],[7.8959,11.2009],[7.8906,11.1991],[7.8887,11.1946],[7.8827,11.1968],[7.8793,11.1966],[7.8747,11.1983],[7.873,11.1965],[7.8663,11.197],[7.8601,11.1963],[7.8574,11.1938],[7.8529,11.1953],[7.8441,11.2027],[7.8427,11.2024],[7.8411,11.1978],[7.8407,11.1937],[7.8383,11.1891],[7.8355,11.1884],[7.836,11.1836],[7.8384,11.1833],[7.8371,11.1788],[7.8381,11.1746],[7.8411,11.1758],[7.8444,11.1724],[7.8437,11.1692],[7.8413,11.1682],[7.8386,11.1651],[7.8301,11.1637],[7.8306,11.1608],[7.8239,11.1608],[7.822,11.1586],[7.8168,11.1583],[7.8158,11.1546],[7.8119,11.1548]]]},"properties":{"name":"RICHIFA","state":"18","code":"18/21/05"}},{"type":"Feature","geometry":{"type":"Polygon","coordinates":[[[7.8281,10.7452],[7.8292,10.7431],[7.8349,10.7395],[7.8382,10.7385],[7.8409,10.735],[7.8442,10.7327],[7.8491,10.7318],[7.8533,10.7286],[7.8533,10.7261],[7.8571,10.7244],[7.8642,10.7245],[7.869,10.7064],[7.8725,10.7017],[7.8721,10.6973],[7.8733,10.695],[7.8783,10.6902],[7.8803,10.6897],[7.8806,10.6842],[7.8857,10.6813],[7.8878,10.6783],[7.8956,10.6827],[7.8945,10.6877],[7.8959,10.6914],[7.9006,10.6946],[7.9084,10.6907],[7.9163,10.6894],[7.9186,10.6951],[7.9214,10.6961],[7.9223,10.7002],[7.9252,10.7051],[7.9319,10.7032],[7.9418,10.7025],[7.9438,10.7045],[7.945,10.7083],[7.95,10.7107],[7.9526,10.7098],[7.9537,10.7059],[7.9576,10.7043],[7.9633,10.7055],[7.9643,10.7067],[7.9731,10.7058],[7.9825,10.7065],[7.985,10.7081],[7.9856,10.7111],[7.9886,10.7126],[7.9922,10.7115],[7.9974,10.7115],[8.0022,10.7165],[8.0072,10.7137],[8.009,10.71],[8.0091,10.7039],[8.0119,10.7067],[8.0166,10.7084],[8.0187,10.7077],[8.0201,10.7117],[8.0232,10.7123],[8.027,10.7145],[8.0291,10.7178],[8.0269,10.7228],[8.0275,10.7267],[8.0251,10.7278],[8.0253,10.7306],[8.0234,10.7327],[8.0212,10.7408],[8.0311,10.7495],[8.0285,10.756],[8.0246,10.7627],[8.019,10.7681],[8.0184,10.7707],[8.0194,10.7747],[8.0187,10.7761],[8.0114,10.7765],[8.0081,10.7797],[8.0036,10.7811],[7.9996,10.7799],[7.9948,10.7845],[7.9877,10.7868],[7.98,10.7871],[7.9763,10.7857],[7.9734,10.7873],[7.9721,10.7909],[7.9695,10.7888],[7.9663,10.7906],[7.9648,10.7866],[7.9628,10.7875],[7.9601,10.7919],[7.9549,10.7921],[7.9548,10.7949],[7.9481,10.7994],[7.9465,10.8079],[7.9417,10.8132],[7.9356,10.813],[7.9344,10.821],[7.9353,10.8246],[7.9301,10.8318],[7.9223,10.8355],[7.9189,10.8397],[7.9204,10.8432],[7.9196,10.8463],[7.9145,10.8515],[7.9129,10.8547],[7.9106,10.8573],[7.9082,10.8576],[7.9036,10.8552],[7.8978,10.8578],[7.8934,10.8577],[7.8875,10.8549],[7.886,10.8596],[7.8798,10.86],[7.8781,10.862],[7.8729,10.8638],[7.8701,10.8606],[7.8638,10.8589],[7.8625,10.8619],[7.8586,10.8637],[7.8569,10.8662],[7.8535,10.867],[7.8495,10.8694],[7.8462,10.8674],[7.8411,10.8679],[7.8396,10.8648],[7.8365,10.8675],[7.8358,10.8648],[7.8375,10.8629],[7.8351,10.859],[7.8317,10.86],[7.8243,10.8596],[7.8196,10.8608],[7.8165,10.8564],[7.8131,10.8563],[7.8199,10.8474],[7.8188,10.8404],[7.8161,10.8363],[7.8214,10.8315],[7.8222,10.8276],[7.8243,10.8267],[7.8342,10.8275],[7.8382,10.8255],[7.8409,10.8186],[7.8393,10.8139],[7.8393,10.807],[7.8409,10.804],[7.8392,10.7986],[7.8356,10.7922],[7.8318,10.7885],[7.8321,10.784],[7.8345,10.7813],[7.835,10.7774],[7.8365,10.7757],[7.8402,10.7746],[7.8433,10.7671],[7.8459,10.7664],[7.8507,10.7708],[7.8526,10.7746],[7.856,10.7852],[7.8569,10.7919],[7.8592,10.7951],[7.8634,10.7985],[7.8691,10.7993],[7.874,10.7975],[7.8829,10.7909],[7.8785,10.7849],[7.8772,10.7772],[7.8801,10.7731],[7.8839,10.7698],[7.8866,10.7655],[7.8781,10.7602],[7.8698,10.7589],[7.868,10.7547],[7.8635,10.7552],[7.8613,10.7543],[7.8566,10.7546],[7.8526,10.7536],[7.8516,10.7555],[7.8454,10.7587],[7.8419,10.7549],[7.8392,10.7551],[7.8337,10.7511],[7.8281,10.7452]]]},"properties":{"name":"GAMAGIRA","state":"18","code":"18/21/06"}},{"type":"Feature","geometry":{"type":"Polygon","coordinates":[[[8.249,10.9252],[8.2482,10.929],[8.2431,10.9305],[8.2383,10.9334],[8.2395,10.9365],[8.2374,10.9382],[8.2338,10.9387],[8.2368,10.9426],[8.2373,10.9454],[8.24,10.947],[8.2372,10.9511],[8.2335,10.9509],[8.231,10.9493],[8.2279,10.9513],[8.2258,10.955],[8.2292,10.9601],[8.2289,10.9615],[8.2238,10.9658],[8.2208,10.9665],[8.2181,10.9712],[8.2116,10.9709],[8.209,10.9726],[8.2064,10.9809],[8.2076,10.9866],[8.2032,10.9861],[8.2034,10.9929],[8.2019,10.9968],[8.1958,10.9969],[8.194,10.9956],[8.1918,10.9988],[8.1929,11.001],[8.1972,11.0006],[8.1982,11.0033],[8.2016,11.0036],[8.2132,11.0077],[8.2152,11.0214],[8.2136,11.0243],[8.2089,11.0292],[8.2017,11.0304],[8.2005,11.0329],[8.1945,11.0349],[8.1881,11.0357],[8.1839,11.0352],[8.1779,11.0317],[8.1747,11.0376],[8.1717,11.0397],[8.1735,11.0437],[8.1719,11.0475],[8.1728,11.05],[8.1829,11.0545],[8.1812,11.0583],[8.1755,11.0589],[8.1768,11.0609],[8.179,11.0709],[8.1747,11.0726],[8.174,11.0753],[8.1716,11.0775],[8.1685,11.0768],[8.167,11.0798],[8.1674,11.0829],[8.1637,11.0872],[8.1654,11.091],[8.161,11.0932],[8.161,11.0981],[8.1592,11.1033],[8.1564,11.1007],[8.1518,11.0893],[8.1475,11.0825],[8.1441,11.0797],[8.1399,11.0782],[8.1344,11.0781],[8.133,11.0769],[8.1227,11.0736],[8.1201,11.0747],[8.122,11.0701],[8.1234,11.0632],[8.1239,11.0563],[8.1298,11.0534],[8.1334,11.0448],[8.1331,11.0376],[8.1356,11.0322],[8.1336,11.0295],[8.135,11.0258],[8.1346,11.021],[8.1319,11.0185],[8.1238,11.0148],[8.1229,11.0084],[8.1199,11.0034],[8.1207,10.9976],[8.1196,10.9945],[8.1122,10.9878],[8.1099,10.9826],[8.1078,10.9738],[8.1147,10.9673],[8.1178,10.9675],[8.1203,10.9699],[8.1298,10.9705],[8.1337,10.968],[8.1365,10.9608],[8.1385,10.9587],[8.1374,10.9495],[8.1317,10.9409],[8.1311,10.9378],[8.1345,10.9371],[8.1382,10.938],[8.1404,10.9301],[8.1404,10.9263],[8.1505,10.9206],[8.1523,10.9156],[8.1547,10.9123],[8.159,10.9114],[8.1636,10.9063],[8.1603,10.8984],[8.1596,10.8951],[8.1608,10.8929],[8.1597,10.8875],[8.1627,10.8839],[8.1738,10.875],[8.1796,10.8854],[8.187,10.8851],[8.1902,10.8834],[8.1936,10.8844],[8.1936,10.8979],[8.1928,10.9011],[8.2011,10.9028],[8.2045,10.9024],[8.2121,10.9038],[8.2158,10.9057],[8.2179,10.908],[8.2269,10.9076],[8.229,10.9083],[8.2304,10.9138],[8.2322,10.9164],[8.2384,10.9191],[8.2461,10.9245],[8.249,10.9252]]]},"properties":{"name":"DAN WATA","state":"18","code":"18/21/07"}},{"type":"Feature","geometry":{"type":"Polygon","coordinates":[[[8.1293,11.1438],[8.1282,11.1469],[8.1208,11.1469],[8.1186,11.1483],[8.1168,11.1542],[8.1126,11.1556],[8.107,11.1604],[8.1032,11.1653],[8.0965,11.1636],[8.0946,11.1638],[8.0912,11.1673],[8.0887,11.161],[8.0826,11.1549],[8.0771,11.1532],[8.0713,11.1464],[8.0674,11.1452],[8.0697,11.1416],[8.0677,11.1361],[8.0695,11.1338],[8.0686,11.1288],[8.0636,11.1264],[8.0568,11.1253],[8.0522,11.1174],[8.0497,11.1161],[8.0468,11.1181],[8.0413,11.1186],[8.0398,11.1144],[8.0371,11.1134],[8.0353,11.1097],[8.0256,11.1034],[8.0249,11.1004],[8.0224,11.0978],[8.0183,11.0924],[8.0155,11.0899],[8.0145,11.0869],[8.0161,11.0851],[8.024,11.0806],[8.0284,11.0804],[8.0275,11.0737],[8.0307,11.071],[8.0297,11.0667],[8.0274,11.0616],[8.0297,11.0589],[8.0273,11.0554],[8.0268,11.0515],[8.0212,11.0514],[8.0174,11.0521],[8.017,11.0468],[8.0199,11.043],[8.0236,11.0399],[8.0211,11.0328],[8.0193,11.0301],[8.027,11.0232],[8.0299,11.019],[8.0334,11.0203],[8.0344,11.0236],[8.04,11.0339],[8.0394,11.0395],[8.044,11.0445],[8.0487,11.0446],[8.0561,11.0458],[8.0581,11.045],[8.0623,11.046],[8.0681,11.044],[8.0714,11.0508],[8.0742,11.0518],[8.0862,11.0515],[8.0872,11.047],[8.0895,11.0442],[8.0984,11.042],[8.1046,11.0342],[8.1099,11.0339],[8.1136,11.038],[8.1118,11.0485],[8.104,11.0517],[8.1026,11.059],[8.1032,11.0689],[8.1055,11.0708],[8.1111,11.0726],[8.116,11.0762],[8.1201,11.0747],[8.1227,11.0736],[8.133,11.0769],[8.1344,11.0781],[8.1399,11.0782],[8.1441,11.0797],[8.1475,11.0825],[8.1518,11.0893],[8.1564,11.1007],[8.1592,11.1033],[8.1591,11.1068],[8.1572,11.1083],[8.1527,11.1082],[8.1516,11.1115],[8.1472,11.1127],[8.1472,11.116],[8.1494,11.1174],[8.1489,11.1197],[8.1453,11.1225],[8.1401,11.1231],[8.1411,11.1318],[8.1379,11.1323],[8.1335,11.1353],[8.1325,11.1377],[8.1338,11.1404],[8.1293,11.1438]]]},"properties":{"name":"TURAWA","state":"18","code":"18/21/08"}},{"type":"Feature","geometry":{"type":"Polygon","coordinates":[[[7.969,10.966],[7.9716,10.9671],[7.9744,10.9707],[7.9769,10.9723],[7.9816,10.9786],[7.9862,10.9802],[7.9905,10.9779],[7.9937,10.9775],[7.9975,10.9755],[8.0027,10.9767],[8.0103,10.9718],[8.0127,10.9687],[8.0163,10.9706],[8.0218,10.9698],[8.0301,10.9717],[8.0334,10.9699],[8.0368,10.9609],[8.0395,10.9599],[8.0441,10.9601],[8.047,10.9586],[8.0551,10.9492],[8.0548,10.9478],[8.0449,10.9437],[8.0411,10.9366],[8.0457,10.9339],[8.0515,10.9286],[8.0635,10.931],[8.0662,10.9271],[8.0698,10.9242],[8.0729,10.9247],[8.0812,10.9197],[8.0951,10.9245],[8.0983,10.9204],[8.1025,10.9219],[8.1045,10.9242],[8.1098,10.9249],[8.1142,10.929],[8.1158,10.9291],[8.1206,10.935],[8.1262,10.9383],[8.1311,10.9378],[8.1317,10.9409],[8.1374,10.9495],[8.1385,10.9587],[8.1365,10.9608],[8.1337,10.968],[8.1298,10.9705],[8.1203,10.9699],[8.1178,10.9675],[8.1147,10.9673],[8.1078,10.9738],[8.1099,10.9826],[8.1122,10.9878],[8.1196,10.9945],[8.1207,10.9976],[8.1199,11.0034],[8.1229,11.0084],[8.1238,11.0148],[8.1319,11.0185],[8.1346,11.021],[8.135,11.0258],[8.1336,11.0295],[8.1356,11.0322],[8.1331,11.0376],[8.1334,11.0448],[8.1298,11.0534],[8.1239,11.0563],[8.1234,11.0632],[8.122,11.0701],[8.1201,11.0747],[8.116,11.0762],[8.1111,11.0726],[8.1055,11.0708],[8.1032,11.0689],[8.1026,11.059],[8.104,11.0517],[8.1118,11.0485],[8.1136,11.038],[8.1099,11.0339],[8.1046,11.0342],[8.0984,11.042],[8.0895,11.0442],[8.0872,11.047],[8.0862,11.0515],[8.0742,11.0518],[8.0714,11.0508],[8.0681,11.044],[8.0623,11.046],[8.0581,11.045],[8.0561,11.0458],[8.0487,11.0446],[8.044,11.0445],[8.0394,11.0395],[8.04,11.0339],[8.0344,11.0236],[8.0334,11.0203],[8.0299,11.019],[8.027,11.0232],[8.0193,11.0301],[8.0142,11.0295],[8.0108,11.0224],[8.0043,11.0198],[7.9993,11.0145],[7.9962,11.0146],[7.9935,11.0165],[7.9887,11.0172],[7.9835,11.0148],[7.9799,11.0112],[7.975,11.0104],[7.9742,11.0076],[7.9762,11.0031],[7.9756,10.9987],[7.9723,10.9963],[7.9665,10.9952],[7.9651,10.9927],[7.9608,10.9921],[7.9605,10.989],[7.9619,10.9868],[7.9604,10.9817],[7.9642,10.9757],[7.9652,10.971],[7.9674,10.9702],[7.969,10.966]]]},"properties":{"name":"SOBA","state":"18","code":"18/21/09"}},{"type":"Feature","geometry":{"type":"Polygon","coordinates":[[[7.9541,10.9451],[7.9523,10.941],[7.9473,10.9383],[7.9501,10.9321],[7.946,10.9253],[7.9421,10.9247],[7.9397,10.923],[7.9388,10.9174],[7.9368,10.9118],[7.9376,10.9068],[7.9362,10.9055],[7.9355,10.8978],[7.9344,10.8965],[7.9351,10.8907],[7.9331,10.8874],[7.9338,10.8851],[7.9288,10.8758],[7.9294,10.8734],[7.924,10.8659],[7.9196,10.8622],[7.9159,10.8572],[7.9129,10.8547],[7.9145,10.8515],[7.9196,10.8463],[7.9204,10.8432],[7.9189,10.8397],[7.9223,10.8355],[7.9301,10.8318],[7.9353,10.8246],[7.9344,10.821],[7.9356,10.813],[7.9417,10.8132],[7.9465,10.8079],[7.9481,10.7994],[7.9548,10.7949],[7.9549,10.7921],[7.9601,10.7919],[7.9628,10.7875],[7.9648,10.7866],[7.9663,10.7906],[7.9695,10.7888],[7.9721,10.7909],[7.9734,10.7873],[7.9763,10.7857],[7.98,10.7871],[7.9877,10.7868],[7.9948,10.7845],[7.9996,10.7799],[8.0036,10.7811],[8.0081,10.7797],[8.0114,10.7765],[8.0187,10.7761],[8.0194,10.7747],[8.0207,10.7717],[8.0231,10.7728],[8.0237,10.7839],[8.0268,10.789],[8.0273,10.7923],[8.0296,10.7976],[8.0321,10.7971],[8.0362,10.7983],[8.0386,10.7977],[8.0432,10.8002],[8.0465,10.8004],[8.0514,10.7972],[8.0551,10.7966],[8.059,10.7983],[8.0614,10.8008],[8.0624,10.804],[8.0677,10.8128],[8.0689,10.8175],[8.0724,10.8249],[8.075,10.8271],[8.0718,10.8311],[8.073,10.8369],[8.0727,10.8467],[8.074,10.8495],[8.0735,10.8528],[8.0751,10.8551],[8.0711,10.8585],[8.0688,10.8621],[8.0686,10.8659],[8.067,10.8685],[8.0656,10.8743],[8.0657,10.88],[8.0734,10.8864],[8.0736,10.8901],[8.0753,10.8926],[8.0768,10.899],[8.0825,10.9082],[8.0812,10.9115],[8.0824,10.9166],[8.0812,10.9197],[8.0729,10.9247],[8.0698,10.9242],[8.0662,10.9271],[8.0635,10.931],[8.0515,10.9286],[8.0457,10.9339],[8.0411,10.9366],[8.0449,10.9437],[8.0548,10.9478],[8.0551,10.9492],[8.047,10.9586],[8.0441,10.9601],[8.0395,10.9599],[8.0368,10.9609],[8.0334,10.9699],[8.0301,10.9717],[8.0218,10.9698],[8.0163,10.9706],[8.0127,10.9687],[8.0103,10.9718],[8.0027,10.9767],[7.9975,10.9755],[7.9937,10.9775],[7.9905,10.9779],[7.9862,10.9802],[7.9816,10.9786],[7.9769,10.9723],[7.9744,10.9707],[7.9716,10.9671],[7.969,10.966],[7.9658,10.9648],[7.9611,10.9654],[7.957,10.9632],[7.9595,10.957],[7.9571,10.9538],[7.9541,10.9451]]]},"properties":{"name":"GARUN GWANKI","state":"18","code":"18/21/10"}},{"type":"Feature","geometry":{"type":"Polygon","coordinates":[[[8.0892,10.6785],[8.0902,10.6829],[8.0877,10.687],[8.0867,10.6908],[8.0851,10.692],[8.0798,10.6997],[8.0779,10.7047],[8.0748,10.7064],[8.0753,10.7116],[8.0773,10.7204],[8.0769,10.7236],[8.0792,10.728],[8.0862,10.7327],[8.0899,10.7384],[8.0961,10.7418],[8.0996,10.7444],[8.0963,10.7461],[8.0933,10.7502],[8.0913,10.7506],[8.0832,10.7557],[8.076,10.7564],[8.0719,10.7589],[8.0681,10.7585],[8.0658,10.7635],[8.071,10.7685],[8.0732,10.7742],[8.0732,10.7766],[8.0765,10.7805],[8.0766,10.7829],[8.0801,10.7913],[8.0827,10.7931],[8.0826,10.7955],[8.088,10.7961],[8.0939,10.7983],[8.0997,10.7984],[8.1035,10.8007],[8.1083,10.8011],[8.1104,10.7993],[8.1147,10.7983],[8.1213,10.7996],[8.1222,10.7976],[8.1254,10.7976],[8.1299,10.7998],[8.1336,10.7983],[8.1387,10.7993],[8.1455,10.7984],[8.1535,10.806],[8.16,10.8114],[8.1699,10.8071],[8.1692,10.8131],[8.1659,10.8184],[8.1624,10.8227],[8.1615,10.8301],[8.1599,10.8333],[8.162,10.8368],[8.1607,10.8396],[8.1626,10.8412],[8.1629,10.8476],[8.1716,10.8466],[8.1779,10.8514],[8.1748,10.8546],[8.1725,10.8624],[8.1698,10.8679],[8.1715,10.872],[8.1738,10.875],[8.1627,10.8839],[8.1597,10.8875],[8.1608,10.8929],[8.1596,10.8951],[8.1603,10.8984],[8.1636,10.9063],[8.159,10.9114],[8.1547,10.9123],[8.1523,10.9156],[8.1505,10.9206],[8.1404,10.9263],[8.1404,10.9301],[8.1382,10.938],[8.1345,10.9371],[8.1311,10.9378],[8.1262,10.9383],[8.1206,10.935],[8.1158,10.9291],[8.1142,10.929],[8.1098,10.9249],[8.1045,10.9242],[8.1025,10.9219],[8.0983,10.9204],[8.0951,10.9245],[8.0812,10.9197],[8.0824,10.9166],[8.0812,10.9115],[8.0825,10.9082],[8.0768,10.899],[8.0753,10.8926],[8.0736,10.8901],[8.0734,10.8864],[8.0657,10.88],[8.0656,10.8743],[8.067,10.8685],[8.0686,10.8659],[8.0688,10.8621],[8.0711,10.8585],[8.0751,10.8551],[8.0735,10.8528],[8.074,10.8495],[8.0727,10.8467],[8.073,10.8369],[8.0718,10.8311],[8.075,10.8271],[8.0724,10.8249],[8.0689,10.8175],[8.0677,10.8128],[8.0624,10.804],[8.0614,10.8008],[8.059,10.7983],[8.0551,10.7966],[8.0514,10.7972],[8.0465,10.8004],[8.0432,10.8002],[8.0386,10.7977],[8.0362,10.7983],[8.0321,10.7971],[8.0296,10.7976],[8.0273,10.7923],[8.0268,10.789],[8.0237,10.7839],[8.0231,10.7728],[8.0207,10.7717],[8.0194,10.7747],[8.0184,10.7707],[8.019,10.7681],[8.0246,10.7627],[8.0285,10.756],[8.0311,10.7495],[8.0212,10.7408],[8.0234,10.7327],[8.0253,10.7306],[8.0251,10.7278],[8.0275,10.7267],[8.0269,10.7228],[8.0291,10.7178],[8.027,10.7145],[8.0232,10.7123],[8.0201,10.7117],[8.0187,10.7077],[8.0246,10.7037],[8.0279,10.7034],[8.0312,10.7002],[8.0377,10.6965],[8.0408,10.6935],[8.046,10.6902],[8.0529,10.6934],[8.0545,10.697],[8.0641,10.6892],[8.065,10.6861],[8.0677,10.684],[8.0734,10.6871],[8.0753,10.684],[8.0772,10.6836],[8.0795,10.6805],[8.0892,10.6785]]]},"properties":{"name":"RAHAMA","state":"18","code":"18/21/11"}},{"type":"Feature","geometry":{"type":"Polygon","coordinates":[[[8.3309,9.8245],[8.3353,9.8274],[8.3413,9.8294],[8.3436,9.8324],[8.3434,9.8369],[8.3452,9.8394],[8.3488,9.8475],[8.3527,9.8523],[8.3562,9.8534],[8.3613,9.8493],[8.3628,9.8491],[8.3698,9.8521],[8.3738,9.8579],[8.3751,9.8616],[8.3781,9.863],[8.3806,9.8679],[8.3851,9.8718],[8.3853,9.8741],[8.3915,9.8755],[8.3954,9.8787],[8.3943,9.8826],[8.3961,9.8857],[8.395,9.8948],[8.3886,9.8985],[8.3875,9.9005],[8.3867,9.9089],[8.3873,9.9102],[8.3823,9.9226],[8.3722,9.9189],[8.3693,9.9232],[8.3676,9.9232],[8.362,9.9186],[8.359,9.9215],[8.3578,9.9244],[8.3588,9.9292],[8.3555,9.9316],[8.3554,9.9349],[8.3522,9.9406],[8.3556,9.9477],[8.3569,9.9518],[8.3639,9.9554],[8.3695,9.9555],[8.3713,9.9575],[8.3712,9.964],[8.3674,9.974],[8.365,9.9762],[8.3652,9.9798],[8.3627,9.9845],[8.3568,9.988],[8.3539,9.9868],[8.3486,9.989],[8.3488,9.9944],[8.3467,9.9976],[8.3417,9.999],[8.3406,10.0039],[8.3354,10.0047],[8.3313,10.0041],[8.3263,10.0018],[8.3237,10.0027],[8.3196,10.002],[8.3101,10.0043],[8.306,10.0004],[8.3038,9.9969],[8.3003,9.9875],[8.2979,9.986],[8.2963,9.9805],[8.2965,9.9771],[8.29,9.9706],[8.2844,9.9716],[8.2811,9.973],[8.2777,9.9678],[8.2737,9.9638],[8.2724,9.9607],[8.2668,9.951],[8.2603,9.9475],[8.2543,9.9483],[8.2496,9.9498],[8.2472,9.9475],[8.2432,9.9406],[8.2398,9.9374],[8.2353,9.935],[8.2291,9.9331],[8.2306,9.9311],[8.2289,9.9263],[8.2311,9.9241],[8.228,9.9206],[8.2279,9.9088],[8.2296,9.9049],[8.2346,9.9011],[8.2373,9.8967],[8.2389,9.8965],[8.2405,9.8922],[8.2389,9.8882],[8.2393,9.8857],[8.2426,9.8832],[8.2431,9.8775],[8.2458,9.8745],[8.2466,9.8708],[8.2505,9.8679],[8.2517,9.8629],[8.2553,9.8583],[8.2565,9.8552],[8.2557,9.8479],[8.2595,9.8438],[8.2595,9.8412],[8.2614,9.8382],[8.2602,9.8301],[8.2619,9.8274],[8.261,9.8254],[8.2629,9.8225],[8.267,9.8198],[8.2683,9.8178],[8.2728,9.8217],[8.277,9.8328],[8.2783,9.8341],[8.2912,9.8344],[8.2928,9.8329],[8.297,9.8341],[8.3034,9.8339],[8.3118,9.8285],[8.3147,9.8256],[8.3181,9.8244],[8.3226,9.8255],[8.3284,9.8255],[8.3309,9.8245]]]},"properties":{"name":"GORA","state":"18","code":"18/22/01"}},{"type":"Feature","geometry":{"type":"MultiPolygon","coordinates":[[[[8.3348,10.0246],[8.3371,10.02],[8.3342,10.0171],[8.3298,10.0153],[8.3354,10.0047],[8.3406,10.0039],[8.3417,9.999],[8.3467,9.9976],[8.3488,9.9944],[8.3486,9.989],[8.3539,9.9868],[8.3568,9.988],[8.3627,9.9845],[8.3652,9.9798],[8.365,9.9762],[8.3674,9.974],[8.3712,9.964],[8.3713,9.9575],[8.3695,9.9555],[8.3639,9.9554],[8.3569,9.9518],[8.3556,9.9477],[8.3522,9.9406],[8.3554,9.9349],[8.3555,9.9316],[8.3588,9.9292],[8.3578,9.9244],[8.359,9.9215],[8.362,9.9186],[8.3676,9.9232],[8.3693,9.9232],[8.3722,9.9189],[8.3823,9.9226],[8.3873,9.9102],[8.3867,9.9089],[8.3875,9.9005],[8.3886,9.8985],[8.395,9.8948],[8.3961,9.8857],[8.3943,9.8826],[8.3954,9.8787],[8.3915,9.8755],[8.3853,9.8741],[8.3851,9.8718],[8.3806,9.8679],[8.3781,9.863],[8.3751,9.8616],[8.3738,9.8579],[8.3698,9.8521],[8.3628,9.8491],[8.3613,9.8493],[8.3562,9.8534],[8.3527,9.8523],[8.3488,9.8475],[8.3452,9.8394],[8.3434,9.8369],[8.3436,9.8324],[8.3413,9.8294],[8.3353,9.8274],[8.3309,9.8245],[8.3329,9.821],[8.338,9.8167],[8.3419,9.8154],[8.3458,9.8095],[8.3485,9.8075],[8.349,9.8033],[8.3474,9.7986],[8.3432,9.7893],[8.3427,9.7837],[8.3493,9.7845],[8.3548,9.7868],[8.36,9.7866],[8.3682,9.7928],[8.3726,9.7928],[8.375,9.7943],[8.3772,9.7921],[8.3825,9.793],[8.3891,9.7924],[8.3962,9.7929],[8.3943,9.7972],[8.3957,9.8007],[8.3944,9.8039],[8.392,9.8062],[8.3938,9.8092],[8.3953,9.8161],[8.3941,9.8183],[8.3947,9.8207],[8.394,9.8253],[8.3921,9.827],[8.3943,9.8393],[8.3943,9.8435],[8.3922,9.8457],[8.3944,9.8483],[8.3949,9.8527],[8.3991,9.8518],[8.4006,9.8597],[8.4059,9.8615],[8.4096,9.8612],[8.4123,9.8575],[8.412,9.8549],[8.4168,9.8528],[8.4193,9.8528],[8.4187,9.8547],[8.4208,9.8586],[8.4251,9.8595],[8.4244,9.8625],[8.4253,9.8661],[8.4299,9.8674],[8.4358,9.8671],[8.4421,9.8718],[8.4419,9.8789],[8.4406,9.883],[8.4374,9.8853],[8.4335,9.883],[8.4254,9.8937],[8.4248,9.8963],[8.4221,9.8977],[8.4185,9.9023],[8.4134,9.9013],[8.4123,9.9041],[8.4135,9.916],[8.4144,9.9182],[8.4143,9.9229],[8.4227,9.9318],[8.425,9.9373],[8.43,9.9422],[8.4272,9.9458],[8.4271,9.9494],[8.4309,9.9494],[8.4319,9.9539],[8.4356,9.9655],[8.4296,9.9659],[8.4282,9.9707],[8.4299,9.974],[8.4345,9.9784],[8.4331,9.9803],[8.4336,9.9832],[8.432,9.9886],[8.4349,9.9931],[8.4363,9.9933],[8.4375,9.9973],[8.4395,9.9983],[8.4367,10.002],[8.4345,10.0023],[8.4308,10.0066],[8.4294,10.0056],[8.4217,10.007],[8.4195,10.001],[8.417,10.001],[8.4158,10.0043],[8.4187,10.0082],[8.4154,10.0151],[8.4085,10.0162],[8.4051,10.0117],[8.4026,10.0117],[8.4006,10.015],[8.3963,10.013],[8.3938,10.0168],[8.391,10.0132],[8.3882,10.0209],[8.3845,10.0191],[8.3815,10.0205],[8.3737,10.0203],[8.3715,10.0235],[8.3735,10.0272],[8.3718,10.0286],[8.3646,10.0282],[8.3648,10.0231],[8.3614,10.0245],[8.3603,10.0222],[8.3545,10.0213],[8.3491,10.0229],[8.3407,10.0225],[8.3373,10.0253],[8.3348,10.0246]]],[[[8.5091,9.8388],[8.498,9.8374],[8.4969,9.8313],[8.4875,9.8299],[8.485,9.8276],[8.4757,9.8273],[8.4703,9.8327],[8.4632,9.8338],[8.4559,9.8376],[8.4512,9.8315],[8.4441,9.8286],[8.4398,9.8278],[8.4332,9.8233],[8.4276,9.8245],[8.4285,9.8172],[8.4327,9.8122],[8.4361,9.8102],[8.4387,9.8047],[8.4395,9.8007],[8.4424,9.7975],[8.4441,9.7902],[8.4481,9.7888],[8.4535,9.7842],[8.4568,9.7792],[8.4608,9.7849],[8.4639,9.7859],[8.4672,9.7891],[8.4684,9.7921],[8.4748,9.7959],[8.4814,9.7936],[8.4857,9.7948],[8.4927,9.793],[8.4945,9.7909],[8.5041,9.7876],[8.5024,9.791],[8.5044,9.7934],[8.5062,9.7994],[8.5101,9.8024],[8.511,9.8075],[8.5129,9.8087],[8.5122,9.814],[8.5092,9.8166],[8.5106,9.8184],[8.5074,9.8208],[8.5092,9.8229],[8.5131,9.8239],[8.5169,9.8323],[8.5153,9.8343],[8.5091,9.8388]]]]},"properties":{"name":"ZONZON","state":"18","code":"18/22/02"}},{"type":"Feature","geometry":{"type":"Polygon","coordinates":[[[8.4419,9.8789],[8.4421,9.8718],[8.4358,9.8671],[8.4299,9.8674],[8.4253,9.8661],[8.4244,9.8625],[8.4251,9.8595],[8.4208,9.8586],[8.4187,9.8547],[8.4193,9.8528],[8.4198,9.849],[8.4161,9.8472],[8.4178,9.84],[8.4172,9.8381],[8.4123,9.8349],[8.4139,9.8309],[8.4163,9.8296],[8.4281,9.831],[8.4367,9.8281],[8.4398,9.8278],[8.4441,9.8286],[8.4512,9.8315],[8.4559,9.8376],[8.4632,9.8338],[8.4703,9.8327],[8.4757,9.8273],[8.485,9.8276],[8.4875,9.8299],[8.4969,9.8313],[8.498,9.8374],[8.5091,9.8388],[8.5127,9.8433],[8.5123,9.8513],[8.5112,9.8546],[8.5077,9.8557],[8.5062,9.8574],[8.5065,9.8609],[8.5047,9.866],[8.5014,9.8685],[8.499,9.8671],[8.4969,9.8691],[8.4937,9.8696],[8.4903,9.8749],[8.4857,9.8759],[8.4834,9.8783],[8.48,9.8841],[8.4743,9.8822],[8.4717,9.8836],[8.463,9.8827],[8.4588,9.8843],[8.4548,9.8828],[8.4512,9.8834],[8.449,9.8815],[8.4456,9.8819],[8.4419,9.8789]]]},"properties":{"name":"ZAMAN DABO","state":"18","code":"18/22/03"}},{"type":"Feature","geometry":{"type":"Polygon","coordinates":[[[8.4224,9.6943],[8.4295,9.697],[8.4337,9.6966],[8.4392,9.6945],[8.4453,9.6956],[8.4488,9.6945],[8.4536,9.6946],[8.4596,9.6928],[8.4654,9.6943],[8.472,9.6918],[8.4804,9.6949],[8.4828,9.6974],[8.4871,9.7001],[8.4881,9.7025],[8.4917,9.7053],[8.4915,9.7127],[8.4924,9.7159],[8.4956,9.7216],[8.4998,9.7232],[8.5009,9.7282],[8.5041,9.7308],[8.5018,9.7332],[8.5024,9.7388],[8.5003,9.7432],[8.5002,9.7499],[8.4977,9.7513],[8.4952,9.7553],[8.4952,9.7593],[8.4936,9.7616],[8.4956,9.7653],[8.4954,9.7695],[8.494,9.7734],[8.4954,9.7801],[8.4973,9.7799],[8.5041,9.786],[8.5041,9.7876],[8.4945,9.7909],[8.4927,9.793],[8.4857,9.7948],[8.4814,9.7936],[8.4748,9.7959],[8.4684,9.7921],[8.4672,9.7891],[8.4639,9.7859],[8.4608,9.7849],[8.4568,9.7792],[8.4535,9.7842],[8.4481,9.7888],[8.4441,9.7902],[8.4424,9.7975],[8.4395,9.8007],[8.4387,9.8047],[8.4361,9.8102],[8.4327,9.8122],[8.4285,9.8172],[8.4276,9.8245],[8.4332,9.8233],[8.4398,9.8278],[8.4367,9.8281],[8.4281,9.831],[8.4163,9.8296],[8.4139,9.8309],[8.4108,9.8282],[8.4103,9.8249],[8.405,9.8246],[8.4004,9.8203],[8.3941,9.8183],[8.3953,9.8161],[8.3938,9.8092],[8.392,9.8062],[8.3944,9.8039],[8.3957,9.8007],[8.3943,9.7972],[8.3962,9.7929],[8.3891,9.7924],[8.3825,9.793],[8.3772,9.7921],[8.375,9.7943],[8.3726,9.7928],[8.3682,9.7928],[8.36,9.7866],[8.3548,9.7868],[8.3493,9.7845],[8.3508,9.7828],[8.3584,9.78],[8.3624,9.7761],[8.3649,9.7719],[8.3656,9.7663],[8.3721,9.7649],[8.3746,9.7624],[8.3743,9.7598],[8.3705,9.7581],[8.3683,9.7591],[8.3658,9.7553],[8.3672,9.7508],[8.3671,9.7463],[8.3688,9.742],[8.3671,9.7354],[8.3683,9.7308],[8.3706,9.7288],[8.3758,9.7264],[8.3789,9.7267],[8.3835,9.724],[8.3837,9.721],[8.387,9.7183],[8.3974,9.7138],[8.4003,9.7136],[8.4035,9.7097],[8.4055,9.6963],[8.4083,9.695],[8.4143,9.695],[8.4181,9.694],[8.4224,9.6943]]]},"properties":{"name":"UNGUWAR GAIYA","state":"18","code":"18/22/04"}},{"type":"Feature","geometry":{"type":"Polygon","coordinates":[[[8.2565,9.8552],[8.2541,9.8539],[8.2484,9.8464],[8.2371,9.8362],[8.2373,9.8325],[8.2396,9.8292],[8.2376,9.8242],[8.2352,9.8219],[8.2298,9.82],[8.2212,9.8225],[8.2117,9.828],[8.2074,9.8266],[8.2025,9.8262],[8.2019,9.8245],[8.2021,9.817],[8.2011,9.8118],[8.1989,9.8101],[8.1955,9.8104],[8.1937,9.8077],[8.1887,9.8096],[8.1857,9.8078],[8.1801,9.7962],[8.1843,9.7932],[8.186,9.7897],[8.1857,9.784],[8.1873,9.7805],[8.1951,9.7754],[8.1972,9.7716],[8.2027,9.7697],[8.2071,9.7708],[8.2147,9.7688],[8.2192,9.764],[8.2273,9.7567],[8.2284,9.7541],[8.226,9.7481],[8.2224,9.744],[8.2201,9.7366],[8.2166,9.7323],[8.2142,9.7266],[8.2161,9.7232],[8.217,9.7172],[8.2156,9.7143],[8.2199,9.7096],[8.2221,9.7088],[8.2264,9.7106],[8.2316,9.7151],[8.2312,9.721],[8.232,9.727],[8.2371,9.7295],[8.2452,9.7362],[8.254,9.7389],[8.2598,9.7313],[8.2675,9.7239],[8.2729,9.7208],[8.2749,9.7205],[8.2774,9.7235],[8.2817,9.7261],[8.2916,9.7296],[8.2951,9.7316],[8.2958,9.7341],[8.2998,9.7395],[8.3046,9.7406],[8.3101,9.7435],[8.3127,9.7424],[8.3152,9.7457],[8.3205,9.7481],[8.3227,9.7507],[8.3282,9.7504],[8.3306,9.7462],[8.3337,9.7433],[8.3374,9.7416],[8.3414,9.7423],[8.348,9.7485],[8.3519,9.749],[8.355,9.7468],[8.3594,9.739],[8.3615,9.7336],[8.3648,9.7298],[8.3683,9.7308],[8.3671,9.7354],[8.3688,9.742],[8.3671,9.7463],[8.3672,9.7508],[8.3658,9.7553],[8.3683,9.7591],[8.3705,9.7581],[8.3743,9.7598],[8.3746,9.7624],[8.3721,9.7649],[8.3656,9.7663],[8.3649,9.7719],[8.3624,9.7761],[8.3584,9.78],[8.3508,9.7828],[8.3493,9.7845],[8.3427,9.7837],[8.3432,9.7893],[8.3474,9.7986],[8.349,9.8033],[8.3485,9.8075],[8.3458,9.8095],[8.3419,9.8154],[8.338,9.8167],[8.3329,9.821],[8.3309,9.8245],[8.3284,9.8255],[8.3226,9.8255],[8.3181,9.8244],[8.3147,9.8256],[8.3118,9.8285],[8.3034,9.8339],[8.297,9.8341],[8.2928,9.8329],[8.2912,9.8344],[8.2783,9.8341],[8.277,9.8328],[8.2728,9.8217],[8.2683,9.8178],[8.267,9.8198],[8.2629,9.8225],[8.261,9.8254],[8.2619,9.8274],[8.2602,9.8301],[8.2614,9.8382],[8.2595,9.8412],[8.2595,9.8438],[8.2557,9.8479],[8.2565,9.8552]]]},"properties":{"name":"ZONKWA","state":"18","code":"18/22/05"}},{"type":"Feature","geometry":{"type":"Polygon","coordinates":[[[8.3117,9.6139],[8.3143,9.621],[8.3217,9.6214],[8.3257,9.6197],[8.3324,9.6205],[8.3348,9.622],[8.3395,9.6228],[8.3381,9.6285],[8.3359,9.6337],[8.3354,9.6378],[8.3417,9.6407],[8.3415,9.6423],[8.3441,9.6465],[8.341,9.6492],[8.3473,9.6574],[8.3488,9.6647],[8.3531,9.6689],[8.36,9.6688],[8.369,9.6788],[8.3621,9.6881],[8.359,9.693],[8.3564,9.7019],[8.3567,9.705],[8.3604,9.7046],[8.3635,9.7078],[8.3666,9.7096],[8.3734,9.7195],[8.3758,9.7264],[8.3706,9.7288],[8.3683,9.7308],[8.3648,9.7298],[8.3615,9.7336],[8.3594,9.739],[8.355,9.7468],[8.3519,9.749],[8.348,9.7485],[8.3414,9.7423],[8.3374,9.7416],[8.3337,9.7433],[8.3306,9.7462],[8.3282,9.7504],[8.3227,9.7507],[8.3205,9.7481],[8.3152,9.7457],[8.3127,9.7424],[8.3101,9.7435],[8.3046,9.7406],[8.2998,9.7395],[8.2958,9.7341],[8.2951,9.7316],[8.2916,9.7296],[8.2817,9.7261],[8.2774,9.7235],[8.2749,9.7205],[8.2729,9.7208],[8.2675,9.7239],[8.2598,9.7313],[8.254,9.7389],[8.2452,9.7362],[8.2371,9.7295],[8.232,9.727],[8.2312,9.721],[8.2316,9.7151],[8.2264,9.7106],[8.2221,9.7088],[8.2244,9.7039],[8.2259,9.6978],[8.2164,9.6864],[8.2193,9.6829],[8.2206,9.6791],[8.2253,9.6778],[8.2285,9.6795],[8.2346,9.6777],[8.2374,9.6778],[8.2398,9.6755],[8.2458,9.6735],[8.2494,9.6694],[8.2529,9.6687],[8.2586,9.6638],[8.2564,9.6513],[8.2579,9.6479],[8.2621,9.6458],[8.2649,9.647],[8.269,9.6463],[8.274,9.6466],[8.2796,9.6488],[8.2838,9.6458],[8.2836,9.6424],[8.2904,9.6389],[8.2889,9.6318],[8.293,9.6309],[8.2928,9.6282],[8.2969,9.6278],[8.2971,9.6191],[8.2994,9.6166],[8.3008,9.6061],[8.3052,9.6051],[8.3073,9.607],[8.3066,9.6098],[8.3099,9.6113],[8.3117,9.6139]]]},"properties":{"name":"MADAKIYA","state":"18","code":"18/22/06"}},{"type":"Feature","geometry":{"type":"Polygon","coordinates":[[[8.1556,9.5531],[8.1565,9.5513],[8.1711,9.5405],[8.1719,9.5377],[8.1755,9.5365],[8.1808,9.5368],[8.1831,9.5343],[8.1857,9.5256],[8.1899,9.5216],[8.1912,9.5228],[8.1951,9.5219],[8.1987,9.5244],[8.1989,9.527],[8.2019,9.5287],[8.2032,9.5343],[8.2071,9.5383],[8.2103,9.537],[8.2136,9.5379],[8.2149,9.5346],[8.2201,9.5346],[8.2243,9.5357],[8.2274,9.5348],[8.2312,9.5371],[8.2334,9.5399],[8.2368,9.5419],[8.2423,9.5393],[8.2465,9.5408],[8.2455,9.5451],[8.2457,9.5555],[8.2444,9.5594],[8.2424,9.5619],[8.2404,9.567],[8.2382,9.5697],[8.2387,9.5716],[8.2447,9.5741],[8.2471,9.5761],[8.2529,9.5741],[8.2551,9.571],[8.26,9.5713],[8.2659,9.5701],[8.2709,9.5716],[8.2777,9.5726],[8.2814,9.5722],[8.2836,9.5744],[8.2822,9.5766],[8.2835,9.581],[8.2816,9.5816],[8.2815,9.5882],[8.2789,9.5905],[8.2757,9.5954],[8.2735,9.5948],[8.2689,9.5975],[8.2657,9.5979],[8.2612,9.6009],[8.258,9.6069],[8.258,9.6127],[8.2508,9.6192],[8.2503,9.6236],[8.2485,9.6255],[8.24,9.6288],[8.2365,9.6321],[8.2324,9.6335],[8.2288,9.6332],[8.2242,9.6305],[8.2246,9.6243],[8.2182,9.6232],[8.2135,9.6243],[8.2099,9.6205],[8.2093,9.6163],[8.2071,9.6153],[8.1981,9.6211],[8.1945,9.6208],[8.1935,9.6224],[8.1891,9.6238],[8.1862,9.6266],[8.1801,9.6259],[8.1754,9.6307],[8.1707,9.6331],[8.1658,9.6373],[8.1645,9.6446],[8.1538,9.6466],[8.1488,9.6475],[8.1394,9.6482],[8.134,9.6439],[8.1305,9.6425],[8.1282,9.6432],[8.1257,9.6403],[8.123,9.6403],[8.1217,9.638],[8.119,9.6371],[8.1166,9.634],[8.1164,9.6303],[8.1133,9.6285],[8.1228,9.6252],[8.124,9.6229],[8.1301,9.6196],[8.1367,9.613],[8.1372,9.6057],[8.1387,9.6033],[8.1454,9.6021],[8.1505,9.6003],[8.1536,9.5956],[8.1533,9.5901],[8.1568,9.5821],[8.159,9.5799],[8.1637,9.5808],[8.1679,9.5792],[8.1685,9.5762],[8.1705,9.5749],[8.1722,9.5714],[8.1746,9.5608],[8.1728,9.5589],[8.1605,9.5539],[8.1556,9.5531]]]},"properties":{"name":"UNGUWAR RIMI","state":"18","code":"18/22/07"}},{"type":"Feature","geometry":{"type":"Polygon","coordinates":[[[8.2837,9.5892],[8.287,9.5911],[8.2912,9.5976],[8.2934,9.5957],[8.2953,9.597],[8.2956,9.6],[8.2986,9.6058],[8.3008,9.6061],[8.2994,9.6166],[8.2971,9.6191],[8.2969,9.6278],[8.2928,9.6282],[8.293,9.6309],[8.2889,9.6318],[8.2904,9.6389],[8.2836,9.6424],[8.2838,9.6458],[8.2796,9.6488],[8.274,9.6466],[8.269,9.6463],[8.2649,9.647],[8.2621,9.6458],[8.2579,9.6479],[8.2564,9.6513],[8.2586,9.6638],[8.2529,9.6687],[8.2494,9.6694],[8.2458,9.6735],[8.2398,9.6755],[8.2374,9.6778],[8.2346,9.6777],[8.2285,9.6795],[8.2253,9.6778],[8.2206,9.6791],[8.2193,9.6829],[8.2164,9.6864],[8.2259,9.6978],[8.2244,9.7039],[8.2221,9.7088],[8.2199,9.7096],[8.2156,9.7143],[8.217,9.7172],[8.2161,9.7232],[8.2142,9.7266],[8.2166,9.7323],[8.2201,9.7366],[8.2224,9.744],[8.226,9.7481],[8.2284,9.7541],[8.2273,9.7567],[8.2192,9.764],[8.2147,9.7688],[8.2071,9.7708],[8.2027,9.7697],[8.1972,9.7716],[8.1951,9.7754],[8.1885,9.7717],[8.1861,9.7673],[8.1714,9.7605],[8.169,9.7514],[8.1666,9.7493],[8.1697,9.7451],[8.1661,9.7404],[8.174,9.7339],[8.1756,9.7303],[8.1785,9.73],[8.1806,9.7266],[8.1794,9.7235],[8.1726,9.722],[8.1711,9.7188],[8.1708,9.7108],[8.1675,9.7073],[8.1692,9.6997],[8.1672,9.6976],[8.1666,9.6934],[8.1607,9.6937],[8.1604,9.6906],[8.1623,9.6875],[8.1621,9.6825],[8.1679,9.6818],[8.1663,9.6705],[8.1652,9.6604],[8.1617,9.6602],[8.1575,9.6561],[8.1538,9.6466],[8.1645,9.6446],[8.1658,9.6373],[8.1707,9.6331],[8.1754,9.6307],[8.1801,9.6259],[8.1862,9.6266],[8.1891,9.6238],[8.1935,9.6224],[8.1945,9.6208],[8.1981,9.6211],[8.2071,9.6153],[8.2093,9.6163],[8.2099,9.6205],[8.2135,9.6243],[8.2182,9.6232],[8.2246,9.6243],[8.2242,9.6305],[8.2288,9.6332],[8.2324,9.6335],[8.2365,9.6321],[8.24,9.6288],[8.2485,9.6255],[8.2503,9.6236],[8.2508,9.6192],[8.258,9.6127],[8.258,9.6069],[8.2612,9.6009],[8.2657,9.5979],[8.2689,9.5975],[8.2735,9.5948],[8.2757,9.5954],[8.2789,9.5905],[8.2815,9.5882],[8.2837,9.5892]]]},"properties":{"name":"GIDAN JATAU","state":"18","code":"18/22/08"}},{"type":"Feature","geometry":{"type":"Polygon","coordinates":[[[8.0918,9.8887],[8.0918,9.8808],[8.0925,9.8776],[8.0903,9.8724],[8.0917,9.8685],[8.0916,9.8576],[8.0864,9.8577],[8.0823,9.859],[8.0748,9.8549],[8.0729,9.8517],[8.0685,9.8477],[8.0633,9.8457],[8.0619,9.8428],[8.0611,9.8379],[8.0618,9.8346],[8.0593,9.8272],[8.0467,9.8248],[8.0407,9.8165],[8.0337,9.8115],[8.0304,9.8097],[8.0236,9.8101],[8.0181,9.807],[8.0158,9.8032],[8.0163,9.7964],[8.0228,9.7961],[8.0266,9.7931],[8.0273,9.7956],[8.0347,9.7946],[8.0325,9.7921],[8.036,9.7871],[8.0462,9.7862],[8.0532,9.7861],[8.0566,9.7826],[8.0586,9.7819],[8.0617,9.7779],[8.065,9.7775],[8.0685,9.7756],[8.0693,9.7678],[8.0732,9.7613],[8.0769,9.7532],[8.0745,9.7467],[8.0722,9.7445],[8.0697,9.7366],[8.0704,9.7314],[8.0721,9.7291],[8.0768,9.7271],[8.0828,9.722],[8.0904,9.7202],[8.0928,9.7129],[8.0982,9.7086],[8.1017,9.7047],[8.1032,9.7089],[8.1051,9.7092],[8.1065,9.7046],[8.1108,9.6995],[8.1111,9.6933],[8.1155,9.6852],[8.1155,9.6829],[8.1187,9.6815],[8.1207,9.6784],[8.1281,9.6758],[8.1299,9.6739],[8.1416,9.671],[8.1415,9.6674],[8.1401,9.6637],[8.1402,9.6596],[8.1381,9.6585],[8.1377,9.6521],[8.1394,9.6482],[8.1488,9.6475],[8.1538,9.6466],[8.1575,9.6561],[8.1617,9.6602],[8.1652,9.6604],[8.1663,9.6705],[8.1679,9.6818],[8.1621,9.6825],[8.1623,9.6875],[8.1604,9.6906],[8.1607,9.6937],[8.1666,9.6934],[8.1672,9.6976],[8.1692,9.6997],[8.1675,9.7073],[8.1708,9.7108],[8.1711,9.7188],[8.1726,9.722],[8.1794,9.7235],[8.1806,9.7266],[8.1785,9.73],[8.1756,9.7303],[8.174,9.7339],[8.1661,9.7404],[8.1697,9.7451],[8.1666,9.7493],[8.169,9.7514],[8.1714,9.7605],[8.1861,9.7673],[8.1885,9.7717],[8.1951,9.7754],[8.1873,9.7805],[8.1857,9.784],[8.186,9.7897],[8.1843,9.7932],[8.1801,9.7962],[8.1857,9.8078],[8.1811,9.8097],[8.1798,9.8145],[8.1804,9.8185],[8.1783,9.8213],[8.1794,9.8259],[8.1825,9.8295],[8.181,9.8317],[8.181,9.8371],[8.1783,9.8462],[8.1749,9.8475],[8.1679,9.8469],[8.1639,9.8508],[8.1662,9.8583],[8.1628,9.8671],[8.1627,9.8693],[8.1593,9.8707],[8.1494,9.8715],[8.1403,9.8699],[8.1368,9.866],[8.125,9.8556],[8.1219,9.8578],[8.1182,9.8585],[8.1187,9.8652],[8.1149,9.8672],[8.112,9.8739],[8.1123,9.876],[8.1093,9.8802],[8.1069,9.8821],[8.1062,9.8886],[8.1027,9.8907],[8.102,9.894],[8.0991,9.897],[8.0932,9.8915],[8.0918,9.8887]]]},"properties":{"name":"KAMANTAN","state":"18","code":"18/22/09"}},{"type":"Feature","geometry":{"type":"Polygon","coordinates":[[[8.0991,9.897],[8.102,9.894],[8.1027,9.8907],[8.1062,9.8886],[8.1069,9.8821],[8.1093,9.8802],[8.1123,9.876],[8.112,9.8739],[8.1149,9.8672],[8.1187,9.8652],[8.1182,9.8585],[8.1219,9.8578],[8.125,9.8556],[8.1368,9.866],[8.1403,9.8699],[8.1494,9.8715],[8.1593,9.8707],[8.1627,9.8693],[8.1628,9.8671],[8.1662,9.8583],[8.1639,9.8508],[8.1679,9.8469],[8.1749,9.8475],[8.1783,9.8462],[8.181,9.8371],[8.181,9.8317],[8.1825,9.8295],[8.1794,9.8259],[8.1783,9.8213],[8.1804,9.8185],[8.1798,9.8145],[8.1811,9.8097],[8.1857,9.8078],[8.1887,9.8096],[8.1937,9.8077],[8.1955,9.8104],[8.1989,9.8101],[8.2011,9.8118],[8.2021,9.817],[8.2019,9.8245],[8.2025,9.8262],[8.2074,9.8266],[8.2117,9.828],[8.2212,9.8225],[8.2298,9.82],[8.2352,9.8219],[8.2376,9.8242],[8.2396,9.8292],[8.2373,9.8325],[8.2371,9.8362],[8.2484,9.8464],[8.2541,9.8539],[8.2565,9.8552],[8.2553,9.8583],[8.2517,9.8629],[8.2505,9.8679],[8.2466,9.8708],[8.2458,9.8745],[8.2431,9.8775],[8.2426,9.8832],[8.2393,9.8857],[8.2389,9.8882],[8.2405,9.8922],[8.2389,9.8965],[8.2373,9.8967],[8.2346,9.9011],[8.2296,9.9049],[8.2279,9.9088],[8.228,9.9206],[8.2311,9.9241],[8.2289,9.9263],[8.2306,9.9311],[8.2291,9.9331],[8.2353,9.935],[8.2398,9.9374],[8.2432,9.9406],[8.2472,9.9475],[8.2496,9.9498],[8.2543,9.9483],[8.2603,9.9475],[8.2668,9.951],[8.2724,9.9607],[8.2737,9.9638],[8.2777,9.9678],[8.2811,9.973],[8.2844,9.9716],[8.29,9.9706],[8.2965,9.9771],[8.2963,9.9805],[8.2979,9.986],[8.3003,9.9875],[8.3038,9.9969],[8.306,10.0004],[8.3101,10.0043],[8.3196,10.002],[8.3237,10.0027],[8.3263,10.0018],[8.3313,10.0041],[8.3354,10.0047],[8.3298,10.0153],[8.3342,10.0171],[8.3371,10.02],[8.3348,10.0246],[8.328,10.0262],[8.3273,10.028],[8.3307,10.0313],[8.3286,10.0337],[8.3237,10.0326],[8.3204,10.0334],[8.3171,10.0307],[8.3149,10.0306],[8.3132,10.0336],[8.3145,10.0378],[8.311,10.0421],[8.3092,10.0425],[8.3022,10.0403],[8.2996,10.0426],[8.2948,10.0421],[8.2922,10.0396],[8.2885,10.0398],[8.2836,10.0419],[8.2792,10.0401],[8.2759,10.0373],[8.2687,10.0369],[8.2714,10.0444],[8.269,10.0483],[8.2679,10.0528],[8.2614,10.059],[8.2577,10.0597],[8.2523,10.0585],[8.2535,10.0644],[8.2552,10.0663],[8.258,10.0724],[8.2567,10.0759],[8.253,10.078],[8.2449,10.0772],[8.2421,10.0761],[8.2378,10.0724],[8.2306,10.0736],[8.2263,10.0772],[8.2255,10.0792],[8.228,10.0818],[8.2332,10.085],[8.2322,10.0883],[8.2283,10.0898],[8.2318,10.0965],[8.2295,10.1032],[8.2262,10.1073],[8.2258,10.1133],[8.2278,10.1185],[8.23,10.1212],[8.2306,10.1266],[8.2268,10.1311],[8.2161,10.1346],[8.2131,10.1419],[8.2099,10.1431],[8.2063,10.1478],[8.2067,10.1526],[8.212,10.1608],[8.211,10.1653],[8.2072,10.1683],[8.2039,10.1667],[8.2005,10.1706],[8.1954,10.1737],[8.1925,10.1791],[8.186,10.181],[8.1787,10.189],[8.1732,10.1914],[8.172,10.1961],[8.1741,10.2022],[8.1783,10.2073],[8.1767,10.2155],[8.1797,10.2231],[8.1819,10.2259],[8.1817,10.23],[8.1751,10.2282],[8.1678,10.2243],[8.1628,10.2174],[8.1601,10.219],[8.1619,10.224],[8.1607,10.2297],[8.157,10.2332],[8.1608,10.2396],[8.1605,10.2415],[8.1541,10.2477],[8.1469,10.2492],[8.1445,10.2517],[8.1453,10.256],[8.1435,10.2604],[8.1437,10.2644],[8.1477,10.2661],[8.1472,10.2687],[8.1428,10.2721],[8.1413,10.2765],[8.1381,10.2812],[8.1358,10.2845],[8.1292,10.2854],[8.1271,10.2884],[8.1231,10.2816],[8.1144,10.2723],[8.1145,10.2653],[8.1111,10.2643],[8.107,10.2648],[8.1043,10.2638],[8.1007,10.2646],[8.0975,10.27],[8.0948,10.2723],[8.0938,10.2777],[8.0898,10.2812],[8.0859,10.2821],[8.084,10.2859],[8.0803,10.2905],[8.0774,10.291],[8.0729,10.2889],[8.0674,10.2907],[8.0635,10.2886],[8.0593,10.2884],[8.0557,10.2872],[8.0529,10.285],[8.0441,10.2861],[8.0419,10.285],[8.0343,10.2859],[8.0295,10.2798],[8.0319,10.2735],[8.0303,10.2691],[8.0297,10.2641],[8.0272,10.2594],[8.0242,10.2484],[8.0165,10.2452],[8.0121,10.2442],[8.0133,10.2368],[8.0167,10.2322],[8.0163,10.2278],[8.0187,10.2269],[8.0184,10.2236],[8.0236,10.2146],[8.0227,10.2122],[8.0251,10.2075],[8.0243,10.2031],[8.0226,10.2013],[8.0207,10.1943],[8.0235,10.1916],[8.0238,10.1829],[8.0216,10.1752],[8.0185,10.1693],[8.0196,10.167],[8.0176,10.1651],[8.0187,10.161],[8.0158,10.1549],[8.0188,10.1407],[8.0163,10.1394],[8.0156,10.1368],[8.0126,10.1339],[8.015,10.1314],[8.0149,10.127],[8.0073,10.1322],[8.0036,10.1354],[7.9935,10.1359],[7.9877,10.1386],[7.9805,10.138],[7.972,10.1406],[7.9617,10.1417],[7.9585,10.1385],[7.9502,10.1359],[7.9475,10.1359],[7.9537,10.1281],[7.9545,10.1244],[7.9571,10.1211],[7.985,10.1139],[7.9933,10.1119],[7.9976,10.1074],[7.9998,10.1032],[8.0001,10.1001],[7.9982,10.0951],[7.9926,10.095],[7.9853,10.0918],[7.9838,10.0882],[7.9824,10.0811],[7.9835,10.0777],[7.9878,10.0756],[7.9909,10.0729],[7.9927,10.0685],[7.9995,10.0616],[8.0053,10.061],[8.0073,10.0579],[8.0107,10.0564],[8.0115,10.0534],[8.0213,10.0473],[8.0258,10.0449],[8.0297,10.04],[8.0306,10.0362],[8.0277,10.0305],[8.0257,10.0231],[8.0233,10.0175],[8.0257,10.0107],[8.0282,10.0072],[8.0292,10],[8.0307,9.9982],[8.0278,9.9933],[8.0268,9.9896],[8.0226,9.9852],[8.0178,9.9821],[8.015,9.9764],[8.014,9.9716],[8.0142,9.9668],[8.0123,9.9633],[8.0107,9.9566],[8.0083,9.9535],[8.0151,9.945],[8.0213,9.9442],[8.0264,9.9472],[8.0345,9.9478],[8.0407,9.9451],[8.0439,9.9427],[8.0501,9.9432],[8.055,9.9397],[8.0585,9.9351],[8.0606,9.9343],[8.0585,9.9297],[8.059,9.928],[8.0626,9.9264],[8.0667,9.9228],[8.0687,9.9235],[8.0766,9.9194],[8.0765,9.9154],[8.0797,9.9158],[8.0832,9.9126],[8.0887,9.9098],[8.0906,9.91],[8.0933,9.9054],[8.0966,9.9032],[8.0963,9.9013],[8.0991,9.897]]]},"properties":{"name":"KAMURU IKULU NORTH","state":"18","code":"18/22/10"}},{"type":"Feature","geometry":{"type":"Polygon","coordinates":[[[8.3941,9.8183],[8.4004,9.8203],[8.405,9.8246],[8.4103,9.8249],[8.4108,9.8282],[8.4139,9.8309],[8.4123,9.8349],[8.4172,9.8381],[8.4178,9.84],[8.4161,9.8472],[8.4198,9.849],[8.4193,9.8528],[8.4168,9.8528],[8.412,9.8549],[8.4123,9.8575],[8.4096,9.8612],[8.4059,9.8615],[8.4006,9.8597],[8.3991,9.8518],[8.3949,9.8527],[8.3944,9.8483],[8.3922,9.8457],[8.3943,9.8435],[8.3943,9.8393],[8.3921,9.827],[8.394,9.8253],[8.3947,9.8207],[8.3941,9.8183]]]},"properties":{"name":"ZANGO URBAN","state":"18","code":"18/22/11"}},{"type":"Feature","geometry":{"type":"Polygon","coordinates":[[[7.7288,11.0728],[7.7222,11.0753],[7.7179,11.0791],[7.7141,11.0798],[7.7115,11.0783],[7.7158,11.077],[7.7135,11.0743],[7.7153,11.072],[7.7117,11.0707],[7.7091,11.0678],[7.7089,11.0654],[7.711,11.0563],[7.7075,11.0533],[7.713,11.0501],[7.7139,11.0478],[7.7176,11.0439],[7.7224,11.0432],[7.7247,11.0476],[7.7284,11.0496],[7.7289,11.0569],[7.7339,11.0611],[7.7317,11.0655],[7.7286,11.0686],[7.7311,11.0702],[7.7288,11.0728]]]},"properties":{"name":"KWARBAI \"A\"","state":"18","code":"18/23/01"}},{"type":"Feature","geometry":{"type":"Polygon","coordinates":[[[7.7115,11.0783],[7.7059,11.0799],[7.7029,11.0749],[7.7011,11.0747],[7.6971,11.0653],[7.6992,11.0585],[7.7021,11.0592],[7.705,11.0552],[7.7075,11.0533],[7.711,11.0563],[7.7089,11.0654],[7.7091,11.0678],[7.7117,11.0707],[7.7153,11.072],[7.7135,11.0743],[7.7158,11.077],[7.7115,11.0783]]]},"properties":{"name":"KWARBAI \"B\"","state":"18","code":"18/23/02"}},{"type":"Feature","geometry":{"type":"Polygon","coordinates":[[[7.6971,11.0653],[7.6919,11.0623],[7.6936,11.0574],[7.6924,11.0548],[7.6867,11.0551],[7.6864,11.0513],[7.6916,11.0459],[7.6923,11.0521],[7.6949,11.0521],[7.697,11.0573],[7.6992,11.0585],[7.6971,11.0653]]]},"properties":{"name":"UNG. JUMA","state":"18","code":"18/23/03"}},{"type":"Feature","geometry":{"type":"Polygon","coordinates":[[[7.6992,11.0585],[7.697,11.0573],[7.6949,11.0521],[7.6923,11.0521],[7.6916,11.0459],[7.6929,11.0446],[7.7006,11.0412],[7.699,11.0495],[7.7026,11.0505],[7.705,11.0552],[7.7021,11.0592],[7.6992,11.0585]]]},"properties":{"name":"LIMANCIN-KONA","state":"18","code":"18/23/04"}},{"type":"Feature","geometry":{"type":"Polygon","coordinates":[[[7.7075,11.0533],[7.705,11.0552],[7.7026,11.0505],[7.699,11.0495],[7.7006,11.0412],[7.7086,11.039],[7.7193,11.0405],[7.7224,11.0432],[7.7176,11.0439],[7.7139,11.0478],[7.713,11.0501],[7.7075,11.0533]]]},"properties":{"name":"KAURA","state":"18","code":"18/23/05"}},{"type":"Feature","geometry":{"type":"Polygon","coordinates":[[[7.7179,11.0965],[7.7173,11.0969],[7.715,11.0935],[7.7143,11.0903],[7.7113,11.0881],[7.707,11.0831],[7.7059,11.0799],[7.7115,11.0783],[7.7141,11.0798],[7.7179,11.0791],[7.7222,11.0753],[7.7288,11.0728],[7.7277,11.0762],[7.7209,11.0789],[7.7225,11.0831],[7.7211,11.0846],[7.7245,11.088],[7.7252,11.092],[7.7282,11.0929],[7.727,11.0954],[7.7204,11.0941],[7.7179,11.0965]]]},"properties":{"name":"TUDUN WADA","state":"18","code":"18/23/06"}},{"type":"Feature","geometry":{"type":"Polygon","coordinates":[[[7.7282,11.0929],[7.7252,11.092],[7.7245,11.088],[7.7211,11.0846],[7.7225,11.0831],[7.7209,11.0789],[7.7277,11.0762],[7.7288,11.0728],[7.7311,11.0702],[7.7286,11.0686],[7.7317,11.0655],[7.7339,11.0611],[7.7289,11.0569],[7.7284,11.0496],[7.7247,11.0476],[7.7224,11.0432],[7.7193,11.0405],[7.7086,11.039],[7.7006,11.0412],[7.6929,11.0446],[7.6916,11.0459],[7.6864,11.0513],[7.6826,11.0539],[7.6806,11.0489],[7.6751,11.0474],[7.6785,11.0403],[7.678,11.0375],[7.681,11.0309],[7.6806,11.0269],[7.6837,11.0251],[7.6863,11.0262],[7.6884,11.0237],[7.6904,11.0242],[7.6928,11.0272],[7.6962,11.0256],[7.6975,11.0231],[7.7014,11.0231],[7.7058,11.0199],[7.7104,11.0217],[7.7137,11.0218],[7.7172,11.0206],[7.7213,11.023],[7.7252,11.0217],[7.7277,11.0252],[7.7328,11.0249],[7.737,11.0282],[7.736,11.0339],[7.7405,11.0389],[7.7386,11.0425],[7.7388,11.0458],[7.7437,11.0467],[7.7431,11.0507],[7.7474,11.0533],[7.7458,11.0574],[7.7491,11.0569],[7.75,11.0604],[7.7465,11.0611],[7.7463,11.0684],[7.7439,11.0681],[7.7404,11.0699],[7.7411,11.075],[7.7393,11.0761],[7.7368,11.0811],[7.7392,11.0852],[7.7388,11.0899],[7.731,11.0929],[7.7282,11.0929]]]},"properties":{"name":"GYALLESU","state":"18","code":"18/23/07"}},{"type":"Feature","geometry":{"type":"Polygon","coordinates":[[[7.7059,11.0799],[7.7027,11.0799],[7.695,11.0787],[7.6891,11.0769],[7.6887,11.0723],[7.6872,11.0672],[7.6869,11.062],[7.6846,11.0612],[7.6846,11.0583],[7.6826,11.0539],[7.6864,11.0513],[7.6867,11.0551],[7.6924,11.0548],[7.6936,11.0574],[7.6919,11.0623],[7.6971,11.0653],[7.7011,11.0747],[7.7029,11.0749],[7.7059,11.0799]]]},"properties":{"name":"UNG. FATIKA","state":"18","code":"18/23/08"}},{"type":"Feature","geometry":{"type":"Polygon","coordinates":[[[7.6953,11.1112],[7.6939,11.1046],[7.6904,11.1038],[7.6873,11.0931],[7.6887,11.0896],[7.6875,11.0806],[7.6851,11.0734],[7.6887,11.0723],[7.6891,11.0769],[7.695,11.0787],[7.7027,11.0799],[7.7059,11.0799],[7.707,11.0831],[7.7113,11.0881],[7.7143,11.0903],[7.715,11.0935],[7.7173,11.0969],[7.7108,11.1006],[7.71,11.1037],[7.7063,11.1077],[7.703,11.1063],[7.698,11.111],[7.6953,11.1112]]]},"properties":{"name":"TUKUR TUKUR","state":"18","code":"18/23/09"}},{"type":"Feature","geometry":{"type":"Polygon","coordinates":[[[7.743,11.1152],[7.7453,11.1156],[7.7495,11.1128],[7.7521,11.1128],[7.7526,11.1093],[7.7465,11.1057],[7.7467,11.1034],[7.7494,11.1012],[7.7471,11.0986],[7.7509,11.0968],[7.7509,11.0936],[7.7478,11.0859],[7.744,11.0854],[7.7413,11.0834],[7.7392,11.0852],[7.7368,11.0811],[7.7393,11.0761],[7.7411,11.075],[7.7404,11.0699],[7.7439,11.0681],[7.7463,11.0684],[7.7465,11.0611],[7.75,11.0604],[7.7491,11.0569],[7.7522,11.0513],[7.7546,11.0489],[7.7621,11.0482],[7.768,11.0465],[7.7726,11.0464],[7.7744,11.0431],[7.7771,11.0419],[7.7824,11.0452],[7.7858,11.0406],[7.793,11.0402],[7.7958,11.0381],[7.8027,11.0366],[7.8043,11.0406],[7.8094,11.0421],[7.8187,11.0424],[7.8139,11.0488],[7.8128,11.0586],[7.8113,11.0619],[7.8142,11.0696],[7.8173,11.0747],[7.8153,11.0812],[7.8126,11.0818],[7.8071,11.0854],[7.8044,11.0863],[7.8033,11.0895],[7.8051,11.0906],[7.8051,11.0958],[7.8061,11.1006],[7.8046,11.1034],[7.8043,11.1074],[7.7994,11.1138],[7.7974,11.1169],[7.7903,11.1132],[7.7874,11.1128],[7.7818,11.1136],[7.7775,11.1151],[7.7769,11.121],[7.7757,11.1257],[7.7739,11.1283],[7.7747,11.1339],[7.7725,11.1356],[7.7672,11.1363],[7.7605,11.1346],[7.759,11.1351],[7.7534,11.1322],[7.7488,11.1334],[7.7477,11.1314],[7.7495,11.1263],[7.7473,11.1236],[7.7459,11.1205],[7.741,11.1195],[7.743,11.1152]]]},"properties":{"name":"DAMBO","state":"18","code":"18/23/10"}},{"type":"Feature","geometry":{"type":"Polygon","coordinates":[[[7.7751,10.9259],[7.7781,10.9225],[7.7757,10.9196],[7.779,10.919],[7.7803,10.9163],[7.7848,10.9198],[7.7875,10.9185],[7.7925,10.9211],[7.7945,10.9249],[7.7992,10.9265],[7.7993,10.9288],[7.8051,10.9317],[7.8075,10.935],[7.8099,10.9359],[7.8083,10.9462],[7.8119,10.9531],[7.8168,10.9574],[7.8179,10.9619],[7.8239,10.9648],[7.8274,10.9682],[7.8254,10.9703],[7.8233,10.9751],[7.8144,10.9789],[7.8133,10.9808],[7.8069,10.9842],[7.8057,10.9856],[7.8008,10.9838],[7.7985,10.99],[7.7994,10.9922],[7.7979,10.9958],[7.7981,11.0043],[7.7994,11.0061],[7.799,11.0103],[7.7971,11.013],[7.8036,11.0219],[7.8024,11.0262],[7.8081,11.0272],[7.8066,11.0334],[7.8027,11.0366],[7.7958,11.0381],[7.793,11.0402],[7.7858,11.0406],[7.7824,11.0452],[7.7771,11.0419],[7.7744,11.0431],[7.7726,11.0464],[7.768,11.0465],[7.7621,11.0482],[7.7546,11.0489],[7.7522,11.0513],[7.7491,11.0569],[7.7458,11.0574],[7.7474,11.0533],[7.7431,11.0507],[7.7437,11.0467],[7.7388,11.0458],[7.7386,11.0425],[7.7405,11.0389],[7.736,11.0339],[7.737,11.0282],[7.7328,11.0249],[7.7277,11.0252],[7.7252,11.0217],[7.7213,11.023],[7.7172,11.0206],[7.7137,11.0218],[7.7146,11.0166],[7.7125,11.0099],[7.7069,11.009],[7.7089,11.0058],[7.7121,11.0052],[7.7186,11.0026],[7.7209,10.9982],[7.721,10.9923],[7.7219,10.9879],[7.7298,10.9869],[7.7323,10.9858],[7.7348,10.9823],[7.7364,10.9827],[7.7394,10.9773],[7.7458,10.979],[7.7532,10.9779],[7.7566,10.9788],[7.7594,10.9808],[7.7625,10.9732],[7.7656,10.9732],[7.7617,10.9686],[7.7641,10.9653],[7.765,10.9595],[7.7682,10.9552],[7.7717,10.9566],[7.7742,10.9545],[7.7725,10.9519],[7.7733,10.9485],[7.7717,10.946],[7.7722,10.9417],[7.778,10.9434],[7.7752,10.9381],[7.777,10.9357],[7.7761,10.9307],[7.7779,10.9271],[7.7751,10.9259]]]},"properties":{"name":"WUCICCIRI","state":"18","code":"18/23/11"}},{"type":"Feature","geometry":{"type":"Polygon","coordinates":[[[7.5217,10.9726],[7.5271,10.9754],[7.529,10.9733],[7.5341,10.9782],[7.5441,10.9835],[7.5451,10.986],[7.5479,10.9882],[7.554,10.9885],[7.5627,10.9931],[7.5654,10.9931],[7.5678,10.9961],[7.5708,10.9974],[7.5728,11.0054],[7.5731,11.0105],[7.577,11.0091],[7.5796,11.0095],[7.5858,11.0129],[7.5906,11.0085],[7.5967,11.0068],[7.6025,11.0065],[7.6056,11.0017],[7.6079,10.9965],[7.6132,10.9976],[7.6196,10.9952],[7.6246,10.9941],[7.6302,10.9868],[7.6281,10.9824],[7.6275,10.9715],[7.6281,10.9701],[7.6371,10.9724],[7.6416,10.9757],[7.6441,10.9733],[7.6467,10.9731],[7.6481,10.9752],[7.6555,10.9771],[7.6563,10.9877],[7.6577,10.9918],[7.6625,10.994],[7.6656,10.9985],[7.6683,11.0003],[7.6794,10.9947],[7.6798,10.9884],[7.6825,10.9884],[7.6908,10.9859],[7.6963,10.983],[7.7003,10.9829],[7.704,10.9807],[7.7067,10.9829],[7.7117,10.9832],[7.7164,10.9819],[7.7208,10.9782],[7.722,10.9714],[7.7252,10.9641],[7.7287,10.963],[7.7356,10.9625],[7.7405,10.9631],[7.7455,10.966],[7.7469,10.9696],[7.7519,10.9706],[7.7536,10.9749],[7.7532,10.9779],[7.7458,10.979],[7.7394,10.9773],[7.7364,10.9827],[7.7348,10.9823],[7.7323,10.9858],[7.7298,10.9869],[7.7219,10.9879],[7.721,10.9923],[7.7209,10.9982],[7.7186,11.0026],[7.7121,11.0052],[7.7089,11.0058],[7.7069,11.009],[7.7125,11.0099],[7.7146,11.0166],[7.7137,11.0218],[7.7104,11.0217],[7.7058,11.0199],[7.7014,11.0231],[7.6975,11.0231],[7.6962,11.0256],[7.6928,11.0272],[7.6904,11.0242],[7.6884,11.0237],[7.6863,11.0262],[7.6837,11.0251],[7.6806,11.0269],[7.681,11.0309],[7.678,11.0375],[7.6785,11.0403],[7.6751,11.0474],[7.6667,11.0465],[7.6652,11.054],[7.6611,11.0593],[7.6557,11.061],[7.6529,11.0663],[7.6479,11.0662],[7.6429,11.0678],[7.642,11.0702],[7.6371,11.0728],[7.6328,11.076],[7.6274,11.0788],[7.6215,11.0797],[7.6184,11.084],[7.6143,11.0833],[7.6127,11.0845],[7.6089,11.0823],[7.6042,11.0832],[7.6009,11.082],[7.6046,11.0733],[7.6047,11.0713],[7.6073,11.0685],[7.6119,11.0659],[7.6081,11.0645],[7.6018,11.0636],[7.5969,11.0656],[7.5897,11.0652],[7.5877,11.0695],[7.5831,11.0665],[7.5808,11.0664],[7.5754,11.0615],[7.5711,11.0599],[7.5689,11.0662],[7.5636,11.0661],[7.5601,11.0601],[7.555,11.0587],[7.5489,11.0522],[7.5479,11.0481],[7.5452,11.0454],[7.5374,11.0459],[7.5312,11.0454],[7.5301,11.0493],[7.5261,11.0581],[7.5218,11.0635],[7.5174,11.0615],[7.5076,11.0581],[7.5039,11.0543],[7.4996,11.0513],[7.4953,11.0517],[7.4922,11.0507],[7.4912,11.0459],[7.492,11.0434],[7.4878,11.0377],[7.4882,11.0324],[7.4863,11.0273],[7.492,11.0236],[7.5008,11.0224],[7.5127,11.0195],[7.5117,11.0155],[7.5131,11.0061],[7.5142,11.0035],[7.51,10.9987],[7.5117,10.9956],[7.5158,10.9913],[7.519,10.9892],[7.52,10.9763],[7.5217,10.9726]]]},"properties":{"name":"DUTSEN ABBA","state":"18","code":"18/23/12"}},{"type":"Feature","geometry":{"type":"Polygon","coordinates":[[[7.6184,11.084],[7.6215,11.0797],[7.6274,11.0788],[7.6328,11.076],[7.6371,11.0728],[7.642,11.0702],[7.6429,11.0678],[7.6479,11.0662],[7.6529,11.0663],[7.6557,11.061],[7.6611,11.0593],[7.6652,11.054],[7.6667,11.0465],[7.6751,11.0474],[7.6806,11.0489],[7.6826,11.0539],[7.6846,11.0583],[7.6846,11.0612],[7.6869,11.062],[7.6872,11.0672],[7.6887,11.0723],[7.6851,11.0734],[7.6875,11.0806],[7.6887,11.0896],[7.6873,11.0931],[7.6904,11.1038],[7.6939,11.1046],[7.6953,11.1112],[7.6891,11.1103],[7.6838,11.1174],[7.6784,11.1177],[7.6772,11.1227],[7.676,11.1241],[7.675,11.1267],[7.6709,11.1278],[7.6674,11.1244],[7.6653,11.1198],[7.6619,11.117],[7.6579,11.1168],[7.6552,11.1254],[7.6522,11.1288],[7.6513,11.1338],[7.6493,11.1338],[7.6444,11.1307],[7.6398,11.1225],[7.6464,11.1186],[7.6478,11.1169],[7.6484,11.1078],[7.6415,11.1034],[7.635,11.1039],[7.6323,11.1023],[7.6352,11.0966],[7.6332,11.0949],[7.6343,11.0927],[7.6329,11.0859],[7.6208,11.0831],[7.6184,11.084]]]},"properties":{"name":"KUFENA","state":"18","code":"18/23/13"}}]}