{"type":"FeatureCollection","features":[{"type":"Feature","geometry":{"type":"Polygon","coordinates":[[[9.0624,11.9763],[9.0589,11.9804],[9.0538,11.9898],[9.0476,11.9887],[9.0451,11.9929],[9.0411,11.9971],[9.0385,11.9968],[9.037,11.9914],[9.0328,11.9851],[9.0305,11.9776],[9.0254,11.9754],[9.0218,11.9758],[9.0169,11.9763],[9.0047,11.9739],[9.0034,11.973],[9.0053,11.9693],[9.0165,11.9693],[9.0183,11.9648],[9.0224,11.9614],[9.0236,11.9583],[9.0285,11.9594],[9.0322,11.9632],[9.0391,11.9606],[9.0415,11.9635],[9.0514,11.9718],[9.0561,11.9741],[9.0624,11.9763]]]},"properties":{"name":"AJINGI","state":"19","code":"19/01/01"}},{"type":"Feature","geometry":{"type":"Polygon","coordinates":[[[8.9635,12.0092],[8.9596,12.0123],[8.9593,12.0194],[8.9515,12.018],[8.9459,12.0179],[8.9423,12.0198],[8.9393,12.0237],[8.9397,12.0338],[8.9387,12.0367],[8.9345,12.0414],[8.9296,12.0487],[8.9229,12.0412],[8.9207,12.0404],[8.9089,12.038],[8.9067,12.0363],[8.9024,12.0326],[8.8983,12.0269],[8.8966,12.018],[8.8964,12.014],[8.8934,12.007],[8.8893,12.0036],[8.889,12.0019],[8.8831,11.9978],[8.8822,11.9962],[8.8846,11.9929],[8.8881,11.9907],[8.8898,11.9866],[8.8944,11.9838],[8.8964,11.9783],[8.8945,11.9719],[8.9013,11.9699],[8.9023,11.9678],[8.9066,11.9631],[8.9121,11.9674],[8.9164,11.9636],[8.9203,11.9641],[8.9235,11.9667],[8.9288,11.9675],[8.9332,11.9645],[8.9354,11.9606],[8.938,11.9613],[8.9443,11.9605],[8.946,11.9616],[8.9396,11.9695],[8.936,11.9759],[8.9338,11.985],[8.9377,11.9891],[8.9426,11.9884],[8.9531,11.9852],[8.9547,11.9857],[8.9549,11.9942],[8.9605,11.9973],[8.964,12.0009],[8.9664,12.005],[8.9635,12.0092]]]},"properties":{"name":"BALARE","state":"19","code":"19/01/02"}},{"type":"Feature","geometry":{"type":"Polygon","coordinates":[[[9.0218,11.9758],[9.0066,11.9948],[9.0044,11.9979],[9.0063,12.0074],[9.0063,12.011],[9.0015,12.0191],[8.9942,12.0271],[8.9835,12.0245],[8.978,12.022],[8.9759,12.0138],[8.9669,12.0111],[8.9635,12.0092],[8.9664,12.005],[8.964,12.0009],[8.9605,11.9973],[8.9549,11.9942],[8.9547,11.9857],[8.9531,11.9852],[8.9426,11.9884],[8.9377,11.9891],[8.9338,11.985],[8.936,11.9759],[8.9396,11.9695],[8.946,11.9616],[8.9527,11.9627],[8.9579,11.9608],[8.965,11.966],[8.9686,11.9657],[8.9719,11.9637],[8.9718,11.9608],[8.9749,11.956],[8.9774,11.9561],[8.9812,11.9586],[8.9819,11.968],[8.9801,11.9726],[8.9866,11.9746],[8.991,11.9771],[8.9925,11.9757],[9.0034,11.973],[9.0047,11.9739],[9.0169,11.9763],[9.0218,11.9758]]]},"properties":{"name":"CHULA","state":"19","code":"19/01/03"}},{"type":"Feature","geometry":{"type":"Polygon","coordinates":[[[8.8822,11.9962],[8.8803,11.9952],[8.8789,11.9911],[8.8739,11.9878],[8.873,11.9854],[8.8674,11.981],[8.8655,11.9759],[8.8644,11.9666],[8.8654,11.9642],[8.8648,11.9605],[8.8687,11.9553],[8.8681,11.9534],[8.8628,11.9541],[8.8621,11.9507],[8.8646,11.9476],[8.861,11.9441],[8.861,11.9415],[8.864,11.9393],[8.8649,11.9368],[8.8644,11.9324],[8.8665,11.927],[8.8688,11.9237],[8.8658,11.9195],[8.8687,11.9182],[8.8771,11.9179],[8.8824,11.9188],[8.8848,11.9206],[8.89,11.9222],[8.8949,11.9201],[8.9014,11.9193],[8.9037,11.9224],[8.9134,11.9243],[8.9234,11.9305],[8.9278,11.9305],[8.9307,11.9331],[8.9403,11.9365],[8.9429,11.9386],[8.9499,11.9381],[8.9543,11.9384],[8.957,11.9468],[8.9539,11.9516],[8.946,11.9616],[8.9443,11.9605],[8.938,11.9613],[8.9354,11.9606],[8.9332,11.9645],[8.9288,11.9675],[8.9235,11.9667],[8.9203,11.9641],[8.9164,11.9636],[8.9121,11.9674],[8.9066,11.9631],[8.9023,11.9678],[8.9013,11.9699],[8.8945,11.9719],[8.8964,11.9783],[8.8944,11.9838],[8.8898,11.9866],[8.8881,11.9907],[8.8846,11.9929],[8.8822,11.9962]]]},"properties":{"name":"DABIN KANAWA","state":"19","code":"19/01/04"}},{"type":"Feature","geometry":{"type":"Polygon","coordinates":[[[9.0034,11.973],[8.9925,11.9757],[8.991,11.9771],[8.9866,11.9746],[8.9801,11.9726],[8.9819,11.968],[8.9812,11.9586],[8.9774,11.9561],[8.9749,11.956],[8.9718,11.9608],[8.9719,11.9637],[8.9686,11.9657],[8.965,11.966],[8.9579,11.9608],[8.9527,11.9627],[8.946,11.9616],[8.9539,11.9516],[8.957,11.9468],[8.9585,11.9481],[8.9638,11.946],[8.967,11.946],[8.9695,11.9379],[8.9744,11.9381],[8.9757,11.9314],[8.978,11.931],[8.9814,11.933],[8.9842,11.9374],[8.9892,11.9343],[8.997,11.9261],[9.0019,11.9273],[9.0074,11.9355],[9.0082,11.938],[9.0173,11.9382],[9.0225,11.935],[9.0268,11.9332],[9.03,11.9301],[9.0299,11.9273],[9.0363,11.9268],[9.0381,11.9239],[9.0364,11.9209],[9.0373,11.9163],[9.0458,11.917],[9.0492,11.9161],[9.0581,11.9178],[9.0633,11.9169],[9.0687,11.9222],[9.0702,11.9257],[9.0726,11.928],[9.0784,11.9313],[9.0759,11.9359],[9.0731,11.938],[9.0704,11.9431],[9.0677,11.9432],[9.0578,11.9468],[9.0554,11.9462],[9.052,11.9472],[9.0514,11.9554],[9.0487,11.9615],[9.0415,11.9635],[9.0391,11.9606],[9.0322,11.9632],[9.0285,11.9594],[9.0236,11.9583],[9.0224,11.9614],[9.0183,11.9648],[9.0165,11.9693],[9.0053,11.9693],[9.0034,11.973]]]},"properties":{"name":"DUNDUN","state":"19","code":"19/01/05"}},{"type":"Feature","geometry":{"type":"Polygon","coordinates":[[[9.2137,11.9788],[9.2125,11.9813],[9.2074,11.9808],[9.2071,11.9774],[9.2022,11.9778],[9.1984,11.9757],[9.1947,11.9756],[9.1907,11.9732],[9.1877,11.9744],[9.186,11.9725],[9.1797,11.9708],[9.1754,11.9728],[9.1725,11.9715],[9.1715,11.9738],[9.1748,11.9764],[9.172,11.9778],[9.1654,11.9743],[9.1621,11.9755],[9.1653,11.9901],[9.1635,11.9898],[9.1622,11.9972],[9.1572,11.9963],[9.1568,12.0006],[9.1538,12.0064],[9.1494,12.0085],[9.1468,12.0127],[9.1475,12.0156],[9.1461,12.0194],[9.1467,12.0226],[9.1443,12.0262],[9.1333,12.0353],[9.1118,12.0282],[9.0983,12.0229],[9.0855,12.0272],[9.0853,12.0157],[9.0791,12.0091],[9.0765,12.0043],[9.0804,12.0034],[9.0818,11.9952],[9.0797,11.9885],[9.0835,11.9854],[9.0886,11.9763],[9.0867,11.9726],[9.0895,11.9702],[9.0901,11.9661],[9.0955,11.9633],[9.0966,11.9655],[9.1023,11.9719],[9.1063,11.9687],[9.1093,11.9647],[9.1153,11.9675],[9.1203,11.9678],[9.1226,11.9665],[9.134,11.9662],[9.1356,11.9632],[9.145,11.9692],[9.1478,11.9686],[9.1549,11.9714],[9.1565,11.9673],[9.1586,11.966],[9.1524,11.9629],[9.1501,11.9654],[9.1484,11.9625],[9.1494,11.9593],[9.1446,11.9559],[9.1443,11.9524],[9.146,11.95],[9.1412,11.9474],[9.149,11.9394],[9.1565,11.9379],[9.1612,11.9364],[9.1629,11.9306],[9.1673,11.9245],[9.1694,11.9246],[9.1781,11.9193],[9.1772,11.9027],[9.1845,11.9033],[9.1901,11.901],[9.1946,11.8968],[9.1984,11.8964],[9.2005,11.8992],[9.2021,11.9047],[9.2027,11.9108],[9.207,11.9242],[9.2075,11.9388],[9.207,11.9565],[9.201,11.9619],[9.2052,11.968],[9.2092,11.972],[9.2109,11.9756],[9.2137,11.9788]]]},"properties":{"name":"GAFASA","state":"19","code":"19/01/06"}},{"type":"Feature","geometry":{"type":"Polygon","coordinates":[[[8.9384,12.0634],[8.9369,12.0604],[8.9372,12.0575],[8.9296,12.0487],[8.9345,12.0414],[8.9387,12.0367],[8.9397,12.0338],[8.9393,12.0237],[8.9423,12.0198],[8.9459,12.0179],[8.9515,12.018],[8.9593,12.0194],[8.9596,12.0123],[8.9635,12.0092],[8.9669,12.0111],[8.9759,12.0138],[8.978,12.022],[8.9835,12.0245],[8.9942,12.0271],[8.983,12.0396],[8.9784,12.0464],[8.9755,12.0472],[8.9664,12.0463],[8.9655,12.0501],[8.9673,12.0542],[8.9702,12.0584],[8.9647,12.0664],[8.9662,12.0682],[8.9649,12.0723],[8.9645,12.0773],[8.9625,12.081],[8.9574,12.0785],[8.9488,12.0755],[8.942,12.0692],[8.9417,12.0644],[8.9384,12.0634]]]},"properties":{"name":"GURDUBA","state":"19","code":"19/01/07"}},{"type":"Feature","geometry":{"type":"Polygon","coordinates":[[[9.0415,11.9635],[9.0487,11.9615],[9.0514,11.9554],[9.052,11.9472],[9.0554,11.9462],[9.0578,11.9468],[9.0677,11.9432],[9.0704,11.9431],[9.0731,11.938],[9.0759,11.9359],[9.0784,11.9313],[9.0726,11.928],[9.0702,11.9257],[9.0687,11.9222],[9.0633,11.9169],[9.068,11.9151],[9.0675,11.912],[9.07,11.9055],[9.0793,11.9044],[9.0828,11.9091],[9.0879,11.9065],[9.0945,11.9057],[9.0972,11.9036],[9.1019,11.9032],[9.1034,11.9011],[9.1007,11.8979],[9.1028,11.898],[9.1043,11.9012],[9.104,11.9067],[9.1083,11.9119],[9.1082,11.9148],[9.1113,11.9157],[9.1152,11.9207],[9.116,11.9282],[9.1184,11.9302],[9.1166,11.9321],[9.1243,11.9369],[9.1261,11.9385],[9.1288,11.9467],[9.1305,11.9477],[9.1298,11.9529],[9.1278,11.9556],[9.1291,11.9598],[9.1317,11.9636],[9.1356,11.9632],[9.134,11.9662],[9.1226,11.9665],[9.1203,11.9678],[9.1153,11.9675],[9.1093,11.9647],[9.1063,11.9687],[9.1023,11.9719],[9.0966,11.9655],[9.0955,11.9633],[9.0901,11.9661],[9.0895,11.9702],[9.0867,11.9726],[9.0886,11.9763],[9.0835,11.9854],[9.0797,11.9885],[9.0818,11.9952],[9.0804,12.0034],[9.0765,12.0043],[9.0744,11.998],[9.072,11.9942],[9.0696,11.9871],[9.0658,11.9831],[9.0642,11.9783],[9.0624,11.9763],[9.0561,11.9741],[9.0514,11.9718],[9.0415,11.9635]]]},"properties":{"name":"KUNKURAWA","state":"19","code":"19/01/08"}},{"type":"Feature","geometry":{"type":"MultiPolygon","coordinates":[[[[9.1356,11.9632],[9.1317,11.9636],[9.1291,11.9598],[9.1278,11.9556],[9.1298,11.9529],[9.1305,11.9477],[9.1288,11.9467],[9.1261,11.9385],[9.1243,11.9369],[9.1166,11.9321],[9.1184,11.9302],[9.116,11.9282],[9.1152,11.9207],[9.1113,11.9157],[9.1082,11.9148],[9.1083,11.9119],[9.104,11.9067],[9.1043,11.9012],[9.1028,11.898],[9.1007,11.8979],[9.099,11.8961],[9.0966,11.8887],[9.0961,11.8841],[9.0939,11.8783],[9.0909,11.8756],[9.0876,11.8749],[9.0861,11.8674],[9.0881,11.8663],[9.086,11.8631],[9.0866,11.8601],[9.0842,11.8579],[9.0861,11.856],[9.0907,11.8556],[9.0931,11.8539],[9.0967,11.8544],[9.0999,11.852],[9.0998,11.8495],[9.1101,11.8514],[9.1121,11.8465],[9.117,11.8442],[9.1196,11.8443],[9.1225,11.8411],[9.1268,11.8391],[9.1302,11.8391],[9.1341,11.8373],[9.1394,11.8378],[9.1401,11.8357],[9.1444,11.8314],[9.1551,11.8349],[9.154,11.8394],[9.157,11.8441],[9.1581,11.8509],[9.162,11.8519],[9.1644,11.8548],[9.1618,11.8566],[9.1551,11.8582],[9.1564,11.8636],[9.1617,11.8667],[9.1627,11.8685],[9.1626,11.8757],[9.165,11.8775],[9.1645,11.8814],[9.1724,11.8884],[9.1766,11.8896],[9.1755,11.8923],[9.1744,11.901],[9.1772,11.9027],[9.1781,11.9193],[9.1694,11.9246],[9.1673,11.9245],[9.1629,11.9306],[9.1612,11.9364],[9.1565,11.9379],[9.149,11.9394],[9.1412,11.9474],[9.146,11.95],[9.1443,11.9524],[9.1446,11.9559],[9.1494,11.9593],[9.1484,11.9625],[9.1501,11.9654],[9.1524,11.9629],[9.1586,11.966],[9.1565,11.9673],[9.1549,11.9714],[9.1478,11.9686],[9.145,11.9692],[9.1356,11.9632]]],[[[9.2139,11.979],[9.223,11.9896],[9.228,12.0144],[9.224,12.0262],[9.2203,12.0321],[9.2185,12.0405],[9.2133,12.055],[9.2067,12.0617],[9.2004,12.0683],[9.1987,12.0828],[9.1938,12.0846],[9.1878,12.0854],[9.1819,12.0854],[9.1723,12.0798],[9.1579,12.0688],[9.1565,12.0681],[9.1528,12.0548],[9.1478,12.0488],[9.1455,12.0394],[9.1519,12.0276],[9.1492,12.02],[9.1467,12.0226],[9.1461,12.0194],[9.1475,12.0156],[9.1468,12.0127],[9.1494,12.0085],[9.1538,12.0064],[9.1568,12.0006],[9.1572,11.9963],[9.1622,11.9972],[9.1635,11.9898],[9.1653,11.9901],[9.1621,11.9755],[9.1654,11.9743],[9.172,11.9778],[9.1748,11.9764],[9.1715,11.9738],[9.1725,11.9715],[9.1754,11.9728],[9.1797,11.9708],[9.186,11.9725],[9.1877,11.9744],[9.1907,11.9732],[9.1947,11.9756],[9.1984,11.9757],[9.2022,11.9778],[9.2071,11.9774],[9.2074,11.9808],[9.2125,11.9813],[9.2137,11.9788],[9.2139,11.979]]]]},"properties":{"name":"TORANKE","state":"19","code":"19/01/09"}},{"type":"Feature","geometry":{"type":"Polygon","coordinates":[[[8.9625,12.081],[8.9645,12.0773],[8.9649,12.0723],[8.9662,12.0682],[8.9647,12.0664],[8.9702,12.0584],[8.9673,12.0542],[8.9655,12.0501],[8.9664,12.0463],[8.9755,12.0472],[8.9784,12.0464],[8.983,12.0396],[8.9942,12.0271],[9.0015,12.0191],[9.0063,12.011],[9.0063,12.0074],[9.0044,11.9979],[9.0066,11.9948],[9.0218,11.9758],[9.0254,11.9754],[9.0305,11.9776],[9.0328,11.9851],[9.037,11.9914],[9.0385,11.9968],[9.0411,11.9971],[9.0451,11.9929],[9.0476,11.9887],[9.0538,11.9898],[9.0589,11.9804],[9.0624,11.9763],[9.0642,11.9783],[9.0658,11.9831],[9.0696,11.9871],[9.072,11.9942],[9.0744,11.998],[9.0765,12.0043],[9.0791,12.0091],[9.0853,12.0157],[9.0855,12.0272],[9.0828,12.0328],[9.0825,12.0366],[9.0837,12.0386],[9.0815,12.0462],[9.078,12.0462],[9.0781,12.0517],[9.0741,12.0735],[9.0466,12.074],[9.0438,12.0757],[9.0119,12.0686],[9.0098,12.0641],[9.0074,12.0627],[8.996,12.0644],[8.9885,12.0684],[8.9869,12.0707],[8.9851,12.0798],[8.978,12.0838],[8.9725,12.0844],[8.9625,12.081]]]},"properties":{"name":"UNGAWAR BAI","state":"19","code":"19/01/10"}},{"type":"Feature","geometry":{"type":"Polygon","coordinates":[[[9.1657,11.7066],[9.1568,11.703],[9.1502,11.7011],[9.1437,11.7011],[9.1403,11.6998],[9.1295,11.6996],[9.1278,11.6973],[9.1249,11.7014],[9.12,11.7016],[9.1183,11.7034],[9.112,11.7063],[9.1039,11.7076],[9.1021,11.7064],[9.0984,11.7099],[9.0886,11.7096],[9.0885,11.7131],[9.0857,11.7171],[9.0809,11.7201],[9.0803,11.7229],[9.0752,11.7298],[9.0758,11.7328],[9.0726,11.731],[9.0736,11.7277],[9.073,11.7249],[9.0752,11.7234],[9.0778,11.7137],[9.0783,11.7095],[9.076,11.7056],[9.0756,11.7001],[9.0763,11.6956],[9.0763,11.6888],[9.0834,11.6863],[9.0901,11.6805],[9.097,11.6772],[9.0982,11.6747],[9.0946,11.6715],[9.0942,11.6693],[9.0974,11.6644],[9.0986,11.6609],[9.1125,11.6568],[9.1204,11.6572],[9.1251,11.656],[9.125,11.6524],[9.1311,11.6533],[9.1487,11.6515],[9.1511,11.6506],[9.157,11.6512],[9.161,11.652],[9.1652,11.655],[9.1695,11.6559],[9.1747,11.6552],[9.177,11.6582],[9.1803,11.6651],[9.1839,11.6675],[9.1862,11.6728],[9.1878,11.6744],[9.1885,11.683],[9.186,11.6881],[9.192,11.6991],[9.1968,11.7013],[9.1923,11.7046],[9.19,11.7028],[9.1833,11.7013],[9.1802,11.6996],[9.1768,11.7041],[9.1712,11.7026],[9.1657,11.7066]]]},"properties":{"name":"ALBASU CENTRAL","state":"19","code":"19/02/01"}},{"type":"Feature","geometry":{"type":"Polygon","coordinates":[[[9.0741,11.6852],[9.0698,11.6849],[9.0636,11.6908],[9.0581,11.6931],[9.0507,11.6917],[9.0477,11.6922],[9.0438,11.6906],[9.0358,11.6907],[9.0306,11.6913],[9.0266,11.6901],[9.0208,11.6903],[9.0155,11.6917],[9.0108,11.6886],[9.008,11.6844],[8.9999,11.6787],[8.9952,11.6741],[8.9958,11.6646],[8.9948,11.6557],[8.9925,11.6492],[8.9931,11.6434],[8.9948,11.6405],[8.9957,11.6307],[8.9948,11.6287],[9.0006,11.6269],[9.0053,11.6285],[9.0093,11.6284],[9.0166,11.627],[9.0213,11.627],[9.0285,11.6286],[9.0306,11.6308],[9.033,11.6357],[9.0359,11.6385],[9.0383,11.638],[9.0412,11.6408],[9.0446,11.6418],[9.0507,11.6416],[9.0533,11.6398],[9.0558,11.6403],[9.06,11.6459],[9.0605,11.6483],[9.065,11.652],[9.0654,11.6579],[9.0691,11.6622],[9.0691,11.6653],[9.0659,11.6687],[9.0645,11.6771],[9.0654,11.6796],[9.0693,11.6825],[9.0736,11.6814],[9.0741,11.6852]]]},"properties":{"name":"BATAIYA","state":"19","code":"19/02/02"}},{"type":"Feature","geometry":{"type":"Polygon","coordinates":[[[9.0763,11.6888],[9.0741,11.6852],[9.0736,11.6814],[9.0693,11.6825],[9.0654,11.6796],[9.0645,11.6771],[9.0659,11.6687],[9.0691,11.6653],[9.0691,11.6622],[9.0654,11.6579],[9.0704,11.6591],[9.0729,11.6579],[9.0779,11.6535],[9.0795,11.6435],[9.0812,11.6397],[9.0798,11.635],[9.0812,11.6331],[9.084,11.6335],[9.0873,11.6359],[9.0891,11.6335],[9.0926,11.6342],[9.0994,11.6323],[9.099,11.6274],[9.1006,11.6237],[9.1079,11.6248],[9.1107,11.6316],[9.1124,11.6325],[9.1187,11.6386],[9.1243,11.6379],[9.1269,11.6397],[9.1261,11.6488],[9.125,11.6524],[9.1251,11.656],[9.1204,11.6572],[9.1125,11.6568],[9.0986,11.6609],[9.0974,11.6644],[9.0942,11.6693],[9.0946,11.6715],[9.0982,11.6747],[9.097,11.6772],[9.0901,11.6805],[9.0834,11.6863],[9.0763,11.6888]]]},"properties":{"name":"CHAMARANA","state":"19","code":"19/02/03"}},{"type":"Feature","geometry":{"type":"Polygon","coordinates":[[[9.2446,11.6785],[9.2436,11.683],[9.2461,11.6861],[9.2437,11.6897],[9.2486,11.6902],[9.2489,11.6967],[9.2464,11.7024],[9.2258,11.7357],[9.2025,11.7305],[9.193,11.7206],[9.1921,11.7172],[9.1873,11.7119],[9.1818,11.71],[9.1826,11.7073],[9.1768,11.7041],[9.1802,11.6996],[9.1833,11.7013],[9.19,11.7028],[9.1923,11.7046],[9.1968,11.7013],[9.192,11.6991],[9.186,11.6881],[9.1885,11.683],[9.1878,11.6744],[9.1862,11.6728],[9.1839,11.6675],[9.1803,11.6651],[9.1827,11.6586],[9.1868,11.6548],[9.19,11.6534],[9.1916,11.6502],[9.1918,11.6455],[9.1885,11.642],[9.1907,11.6401],[9.1954,11.638],[9.1992,11.6398],[9.199,11.6422],[9.2011,11.6443],[9.2023,11.6517],[9.2061,11.6507],[9.2113,11.6508],[9.2157,11.6545],[9.2209,11.6573],[9.2191,11.6617],[9.2227,11.6634],[9.2338,11.6647],[9.2352,11.6726],[9.2327,11.6757],[9.2339,11.6797],[9.2446,11.6785]]]},"properties":{"name":"DAHO","state":"19","code":"19/02/04"}},{"type":"Feature","geometry":{"type":"Polygon","coordinates":[[[9.0285,11.6286],[9.03,11.6274],[9.0329,11.6203],[9.032,11.6158],[9.0259,11.6054],[9.0203,11.602],[9.0205,11.5987],[9.0229,11.5955],[9.0221,11.5894],[9.0237,11.584],[9.0212,11.5839],[9.0236,11.5765],[9.022,11.574],[9.0238,11.5714],[9.0244,11.5682],[9.0223,11.5619],[9.0267,11.5627],[9.0282,11.559],[9.0315,11.5565],[9.0307,11.5527],[9.036,11.5476],[9.0366,11.5452],[9.0465,11.5515],[9.0509,11.5509],[9.0554,11.5519],[9.0593,11.5497],[9.0638,11.552],[9.0675,11.552],[9.07,11.5533],[9.0732,11.5523],[9.0738,11.557],[9.0722,11.5615],[9.0676,11.5615],[9.0621,11.564],[9.0594,11.567],[9.0587,11.5707],[9.0611,11.5761],[9.0639,11.5748],[9.0641,11.5833],[9.0674,11.587],[9.0679,11.5936],[9.071,11.5966],[9.0755,11.6078],[9.0782,11.6104],[9.0782,11.6142],[9.0813,11.615],[9.0899,11.6194],[9.0972,11.625],[9.099,11.6274],[9.0994,11.6323],[9.0926,11.6342],[9.0891,11.6335],[9.0873,11.6359],[9.084,11.6335],[9.0812,11.6331],[9.0798,11.635],[9.0812,11.6397],[9.0795,11.6435],[9.0779,11.6535],[9.0729,11.6579],[9.0704,11.6591],[9.0654,11.6579],[9.065,11.652],[9.0605,11.6483],[9.06,11.6459],[9.0558,11.6403],[9.0533,11.6398],[9.0507,11.6416],[9.0446,11.6418],[9.0412,11.6408],[9.0383,11.638],[9.0359,11.6385],[9.033,11.6357],[9.0306,11.6308],[9.0285,11.6286]]]},"properties":{"name":"FANDA","state":"19","code":"19/02/05"}},{"type":"Feature","geometry":{"type":"Polygon","coordinates":[[[8.9952,11.6741],[8.9914,11.686],[8.9814,11.6863],[8.975,11.6838],[8.9741,11.6799],[8.9698,11.6811],[8.9586,11.6797],[8.957,11.678],[8.9564,11.6707],[8.9552,11.6664],[8.9585,11.6655],[8.9617,11.661],[8.9563,11.6527],[8.9543,11.6525],[8.9502,11.6481],[8.9521,11.6431],[8.95,11.6415],[8.9445,11.6325],[8.9461,11.6317],[8.9515,11.6259],[8.9527,11.6289],[8.9553,11.629],[8.9644,11.6277],[8.968,11.6279],[8.9743,11.6296],[8.9764,11.6317],[8.9792,11.6319],[8.987,11.6286],[8.9919,11.6297],[8.9948,11.6287],[8.9957,11.6307],[8.9948,11.6405],[8.9931,11.6434],[8.9925,11.6492],[8.9948,11.6557],[8.9958,11.6646],[8.9952,11.6741]]]},"properties":{"name":"FARAGAI","state":"19","code":"19/02/06"}},{"type":"Feature","geometry":{"type":"Polygon","coordinates":[[[9.2678,11.6303],[9.2626,11.631],[9.2579,11.6286],[9.2604,11.6222],[9.2598,11.62],[9.2662,11.6159],[9.266,11.6135],[9.2635,11.6089],[9.2655,11.6062],[9.2605,11.6038],[9.2511,11.6041],[9.244,11.601],[9.2388,11.6028],[9.2331,11.6088],[9.2268,11.6087],[9.2179,11.6049],[9.2132,11.601],[9.2099,11.6026],[9.2117,11.6066],[9.2086,11.6112],[9.2064,11.6194],[9.2007,11.6205],[9.1945,11.6201],[9.1902,11.6206],[9.1774,11.6254],[9.1777,11.6277],[9.181,11.6311],[9.1822,11.6394],[9.1804,11.6415],[9.1749,11.6388],[9.1714,11.638],[9.1693,11.6406],[9.1629,11.6394],[9.1628,11.6379],[9.159,11.6321],[9.1581,11.6283],[9.1651,11.6236],[9.1667,11.6206],[9.1651,11.6144],[9.1715,11.6112],[9.1715,11.6059],[9.1728,11.6054],[9.1774,11.6001],[9.1758,11.5948],[9.171,11.5938],[9.1706,11.5893],[9.1744,11.5877],[9.1776,11.579],[9.1747,11.5777],[9.167,11.5769],[9.1653,11.5753],[9.1676,11.5724],[9.168,11.569],[9.1711,11.5674],[9.1728,11.5611],[9.1725,11.5589],[9.1705,11.5554],[9.1728,11.5532],[9.1757,11.5525],[9.183,11.546],[9.1873,11.5476],[9.1959,11.5497],[9.2027,11.5484],[9.2036,11.553],[9.206,11.5564],[9.2162,11.5619],[9.2204,11.5602],[9.2254,11.5594],[9.2299,11.5542],[9.2316,11.5568],[9.2329,11.5644],[9.2375,11.5616],[9.2436,11.5628],[9.2479,11.561],[9.2496,11.5588],[9.2531,11.5577],[9.2569,11.5598],[9.2592,11.563],[9.2651,11.563],[9.2684,11.5655],[9.2699,11.5635],[9.2738,11.5642],[9.2754,11.5662],[9.2782,11.566],[9.2878,11.5677],[9.291,11.5663],[9.2968,11.5678],[9.3051,11.5719],[9.3104,11.5756],[9.3149,11.5765],[9.3233,11.5765],[9.3257,11.5778],[9.319,11.5806],[9.3117,11.5888],[9.297,11.6002],[9.29,11.6068],[9.2819,11.6131],[9.2796,11.6161],[9.2691,11.6271],[9.2678,11.6303]]]},"properties":{"name":"GAGARAME","state":"19","code":"19/02/07"}},{"type":"Feature","geometry":{"type":"Polygon","coordinates":[[[8.9948,11.6287],[8.9919,11.6297],[8.987,11.6286],[8.9792,11.6319],[8.9764,11.6317],[8.9743,11.6296],[8.968,11.6279],[8.9644,11.6277],[8.9553,11.629],[8.9527,11.6289],[8.9515,11.6259],[8.9495,11.6239],[8.9452,11.6258],[8.9451,11.6223],[8.9428,11.6199],[8.9413,11.6146],[8.9438,11.6095],[8.9463,11.6096],[8.9485,11.6063],[8.9482,11.6037],[8.9526,11.6011],[8.9525,11.5989],[8.9566,11.5981],[8.962,11.5928],[8.9614,11.5913],[8.9671,11.5837],[8.9702,11.5829],[8.9752,11.5747],[8.9818,11.5714],[8.9853,11.5727],[8.9852,11.5753],[8.9933,11.5748],[8.9962,11.5702],[9.0056,11.5671],[9.0112,11.5682],[9.0134,11.5673],[9.0193,11.569],[9.0244,11.5682],[9.0238,11.5714],[9.022,11.574],[9.0236,11.5765],[9.0212,11.5839],[9.0237,11.584],[9.0221,11.5894],[9.0229,11.5955],[9.0205,11.5987],[9.0203,11.602],[9.0259,11.6054],[9.032,11.6158],[9.0329,11.6203],[9.03,11.6274],[9.0285,11.6286],[9.0213,11.627],[9.0166,11.627],[9.0093,11.6284],[9.0053,11.6285],[9.0006,11.6269],[8.9948,11.6287]]]},"properties":{"name":"HUNGU","state":"19","code":"19/02/08"}},{"type":"Feature","geometry":{"type":"Polygon","coordinates":[[[9.0155,11.6917],[9.0101,11.6975],[9.0088,11.7046],[9.0144,11.7109],[9.016,11.7142],[9.0187,11.7163],[9.0185,11.7187],[9.0207,11.723],[9.0255,11.7278],[9.0258,11.7329],[9.0208,11.7329],[9.0187,11.734],[9.0138,11.7321],[9.0099,11.7348],[8.9995,11.7324],[8.9916,11.7323],[8.9886,11.7344],[8.9881,11.7364],[8.9836,11.7362],[8.9818,11.7326],[8.9757,11.7311],[8.9707,11.7229],[8.9656,11.7228],[8.9626,11.7208],[8.9603,11.7231],[8.9588,11.7281],[8.9509,11.7279],[8.9465,11.724],[8.9435,11.723],[8.9407,11.7238],[8.9374,11.7282],[8.9359,11.7322],[8.9338,11.7323],[8.9304,11.7354],[8.9283,11.7355],[8.929,11.7306],[8.9262,11.7264],[8.9246,11.7267],[8.9216,11.72],[8.9202,11.7186],[8.9197,11.7103],[8.9186,11.7066],[8.9241,11.7037],[8.9287,11.7043],[8.9321,11.7061],[8.9374,11.7058],[8.9423,11.7098],[8.9463,11.7057],[8.9508,11.7036],[8.9528,11.6973],[8.9514,11.6938],[8.9542,11.6862],[8.9586,11.6797],[8.9698,11.6811],[8.9741,11.6799],[8.975,11.6838],[8.9814,11.6863],[8.9914,11.686],[8.9952,11.6741],[8.9999,11.6787],[9.008,11.6844],[9.0108,11.6886],[9.0155,11.6917]]]},"properties":{"name":"SAYA-SAYA","state":"19","code":"19/02/09"}},{"type":"Feature","geometry":{"type":"Polygon","coordinates":[[[9.2338,11.6647],[9.2227,11.6634],[9.2191,11.6617],[9.2209,11.6573],[9.2157,11.6545],[9.2113,11.6508],[9.2061,11.6507],[9.2023,11.6517],[9.2011,11.6443],[9.199,11.6422],[9.1992,11.6398],[9.1954,11.638],[9.1907,11.6401],[9.1885,11.642],[9.1918,11.6455],[9.1916,11.6502],[9.19,11.6534],[9.1868,11.6548],[9.1827,11.6586],[9.1803,11.6651],[9.177,11.6582],[9.1747,11.6552],[9.1695,11.6559],[9.1652,11.655],[9.161,11.652],[9.157,11.6512],[9.1602,11.6469],[9.1626,11.6458],[9.1629,11.6394],[9.1693,11.6406],[9.1714,11.638],[9.1749,11.6388],[9.1804,11.6415],[9.1822,11.6394],[9.181,11.6311],[9.1777,11.6277],[9.1774,11.6254],[9.1902,11.6206],[9.1945,11.6201],[9.2007,11.6205],[9.2064,11.6194],[9.2086,11.6112],[9.2117,11.6066],[9.2099,11.6026],[9.2132,11.601],[9.2179,11.6049],[9.2268,11.6087],[9.2331,11.6088],[9.2388,11.6028],[9.244,11.601],[9.2511,11.6041],[9.2605,11.6038],[9.2655,11.6062],[9.2635,11.6089],[9.266,11.6135],[9.2662,11.6159],[9.2598,11.62],[9.2604,11.6222],[9.2579,11.6286],[9.2626,11.631],[9.2678,11.6303],[9.2688,11.6317],[9.2777,11.6388],[9.2739,11.644],[9.2545,11.6427],[9.2414,11.6454],[9.2412,11.6571],[9.2376,11.6619],[9.2335,11.6631],[9.2338,11.6647]]]},"properties":{"name":"TSANGAYA","state":"19","code":"19/02/10"}},{"type":"Feature","geometry":{"type":"Polygon","coordinates":[[[8.1792,12.1659],[8.182,12.1716],[8.1831,12.1769],[8.1864,12.1794],[8.1846,12.1834],[8.1794,12.1866],[8.1783,12.1889],[8.1818,12.1933],[8.1817,12.1975],[8.1801,12.1997],[8.1794,12.205],[8.1766,12.2058],[8.17,12.2049],[8.1671,12.2037],[8.159,12.2048],[8.1578,12.2015],[8.1537,12.1983],[8.1485,12.1895],[8.1401,12.1758],[8.129,12.1658],[8.1213,12.1554],[8.1322,12.1485],[8.1408,12.1467],[8.1421,12.1453],[8.1468,12.1443],[8.1502,12.1471],[8.1519,12.1462],[8.156,12.1531],[8.157,12.1579],[8.1597,12.1611],[8.1626,12.1599],[8.1655,12.1625],[8.1683,12.1633],[8.1699,12.1664],[8.1727,12.1688],[8.1764,12.1688],[8.1792,12.1659]]]},"properties":{"name":"BAGWAI","state":"19","code":"19/03/01"}},{"type":"Feature","geometry":{"type":"Polygon","coordinates":[[[8.1763,12.0085],[8.1763,12.0113],[8.1812,12.0145],[8.1857,12.0197],[8.1887,12.0198],[8.1918,12.0217],[8.1964,12.0227],[8.2014,12.027],[8.2015,12.0305],[8.2036,12.0369],[8.2055,12.0358],[8.2086,12.0397],[8.2098,12.045],[8.2155,12.0438],[8.22,12.0395],[8.2223,12.0402],[8.2232,12.0369],[8.2265,12.0425],[8.2258,12.0477],[8.2276,12.0563],[8.2308,12.0592],[8.2342,12.0604],[8.232,12.0661],[8.2281,12.0673],[8.2244,12.0644],[8.221,12.0643],[8.2155,12.0624],[8.2138,12.063],[8.2069,12.0578],[8.2064,12.0542],[8.2011,12.0516],[8.1994,12.0544],[8.1939,12.0531],[8.1912,12.0504],[8.1953,12.0442],[8.1921,12.0389],[8.1866,12.0401],[8.1782,12.0387],[8.1753,12.0437],[8.174,12.0444],[8.1741,12.0518],[8.1675,12.0526],[8.1622,12.0519],[8.1614,12.0481],[8.1581,12.041],[8.1539,12.0386],[8.1495,12.0405],[8.1494,12.0431],[8.1475,12.0488],[8.1444,12.0501],[8.1431,12.0528],[8.1397,12.0503],[8.1402,12.0486],[8.1382,12.0443],[8.1394,12.0421],[8.136,12.0404],[8.131,12.0455],[8.124,12.0404],[8.1235,12.035],[8.1272,12.0284],[8.1261,12.0256],[8.1202,12.0201],[8.119,12.017],[8.1222,12.0117],[8.1288,12.0035],[8.1363,11.989],[8.1395,11.9921],[8.1401,11.9957],[8.1395,12.0043],[8.143,12.0059],[8.1476,12.0028],[8.1498,12.0034],[8.1567,12.0033],[8.1587,12.0057],[8.1638,12.0015],[8.1763,12.0085]]]},"properties":{"name":"DANGADA","state":"19","code":"19/03/02"}},{"type":"Feature","geometry":{"type":"Polygon","coordinates":[[[8.0455,12.1161],[8.0426,12.1162],[8.0322,12.1212],[8.024,12.1224],[8.0221,12.1237],[8.0196,12.1197],[8.0197,12.1154],[8.0144,12.1073],[8.0109,12.1073],[8.0103,12.1042],[8.0131,12.0971],[8.0186,12.0923],[8.0205,12.0891],[8.0205,12.0841],[8.014,12.0803],[8.0159,12.0756],[8.0148,12.0701],[8.0187,12.0674],[8.0173,12.0652],[8.0183,12.0621],[8.0205,12.0602],[8.0239,12.0593],[8.0305,12.0498],[8.0296,12.0528],[8.0327,12.0636],[8.038,12.0684],[8.0438,12.0689],[8.044,12.0664],[8.042,12.0581],[8.0456,12.0545],[8.0495,12.0553],[8.0545,12.0545],[8.0571,12.057],[8.0634,12.0602],[8.0667,12.0586],[8.0698,12.0608],[8.075,12.0613],[8.0812,12.0592],[8.0854,12.0618],[8.0877,12.0659],[8.0957,12.0672],[8.0983,12.0668],[8.1031,12.0694],[8.1042,12.0709],[8.103,12.0751],[8.0999,12.0757],[8.099,12.0782],[8.095,12.082],[8.095,12.09],[8.0982,12.0946],[8.0924,12.1],[8.0928,12.1062],[8.0922,12.1094],[8.0887,12.1092],[8.0873,12.111],[8.0815,12.1112],[8.0786,12.109],[8.073,12.1117],[8.0689,12.1149],[8.0679,12.1195],[8.0638,12.1168],[8.061,12.1137],[8.0581,12.1151],[8.0528,12.1136],[8.0481,12.1133],[8.0455,12.1161]]]},"properties":{"name":"GADANYA","state":"19","code":"19/03/03"}},{"type":"Feature","geometry":{"type":"MultiPolygon","coordinates":[[[[8.0679,12.1195],[8.0649,12.1264],[8.0612,12.1292],[8.0605,12.1319],[8.0615,12.1393],[8.0706,12.1418],[8.0823,12.1435],[8.0844,12.1446],[8.0846,12.148],[8.0789,12.1515],[8.0752,12.1526],[8.0738,12.1568],[8.075,12.1651],[8.0793,12.1662],[8.0768,12.1762],[8.08,12.1764],[8.0875,12.179],[8.0863,12.1821],[8.0868,12.1852],[8.0794,12.1846],[8.0743,12.1825],[8.0686,12.1836],[8.067,12.1817],[8.0628,12.1802],[8.0538,12.181],[8.0499,12.1803],[8.0426,12.1819],[8.0364,12.1765],[8.0325,12.1761],[8.0283,12.1709],[8.0225,12.1659],[8.0184,12.1601],[8.0161,12.1595],[8.015,12.1567],[8.0159,12.1528],[8.019,12.152],[8.02,12.1491],[8.023,12.1467],[8.0265,12.1457],[8.0325,12.1463],[8.0404,12.1419],[8.0452,12.1399],[8.0469,12.1362],[8.0462,12.1347],[8.0476,12.13],[8.0504,12.1273],[8.0505,12.1236],[8.0488,12.1196],[8.0455,12.1161],[8.0481,12.1133],[8.0528,12.1136],[8.0581,12.1151],[8.061,12.1137],[8.0638,12.1168],[8.0679,12.1195]]],[[[8.1031,12.0694],[8.1058,12.0671],[8.111,12.0649],[8.113,12.0653],[8.1139,12.0713],[8.1086,12.0768],[8.1069,12.0804],[8.1079,12.0821],[8.1121,12.0833],[8.1156,12.0864],[8.1158,12.0927],[8.114,12.0955],[8.1148,12.0978],[8.1251,12.1013],[8.1284,12.1013],[8.1322,12.1173],[8.1332,12.1253],[8.1329,12.1273],[8.1294,12.1302],[8.1268,12.1296],[8.1211,12.1308],[8.1161,12.1301],[8.1106,12.1272],[8.1009,12.1268],[8.0994,12.1255],[8.09,12.1223],[8.0875,12.1204],[8.0873,12.111],[8.0887,12.1092],[8.0922,12.1094],[8.0928,12.1062],[8.0924,12.1],[8.0982,12.0946],[8.095,12.09],[8.095,12.082],[8.099,12.0782],[8.0999,12.0757],[8.103,12.0751],[8.1042,12.0709],[8.1031,12.0694]]]]},"properties":{"name":"GOGORI","state":"19","code":"19/03/04"}},{"type":"Feature","geometry":{"type":"Polygon","coordinates":[[[8.1468,12.1443],[8.1461,12.1413],[8.1466,12.137],[8.1486,12.132],[8.1502,12.1304],[8.1506,12.1257],[8.1484,12.1233],[8.1426,12.1222],[8.1385,12.1179],[8.1388,12.1129],[8.1471,12.1095],[8.1492,12.1101],[8.1511,12.1162],[8.1548,12.1144],[8.1602,12.115],[8.1641,12.122],[8.1678,12.121],[8.1702,12.1176],[8.1752,12.1183],[8.1763,12.1102],[8.1755,12.1063],[8.1715,12.0998],[8.1704,12.0913],[8.1745,12.0921],[8.1742,12.0962],[8.1757,12.0987],[8.1824,12.0989],[8.182,12.1021],[8.1861,12.1038],[8.1896,12.1076],[8.1939,12.1076],[8.1956,12.1096],[8.2079,12.1141],[8.2099,12.1184],[8.2153,12.1208],[8.2191,12.1242],[8.2249,12.1333],[8.2236,12.1351],[8.2211,12.1339],[8.2186,12.1372],[8.2197,12.1401],[8.217,12.143],[8.2133,12.1425],[8.2098,12.1436],[8.2026,12.1505],[8.2002,12.1526],[8.1952,12.1522],[8.1939,12.1532],[8.19,12.1622],[8.1874,12.1662],[8.1823,12.1642],[8.1792,12.1659],[8.1764,12.1688],[8.1727,12.1688],[8.1699,12.1664],[8.1683,12.1633],[8.1655,12.1625],[8.1626,12.1599],[8.1597,12.1611],[8.157,12.1579],[8.156,12.1531],[8.1519,12.1462],[8.1502,12.1471],[8.1468,12.1443]]]},"properties":{"name":"KIYAWA","state":"19","code":"19/03/05"}},{"type":"Feature","geometry":{"type":"Polygon","coordinates":[[[8.1763,12.0085],[8.1821,12.0047],[8.1838,12.0058],[8.188,12.008],[8.1922,12.0086],[8.1932,12.0116],[8.1999,12.0145],[8.205,12.0129],[8.2099,12.0178],[8.2151,12.0149],[8.2177,12.0161],[8.2222,12.0134],[8.2258,12.0153],[8.2285,12.0195],[8.2371,12.0172],[8.2406,12.0143],[8.249,12.0198],[8.2474,12.0297],[8.2503,12.0351],[8.2556,12.0386],[8.2617,12.0479],[8.2598,12.0518],[8.2555,12.0577],[8.2557,12.06],[8.2587,12.0609],[8.2607,12.0646],[8.2625,12.0714],[8.2623,12.0721],[8.2597,12.0742],[8.2556,12.0744],[8.2505,12.0772],[8.2451,12.0748],[8.2389,12.0763],[8.2384,12.0802],[8.2392,12.0839],[8.2375,12.0882],[8.2322,12.0847],[8.2293,12.0853],[8.2275,12.0824],[8.225,12.0823],[8.2268,12.077],[8.225,12.0738],[8.2185,12.0727],[8.2099,12.0675],[8.2058,12.0692],[8.2,12.0676],[8.1944,12.0697],[8.1839,12.068],[8.1815,12.0681],[8.1808,12.0658],[8.1776,12.0623],[8.1778,12.0595],[8.1741,12.0518],[8.174,12.0444],[8.1753,12.0437],[8.1782,12.0387],[8.1866,12.0401],[8.1921,12.0389],[8.1953,12.0442],[8.1912,12.0504],[8.1939,12.0531],[8.1994,12.0544],[8.2011,12.0516],[8.2064,12.0542],[8.2069,12.0578],[8.2138,12.063],[8.2155,12.0624],[8.221,12.0643],[8.2244,12.0644],[8.2281,12.0673],[8.232,12.0661],[8.2342,12.0604],[8.2308,12.0592],[8.2276,12.0563],[8.2258,12.0477],[8.2265,12.0425],[8.2232,12.0369],[8.2223,12.0402],[8.22,12.0395],[8.2155,12.0438],[8.2098,12.045],[8.2086,12.0397],[8.2055,12.0358],[8.2036,12.0369],[8.2015,12.0305],[8.2014,12.027],[8.1964,12.0227],[8.1918,12.0217],[8.1887,12.0198],[8.1857,12.0197],[8.1812,12.0145],[8.1763,12.0113],[8.1763,12.0085]]]},"properties":{"name":"KWAJALI","state":"19","code":"19/03/06"}},{"type":"Feature","geometry":{"type":"Polygon","coordinates":[[[8.1704,12.0913],[8.1695,12.0862],[8.1695,12.08],[8.1713,12.0742],[8.1788,12.0777],[8.1807,12.0732],[8.1815,12.0681],[8.1839,12.068],[8.1944,12.0697],[8.2,12.0676],[8.2058,12.0692],[8.2099,12.0675],[8.2185,12.0727],[8.225,12.0738],[8.2268,12.077],[8.225,12.0823],[8.2275,12.0824],[8.2293,12.0853],[8.2322,12.0847],[8.2375,12.0882],[8.2392,12.0839],[8.2384,12.0802],[8.2389,12.0763],[8.2451,12.0748],[8.2505,12.0772],[8.2556,12.0744],[8.2597,12.0742],[8.2623,12.0721],[8.2641,12.0755],[8.2573,12.0831],[8.2552,12.09],[8.2578,12.0928],[8.255,12.1023],[8.2584,12.1019],[8.2624,12.1151],[8.2539,12.1256],[8.25,12.1252],[8.2466,12.1304],[8.2405,12.1369],[8.2372,12.1382],[8.2319,12.1361],[8.2273,12.1384],[8.2236,12.1351],[8.2249,12.1333],[8.2191,12.1242],[8.2153,12.1208],[8.2099,12.1184],[8.2079,12.1141],[8.1956,12.1096],[8.1939,12.1076],[8.1896,12.1076],[8.1861,12.1038],[8.182,12.1021],[8.1824,12.0989],[8.1757,12.0987],[8.1742,12.0962],[8.1745,12.0921],[8.1704,12.0913]]]},"properties":{"name":"RIMIN DAKO","state":"19","code":"19/03/07"}},{"type":"Feature","geometry":{"type":"Polygon","coordinates":[[[8.1741,12.0518],[8.1778,12.0595],[8.1776,12.0623],[8.1808,12.0658],[8.1815,12.0681],[8.1807,12.0732],[8.1788,12.0777],[8.1713,12.0742],[8.1695,12.08],[8.1695,12.0862],[8.1704,12.0913],[8.1715,12.0998],[8.1755,12.1063],[8.1763,12.1102],[8.1752,12.1183],[8.1702,12.1176],[8.1678,12.121],[8.1641,12.122],[8.1602,12.115],[8.1548,12.1144],[8.1511,12.1162],[8.1492,12.1101],[8.1471,12.1095],[8.1388,12.1129],[8.1385,12.1179],[8.1426,12.1222],[8.1332,12.1253],[8.1322,12.1173],[8.1284,12.1013],[8.1251,12.1013],[8.1148,12.0978],[8.114,12.0955],[8.1158,12.0927],[8.1156,12.0864],[8.1121,12.0833],[8.1079,12.0821],[8.1069,12.0804],[8.1086,12.0768],[8.1139,12.0713],[8.113,12.0653],[8.1193,12.0622],[8.1197,12.0598],[8.1175,12.0534],[8.1129,12.0444],[8.116,12.0433],[8.1183,12.0404],[8.1213,12.0419],[8.124,12.0404],[8.131,12.0455],[8.136,12.0404],[8.1394,12.0421],[8.1382,12.0443],[8.1402,12.0486],[8.1397,12.0503],[8.1431,12.0528],[8.1444,12.0501],[8.1475,12.0488],[8.1494,12.0431],[8.1495,12.0405],[8.1539,12.0386],[8.1581,12.041],[8.1614,12.0481],[8.1622,12.0519],[8.1675,12.0526],[8.1741,12.0518]]]},"properties":{"name":"ROMO","state":"19","code":"19/03/08"}},{"type":"Feature","geometry":{"type":"Polygon","coordinates":[[[8.0455,12.1161],[8.0488,12.1196],[8.0505,12.1236],[8.0504,12.1273],[8.0476,12.13],[8.0462,12.1347],[8.0469,12.1362],[8.0452,12.1399],[8.0404,12.1419],[8.0325,12.1463],[8.0265,12.1457],[8.023,12.1467],[8.02,12.1491],[8.019,12.152],[8.0159,12.1528],[8.015,12.1567],[8.0161,12.1595],[8.011,12.1617],[8.0082,12.1608],[7.9962,12.164],[7.9936,12.1605],[7.9907,12.1524],[7.9917,12.1495],[7.9891,12.1465],[7.9952,12.1411],[7.9955,12.1379],[7.9998,12.131],[8,12.1266],[8.004,12.1256],[7.9971,12.1175],[7.9915,12.1167],[7.99,12.1145],[7.9859,12.113],[7.9862,12.1058],[7.9852,12.102],[7.982,12.0991],[7.9845,12.0934],[7.9888,12.0926],[7.9875,12.0905],[7.9913,12.0875],[7.9915,12.0778],[7.9939,12.0749],[7.9953,12.0781],[8.0038,12.0806],[8.014,12.0803],[8.0205,12.0841],[8.0205,12.0891],[8.0186,12.0923],[8.0131,12.0971],[8.0103,12.1042],[8.0109,12.1073],[8.0144,12.1073],[8.0197,12.1154],[8.0196,12.1197],[8.0221,12.1237],[8.024,12.1224],[8.0322,12.1212],[8.0426,12.1162],[8.0455,12.1161]]]},"properties":{"name":"SARE-SARE","state":"19","code":"19/03/09"}},{"type":"Feature","geometry":{"type":"Polygon","coordinates":[[[8.1485,12.1895],[8.1423,12.1918],[8.1421,12.1937],[8.1383,12.197],[8.1316,12.1994],[8.1295,12.1967],[8.1235,12.196],[8.1218,12.1916],[8.1178,12.1862],[8.1211,12.1794],[8.1159,12.1792],[8.1113,12.1777],[8.1067,12.1793],[8.0957,12.1794],[8.0916,12.1803],[8.0868,12.1852],[8.0863,12.1821],[8.0875,12.179],[8.08,12.1764],[8.0768,12.1762],[8.0793,12.1662],[8.075,12.1651],[8.0738,12.1568],[8.0752,12.1526],[8.0789,12.1515],[8.0846,12.148],[8.0844,12.1446],[8.0823,12.1435],[8.0706,12.1418],[8.0615,12.1393],[8.0605,12.1319],[8.0612,12.1292],[8.0649,12.1264],[8.0679,12.1195],[8.0689,12.1149],[8.073,12.1117],[8.0786,12.109],[8.0815,12.1112],[8.0873,12.111],[8.0875,12.1204],[8.09,12.1223],[8.0994,12.1255],[8.1009,12.1268],[8.1106,12.1272],[8.1161,12.1301],[8.1211,12.1308],[8.1268,12.1296],[8.1294,12.1302],[8.1329,12.1273],[8.1332,12.1253],[8.1426,12.1222],[8.1484,12.1233],[8.1506,12.1257],[8.1502,12.1304],[8.1486,12.132],[8.1466,12.137],[8.1461,12.1413],[8.1468,12.1443],[8.1421,12.1453],[8.1408,12.1467],[8.1322,12.1485],[8.1213,12.1554],[8.129,12.1658],[8.1401,12.1758],[8.1485,12.1895]]]},"properties":{"name":"WURO BAGGA","state":"19","code":"19/03/10"}},{"type":"Feature","geometry":{"type":"Polygon","coordinates":[[[8.3471,11.4647],[8.3431,11.4709],[8.3388,11.4725],[8.3359,11.4761],[8.3314,11.4794],[8.3238,11.4814],[8.3224,11.4861],[8.3205,11.4896],[8.3198,11.4933],[8.3155,11.4952],[8.3147,11.5005],[8.3103,11.499],[8.3071,11.4968],[8.3013,11.4957],[8.2996,11.4896],[8.3005,11.4859],[8.294,11.4768],[8.2949,11.4743],[8.2929,11.4729],[8.2923,11.4679],[8.2899,11.4653],[8.2837,11.4534],[8.2814,11.4511],[8.2858,11.4522],[8.2944,11.4482],[8.2998,11.4446],[8.3046,11.4431],[8.3066,11.4409],[8.3179,11.4387],[8.3218,11.4445],[8.3263,11.4446],[8.3285,11.4523],[8.3285,11.4555],[8.3356,11.4591],[8.3399,11.459],[8.3471,11.4647]]]},"properties":{"name":"ANADARIYA","state":"19","code":"19/04/01"}},{"type":"Feature","geometry":{"type":"Polygon","coordinates":[[[8.3352,11.6703],[8.3271,11.6724],[8.3203,11.6726],[8.3143,11.6714],[8.3053,11.6671],[8.3048,11.6626],[8.3069,11.6614],[8.3073,11.6582],[8.2968,11.6561],[8.2923,11.6583],[8.2897,11.658],[8.2894,11.6558],[8.2925,11.6525],[8.2948,11.6467],[8.2943,11.6442],[8.2896,11.6348],[8.2815,11.6357],[8.2799,11.6311],[8.2812,11.6291],[8.2895,11.6273],[8.2942,11.6269],[8.2952,11.6253],[8.2965,11.6179],[8.303,11.619],[8.3077,11.6224],[8.3136,11.6256],[8.3162,11.6283],[8.3238,11.6334],[8.3316,11.6403],[8.3418,11.6397],[8.3495,11.6419],[8.3527,11.6447],[8.3569,11.6461],[8.3558,11.6504],[8.3501,11.6602],[8.3478,11.663],[8.3424,11.6623],[8.3388,11.6678],[8.3352,11.6703]]]},"properties":{"name":"BAGUDA","state":"19","code":"19/04/02"}},{"type":"Feature","geometry":{"type":"Polygon","coordinates":[[[8.2897,11.658],[8.2863,11.6583],[8.2806,11.6686],[8.2779,11.6761],[8.2753,11.6812],[8.2746,11.6851],[8.2726,11.7031],[8.2757,11.7094],[8.2792,11.7107],[8.2821,11.7168],[8.2844,11.7165],[8.2867,11.7212],[8.2846,11.7269],[8.2791,11.7334],[8.276,11.7302],[8.2731,11.7285],[8.2713,11.7257],[8.2678,11.7232],[8.2669,11.717],[8.2649,11.7158],[8.2617,11.7164],[8.2549,11.7129],[8.2479,11.7141],[8.2406,11.7193],[8.2306,11.711],[8.2273,11.7069],[8.2137,11.6813],[8.2163,11.6796],[8.219,11.6745],[8.224,11.6698],[8.2221,11.6666],[8.2187,11.6641],[8.2165,11.6587],[8.2178,11.6546],[8.2155,11.6515],[8.2185,11.6466],[8.2261,11.6454],[8.2314,11.6431],[8.2341,11.645],[8.2361,11.6483],[8.2401,11.6523],[8.2495,11.6491],[8.2543,11.644],[8.2606,11.6412],[8.2695,11.6407],[8.2745,11.6392],[8.2768,11.6365],[8.2815,11.6357],[8.2896,11.6348],[8.2943,11.6442],[8.2948,11.6467],[8.2925,11.6525],[8.2894,11.6558],[8.2897,11.658]]]},"properties":{"name":"BEBEJI","state":"19","code":"19/04/03"}},{"type":"Feature","geometry":{"type":"Polygon","coordinates":[[[8.3352,11.6703],[8.3337,11.6751],[8.3339,11.6776],[8.3372,11.6819],[8.3308,11.6887],[8.3296,11.6956],[8.3301,11.7002],[8.3292,11.706],[8.332,11.7132],[8.3326,11.7187],[8.33,11.7215],[8.3316,11.7268],[8.3281,11.7279],[8.3257,11.7249],[8.3216,11.7224],[8.3167,11.7216],[8.3086,11.7236],[8.3054,11.7217],[8.3006,11.7208],[8.289,11.724],[8.2867,11.7212],[8.2844,11.7165],[8.2821,11.7168],[8.2792,11.7107],[8.2757,11.7094],[8.2726,11.7031],[8.2746,11.6851],[8.2753,11.6812],[8.2779,11.6761],[8.2806,11.6686],[8.2863,11.6583],[8.2897,11.658],[8.2923,11.6583],[8.2968,11.6561],[8.3073,11.6582],[8.3069,11.6614],[8.3048,11.6626],[8.3053,11.6671],[8.3143,11.6714],[8.3203,11.6726],[8.3271,11.6724],[8.3352,11.6703]]]},"properties":{"name":"DAMAU","state":"19","code":"19/04/04"}},{"type":"Feature","geometry":{"type":"Polygon","coordinates":[[[8.2815,11.6357],[8.2768,11.6365],[8.2745,11.6392],[8.2695,11.6407],[8.2606,11.6412],[8.2543,11.644],[8.2495,11.6491],[8.2401,11.6523],[8.2361,11.6483],[8.2341,11.645],[8.2314,11.6431],[8.2233,11.6359],[8.2102,11.6372],[8.2059,11.6354],[8.2036,11.6324],[8.2001,11.631],[8.1959,11.6219],[8.193,11.6191],[8.1939,11.616],[8.1926,11.6115],[8.1902,11.6059],[8.1912,11.6038],[8.2005,11.6021],[8.2041,11.6023],[8.2047,11.6002],[8.209,11.5995],[8.206,11.5962],[8.2088,11.592],[8.2071,11.588],[8.2105,11.5867],[8.2111,11.5839],[8.2136,11.5821],[8.2137,11.5783],[8.2199,11.5765],[8.2226,11.5797],[8.2333,11.5804],[8.2368,11.5824],[8.2418,11.5886],[8.2423,11.5909],[8.2505,11.5932],[8.2593,11.5946],[8.2603,11.5923],[8.2666,11.5913],[8.269,11.5948],[8.2708,11.5953],[8.2762,11.5993],[8.2806,11.6044],[8.2856,11.6072],[8.292,11.6145],[8.2965,11.6179],[8.2952,11.6253],[8.2942,11.6269],[8.2895,11.6273],[8.2812,11.6291],[8.2799,11.6311],[8.2815,11.6357]]]},"properties":{"name":"DURMAWA","state":"19","code":"19/04/05"}},{"type":"Feature","geometry":{"type":"Polygon","coordinates":[[[8.4325,11.57],[8.4327,11.5752],[8.4288,11.5793],[8.4229,11.5772],[8.4191,11.5796],[8.4161,11.5785],[8.4103,11.5784],[8.4028,11.5811],[8.3955,11.5895],[8.392,11.5924],[8.3861,11.5952],[8.3844,11.5901],[8.38,11.5878],[8.3773,11.5885],[8.3734,11.5873],[8.3706,11.5824],[8.3732,11.5783],[8.3758,11.5704],[8.3736,11.5626],[8.3712,11.5578],[8.367,11.5463],[8.3701,11.5418],[8.3718,11.5365],[8.3752,11.5311],[8.3792,11.531],[8.3841,11.5324],[8.3907,11.53],[8.3939,11.5309],[8.3993,11.5342],[8.4047,11.5329],[8.4168,11.532],[8.4175,11.5397],[8.4213,11.5417],[8.4247,11.5448],[8.4256,11.5492],[8.4267,11.5622],[8.4289,11.5629],[8.4325,11.57]]]},"properties":{"name":"GARGAI","state":"19","code":"19/04/06"}},{"type":"Feature","geometry":{"type":"Polygon","coordinates":[[[8.3013,11.4957],[8.2984,11.4983],[8.2906,11.4978],[8.2888,11.496],[8.2842,11.4974],[8.2822,11.497],[8.2795,11.5005],[8.2794,11.5093],[8.2846,11.5142],[8.2852,11.5206],[8.2842,11.5251],[8.2812,11.5286],[8.2782,11.5368],[8.2755,11.5375],[8.2721,11.5364],[8.2684,11.5415],[8.2648,11.539],[8.2583,11.5366],[8.2512,11.532],[8.239,11.5227],[8.2394,11.518],[8.2336,11.5126],[8.2263,11.5036],[8.2175,11.5116],[8.2128,11.5051],[8.2135,11.5029],[8.2126,11.4978],[8.2101,11.4915],[8.2063,11.4883],[8.2053,11.4857],[8.2016,11.4806],[8.2006,11.4764],[8.203,11.4712],[8.2041,11.463],[8.2027,11.4596],[8.2101,11.4453],[8.2151,11.4418],[8.2172,11.4441],[8.2229,11.4423],[8.2272,11.4447],[8.2331,11.4467],[8.2335,11.4485],[8.2386,11.4522],[8.2384,11.4544],[8.2436,11.4561],[8.2502,11.4545],[8.2515,11.4527],[8.2511,11.4496],[8.2491,11.4461],[8.2506,11.4434],[8.2584,11.4364],[8.2584,11.4317],[8.2703,11.441],[8.2764,11.4493],[8.2814,11.4511],[8.2837,11.4534],[8.2899,11.4653],[8.2923,11.4679],[8.2929,11.4729],[8.2949,11.4743],[8.294,11.4768],[8.3005,11.4859],[8.2996,11.4896],[8.3013,11.4957]]]},"properties":{"name":"GWARMAI","state":"19","code":"19/04/07"}},{"type":"Feature","geometry":{"type":"Polygon","coordinates":[[[8.2684,11.5415],[8.2666,11.5449],[8.2855,11.5635],[8.2823,11.5634],[8.2794,11.5652],[8.2742,11.5656],[8.2718,11.5673],[8.2684,11.5664],[8.2633,11.5694],[8.2616,11.5691],[8.261,11.5648],[8.2568,11.5567],[8.2584,11.554],[8.2586,11.5505],[8.2608,11.5454],[8.2583,11.5366],[8.2648,11.539],[8.2684,11.5415]]]},"properties":{"name":"KOFA","state":"19","code":"19/04/08"}},{"type":"Feature","geometry":{"type":"Polygon","coordinates":[[[8.3179,11.4387],[8.3204,11.4369],[8.3226,11.4281],[8.321,11.4212],[8.3179,11.4194],[8.3135,11.4198],[8.3119,11.4148],[8.304,11.4083],[8.3044,11.4031],[8.306,11.3964],[8.3118,11.3925],[8.3117,11.389],[8.3144,11.3877],[8.3143,11.3852],[8.3176,11.3822],[8.3251,11.3799],[8.3258,11.3785],[8.3308,11.3774],[8.3354,11.3752],[8.3374,11.3713],[8.3375,11.3663],[8.3422,11.3656],[8.3422,11.3633],[8.352,11.3654],[8.3559,11.3687],[8.3606,11.3654],[8.3615,11.3628],[8.3657,11.3644],[8.3684,11.3643],[8.3729,11.3683],[8.3726,11.3724],[8.3738,11.3781],[8.3761,11.3808],[8.3842,11.3834],[8.3843,11.3857],[8.3875,11.393],[8.3878,11.3975],[8.3901,11.4027],[8.3942,11.4064],[8.3997,11.4097],[8.3998,11.4149],[8.3954,11.4179],[8.3934,11.4211],[8.3925,11.4297],[8.3908,11.4347],[8.3922,11.4461],[8.395,11.4525],[8.3954,11.4582],[8.377,11.4622],[8.371,11.4613],[8.3639,11.4615],[8.3552,11.4634],[8.3489,11.4631],[8.3471,11.4647],[8.3399,11.459],[8.3356,11.4591],[8.3285,11.4555],[8.3285,11.4523],[8.3263,11.4446],[8.3218,11.4445],[8.3179,11.4387]]]},"properties":{"name":"KUKI","state":"19","code":"19/04/09"}},{"type":"Feature","geometry":{"type":"Polygon","coordinates":[[[8.2814,11.4511],[8.2764,11.4493],[8.2703,11.441],[8.2584,11.4317],[8.2644,11.4269],[8.2636,11.4211],[8.265,11.4131],[8.2662,11.4106],[8.2696,11.4075],[8.2665,11.4054],[8.2708,11.4],[8.2723,11.3918],[8.2774,11.3879],[8.2815,11.3814],[8.2861,11.3721],[8.2879,11.3641],[8.286,11.3588],[8.2905,11.356],[8.2992,11.3453],[8.3002,11.3466],[8.3052,11.3488],[8.3076,11.3484],[8.3117,11.3456],[8.3182,11.3461],[8.3244,11.3495],[8.3256,11.3518],[8.3309,11.3552],[8.335,11.3542],[8.3357,11.3583],[8.3386,11.36],[8.3428,11.3603],[8.3422,11.3633],[8.3422,11.3656],[8.3375,11.3663],[8.3374,11.3713],[8.3354,11.3752],[8.3308,11.3774],[8.3258,11.3785],[8.3251,11.3799],[8.3176,11.3822],[8.3143,11.3852],[8.3144,11.3877],[8.3117,11.389],[8.3118,11.3925],[8.306,11.3964],[8.3044,11.4031],[8.304,11.4083],[8.3119,11.4148],[8.3135,11.4198],[8.3179,11.4194],[8.321,11.4212],[8.3226,11.4281],[8.3204,11.4369],[8.3179,11.4387],[8.3066,11.4409],[8.3046,11.4431],[8.2998,11.4446],[8.2944,11.4482],[8.2858,11.4522],[8.2814,11.4511]]]},"properties":{"name":"RAHAMA","state":"19","code":"19/04/10"}},{"type":"Feature","geometry":{"type":"Polygon","coordinates":[[[8.3147,11.5005],[8.3199,11.5067],[8.3233,11.5086],[8.3268,11.5121],[8.3263,11.5152],[8.3301,11.5234],[8.3355,11.5281],[8.3388,11.5333],[8.3386,11.5379],[8.3409,11.5402],[8.3458,11.54],[8.3489,11.5432],[8.3493,11.5468],[8.3522,11.553],[8.3559,11.5548],[8.3564,11.56],[8.3616,11.564],[8.3529,11.5671],[8.3487,11.5715],[8.3427,11.5727],[8.3362,11.5788],[8.3364,11.5855],[8.3346,11.5888],[8.3286,11.585],[8.3238,11.5811],[8.317,11.5828],[8.3106,11.5837],[8.3063,11.5864],[8.2993,11.5872],[8.2946,11.585],[8.2874,11.5847],[8.2825,11.583],[8.2772,11.5825],[8.2721,11.586],[8.2712,11.5897],[8.2666,11.5913],[8.2603,11.5923],[8.2593,11.5946],[8.2505,11.5932],[8.2423,11.5909],[8.2418,11.5886],[8.2368,11.5824],[8.2333,11.5804],[8.2226,11.5797],[8.2199,11.5765],[8.2137,11.5783],[8.2125,11.57],[8.2128,11.5674],[8.2109,11.5621],[8.2098,11.5532],[8.2118,11.5471],[8.2102,11.5444],[8.2105,11.5389],[8.2117,11.5342],[8.211,11.5324],[8.2148,11.5272],[8.2145,11.5245],[8.2171,11.5179],[8.2175,11.5116],[8.2263,11.5036],[8.2336,11.5126],[8.2394,11.518],[8.239,11.5227],[8.2512,11.532],[8.2583,11.5366],[8.2608,11.5454],[8.2586,11.5505],[8.2584,11.554],[8.2568,11.5567],[8.261,11.5648],[8.2616,11.5691],[8.2633,11.5694],[8.2684,11.5664],[8.2718,11.5673],[8.2742,11.5656],[8.2794,11.5652],[8.2823,11.5634],[8.2855,11.5635],[8.2666,11.5449],[8.2684,11.5415],[8.2721,11.5364],[8.2755,11.5375],[8.2782,11.5368],[8.2812,11.5286],[8.2842,11.5251],[8.2852,11.5206],[8.2846,11.5142],[8.2794,11.5093],[8.2795,11.5005],[8.2822,11.497],[8.2842,11.4974],[8.2888,11.496],[8.2906,11.4978],[8.2984,11.4983],[8.3013,11.4957],[8.3071,11.4968],[8.3103,11.499],[8.3147,11.5005]]]},"properties":{"name":"RANKA","state":"19","code":"19/04/11"}},{"type":"Feature","geometry":{"type":"Polygon","coordinates":[[[8.3471,11.4647],[8.3489,11.4631],[8.3552,11.4634],[8.3639,11.4615],[8.371,11.4613],[8.377,11.4622],[8.3954,11.4582],[8.3955,11.4666],[8.3975,11.4699],[8.4043,11.4769],[8.4066,11.4823],[8.4129,11.487],[8.413,11.4924],[8.416,11.497],[8.4164,11.5],[8.4213,11.5038],[8.4261,11.5053],[8.426,11.5105],[8.4289,11.5165],[8.4286,11.5191],[8.4234,11.5256],[8.4219,11.526],[8.4168,11.532],[8.4047,11.5329],[8.3993,11.5342],[8.3939,11.5309],[8.3907,11.53],[8.3841,11.5324],[8.3792,11.531],[8.3752,11.5311],[8.3718,11.5365],[8.3701,11.5418],[8.367,11.5463],[8.3712,11.5578],[8.3736,11.5626],[8.3758,11.5704],[8.3732,11.5783],[8.3706,11.5824],[8.3671,11.5764],[8.3628,11.5725],[8.3616,11.564],[8.3564,11.56],[8.3559,11.5548],[8.3522,11.553],[8.3493,11.5468],[8.3489,11.5432],[8.3458,11.54],[8.3409,11.5402],[8.3386,11.5379],[8.3388,11.5333],[8.3355,11.5281],[8.3301,11.5234],[8.3263,11.5152],[8.3268,11.5121],[8.3233,11.5086],[8.3199,11.5067],[8.3147,11.5005],[8.3155,11.4952],[8.3198,11.4933],[8.3205,11.4896],[8.3224,11.4861],[8.3238,11.4814],[8.3314,11.4794],[8.3359,11.4761],[8.3388,11.4725],[8.3431,11.4709],[8.3471,11.4647]]]},"properties":{"name":"RANTAN","state":"19","code":"19/04/12"}},{"type":"Feature","geometry":{"type":"Polygon","coordinates":[[[8.2965,11.6179],[8.292,11.6145],[8.2856,11.6072],[8.2806,11.6044],[8.2762,11.5993],[8.2708,11.5953],[8.269,11.5948],[8.2666,11.5913],[8.2712,11.5897],[8.2721,11.586],[8.2772,11.5825],[8.2825,11.583],[8.2874,11.5847],[8.2946,11.585],[8.2993,11.5872],[8.3063,11.5864],[8.3106,11.5837],[8.317,11.5828],[8.3238,11.5811],[8.3286,11.585],[8.3346,11.5888],[8.3339,11.5912],[8.3372,11.5935],[8.3448,11.5965],[8.347,11.5947],[8.3494,11.5961],[8.3514,11.6],[8.3552,11.6027],[8.3614,11.6105],[8.3629,11.6135],[8.3668,11.615],[8.3681,11.6174],[8.3654,11.6216],[8.3663,11.6235],[8.3649,11.6273],[8.3661,11.6305],[8.3606,11.6373],[8.359,11.6405],[8.3569,11.6461],[8.3527,11.6447],[8.3495,11.6419],[8.3418,11.6397],[8.3316,11.6403],[8.3238,11.6334],[8.3162,11.6283],[8.3136,11.6256],[8.3077,11.6224],[8.303,11.619],[8.2965,11.6179]]]},"properties":{"name":"TARIWA","state":"19","code":"19/04/13"}},{"type":"Feature","geometry":{"type":"Polygon","coordinates":[[[8.3861,11.5952],[8.3856,11.602],[8.3837,11.6037],[8.3819,11.6078],[8.3787,11.6089],[8.3783,11.6112],[8.3746,11.6152],[8.3697,11.616],[8.3681,11.6174],[8.3668,11.615],[8.3629,11.6135],[8.3614,11.6105],[8.3552,11.6027],[8.3514,11.6],[8.3494,11.5961],[8.347,11.5947],[8.3448,11.5965],[8.3372,11.5935],[8.3339,11.5912],[8.3346,11.5888],[8.3364,11.5855],[8.3362,11.5788],[8.3427,11.5727],[8.3487,11.5715],[8.3529,11.5671],[8.3616,11.564],[8.3628,11.5725],[8.3671,11.5764],[8.3706,11.5824],[8.3734,11.5873],[8.3773,11.5885],[8.38,11.5878],[8.3844,11.5901],[8.3861,11.5952]]]},"properties":{"name":"WAK","state":"19","code":"19/04/14"}},{"type":"Feature","geometry":{"type":"Polygon","coordinates":[[[8.3027,12.3043],[8.292,12.308],[8.2875,12.3054],[8.2845,12.2928],[8.2833,12.2901],[8.2795,12.2888],[8.2657,12.2938],[8.2604,12.2937],[8.2604,12.2893],[8.2571,12.2857],[8.2536,12.2834],[8.2501,12.2795],[8.245,12.2774],[8.2421,12.2748],[8.2435,12.2727],[8.2479,12.2712],[8.2529,12.2726],[8.2547,12.2706],[8.2608,12.2702],[8.2661,12.2671],[8.2703,12.2657],[8.2742,12.2667],[8.2785,12.2657],[8.2833,12.2606],[8.2851,12.2534],[8.2817,12.2494],[8.2761,12.2466],[8.2734,12.2439],[8.2774,12.2406],[8.2799,12.238],[8.2785,12.2288],[8.2748,12.2182],[8.274,12.2143],[8.278,12.2089],[8.2817,12.2094],[8.2901,12.2035],[8.288,12.2003],[8.2877,12.1966],[8.282,12.1856],[8.2769,12.1802],[8.2724,12.1801],[8.269,12.1775],[8.2632,12.1779],[8.2588,12.1762],[8.2559,12.1732],[8.2555,12.1687],[8.2587,12.1611],[8.2514,12.1614],[8.2477,12.1598],[8.2474,12.1552],[8.2492,12.1494],[8.2546,12.1482],[8.2611,12.1488],[8.2621,12.1468],[8.2694,12.1494],[8.2723,12.1491],[8.275,12.1505],[8.28,12.1509],[8.2875,12.1503],[8.2912,12.1554],[8.2905,12.1572],[8.2957,12.1642],[8.2949,12.1755],[8.2941,12.1801],[8.2969,12.1842],[8.3004,12.185],[8.3047,12.1837],[8.3114,12.1839],[8.3138,12.187],[8.3184,12.1905],[8.3223,12.1911],[8.3272,12.193],[8.3322,12.1864],[8.3365,12.1883],[8.3409,12.1887],[8.3509,12.1908],[8.3534,12.1925],[8.3545,12.196],[8.3592,12.2001],[8.3592,12.2022],[8.364,12.2076],[8.3645,12.2097],[8.3691,12.2139],[8.3745,12.2218],[8.3775,12.2243],[8.3814,12.2252],[8.3824,12.2289],[8.3768,12.2322],[8.3725,12.236],[8.3666,12.2389],[8.3599,12.2395],[8.3572,12.2446],[8.3544,12.2433],[8.3539,12.2471],[8.3509,12.2495],[8.346,12.249],[8.3445,12.2511],[8.3414,12.2521],[8.3388,12.2507],[8.3352,12.2524],[8.3331,12.2555],[8.3302,12.2523],[8.3277,12.2432],[8.322,12.2354],[8.3146,12.2357],[8.3099,12.231],[8.3114,12.2261],[8.3098,12.2255],[8.3039,12.2267],[8.2979,12.2307],[8.3028,12.2402],[8.3015,12.2446],[8.2979,12.2508],[8.2997,12.2582],[8.3051,12.2601],[8.3096,12.26],[8.3087,12.2635],[8.3104,12.2692],[8.3062,12.271],[8.3003,12.2701],[8.299,12.2713],[8.2968,12.279],[8.2972,12.2828],[8.2995,12.2845],[8.3036,12.2857],[8.2999,12.2935],[8.3027,12.2967],[8.3017,12.299],[8.3027,12.3043]]]},"properties":{"name":"BADUME","state":"19","code":"19/05/01"}},{"type":"Feature","geometry":{"type":"Polygon","coordinates":[[[8.159,12.2048],[8.1619,12.2094],[8.1619,12.2154],[8.1651,12.2188],[8.1653,12.2222],[8.1674,12.2247],[8.1701,12.2237],[8.1796,12.2248],[8.1845,12.2241],[8.187,12.2228],[8.1891,12.2193],[8.1921,12.2166],[8.1947,12.2157],[8.201,12.2114],[8.2039,12.2115],[8.207,12.2143],[8.211,12.2157],[8.2164,12.2157],[8.221,12.2132],[8.2227,12.2136],[8.224,12.2096],[8.2271,12.2058],[8.2304,12.2088],[8.2341,12.2081],[8.237,12.2111],[8.2404,12.2209],[8.2452,12.2191],[8.248,12.2131],[8.2552,12.209],[8.2595,12.2047],[8.2632,12.203],[8.2672,12.2046],[8.2681,12.2095],[8.2714,12.2138],[8.274,12.2143],[8.2748,12.2182],[8.2785,12.2288],[8.2799,12.238],[8.2774,12.2406],[8.2713,12.2379],[8.2679,12.2343],[8.2672,12.2235],[8.2644,12.2208],[8.2612,12.221],[8.252,12.2262],[8.2514,12.2365],[8.2505,12.2418],[8.2546,12.2436],[8.255,12.2455],[8.2517,12.2499],[8.2397,12.2512],[8.2354,12.2473],[8.2305,12.2459],[8.2227,12.2512],[8.2208,12.2542],[8.2103,12.2622],[8.2065,12.2588],[8.2042,12.253],[8.2036,12.2461],[8.2001,12.2438],[8.1977,12.2448],[8.1946,12.2506],[8.1929,12.251],[8.1883,12.2489],[8.1865,12.2464],[8.1857,12.2417],[8.1833,12.2405],[8.1793,12.243],[8.1756,12.2465],[8.1729,12.2456],[8.168,12.2477],[8.1647,12.2459],[8.1614,12.246],[8.1586,12.244],[8.1551,12.2458],[8.1481,12.2439],[8.1424,12.2483],[8.1403,12.2527],[8.1415,12.2584],[8.1373,12.2598],[8.1344,12.259],[8.1309,12.2557],[8.1241,12.2526],[8.1183,12.2511],[8.1195,12.2432],[8.1193,12.2399],[8.1147,12.2338],[8.1176,12.2306],[8.1167,12.226],[8.1168,12.2206],[8.1151,12.2178],[8.1155,12.2146],[8.1133,12.2054],[8.1105,12.204],[8.1115,12.1986],[8.1139,12.1942],[8.1132,12.1906],[8.117,12.1879],[8.1178,12.1862],[8.1218,12.1916],[8.1235,12.196],[8.1295,12.1967],[8.1316,12.1994],[8.1383,12.197],[8.1421,12.1937],[8.1423,12.1918],[8.1485,12.1895],[8.1537,12.1983],[8.1578,12.2015],[8.159,12.2048]]]},"properties":{"name":"BICHI","state":"19","code":"19/05/02"}},{"type":"Feature","geometry":{"type":"Polygon","coordinates":[[[8.1485,12.4397],[8.1302,12.4412],[8.1121,12.4208],[8.1122,12.4165],[8.1143,12.4104],[8.1136,12.4072],[8.1147,12.4037],[8.1152,12.3926],[8.1133,12.3917],[8.1105,12.3854],[8.1112,12.3795],[8.1142,12.3729],[8.1096,12.3706],[8.1029,12.363],[8.0983,12.3667],[8.0981,12.3687],[8.0931,12.3697],[8.0898,12.3721],[8.0865,12.3718],[8.085,12.37],[8.0785,12.3686],[8.0726,12.3729],[8.0733,12.3677],[8.0743,12.3623],[8.0782,12.3578],[8.0773,12.3492],[8.0779,12.3424],[8.0804,12.3379],[8.0823,12.331],[8.0888,12.3276],[8.0894,12.325],[8.0867,12.3226],[8.0864,12.3194],[8.0835,12.3148],[8.0852,12.3139],[8.0928,12.3135],[8.0975,12.312],[8.1001,12.3049],[8.1046,12.308],[8.1094,12.3088],[8.114,12.3076],[8.1188,12.3052],[8.1201,12.3057],[8.1176,12.3108],[8.1191,12.314],[8.1195,12.3182],[8.1173,12.3221],[8.1141,12.3248],[8.1192,12.3298],[8.1254,12.3347],[8.1318,12.3346],[8.1367,12.3316],[8.1394,12.3329],[8.1453,12.3409],[8.1478,12.3486],[8.1456,12.3511],[8.1446,12.3543],[8.139,12.3565],[8.1365,12.3598],[8.1319,12.3632],[8.1301,12.3692],[8.141,12.3719],[8.1471,12.3728],[8.1504,12.3722],[8.1525,12.3693],[8.1535,12.3651],[8.1519,12.3637],[8.1508,12.3553],[8.1555,12.3561],[8.1619,12.3542],[8.1667,12.3573],[8.1737,12.3479],[8.1769,12.3472],[8.1818,12.3488],[8.1827,12.351],[8.1864,12.352],[8.1864,12.3567],[8.1788,12.3618],[8.1767,12.3646],[8.1807,12.3692],[8.1831,12.368],[8.1856,12.3714],[8.1812,12.3724],[8.1707,12.3783],[8.1794,12.388],[8.1807,12.3882],[8.1836,12.392],[8.186,12.3985],[8.1843,12.4008],[8.1771,12.404],[8.1738,12.4067],[8.1686,12.4073],[8.1676,12.4116],[8.1633,12.412],[8.1575,12.4155],[8.1601,12.4257],[8.1593,12.43],[8.1571,12.4331],[8.1504,12.4356],[8.1485,12.4397]]]},"properties":{"name":"DANZABUWA","state":"19","code":"19/05/03"}},{"type":"Feature","geometry":{"type":"MultiPolygon","coordinates":[[[[8.486,12.2607],[8.4835,12.2663],[8.4772,12.2693],[8.4751,12.2748],[8.4771,12.2786],[8.4763,12.2829],[8.474,12.2874],[8.4821,12.294],[8.478,12.2986],[8.4722,12.3006],[8.4719,12.3059],[8.4638,12.3094],[8.461,12.3098],[8.4572,12.3084],[8.4508,12.3086],[8.4491,12.3205],[8.4473,12.3229],[8.444,12.322],[8.4387,12.3146],[8.4353,12.3116],[8.4357,12.3101],[8.4324,12.3056],[8.4335,12.2986],[8.4316,12.2968],[8.4287,12.2903],[8.4299,12.2877],[8.4269,12.2841],[8.4282,12.2807],[8.4238,12.2737],[8.4242,12.2706],[8.4271,12.267],[8.4283,12.2635],[8.4324,12.2622],[8.4354,12.2579],[8.4321,12.2574],[8.4285,12.2587],[8.424,12.2579],[8.4295,12.2544],[8.4317,12.2522],[8.4317,12.2453],[8.4343,12.2407],[8.4398,12.2369],[8.4405,12.2305],[8.4443,12.229],[8.4472,12.2298],[8.4511,12.2292],[8.4558,12.2337],[8.4598,12.2356],[8.4601,12.2381],[8.4627,12.2427],[8.4651,12.2442],[8.4703,12.2446],[8.4733,12.2463],[8.4777,12.2535],[8.483,12.2574],[8.486,12.2607]]],[[[8.3768,12.2322],[8.3782,12.2363],[8.379,12.2472],[8.3818,12.2497],[8.3855,12.2546],[8.3801,12.2591],[8.3776,12.2597],[8.3733,12.2629],[8.3692,12.2611],[8.3646,12.2624],[8.3569,12.2676],[8.358,12.2712],[8.3567,12.2727],[8.3549,12.2793],[8.3499,12.2768],[8.345,12.2785],[8.3432,12.282],[8.3371,12.2801],[8.3349,12.2785],[8.3336,12.2753],[8.3336,12.2661],[8.333,12.2633],[8.3338,12.257],[8.3331,12.2555],[8.3352,12.2524],[8.3388,12.2507],[8.3414,12.2521],[8.3445,12.2511],[8.346,12.249],[8.3509,12.2495],[8.3539,12.2471],[8.3544,12.2433],[8.3572,12.2446],[8.3599,12.2395],[8.3666,12.2389],[8.3725,12.236],[8.3768,12.2322]]]]},"properties":{"name":"FAGOLO","state":"19","code":"19/05/04"}},{"type":"Feature","geometry":{"type":"Polygon","coordinates":[[[8.2421,12.2748],[8.2398,12.2814],[8.2372,12.2865],[8.2337,12.2901],[8.2313,12.2965],[8.2334,12.2986],[8.229,12.3036],[8.2309,12.309],[8.2282,12.3118],[8.2222,12.3095],[8.2207,12.3123],[8.2154,12.3124],[8.2111,12.3148],[8.2076,12.3109],[8.2043,12.3092],[8.1988,12.308],[8.1949,12.2999],[8.199,12.2877],[8.1989,12.2853],[8.1948,12.2829],[8.1919,12.2822],[8.1896,12.2798],[8.1865,12.2706],[8.1811,12.2673],[8.1737,12.266],[8.1701,12.263],[8.1702,12.2602],[8.1747,12.2551],[8.1756,12.2465],[8.1793,12.243],[8.1833,12.2405],[8.1857,12.2417],[8.1865,12.2464],[8.1883,12.2489],[8.1929,12.251],[8.1946,12.2506],[8.1977,12.2448],[8.2001,12.2438],[8.2036,12.2461],[8.2042,12.253],[8.2065,12.2588],[8.2103,12.2622],[8.2208,12.2542],[8.2227,12.2512],[8.2305,12.2459],[8.2354,12.2473],[8.2397,12.2512],[8.2517,12.2499],[8.255,12.2455],[8.2546,12.2436],[8.2505,12.2418],[8.2514,12.2365],[8.252,12.2262],[8.2612,12.221],[8.2644,12.2208],[8.2672,12.2235],[8.2679,12.2343],[8.2713,12.2379],[8.2774,12.2406],[8.2734,12.2439],[8.2761,12.2466],[8.2817,12.2494],[8.2851,12.2534],[8.2833,12.2606],[8.2785,12.2657],[8.2742,12.2667],[8.2703,12.2657],[8.2661,12.2671],[8.2608,12.2702],[8.2547,12.2706],[8.2529,12.2726],[8.2479,12.2712],[8.2435,12.2727],[8.2421,12.2748]]]},"properties":{"name":"KAUKAU","state":"19","code":"19/05/05"}},{"type":"Feature","geometry":{"type":"Polygon","coordinates":[[[8.3733,12.2629],[8.3745,12.2663],[8.3796,12.2674],[8.383,12.266],[8.3839,12.2684],[8.3886,12.2729],[8.3835,12.2764],[8.3835,12.2781],[8.3875,12.2821],[8.3882,12.2864],[8.3935,12.2853],[8.3973,12.2826],[8.3998,12.2874],[8.4036,12.2899],[8.405,12.2892],[8.4115,12.2969],[8.4105,12.3028],[8.4117,12.3056],[8.4088,12.3073],[8.4124,12.3144],[8.4133,12.318],[8.4112,12.3259],[8.4165,12.3324],[8.4199,12.3381],[8.424,12.3409],[8.4242,12.3446],[8.4211,12.346],[8.4148,12.3462],[8.4114,12.349],[8.4084,12.3477],[8.4088,12.3432],[8.4056,12.3432],[8.3936,12.34],[8.3927,12.3439],[8.3889,12.3415],[8.3834,12.3425],[8.3813,12.3491],[8.3744,12.3487],[8.3708,12.3458],[8.3644,12.3449],[8.3643,12.3406],[8.3598,12.3365],[8.3619,12.3338],[8.3647,12.3271],[8.3655,12.3221],[8.3683,12.3161],[8.364,12.315],[8.3585,12.3069],[8.3552,12.3054],[8.3496,12.3045],[8.3455,12.3005],[8.3447,12.2972],[8.3458,12.2921],[8.3542,12.2878],[8.3499,12.2862],[8.3432,12.282],[8.345,12.2785],[8.3499,12.2768],[8.3549,12.2793],[8.3567,12.2727],[8.358,12.2712],[8.3569,12.2676],[8.3646,12.2624],[8.3692,12.2611],[8.3733,12.2629]]]},"properties":{"name":"KWAMARAWA","state":"19","code":"19/05/06"}},{"type":"Feature","geometry":{"type":"Polygon","coordinates":[[[8.1756,12.2465],[8.1747,12.2551],[8.1702,12.2602],[8.1701,12.263],[8.1737,12.266],[8.1811,12.2673],[8.1865,12.2706],[8.1896,12.2798],[8.1919,12.2822],[8.1948,12.2829],[8.1989,12.2853],[8.199,12.2877],[8.1949,12.2999],[8.1988,12.308],[8.2043,12.3092],[8.2076,12.3109],[8.2111,12.3148],[8.2095,12.3179],[8.2109,12.3225],[8.2102,12.3294],[8.2151,12.3363],[8.2104,12.3378],[8.2056,12.3412],[8.2027,12.3395],[8.2004,12.3405],[8.1969,12.3393],[8.1939,12.344],[8.1874,12.3442],[8.1844,12.3451],[8.1783,12.3447],[8.1755,12.3436],[8.1737,12.3479],[8.1667,12.3573],[8.1619,12.3542],[8.1555,12.3561],[8.1508,12.3553],[8.1519,12.3637],[8.1535,12.3651],[8.1525,12.3693],[8.1504,12.3722],[8.1471,12.3728],[8.141,12.3719],[8.1301,12.3692],[8.1319,12.3632],[8.1365,12.3598],[8.139,12.3565],[8.1446,12.3543],[8.1456,12.3511],[8.1478,12.3486],[8.1453,12.3409],[8.1394,12.3329],[8.1367,12.3316],[8.1318,12.3346],[8.1254,12.3347],[8.1192,12.3298],[8.1141,12.3248],[8.1173,12.3221],[8.1195,12.3182],[8.1191,12.314],[8.1176,12.3108],[8.1201,12.3057],[8.122,12.3018],[8.1173,12.2954],[8.117,12.2906],[8.1154,12.2851],[8.1211,12.2851],[8.1258,12.2826],[8.1326,12.2773],[8.142,12.2754],[8.1436,12.2721],[8.1442,12.267],[8.1475,12.2626],[8.1415,12.2584],[8.1403,12.2527],[8.1424,12.2483],[8.1481,12.2439],[8.1551,12.2458],[8.1586,12.244],[8.1614,12.246],[8.1647,12.2459],[8.168,12.2477],[8.1729,12.2456],[8.1756,12.2465]]]},"properties":{"name":"KYALLI","state":"19","code":"19/05/07"}},{"type":"Feature","geometry":{"type":"Polygon","coordinates":[[[8.1792,12.1659],[8.1823,12.1642],[8.1874,12.1662],[8.19,12.1622],[8.1939,12.1532],[8.1952,12.1522],[8.2002,12.1526],[8.2026,12.1505],[8.2082,12.1637],[8.2113,12.165],[8.2157,12.1644],[8.217,12.1656],[8.2186,12.1721],[8.224,12.1742],[8.2253,12.1712],[8.2295,12.1662],[8.2314,12.1622],[8.2391,12.1645],[8.2458,12.1621],[8.2477,12.1598],[8.2514,12.1614],[8.2587,12.1611],[8.2555,12.1687],[8.2559,12.1732],[8.2588,12.1762],[8.2632,12.1779],[8.269,12.1775],[8.2724,12.1801],[8.2769,12.1802],[8.282,12.1856],[8.2877,12.1966],[8.288,12.2003],[8.2901,12.2035],[8.2817,12.2094],[8.278,12.2089],[8.274,12.2143],[8.2714,12.2138],[8.2681,12.2095],[8.2672,12.2046],[8.2632,12.203],[8.2595,12.2047],[8.2552,12.209],[8.248,12.2131],[8.2452,12.2191],[8.2404,12.2209],[8.237,12.2111],[8.2341,12.2081],[8.2304,12.2088],[8.2271,12.2058],[8.224,12.2096],[8.2227,12.2136],[8.221,12.2132],[8.2164,12.2157],[8.211,12.2157],[8.207,12.2143],[8.2039,12.2115],[8.201,12.2114],[8.1947,12.2157],[8.1921,12.2166],[8.1891,12.2193],[8.187,12.2228],[8.1845,12.2241],[8.1796,12.2248],[8.1701,12.2237],[8.1674,12.2247],[8.1653,12.2222],[8.1651,12.2188],[8.1619,12.2154],[8.1619,12.2094],[8.159,12.2048],[8.1671,12.2037],[8.17,12.2049],[8.1766,12.2058],[8.1794,12.205],[8.1801,12.1997],[8.1817,12.1975],[8.1818,12.1933],[8.1783,12.1889],[8.1794,12.1866],[8.1846,12.1834],[8.1864,12.1794],[8.1831,12.1769],[8.182,12.1716],[8.1792,12.1659]]]},"properties":{"name":"MUNTSIRA","state":"19","code":"19/05/08"}},{"type":"Feature","geometry":{"type":"Polygon","coordinates":[[[8.3824,12.2289],[8.3878,12.2279],[8.3888,12.2232],[8.3961,12.2209],[8.3989,12.2282],[8.3985,12.2331],[8.3995,12.236],[8.4031,12.2367],[8.4034,12.2432],[8.4068,12.2501],[8.4153,12.2516],[8.4201,12.2569],[8.424,12.2579],[8.4285,12.2587],[8.4321,12.2574],[8.4354,12.2579],[8.4324,12.2622],[8.4283,12.2635],[8.4271,12.267],[8.4242,12.2706],[8.4238,12.2737],[8.4282,12.2807],[8.4269,12.2841],[8.4193,12.285],[8.4172,12.2901],[8.4133,12.2961],[8.4115,12.2969],[8.405,12.2892],[8.4036,12.2899],[8.3998,12.2874],[8.3973,12.2826],[8.3935,12.2853],[8.3882,12.2864],[8.3875,12.2821],[8.3835,12.2781],[8.3835,12.2764],[8.3886,12.2729],[8.3839,12.2684],[8.383,12.266],[8.3796,12.2674],[8.3745,12.2663],[8.3733,12.2629],[8.3776,12.2597],[8.3801,12.2591],[8.3855,12.2546],[8.3818,12.2497],[8.379,12.2472],[8.3782,12.2363],[8.3768,12.2322],[8.3824,12.2289]]]},"properties":{"name":"SAYE","state":"19","code":"19/05/09"}},{"type":"Feature","geometry":{"type":"Polygon","coordinates":[[[8.3027,12.3043],[8.308,12.3073],[8.3115,12.3126],[8.3091,12.3197],[8.3077,12.3213],[8.3058,12.3301],[8.304,12.3339],[8.3069,12.3349],[8.3117,12.3388],[8.3086,12.3422],[8.3086,12.3457],[8.3068,12.3476],[8.3009,12.3512],[8.2919,12.3518],[8.2874,12.3484],[8.2831,12.3473],[8.2764,12.3492],[8.2743,12.3522],[8.2713,12.3517],[8.2677,12.3506],[8.2649,12.3468],[8.2568,12.3427],[8.2539,12.3449],[8.2517,12.3505],[8.2495,12.3509],[8.2455,12.3578],[8.2517,12.3655],[8.2466,12.3693],[8.2451,12.3742],[8.242,12.3717],[8.2393,12.3742],[8.2384,12.3769],[8.2333,12.3801],[8.229,12.3767],[8.2281,12.3739],[8.2243,12.3711],[8.2242,12.3695],[8.2184,12.3667],[8.2146,12.3638],[8.2098,12.3615],[8.2045,12.3617],[8.203,12.3598],[8.2032,12.356],[8.2083,12.3515],[8.2062,12.3484],[8.2085,12.3448],[8.2056,12.3412],[8.2104,12.3378],[8.2151,12.3363],[8.2102,12.3294],[8.2109,12.3225],[8.2095,12.3179],[8.2111,12.3148],[8.2154,12.3124],[8.2207,12.3123],[8.2222,12.3095],[8.2282,12.3118],[8.2309,12.309],[8.229,12.3036],[8.2334,12.2986],[8.2313,12.2965],[8.2337,12.2901],[8.2372,12.2865],[8.2398,12.2814],[8.2421,12.2748],[8.245,12.2774],[8.2501,12.2795],[8.2536,12.2834],[8.2571,12.2857],[8.2604,12.2893],[8.2604,12.2937],[8.2657,12.2938],[8.2795,12.2888],[8.2833,12.2901],[8.2845,12.2928],[8.2875,12.3054],[8.292,12.308],[8.3027,12.3043]]]},"properties":{"name":"WAIRE","state":"19","code":"19/05/10"}},{"type":"Feature","geometry":{"type":"Polygon","coordinates":[[[8.3331,12.2555],[8.3338,12.257],[8.333,12.2633],[8.3336,12.2661],[8.3336,12.2753],[8.3349,12.2785],[8.3371,12.2801],[8.3432,12.282],[8.3499,12.2862],[8.3542,12.2878],[8.3458,12.2921],[8.3447,12.2972],[8.3455,12.3005],[8.3496,12.3045],[8.3552,12.3054],[8.3585,12.3069],[8.364,12.315],[8.3683,12.3161],[8.3655,12.3221],[8.3647,12.3271],[8.3619,12.3338],[8.3598,12.3365],[8.3643,12.3406],[8.3644,12.3449],[8.3708,12.3458],[8.3744,12.3487],[8.3813,12.3491],[8.3834,12.3425],[8.3889,12.3415],[8.3927,12.3439],[8.3936,12.34],[8.4056,12.3432],[8.4088,12.3432],[8.4084,12.3477],[8.4114,12.349],[8.4148,12.3462],[8.4211,12.346],[8.4242,12.3446],[8.424,12.3409],[8.4199,12.3381],[8.4165,12.3324],[8.4112,12.3259],[8.4133,12.318],[8.4124,12.3144],[8.4088,12.3073],[8.4117,12.3056],[8.4105,12.3028],[8.4115,12.2969],[8.4133,12.2961],[8.4172,12.2901],[8.4193,12.285],[8.4269,12.2841],[8.4299,12.2877],[8.4287,12.2903],[8.4316,12.2968],[8.4335,12.2986],[8.4324,12.3056],[8.4357,12.3101],[8.4353,12.3116],[8.4387,12.3146],[8.444,12.322],[8.4381,12.3248],[8.4349,12.3285],[8.4383,12.3337],[8.4365,12.3346],[8.4376,12.3389],[8.4355,12.3421],[8.4363,12.345],[8.4409,12.3467],[8.4435,12.3501],[8.4361,12.3506],[8.4334,12.3521],[8.4333,12.3563],[8.4224,12.3545],[8.4178,12.3526],[8.4058,12.3511],[8.3936,12.3522],[8.3883,12.3516],[8.3734,12.3556],[8.3651,12.3552],[8.3618,12.3563],[8.3585,12.3622],[8.3563,12.3594],[8.3524,12.3585],[8.3462,12.3545],[8.3403,12.3498],[8.3382,12.3449],[8.3335,12.3437],[8.3273,12.3339],[8.32,12.3339],[8.3156,12.3317],[8.313,12.3283],[8.3058,12.3301],[8.3077,12.3213],[8.3091,12.3197],[8.3115,12.3126],[8.308,12.3073],[8.3027,12.3043],[8.3017,12.299],[8.3027,12.2967],[8.2999,12.2935],[8.3036,12.2857],[8.2995,12.2845],[8.2972,12.2828],[8.2968,12.279],[8.299,12.2713],[8.3003,12.2701],[8.3062,12.271],[8.3104,12.2692],[8.3087,12.2635],[8.3096,12.26],[8.3051,12.2601],[8.2997,12.2582],[8.2979,12.2508],[8.3015,12.2446],[8.3028,12.2402],[8.2979,12.2307],[8.3039,12.2267],[8.3098,12.2255],[8.3114,12.2261],[8.3099,12.231],[8.3146,12.2357],[8.322,12.2354],[8.3277,12.2432],[8.3302,12.2523],[8.3331,12.2555]]]},"properties":{"name":"YALLAMI","state":"19","code":"19/05/11"}},{"type":"Feature","geometry":{"type":"Polygon","coordinates":[[[8.6664,11.6621],[8.6606,11.6628],[8.6599,11.6688],[8.6615,11.6793],[8.6585,11.6821],[8.6603,11.6858],[8.6651,11.6879],[8.6634,11.6902],[8.6591,11.6901],[8.6585,11.6923],[8.6607,11.6954],[8.659,11.6999],[8.6547,11.7017],[8.6521,11.6996],[8.6491,11.7007],[8.6403,11.6881],[8.6355,11.6863],[8.6308,11.686],[8.628,11.6868],[8.6283,11.6818],[8.6318,11.6731],[8.6283,11.6719],[8.627,11.6698],[8.6242,11.6714],[8.6229,11.6688],[8.6194,11.6666],[8.6139,11.6617],[8.6116,11.6565],[8.6161,11.653],[8.6197,11.652],[8.6208,11.6473],[8.6203,11.6426],[8.621,11.6386],[8.6243,11.632],[8.6302,11.6356],[8.6358,11.634],[8.6391,11.6342],[8.6421,11.6327],[8.6458,11.6326],[8.6468,11.6309],[8.6515,11.6298],[8.6529,11.631],[8.6563,11.6386],[8.6658,11.6367],[8.6727,11.6329],[8.679,11.6358],[8.6844,11.6342],[8.6871,11.6353],[8.6904,11.6326],[8.6988,11.6303],[8.705,11.631],[8.7067,11.6272],[8.7099,11.6265],[8.7155,11.6287],[8.7171,11.6319],[8.7128,11.6374],[8.7072,11.6371],[8.7046,11.6397],[8.7056,11.6466],[8.7047,11.6494],[8.7014,11.6507],[8.6795,11.6574],[8.6753,11.657],[8.6713,11.6544],[8.6672,11.6542],[8.6664,11.6621]]]},"properties":{"name":"BARKUM","state":"19","code":"19/06/01"}},{"type":"Feature","geometry":{"type":"Polygon","coordinates":[[[8.5703,11.6752],[8.569,11.6771],[8.5715,11.6805],[8.5716,11.686],[8.5759,11.6908],[8.5746,11.6947],[8.5758,11.7],[8.5733,11.703],[8.5642,11.7028],[8.5621,11.7017],[8.5526,11.7049],[8.5501,11.701],[8.5452,11.7015],[8.5429,11.7005],[8.5405,11.7051],[8.5257,11.701],[8.5205,11.7006],[8.5192,11.698],[8.5137,11.698],[8.5088,11.6991],[8.5064,11.7006],[8.498,11.7007],[8.4949,11.699],[8.4944,11.6965],[8.497,11.6863],[8.5026,11.6851],[8.5069,11.678],[8.5085,11.6743],[8.5112,11.673],[8.5135,11.6695],[8.5251,11.6637],[8.5291,11.6607],[8.5308,11.6539],[8.53,11.6506],[8.5347,11.6499],[8.5368,11.6481],[8.5424,11.6481],[8.5424,11.6501],[8.549,11.6515],[8.5535,11.6534],[8.5561,11.6571],[8.5548,11.6658],[8.5605,11.668],[8.5666,11.671],[8.5666,11.6734],[8.5703,11.6752]]]},"properties":{"name":"BUNKURE","state":"19","code":"19/06/02"}},{"type":"Feature","geometry":{"type":"Polygon","coordinates":[[[8.6547,11.7017],[8.6511,11.7098],[8.6511,11.7134],[8.6525,11.716],[8.6584,11.7198],[8.6603,11.726],[8.653,11.7334],[8.6492,11.7396],[8.6403,11.733],[8.6385,11.73],[8.6354,11.727],[8.6304,11.7282],[8.6239,11.7334],[8.6192,11.7385],[8.619,11.741],[8.6146,11.7427],[8.6138,11.7449],[8.6098,11.7442],[8.6031,11.739],[8.5982,11.7404],[8.593,11.7404],[8.5885,11.7446],[8.5869,11.7474],[8.582,11.7438],[8.5775,11.7448],[8.5714,11.7424],[8.5674,11.7417],[8.5621,11.7382],[8.5605,11.7333],[8.5577,11.7349],[8.5511,11.7364],[8.5443,11.736],[8.5393,11.7332],[8.5404,11.73],[8.5406,11.7256],[8.5377,11.7247],[8.5387,11.7193],[8.5408,11.7165],[8.5428,11.708],[8.5405,11.7051],[8.5429,11.7005],[8.5452,11.7015],[8.5501,11.701],[8.5526,11.7049],[8.5535,11.7084],[8.5559,11.7122],[8.5608,11.7155],[8.5633,11.7211],[8.5642,11.7256],[8.57,11.7242],[8.5711,11.7218],[8.5742,11.7197],[8.5788,11.7193],[8.5847,11.7227],[8.5908,11.715],[8.5918,11.712],[8.5954,11.7112],[8.6028,11.7111],[8.6073,11.7124],[8.6114,11.7124],[8.6117,11.7101],[8.6151,11.7054],[8.6107,11.7],[8.6131,11.6969],[8.6159,11.6894],[8.628,11.6868],[8.6308,11.686],[8.6355,11.6863],[8.6403,11.6881],[8.6491,11.7007],[8.6521,11.6996],[8.6547,11.7017]]]},"properties":{"name":"BONO","state":"19","code":"19/06/03"}},{"type":"Feature","geometry":{"type":"Polygon","coordinates":[[[8.5112,11.673],[8.5096,11.6696],[8.512,11.6658],[8.5103,11.6647],[8.508,11.6585],[8.5127,11.6542],[8.5122,11.6515],[8.5126,11.6452],[8.5095,11.6425],[8.5092,11.6404],[8.5044,11.6386],[8.5034,11.6347],[8.5005,11.6299],[8.5002,11.6254],[8.4975,11.6206],[8.4942,11.6188],[8.4917,11.6148],[8.488,11.611],[8.4852,11.6098],[8.4803,11.6093],[8.4789,11.6059],[8.4786,11.6013],[8.4747,11.5993],[8.4665,11.5994],[8.4616,11.5961],[8.4548,11.5975],[8.4547,11.5948],[8.4567,11.5866],[8.4632,11.5797],[8.4633,11.5764],[8.4616,11.5734],[8.462,11.5686],[8.4608,11.5655],[8.4568,11.5632],[8.4534,11.56],[8.4536,11.5573],[8.4577,11.5598],[8.46,11.5587],[8.4586,11.5485],[8.463,11.5525],[8.4671,11.5536],[8.4692,11.5553],[8.4728,11.5558],[8.4761,11.5578],[8.4799,11.5584],[8.4807,11.5625],[8.4859,11.5645],[8.4923,11.5622],[8.4967,11.5597],[8.501,11.5592],[8.5048,11.5604],[8.5088,11.5655],[8.506,11.5674],[8.5112,11.5699],[8.517,11.57],[8.5212,11.5731],[8.5248,11.5732],[8.5271,11.5769],[8.5295,11.5831],[8.526,11.5835],[8.5213,11.5857],[8.5191,11.5896],[8.5162,11.5887],[8.5116,11.5894],[8.5122,11.5951],[8.5149,11.5972],[8.518,11.5969],[8.5208,11.5984],[8.5262,11.5988],[8.5295,11.6028],[8.5324,11.6049],[8.5328,11.6098],[8.5351,11.612],[8.5388,11.6103],[8.5429,11.6048],[8.5461,11.6036],[8.5535,11.6124],[8.5562,11.6143],[8.5543,11.6178],[8.5514,11.6203],[8.5472,11.622],[8.5473,11.6254],[8.5438,11.636],[8.5435,11.6417],[8.5424,11.6481],[8.5368,11.6481],[8.5347,11.6499],[8.53,11.6506],[8.5308,11.6539],[8.5291,11.6607],[8.5251,11.6637],[8.5135,11.6695],[8.5112,11.673]]]},"properties":{"name":"CHIRIN","state":"19","code":"19/06/04"}},{"type":"Feature","geometry":{"type":"Polygon","coordinates":[[[8.5405,11.7051],[8.5428,11.708],[8.5408,11.7165],[8.5387,11.7193],[8.5377,11.7247],[8.5406,11.7256],[8.5404,11.73],[8.5393,11.7332],[8.5314,11.7301],[8.5239,11.73],[8.523,11.7378],[8.5148,11.7438],[8.5087,11.7469],[8.5079,11.7457],[8.5016,11.7471],[8.4961,11.7462],[8.4963,11.7428],[8.4923,11.7377],[8.4928,11.7366],[8.4898,11.7309],[8.4898,11.7287],[8.4875,11.725],[8.4821,11.7237],[8.4796,11.7219],[8.4765,11.7229],[8.4744,11.7219],[8.4689,11.7218],[8.4641,11.7197],[8.4635,11.718],[8.4592,11.7161],[8.4587,11.7126],[8.4541,11.7095],[8.4541,11.7055],[8.4516,11.7012],[8.4525,11.7],[8.4517,11.6943],[8.4499,11.6915],[8.4455,11.6877],[8.4388,11.6876],[8.4351,11.6868],[8.4328,11.6843],[8.4328,11.6751],[8.4361,11.6702],[8.436,11.6663],[8.442,11.6643],[8.4486,11.6639],[8.4506,11.6645],[8.4564,11.6591],[8.4581,11.6556],[8.4633,11.6558],[8.4652,11.6529],[8.4746,11.6548],[8.4788,11.6543],[8.4803,11.6514],[8.4787,11.6441],[8.4798,11.6426],[8.4815,11.6312],[8.4803,11.6291],[8.4837,11.6206],[8.4837,11.6162],[8.4789,11.6133],[8.4803,11.6093],[8.4852,11.6098],[8.488,11.611],[8.4917,11.6148],[8.4942,11.6188],[8.4975,11.6206],[8.5002,11.6254],[8.5005,11.6299],[8.5034,11.6347],[8.5044,11.6386],[8.5092,11.6404],[8.5095,11.6425],[8.5126,11.6452],[8.5122,11.6515],[8.5127,11.6542],[8.508,11.6585],[8.5103,11.6647],[8.512,11.6658],[8.5096,11.6696],[8.5112,11.673],[8.5085,11.6743],[8.5069,11.678],[8.5026,11.6851],[8.497,11.6863],[8.4944,11.6965],[8.4949,11.699],[8.498,11.7007],[8.5064,11.7006],[8.5088,11.6991],[8.5137,11.698],[8.5192,11.698],[8.5205,11.7006],[8.5257,11.701],[8.5405,11.7051]]]},"properties":{"name":"GAFAN","state":"19","code":"19/06/05"}},{"type":"Feature","geometry":{"type":"Polygon","coordinates":[[[8.5869,11.7474],[8.5862,11.7568],[8.5878,11.7615],[8.5874,11.7636],[8.5842,11.7654],[8.5808,11.7654],[8.5786,11.768],[8.5777,11.7748],[8.5765,11.7779],[8.5734,11.7797],[8.5719,11.7805],[8.5595,11.7782],[8.555,11.7801],[8.5495,11.776],[8.5441,11.774],[8.539,11.7753],[8.5375,11.7776],[8.5332,11.7763],[8.5296,11.7782],[8.5281,11.7725],[8.5241,11.7689],[8.5199,11.7675],[8.5148,11.7674],[8.512,11.7613],[8.5077,11.7592],[8.5069,11.7568],[8.5011,11.7569],[8.5011,11.7532],[8.4986,11.7518],[8.4988,11.7478],[8.4961,11.7462],[8.5016,11.7471],[8.5079,11.7457],[8.5087,11.7469],[8.5148,11.7438],[8.523,11.7378],[8.5239,11.73],[8.5314,11.7301],[8.5393,11.7332],[8.5443,11.736],[8.5511,11.7364],[8.5577,11.7349],[8.5605,11.7333],[8.5621,11.7382],[8.5674,11.7417],[8.5714,11.7424],[8.5775,11.7448],[8.582,11.7438],[8.5869,11.7474]]]},"properties":{"name":"GURJIYA","state":"19","code":"19/06/06"}},{"type":"Feature","geometry":{"type":"Polygon","coordinates":[[[8.628,11.6868],[8.6159,11.6894],[8.6131,11.6969],[8.6107,11.7],[8.6151,11.7054],[8.6117,11.7101],[8.6114,11.7124],[8.6073,11.7124],[8.6028,11.7111],[8.5954,11.7112],[8.5918,11.712],[8.5908,11.715],[8.5847,11.7227],[8.5788,11.7193],[8.5742,11.7197],[8.5711,11.7218],[8.57,11.7242],[8.5642,11.7256],[8.5633,11.7211],[8.5608,11.7155],[8.5559,11.7122],[8.5535,11.7084],[8.5526,11.7049],[8.5621,11.7017],[8.5642,11.7028],[8.5733,11.703],[8.5758,11.7],[8.5746,11.6947],[8.5759,11.6908],[8.5716,11.686],[8.5715,11.6805],[8.569,11.6771],[8.5703,11.6752],[8.573,11.6736],[8.573,11.6714],[8.5793,11.669],[8.5805,11.6653],[8.5848,11.6631],[8.5887,11.665],[8.5928,11.6616],[8.598,11.664],[8.6004,11.6588],[8.6055,11.6571],[8.6116,11.6565],[8.6139,11.6617],[8.6194,11.6666],[8.6229,11.6688],[8.6242,11.6714],[8.627,11.6698],[8.6283,11.6719],[8.6318,11.6731],[8.6283,11.6818],[8.628,11.6868]]]},"properties":{"name":"GWAMMA","state":"19","code":"19/06/07"}},{"type":"Feature","geometry":{"type":"Polygon","coordinates":[[[8.6116,11.6565],[8.6055,11.6571],[8.6004,11.6588],[8.598,11.664],[8.5928,11.6616],[8.5887,11.665],[8.5848,11.6631],[8.5805,11.6653],[8.5793,11.669],[8.573,11.6714],[8.573,11.6736],[8.5703,11.6752],[8.5666,11.6734],[8.5666,11.671],[8.5605,11.668],[8.5548,11.6658],[8.5561,11.6571],[8.5535,11.6534],[8.549,11.6515],[8.5424,11.6501],[8.5424,11.6481],[8.5435,11.6417],[8.5438,11.636],[8.5473,11.6254],[8.5472,11.622],[8.5514,11.6203],[8.5543,11.6178],[8.5562,11.6143],[8.5588,11.614],[8.5651,11.6116],[8.5679,11.6078],[8.5687,11.5998],[8.5651,11.5932],[8.5661,11.589],[8.5701,11.585],[8.5743,11.5848],[8.5794,11.5869],[8.5816,11.5892],[8.5852,11.5902],[8.5915,11.601],[8.59,11.6065],[8.5886,11.6079],[8.5888,11.6131],[8.5903,11.6191],[8.5895,11.6264],[8.5899,11.6305],[8.595,11.6318],[8.6008,11.6323],[8.6032,11.6336],[8.612,11.63],[8.6135,11.6282],[8.6188,11.628],[8.6243,11.632],[8.621,11.6386],[8.6203,11.6426],[8.6208,11.6473],[8.6197,11.652],[8.6161,11.653],[8.6116,11.6565]]]},"properties":{"name":"KULLUWA","state":"19","code":"19/06/08"}},{"type":"Feature","geometry":{"type":"Polygon","coordinates":[[[8.7654,11.7615],[8.7594,11.7638],[8.7516,11.7682],[8.7425,11.7695],[8.7375,11.7676],[8.7298,11.7708],[8.7193,11.77],[8.714,11.7684],[8.7061,11.7697],[8.7039,11.7668],[8.6996,11.7674],[8.6982,11.7624],[8.6993,11.7581],[8.7021,11.7525],[8.7069,11.7494],[8.7066,11.7468],[8.7079,11.7398],[8.7061,11.7316],[8.7002,11.722],[8.6955,11.7182],[8.6931,11.7118],[8.6924,11.7075],[8.6897,11.7036],[8.6894,11.6981],[8.6878,11.6953],[8.6891,11.6883],[8.6876,11.6835],[8.6899,11.6802],[8.6918,11.6748],[8.7008,11.6747],[8.7029,11.6792],[8.7095,11.6837],[8.7139,11.6911],[8.7197,11.6908],[8.7227,11.6933],[8.7244,11.6994],[8.734,11.7037],[8.7357,11.7032],[8.7421,11.7043],[8.7461,11.7068],[8.7547,11.7084],[8.7541,11.7115],[8.7572,11.7131],[8.7579,11.7157],[8.7569,11.721],[8.7571,11.7303],[8.7615,11.734],[8.7621,11.736],[8.7604,11.7391],[8.7623,11.7419],[8.7616,11.7439],[8.7571,11.7473],[8.7589,11.7531],[8.7584,11.7577],[8.7654,11.7615]]]},"properties":{"name":"KUMURYA","state":"19","code":"19/06/09"}},{"type":"Feature","geometry":{"type":"Polygon","coordinates":[[[8.7171,11.6319],[8.7185,11.6321],[8.723,11.6286],[8.7257,11.629],[8.7291,11.6315],[8.7353,11.6319],[8.7362,11.6308],[8.743,11.6313],[8.7533,11.6286],[8.7526,11.6338],[8.7553,11.6358],[8.7548,11.6418],[8.7598,11.6517],[8.7592,11.6519],[8.7567,11.653],[8.7579,11.657],[8.7582,11.6639],[8.7623,11.6634],[8.762,11.6661],[8.7636,11.6706],[8.7674,11.6739],[8.7667,11.6772],[8.7683,11.6795],[8.7652,11.6853],[8.7653,11.688],[8.758,11.6933],[8.7629,11.6942],[8.7585,11.699],[8.7593,11.703],[8.755,11.7067],[8.7547,11.7084],[8.7461,11.7068],[8.7421,11.7043],[8.7357,11.7032],[8.734,11.7037],[8.7244,11.6994],[8.7227,11.6933],[8.7197,11.6908],[8.7139,11.6911],[8.7095,11.6837],[8.7029,11.6792],[8.7008,11.6747],[8.6918,11.6748],[8.6904,11.6717],[8.6858,11.674],[8.6843,11.6758],[8.6779,11.6702],[8.6664,11.6621],[8.6672,11.6542],[8.6713,11.6544],[8.6753,11.657],[8.6795,11.6574],[8.7014,11.6507],[8.7047,11.6494],[8.7056,11.6466],[8.7046,11.6397],[8.7072,11.6371],[8.7128,11.6374],[8.7171,11.6319]]]},"properties":{"name":"SANDA","state":"19","code":"19/06/10"}},{"type":"Feature","geometry":{"type":"Polygon","coordinates":[[[8.5171,12.0115],[8.5104,12.0127],[8.5099,12.0122],[8.511,12.0089],[8.5101,12.0064],[8.5103,12.0051],[8.5124,12.0053],[8.5158,12.0083],[8.5171,12.0115]]]},"properties":{"name":"ADAKAWA","state":"19","code":"19/07/01"}},{"type":"Feature","geometry":{"type":"Polygon","coordinates":[[[8.5095,12.0023],[8.5075,12.0034],[8.5048,12.0008],[8.502,12.0002],[8.4991,11.9945],[8.5022,11.9942],[8.5077,12],[8.5096,12.0012],[8.5095,12.0023]]]},"properties":{"name":"BAKIN RUWA","state":"19","code":"19/07/02"}},{"type":"Feature","geometry":{"type":"Polygon","coordinates":[[[8.5101,12.0064],[8.5078,12.0114],[8.5059,12.011],[8.5005,12.0133],[8.499,12.0117],[8.5028,12.008],[8.5058,12.006],[8.5075,12.0034],[8.5095,12.0023],[8.5103,12.0051],[8.5101,12.0064]]]},"properties":{"name":"DALA","state":"19","code":"19/07/03"}},{"type":"Feature","geometry":{"type":"Polygon","coordinates":[[[8.5048,12.0008],[8.501,12.002],[8.4988,12.001],[8.4947,12.0034],[8.4944,11.9994],[8.4947,11.9959],[8.4991,11.9945],[8.502,12.0002],[8.5048,12.0008]]]},"properties":{"name":"DOGON NAMA","state":"19","code":"19/07/04"}},{"type":"Feature","geometry":{"type":"Polygon","coordinates":[[[8.4743,12.0562],[8.4663,12.0654],[8.4632,12.0637],[8.4651,12.0573],[8.4674,12.0553],[8.4708,12.0457],[8.4731,12.0468],[8.4795,12.0429],[8.4833,12.0373],[8.4809,12.0356],[8.4795,12.0295],[8.4768,12.0296],[8.47,12.0272],[8.469,12.0239],[8.4752,12.0202],[8.4783,12.0193],[8.4802,12.0239],[8.4857,12.0278],[8.4904,12.0284],[8.4898,12.0319],[8.4935,12.0342],[8.4861,12.0411],[8.4812,12.046],[8.4743,12.0562]]]},"properties":{"name":"GOBIRAWA","state":"19","code":"19/07/05"}},{"type":"Feature","geometry":{"type":"Polygon","coordinates":[[[8.5153,12.0275],[8.5018,12.0302],[8.4992,12.0312],[8.5053,12.0154],[8.5097,12.0147],[8.5143,12.0155],[8.5136,12.0174],[8.5159,12.0195],[8.5193,12.0199],[8.5164,12.0225],[8.5153,12.0275]]]},"properties":{"name":"GWAMMAJA","state":"19","code":"19/07/06"}},{"type":"Feature","geometry":{"type":"Polygon","coordinates":[[[8.5104,12.0127],[8.5097,12.0147],[8.5053,12.0154],[8.5005,12.0133],[8.5059,12.011],[8.5078,12.0114],[8.5099,12.0122],[8.5104,12.0127]]]},"properties":{"name":"KABUWAYA","state":"19","code":"19/07/07"}},{"type":"Feature","geometry":{"type":"Polygon","coordinates":[[[8.5099,12.0122],[8.5078,12.0114],[8.5101,12.0064],[8.511,12.0089],[8.5099,12.0122]]]},"properties":{"name":"KANTUDU","state":"19","code":"19/07/08"}},{"type":"Feature","geometry":{"type":"Polygon","coordinates":[[[8.5171,12.0115],[8.5177,12.0151],[8.522,12.0112],[8.5226,12.0169],[8.5193,12.0199],[8.5159,12.0195],[8.5136,12.0174],[8.5143,12.0155],[8.5097,12.0147],[8.5104,12.0127],[8.5171,12.0115]]]},"properties":{"name":"KOFAR MAZUGAL","state":"19","code":"19/07/09"}},{"type":"Feature","geometry":{"type":"Polygon","coordinates":[[[8.5005,12.0133],[8.5053,12.0154],[8.4992,12.0312],[8.4935,12.0342],[8.4898,12.0319],[8.4904,12.0284],[8.4857,12.0278],[8.4802,12.0239],[8.4783,12.0193],[8.4787,12.018],[8.4875,12.0124],[8.4892,12.0107],[8.4959,12.0064],[8.499,12.0117],[8.5005,12.0133]]]},"properties":{"name":"KOFAR RUWA","state":"19","code":"19/07/10"}},{"type":"Feature","geometry":{"type":"Polygon","coordinates":[[[8.5075,12.0034],[8.5058,12.006],[8.5028,12.008],[8.4996,12.005],[8.501,12.002],[8.5048,12.0008],[8.5075,12.0034]]]},"properties":{"name":"MADIGAWA","state":"19","code":"19/07/11"}},{"type":"Feature","geometry":{"type":"Polygon","coordinates":[[[8.499,12.0117],[8.4959,12.0064],[8.4947,12.0034],[8.4988,12.001],[8.501,12.002],[8.4996,12.005],[8.5028,12.008],[8.499,12.0117]]]},"properties":{"name":"YALWA","state":"19","code":"19/07/12"}},{"type":"Feature","geometry":{"type":"Polygon","coordinates":[[[8.4807,12.5234],[8.476,12.5243],[8.4714,12.5262],[8.468,12.5242],[8.4583,12.523],[8.4563,12.5203],[8.4586,12.5137],[8.4534,12.514],[8.4469,12.5136],[8.4452,12.51],[8.4479,12.502],[8.4452,12.4963],[8.4437,12.4915],[8.4451,12.4885],[8.4444,12.4814],[8.441,12.4744],[8.4386,12.4707],[8.4362,12.4644],[8.4358,12.461],[8.4376,12.457],[8.4422,12.4524],[8.4467,12.4447],[8.4498,12.4403],[8.4529,12.4364],[8.4562,12.4396],[8.4608,12.4429],[8.4676,12.4437],[8.4794,12.4484],[8.4844,12.4491],[8.4863,12.4495],[8.4893,12.4531],[8.4927,12.4544],[8.496,12.4543],[8.4998,12.4557],[8.5042,12.4592],[8.5131,12.462],[8.5154,12.4624],[8.5198,12.4613],[8.5299,12.456],[8.5325,12.452],[8.538,12.4558],[8.538,12.4613],[8.5394,12.4649],[8.5447,12.4667],[8.5544,12.464],[8.561,12.4665],[8.5653,12.4755],[8.5634,12.4784],[8.5581,12.4814],[8.5419,12.4862],[8.5397,12.4854],[8.535,12.4856],[8.5234,12.4847],[8.5071,12.4863],[8.4963,12.4851],[8.4903,12.4868],[8.4886,12.489],[8.4892,12.495],[8.4875,12.5008],[8.4886,12.503],[8.4812,12.5099],[8.4814,12.5149],[8.4828,12.5167],[8.4807,12.5234]]]},"properties":{"name":"AJUMAWA","state":"19","code":"19/08/01"}},{"type":"Feature","geometry":{"type":"Polygon","coordinates":[[[8.5131,12.462],[8.5161,12.4523],[8.5157,12.451],[8.5151,12.4324],[8.5138,12.4251],[8.5167,12.4124],[8.5169,12.4047],[8.5153,12.3948],[8.5159,12.3868],[8.5197,12.3885],[8.5275,12.3848],[8.5296,12.3819],[8.5295,12.3796],[8.5325,12.3767],[8.5353,12.3777],[8.5429,12.3777],[8.5477,12.3785],[8.5502,12.3833],[8.5502,12.3898],[8.5484,12.3921],[8.5456,12.3987],[8.5462,12.404],[8.5505,12.4086],[8.5474,12.4125],[8.5457,12.417],[8.5403,12.4215],[8.5414,12.4256],[8.5468,12.4315],[8.5436,12.4336],[8.5424,12.4379],[8.5393,12.4414],[8.5351,12.4437],[8.5323,12.4493],[8.5325,12.452],[8.5299,12.456],[8.5198,12.4613],[8.5154,12.4624],[8.5131,12.462]]]},"properties":{"name":"DANBATTA EAST","state":"19","code":"19/08/02"}},{"type":"Feature","geometry":{"type":"Polygon","coordinates":[[[8.4844,12.4491],[8.4921,12.4297],[8.4933,12.4217],[8.4861,12.4162],[8.486,12.4136],[8.4906,12.4102],[8.4914,12.4083],[8.4885,12.3962],[8.487,12.3899],[8.4822,12.3867],[8.4786,12.3853],[8.475,12.3794],[8.4766,12.3762],[8.4703,12.374],[8.4635,12.3703],[8.4596,12.367],[8.455,12.3655],[8.4517,12.3584],[8.449,12.355],[8.4535,12.3522],[8.4595,12.3514],[8.4632,12.3523],[8.4734,12.3536],[8.4784,12.3551],[8.4809,12.3561],[8.4867,12.3623],[8.4911,12.3686],[8.4939,12.3742],[8.4991,12.3759],[8.5006,12.3818],[8.5033,12.3825],[8.5047,12.3853],[8.5102,12.3844],[8.5161,12.3861],[8.5159,12.3868],[8.5153,12.3948],[8.5169,12.4047],[8.5167,12.4124],[8.5138,12.4251],[8.5151,12.4324],[8.5157,12.451],[8.5161,12.4523],[8.5131,12.462],[8.5042,12.4592],[8.4998,12.4557],[8.496,12.4543],[8.4927,12.4544],[8.4893,12.4531],[8.4863,12.4495],[8.4844,12.4491]]]},"properties":{"name":"DANBATTA WEST","state":"19","code":"19/08/03"}},{"type":"Feature","geometry":{"type":"Polygon","coordinates":[[[8.7492,12.3352],[8.7441,12.3347],[8.7424,12.3366],[8.7388,12.3374],[8.7337,12.3405],[8.7284,12.3315],[8.7289,12.3261],[8.728,12.3236],[8.7252,12.3223],[8.7174,12.3284],[8.7188,12.3394],[8.7184,12.3446],[8.7198,12.3487],[8.7189,12.3559],[8.7112,12.3587],[8.7083,12.3574],[8.703,12.3568],[8.7006,12.3554],[8.6976,12.3569],[8.6957,12.3534],[8.6932,12.352],[8.6887,12.3519],[8.6839,12.3548],[8.6813,12.3578],[8.6754,12.3615],[8.6733,12.3617],[8.6717,12.3612],[8.6681,12.3598],[8.6665,12.3568],[8.6609,12.3516],[8.6531,12.3492],[8.6503,12.346],[8.6453,12.3444],[8.6443,12.3388],[8.6376,12.3324],[8.638,12.3292],[8.6334,12.3245],[8.6289,12.3253],[8.623,12.3218],[8.6219,12.3127],[8.6237,12.3043],[8.6228,12.3007],[8.6245,12.2931],[8.6275,12.2876],[8.6426,12.285],[8.6452,12.2853],[8.6573,12.2824],[8.6595,12.2799],[8.6629,12.2788],[8.6664,12.2791],[8.67,12.2811],[8.6676,12.2855],[8.6659,12.2911],[8.6667,12.2954],[8.6651,12.2987],[8.6743,12.3058],[8.677,12.305],[8.6812,12.3],[8.6863,12.2987],[8.6896,12.2999],[8.6927,12.2976],[8.6957,12.2901],[8.7039,12.2846],[8.7064,12.284],[8.7061,12.2794],[8.7037,12.2748],[8.6989,12.2717],[8.7012,12.2627],[8.7061,12.262],[8.7128,12.2626],[8.7213,12.2646],[8.7236,12.2657],[8.7255,12.2639],[8.7314,12.2657],[8.732,12.2721],[8.7309,12.277],[8.7315,12.2797],[8.7255,12.2806],[8.7224,12.2939],[8.7238,12.2969],[8.7251,12.3055],[8.734,12.3059],[8.7402,12.3158],[8.7518,12.3286],[8.7469,12.332],[8.7492,12.3352]]]},"properties":{"name":"FAGWALAWA","state":"19","code":"19/08/04"}},{"type":"Feature","geometry":{"type":"Polygon","coordinates":[[[8.694,12.5718],[8.6919,12.5722],[8.6832,12.5619],[8.6608,12.5589],[8.6459,12.5598],[8.6359,12.5572],[8.6317,12.5566],[8.6281,12.5556],[8.627,12.5533],[8.6294,12.5441],[8.6341,12.5335],[8.639,12.5315],[8.6445,12.5186],[8.6461,12.5165],[8.6452,12.5114],[8.6397,12.5122],[8.636,12.5119],[8.6317,12.5067],[8.6296,12.5029],[8.6263,12.5014],[8.6224,12.4968],[8.6244,12.4918],[8.6248,12.4851],[8.6284,12.4766],[8.6286,12.4728],[8.631,12.472],[8.636,12.4724],[8.6386,12.4709],[8.6479,12.4695],[8.6554,12.4784],[8.6575,12.4799],[8.6671,12.484],[8.6718,12.4853],[8.6784,12.4862],[8.682,12.4851],[8.6856,12.4887],[8.6903,12.4886],[8.6932,12.4946],[8.6971,12.4951],[8.7006,12.4992],[8.7053,12.5031],[8.7096,12.5123],[8.7138,12.514],[8.7117,12.5169],[8.7145,12.5235],[8.7181,12.538],[8.7218,12.54],[8.7282,12.546],[8.7376,12.551],[8.7323,12.5567],[8.73,12.5591],[8.7191,12.5666],[8.694,12.5718]]]},"properties":{"name":"GORON MAJE","state":"19","code":"19/08/05"}},{"type":"Feature","geometry":{"type":"Polygon","coordinates":[[[8.6228,12.5944],[8.6112,12.5946],[8.5998,12.5971],[8.5625,12.6018],[8.556,12.6026],[8.532,12.6007],[8.523,12.5987],[8.5228,12.5962],[8.5249,12.5941],[8.532,12.5904],[8.5356,12.5909],[8.5352,12.5865],[8.5315,12.5772],[8.5247,12.574],[8.5237,12.5681],[8.5251,12.5641],[8.5277,12.5623],[8.5304,12.5538],[8.5377,12.551],[8.5493,12.5488],[8.5543,12.5436],[8.553,12.5408],[8.5523,12.5349],[8.5512,12.532],[8.5512,12.5247],[8.5482,12.5239],[8.5478,12.5198],[8.5528,12.5196],[8.5556,12.5173],[8.5574,12.5189],[8.5638,12.5195],[8.5646,12.524],[8.5612,12.5289],[8.5631,12.5328],[8.5685,12.5321],[8.5788,12.5319],[8.5848,12.5331],[8.5919,12.5398],[8.5957,12.542],[8.5991,12.547],[8.5975,12.5508],[8.5982,12.5562],[8.5998,12.5597],[8.6023,12.5603],[8.6098,12.5592],[8.6163,12.562],[8.6251,12.5621],[8.6299,12.5591],[8.6317,12.5566],[8.6359,12.5572],[8.6459,12.5598],[8.6481,12.5752],[8.6484,12.5858],[8.6457,12.587],[8.6407,12.593],[8.6228,12.5944]]]},"properties":{"name":"GWANDA","state":"19","code":"19/08/06"}},{"type":"Feature","geometry":{"type":"Polygon","coordinates":[[[8.5325,12.452],[8.5323,12.4493],[8.5351,12.4437],[8.5393,12.4414],[8.5424,12.4379],[8.5436,12.4336],[8.5468,12.4315],[8.5414,12.4256],[8.5403,12.4215],[8.5457,12.417],[8.5474,12.4125],[8.5505,12.4086],[8.5462,12.404],[8.5456,12.3987],[8.5484,12.3921],[8.5502,12.3898],[8.5502,12.3833],[8.5477,12.3785],[8.5429,12.3777],[8.5353,12.3777],[8.5325,12.3767],[8.5337,12.3704],[8.5377,12.3661],[8.5381,12.3632],[8.5421,12.3588],[8.546,12.3529],[8.5506,12.3479],[8.5566,12.3441],[8.5585,12.3381],[8.5615,12.3416],[8.5639,12.3474],[8.5673,12.3502],[8.5675,12.3541],[8.574,12.3597],[8.5718,12.3675],[8.572,12.371],[8.5735,12.3745],[8.5765,12.3778],[8.5801,12.3765],[8.5855,12.378],[8.5893,12.3856],[8.5897,12.388],[8.5946,12.3897],[8.5966,12.3931],[8.6029,12.3937],[8.6058,12.3957],[8.607,12.3981],[8.6062,12.401],[8.6097,12.4054],[8.6116,12.4059],[8.6184,12.4045],[8.6214,12.4024],[8.6244,12.4048],[8.6278,12.4096],[8.6312,12.4111],[8.6381,12.414],[8.6438,12.4173],[8.6371,12.4258],[8.6358,12.4298],[8.6339,12.432],[8.633,12.4362],[8.6283,12.4364],[8.6262,12.4376],[8.6196,12.4466],[8.6175,12.4512],[8.6183,12.4564],[8.6196,12.4585],[8.6204,12.4634],[8.6199,12.4699],[8.6246,12.4705],[8.6286,12.4728],[8.6284,12.4766],[8.6248,12.4851],[8.6244,12.4918],[8.6224,12.4968],[8.6263,12.5014],[8.6296,12.5029],[8.6317,12.5067],[8.636,12.5119],[8.6397,12.5122],[8.6452,12.5114],[8.6461,12.5165],[8.6445,12.5186],[8.639,12.5315],[8.6341,12.5335],[8.6294,12.5441],[8.627,12.5533],[8.6281,12.5556],[8.6317,12.5566],[8.6299,12.5591],[8.6251,12.5621],[8.6163,12.562],[8.6098,12.5592],[8.6023,12.5603],[8.5998,12.5597],[8.5982,12.5562],[8.5975,12.5508],[8.5991,12.547],[8.5957,12.542],[8.5919,12.5398],[8.5848,12.5331],[8.5788,12.5319],[8.5685,12.5321],[8.5631,12.5328],[8.5612,12.5289],[8.5646,12.524],[8.5638,12.5195],[8.5574,12.5189],[8.5556,12.5173],[8.5545,12.5152],[8.5479,12.4979],[8.544,12.4915],[8.5419,12.4862],[8.5581,12.4814],[8.5634,12.4784],[8.5653,12.4755],[8.561,12.4665],[8.5544,12.464],[8.5447,12.4667],[8.5394,12.4649],[8.538,12.4613],[8.538,12.4558],[8.5325,12.452]]]},"properties":{"name":"GWARABJAWA","state":"19","code":"19/08/07"}},{"type":"Feature","geometry":{"type":"Polygon","coordinates":[[[8.7326,12.4239],[8.7295,12.4255],[8.7117,12.4171],[8.7142,12.4111],[8.7123,12.4081],[8.7072,12.4047],[8.7023,12.3986],[8.6992,12.3973],[8.6915,12.3968],[8.6858,12.3971],[8.681,12.3961],[8.6778,12.3932],[8.675,12.3928],[8.673,12.3891],[8.669,12.3855],[8.6703,12.3836],[8.6704,12.3799],[8.674,12.373],[8.6736,12.3708],[8.6754,12.3679],[8.6733,12.3617],[8.6754,12.3615],[8.6813,12.3578],[8.6839,12.3548],[8.6887,12.3519],[8.6932,12.352],[8.6957,12.3534],[8.6976,12.3569],[8.7006,12.3554],[8.703,12.3568],[8.7083,12.3574],[8.7112,12.3587],[8.7189,12.3559],[8.7198,12.3487],[8.7184,12.3446],[8.7188,12.3394],[8.7174,12.3284],[8.7252,12.3223],[8.728,12.3236],[8.7289,12.3261],[8.7284,12.3315],[8.7337,12.3405],[8.7388,12.3374],[8.7424,12.3366],[8.7441,12.3347],[8.7492,12.3352],[8.7556,12.344],[8.78,12.3412],[8.783,12.3662],[8.7865,12.3705],[8.7911,12.3774],[8.7951,12.3823],[8.7921,12.3855],[8.7854,12.3916],[8.7804,12.3871],[8.774,12.4033],[8.7638,12.4199],[8.7574,12.4213],[8.7387,12.4172],[8.7326,12.4239]]]},"properties":{"name":"KORE","state":"19","code":"19/08/08"}},{"type":"Feature","geometry":{"type":"Polygon","coordinates":[[[8.6717,12.3612],[8.6644,12.3669],[8.6574,12.3708],[8.6523,12.3699],[8.647,12.3699],[8.6455,12.3718],[8.6394,12.3752],[8.638,12.3778],[8.6394,12.3848],[8.6436,12.3888],[8.6424,12.3945],[8.6377,12.3989],[8.6353,12.4076],[8.6312,12.4111],[8.6278,12.4096],[8.6244,12.4048],[8.6214,12.4024],[8.6184,12.4045],[8.6116,12.4059],[8.6097,12.4054],[8.6062,12.401],[8.607,12.3981],[8.6058,12.3957],[8.6029,12.3937],[8.5966,12.3931],[8.5946,12.3897],[8.5897,12.388],[8.5893,12.3856],[8.5855,12.378],[8.5801,12.3765],[8.5765,12.3778],[8.5735,12.3745],[8.572,12.371],[8.5718,12.3675],[8.574,12.3597],[8.5675,12.3541],[8.5673,12.3502],[8.5639,12.3474],[8.5615,12.3416],[8.5585,12.3381],[8.5582,12.3372],[8.5607,12.3284],[8.5618,12.3262],[8.5659,12.3235],[8.5667,12.3214],[8.5779,12.3197],[8.5811,12.3185],[8.5822,12.3161],[8.581,12.3088],[8.5825,12.2989],[8.5869,12.2962],[8.5907,12.2921],[8.5899,12.2885],[8.5927,12.2876],[8.5938,12.283],[8.5914,12.2825],[8.5871,12.279],[8.5873,12.2748],[8.5921,12.2707],[8.5938,12.2675],[8.5938,12.2628],[8.5967,12.2587],[8.6,12.2586],[8.6071,12.2541],[8.6121,12.2588],[8.6141,12.2586],[8.6197,12.2545],[8.6238,12.2556],[8.6282,12.2551],[8.6318,12.2587],[8.6326,12.2651],[8.6369,12.2672],[8.6432,12.2668],[8.6516,12.264],[8.6531,12.2657],[8.6608,12.2662],[8.6626,12.2694],[8.6629,12.2788],[8.6595,12.2799],[8.6573,12.2824],[8.6452,12.2853],[8.6426,12.285],[8.6275,12.2876],[8.6245,12.2931],[8.6228,12.3007],[8.6237,12.3043],[8.6219,12.3127],[8.623,12.3218],[8.6289,12.3253],[8.6334,12.3245],[8.638,12.3292],[8.6376,12.3324],[8.6443,12.3388],[8.6453,12.3444],[8.6503,12.346],[8.6531,12.3492],[8.6609,12.3516],[8.6665,12.3568],[8.6681,12.3598],[8.6717,12.3612]]]},"properties":{"name":"SAIDAWA","state":"19","code":"19/08/09"}},{"type":"Feature","geometry":{"type":"Polygon","coordinates":[[[8.6903,12.4886],[8.6856,12.4887],[8.682,12.4851],[8.6784,12.4862],[8.6718,12.4853],[8.6671,12.484],[8.6575,12.4799],[8.6554,12.4784],[8.6479,12.4695],[8.6386,12.4709],[8.636,12.4724],[8.631,12.472],[8.6286,12.4728],[8.6246,12.4705],[8.6199,12.4699],[8.6204,12.4634],[8.6196,12.4585],[8.6183,12.4564],[8.6175,12.4512],[8.6196,12.4466],[8.6262,12.4376],[8.6283,12.4364],[8.633,12.4362],[8.6339,12.432],[8.6358,12.4298],[8.6371,12.4258],[8.6438,12.4173],[8.6381,12.414],[8.6312,12.4111],[8.6353,12.4076],[8.6377,12.3989],[8.6424,12.3945],[8.6436,12.3888],[8.6394,12.3848],[8.638,12.3778],[8.6394,12.3752],[8.6455,12.3718],[8.647,12.3699],[8.6523,12.3699],[8.6574,12.3708],[8.6644,12.3669],[8.6717,12.3612],[8.6733,12.3617],[8.6754,12.3679],[8.6736,12.3708],[8.674,12.373],[8.6704,12.3799],[8.6703,12.3836],[8.669,12.3855],[8.673,12.3891],[8.675,12.3928],[8.6778,12.3932],[8.681,12.3961],[8.6858,12.3971],[8.6915,12.3968],[8.6992,12.3973],[8.7023,12.3986],[8.7072,12.4047],[8.7123,12.4081],[8.7142,12.4111],[8.7117,12.4171],[8.711,12.4203],[8.7073,12.4216],[8.7049,12.4273],[8.7018,12.4313],[8.6959,12.4422],[8.6955,12.4451],[8.6989,12.4546],[8.6968,12.4574],[8.6886,12.4685],[8.6875,12.4828],[8.6903,12.4886]]]},"properties":{"name":"SANSAN","state":"19","code":"19/08/10"}},{"type":"Feature","geometry":{"type":"Polygon","coordinates":[[[8.6664,11.6621],[8.6779,11.6702],[8.6843,11.6758],[8.6858,11.674],[8.6904,11.6717],[8.6918,11.6748],[8.6899,11.6802],[8.6876,11.6835],[8.6891,11.6883],[8.6878,11.6953],[8.6894,11.6981],[8.6897,11.7036],[8.6924,11.7075],[8.6931,11.7118],[8.6955,11.7182],[8.7002,11.722],[8.7061,11.7316],[8.7079,11.7398],[8.7066,11.7468],[8.7069,11.7494],[8.7021,11.7525],[8.6993,11.7581],[8.6982,11.7624],[8.6996,11.7674],[8.6979,11.7676],[8.6879,11.7658],[8.679,11.7597],[8.6738,11.7587],[8.6703,11.7595],[8.6653,11.7553],[8.6587,11.7523],[8.6531,11.7473],[8.6504,11.7405],[8.6492,11.7396],[8.653,11.7334],[8.6603,11.726],[8.6584,11.7198],[8.6525,11.716],[8.6511,11.7134],[8.6511,11.7098],[8.6547,11.7017],[8.659,11.6999],[8.6607,11.6954],[8.6585,11.6923],[8.6591,11.6901],[8.6634,11.6902],[8.6651,11.6879],[8.6603,11.6858],[8.6585,11.6821],[8.6615,11.6793],[8.6599,11.6688],[8.6606,11.6628],[8.6664,11.6621]]]},"properties":{"name":"DABAR KWARI","state":"19","code":"19/09/01"}},{"type":"Feature","geometry":{"type":"Polygon","coordinates":[[[8.8142,11.8135],[8.8092,11.8167],[8.794,11.8185],[8.7962,11.8275],[8.7873,11.8288],[8.7814,11.8308],[8.7711,11.8331],[8.7577,11.8304],[8.7573,11.8275],[8.7498,11.8294],[8.7494,11.8272],[8.7465,11.8242],[8.7433,11.8228],[8.7433,11.8204],[8.7465,11.8104],[8.7454,11.8076],[8.741,11.8036],[8.7388,11.7992],[8.7384,11.7957],[8.7338,11.7948],[8.7383,11.7911],[8.7399,11.7882],[8.7446,11.7836],[8.7466,11.7804],[8.7557,11.7774],[8.7616,11.7791],[8.7674,11.7775],[8.7703,11.7723],[8.7704,11.7679],[8.7741,11.7607],[8.776,11.7589],[8.7775,11.7589],[8.7764,11.7653],[8.7799,11.7676],[8.7839,11.7719],[8.7878,11.77],[8.7912,11.7738],[8.7921,11.7783],[8.7983,11.7807],[8.8062,11.7895],[8.809,11.7957],[8.8131,11.7988],[8.8125,11.8071],[8.8142,11.8135]]]},"properties":{"name":"DANBAGIWA","state":"19","code":"19/09/02"}},{"type":"Feature","geometry":{"type":"Polygon","coordinates":[[[8.6098,11.866],[8.6026,11.8682],[8.5964,11.8681],[8.5936,11.8669],[8.59,11.862],[8.5866,11.8545],[8.5841,11.8531],[8.5837,11.847],[8.5827,11.8453],[8.578,11.8431],[8.5761,11.8435],[8.5713,11.8417],[8.5668,11.8427],[8.5619,11.8405],[8.5614,11.837],[8.562,11.8346],[8.5669,11.8328],[8.5717,11.834],[8.5738,11.8333],[8.5776,11.8343],[8.5787,11.8319],[8.5827,11.8312],[8.5932,11.8253],[8.5978,11.8245],[8.6012,11.825],[8.6056,11.8217],[8.6093,11.8211],[8.6152,11.8206],[8.6193,11.8218],[8.6232,11.8241],[8.6269,11.8301],[8.6342,11.8378],[8.6305,11.8385],[8.6269,11.8431],[8.6194,11.8463],[8.6152,11.8503],[8.6142,11.8548],[8.6146,11.8603],[8.6098,11.866]]]},"properties":{"name":"DAWAKI","state":"19","code":"19/09/03"}},{"type":"Feature","geometry":{"type":"Polygon","coordinates":[[[8.6232,11.8241],[8.6281,11.8207],[8.6348,11.8212],[8.6426,11.824],[8.651,11.824],[8.6532,11.8211],[8.6545,11.8167],[8.6604,11.8165],[8.6644,11.8188],[8.6672,11.818],[8.6727,11.8105],[8.6781,11.8131],[8.6838,11.815],[8.686,11.8186],[8.6845,11.8278],[8.6883,11.8317],[8.6916,11.8328],[8.6929,11.8311],[8.6973,11.832],[8.7073,11.8317],[8.713,11.8325],[8.7121,11.8444],[8.7144,11.8488],[8.717,11.8504],[8.7123,11.8562],[8.713,11.8648],[8.7122,11.8687],[8.7094,11.8759],[8.7068,11.8783],[8.7017,11.8764],[8.6991,11.8824],[8.6927,11.8894],[8.6869,11.889],[8.6839,11.8919],[8.68,11.8918],[8.6746,11.8863],[8.6817,11.8818],[8.6881,11.8786],[8.6885,11.8721],[8.6899,11.8697],[8.6875,11.8666],[8.6834,11.8635],[8.6695,11.8644],[8.6653,11.8575],[8.6558,11.8544],[8.6509,11.8565],[8.647,11.8539],[8.641,11.854],[8.6381,11.8523],[8.6361,11.8495],[8.6359,11.8449],[8.6342,11.8378],[8.6269,11.8301],[8.6232,11.8241]]]},"properties":{"name":"DAWAKIJI","state":"19","code":"19/09/04"}},{"type":"Feature","geometry":{"type":"Polygon","coordinates":[[[8.7654,11.7615],[8.7709,11.7595],[8.7719,11.758],[8.776,11.7589],[8.7741,11.7607],[8.7704,11.7679],[8.7703,11.7723],[8.7674,11.7775],[8.7616,11.7791],[8.7557,11.7774],[8.7466,11.7804],[8.7446,11.7836],[8.7399,11.7882],[8.7383,11.7911],[8.7338,11.7948],[8.7307,11.7994],[8.7276,11.8082],[8.7241,11.811],[8.7189,11.8107],[8.7148,11.8054],[8.7015,11.7998],[8.7001,11.7973],[8.6957,11.7936],[8.6962,11.7908],[8.6856,11.7877],[8.6826,11.7911],[8.6781,11.7932],[8.6739,11.7935],[8.6708,11.7894],[8.6641,11.7834],[8.6616,11.7784],[8.6518,11.7693],[8.6497,11.7662],[8.6531,11.7624],[8.6525,11.757],[8.65,11.7536],[8.6498,11.7472],[8.6531,11.7473],[8.6587,11.7523],[8.6653,11.7553],[8.6703,11.7595],[8.6738,11.7587],[8.679,11.7597],[8.6879,11.7658],[8.6979,11.7676],[8.6996,11.7674],[8.7039,11.7668],[8.7061,11.7697],[8.714,11.7684],[8.7193,11.77],[8.7298,11.7708],[8.7375,11.7676],[8.7425,11.7695],[8.7516,11.7682],[8.7594,11.7638],[8.7654,11.7615]]]},"properties":{"name":"DOSAN","state":"19","code":"19/09/05"}},{"type":"Feature","geometry":{"type":"Polygon","coordinates":[[[8.7433,11.8228],[8.7403,11.8221],[8.739,11.8244],[8.7416,11.8349],[8.7404,11.8413],[8.734,11.8466],[8.7294,11.849],[8.7256,11.8522],[8.719,11.8476],[8.717,11.8504],[8.7144,11.8488],[8.7121,11.8444],[8.713,11.8325],[8.7073,11.8317],[8.6973,11.832],[8.6929,11.8311],[8.6916,11.8328],[8.6883,11.8317],[8.6845,11.8278],[8.686,11.8186],[8.6838,11.815],[8.6781,11.8131],[8.6806,11.8068],[8.6781,11.7932],[8.6826,11.7911],[8.6856,11.7877],[8.6962,11.7908],[8.6957,11.7936],[8.7001,11.7973],[8.7015,11.7998],[8.7148,11.8054],[8.7189,11.8107],[8.7241,11.811],[8.7276,11.8082],[8.7307,11.7994],[8.7338,11.7948],[8.7384,11.7957],[8.7388,11.7992],[8.741,11.8036],[8.7454,11.8076],[8.7465,11.8104],[8.7433,11.8204],[8.7433,11.8228]]]},"properties":{"name":"GANO","state":"19","code":"19/09/06"}},{"type":"Feature","geometry":{"type":"Polygon","coordinates":[[[8.59,11.862],[8.5874,11.8701],[8.5873,11.8726],[8.5847,11.875],[8.581,11.8822],[8.5796,11.8834],[8.5796,11.8875],[8.5775,11.889],[8.5748,11.8932],[8.5681,11.8919],[8.5575,11.8917],[8.5475,11.889],[8.5413,11.8912],[8.5393,11.8739],[8.5485,11.8737],[8.5495,11.869],[8.5538,11.858],[8.5581,11.8539],[8.5543,11.8498],[8.554,11.8456],[8.5468,11.8414],[8.5466,11.8397],[8.5614,11.837],[8.5619,11.8405],[8.5668,11.8427],[8.5713,11.8417],[8.5761,11.8435],[8.578,11.8431],[8.5827,11.8453],[8.5837,11.847],[8.5841,11.8531],[8.5866,11.8545],[8.59,11.862]]]},"properties":{"name":"GURJIYA","state":"19","code":"19/09/07"}},{"type":"Feature","geometry":{"type":"Polygon","coordinates":[[[8.6658,11.9085],[8.6681,11.9104],[8.6689,11.9136],[8.6715,11.9172],[8.6694,11.9258],[8.6625,11.9292],[8.6605,11.9318],[8.6575,11.9308],[8.6473,11.9317],[8.6409,11.934],[8.6396,11.9354],[8.6348,11.9349],[8.6375,11.9316],[8.6352,11.9289],[8.6306,11.9253],[8.6307,11.9236],[8.6341,11.9207],[8.6353,11.9183],[8.6393,11.9147],[8.6429,11.9099],[8.6455,11.9033],[8.651,11.9049],[8.6562,11.9054],[8.6658,11.9085]]]},"properties":{"name":"JIDO","state":"19","code":"19/09/08"}},{"type":"Feature","geometry":{"type":"Polygon","coordinates":[[[8.5413,11.8912],[8.5415,11.8929],[8.5382,11.8917],[8.5346,11.8918],[8.5271,11.8967],[8.527,11.894],[8.5213,11.8918],[8.522,11.888],[8.5212,11.8857],[8.5182,11.8866],[8.5121,11.8814],[8.5099,11.8785],[8.5079,11.872],[8.4995,11.8684],[8.5016,11.866],[8.5031,11.8564],[8.5052,11.8529],[8.508,11.8506],[8.5099,11.8443],[8.5145,11.8437],[8.5165,11.8416],[8.5209,11.8318],[8.5247,11.8197],[8.5293,11.8203],[8.5307,11.8244],[8.5347,11.8239],[8.5398,11.83],[8.5382,11.8356],[8.5395,11.8403],[8.5424,11.8408],[8.5466,11.8397],[8.5468,11.8414],[8.554,11.8456],[8.5543,11.8498],[8.5581,11.8539],[8.5538,11.858],[8.5495,11.869],[8.5485,11.8737],[8.5393,11.8739],[8.5413,11.8912]]]},"properties":{"name":"TAMBURAWA","state":"19","code":"19/09/09"}},{"type":"Feature","geometry":{"type":"Polygon","coordinates":[[[8.6492,11.7396],[8.6504,11.7405],[8.6531,11.7473],[8.6498,11.7472],[8.65,11.7536],[8.6525,11.757],[8.6531,11.7624],[8.6497,11.7662],[8.6518,11.7693],[8.6616,11.7784],[8.6641,11.7834],[8.6708,11.7894],[8.6739,11.7935],[8.6781,11.7932],[8.6806,11.8068],[8.6781,11.8131],[8.6727,11.8105],[8.6672,11.818],[8.6644,11.8188],[8.6604,11.8165],[8.6545,11.8167],[8.6532,11.8211],[8.651,11.824],[8.6426,11.824],[8.6348,11.8212],[8.6281,11.8207],[8.6232,11.8241],[8.6193,11.8218],[8.6152,11.8206],[8.6093,11.8211],[8.609,11.8186],[8.6122,11.8148],[8.6124,11.8131],[8.6088,11.808],[8.6084,11.8058],[8.6099,11.8022],[8.6089,11.7995],[8.6005,11.794],[8.5972,11.7892],[8.5993,11.7862],[8.5972,11.7819],[8.6044,11.7818],[8.6118,11.7741],[8.6129,11.7677],[8.6155,11.7652],[8.6169,11.758],[8.6159,11.7557],[8.618,11.7529],[8.619,11.741],[8.6192,11.7385],[8.6239,11.7334],[8.6304,11.7282],[8.6354,11.727],[8.6385,11.73],[8.6403,11.733],[8.6492,11.7396]]]},"properties":{"name":"TSAKUWA","state":"19","code":"19/09/10"}},{"type":"Feature","geometry":{"type":"Polygon","coordinates":[[[8.6098,11.866],[8.6131,11.8748],[8.6169,11.8751],[8.6204,11.8741],[8.6253,11.8664],[8.6294,11.8653],[8.6341,11.8684],[8.6419,11.863],[8.6417,11.8687],[8.6445,11.8758],[8.6444,11.8788],[8.6465,11.8818],[8.6466,11.8892],[8.6278,11.8906],[8.6242,11.894],[8.6212,11.8914],[8.6116,11.8912],[8.601,11.8902],[8.5975,11.8861],[8.5867,11.8821],[8.5831,11.8832],[8.581,11.8822],[8.5847,11.875],[8.5873,11.8726],[8.5874,11.8701],[8.59,11.862],[8.5936,11.8669],[8.5964,11.8681],[8.6026,11.8682],[8.6098,11.866]]]},"properties":{"name":"UNGUWAR DUNIYA","state":"19","code":"19/09/11"}},{"type":"Feature","geometry":{"type":"MultiPolygon","coordinates":[[[[8.5614,11.837],[8.5466,11.8397],[8.5424,11.8408],[8.5395,11.8403],[8.5382,11.8356],[8.5398,11.83],[8.5347,11.8239],[8.5383,11.8201],[8.5439,11.82],[8.5472,11.8234],[8.5551,11.8228],[8.5564,11.8213],[8.5684,11.8169],[8.5715,11.8138],[8.5737,11.8132],[8.5789,11.8079],[8.5888,11.7994],[8.5895,11.7971],[8.5941,11.7898],[8.5972,11.7892],[8.6005,11.794],[8.6089,11.7995],[8.6099,11.8022],[8.6084,11.8058],[8.6088,11.808],[8.6124,11.8131],[8.6122,11.8148],[8.609,11.8186],[8.6093,11.8211],[8.6056,11.8217],[8.6012,11.825],[8.5978,11.8245],[8.5932,11.8253],[8.5827,11.8312],[8.5787,11.8319],[8.5776,11.8343],[8.5738,11.8333],[8.5717,11.834],[8.5669,11.8328],[8.562,11.8346],[8.5614,11.837]]],[[[8.6342,11.8378],[8.6359,11.8449],[8.6361,11.8495],[8.6381,11.8523],[8.641,11.854],[8.6408,11.8588],[8.6419,11.863],[8.6341,11.8684],[8.6294,11.8653],[8.6253,11.8664],[8.6204,11.8741],[8.6169,11.8751],[8.6131,11.8748],[8.6098,11.866],[8.6146,11.8603],[8.6142,11.8548],[8.6152,11.8503],[8.6194,11.8463],[8.6269,11.8431],[8.6305,11.8385],[8.6342,11.8378]]]]},"properties":{"name":"YANBARAU","state":"19","code":"19/09/12"}},{"type":"Feature","geometry":{"type":"Polygon","coordinates":[[[8.6353,11.9183],[8.6312,11.9146],[8.6267,11.9125],[8.6223,11.9125],[8.6126,11.9099],[8.6126,11.9071],[8.6102,11.9052],[8.6097,11.8997],[8.6116,11.8912],[8.6212,11.8914],[8.6242,11.894],[8.6278,11.8906],[8.6466,11.8892],[8.6442,11.8988],[8.6455,11.9033],[8.6429,11.9099],[8.6393,11.9147],[8.6353,11.9183]]]},"properties":{"name":"YANKATSARI","state":"19","code":"19/09/13"}},{"type":"Feature","geometry":{"type":"Polygon","coordinates":[[[8.7068,11.8783],[8.7132,11.8804],[8.716,11.8826],[8.7178,11.8858],[8.7212,11.8859],[8.7298,11.8833],[8.7368,11.8829],[8.7422,11.8843],[8.739,11.8893],[8.7359,11.8929],[8.7355,11.8974],[8.7271,11.9],[8.723,11.9018],[8.7229,11.9058],[8.7213,11.9098],[8.7217,11.9126],[8.7196,11.919],[8.7153,11.9226],[8.7114,11.9192],[8.7093,11.9194],[8.7059,11.9194],[8.7039,11.9161],[8.7013,11.9173],[8.6973,11.9143],[8.6916,11.9117],[8.6857,11.9101],[8.6811,11.9103],[8.6736,11.9091],[8.6732,11.9069],[8.6658,11.9085],[8.6562,11.9054],[8.651,11.9049],[8.6455,11.9033],[8.6442,11.8988],[8.6466,11.8892],[8.6465,11.8818],[8.6505,11.8819],[8.6579,11.888],[8.6693,11.8892],[8.6716,11.8905],[8.6786,11.8926],[8.68,11.8918],[8.6839,11.8919],[8.6869,11.889],[8.6927,11.8894],[8.6991,11.8824],[8.7017,11.8764],[8.7068,11.8783]]]},"properties":{"name":"YARGAYA","state":"19","code":"19/09/14"}},{"type":"Feature","geometry":{"type":"Polygon","coordinates":[[[8.68,11.8918],[8.6786,11.8926],[8.6716,11.8905],[8.6693,11.8892],[8.6579,11.888],[8.6505,11.8819],[8.6465,11.8818],[8.6444,11.8788],[8.6445,11.8758],[8.6417,11.8687],[8.6419,11.863],[8.6408,11.8588],[8.641,11.854],[8.647,11.8539],[8.6509,11.8565],[8.6558,11.8544],[8.6653,11.8575],[8.6695,11.8644],[8.6834,11.8635],[8.6875,11.8666],[8.6899,11.8697],[8.6885,11.8721],[8.6881,11.8786],[8.6817,11.8818],[8.6746,11.8863],[8.68,11.8918]]]},"properties":{"name":"ZOGARAWA","state":"19","code":"19/09/15"}},{"type":"Feature","geometry":{"type":"Polygon","coordinates":[[[8.357,12.1368],[8.3506,12.1334],[8.3434,12.1363],[8.3421,12.1389],[8.3387,12.14],[8.3355,12.1234],[8.3312,12.1219],[8.3285,12.1237],[8.3251,12.1221],[8.325,12.1138],[8.3219,12.1113],[8.323,12.1059],[8.3254,12.1045],[8.3307,12.106],[8.3369,12.101],[8.3441,12.0984],[8.341,12.0942],[8.3439,12.0947],[8.3483,12.0919],[8.3555,12.0854],[8.3614,12.0862],[8.3634,12.088],[8.362,12.0909],[8.3626,12.0942],[8.3652,12.0937],[8.3679,12.096],[8.3663,12.0999],[8.3655,12.1067],[8.3677,12.1084],[8.369,12.1131],[8.3656,12.1201],[8.3629,12.1194],[8.3588,12.1246],[8.3594,12.1273],[8.357,12.1317],[8.357,12.1368]]]},"properties":{"name":"DAWAKI EAST","state":"19","code":"19/10/01"}},{"type":"Feature","geometry":{"type":"Polygon","coordinates":[[[8.3219,12.1113],[8.3132,12.1108],[8.3062,12.1066],[8.2993,12.1059],[8.2944,12.1016],[8.2945,12.0988],[8.2989,12.0954],[8.3033,12.0957],[8.3061,12.0932],[8.3056,12.0913],[8.3127,12.0889],[8.3111,12.0853],[8.3117,12.0827],[8.3144,12.087],[8.3184,12.0861],[8.3234,12.0887],[8.3231,12.0845],[8.3269,12.0818],[8.3297,12.0766],[8.3346,12.078],[8.3371,12.081],[8.34,12.0894],[8.341,12.0942],[8.3441,12.0984],[8.3369,12.101],[8.3307,12.106],[8.3254,12.1045],[8.323,12.1059],[8.3219,12.1113]]]},"properties":{"name":"DAWAKI WEST","state":"19","code":"19/10/02"}},{"type":"Feature","geometry":{"type":"Polygon","coordinates":[[[8.4449,12.0953],[8.4364,12.1016],[8.4361,12.1061],[8.4303,12.1111],[8.4281,12.1143],[8.4296,12.1199],[8.4296,12.1247],[8.4277,12.1316],[8.4282,12.1371],[8.4173,12.1346],[8.4142,12.1366],[8.41,12.1362],[8.4088,12.1412],[8.4056,12.1401],[8.4008,12.1407],[8.3987,12.1376],[8.3958,12.1366],[8.3886,12.1303],[8.3841,12.1334],[8.3819,12.1337],[8.3787,12.1297],[8.3749,12.1266],[8.3766,12.1186],[8.3789,12.1172],[8.3837,12.1168],[8.3846,12.1135],[8.3839,12.1085],[8.3812,12.1054],[8.3846,12.1037],[8.3902,12.1027],[8.3952,12.1052],[8.3966,12.1029],[8.3964,12.0994],[8.3916,12.0947],[8.3925,12.089],[8.3946,12.0853],[8.3991,12.0817],[8.4031,12.0803],[8.4018,12.0772],[8.411,12.0768],[8.4149,12.0728],[8.4119,12.0661],[8.4175,12.0602],[8.4172,12.0567],[8.4258,12.0591],[8.4282,12.0626],[8.4281,12.0691],[8.4288,12.0723],[8.435,12.0748],[8.4393,12.0799],[8.4438,12.0809],[8.4446,12.0833],[8.4404,12.0869],[8.4359,12.0894],[8.4449,12.0953]]]},"properties":{"name":"DAWANAU","state":"19","code":"19/10/03"}},{"type":"Feature","geometry":{"type":"Polygon","coordinates":[[[8.3555,12.0854],[8.3547,12.0772],[8.352,12.0706],[8.3507,12.058],[8.3528,12.055],[8.353,12.0524],[8.3567,12.052],[8.3594,12.0486],[8.3665,12.0455],[8.3692,12.0433],[8.3719,12.0432],[8.3703,12.0375],[8.3719,12.0354],[8.3745,12.037],[8.3777,12.0367],[8.3832,12.0312],[8.3854,12.0329],[8.3876,12.0297],[8.3879,12.0258],[8.3871,12.022],[8.3944,12.0217],[8.3956,12.0199],[8.3997,12.0242],[8.4026,12.0325],[8.4061,12.0343],[8.4068,12.0392],[8.4078,12.0444],[8.4105,12.0447],[8.4102,12.0494],[8.4136,12.0502],[8.4159,12.0522],[8.4172,12.0567],[8.4175,12.0602],[8.4119,12.0661],[8.4149,12.0728],[8.411,12.0768],[8.4018,12.0772],[8.4031,12.0803],[8.3991,12.0817],[8.3946,12.0853],[8.3925,12.089],[8.3916,12.0947],[8.3964,12.0994],[8.3966,12.1029],[8.3952,12.1052],[8.3902,12.1027],[8.3846,12.1037],[8.3812,12.1054],[8.3755,12.1047],[8.3723,12.1073],[8.3677,12.1084],[8.3655,12.1067],[8.3663,12.0999],[8.3679,12.096],[8.3652,12.0937],[8.3626,12.0942],[8.362,12.0909],[8.3634,12.088],[8.3614,12.0862],[8.3555,12.0854]]]},"properties":{"name":"DAN GUGUWA","state":"19","code":"19/10/04"}},{"type":"Feature","geometry":{"type":"Polygon","coordinates":[[[8.424,12.2579],[8.4201,12.2569],[8.4153,12.2516],[8.4068,12.2501],[8.4034,12.2432],[8.4031,12.2367],[8.4099,12.2332],[8.4137,12.2338],[8.4169,12.2322],[8.4179,12.2241],[8.4143,12.2184],[8.4153,12.2075],[8.4183,12.2085],[8.421,12.2059],[8.4212,12.2016],[8.4244,12.2012],[8.427,12.205],[8.4298,12.2047],[8.4317,12.2069],[8.4373,12.2086],[8.4399,12.2069],[8.4449,12.2075],[8.4504,12.2098],[8.455,12.2095],[8.4544,12.2118],[8.4566,12.2134],[8.4548,12.2159],[8.4529,12.2249],[8.4544,12.227],[8.4679,12.2296],[8.4703,12.2263],[8.4746,12.2261],[8.4757,12.2248],[8.4803,12.2298],[8.4848,12.2272],[8.4883,12.2286],[8.4894,12.2358],[8.4962,12.2402],[8.4991,12.2393],[8.5018,12.2419],[8.5103,12.2461],[8.5129,12.249],[8.5125,12.2537],[8.5116,12.2591],[8.5126,12.2644],[8.5031,12.2634],[8.4982,12.2589],[8.4929,12.2564],[8.4904,12.2561],[8.486,12.2607],[8.483,12.2574],[8.4777,12.2535],[8.4733,12.2463],[8.4703,12.2446],[8.4651,12.2442],[8.4627,12.2427],[8.4601,12.2381],[8.4598,12.2356],[8.4558,12.2337],[8.4511,12.2292],[8.4472,12.2298],[8.4443,12.229],[8.4405,12.2305],[8.4398,12.2369],[8.4343,12.2407],[8.4317,12.2453],[8.4317,12.2522],[8.4295,12.2544],[8.424,12.2579]]]},"properties":{"name":"GANDUJE","state":"19","code":"19/10/05"}},{"type":"Feature","geometry":{"type":"Polygon","coordinates":[[[8.2875,12.1503],[8.2892,12.1434],[8.2878,12.1415],[8.2927,12.1387],[8.2986,12.1342],[8.3018,12.1355],[8.3056,12.1428],[8.3098,12.1487],[8.3137,12.1488],[8.3193,12.146],[8.3226,12.1479],[8.3267,12.1474],[8.3284,12.146],[8.3332,12.1392],[8.3387,12.14],[8.3421,12.1389],[8.3434,12.1363],[8.3506,12.1334],[8.357,12.1368],[8.363,12.1412],[8.3637,12.1435],[8.3614,12.1516],[8.3597,12.1553],[8.3646,12.1598],[8.3629,12.1627],[8.3663,12.1659],[8.3671,12.1706],[8.3664,12.1769],[8.3631,12.1772],[8.3612,12.1822],[8.3622,12.1856],[8.3672,12.1879],[8.3676,12.1914],[8.3696,12.1947],[8.3694,12.1969],[8.367,12.1993],[8.3592,12.2001],[8.3545,12.196],[8.3534,12.1925],[8.3509,12.1908],[8.3409,12.1887],[8.3365,12.1883],[8.3322,12.1864],[8.3272,12.193],[8.3223,12.1911],[8.3184,12.1905],[8.3138,12.187],[8.3114,12.1839],[8.3047,12.1837],[8.3004,12.185],[8.2969,12.1842],[8.2941,12.1801],[8.2949,12.1755],[8.2957,12.1642],[8.2905,12.1572],[8.2912,12.1554],[8.2875,12.1503]]]},"properties":{"name":"GARGARI","state":"19","code":"19/10/06"}},{"type":"Feature","geometry":{"type":"Polygon","coordinates":[[[8.4566,12.2134],[8.4594,12.2089],[8.4595,12.2044],[8.4569,12.2032],[8.4532,12.199],[8.4536,12.1924],[8.4513,12.185],[8.4538,12.1813],[8.4518,12.1787],[8.4479,12.1777],[8.4498,12.1746],[8.4488,12.1702],[8.4452,12.1715],[8.4379,12.177],[8.4344,12.1736],[8.4348,12.172],[8.4315,12.1672],[8.4315,12.1654],[8.4405,12.159],[8.4445,12.1589],[8.4474,12.1549],[8.4537,12.1512],[8.4598,12.1518],[8.4651,12.1541],[8.4674,12.157],[8.4705,12.1584],[8.4755,12.1563],[8.4816,12.1608],[8.484,12.1657],[8.4933,12.1669],[8.4936,12.1691],[8.4994,12.1741],[8.4979,12.181],[8.4961,12.186],[8.4968,12.1933],[8.4986,12.1961],[8.507,12.2007],[8.5233,12.2047],[8.521,12.2073],[8.5204,12.2108],[8.5183,12.2133],[8.5087,12.2126],[8.5029,12.2079],[8.4984,12.207],[8.4983,12.2123],[8.494,12.2166],[8.4863,12.2167],[8.4825,12.2182],[8.4788,12.2236],[8.4757,12.2248],[8.4746,12.2261],[8.4703,12.2263],[8.4679,12.2296],[8.4544,12.227],[8.4529,12.2249],[8.4548,12.2159],[8.4566,12.2134]]]},"properties":{"name":"JALLI","state":"19","code":"19/10/07"}},{"type":"Feature","geometry":{"type":"Polygon","coordinates":[[[8.3677,12.1084],[8.3723,12.1073],[8.3755,12.1047],[8.3812,12.1054],[8.3839,12.1085],[8.3846,12.1135],[8.3837,12.1168],[8.3789,12.1172],[8.3766,12.1186],[8.3749,12.1266],[8.3787,12.1297],[8.3819,12.1337],[8.3841,12.1334],[8.3886,12.1303],[8.3958,12.1366],[8.3987,12.1376],[8.4008,12.1407],[8.4056,12.1401],[8.4088,12.1412],[8.4103,12.1471],[8.4134,12.1515],[8.4134,12.1578],[8.4155,12.1609],[8.4149,12.1665],[8.4196,12.1684],[8.4213,12.1669],[8.4315,12.1672],[8.4348,12.172],[8.4344,12.1736],[8.4319,12.1749],[8.4317,12.1783],[8.429,12.1801],[8.426,12.188],[8.427,12.1933],[8.4192,12.1909],[8.4125,12.19],[8.4109,12.1878],[8.4085,12.1878],[8.4054,12.1836],[8.4003,12.1838],[8.3974,12.181],[8.3914,12.1805],[8.3865,12.1737],[8.387,12.1692],[8.3836,12.1622],[8.3771,12.158],[8.3744,12.1617],[8.3646,12.1598],[8.3597,12.1553],[8.3614,12.1516],[8.3637,12.1435],[8.363,12.1412],[8.357,12.1368],[8.357,12.1317],[8.3594,12.1273],[8.3588,12.1246],[8.3629,12.1194],[8.3656,12.1201],[8.369,12.1131],[8.3677,12.1084]]]},"properties":{"name":"KWA","state":"19","code":"19/10/08"}},{"type":"Feature","geometry":{"type":"Polygon","coordinates":[[[8.2236,12.1351],[8.2273,12.1384],[8.2319,12.1361],[8.2372,12.1382],[8.2405,12.1369],[8.2466,12.1304],[8.25,12.1252],[8.2539,12.1256],[8.2624,12.1151],[8.2675,12.1157],[8.269,12.1144],[8.2675,12.1106],[8.2706,12.1078],[8.275,12.1129],[8.2817,12.1128],[8.2814,12.1091],[8.286,12.108],[8.2872,12.1062],[8.2897,12.1012],[8.2926,12.1003],[8.2944,12.1016],[8.2993,12.1059],[8.3062,12.1066],[8.3132,12.1108],[8.3219,12.1113],[8.325,12.1138],[8.3251,12.1221],[8.3285,12.1237],[8.3312,12.1219],[8.3355,12.1234],[8.3387,12.14],[8.3332,12.1392],[8.3284,12.146],[8.3267,12.1474],[8.3226,12.1479],[8.3193,12.146],[8.3137,12.1488],[8.3098,12.1487],[8.3056,12.1428],[8.3018,12.1355],[8.2986,12.1342],[8.2927,12.1387],[8.2878,12.1415],[8.2892,12.1434],[8.2875,12.1503],[8.28,12.1509],[8.275,12.1505],[8.2723,12.1491],[8.2694,12.1494],[8.2621,12.1468],[8.2611,12.1488],[8.2546,12.1482],[8.2492,12.1494],[8.2474,12.1552],[8.2477,12.1598],[8.2458,12.1621],[8.2391,12.1645],[8.2314,12.1622],[8.2295,12.1662],[8.2253,12.1712],[8.224,12.1742],[8.2186,12.1721],[8.217,12.1656],[8.2157,12.1644],[8.2113,12.165],[8.2082,12.1637],[8.2026,12.1505],[8.2098,12.1436],[8.2133,12.1425],[8.217,12.143],[8.2197,12.1401],[8.2186,12.1372],[8.2211,12.1339],[8.2236,12.1351]]]},"properties":{"name":"MARKE","state":"19","code":"19/10/09"}},{"type":"Feature","geometry":{"type":"Polygon","coordinates":[[[8.3592,12.2001],[8.367,12.1993],[8.3694,12.1969],[8.3696,12.1947],[8.3676,12.1914],[8.3672,12.1879],[8.3622,12.1856],[8.3612,12.1822],[8.3631,12.1772],[8.3664,12.1769],[8.3671,12.1706],[8.3663,12.1659],[8.3629,12.1627],[8.3646,12.1598],[8.3744,12.1617],[8.3771,12.158],[8.3836,12.1622],[8.387,12.1692],[8.3865,12.1737],[8.3914,12.1805],[8.3974,12.181],[8.4003,12.1838],[8.4054,12.1836],[8.4085,12.1878],[8.4109,12.1878],[8.4125,12.19],[8.4192,12.1909],[8.427,12.1933],[8.426,12.188],[8.429,12.1801],[8.4317,12.1783],[8.4319,12.1749],[8.4344,12.1736],[8.4379,12.177],[8.4452,12.1715],[8.4488,12.1702],[8.4498,12.1746],[8.4479,12.1777],[8.4518,12.1787],[8.4538,12.1813],[8.4513,12.185],[8.4536,12.1924],[8.4532,12.199],[8.4569,12.2032],[8.4595,12.2044],[8.4594,12.2089],[8.4566,12.2134],[8.4544,12.2118],[8.455,12.2095],[8.4504,12.2098],[8.4449,12.2075],[8.4399,12.2069],[8.4373,12.2086],[8.4317,12.2069],[8.4298,12.2047],[8.427,12.205],[8.4244,12.2012],[8.4212,12.2016],[8.421,12.2059],[8.4183,12.2085],[8.4153,12.2075],[8.4143,12.2184],[8.4179,12.2241],[8.4169,12.2322],[8.4137,12.2338],[8.4099,12.2332],[8.4031,12.2367],[8.3995,12.236],[8.3985,12.2331],[8.3989,12.2282],[8.3961,12.2209],[8.3888,12.2232],[8.3878,12.2279],[8.3824,12.2289],[8.3814,12.2252],[8.3775,12.2243],[8.3745,12.2218],[8.3691,12.2139],[8.3645,12.2097],[8.364,12.2076],[8.3592,12.2022],[8.3592,12.2001]]]},"properties":{"name":"TATTARAWA","state":"19","code":"19/10/10"}},{"type":"Feature","geometry":{"type":"Polygon","coordinates":[[[8.4449,12.0953],[8.4505,12.0964],[8.4554,12.0986],[8.4602,12.1053],[8.4673,12.1059],[8.4701,12.1104],[8.473,12.1121],[8.4795,12.1173],[8.4796,12.119],[8.4842,12.1227],[8.4863,12.1229],[8.4903,12.1265],[8.4912,12.13],[8.4971,12.1312],[8.4991,12.1292],[8.5027,12.1312],[8.5043,12.1367],[8.5036,12.141],[8.5071,12.1432],[8.5065,12.1491],[8.505,12.1505],[8.5065,12.16],[8.5034,12.1633],[8.499,12.163],[8.4955,12.164],[8.4933,12.1669],[8.484,12.1657],[8.4816,12.1608],[8.4755,12.1563],[8.4705,12.1584],[8.4674,12.157],[8.4651,12.1541],[8.4598,12.1518],[8.4537,12.1512],[8.4474,12.1549],[8.4445,12.1589],[8.4405,12.159],[8.4315,12.1654],[8.4315,12.1672],[8.4213,12.1669],[8.4196,12.1684],[8.4149,12.1665],[8.4155,12.1609],[8.4134,12.1578],[8.4134,12.1515],[8.4103,12.1471],[8.4088,12.1412],[8.41,12.1362],[8.4142,12.1366],[8.4173,12.1346],[8.4282,12.1371],[8.4277,12.1316],[8.4296,12.1247],[8.4296,12.1199],[8.4281,12.1143],[8.4303,12.1111],[8.4361,12.1061],[8.4364,12.1016],[8.4449,12.0953]]]},"properties":{"name":"TUMFAFI","state":"19","code":"19/10/11"}},{"type":"Feature","geometry":{"type":"Polygon","coordinates":[[[8.7792,10.5981],[8.7834,10.6037],[8.8219,10.6723],[8.8247,10.6753],[8.8436,10.679],[8.8485,10.6805],[8.8526,10.6873],[8.8465,10.6897],[8.8454,10.6934],[8.8427,10.6981],[8.8404,10.7042],[8.8401,10.7075],[8.8381,10.7099],[8.838,10.7135],[8.8353,10.7203],[8.8342,10.7211],[8.8326,10.7268],[8.8224,10.7288],[8.8196,10.7276],[8.8116,10.7269],[8.8066,10.7278],[8.8018,10.7335],[8.7955,10.7323],[8.7897,10.7341],[8.788,10.7293],[8.789,10.7267],[8.7832,10.721],[8.7817,10.7175],[8.7836,10.7167],[8.7837,10.7133],[8.7822,10.7087],[8.7756,10.7081],[8.7676,10.7026],[8.7617,10.7056],[8.7583,10.704],[8.7525,10.7042],[8.7495,10.7019],[8.7433,10.6996],[8.7417,10.7016],[8.7275,10.7043],[8.7238,10.698],[8.7257,10.6883],[8.7238,10.6865],[8.7198,10.6801],[8.7189,10.6763],[8.7266,10.671],[8.7298,10.6648],[8.7301,10.659],[8.7317,10.6575],[8.7305,10.6511],[8.7362,10.6488],[8.7411,10.6481],[8.7431,10.6429],[8.7431,10.6391],[8.7486,10.6323],[8.7502,10.6289],[8.7502,10.6241],[8.7476,10.6212],[8.7459,10.6173],[8.7431,10.614],[8.7387,10.6106],[8.7502,10.6086],[8.7576,10.6026],[8.7595,10.6],[8.7616,10.601],[8.7669,10.6008],[8.7694,10.5983],[8.7758,10.5939],[8.7792,10.5981]]]},"properties":{"name":"DARIYA","state":"19","code":"19/11/01"}},{"type":"Feature","geometry":{"type":"Polygon","coordinates":[[[8.5134,11.1547],[8.5099,11.151],[8.5061,11.1322],[8.5133,11.1222],[8.5184,11.1163],[8.52,11.1147],[8.5216,11.1175],[8.5278,11.1222],[8.5311,11.1223],[8.5331,11.1238],[8.5407,11.1256],[8.5429,11.1277],[8.5497,11.1307],[8.5545,11.1351],[8.5603,11.135],[8.5661,11.1337],[8.5762,11.1342],[8.578,11.1365],[8.5792,11.142],[8.5778,11.1457],[8.5795,11.1487],[8.582,11.1565],[8.5846,11.1604],[8.5863,11.1663],[8.5925,11.1712],[8.603,11.1738],[8.6067,11.1793],[8.611,11.1812],[8.6192,11.1817],[8.6254,11.1846],[8.6312,11.1846],[8.6385,11.1863],[8.6446,11.1859],[8.6396,11.1929],[8.6412,11.1974],[8.6403,11.2014],[8.6354,11.2079],[8.6321,11.2156],[8.6316,11.2184],[8.6259,11.2184],[8.6212,11.2176],[8.6166,11.22],[8.6106,11.2185],[8.6059,11.2195],[8.6026,11.2183],[8.5956,11.2185],[8.5929,11.224],[8.5899,11.2265],[8.5831,11.2259],[8.5836,11.2203],[8.5806,11.218],[8.5779,11.218],[8.5752,11.2123],[8.5687,11.2037],[8.5656,11.2033],[8.5607,11.1977],[8.5574,11.1923],[8.5547,11.1896],[8.5454,11.1794],[8.5402,11.1782],[8.5348,11.1731],[8.5313,11.172],[8.5281,11.1692],[8.5208,11.1668],[8.5185,11.1621],[8.5134,11.1547]]]},"properties":{"name":"DOGON KAWO","state":"19","code":"19/11/02"}},{"type":"Feature","geometry":{"type":"Polygon","coordinates":[[[8.5363,10.7331],[8.5392,10.7298],[8.5417,10.7305],[8.5475,10.7302],[8.5522,10.7283],[8.5547,10.7242],[8.5586,10.7233],[8.5637,10.7199],[8.5701,10.7198],[8.5774,10.7175],[8.5772,10.7087],[8.5821,10.7082],[8.5854,10.7067],[8.5908,10.7066],[8.5965,10.7049],[8.598,10.7071],[8.6041,10.71],[8.6082,10.714],[8.6134,10.7175],[8.6173,10.7222],[8.6189,10.7271],[8.6169,10.7367],[8.6283,10.7414],[8.63,10.7436],[8.6261,10.7441],[8.6247,10.748],[8.6184,10.7518],[8.6137,10.7563],[8.6132,10.7609],[8.6061,10.7646],[8.5977,10.7625],[8.5943,10.7597],[8.5916,10.7656],[8.5883,10.7696],[8.5808,10.7748],[8.5695,10.777],[8.5652,10.7769],[8.5729,10.7737],[8.5734,10.7687],[8.5718,10.759],[8.5716,10.7483],[8.5689,10.7479],[8.5548,10.7401],[8.55,10.7384],[8.5394,10.7334],[8.5363,10.7331]]]},"properties":{"name":"DUGUWA","state":"19","code":"19/11/03"}},{"type":"Feature","geometry":{"type":"Polygon","coordinates":[[[8.6147,11.0178],[8.6205,11.0248],[8.6187,11.0258],[8.6178,11.0292],[8.6202,11.03],[8.6262,11.0362],[8.6284,11.0401],[8.6269,11.0434],[8.6292,11.0495],[8.6316,11.0498],[8.6336,11.0472],[8.6414,11.0519],[8.6403,11.0559],[8.6403,11.0619],[8.6421,11.0656],[8.6477,11.0691],[8.6499,11.0787],[8.6549,11.0877],[8.6529,11.0908],[8.6527,11.0943],[8.6561,11.0974],[8.6577,11.1009],[8.6555,11.1046],[8.6519,11.1056],[8.6492,11.1097],[8.6458,11.1131],[8.6445,11.1158],[8.6426,11.1279],[8.6435,11.1325],[8.6426,11.1374],[8.6438,11.1435],[8.6435,11.1522],[8.6448,11.1553],[8.6447,11.1592],[8.6432,11.1627],[8.6432,11.1719],[8.6413,11.1785],[8.6428,11.1819],[8.6452,11.1839],[8.6446,11.1859],[8.6385,11.1863],[8.6312,11.1846],[8.6254,11.1846],[8.6192,11.1817],[8.611,11.1812],[8.6067,11.1793],[8.603,11.1738],[8.5925,11.1712],[8.5863,11.1663],[8.5846,11.1604],[8.582,11.1565],[8.5795,11.1487],[8.5778,11.1457],[8.5792,11.142],[8.578,11.1365],[8.5762,11.1342],[8.5661,11.1337],[8.5603,11.135],[8.5545,11.1351],[8.5497,11.1307],[8.5429,11.1277],[8.5407,11.1256],[8.5331,11.1238],[8.5311,11.1223],[8.5278,11.1222],[8.5216,11.1175],[8.52,11.1147],[8.534,11.1073],[8.5465,11.1025],[8.5554,11.1011],[8.5592,11.0998],[8.5741,11.0928],[8.5836,11.0873],[8.5896,11.0849],[8.5899,11.0821],[8.5946,11.0825],[8.6011,11.0772],[8.6073,11.0712],[8.6079,11.0676],[8.6086,11.0545],[8.6099,11.0403],[8.6111,11.0319],[8.6147,11.0178]]]},"properties":{"name":"FALGORE","state":"19","code":"19/11/04"}},{"type":"Feature","geometry":{"type":"Polygon","coordinates":[[[8.7758,10.5939],[8.7694,10.5983],[8.7669,10.6008],[8.7616,10.601],[8.7595,10.6],[8.7576,10.6026],[8.7502,10.6086],[8.7387,10.6106],[8.7431,10.614],[8.7459,10.6173],[8.7476,10.6212],[8.7502,10.6241],[8.7502,10.6289],[8.7486,10.6323],[8.7431,10.6391],[8.7431,10.6429],[8.7411,10.6481],[8.7362,10.6488],[8.7305,10.6511],[8.7317,10.6575],[8.7301,10.659],[8.7298,10.6648],[8.7266,10.671],[8.7189,10.6763],[8.7148,10.6769],[8.7065,10.6795],[8.7031,10.6813],[8.6949,10.6797],[8.6907,10.6762],[8.6876,10.6755],[8.6897,10.6721],[8.6896,10.667],[8.687,10.6644],[8.6884,10.6617],[8.6891,10.6565],[8.6856,10.6532],[8.683,10.6494],[8.6806,10.6431],[8.6735,10.641],[8.6707,10.6389],[8.6672,10.633],[8.6585,10.631],[8.6547,10.6326],[8.6449,10.6318],[8.6439,10.6305],[8.6496,10.6241],[8.6609,10.6019],[8.6664,10.5933],[8.6839,10.5716],[8.7035,10.5493],[8.7111,10.5434],[8.7195,10.5486],[8.736,10.5609],[8.7497,10.565],[8.7585,10.5731],[8.7604,10.5819],[8.7706,10.5873],[8.7758,10.5939]]]},"properties":{"name":"MARAKU","state":"19","code":"19/11/05"}},{"type":"Feature","geometry":{"type":"Polygon","coordinates":[[[8.6073,10.642],[8.6166,10.6391],[8.6388,10.6305],[8.6439,10.6305],[8.6449,10.6318],[8.6547,10.6326],[8.6585,10.631],[8.6672,10.633],[8.6707,10.6389],[8.6735,10.641],[8.6806,10.6431],[8.683,10.6494],[8.6856,10.6532],[8.6891,10.6565],[8.6884,10.6617],[8.687,10.6644],[8.6896,10.667],[8.6897,10.6721],[8.6876,10.6755],[8.6907,10.6762],[8.6949,10.6797],[8.7031,10.6813],[8.7065,10.6795],[8.7148,10.6769],[8.7189,10.6763],[8.7198,10.6801],[8.7238,10.6865],[8.7257,10.6883],[8.7238,10.698],[8.7275,10.7043],[8.7238,10.7049],[8.7191,10.7079],[8.7165,10.715],[8.7139,10.7141],[8.7103,10.7164],[8.7057,10.7109],[8.7047,10.7083],[8.6996,10.705],[8.6939,10.7034],[8.688,10.6951],[8.682,10.692],[8.6807,10.6869],[8.6779,10.6843],[8.6681,10.685],[8.6624,10.6861],[8.6595,10.6903],[8.6451,10.6964],[8.6458,10.6993],[8.6418,10.7034],[8.6364,10.7066],[8.632,10.7119],[8.6291,10.7079],[8.6261,10.7056],[8.6198,10.7043],[8.6137,10.7059],[8.611,10.7019],[8.6046,10.702],[8.5928,10.7036],[8.5874,10.6988],[8.5857,10.692],[8.5844,10.6909],[8.5809,10.6792],[8.5833,10.6731],[8.5833,10.6701],[8.5858,10.6676],[8.5849,10.6628],[8.5855,10.658],[8.5843,10.6566],[8.5782,10.655],[8.5732,10.6512],[8.5708,10.6425],[8.5709,10.6392],[8.5875,10.6425],[8.5936,10.6451],[8.6009,10.6438],[8.6073,10.642]]]},"properties":{"name":"RAGADA","state":"19","code":"19/11/06"}},{"type":"Feature","geometry":{"type":"Polygon","coordinates":[[[8.7897,10.7341],[8.7902,10.7367],[8.7878,10.7389],[8.7876,10.7415],[8.7838,10.7435],[8.7834,10.7472],[8.7772,10.75],[8.7752,10.7551],[8.7728,10.7577],[8.7696,10.7582],[8.7671,10.7601],[8.766,10.7648],[8.7619,10.7715],[8.7621,10.7741],[8.7594,10.7781],[8.7543,10.7796],[8.752,10.7777],[8.7469,10.7789],[8.7447,10.7776],[8.7416,10.7798],[8.7424,10.791],[8.7325,10.7973],[8.7245,10.8013],[8.7211,10.8012],[8.7178,10.7981],[8.7128,10.795],[8.7057,10.7951],[8.6995,10.7876],[8.6981,10.7834],[8.6924,10.7771],[8.6885,10.7762],[8.6885,10.7734],[8.6848,10.7704],[8.6815,10.7639],[8.6724,10.7595],[8.6677,10.7615],[8.6646,10.7642],[8.6602,10.7695],[8.6577,10.7715],[8.654,10.766],[8.655,10.7606],[8.6614,10.7541],[8.6554,10.7509],[8.6508,10.7504],[8.6429,10.747],[8.6378,10.7465],[8.6316,10.7448],[8.63,10.7436],[8.6283,10.7414],[8.6304,10.7365],[8.6308,10.7268],[8.6324,10.7229],[8.6341,10.7219],[8.6318,10.7134],[8.632,10.7119],[8.6364,10.7066],[8.6418,10.7034],[8.6458,10.6993],[8.6451,10.6964],[8.6595,10.6903],[8.6624,10.6861],[8.6681,10.685],[8.6779,10.6843],[8.6807,10.6869],[8.682,10.692],[8.688,10.6951],[8.6939,10.7034],[8.6996,10.705],[8.7047,10.7083],[8.7057,10.7109],[8.7103,10.7164],[8.7139,10.7141],[8.7165,10.715],[8.7191,10.7079],[8.7238,10.7049],[8.7275,10.7043],[8.7417,10.7016],[8.7433,10.6996],[8.7495,10.7019],[8.7525,10.7042],[8.7583,10.704],[8.7617,10.7056],[8.7676,10.7026],[8.7756,10.7081],[8.7822,10.7087],[8.7837,10.7133],[8.7836,10.7167],[8.7817,10.7175],[8.7832,10.721],[8.789,10.7267],[8.788,10.7293],[8.7897,10.7341]]]},"properties":{"name":"RIRIWAI","state":"19","code":"19/11/07"}},{"type":"Feature","geometry":{"type":"Polygon","coordinates":[[[8.5652,10.7769],[8.5695,10.777],[8.5808,10.7748],[8.5883,10.7696],[8.5916,10.7656],[8.5943,10.7597],[8.5977,10.7625],[8.6061,10.7646],[8.6132,10.7609],[8.622,10.7637],[8.625,10.7663],[8.6234,10.7706],[8.6205,10.7748],[8.6146,10.7807],[8.6204,10.7826],[8.6227,10.7847],[8.627,10.791],[8.6316,10.7955],[8.6441,10.7963],[8.6531,10.8008],[8.6575,10.7991],[8.6635,10.801],[8.6652,10.8001],[8.6687,10.8021],[8.6683,10.8075],[8.6664,10.8089],[8.6618,10.819],[8.6591,10.8271],[8.656,10.8312],[8.6527,10.8432],[8.6538,10.8485],[8.6556,10.8504],[8.6576,10.8592],[8.6583,10.868],[8.657,10.8716],[8.6523,10.8772],[8.6507,10.8833],[8.6527,10.8898],[8.6528,10.8959],[8.6497,10.8996],[8.6431,10.9044],[8.6416,10.9087],[8.6393,10.9111],[8.6387,10.914],[8.6429,10.9236],[8.6426,10.9284],[8.6448,10.9335],[8.6454,10.9382],[8.642,10.941],[8.6389,10.9473],[8.6413,10.95],[8.6401,10.9524],[8.6414,10.955],[8.6446,10.9551],[8.6466,10.9635],[8.6506,10.9688],[8.6507,10.971],[8.6546,10.9775],[8.6533,10.9822],[8.6577,10.9906],[8.6568,10.9971],[8.6589,10.9979],[8.663,11.0033],[8.6706,11.0063],[8.6713,11.0089],[8.6785,11.0147],[8.6842,11.0158],[8.6883,11.0209],[8.692,11.021],[8.695,11.0256],[8.6932,11.0311],[8.6938,11.0344],[8.6926,11.0367],[8.689,11.0374],[8.6872,11.0401],[8.6876,11.0443],[8.6864,11.0476],[8.6889,11.0532],[8.686,11.0589],[8.688,11.0642],[8.6884,11.0699],[8.6868,11.0705],[8.6839,11.0777],[8.6814,11.0789],[8.6795,11.0818],[8.6749,11.0838],[8.6713,11.0843],[8.665,11.0875],[8.6622,11.0897],[8.6561,11.0974],[8.6527,11.0943],[8.6529,11.0908],[8.6549,11.0877],[8.6499,11.0787],[8.6477,11.0691],[8.6421,11.0656],[8.6403,11.0619],[8.6403,11.0559],[8.6414,11.0519],[8.6336,11.0472],[8.6316,11.0498],[8.6292,11.0495],[8.6269,11.0434],[8.6284,11.0401],[8.6262,11.0362],[8.6202,11.03],[8.6178,11.0292],[8.6187,11.0258],[8.6205,11.0248],[8.6147,11.0178],[8.6099,11.014],[8.599,11.0021],[8.5982,10.9927],[8.5949,10.9856],[8.5918,10.9739],[8.5885,10.9679],[8.5866,10.9574],[8.5834,10.9491],[8.5813,10.942],[8.5773,10.9367],[8.5736,10.929],[8.5715,10.9219],[8.5685,10.9075],[8.578,10.9074],[8.5808,10.9017],[8.5808,10.8979],[8.5837,10.888],[8.585,10.8615],[8.5815,10.8589],[8.5772,10.8484],[8.5732,10.8396],[8.5738,10.8313],[8.575,10.8271],[8.57,10.8282],[8.567,10.8272],[8.5675,10.8209],[8.5692,10.8174],[8.5631,10.8165],[8.5625,10.7965],[8.5587,10.7892],[8.5593,10.7846],[8.5628,10.7783],[8.5652,10.7769]]]},"properties":{"name":"TAGWAYE","state":"19","code":"19/11/08"}},{"type":"Feature","geometry":{"type":"Polygon","coordinates":[[[8.4762,10.7128],[8.4799,10.7121],[8.4842,10.709],[8.4897,10.7029],[8.4898,10.6974],[8.4974,10.6798],[8.4982,10.6647],[8.501,10.6605],[8.5074,10.6559],[8.5063,10.6505],[8.5142,10.6433],[8.519,10.6417],[8.5226,10.6376],[8.5305,10.6347],[8.5331,10.6328],[8.5437,10.6318],[8.5539,10.6362],[8.5709,10.6392],[8.5708,10.6425],[8.5732,10.6512],[8.5782,10.655],[8.5843,10.6566],[8.5855,10.658],[8.5849,10.6628],[8.5858,10.6676],[8.5833,10.6701],[8.5833,10.6731],[8.5809,10.6792],[8.5844,10.6909],[8.5857,10.692],[8.5874,10.6988],[8.5928,10.7036],[8.6046,10.702],[8.611,10.7019],[8.6137,10.7059],[8.6198,10.7043],[8.6261,10.7056],[8.6291,10.7079],[8.632,10.7119],[8.6318,10.7134],[8.6341,10.7219],[8.6324,10.7229],[8.6308,10.7268],[8.6304,10.7365],[8.6283,10.7414],[8.6169,10.7367],[8.6189,10.7271],[8.6173,10.7222],[8.6134,10.7175],[8.6082,10.714],[8.6041,10.71],[8.598,10.7071],[8.5965,10.7049],[8.5908,10.7066],[8.5854,10.7067],[8.5821,10.7082],[8.5772,10.7087],[8.5774,10.7175],[8.5701,10.7198],[8.5637,10.7199],[8.5586,10.7233],[8.5547,10.7242],[8.5522,10.7283],[8.5475,10.7302],[8.5417,10.7305],[8.5392,10.7298],[8.5363,10.7331],[8.5206,10.7314],[8.5014,10.7258],[8.4875,10.7196],[8.4762,10.7128]]]},"properties":{"name":"UNGUWAR NATSOHUWA","state":"19","code":"19/11/09"}},{"type":"Feature","geometry":{"type":"Polygon","coordinates":[[[8.8526,10.6873],[8.8544,10.6969],[8.8552,10.7074],[8.8513,10.7201],[8.8465,10.7246],[8.838,10.7336],[8.8342,10.7428],[8.8312,10.7528],[8.829,10.7578],[8.8216,10.7692],[8.8072,10.7804],[8.7974,10.7873],[8.7913,10.792],[8.7856,10.7972],[8.7794,10.8087],[8.7768,10.8156],[8.7694,10.8293],[8.7662,10.8511],[8.7458,10.8572],[8.7454,10.8618],[8.7489,10.8644],[8.7501,10.8669],[8.7494,10.8761],[8.7499,10.8856],[8.754,10.904],[8.756,10.9076],[8.7577,10.9162],[8.7596,10.9235],[8.7652,10.9266],[8.7672,10.9301],[8.7679,10.9364],[8.7668,10.9417],[8.7635,10.9483],[8.756,10.9607],[8.7543,10.9669],[8.7523,10.9671],[8.7465,10.9767],[8.7432,10.9831],[8.7368,10.9903],[8.7367,10.9931],[8.7317,10.9979],[8.7279,11.0035],[8.7242,11.0063],[8.7208,11.0117],[8.7161,11.0132],[8.7097,11.0116],[8.7048,11.0144],[8.7004,11.0189],[8.695,11.0256],[8.692,11.021],[8.6883,11.0209],[8.6842,11.0158],[8.6785,11.0147],[8.6713,11.0089],[8.6706,11.0063],[8.663,11.0033],[8.6589,10.9979],[8.6568,10.9971],[8.6577,10.9906],[8.6533,10.9822],[8.6546,10.9775],[8.6507,10.971],[8.6506,10.9688],[8.6466,10.9635],[8.6446,10.9551],[8.6414,10.955],[8.6401,10.9524],[8.6413,10.95],[8.6389,10.9473],[8.642,10.941],[8.6454,10.9382],[8.6448,10.9335],[8.6426,10.9284],[8.6429,10.9236],[8.6387,10.914],[8.6393,10.9111],[8.6416,10.9087],[8.6431,10.9044],[8.6497,10.8996],[8.6528,10.8959],[8.6527,10.8898],[8.6507,10.8833],[8.6523,10.8772],[8.657,10.8716],[8.6583,10.868],[8.6576,10.8592],[8.6556,10.8504],[8.6538,10.8485],[8.6527,10.8432],[8.656,10.8312],[8.6591,10.8271],[8.6618,10.819],[8.6664,10.8089],[8.6683,10.8075],[8.6687,10.8021],[8.6652,10.8001],[8.6635,10.801],[8.6575,10.7991],[8.6531,10.8008],[8.6441,10.7963],[8.6316,10.7955],[8.627,10.791],[8.6227,10.7847],[8.6204,10.7826],[8.6146,10.7807],[8.6205,10.7748],[8.6234,10.7706],[8.625,10.7663],[8.622,10.7637],[8.6132,10.7609],[8.6137,10.7563],[8.6184,10.7518],[8.6247,10.748],[8.6261,10.7441],[8.63,10.7436],[8.6316,10.7448],[8.6378,10.7465],[8.6429,10.747],[8.6508,10.7504],[8.6554,10.7509],[8.6614,10.7541],[8.655,10.7606],[8.654,10.766],[8.6577,10.7715],[8.6602,10.7695],[8.6646,10.7642],[8.6677,10.7615],[8.6724,10.7595],[8.6815,10.7639],[8.6848,10.7704],[8.6885,10.7734],[8.6885,10.7762],[8.6924,10.7771],[8.6981,10.7834],[8.6995,10.7876],[8.7057,10.7951],[8.7128,10.795],[8.7178,10.7981],[8.7211,10.8012],[8.7245,10.8013],[8.7325,10.7973],[8.7424,10.791],[8.7416,10.7798],[8.7447,10.7776],[8.7469,10.7789],[8.752,10.7777],[8.7543,10.7796],[8.7594,10.7781],[8.7621,10.7741],[8.7619,10.7715],[8.766,10.7648],[8.7671,10.7601],[8.7696,10.7582],[8.7728,10.7577],[8.7752,10.7551],[8.7772,10.75],[8.7834,10.7472],[8.7838,10.7435],[8.7876,10.7415],[8.7878,10.7389],[8.7902,10.7367],[8.7897,10.7341],[8.7955,10.7323],[8.8018,10.7335],[8.8066,10.7278],[8.8116,10.7269],[8.8196,10.7276],[8.8224,10.7288],[8.8326,10.7268],[8.8342,10.7211],[8.8353,10.7203],[8.838,10.7135],[8.8381,10.7099],[8.8401,10.7075],[8.8404,10.7042],[8.8427,10.6981],[8.8454,10.6934],[8.8465,10.6897],[8.8526,10.6873]]]},"properties":{"name":"ZAINABI","state":"19","code":"19/11/10"}},{"type":"Feature","geometry":{"type":"Polygon","coordinates":[[[8.5324,12.0069],[8.5264,12.0064],[8.5249,12.0044],[8.5241,12.0033],[8.5278,11.9996],[8.5339,11.9934],[8.5351,11.9912],[8.5445,11.9939],[8.5424,11.9995],[8.5435,12.0042],[8.5419,12.0045],[8.5393,12.0051],[8.5372,12.0035],[8.5334,12.0041],[8.5324,12.0069]]]},"properties":{"name":"FAGGE A","state":"19","code":"19/12/01"}},{"type":"Feature","geometry":{"type":"Polygon","coordinates":[[[8.5324,12.0069],[8.5292,12.0088],[8.5264,12.0074],[8.5264,12.0064],[8.5324,12.0069]]]},"properties":{"name":"FAGGE B","state":"19","code":"19/12/02"}},{"type":"Feature","geometry":{"type":"Polygon","coordinates":[[[8.5419,12.0045],[8.5426,12.0094],[8.5347,12.0107],[8.5278,12.0117],[8.5282,12.0109],[8.5292,12.0088],[8.5324,12.0069],[8.5334,12.0041],[8.5372,12.0035],[8.5393,12.0051],[8.5419,12.0045]]]},"properties":{"name":"FAGGE C","state":"19","code":"19/12/03"}},{"type":"Feature","geometry":{"type":"Polygon","coordinates":[[[8.5292,12.0088],[8.5282,12.0109],[8.5246,12.0094],[8.5264,12.0074],[8.5292,12.0088]]]},"properties":{"name":"FAGGE D","state":"19","code":"19/12/04"}},{"type":"Feature","geometry":{"type":"Polygon","coordinates":[[[8.5193,12.0199],[8.5226,12.0169],[8.522,12.0112],[8.5246,12.0094],[8.5282,12.0109],[8.5278,12.0117],[8.525,12.0147],[8.5277,12.0232],[8.5271,12.0245],[8.5316,12.0301],[8.5265,12.0284],[8.5234,12.0292],[8.5242,12.0338],[8.5159,12.0332],[8.5153,12.0275],[8.5164,12.0225],[8.5193,12.0199]]]},"properties":{"name":"FAGGE E","state":"19","code":"19/12/05"}},{"type":"Feature","geometry":{"type":"Polygon","coordinates":[[[8.4935,12.0342],[8.4992,12.0312],[8.5018,12.0302],[8.5153,12.0275],[8.5159,12.0332],[8.5242,12.0338],[8.5234,12.0292],[8.5265,12.0284],[8.5316,12.0301],[8.5335,12.0334],[8.5361,12.0345],[8.5334,12.0376],[8.5354,12.0406],[8.5364,12.0449],[8.5341,12.0476],[8.5433,12.0564],[8.541,12.0611],[8.5371,12.0589],[8.5279,12.0624],[8.5219,12.0633],[8.5189,12.0658],[8.5142,12.0678],[8.5111,12.0711],[8.5097,12.0702],[8.5053,12.0673],[8.5017,12.0689],[8.4979,12.0667],[8.4968,12.0633],[8.4933,12.0581],[8.4875,12.0559],[8.4855,12.0594],[8.4829,12.0577],[8.4815,12.0539],[8.4885,12.0422],[8.4861,12.0411],[8.4935,12.0342]]]},"properties":{"name":"KWACHIRI","state":"19","code":"19/12/06"}},{"type":"Feature","geometry":{"type":"Polygon","coordinates":[[[8.4861,12.0411],[8.4885,12.0422],[8.4815,12.0539],[8.4829,12.0577],[8.4786,12.0575],[8.4743,12.0562],[8.4812,12.046],[8.4861,12.0411]]]},"properties":{"name":"RIJIYAR LEMO","state":"19","code":"19/12/07"}},{"type":"Feature","geometry":{"type":"MultiPolygon","coordinates":[[[[8.5361,12.0345],[8.5419,12.0398],[8.5449,12.0439],[8.5455,12.0471],[8.5479,12.0513],[8.5511,12.053],[8.5513,12.0558],[8.5536,12.057],[8.5539,12.0598],[8.5494,12.0678],[8.5429,12.067],[8.541,12.0611],[8.5433,12.0564],[8.5341,12.0476],[8.5364,12.0449],[8.5354,12.0406],[8.5334,12.0376],[8.5361,12.0345]]],[[[8.5426,12.0094],[8.5445,12.02],[8.543,12.0247],[8.5413,12.0265],[8.5362,12.0265],[8.5346,12.0243],[8.5347,12.0107],[8.5426,12.0094]]]]},"properties":{"name":"SABONGARI EAST","state":"19","code":"19/12/08"}},{"type":"Feature","geometry":{"type":"Polygon","coordinates":[[[8.5347,12.0107],[8.5346,12.0243],[8.5362,12.0265],[8.5413,12.0265],[8.5392,12.0295],[8.5361,12.0345],[8.5335,12.0334],[8.5316,12.0301],[8.5271,12.0245],[8.5277,12.0232],[8.525,12.0147],[8.5278,12.0117],[8.5347,12.0107]]]},"properties":{"name":"SABONGARI WEST","state":"19","code":"19/12/09"}},{"type":"Feature","geometry":{"type":"Polygon","coordinates":[[[8.4743,12.0562],[8.4786,12.0575],[8.4829,12.0577],[8.4855,12.0594],[8.4843,12.0655],[8.4797,12.066],[8.4779,12.0696],[8.4753,12.0691],[8.4663,12.0654],[8.4743,12.0562]]]},"properties":{"name":"YAMMATA","state":"19","code":"19/12/10"}},{"type":"Feature","geometry":{"type":"Polygon","coordinates":[[[8.9344,12.2145],[8.9213,12.1996],[8.9146,12.1992],[8.9132,12.1924],[8.917,12.1914],[8.9142,12.1858],[8.9095,12.186],[8.9007,12.1853],[8.8964,12.1857],[8.8911,12.1849],[8.8867,12.1827],[8.8852,12.1804],[8.8791,12.1774],[8.8739,12.1777],[8.8725,12.1758],[8.8733,12.1729],[8.8722,12.1705],[8.868,12.1695],[8.8663,12.1679],[8.8549,12.1676],[8.8496,12.1664],[8.845,12.163],[8.838,12.1619],[8.8351,12.1607],[8.8296,12.1609],[8.8216,12.1587],[8.8152,12.1583],[8.8131,12.1561],[8.8142,12.1537],[8.8188,12.1504],[8.8227,12.1465],[8.8273,12.1394],[8.8383,12.1452],[8.8452,12.1477],[8.8501,12.1484],[8.8577,12.147],[8.8645,12.1478],[8.872,12.1503],[8.8757,12.143],[8.8786,12.1394],[8.8777,12.1346],[8.8775,12.1277],[8.8839,12.1254],[8.8867,12.128],[8.8917,12.1269],[8.8966,12.1268],[8.8996,12.1286],[8.9016,12.1319],[8.9016,12.1414],[8.9024,12.1438],[8.9051,12.1451],[8.9128,12.1472],[8.9242,12.1489],[8.9306,12.1483],[8.9327,12.1506],[8.9333,12.1549],[8.942,12.1534],[8.9432,12.1546],[8.9466,12.1628],[8.9506,12.1686],[8.9522,12.1853],[8.9448,12.1952],[8.9438,12.2018],[8.9396,12.208],[8.9344,12.2145]]]},"properties":{"name":"GABASAWA","state":"19","code":"19/13/01"}},{"type":"Feature","geometry":{"type":"Polygon","coordinates":[[[8.8739,12.1777],[8.8697,12.1839],[8.8683,12.1883],[8.8689,12.1917],[8.8673,12.1986],[8.8618,12.2044],[8.8591,12.2103],[8.8635,12.2168],[8.861,12.2205],[8.8594,12.225],[8.8549,12.2334],[8.8558,12.2354],[8.8402,12.2369],[8.8359,12.2385],[8.8336,12.2473],[8.8387,12.2517],[8.8414,12.2581],[8.8508,12.2595],[8.8568,12.2638],[8.853,12.267],[8.8473,12.2689],[8.8414,12.2697],[8.8375,12.2719],[8.8338,12.2716],[8.828,12.274],[8.8252,12.2717],[8.8222,12.2714],[8.8206,12.2647],[8.8154,12.2619],[8.8134,12.2596],[8.8135,12.2555],[8.8159,12.2482],[8.8148,12.2475],[8.8164,12.2399],[8.8154,12.2374],[8.8084,12.2303],[8.8048,12.2275],[8.798,12.2242],[8.7889,12.2209],[8.7864,12.2174],[8.7869,12.2159],[8.7845,12.2116],[8.7819,12.201],[8.7766,12.1974],[8.7746,12.1919],[8.7726,12.1896],[8.7723,12.1809],[8.7778,12.179],[8.7981,12.1754],[8.8015,12.1753],[8.8153,12.1724],[8.818,12.1701],[8.8135,12.1637],[8.8152,12.1583],[8.8216,12.1587],[8.8296,12.1609],[8.8351,12.1607],[8.838,12.1619],[8.845,12.163],[8.8496,12.1664],[8.8549,12.1676],[8.8663,12.1679],[8.868,12.1695],[8.8722,12.1705],[8.8733,12.1729],[8.8725,12.1758],[8.8739,12.1777]]]},"properties":{"name":"GARUN DANGA","state":"19","code":"19/13/02"}},{"type":"Feature","geometry":{"type":"Polygon","coordinates":[[[8.9067,12.0363],[8.9045,12.0382],[8.8884,12.0395],[8.8871,12.0428],[8.8801,12.0481],[8.8788,12.053],[8.8749,12.0542],[8.8695,12.057],[8.8651,12.0573],[8.8566,12.0558],[8.8518,12.0491],[8.8477,12.0445],[8.8453,12.044],[8.8411,12.045],[8.8404,12.0422],[8.8376,12.0423],[8.8365,12.0397],[8.8391,12.0336],[8.8426,12.0315],[8.844,12.0276],[8.8444,12.0223],[8.8409,12.0165],[8.8392,12.0095],[8.8361,12.0076],[8.8348,12.0041],[8.8275,12.0052],[8.8249,12.007],[8.8216,11.9963],[8.8249,11.9897],[8.8274,11.9881],[8.8338,11.9862],[8.8348,11.9845],[8.8327,11.9793],[8.835,11.9731],[8.8378,11.974],[8.8406,11.9716],[8.8416,11.9662],[8.846,11.9643],[8.8471,11.9683],[8.8518,11.9677],[8.8536,11.9696],[8.8543,11.978],[8.8632,11.9837],[8.8678,11.9891],[8.8696,11.9897],[8.8739,11.9878],[8.8789,11.9911],[8.8803,11.9952],[8.8822,11.9962],[8.8831,11.9978],[8.889,12.0019],[8.8893,12.0036],[8.8934,12.007],[8.8964,12.014],[8.8966,12.018],[8.8983,12.0269],[8.9024,12.0326],[8.9067,12.0363]]]},"properties":{"name":"JODA","state":"19","code":"19/13/03"}},{"type":"Feature","geometry":{"type":"Polygon","coordinates":[[[8.8273,12.1394],[8.8299,12.135],[8.8331,12.1331],[8.8334,12.1296],[8.8308,12.127],[8.827,12.1253],[8.8314,12.1155],[8.8288,12.1108],[8.8261,12.1111],[8.8138,12.1055],[8.8052,12.1036],[8.8037,12.1026],[8.7942,12.0998],[8.7925,12.0942],[8.7911,12.0922],[8.7918,12.0859],[8.7982,12.0779],[8.7991,12.0735],[8.7984,12.0711],[8.799,12.0679],[8.8021,12.0624],[8.8183,12.0702],[8.8215,12.0717],[8.8224,12.0804],[8.8253,12.0843],[8.8315,12.0857],[8.8348,12.0854],[8.8396,12.0913],[8.8421,12.0929],[8.8571,12.0945],[8.858,12.0923],[8.8632,12.0892],[8.8673,12.0891],[8.8689,12.0935],[8.8729,12.0973],[8.8741,12.1007],[8.8752,12.1096],[8.8768,12.1142],[8.8762,12.1156],[8.8743,12.1216],[8.8775,12.1277],[8.8777,12.1346],[8.8786,12.1394],[8.8757,12.143],[8.872,12.1503],[8.8645,12.1478],[8.8577,12.147],[8.8501,12.1484],[8.8452,12.1477],[8.8383,12.1452],[8.8273,12.1394]]]},"properties":{"name":"KARMAMI","state":"19","code":"19/13/04"}},{"type":"Feature","geometry":{"type":"Polygon","coordinates":[[[8.9162,12.2702],[8.904,12.2674],[8.9006,12.2646],[8.8938,12.2632],[8.8917,12.2619],[8.8876,12.2616],[8.886,12.2643],[8.8845,12.2698],[8.8816,12.2726],[8.8782,12.2775],[8.868,12.2699],[8.8643,12.2696],[8.8609,12.2661],[8.8568,12.2638],[8.8508,12.2595],[8.8414,12.2581],[8.8387,12.2517],[8.8336,12.2473],[8.8359,12.2385],[8.8402,12.2369],[8.8558,12.2354],[8.8549,12.2334],[8.8594,12.225],[8.861,12.2205],[8.8635,12.2168],[8.8591,12.2103],[8.8618,12.2044],[8.8673,12.1986],[8.8689,12.1917],[8.8683,12.1883],[8.8697,12.1839],[8.8739,12.1777],[8.8791,12.1774],[8.8852,12.1804],[8.8867,12.1827],[8.8911,12.1849],[8.8964,12.1857],[8.9007,12.1853],[8.9095,12.186],[8.9142,12.1858],[8.917,12.1914],[8.9132,12.1924],[8.9146,12.1992],[8.9213,12.1996],[8.9344,12.2145],[8.9352,12.231],[8.9205,12.2667],[8.9175,12.2663],[8.9162,12.2702]]]},"properties":{"name":"MEKIYA","state":"19","code":"19/13/05"}},{"type":"Feature","geometry":{"type":"MultiPolygon","coordinates":[[[[8.9362,12.1132],[8.9382,12.1137],[8.939,12.1228],[8.9388,12.1289],[8.9395,12.1329],[8.9358,12.142],[8.9306,12.1483],[8.9242,12.1489],[8.9128,12.1472],[8.9051,12.1451],[8.9024,12.1438],[8.9016,12.1414],[8.9016,12.1319],[8.8996,12.1286],[8.8966,12.1268],[8.8917,12.1269],[8.8867,12.128],[8.8839,12.1254],[8.8775,12.1277],[8.8743,12.1216],[8.8762,12.1156],[8.8785,12.1153],[8.8847,12.1125],[8.8898,12.1113],[8.8937,12.1093],[8.9004,12.1037],[8.9013,12.0974],[8.9055,12.0941],[8.9087,12.0942],[8.9133,12.0966],[8.9191,12.0961],[8.9232,12.0924],[8.9269,12.1009],[8.9278,12.1104],[8.9362,12.1132]]],[[[8.915,12.0762],[8.9064,12.0704],[8.9038,12.0724],[8.8987,12.0744],[8.8927,12.069],[8.8866,12.0586],[8.8839,12.0565],[8.879,12.0571],[8.8788,12.053],[8.8801,12.0481],[8.8871,12.0428],[8.8884,12.0395],[8.9045,12.0382],[8.9067,12.0363],[8.9089,12.038],[8.9207,12.0404],[8.9229,12.0412],[8.9296,12.0487],[8.9372,12.0575],[8.9369,12.0604],[8.9384,12.0634],[8.927,12.0643],[8.9293,12.0666],[8.9317,12.0739],[8.915,12.0762]]]]},"properties":{"name":"TARAUNI","state":"19","code":"19/13/06"}},{"type":"Feature","geometry":{"type":"Polygon","coordinates":[[[8.7238,12.2969],[8.7224,12.2939],[8.7255,12.2806],[8.7315,12.2797],[8.7309,12.277],[8.732,12.2721],[8.7314,12.2657],[8.7302,12.2616],[8.7303,12.2527],[8.7237,12.2533],[8.7223,12.2547],[8.7169,12.2556],[8.717,12.248],[8.7149,12.2419],[8.7153,12.2377],[8.7163,12.2323],[8.7194,12.2281],[8.7157,12.2182],[8.7121,12.2121],[8.7226,12.2017],[8.7234,12.1997],[8.7278,12.1965],[8.7312,12.1957],[8.7327,12.2],[8.737,12.2009],[8.7401,12.2043],[8.7405,12.2101],[8.7428,12.2156],[8.7457,12.2187],[8.7466,12.2219],[8.7508,12.2218],[8.7583,12.2174],[8.7595,12.2152],[8.7658,12.2133],[8.7704,12.2132],[8.777,12.2152],[8.7819,12.2154],[8.7864,12.2174],[8.7889,12.2209],[8.798,12.2242],[8.8048,12.2275],[8.8084,12.2303],[8.8154,12.2374],[8.8164,12.2399],[8.8148,12.2475],[8.8075,12.2438],[8.7952,12.244],[8.7907,12.2416],[8.7906,12.234],[8.7899,12.229],[8.7868,12.2302],[8.7835,12.2287],[8.7789,12.2303],[8.7729,12.2339],[8.7681,12.2356],[8.7612,12.2371],[8.7562,12.2451],[8.7609,12.2523],[8.7599,12.2545],[8.7611,12.2577],[8.7647,12.2617],[8.7664,12.2685],[8.7684,12.2689],[8.773,12.2723],[8.7714,12.2746],[8.7737,12.2761],[8.7611,12.2877],[8.7583,12.2934],[8.7247,12.2948],[8.7238,12.2969]]]},"properties":{"name":"YANTAR AREWA","state":"19","code":"19/13/07"}},{"type":"Feature","geometry":{"type":"Polygon","coordinates":[[[8.8152,12.1583],[8.8135,12.1637],[8.818,12.1701],[8.8153,12.1724],[8.8015,12.1753],[8.7981,12.1754],[8.7778,12.179],[8.7723,12.1809],[8.7726,12.1896],[8.7746,12.1919],[8.7766,12.1974],[8.7819,12.201],[8.7845,12.2116],[8.7869,12.2159],[8.7864,12.2174],[8.7819,12.2154],[8.777,12.2152],[8.7704,12.2132],[8.7658,12.2133],[8.7595,12.2152],[8.7583,12.2174],[8.7508,12.2218],[8.7466,12.2219],[8.7457,12.2187],[8.7428,12.2156],[8.7405,12.2101],[8.7401,12.2043],[8.737,12.2009],[8.7327,12.2],[8.7312,12.1957],[8.7301,12.1937],[8.7317,12.1876],[8.7288,12.1872],[8.728,12.1842],[8.7232,12.1828],[8.7254,12.1781],[8.7234,12.1703],[8.7204,12.1702],[8.7188,12.1679],[8.7199,12.1633],[8.7235,12.1633],[8.7388,12.1572],[8.7457,12.1576],[8.748,12.1604],[8.7532,12.1622],[8.7707,12.1604],[8.7808,12.1557],[8.7831,12.149],[8.7827,12.147],[8.7792,12.1429],[8.7777,12.1355],[8.7726,12.1288],[8.7704,12.1277],[8.7676,12.1235],[8.7635,12.1189],[8.7672,12.1179],[8.7693,12.1157],[8.7745,12.1135],[8.7787,12.1089],[8.7789,12.1069],[8.7731,12.1002],[8.7804,12.0999],[8.7942,12.0998],[8.8037,12.1026],[8.8052,12.1036],[8.8138,12.1055],[8.8261,12.1111],[8.8288,12.1108],[8.8314,12.1155],[8.827,12.1253],[8.8308,12.127],[8.8334,12.1296],[8.8331,12.1331],[8.8299,12.135],[8.8273,12.1394],[8.8227,12.1465],[8.8188,12.1504],[8.8142,12.1537],[8.8131,12.1561],[8.8152,12.1583]]]},"properties":{"name":"YAUTAR KUDU","state":"19","code":"19/13/08"}},{"type":"Feature","geometry":{"type":"Polygon","coordinates":[[[8.7737,12.2761],[8.7714,12.2746],[8.773,12.2723],[8.7684,12.2689],[8.7664,12.2685],[8.7647,12.2617],[8.7611,12.2577],[8.7599,12.2545],[8.7609,12.2523],[8.7562,12.2451],[8.7612,12.2371],[8.7681,12.2356],[8.7729,12.2339],[8.7789,12.2303],[8.7835,12.2287],[8.7868,12.2302],[8.7899,12.229],[8.7906,12.234],[8.7907,12.2416],[8.7952,12.244],[8.8075,12.2438],[8.8148,12.2475],[8.8159,12.2482],[8.8135,12.2555],[8.8134,12.2596],[8.8154,12.2619],[8.8206,12.2647],[8.8222,12.2714],[8.8252,12.2717],[8.828,12.274],[8.8338,12.2716],[8.8375,12.2719],[8.8414,12.2697],[8.8473,12.2689],[8.853,12.267],[8.8568,12.2638],[8.8609,12.2661],[8.8643,12.2696],[8.868,12.2699],[8.8782,12.2775],[8.8816,12.2726],[8.8845,12.2698],[8.886,12.2643],[8.8876,12.2616],[8.8917,12.2619],[8.8938,12.2632],[8.9006,12.2646],[8.904,12.2674],[8.9162,12.2702],[8.9115,12.2849],[8.9099,12.301],[8.91,12.3043],[8.9088,12.308],[8.9066,12.3098],[8.9001,12.3066],[8.896,12.307],[8.8916,12.3048],[8.885,12.3058],[8.8774,12.3033],[8.846,12.3074],[8.8396,12.3082],[8.8251,12.3024],[8.816,12.302],[8.7879,12.2773],[8.7746,12.2754],[8.7737,12.2761]]]},"properties":{"name":"YUMBU","state":"19","code":"19/13/09"}},{"type":"Feature","geometry":{"type":"Polygon","coordinates":[[[8.9232,12.0924],[8.9191,12.0961],[8.9133,12.0966],[8.9087,12.0942],[8.9055,12.0941],[8.9013,12.0974],[8.9004,12.1037],[8.8937,12.1093],[8.8898,12.1113],[8.8847,12.1125],[8.8785,12.1153],[8.8762,12.1156],[8.8768,12.1142],[8.8752,12.1096],[8.8741,12.1007],[8.8729,12.0973],[8.8689,12.0935],[8.8673,12.0891],[8.8687,12.0868],[8.8719,12.0858],[8.8751,12.0863],[8.8802,12.0829],[8.884,12.084],[8.8862,12.0876],[8.8915,12.0832],[8.898,12.0768],[8.8987,12.0744],[8.9038,12.0724],[8.9064,12.0704],[8.915,12.0762],[8.9232,12.0924]]]},"properties":{"name":"ZAKIRAI","state":"19","code":"19/13/10"}},{"type":"Feature","geometry":{"type":"Polygon","coordinates":[[[8.8788,12.053],[8.879,12.0571],[8.8839,12.0565],[8.8866,12.0586],[8.8927,12.069],[8.8987,12.0744],[8.898,12.0768],[8.8915,12.0832],[8.8862,12.0876],[8.884,12.084],[8.8802,12.0829],[8.8751,12.0863],[8.8719,12.0858],[8.8687,12.0868],[8.8673,12.0891],[8.8632,12.0892],[8.858,12.0923],[8.8571,12.0945],[8.8421,12.0929],[8.8396,12.0913],[8.8348,12.0854],[8.8315,12.0857],[8.8253,12.0843],[8.8224,12.0804],[8.8215,12.0717],[8.8183,12.0702],[8.8232,12.0638],[8.8233,12.0593],[8.8219,12.0565],[8.8203,12.0498],[8.8234,12.0475],[8.8376,12.0423],[8.8404,12.0422],[8.8411,12.045],[8.8453,12.044],[8.8477,12.0445],[8.8518,12.0491],[8.8566,12.0558],[8.8651,12.0573],[8.8695,12.057],[8.8749,12.0542],[8.8788,12.053]]]},"properties":{"name":"ZUGACHI","state":"19","code":"19/13/11"}},{"type":"Feature","geometry":{"type":"Polygon","coordinates":[[[8.8432,11.4944],[8.8355,11.4935],[8.834,11.4862],[8.8315,11.4836],[8.8216,11.4848],[8.8195,11.4856],[8.8165,11.4832],[8.8155,11.4743],[8.8124,11.4686],[8.809,11.4666],[8.7962,11.4688],[8.7927,11.4682],[8.7864,11.4599],[8.7726,11.4566],[8.7696,11.4471],[8.774,11.4433],[8.785,11.4451],[8.788,11.4462],[8.7899,11.4433],[8.7862,11.4379],[8.7841,11.433],[8.789,11.4285],[8.7887,11.4201],[8.7916,11.4148],[8.7904,11.4103],[8.7902,11.4033],[8.7964,11.4017],[8.7972,11.3995],[8.8016,11.4008],[8.8126,11.4017],[8.8212,11.4068],[8.8244,11.4078],[8.8285,11.4127],[8.8351,11.4187],[8.8404,11.4206],[8.8433,11.4227],[8.845,11.4264],[8.8466,11.4331],[8.8421,11.4376],[8.8353,11.4532],[8.8349,11.4571],[8.8313,11.4659],[8.8302,11.4719],[8.8351,11.4787],[8.8351,11.4808],[8.8414,11.4832],[8.8442,11.485],[8.8432,11.4944]]]},"properties":{"name":"DAL","state":"19","code":"19/14/01"}},{"type":"Feature","geometry":{"type":"Polygon","coordinates":[[[8.9045,11.5849],[8.9006,11.5896],[8.8955,11.5915],[8.8915,11.5907],[8.8827,11.5928],[8.8768,11.5897],[8.8699,11.5918],[8.8681,11.5907],[8.8631,11.5909],[8.8574,11.5929],[8.8553,11.5921],[8.8508,11.5873],[8.8465,11.5811],[8.8479,11.5746],[8.847,11.5702],[8.8492,11.5686],[8.8499,11.5653],[8.8479,11.56],[8.8492,11.5564],[8.8453,11.5549],[8.8457,11.5536],[8.8416,11.5448],[8.8448,11.538],[8.8442,11.5335],[8.8449,11.5309],[8.8445,11.526],[8.8405,11.5253],[8.8294,11.5253],[8.8313,11.5209],[8.8358,11.5163],[8.8405,11.5133],[8.8412,11.51],[8.8409,11.5048],[8.8482,11.501],[8.8507,11.5009],[8.8536,11.5024],[8.8549,11.5003],[8.8599,11.4972],[8.865,11.4953],[8.8742,11.5016],[8.874,11.5036],[8.8766,11.5054],[8.8794,11.5051],[8.8801,11.5142],[8.8791,11.5167],[8.8743,11.5189],[8.8715,11.5233],[8.8722,11.5266],[8.8712,11.5307],[8.8741,11.5309],[8.8723,11.5343],[8.8764,11.5422],[8.8789,11.5518],[8.8828,11.5574],[8.8856,11.5625],[8.8869,11.5673],[8.8842,11.5714],[8.8852,11.5749],[8.8896,11.5779],[8.8949,11.579],[8.8967,11.5807],[8.9045,11.5849]]]},"properties":{"name":"GARIN ALI","state":"19","code":"19/14/02"}},{"type":"Feature","geometry":{"type":"Polygon","coordinates":[[[8.7533,11.6286],[8.758,11.6239],[8.7571,11.6202],[8.7569,11.6139],[8.7576,11.6112],[8.7546,11.6102],[8.7521,11.607],[8.7531,11.6015],[8.7517,11.5981],[8.7519,11.5945],[8.7535,11.5932],[8.7542,11.5929],[8.7677,11.5951],[8.7732,11.5917],[8.7788,11.5895],[8.7815,11.5926],[8.7792,11.6002],[8.7826,11.603],[8.7889,11.6068],[8.7926,11.6123],[8.7953,11.6167],[8.7943,11.6281],[8.7958,11.6295],[8.7966,11.6362],[8.8014,11.635],[8.8036,11.6377],[8.8113,11.6395],[8.8154,11.6414],[8.817,11.645],[8.8123,11.6495],[8.8098,11.6489],[8.8091,11.6519],[8.8077,11.6558],[8.8087,11.662],[8.804,11.6621],[8.7996,11.6603],[8.799,11.6587],[8.7924,11.6581],[8.7929,11.6533],[8.7905,11.65],[8.7873,11.6485],[8.789,11.6466],[8.7898,11.6419],[8.7869,11.6367],[8.7852,11.6319],[8.7819,11.6303],[8.7797,11.6311],[8.7774,11.6289],[8.7732,11.6281],[8.7706,11.6299],[8.7733,11.6353],[8.7717,11.64],[8.7693,11.6409],[8.7687,11.6455],[8.7656,11.6453],[8.7598,11.6517],[8.7548,11.6418],[8.7553,11.6358],[8.7526,11.6338],[8.7533,11.6286]]]},"properties":{"name":"GARKO","state":"19","code":"19/14/03"}},{"type":"Feature","geometry":{"type":"Polygon","coordinates":[[[8.7926,11.6123],[8.7935,11.6125],[8.7986,11.6068],[8.8031,11.6028],[8.8083,11.6048],[8.8083,11.6102],[8.8072,11.6132],[8.8175,11.6185],[8.8214,11.6186],[8.8262,11.6169],[8.8304,11.6177],[8.8374,11.6171],[8.8422,11.6138],[8.8481,11.6082],[8.8511,11.6079],[8.8543,11.6105],[8.8568,11.6144],[8.8637,11.6165],[8.8681,11.6169],[8.8733,11.6214],[8.8747,11.627],[8.88,11.63],[8.8834,11.6355],[8.8891,11.6371],[8.8906,11.6386],[8.8917,11.6461],[8.8909,11.6495],[8.892,11.6551],[8.895,11.6592],[8.8935,11.6627],[8.8901,11.6647],[8.8849,11.662],[8.8792,11.6611],[8.8733,11.6616],[8.8678,11.6572],[8.8628,11.6559],[8.8599,11.6563],[8.8594,11.652],[8.854,11.6491],[8.8511,11.652],[8.85,11.6508],[8.8404,11.6498],[8.8401,11.6523],[8.836,11.6524],[8.8325,11.6493],[8.8263,11.648],[8.8246,11.6514],[8.8211,11.6506],[8.8187,11.6516],[8.812,11.6512],[8.8091,11.6519],[8.8098,11.6489],[8.8123,11.6495],[8.817,11.645],[8.8154,11.6414],[8.8113,11.6395],[8.8036,11.6377],[8.8014,11.635],[8.7966,11.6362],[8.7958,11.6295],[8.7943,11.6281],[8.7953,11.6167],[8.7926,11.6123]]]},"properties":{"name":"GURJIYA","state":"19","code":"19/14/04"}},{"type":"Feature","geometry":{"type":"Polygon","coordinates":[[[8.8935,11.6627],[8.8852,11.6825],[8.8748,11.7028],[8.8723,11.7065],[8.8693,11.7158],[8.8636,11.7289],[8.8619,11.7316],[8.8548,11.7305],[8.8522,11.7283],[8.8478,11.727],[8.8479,11.7223],[8.8412,11.7221],[8.8333,11.7165],[8.8305,11.7198],[8.8274,11.7193],[8.8265,11.7143],[8.823,11.7117],[8.818,11.7141],[8.8159,11.7123],[8.82,11.7056],[8.8229,11.7051],[8.8215,11.7007],[8.8235,11.6966],[8.8262,11.6939],[8.8245,11.6887],[8.8332,11.6859],[8.8356,11.6757],[8.8439,11.6732],[8.8464,11.6702],[8.8453,11.6679],[8.8447,11.6604],[8.8513,11.6568],[8.8511,11.652],[8.854,11.6491],[8.8594,11.652],[8.8599,11.6563],[8.8628,11.6559],[8.8678,11.6572],[8.8733,11.6616],[8.8792,11.6611],[8.8849,11.662],[8.8901,11.6647],[8.8935,11.6627]]]},"properties":{"name":"KAFIN MALAMAI","state":"19","code":"19/14/05"}},{"type":"Feature","geometry":{"type":"Polygon","coordinates":[[[9.0244,11.5682],[9.0193,11.569],[9.0134,11.5673],[9.0112,11.5682],[9.0056,11.5671],[8.9962,11.5702],[8.9933,11.5748],[8.9852,11.5753],[8.9853,11.5727],[8.9818,11.5714],[8.9752,11.5747],[8.9702,11.5829],[8.9671,11.5837],[8.9667,11.5805],[8.9635,11.5797],[8.9618,11.5772],[8.9596,11.5709],[8.9545,11.5671],[8.9538,11.5651],[8.9433,11.5683],[8.9404,11.5656],[8.9458,11.5569],[8.9542,11.5598],[8.9584,11.5519],[8.9689,11.5477],[8.9711,11.5445],[8.9736,11.544],[8.9795,11.5458],[8.9821,11.5479],[8.9904,11.5503],[8.9937,11.5489],[8.996,11.5497],[9.0002,11.5454],[9.0065,11.5429],[9.0072,11.5403],[9.0026,11.5319],[9.0041,11.5234],[9.0059,11.5229],[9.0092,11.5257],[9.0144,11.5247],[9.0184,11.5257],[9.0211,11.5231],[9.0231,11.5167],[9.0293,11.5201],[9.0333,11.52],[9.0358,11.5243],[9.0327,11.5298],[9.0324,11.5367],[9.0391,11.5386],[9.0403,11.5416],[9.0366,11.5452],[9.036,11.5476],[9.0307,11.5527],[9.0315,11.5565],[9.0282,11.559],[9.0267,11.5627],[9.0223,11.5619],[9.0244,11.5682]]]},"properties":{"name":"KATUMARI","state":"19","code":"19/14/06"}},{"type":"Feature","geometry":{"type":"Polygon","coordinates":[[[8.8432,11.4944],[8.8483,11.4968],[8.8507,11.5009],[8.8482,11.501],[8.8409,11.5048],[8.8412,11.51],[8.8405,11.5133],[8.8358,11.5163],[8.8313,11.5209],[8.8294,11.5253],[8.8405,11.5253],[8.8445,11.526],[8.8449,11.5309],[8.8442,11.5335],[8.8448,11.538],[8.8416,11.5448],[8.8457,11.5536],[8.8453,11.5549],[8.8424,11.5552],[8.8332,11.554],[8.8301,11.5544],[8.8256,11.5524],[8.8155,11.5509],[8.8128,11.551],[8.8101,11.5558],[8.8069,11.5571],[8.8019,11.5619],[8.7925,11.5622],[8.7895,11.5574],[8.7826,11.5531],[8.779,11.5499],[8.7717,11.5522],[8.7656,11.551],[8.7606,11.5487],[8.7622,11.5456],[8.7603,11.5417],[8.7611,11.5397],[8.7593,11.5358],[8.7563,11.5296],[8.7557,11.5248],[8.7567,11.523],[8.7603,11.5239],[8.764,11.5233],[8.765,11.5198],[8.7693,11.5168],[8.7701,11.5143],[8.7738,11.5145],[8.7784,11.5111],[8.7805,11.5085],[8.7742,11.5016],[8.7727,11.4976],[8.7739,11.4923],[8.7782,11.4872],[8.7772,11.4798],[8.7722,11.4769],[8.7701,11.4719],[8.7684,11.4693],[8.7712,11.4634],[8.7711,11.461],[8.7738,11.4598],[8.7726,11.4566],[8.7864,11.4599],[8.7927,11.4682],[8.7962,11.4688],[8.809,11.4666],[8.8124,11.4686],[8.8155,11.4743],[8.8165,11.4832],[8.8195,11.4856],[8.8216,11.4848],[8.8315,11.4836],[8.834,11.4862],[8.8355,11.4935],[8.8432,11.4944]]]},"properties":{"name":"KWAS","state":"19","code":"19/14/07"}},{"type":"Feature","geometry":{"type":"Polygon","coordinates":[[[8.7547,11.7084],[8.755,11.7067],[8.7593,11.703],[8.7585,11.699],[8.7629,11.6942],[8.758,11.6933],[8.7653,11.688],[8.7652,11.6853],[8.7683,11.6795],[8.7667,11.6772],[8.7674,11.6739],[8.7636,11.6706],[8.762,11.6661],[8.7623,11.6634],[8.7582,11.6639],[8.7579,11.657],[8.7567,11.653],[8.7592,11.6519],[8.7675,11.6549],[8.7767,11.6539],[8.7804,11.6528],[8.7873,11.6485],[8.7905,11.65],[8.7929,11.6533],[8.7924,11.6581],[8.799,11.6587],[8.7996,11.6603],[8.804,11.6621],[8.8087,11.662],[8.8077,11.6558],[8.8091,11.6519],[8.812,11.6512],[8.8187,11.6516],[8.8211,11.6506],[8.8246,11.6514],[8.8263,11.648],[8.8325,11.6493],[8.836,11.6524],[8.8401,11.6523],[8.8404,11.6498],[8.85,11.6508],[8.8511,11.652],[8.8513,11.6568],[8.8447,11.6604],[8.8453,11.6679],[8.8464,11.6702],[8.8439,11.6732],[8.8356,11.6757],[8.8332,11.6859],[8.8245,11.6887],[8.8223,11.6888],[8.8181,11.693],[8.812,11.6948],[8.8088,11.695],[8.8064,11.6985],[8.8012,11.7006],[8.7992,11.6996],[8.792,11.7042],[8.7894,11.7043],[8.7877,11.7066],[8.7871,11.7113],[8.7901,11.7182],[8.7905,11.7212],[8.7863,11.7228],[8.7835,11.7252],[8.7766,11.7209],[8.7737,11.7207],[8.772,11.7225],[8.7688,11.7292],[8.764,11.7333],[8.7615,11.734],[8.7571,11.7303],[8.7569,11.721],[8.7579,11.7157],[8.7572,11.7131],[8.7541,11.7115],[8.7547,11.7084]]]},"properties":{"name":"RABA","state":"19","code":"19/14/08"}},{"type":"Feature","geometry":{"type":"MultiPolygon","coordinates":[[[[8.9452,11.6258],[8.9425,11.6268],[8.938,11.6225],[8.9333,11.6249],[8.9314,11.6201],[8.9316,11.6164],[8.9337,11.6137],[8.9321,11.6085],[8.9252,11.6049],[8.9245,11.6028],[8.9211,11.6017],[8.9209,11.5925],[8.9176,11.5909],[8.9179,11.587],[8.916,11.5822],[8.9131,11.5813],[8.9045,11.5849],[8.8967,11.5807],[8.8949,11.579],[8.8896,11.5779],[8.8852,11.5749],[8.8842,11.5714],[8.8869,11.5673],[8.8856,11.5625],[8.8828,11.5574],[8.8944,11.554],[8.8958,11.5518],[8.9031,11.5511],[8.9102,11.5558],[8.9147,11.5675],[8.9195,11.5709],[8.9236,11.5717],[8.9303,11.5703],[8.9348,11.5662],[8.9404,11.5656],[8.9433,11.5683],[8.9538,11.5651],[8.9545,11.5671],[8.9596,11.5709],[8.9618,11.5772],[8.9635,11.5797],[8.9667,11.5805],[8.9671,11.5837],[8.9614,11.5913],[8.962,11.5928],[8.9566,11.5981],[8.9525,11.5989],[8.9526,11.6011],[8.9482,11.6037],[8.9485,11.6063],[8.9463,11.6096],[8.9438,11.6095],[8.9413,11.6146],[8.9428,11.6199],[8.9451,11.6223],[8.9452,11.6258]]],[[[8.7598,11.6517],[8.7656,11.6453],[8.7687,11.6455],[8.7693,11.6409],[8.7717,11.64],[8.7733,11.6353],[8.7706,11.6299],[8.7732,11.6281],[8.7774,11.6289],[8.7797,11.6311],[8.7819,11.6303],[8.7852,11.6319],[8.7869,11.6367],[8.7898,11.6419],[8.789,11.6466],[8.7873,11.6485],[8.7804,11.6528],[8.7767,11.6539],[8.7675,11.6549],[8.7592,11.6519],[8.7598,11.6517]]]]},"properties":{"name":"SARINA","state":"19","code":"19/14/09"}},{"type":"Feature","geometry":{"type":"Polygon","coordinates":[[[8.9045,11.5849],[8.9131,11.5813],[8.916,11.5822],[8.9179,11.587],[8.9176,11.5909],[8.9209,11.5925],[8.9211,11.6017],[8.9245,11.6028],[8.9252,11.6049],[8.9321,11.6085],[8.9337,11.6137],[8.9316,11.6164],[8.9314,11.6201],[8.9294,11.6189],[8.9245,11.6189],[8.9202,11.62],[8.9147,11.6196],[8.9117,11.6231],[8.908,11.6349],[8.9051,11.6367],[8.9009,11.6426],[8.8917,11.6461],[8.8906,11.6386],[8.8891,11.6371],[8.8834,11.6355],[8.88,11.63],[8.8747,11.627],[8.8733,11.6214],[8.8681,11.6169],[8.8637,11.6165],[8.8568,11.6144],[8.8543,11.6105],[8.8511,11.6079],[8.8481,11.6082],[8.8422,11.6138],[8.8374,11.6171],[8.8304,11.6177],[8.8262,11.6169],[8.8214,11.6186],[8.8175,11.6185],[8.8072,11.6132],[8.8083,11.6102],[8.8083,11.6048],[8.8031,11.6028],[8.7986,11.6068],[8.7935,11.6125],[8.7926,11.6123],[8.7889,11.6068],[8.7826,11.603],[8.7792,11.6002],[8.7815,11.5926],[8.7788,11.5895],[8.7732,11.5917],[8.7677,11.5951],[8.7542,11.5929],[8.7583,11.5883],[8.7599,11.5809],[8.7601,11.5746],[8.7593,11.5724],[8.7609,11.57],[8.7615,11.5617],[8.765,11.5606],[8.7657,11.5568],[8.7656,11.551],[8.7717,11.5522],[8.779,11.5499],[8.7826,11.5531],[8.7895,11.5574],[8.7925,11.5622],[8.8019,11.5619],[8.8069,11.5571],[8.8101,11.5558],[8.8128,11.551],[8.8155,11.5509],[8.8256,11.5524],[8.8301,11.5544],[8.8332,11.554],[8.8424,11.5552],[8.8453,11.5549],[8.8492,11.5564],[8.8479,11.56],[8.8499,11.5653],[8.8492,11.5686],[8.847,11.5702],[8.8479,11.5746],[8.8465,11.5811],[8.8508,11.5873],[8.8553,11.5921],[8.8574,11.5929],[8.8631,11.5909],[8.8681,11.5907],[8.8699,11.5918],[8.8768,11.5897],[8.8827,11.5928],[8.8915,11.5907],[8.8955,11.5915],[8.9006,11.5896],[8.9045,11.5849]]]},"properties":{"name":"ZAKARAWA","state":"19","code":"19/14/10"}},{"type":"Feature","geometry":{"type":"Polygon","coordinates":[[[8.3681,11.6174],[8.3697,11.616],[8.3746,11.6152],[8.3783,11.6112],[8.3787,11.6089],[8.3819,11.6078],[8.3839,11.6128],[8.3881,11.6184],[8.3945,11.6178],[8.3977,11.6156],[8.4023,11.6142],[8.4034,11.6174],[8.4115,11.6176],[8.4166,11.62],[8.4188,11.619],[8.4161,11.6237],[8.4123,11.6277],[8.4072,11.6347],[8.4113,11.6402],[8.4156,11.6582],[8.4101,11.6568],[8.4076,11.6548],[8.3975,11.6521],[8.3939,11.6495],[8.3896,11.6481],[8.3863,11.6423],[8.3855,11.6378],[8.3819,11.6344],[8.3745,11.6371],[8.3703,11.6378],[8.3668,11.6397],[8.3642,11.6393],[8.3618,11.6409],[8.359,11.6405],[8.3606,11.6373],[8.3661,11.6305],[8.3649,11.6273],[8.3663,11.6235],[8.3654,11.6216],[8.3681,11.6174]]]},"properties":{"name":"CHIROMAWA","state":"19","code":"19/15/01"}},{"type":"Feature","geometry":{"type":"Polygon","coordinates":[[[8.4156,11.6582],[8.4189,11.6749],[8.4132,11.6783],[8.4104,11.6808],[8.4018,11.6848],[8.3988,11.6795],[8.3902,11.6696],[8.3936,11.6657],[8.3975,11.6521],[8.4076,11.6548],[8.4101,11.6568],[8.4156,11.6582]]]},"properties":{"name":"DORAWAR-SALLAU","state":"19","code":"19/15/02"}},{"type":"Feature","geometry":{"type":"Polygon","coordinates":[[[8.3569,11.6461],[8.359,11.6405],[8.3618,11.6409],[8.3642,11.6393],[8.3668,11.6397],[8.3703,11.6378],[8.3745,11.6371],[8.3819,11.6344],[8.3855,11.6378],[8.3863,11.6423],[8.3896,11.6481],[8.3939,11.6495],[8.3975,11.6521],[8.3936,11.6657],[8.3902,11.6696],[8.3988,11.6795],[8.4018,11.6848],[8.4025,11.6891],[8.4007,11.6957],[8.3969,11.6989],[8.3967,11.7086],[8.3947,11.7179],[8.3932,11.718],[8.3916,11.7175],[8.382,11.7087],[8.3773,11.7115],[8.3747,11.7152],[8.3715,11.7145],[8.3682,11.7098],[8.367,11.7038],[8.3719,11.701],[8.3716,11.6961],[8.3756,11.6953],[8.3779,11.6992],[8.3805,11.7006],[8.3816,11.7042],[8.3871,11.7061],[8.3916,11.7047],[8.3899,11.7019],[8.3924,11.6948],[8.3943,11.6925],[8.3904,11.6904],[8.3836,11.6898],[8.3801,11.6902],[8.3783,11.6888],[8.3769,11.6845],[8.373,11.6839],[8.3698,11.6808],[8.3714,11.6757],[8.3705,11.6731],[8.3716,11.6706],[8.3687,11.6631],[8.3693,11.6593],[8.3576,11.6523],[8.3558,11.6504],[8.3569,11.6461]]]},"properties":{"name":"FANKURUN","state":"19","code":"19/15/03"}},{"type":"Feature","geometry":{"type":"Polygon","coordinates":[[[8.4325,11.57],[8.4352,11.5682],[8.4369,11.5632],[8.4365,11.5576],[8.4386,11.5574],[8.4425,11.5601],[8.4446,11.5581],[8.4487,11.5568],[8.4508,11.5547],[8.4536,11.5573],[8.4534,11.56],[8.4568,11.5632],[8.4608,11.5655],[8.462,11.5686],[8.4616,11.5734],[8.4633,11.5764],[8.4632,11.5797],[8.4567,11.5866],[8.4547,11.5948],[8.4548,11.5975],[8.4394,11.6017],[8.437,11.6047],[8.4304,11.6078],[8.4245,11.6141],[8.4188,11.619],[8.4166,11.62],[8.4115,11.6176],[8.4034,11.6174],[8.4023,11.6142],[8.3977,11.6156],[8.3945,11.6178],[8.3881,11.6184],[8.3839,11.6128],[8.3819,11.6078],[8.3837,11.6037],[8.3856,11.602],[8.3861,11.5952],[8.392,11.5924],[8.3955,11.5895],[8.4028,11.5811],[8.4103,11.5784],[8.4161,11.5785],[8.4191,11.5796],[8.4229,11.5772],[8.4288,11.5793],[8.4327,11.5752],[8.4325,11.57]]]},"properties":{"name":"GARUN BABBA","state":"19","code":"19/15/04"}},{"type":"Feature","geometry":{"type":"Polygon","coordinates":[[[8.3558,11.6504],[8.3576,11.6523],[8.3693,11.6593],[8.3687,11.6631],[8.3716,11.6706],[8.3705,11.6731],[8.3714,11.6757],[8.3698,11.6808],[8.373,11.6839],[8.3769,11.6845],[8.3783,11.6888],[8.3801,11.6902],[8.3836,11.6898],[8.3904,11.6904],[8.3943,11.6925],[8.3924,11.6948],[8.3899,11.7019],[8.3916,11.7047],[8.3871,11.7061],[8.3816,11.7042],[8.3805,11.7006],[8.3779,11.6992],[8.3756,11.6953],[8.3716,11.6961],[8.3677,11.6952],[8.3654,11.6934],[8.3601,11.6871],[8.3514,11.6842],[8.3483,11.681],[8.3445,11.6757],[8.3437,11.6708],[8.3388,11.6678],[8.3424,11.6623],[8.3478,11.663],[8.3501,11.6602],[8.3558,11.6504]]]},"properties":{"name":"GARUN MALAM","state":"19","code":"19/15/05"}},{"type":"Feature","geometry":{"type":"Polygon","coordinates":[[[8.3388,11.6678],[8.3437,11.6708],[8.3445,11.6757],[8.3483,11.681],[8.3514,11.6842],[8.3601,11.6871],[8.3654,11.6934],[8.3677,11.6952],[8.3716,11.6961],[8.3719,11.701],[8.367,11.7038],[8.3682,11.7098],[8.3715,11.7145],[8.3665,11.7164],[8.3653,11.7179],[8.3644,11.7241],[8.3669,11.73],[8.3629,11.7349],[8.3604,11.7339],[8.3516,11.7264],[8.346,11.7238],[8.3425,11.7249],[8.3407,11.7273],[8.3386,11.7262],[8.3342,11.7276],[8.3316,11.7268],[8.33,11.7215],[8.3326,11.7187],[8.332,11.7132],[8.3292,11.706],[8.3301,11.7002],[8.3296,11.6956],[8.3308,11.6887],[8.3372,11.6819],[8.3339,11.6776],[8.3337,11.6751],[8.3352,11.6703],[8.3388,11.6678]]]},"properties":{"name":"JOBAWA","state":"19","code":"19/15/06"}},{"type":"Feature","geometry":{"type":"Polygon","coordinates":[[[8.4803,11.6093],[8.4789,11.6133],[8.4837,11.6162],[8.4837,11.6206],[8.4803,11.6291],[8.4815,11.6312],[8.4798,11.6426],[8.4787,11.6441],[8.4803,11.6514],[8.4788,11.6543],[8.4746,11.6548],[8.4652,11.6529],[8.4633,11.6558],[8.4581,11.6556],[8.4564,11.6591],[8.4506,11.6645],[8.4486,11.6639],[8.442,11.6643],[8.436,11.6663],[8.4361,11.6702],[8.4328,11.6751],[8.4189,11.6749],[8.4156,11.6582],[8.4113,11.6402],[8.4072,11.6347],[8.4123,11.6277],[8.4161,11.6237],[8.4188,11.619],[8.4245,11.6141],[8.4304,11.6078],[8.437,11.6047],[8.4394,11.6017],[8.4548,11.5975],[8.4616,11.5961],[8.4665,11.5994],[8.4747,11.5993],[8.4786,11.6013],[8.4789,11.6059],[8.4803,11.6093]]]},"properties":{"name":"KADAWA","state":"19","code":"19/15/07"}},{"type":"Feature","geometry":{"type":"Polygon","coordinates":[[[8.3932,11.718],[8.3954,11.7215],[8.399,11.7233],[8.3995,11.7252],[8.4055,11.7274],[8.4129,11.7252],[8.4144,11.7228],[8.4213,11.7187],[8.422,11.7173],[8.4238,11.7209],[8.4261,11.7225],[8.4297,11.7208],[8.4301,11.7219],[8.4302,11.7448],[8.4285,11.7509],[8.4275,11.7586],[8.425,11.7617],[8.4224,11.7615],[8.4184,11.7628],[8.4146,11.7609],[8.4136,11.7548],[8.4158,11.7478],[8.4136,11.7453],[8.4087,11.7455],[8.4057,11.7478],[8.4038,11.7544],[8.3996,11.7527],[8.391,11.7531],[8.3892,11.7522],[8.381,11.7575],[8.3793,11.7577],[8.3766,11.7552],[8.3754,11.7516],[8.3702,11.7486],[8.3722,11.7458],[8.3722,11.7431],[8.3695,11.7415],[8.3668,11.7367],[8.3629,11.7349],[8.3669,11.73],[8.3644,11.7241],[8.3653,11.7179],[8.3665,11.7164],[8.3715,11.7145],[8.3747,11.7152],[8.3773,11.7115],[8.382,11.7087],[8.3916,11.7175],[8.3932,11.718]]]},"properties":{"name":"MAKWARO","state":"19","code":"19/15/08"}},{"type":"Feature","geometry":{"type":"Polygon","coordinates":[[[8.4189,11.6749],[8.4222,11.6896],[8.4219,11.6956],[8.4205,11.7031],[8.422,11.7173],[8.4213,11.7187],[8.4144,11.7228],[8.4129,11.7252],[8.4055,11.7274],[8.3995,11.7252],[8.399,11.7233],[8.3954,11.7215],[8.3932,11.718],[8.3947,11.7179],[8.3967,11.7086],[8.3969,11.6989],[8.4007,11.6957],[8.4025,11.6891],[8.4018,11.6848],[8.4104,11.6808],[8.4132,11.6783],[8.4189,11.6749]]]},"properties":{"name":"YAD AKWARI","state":"19","code":"19/15/09"}},{"type":"Feature","geometry":{"type":"Polygon","coordinates":[[[8.4689,11.7218],[8.4675,11.7277],[8.4672,11.7349],[8.4595,11.7385],[8.4531,11.7364],[8.4527,11.7331],[8.4462,11.7308],[8.4439,11.7262],[8.4328,11.7208],[8.4297,11.7208],[8.4261,11.7225],[8.4238,11.7209],[8.422,11.7173],[8.4205,11.7031],[8.4219,11.6956],[8.4222,11.6896],[8.4189,11.6749],[8.4328,11.6751],[8.4328,11.6843],[8.4351,11.6868],[8.4388,11.6876],[8.4455,11.6877],[8.4499,11.6915],[8.4517,11.6943],[8.4525,11.7],[8.4516,11.7012],[8.4541,11.7055],[8.4541,11.7095],[8.4587,11.7126],[8.4592,11.7161],[8.4635,11.718],[8.4641,11.7197],[8.4689,11.7218]]]},"properties":{"name":"YALWAN YADAKWARI","state":"19","code":"19/15/10"}},{"type":"Feature","geometry":{"type":"Polygon","coordinates":[[[9.0187,11.734],[9.0206,11.7415],[9.0196,11.7455],[9.0228,11.7512],[9.0237,11.7567],[9.0207,11.7639],[9.0215,11.7669],[9.0134,11.7685],[9.0097,11.7682],[9.006,11.7706],[9.0051,11.7849],[9.0095,11.7904],[9.0121,11.7912],[9.0163,11.7885],[9.0252,11.786],[9.0289,11.7836],[9.0336,11.7824],[9.0434,11.7816],[9.0545,11.7795],[9.0646,11.779],[9.0698,11.7792],[9.0676,11.7863],[9.0711,11.7906],[9.0703,11.7947],[9.0678,11.7961],[9.0704,11.8009],[9.0686,11.8037],[9.0676,11.8122],[9.0656,11.8134],[9.064,11.8204],[9.0665,11.8213],[9.068,11.8264],[9.0686,11.8315],[9.0654,11.8338],[9.0581,11.8318],[9.0547,11.8337],[9.0485,11.8339],[9.0413,11.838],[9.0384,11.8409],[9.0365,11.8409],[9.032,11.8382],[9.0287,11.8376],[9.0265,11.8357],[9.0228,11.8362],[9.0197,11.8345],[9.0124,11.8327],[9.0109,11.8309],[9.0081,11.8309],[9.0057,11.8291],[9.0002,11.8311],[8.9967,11.8225],[9.001,11.8155],[9.0021,11.8077],[9.001,11.8052],[9.002,11.7976],[8.9975,11.7928],[8.9943,11.7923],[8.9913,11.7932],[8.9843,11.799],[8.9771,11.8017],[8.9717,11.8013],[8.968,11.8028],[8.965,11.8017],[8.9609,11.7984],[8.9662,11.788],[8.965,11.7864],[8.9645,11.7801],[8.9651,11.7772],[8.9693,11.7764],[8.9758,11.7725],[8.9799,11.7725],[8.9819,11.7697],[8.9846,11.7685],[8.9861,11.7702],[8.9902,11.7685],[8.9905,11.7643],[8.988,11.7611],[8.9895,11.7553],[8.9962,11.7531],[8.9984,11.7483],[8.9968,11.7425],[8.9936,11.7385],[8.9905,11.7397],[8.9881,11.7364],[8.9886,11.7344],[8.9916,11.7323],[8.9995,11.7324],[9.0099,11.7348],[9.0138,11.7321],[9.0187,11.734]]]},"properties":{"name":"BALAN","state":"19","code":"19/16/01"}},{"type":"Feature","geometry":{"type":"Polygon","coordinates":[[[8.978,11.931],[8.9799,11.9241],[8.9794,11.9199],[8.9809,11.9152],[8.9846,11.9109],[8.9853,11.9084],[8.9847,11.9016],[8.9856,11.8975],[8.9837,11.892],[8.9822,11.89],[8.9818,11.8854],[8.9758,11.8767],[8.9756,11.8684],[8.9776,11.863],[8.9813,11.8601],[8.987,11.8623],[8.9919,11.8634],[9.005,11.8592],[9.0135,11.8605],[9.0197,11.8568],[9.0314,11.8541],[9.0305,11.8517],[9.0338,11.8472],[9.0373,11.8451],[9.0384,11.8409],[9.0413,11.838],[9.0485,11.8339],[9.0547,11.8337],[9.0581,11.8318],[9.0654,11.8338],[9.0657,11.8378],[9.0729,11.8423],[9.0763,11.8452],[9.0784,11.845],[9.0844,11.8521],[9.0842,11.8579],[9.0866,11.8601],[9.086,11.8631],[9.0881,11.8663],[9.0861,11.8674],[9.0876,11.8749],[9.0909,11.8756],[9.0939,11.8783],[9.0961,11.8841],[9.0966,11.8887],[9.099,11.8961],[9.1007,11.8979],[9.1034,11.9011],[9.1019,11.9032],[9.0972,11.9036],[9.0945,11.9057],[9.0879,11.9065],[9.0828,11.9091],[9.0793,11.9044],[9.07,11.9055],[9.0675,11.912],[9.068,11.9151],[9.0633,11.9169],[9.0581,11.9178],[9.0492,11.9161],[9.0458,11.917],[9.0373,11.9163],[9.0364,11.9209],[9.0381,11.9239],[9.0363,11.9268],[9.0299,11.9273],[9.03,11.9301],[9.0268,11.9332],[9.0225,11.935],[9.0173,11.9382],[9.0082,11.938],[9.0074,11.9355],[9.0019,11.9273],[8.997,11.9261],[8.9892,11.9343],[8.9842,11.9374],[8.9814,11.933],[8.978,11.931]]]},"properties":{"name":"GAYA AREWA","state":"19","code":"19/16/02"}},{"type":"Feature","geometry":{"type":"Polygon","coordinates":[[[9.0384,11.8409],[9.0373,11.8451],[9.0338,11.8472],[9.0305,11.8517],[9.0314,11.8541],[9.0197,11.8568],[9.0135,11.8605],[9.005,11.8592],[8.9919,11.8634],[8.987,11.8623],[8.9854,11.8516],[8.983,11.8484],[8.9852,11.8468],[8.9877,11.8429],[8.9906,11.8407],[8.9932,11.8343],[9.0002,11.8311],[9.0057,11.8291],[9.0081,11.8309],[9.0109,11.8309],[9.0124,11.8327],[9.0197,11.8345],[9.0228,11.8362],[9.0265,11.8357],[9.0287,11.8376],[9.032,11.8382],[9.0365,11.8409],[9.0384,11.8409]]]},"properties":{"name":"GAYA KUDU","state":"19","code":"19/16/03"}},{"type":"Feature","geometry":{"type":"Polygon","coordinates":[[[8.9014,11.9193],[8.9018,11.9167],[8.8957,11.9096],[8.8956,11.9063],[8.8979,11.9032],[8.9002,11.9023],[8.9057,11.9037],[8.9096,11.8984],[8.9141,11.8986],[8.9177,11.8959],[8.9202,11.8888],[8.9197,11.885],[8.9217,11.8836],[8.9274,11.8823],[8.9379,11.8833],[8.9481,11.8813],[8.9462,11.8883],[8.9493,11.8927],[8.9487,11.8973],[8.951,11.9023],[8.9498,11.9066],[8.9571,11.9174],[8.9588,11.9258],[8.957,11.9285],[8.9543,11.9384],[8.9499,11.9381],[8.9429,11.9386],[8.9403,11.9365],[8.9307,11.9331],[8.9278,11.9305],[8.9234,11.9305],[8.9134,11.9243],[8.9037,11.9224],[8.9014,11.9193]]]},"properties":{"name":"GAMARYA","state":"19","code":"19/16/04"}},{"type":"Feature","geometry":{"type":"Polygon","coordinates":[[[9.2156,11.8756],[9.2124,11.879],[9.2202,11.888],[9.2222,11.891],[9.23,11.8947],[9.2292,11.9011],[9.2266,11.9088],[9.2021,11.9047],[9.2005,11.8992],[9.1984,11.8964],[9.1946,11.8968],[9.1901,11.901],[9.1845,11.9033],[9.1772,11.9027],[9.1744,11.901],[9.1755,11.8923],[9.1766,11.8896],[9.1724,11.8884],[9.1645,11.8814],[9.165,11.8775],[9.1626,11.8757],[9.1627,11.8685],[9.1617,11.8667],[9.1564,11.8636],[9.1551,11.8582],[9.1618,11.8566],[9.1644,11.8548],[9.162,11.8519],[9.1581,11.8509],[9.157,11.8441],[9.154,11.8394],[9.1551,11.8349],[9.1444,11.8314],[9.1458,11.8272],[9.1513,11.8291],[9.1549,11.8295],[9.174,11.8292],[9.1845,11.8335],[9.1902,11.8376],[9.1957,11.8484],[9.1983,11.8612],[9.206,11.8634],[9.21,11.8658],[9.2134,11.8692],[9.2156,11.8756]]]},"properties":{"name":"GAMOJI","state":"19","code":"19/16/05"}},{"type":"Feature","geometry":{"type":"Polygon","coordinates":[[[8.9757,11.7311],[8.9729,11.7341],[8.9742,11.74],[8.9728,11.7421],[8.9658,11.7461],[8.9604,11.7466],[8.9565,11.7496],[8.9544,11.7557],[8.9537,11.7647],[8.9503,11.7659],[8.9467,11.7692],[8.9495,11.7717],[8.9506,11.775],[8.9481,11.7785],[8.9486,11.7855],[8.9478,11.789],[8.9496,11.7969],[8.9444,11.8011],[8.9342,11.8004],[8.9319,11.8022],[8.9243,11.7982],[8.9217,11.7939],[8.9231,11.7914],[8.9218,11.7833],[8.9261,11.7782],[8.9229,11.7719],[8.9191,11.7687],[8.9169,11.7712],[8.9121,11.7709],[8.9054,11.773],[8.9003,11.7735],[8.8926,11.7761],[8.8911,11.7748],[8.8884,11.7716],[8.8876,11.769],[8.8948,11.7697],[8.8951,11.7676],[8.8931,11.7639],[8.8955,11.7627],[8.9021,11.764],[8.9023,11.7616],[8.8982,11.7561],[8.8988,11.7528],[8.9014,11.7511],[8.905,11.7508],[8.9071,11.7449],[8.9065,11.7413],[8.9033,11.7409],[8.8995,11.7355],[8.9047,11.7285],[8.9083,11.7253],[8.9118,11.7165],[8.9202,11.7186],[8.9216,11.72],[8.9246,11.7267],[8.9262,11.7264],[8.929,11.7306],[8.9283,11.7355],[8.9304,11.7354],[8.9338,11.7323],[8.9359,11.7322],[8.9374,11.7282],[8.9407,11.7238],[8.9435,11.723],[8.9465,11.724],[8.9509,11.7279],[8.9588,11.7281],[8.9603,11.7231],[8.9626,11.7208],[8.9656,11.7228],[8.9707,11.7229],[8.9757,11.7311]]]},"properties":{"name":"KADEMI","state":"19","code":"19/16/06"}},{"type":"Feature","geometry":{"type":"MultiPolygon","coordinates":[[[[9.0758,11.7328],[9.0716,11.7371],[9.0715,11.7432],[9.0705,11.7457],[9.0704,11.7528],[9.0685,11.7548],[9.0666,11.7606],[9.0637,11.7629],[9.0664,11.7676],[9.0697,11.7692],[9.0716,11.7758],[9.0698,11.7792],[9.0646,11.779],[9.0545,11.7795],[9.0434,11.7816],[9.0336,11.7824],[9.0289,11.7836],[9.0252,11.786],[9.0163,11.7885],[9.0121,11.7912],[9.0095,11.7904],[9.0051,11.7849],[9.006,11.7706],[9.0097,11.7682],[9.0134,11.7685],[9.0215,11.7669],[9.0207,11.7639],[9.0237,11.7567],[9.0228,11.7512],[9.0196,11.7455],[9.0206,11.7415],[9.0187,11.734],[9.0208,11.7329],[9.0258,11.7329],[9.0255,11.7278],[9.0207,11.723],[9.0185,11.7187],[9.0187,11.7163],[9.016,11.7142],[9.0144,11.7109],[9.0088,11.7046],[9.0101,11.6975],[9.0155,11.6917],[9.0208,11.6903],[9.0266,11.6901],[9.0306,11.6913],[9.0358,11.6907],[9.0438,11.6906],[9.0477,11.6922],[9.0507,11.6917],[9.0581,11.6931],[9.0636,11.6908],[9.0698,11.6849],[9.0741,11.6852],[9.0763,11.6888],[9.0763,11.6956],[9.0756,11.7001],[9.076,11.7056],[9.0783,11.7095],[9.0778,11.7137],[9.0752,11.7234],[9.073,11.7249],[9.0736,11.7277],[9.0726,11.731],[9.0758,11.7328]]],[[[8.9881,11.7364],[8.9905,11.7397],[8.9936,11.7385],[8.9968,11.7425],[8.9984,11.7483],[8.9962,11.7531],[8.9895,11.7553],[8.988,11.7611],[8.9905,11.7643],[8.9902,11.7685],[8.9861,11.7702],[8.9846,11.7685],[8.9819,11.7697],[8.9799,11.7725],[8.9758,11.7725],[8.9693,11.7764],[8.9651,11.7772],[8.9645,11.7801],[8.965,11.7864],[8.9662,11.788],[8.9609,11.7984],[8.9496,11.7969],[8.9478,11.789],[8.9486,11.7855],[8.9481,11.7785],[8.9506,11.775],[8.9495,11.7717],[8.9467,11.7692],[8.9503,11.7659],[8.9537,11.7647],[8.9544,11.7557],[8.9565,11.7496],[8.9604,11.7466],[8.9658,11.7461],[8.9728,11.7421],[8.9742,11.74],[8.9729,11.7341],[8.9757,11.7311],[8.9818,11.7326],[8.9836,11.7362],[8.9881,11.7364]]]]},"properties":{"name":"KAZURAWA","state":"19","code":"19/16/07"}},{"type":"Feature","geometry":{"type":"Polygon","coordinates":[[[9.1458,11.8272],[9.1444,11.8314],[9.1401,11.8357],[9.1394,11.8378],[9.1341,11.8373],[9.1302,11.8391],[9.1268,11.8391],[9.1225,11.8411],[9.1196,11.8443],[9.117,11.8442],[9.1121,11.8465],[9.1101,11.8514],[9.0998,11.8495],[9.0999,11.852],[9.0967,11.8544],[9.0931,11.8539],[9.0907,11.8556],[9.0861,11.856],[9.0842,11.8579],[9.0844,11.8521],[9.0784,11.845],[9.0763,11.8452],[9.0729,11.8423],[9.0657,11.8378],[9.0654,11.8338],[9.0686,11.8315],[9.068,11.8264],[9.0665,11.8213],[9.064,11.8204],[9.0656,11.8134],[9.0676,11.8122],[9.0686,11.8037],[9.0704,11.8009],[9.0678,11.7961],[9.0703,11.7947],[9.0711,11.7906],[9.0676,11.7863],[9.0698,11.7792],[9.0716,11.7758],[9.0697,11.7692],[9.0664,11.7676],[9.0637,11.7629],[9.0666,11.7606],[9.0685,11.7548],[9.0704,11.7528],[9.0705,11.7457],[9.0715,11.7432],[9.0716,11.7371],[9.0758,11.7328],[9.0752,11.7298],[9.0803,11.7229],[9.0809,11.7201],[9.0857,11.7171],[9.0885,11.7131],[9.0886,11.7096],[9.0984,11.7099],[9.1021,11.7064],[9.1039,11.7076],[9.112,11.7063],[9.1183,11.7034],[9.12,11.7016],[9.1249,11.7014],[9.1278,11.6973],[9.1295,11.6996],[9.1403,11.6998],[9.1437,11.7011],[9.1502,11.7011],[9.1568,11.703],[9.1657,11.7066],[9.1574,11.7192],[9.1572,11.7415],[9.1529,11.7494],[9.1415,11.7594],[9.1482,11.7655],[9.1477,11.7662],[9.1427,11.7728],[9.1416,11.7867],[9.1389,11.7937],[9.1423,11.8185],[9.1439,11.8266],[9.1458,11.8272]]]},"properties":{"name":"MAIMAKAWA","state":"19","code":"19/16/08"}},{"type":"Feature","geometry":{"type":"Polygon","coordinates":[[[8.9543,11.9384],[8.957,11.9285],[8.9588,11.9258],[8.9571,11.9174],[8.9498,11.9066],[8.951,11.9023],[8.9487,11.8973],[8.9493,11.8927],[8.9462,11.8883],[8.9481,11.8813],[8.9494,11.8766],[8.9497,11.8689],[8.9514,11.867],[8.9516,11.8625],[8.9507,11.86],[8.9447,11.8527],[8.9367,11.8505],[8.9327,11.8477],[8.9272,11.8469],[8.9134,11.8392],[8.9109,11.8382],[8.9129,11.833],[8.9087,11.8282],[8.9117,11.826],[8.9191,11.8265],[8.9221,11.8253],[8.9288,11.8164],[8.9282,11.8138],[8.9303,11.8097],[8.9319,11.8022],[8.9342,11.8004],[8.9444,11.8011],[8.9496,11.7969],[8.9609,11.7984],[8.965,11.8017],[8.968,11.8028],[8.9717,11.8013],[8.9771,11.8017],[8.9843,11.799],[8.9913,11.7932],[8.9943,11.7923],[8.9975,11.7928],[9.002,11.7976],[9.001,11.8052],[9.0021,11.8077],[9.001,11.8155],[8.9967,11.8225],[9.0002,11.8311],[8.9932,11.8343],[8.9906,11.8407],[8.9877,11.8429],[8.9852,11.8468],[8.983,11.8484],[8.9854,11.8516],[8.987,11.8623],[8.9813,11.8601],[8.9776,11.863],[8.9756,11.8684],[8.9758,11.8767],[8.9818,11.8854],[8.9822,11.89],[8.9837,11.892],[8.9856,11.8975],[8.9847,11.9016],[8.9853,11.9084],[8.9846,11.9109],[8.9809,11.9152],[8.9794,11.9199],[8.9799,11.9241],[8.978,11.931],[8.9757,11.9314],[8.9744,11.9381],[8.9695,11.9379],[8.967,11.946],[8.9638,11.946],[8.9585,11.9481],[8.957,11.9468],[8.9543,11.9384]]]},"properties":{"name":"SHAGOGO","state":"19","code":"19/16/09"}},{"type":"Feature","geometry":{"type":"Polygon","coordinates":[[[8.9319,11.8022],[8.9303,11.8097],[8.9282,11.8138],[8.9288,11.8164],[8.9221,11.8253],[8.9191,11.8265],[8.9117,11.826],[8.9087,11.8282],[8.9082,11.8282],[8.8981,11.8176],[8.9023,11.8113],[8.8976,11.8048],[8.8914,11.8068],[8.8883,11.8053],[8.8879,11.8026],[8.8908,11.7984],[8.8912,11.7946],[8.8952,11.7914],[8.8942,11.7888],[8.8907,11.7881],[8.893,11.7829],[8.8889,11.7818],[8.8887,11.7801],[8.8926,11.7779],[8.8926,11.7761],[8.9003,11.7735],[8.9054,11.773],[8.9121,11.7709],[8.9169,11.7712],[8.9191,11.7687],[8.9229,11.7719],[8.9261,11.7782],[8.9218,11.7833],[8.9231,11.7914],[8.9217,11.7939],[8.9243,11.7982],[8.9319,11.8022]]]},"properties":{"name":"WUDILAWA","state":"19","code":"19/16/10"}},{"type":"Feature","geometry":{"type":"Polygon","coordinates":[[[8.6726,12.0404],[8.6718,12.0488],[8.6688,12.0533],[8.6702,12.0557],[8.6691,12.0607],[8.6705,12.0647],[8.6743,12.0653],[8.6798,12.0649],[8.6823,12.0707],[8.6805,12.0723],[8.6734,12.0748],[8.6686,12.0741],[8.666,12.0821],[8.6643,12.0847],[8.6636,12.0888],[8.6472,12.0846],[8.6466,12.0794],[8.6447,12.0753],[8.6413,12.0732],[8.6349,12.0672],[8.6366,12.0641],[8.6342,12.0631],[8.6345,12.06],[8.6281,12.0554],[8.6282,12.0528],[8.6239,12.0521],[8.6237,12.0497],[8.6208,12.0468],[8.6184,12.0426],[8.6141,12.0408],[8.6136,12.0376],[8.611,12.0384],[8.6056,12.0375],[8.6045,12.0331],[8.6039,12.0257],[8.6053,12.0219],[8.6028,12.02],[8.6045,12.0166],[8.6045,12.0123],[8.6138,12.0131],[8.6143,12.0047],[8.6218,12.0033],[8.6258,12.0026],[8.6256,12.0061],[8.6313,12.0071],[8.6382,12.0075],[8.6403,12.0088],[8.6407,12.0116],[8.6434,12.0141],[8.6439,12.0198],[8.6392,12.0187],[8.6376,12.0237],[8.6413,12.0261],[8.6445,12.0265],[8.6489,12.0304],[8.6483,12.0332],[8.6625,12.0401],[8.6671,12.0335],[8.671,12.0368],[8.6726,12.0404]]]},"properties":{"name":"BABAWA","state":"19","code":"19/17/01"}},{"type":"Feature","geometry":{"type":"Polygon","coordinates":[[[8.7736,12.0171],[8.7619,12.0238],[8.7591,12.0225],[8.7578,12.0248],[8.7526,12.0258],[8.7428,12.0252],[8.7403,12.0269],[8.7358,12.0249],[8.7317,12.0249],[8.73,12.0209],[8.7318,12.0189],[8.7305,12.0124],[8.7262,12.008],[8.7267,12.0051],[8.7291,12.0018],[8.7349,12.0002],[8.7351,11.9941],[8.7296,11.9888],[8.7284,11.985],[8.73,11.9817],[8.731,11.9766],[8.7301,11.9756],[8.7341,11.9668],[8.7358,11.9649],[8.7386,11.9643],[8.7448,11.9662],[8.7507,11.9654],[8.7529,11.9629],[8.7632,11.9631],[8.7687,11.9662],[8.7746,11.9647],[8.7824,11.9678],[8.7844,11.9691],[8.7818,11.9747],[8.774,11.9737],[8.7709,11.9748],[8.7697,11.9793],[8.7671,11.9824],[8.7649,11.9877],[8.7628,11.989],[8.7618,11.9932],[8.7618,11.9974],[8.7593,12.0016],[8.7599,12.0051],[8.7635,12.0095],[8.7685,12.0121],[8.7736,12.0171]]]},"properties":{"name":"GAWO","state":"19","code":"19/17/02"}},{"type":"Feature","geometry":{"type":"Polygon","coordinates":[[[8.7457,12.1576],[8.7469,12.1492],[8.7485,12.1443],[8.7452,12.14],[8.7427,12.1395],[8.7405,12.1358],[8.7392,12.1293],[8.7402,12.1214],[8.7377,12.1143],[8.7344,12.112],[8.7421,12.1055],[8.7427,12.1032],[8.746,12.1024],[8.7486,12.099],[8.7519,12.0926],[8.7565,12.0956],[8.7564,12.1027],[8.7581,12.107],[8.7569,12.1154],[8.7602,12.118],[8.7635,12.1189],[8.7676,12.1235],[8.7704,12.1277],[8.7726,12.1288],[8.7777,12.1355],[8.7792,12.1429],[8.7827,12.147],[8.7831,12.149],[8.7808,12.1557],[8.7707,12.1604],[8.7532,12.1622],[8.748,12.1604],[8.7457,12.1576]]]},"properties":{"name":"GEZAWA","state":"19","code":"19/17/03"}},{"type":"Feature","geometry":{"type":"Polygon","coordinates":[[[8.6671,12.0335],[8.6702,12.0252],[8.668,12.0251],[8.6692,12.0189],[8.6723,12.0111],[8.6861,12.0161],[8.689,12.0124],[8.6899,12.0068],[8.6918,12.0067],[8.7032,12.0067],[8.706,12.0072],[8.7086,12.0053],[8.7101,11.9977],[8.7078,11.9954],[8.7039,11.9874],[8.7109,11.9836],[8.714,11.9792],[8.7158,11.9786],[8.7209,11.9801],[8.7252,11.9756],[8.7301,11.9756],[8.731,11.9766],[8.73,11.9817],[8.7284,11.985],[8.7296,11.9888],[8.7351,11.9941],[8.7349,12.0002],[8.7291,12.0018],[8.7267,12.0051],[8.7262,12.008],[8.7305,12.0124],[8.7318,12.0189],[8.73,12.0209],[8.7317,12.0249],[8.728,12.0263],[8.7273,12.0312],[8.7225,12.034],[8.719,12.0382],[8.7176,12.0477],[8.7132,12.0503],[8.7075,12.0502],[8.7044,12.0482],[8.6937,12.0433],[8.683,12.0362],[8.6798,12.0403],[8.6759,12.0423],[8.6726,12.0404],[8.671,12.0368],[8.6671,12.0335]]]},"properties":{"name":"JOGANA","state":"19","code":"19/17/04"}},{"type":"Feature","geometry":{"type":"Polygon","coordinates":[[[8.7984,12.0711],[8.7919,12.072],[8.7886,12.0716],[8.7838,12.0747],[8.7742,12.079],[8.7704,12.0826],[8.7658,12.0811],[8.7629,12.0847],[8.76,12.0869],[8.7565,12.0956],[8.7519,12.0926],[8.7486,12.099],[8.746,12.1024],[8.7429,12.1012],[8.7378,12.0962],[8.7288,12.0924],[8.726,12.0893],[8.7185,12.0832],[8.7207,12.0789],[8.7212,12.0756],[8.717,12.07],[8.7125,12.0661],[8.7078,12.0639],[8.704,12.0581],[8.7044,12.0549],[8.7075,12.0502],[8.7132,12.0503],[8.7176,12.0477],[8.719,12.0382],[8.7225,12.034],[8.7273,12.0312],[8.7552,12.0414],[8.7551,12.0462],[8.7582,12.0545],[8.7632,12.057],[8.7685,12.0566],[8.7733,12.0548],[8.7789,12.0509],[8.8021,12.0624],[8.799,12.0679],[8.7984,12.0711]]]},"properties":{"name":"KETAWA","state":"19","code":"19/17/05"}},{"type":"Feature","geometry":{"type":"Polygon","coordinates":[[[8.7199,12.1633],[8.7186,12.1599],[8.715,12.16],[8.7144,12.1553],[8.7129,12.1511],[8.7092,12.1461],[8.7042,12.1442],[8.7009,12.1418],[8.6919,12.1402],[8.6897,12.1378],[8.6853,12.1377],[8.6836,12.1343],[8.6789,12.1333],[8.6741,12.1312],[8.6693,12.1304],[8.6684,12.1321],[8.6619,12.1341],[8.657,12.1371],[8.6507,12.1349],[8.6468,12.1348],[8.6444,12.1362],[8.6376,12.1337],[8.636,12.1269],[8.6393,12.1225],[8.6428,12.1208],[8.6502,12.1197],[8.6505,12.1155],[8.6569,12.1173],[8.6605,12.1166],[8.6666,12.1237],[8.6726,12.1174],[8.6767,12.1144],[8.6783,12.1105],[8.6861,12.1115],[8.6906,12.1084],[8.7019,12.112],[8.7104,12.1116],[8.714,12.1131],[8.7168,12.1116],[8.7177,12.1055],[8.7197,12.1023],[8.7211,12.0955],[8.726,12.0893],[8.7288,12.0924],[8.7378,12.0962],[8.7429,12.1012],[8.746,12.1024],[8.7427,12.1032],[8.7421,12.1055],[8.7344,12.112],[8.7377,12.1143],[8.7402,12.1214],[8.7392,12.1293],[8.7405,12.1358],[8.7427,12.1395],[8.7452,12.14],[8.7485,12.1443],[8.7469,12.1492],[8.7457,12.1576],[8.7388,12.1572],[8.7235,12.1633],[8.7199,12.1633]]]},"properties":{"name":"MESAR-TUDU","state":"19","code":"19/17/06"}},{"type":"Feature","geometry":{"type":"Polygon","coordinates":[[[8.7942,12.0998],[8.7804,12.0999],[8.7731,12.1002],[8.7789,12.1069],[8.7787,12.1089],[8.7745,12.1135],[8.7693,12.1157],[8.7672,12.1179],[8.7635,12.1189],[8.7602,12.118],[8.7569,12.1154],[8.7581,12.107],[8.7564,12.1027],[8.7565,12.0956],[8.76,12.0869],[8.7629,12.0847],[8.7658,12.0811],[8.7704,12.0826],[8.7742,12.079],[8.7838,12.0747],[8.7886,12.0716],[8.7919,12.072],[8.7984,12.0711],[8.7991,12.0735],[8.7982,12.0779],[8.7918,12.0859],[8.7911,12.0922],[8.7925,12.0942],[8.7942,12.0998]]]},"properties":{"name":"SARARIN-GEZAWA","state":"19","code":"19/17/07"}},{"type":"Feature","geometry":{"type":"Polygon","coordinates":[[[8.6218,12.0033],[8.6219,11.9997],[8.6129,12],[8.6129,11.9965],[8.6058,11.9975],[8.6008,11.999],[8.6006,11.9964],[8.6039,11.9875],[8.6039,11.9813],[8.6031,11.9782],[8.5988,11.9704],[8.608,11.9694],[8.6131,11.9671],[8.6277,11.9621],[8.6359,11.9627],[8.6417,11.9652],[8.6452,11.9674],[8.6494,11.976],[8.6525,11.9758],[8.6591,11.9806],[8.6627,11.9806],[8.6741,11.9761],[8.6767,11.9831],[8.6767,11.9874],[8.6751,11.9935],[8.6805,11.9924],[8.6831,11.9941],[8.6861,11.9978],[8.6889,11.9994],[8.6918,12.0067],[8.6899,12.0068],[8.689,12.0124],[8.6861,12.0161],[8.6723,12.0111],[8.6692,12.0189],[8.668,12.0251],[8.6702,12.0252],[8.6671,12.0335],[8.6625,12.0401],[8.6483,12.0332],[8.6489,12.0304],[8.6445,12.0265],[8.6413,12.0261],[8.6376,12.0237],[8.6392,12.0187],[8.6439,12.0198],[8.6434,12.0141],[8.6407,12.0116],[8.6403,12.0088],[8.6382,12.0075],[8.6313,12.0071],[8.6256,12.0061],[8.6258,12.0026],[8.6218,12.0033]]]},"properties":{"name":"TSAMIYA-BABBA","state":"19","code":"19/17/08"}},{"type":"Feature","geometry":{"type":"Polygon","coordinates":[[[8.8249,12.007],[8.8244,12.0114],[8.8182,12.0171],[8.8109,12.019],[8.7998,12.0248],[8.7973,12.0278],[8.7886,12.0269],[8.7853,12.0249],[8.7834,12.0209],[8.7787,12.0164],[8.7736,12.0171],[8.7685,12.0121],[8.7635,12.0095],[8.7599,12.0051],[8.7593,12.0016],[8.7618,11.9974],[8.7618,11.9932],[8.7628,11.989],[8.7649,11.9877],[8.7671,11.9824],[8.7697,11.9793],[8.7709,11.9748],[8.774,11.9737],[8.7818,11.9747],[8.7844,11.9691],[8.791,11.9665],[8.7941,11.9739],[8.7966,11.9755],[8.8043,11.9741],[8.809,11.9758],[8.8137,11.9763],[8.8169,11.9786],[8.8225,11.979],[8.8248,11.9744],[8.835,11.9731],[8.8327,11.9793],[8.8348,11.9845],[8.8338,11.9862],[8.8274,11.9881],[8.8249,11.9897],[8.8216,11.9963],[8.8249,12.007]]]},"properties":{"name":"TUMBAU","state":"19","code":"19/17/09"}},{"type":"Feature","geometry":{"type":"Polygon","coordinates":[[[8.8376,12.0423],[8.8234,12.0475],[8.8203,12.0498],[8.8219,12.0565],[8.8233,12.0593],[8.8232,12.0638],[8.8183,12.0702],[8.8021,12.0624],[8.7789,12.0509],[8.7733,12.0548],[8.7685,12.0566],[8.7632,12.057],[8.7582,12.0545],[8.7551,12.0462],[8.7552,12.0414],[8.7273,12.0312],[8.728,12.0263],[8.7317,12.0249],[8.7358,12.0249],[8.7403,12.0269],[8.7428,12.0252],[8.7526,12.0258],[8.7578,12.0248],[8.7591,12.0225],[8.7619,12.0238],[8.7736,12.0171],[8.7787,12.0164],[8.7834,12.0209],[8.7853,12.0249],[8.7886,12.0269],[8.7973,12.0278],[8.7998,12.0248],[8.8109,12.019],[8.8182,12.0171],[8.8244,12.0114],[8.8249,12.007],[8.8275,12.0052],[8.8348,12.0041],[8.8361,12.0076],[8.8392,12.0095],[8.8409,12.0165],[8.8444,12.0223],[8.844,12.0276],[8.8426,12.0315],[8.8391,12.0336],[8.8365,12.0397],[8.8376,12.0423]]]},"properties":{"name":"WANGARA","state":"19","code":"19/17/10"}},{"type":"Feature","geometry":{"type":"Polygon","coordinates":[[[8.6726,12.0404],[8.6759,12.0423],[8.6798,12.0403],[8.683,12.0362],[8.6937,12.0433],[8.7044,12.0482],[8.7075,12.0502],[8.7044,12.0549],[8.704,12.0581],[8.7078,12.0639],[8.7125,12.0661],[8.717,12.07],[8.7212,12.0756],[8.7207,12.0789],[8.7185,12.0832],[8.726,12.0893],[8.7211,12.0955],[8.7197,12.1023],[8.7177,12.1055],[8.7168,12.1116],[8.714,12.1131],[8.7104,12.1116],[8.7019,12.112],[8.6906,12.1084],[8.6861,12.1115],[8.6783,12.1105],[8.6767,12.1144],[8.6726,12.1174],[8.6666,12.1237],[8.6605,12.1166],[8.6569,12.1173],[8.6505,12.1155],[8.6502,12.1125],[8.6463,12.1106],[8.6416,12.1072],[8.6393,12.1023],[8.6384,12.0962],[8.6397,12.095],[8.6399,12.0908],[8.6412,12.0861],[8.6439,12.0843],[8.6472,12.0846],[8.6636,12.0888],[8.6643,12.0847],[8.666,12.0821],[8.6686,12.0741],[8.6734,12.0748],[8.6805,12.0723],[8.6823,12.0707],[8.6798,12.0649],[8.6743,12.0653],[8.6705,12.0647],[8.6691,12.0607],[8.6702,12.0557],[8.6688,12.0533],[8.6718,12.0488],[8.6726,12.0404]]]},"properties":{"name":"ZANGO","state":"19","code":"19/17/11"}},{"type":"Feature","geometry":{"type":"Polygon","coordinates":[[[8.509,11.9946],[8.503,11.9939],[8.5043,11.9901],[8.5078,11.9909],[8.5106,11.9919],[8.509,11.9946]]]},"properties":{"name":"DANDAGO","state":"19","code":"19/18/01"}},{"type":"Feature","geometry":{"type":"Polygon","coordinates":[[[8.5154,11.982],[8.5152,11.9862],[8.5167,11.9884],[8.5155,11.9908],[8.5129,11.9872],[8.5131,11.9824],[8.5154,11.982]]]},"properties":{"name":"DISO","state":"19","code":"19/18/02"}},{"type":"Feature","geometry":{"type":"Polygon","coordinates":[[[8.4851,11.9784],[8.4825,11.9817],[8.4811,11.9871],[8.4723,11.9823],[8.4621,11.9788],[8.4434,11.971],[8.4442,11.9653],[8.4475,11.9597],[8.4511,11.9564],[8.4571,11.9531],[8.4596,11.9569],[8.4659,11.9621],[8.4677,11.9579],[8.4652,11.9557],[8.4693,11.9535],[8.4708,11.9515],[8.4773,11.958],[8.4799,11.9618],[8.4855,11.9637],[8.4871,11.9623],[8.4826,11.9523],[8.4771,11.9436],[8.4739,11.9426],[8.4806,11.9341],[8.4897,11.9415],[8.5111,11.9593],[8.5052,11.9638],[8.505,11.9657],[8.4982,11.9724],[8.4958,11.9799],[8.4903,11.9782],[8.4851,11.9784]]]},"properties":{"name":"DORAYI","state":"19","code":"19/18/03"}},{"type":"Feature","geometry":{"type":"Polygon","coordinates":[[[8.5078,11.9909],[8.5076,11.9863],[8.5129,11.9872],[8.5155,11.9908],[8.5134,11.9936],[8.5106,11.9919],[8.5078,11.9909]]]},"properties":{"name":"GALADANCHI","state":"19","code":"19/18/04"}},{"type":"Feature","geometry":{"type":"Polygon","coordinates":[[[8.4947,12.0034],[8.4959,12.0064],[8.4892,12.0107],[8.4865,12.0039],[8.4852,11.9983],[8.4944,11.9994],[8.4947,12.0034]]]},"properties":{"name":"GORON DUTSE","state":"19","code":"19/18/05"}},{"type":"Feature","geometry":{"type":"Polygon","coordinates":[[[8.5043,11.9901],[8.503,11.9844],[8.5063,11.9833],[8.5131,11.9824],[8.5129,11.9872],[8.5076,11.9863],[8.5078,11.9909],[8.5043,11.9901]]]},"properties":{"name":"GWALE","state":"19","code":"19/18/06"}},{"type":"Feature","geometry":{"type":"Polygon","coordinates":[[[8.5022,11.9942],[8.503,11.9939],[8.509,11.9946],[8.5077,11.9998],[8.5077,12],[8.5022,11.9942]]]},"properties":{"name":"GYARANYA","state":"19","code":"19/18/07"}},{"type":"Feature","geometry":{"type":"Polygon","coordinates":[[[8.4944,11.9994],[8.4852,11.9983],[8.4865,12.0039],[8.4892,12.0107],[8.4875,12.0124],[8.4787,12.018],[8.4783,12.0193],[8.4752,12.0202],[8.469,12.0239],[8.4693,12.0195],[8.4668,12.0184],[8.4655,12.0121],[8.4674,12.0044],[8.4652,12.0042],[8.4656,11.9995],[8.4648,11.9969],[8.4642,11.9872],[8.4706,11.9865],[8.4723,11.9823],[8.4811,11.9871],[8.4825,11.9817],[8.4851,11.9784],[8.4886,11.9895],[8.4952,11.9881],[8.4947,11.9959],[8.4944,11.9994]]]},"properties":{"name":"KABUGA","state":"19","code":"19/18/08"}},{"type":"Feature","geometry":{"type":"Polygon","coordinates":[[[8.5106,11.9919],[8.5134,11.9936],[8.5117,11.9993],[8.5077,11.9998],[8.509,11.9946],[8.5106,11.9919]]]},"properties":{"name":"MANDAWARI","state":"19","code":"19/18/09"}},{"type":"Feature","geometry":{"type":"Polygon","coordinates":[[[8.4991,11.9945],[8.4947,11.9959],[8.4952,11.9881],[8.4886,11.9895],[8.4851,11.9784],[8.4903,11.9782],[8.4958,11.9799],[8.5063,11.9833],[8.503,11.9844],[8.5043,11.9901],[8.503,11.9939],[8.5022,11.9942],[8.4991,11.9945]]]},"properties":{"name":"SANI MAI MAGGE","state":"19","code":"19/18/10"}},{"type":"Feature","geometry":{"type":"Polygon","coordinates":[[[7.9916,11.8974],[7.9887,11.8987],[7.989,11.9025],[7.9873,11.9043],[7.9878,11.9101],[7.9843,11.9158],[7.9756,11.919],[7.9725,11.915],[7.9692,11.9127],[7.9649,11.9124],[7.9599,11.9078],[7.9559,11.9054],[7.9565,11.9023],[7.9533,11.9006],[7.9467,11.9075],[7.9401,11.9049],[7.9406,11.8993],[7.9362,11.8959],[7.936,11.8917],[7.9406,11.8893],[7.9392,11.8879],[7.9422,11.8824],[7.9472,11.8834],[7.9515,11.8866],[7.9529,11.8899],[7.9571,11.8864],[7.964,11.8865],[7.9659,11.885],[7.9638,11.8812],[7.961,11.88],[7.9576,11.87],[7.9604,11.8617],[7.9604,11.8592],[7.9655,11.8586],[7.9678,11.857],[7.9769,11.8542],[7.9812,11.859],[7.9853,11.8608],[7.9831,11.863],[7.984,11.8654],[7.9815,11.8676],[7.9826,11.872],[7.9887,11.8752],[7.9943,11.8764],[7.9978,11.8796],[8.0015,11.8809],[7.9997,11.8835],[7.9949,11.8871],[7.9919,11.8871],[7.9896,11.8956],[7.9916,11.8974]]]},"properties":{"name":"GETSO","state":"19","code":"19/19/01"}},{"type":"Feature","geometry":{"type":"Polygon","coordinates":[[[7.9402,11.9171],[7.9387,11.9238],[7.935,11.9229],[7.9148,11.919],[7.9127,11.9136],[7.9367,11.9119],[7.9363,11.9148],[7.9402,11.9171]]]},"properties":{"name":"GWARZO","state":"19","code":"19/19/02"}},{"type":"Feature","geometry":{"type":"Polygon","coordinates":[[[7.888,11.8245],[7.8849,11.8244],[7.8819,11.8284],[7.8781,11.8304],[7.8731,11.8362],[7.8716,11.8431],[7.8714,11.8491],[7.8654,11.852],[7.8573,11.8521],[7.8552,11.8425],[7.8523,11.836],[7.8549,11.8333],[7.8531,11.8239],[7.8553,11.8173],[7.8555,11.8109],[7.855,11.8019],[7.8575,11.7949],[7.8587,11.7838],[7.8653,11.7848],[7.8681,11.7876],[7.8746,11.7887],[7.8765,11.7917],[7.88,11.7939],[7.8838,11.7928],[7.885,11.795],[7.8877,11.7953],[7.8875,11.7916],[7.8888,11.7824],[7.8937,11.7815],[7.8984,11.7818],[7.9049,11.7806],[7.9127,11.7804],[7.9116,11.785],[7.9119,11.7898],[7.9135,11.7946],[7.9137,11.7985],[7.9125,11.8038],[7.9129,11.8063],[7.9098,11.809],[7.9065,11.8102],[7.905,11.8137],[7.9012,11.815],[7.8999,11.8169],[7.8951,11.8181],[7.8941,11.8201],[7.8895,11.821],[7.888,11.8245]]]},"properties":{"name":"JAMA' A","state":"19","code":"19/19/03"}},{"type":"Feature","geometry":{"type":"Polygon","coordinates":[[[7.936,11.8917],[7.9298,11.8915],[7.9282,11.8894],[7.924,11.8898],[7.9221,11.8854],[7.9156,11.8853],[7.9142,11.8842],[7.921,11.8773],[7.9219,11.8753],[7.9197,11.8729],[7.9178,11.8682],[7.9101,11.8614],[7.9065,11.8593],[7.9083,11.8559],[7.9119,11.8519],[7.9084,11.8412],[7.9009,11.8387],[7.8975,11.8366],[7.8941,11.8304],[7.8922,11.8293],[7.888,11.8245],[7.8895,11.821],[7.8941,11.8201],[7.8951,11.8181],[7.8999,11.8169],[7.9012,11.815],[7.905,11.8137],[7.9092,11.8151],[7.9139,11.8207],[7.9164,11.822],[7.9188,11.8195],[7.9275,11.8172],[7.9302,11.8196],[7.9389,11.8184],[7.9412,11.8173],[7.9468,11.8168],[7.9488,11.8133],[7.951,11.8144],[7.9637,11.8147],[7.9643,11.8133],[7.9678,11.8142],[7.9685,11.8175],[7.9731,11.8201],[7.9757,11.8233],[7.9806,11.8248],[7.9834,11.8277],[7.9816,11.8299],[7.9755,11.8321],[7.974,11.8346],[7.9682,11.8377],[7.9666,11.8418],[7.9694,11.843],[7.9678,11.8454],[7.9684,11.849],[7.9664,11.8532],[7.9678,11.857],[7.9655,11.8586],[7.9604,11.8592],[7.9604,11.8617],[7.9576,11.87],[7.961,11.88],[7.9638,11.8812],[7.9659,11.885],[7.964,11.8865],[7.9571,11.8864],[7.9529,11.8899],[7.9515,11.8866],[7.9472,11.8834],[7.9422,11.8824],[7.9392,11.8879],[7.9406,11.8893],[7.936,11.8917]]]},"properties":{"name":"KARA","state":"19","code":"19/19/04"}},{"type":"Feature","geometry":{"type":"Polygon","coordinates":[[[7.9756,11.919],[7.9735,11.9201],[7.9738,11.9228],[7.9698,11.9234],[7.9671,11.9266],[7.9623,11.9261],[7.9402,11.9171],[7.9363,11.9148],[7.9367,11.9119],[7.9127,11.9136],[7.9117,11.9089],[7.9077,11.903],[7.9019,11.9016],[7.8986,11.9023],[7.8879,11.9015],[7.8853,11.9021],[7.8836,11.8995],[7.884,11.8945],[7.8829,11.8919],[7.8764,11.8887],[7.8763,11.8869],[7.8721,11.885],[7.8696,11.8803],[7.8668,11.8799],[7.8641,11.8738],[7.8629,11.8689],[7.8604,11.8635],[7.8573,11.8521],[7.8654,11.852],[7.8714,11.8491],[7.8716,11.8431],[7.8731,11.8362],[7.8781,11.8304],[7.8819,11.8284],[7.8849,11.8244],[7.888,11.8245],[7.8922,11.8293],[7.8941,11.8304],[7.8975,11.8366],[7.9009,11.8387],[7.9084,11.8412],[7.9119,11.8519],[7.9083,11.8559],[7.9065,11.8593],[7.9101,11.8614],[7.9178,11.8682],[7.9197,11.8729],[7.9219,11.8753],[7.921,11.8773],[7.9142,11.8842],[7.9156,11.8853],[7.9221,11.8854],[7.924,11.8898],[7.9282,11.8894],[7.9298,11.8915],[7.936,11.8917],[7.9362,11.8959],[7.9406,11.8993],[7.9401,11.9049],[7.9467,11.9075],[7.9533,11.9006],[7.9565,11.9023],[7.9559,11.9054],[7.9599,11.9078],[7.9649,11.9124],[7.9692,11.9127],[7.9725,11.915],[7.9756,11.919]]]},"properties":{"name":"KUTAMA","state":"19","code":"19/19/05"}},{"type":"Feature","geometry":{"type":"Polygon","coordinates":[[[7.9387,11.9238],[7.9396,11.924],[7.9465,11.9373],[7.949,11.9401],[7.952,11.9394],[7.9551,11.9412],[7.9541,11.9465],[7.9645,11.9437],[7.9652,11.9397],[7.9706,11.9427],[7.969,11.9473],[7.9703,11.9518],[7.9767,11.9539],[7.9816,11.9561],[7.982,11.9519],[7.9803,11.9427],[7.9833,11.9396],[7.9859,11.9426],[7.9895,11.9415],[7.9949,11.9433],[7.9933,11.9484],[8.0002,11.9523],[7.9964,11.9568],[7.9931,11.9569],[7.9906,11.9554],[7.983,11.9564],[7.983,11.9603],[7.9852,11.9636],[7.9855,11.9681],[7.983,11.973],[7.9814,11.9743],[7.9758,11.9736],[7.9701,11.9759],[7.9716,11.9801],[7.9692,11.9846],[7.9599,11.9853],[7.9573,11.984],[7.9553,11.9812],[7.9483,11.98],[7.945,11.9813],[7.9411,11.9843],[7.9335,11.9796],[7.93,11.9784],[7.926,11.9686],[7.917,11.9644],[7.915,11.9643],[7.908,11.9674],[7.9035,11.9663],[7.8995,11.9682],[7.8965,11.9664],[7.8915,11.9662],[7.8923,11.9716],[7.8916,11.976],[7.8945,11.9803],[7.8953,11.9848],[7.8917,11.9868],[7.8903,11.9926],[7.8893,12.0027],[7.8869,12.0024],[7.8841,12.0086],[7.8845,12.014],[7.8818,12.0158],[7.8777,12.0214],[7.8747,12.0182],[7.8731,12.0141],[7.8614,12.013],[7.8586,12.0045],[7.8556,12.0002],[7.8423,11.9939],[7.8422,11.9912],[7.8347,11.9802],[7.8293,11.9686],[7.8334,11.9697],[7.8318,11.964],[7.8262,11.9533],[7.8274,11.9465],[7.8338,11.9474],[7.8373,11.9521],[7.843,11.9566],[7.8464,11.9552],[7.8498,11.9521],[7.8568,11.9565],[7.8626,11.9569],[7.867,11.9541],[7.8718,11.9551],[7.8694,11.9603],[7.8701,11.963],[7.8748,11.9633],[7.8773,11.9654],[7.882,11.9621],[7.8927,11.9593],[7.8918,11.9544],[7.8895,11.9515],[7.8902,11.9492],[7.8894,11.9449],[7.8874,11.9401],[7.8867,11.931],[7.8912,11.9245],[7.9052,11.919],[7.9103,11.9186],[7.9148,11.919],[7.935,11.9229],[7.9387,11.9238]]]},"properties":{"name":"LAKWAYA","state":"19","code":"19/19/06"}},{"type":"Feature","geometry":{"type":"Polygon","coordinates":[[[8.0905,11.9354],[8.0867,11.9364],[8.0845,11.9336],[8.0814,11.9342],[8.0745,11.9327],[8.0712,11.9326],[8.0681,11.9344],[8.0638,11.9322],[8.0643,11.9362],[8.058,11.9388],[8.0579,11.9422],[8.0564,11.9436],[8.0491,11.9441],[8.0478,11.9466],[8.0442,11.9497],[8.0403,11.9489],[8.0337,11.9461],[8.0237,11.9435],[8.0151,11.9425],[8.0168,11.9372],[8.0179,11.9284],[8.022,11.928],[8.0238,11.9242],[8.0333,11.9163],[8.0375,11.9197],[8.0393,11.9184],[8.0425,11.9207],[8.0456,11.9152],[8.0363,11.9129],[8.0374,11.9072],[8.0358,11.9016],[8.0357,11.8961],[8.0369,11.893],[8.0393,11.8902],[8.0431,11.8801],[8.0478,11.88],[8.0488,11.8787],[8.0467,11.8728],[8.0471,11.8702],[8.0502,11.8687],[8.0481,11.8661],[8.0496,11.8623],[8.0494,11.8583],[8.0561,11.8579],[8.064,11.862],[8.0634,11.8673],[8.0613,11.8708],[8.0644,11.8738],[8.0663,11.8739],[8.0706,11.8789],[8.0798,11.8802],[8.079,11.883],[8.0797,11.8868],[8.0851,11.8886],[8.0896,11.8928],[8.095,11.893],[8.0988,11.8947],[8.1003,11.8901],[8.102,11.8905],[8.103,11.8857],[8.1052,11.8855],[8.1166,11.8879],[8.1163,11.8924],[8.1136,11.8971],[8.1177,11.9048],[8.113,11.9091],[8.1139,11.9121],[8.117,11.9132],[8.1185,11.9169],[8.1157,11.9207],[8.1195,11.924],[8.119,11.9296],[8.1107,11.9314],[8.0987,11.9359],[8.0961,11.9351],[8.0905,11.9354]]]},"properties":{"name":"MADADI","state":"19","code":"19/19/07"}},{"type":"Feature","geometry":{"type":"Polygon","coordinates":[[[7.9148,11.919],[7.9103,11.9186],[7.9052,11.919],[7.8912,11.9245],[7.8867,11.931],[7.8874,11.9401],[7.8894,11.9449],[7.8902,11.9492],[7.8895,11.9515],[7.8918,11.9544],[7.8927,11.9593],[7.882,11.9621],[7.8773,11.9654],[7.8748,11.9633],[7.8701,11.963],[7.8694,11.9603],[7.8718,11.9551],[7.867,11.9541],[7.8626,11.9569],[7.8568,11.9565],[7.8498,11.9521],[7.8464,11.9552],[7.843,11.9566],[7.8373,11.9521],[7.8338,11.9474],[7.8274,11.9465],[7.8286,11.9389],[7.8286,11.9309],[7.8295,11.922],[7.8437,11.9019],[7.8477,11.8933],[7.8478,11.8913],[7.8482,11.8861],[7.8554,11.8815],[7.8628,11.8742],[7.8641,11.8738],[7.8668,11.8799],[7.8696,11.8803],[7.8721,11.885],[7.8763,11.8869],[7.8764,11.8887],[7.8829,11.8919],[7.884,11.8945],[7.8836,11.8995],[7.8853,11.9021],[7.8879,11.9015],[7.8986,11.9023],[7.9019,11.9016],[7.9077,11.903],[7.9117,11.9089],[7.9127,11.9136],[7.9148,11.919]]]},"properties":{"name":"MAINIKA","state":"19","code":"19/19/08"}},{"type":"Feature","geometry":{"type":"Polygon","coordinates":[[[7.9678,11.857],[7.9664,11.8532],[7.9684,11.849],[7.9678,11.8454],[7.9694,11.843],[7.9666,11.8418],[7.9682,11.8377],[7.974,11.8346],[7.9755,11.8321],[7.9816,11.8299],[7.9834,11.8277],[7.9837,11.824],[7.9879,11.8291],[7.9939,11.8352],[7.9984,11.8334],[8.0002,11.8313],[8.0049,11.8303],[8.0074,11.8285],[8.0118,11.8347],[8.0148,11.833],[8.0201,11.8338],[8.0254,11.8321],[8.0308,11.835],[8.0319,11.8393],[8.0305,11.8405],[8.031,11.8444],[8.0368,11.8489],[8.0453,11.8433],[8.0486,11.843],[8.048,11.8456],[8.0502,11.8499],[8.0494,11.8583],[8.0496,11.8623],[8.0481,11.8661],[8.0502,11.8687],[8.0471,11.8702],[8.0467,11.8728],[8.0488,11.8787],[8.0478,11.88],[8.0431,11.8801],[8.0393,11.8902],[8.0369,11.893],[8.0294,11.889],[8.0231,11.8872],[8.0186,11.8872],[8.0133,11.8896],[8.0066,11.8875],[8.0034,11.8912],[7.9978,11.8948],[7.9945,11.8982],[7.9916,11.8974],[7.9896,11.8956],[7.9919,11.8871],[7.9949,11.8871],[7.9997,11.8835],[8.0015,11.8809],[7.9978,11.8796],[7.9943,11.8764],[7.9887,11.8752],[7.9826,11.872],[7.9815,11.8676],[7.984,11.8654],[7.9831,11.863],[7.9853,11.8608],[7.9812,11.859],[7.9769,11.8542],[7.9678,11.857]]]},"properties":{"name":"SABON BIRNI","state":"19","code":"19/19/09"}},{"type":"Feature","geometry":{"type":"Polygon","coordinates":[[[7.9916,11.8974],[7.9945,11.8982],[7.9978,11.8948],[8.0034,11.8912],[8.0066,11.8875],[8.0133,11.8896],[8.0186,11.8872],[8.0231,11.8872],[8.0294,11.889],[8.0369,11.893],[8.0357,11.8961],[8.0358,11.9016],[8.0374,11.9072],[8.0363,11.9129],[8.0456,11.9152],[8.0425,11.9207],[8.0393,11.9184],[8.0375,11.9197],[8.0333,11.9163],[8.0238,11.9242],[8.022,11.928],[8.0179,11.9284],[8.0168,11.9372],[8.0151,11.9425],[8.0135,11.9452],[8.0055,11.9452],[8.0088,11.9524],[8.0116,11.9544],[8.0122,11.9568],[8.0121,11.9637],[8.019,11.9706],[8.029,11.9763],[8.0293,11.9809],[8.0276,11.9824],[8.0241,11.9824],[8.0197,11.9868],[8.0198,11.9889],[8.0164,11.9895],[8.0134,11.9918],[8.0059,11.996],[8.0047,11.9992],[8.0004,11.9996],[7.9982,11.9975],[7.9943,11.9907],[7.9839,11.9907],[7.9821,11.988],[7.9849,11.9783],[7.983,11.973],[7.9855,11.9681],[7.9852,11.9636],[7.983,11.9603],[7.983,11.9564],[7.9906,11.9554],[7.9931,11.9569],[7.9964,11.9568],[8.0002,11.9523],[7.9933,11.9484],[7.9949,11.9433],[7.9895,11.9415],[7.9859,11.9426],[7.9833,11.9396],[7.9803,11.9427],[7.982,11.9519],[7.9816,11.9561],[7.9767,11.9539],[7.9703,11.9518],[7.969,11.9473],[7.9706,11.9427],[7.9652,11.9397],[7.9645,11.9437],[7.9541,11.9465],[7.9551,11.9412],[7.952,11.9394],[7.949,11.9401],[7.9465,11.9373],[7.9396,11.924],[7.9387,11.9238],[7.9402,11.9171],[7.9623,11.9261],[7.9671,11.9266],[7.9698,11.9234],[7.9738,11.9228],[7.9735,11.9201],[7.9756,11.919],[7.9843,11.9158],[7.9878,11.9101],[7.9873,11.9043],[7.989,11.9025],[7.9887,11.8987],[7.9916,11.8974]]]},"properties":{"name":"UNGUWAR TUDU","state":"19","code":"19/19/10"}},{"type":"Feature","geometry":{"type":"Polygon","coordinates":[[[8.2396,11.7901],[8.2456,11.7937],[8.25,11.7986],[8.253,11.8007],[8.2486,11.8116],[8.2455,11.813],[8.2392,11.8225],[8.2396,11.827],[8.2381,11.8299],[8.238,11.8338],[8.2335,11.8382],[8.224,11.8346],[8.2209,11.8357],[8.2132,11.8319],[8.2084,11.8281],[8.2062,11.828],[8.2038,11.8255],[8.198,11.8237],[8.1937,11.8241],[8.1863,11.8209],[8.1842,11.8161],[8.1868,11.8005],[8.1907,11.8012],[8.195,11.7962],[8.1968,11.7927],[8.1972,11.7894],[8.203,11.7879],[8.214,11.7882],[8.2116,11.7766],[8.2173,11.7777],[8.2209,11.7732],[8.2226,11.7752],[8.2316,11.7768],[8.2338,11.7791],[8.2335,11.785],[8.2396,11.7901]]]},"properties":{"name":"DUGABAU","state":"19","code":"19/20/01"}},{"type":"Feature","geometry":{"type":"Polygon","coordinates":[[[8.2549,11.9326],[8.2494,11.9349],[8.2444,11.933],[8.2423,11.9338],[8.2426,11.9314],[8.236,11.9289],[8.2354,11.9253],[8.2396,11.9209],[8.2412,11.917],[8.2356,11.9125],[8.2342,11.9137],[8.227,11.9138],[8.2225,11.9093],[8.2194,11.9083],[8.2203,11.9058],[8.2149,11.9034],[8.2144,11.9015],[8.2098,11.8984],[8.2048,11.8938],[8.2043,11.891],[8.2,11.8899],[8.1998,11.8854],[8.2011,11.8837],[8.1935,11.8757],[8.1983,11.8746],[8.2017,11.871],[8.2026,11.8669],[8.2042,11.8646],[8.2012,11.8607],[8.201,11.8544],[8.2029,11.8524],[8.2062,11.8525],[8.2121,11.8498],[8.2208,11.8485],[8.2199,11.8525],[8.2211,11.8571],[8.2253,11.8611],[8.2274,11.8635],[8.2263,11.8686],[8.2247,11.87],[8.2202,11.869],[8.2169,11.8703],[8.2173,11.8758],[8.2162,11.8782],[8.2162,11.8839],[8.2185,11.8844],[8.2219,11.881],[8.2242,11.8801],[8.2315,11.873],[8.236,11.8715],[8.2414,11.8759],[8.241,11.8823],[8.2386,11.8877],[8.2324,11.8913],[8.2345,11.8961],[8.2345,11.8986],[8.2392,11.9009],[8.2406,11.9052],[8.2462,11.9064],[8.2486,11.9084],[8.2555,11.9089],[8.2605,11.9129],[8.2565,11.9165],[8.2595,11.9202],[8.2599,11.9261],[8.2549,11.9326]]]},"properties":{"name":"DURUN","state":"19","code":"19/20/02"}},{"type":"Feature","geometry":{"type":"Polygon","coordinates":[[[8.0798,11.8802],[8.0814,11.8768],[8.0814,11.874],[8.0838,11.8731],[8.0794,11.8683],[8.0777,11.864],[8.08,11.8551],[8.0778,11.8505],[8.0779,11.8458],[8.0792,11.8468],[8.0875,11.8462],[8.0877,11.8471],[8.0951,11.8515],[8.098,11.8485],[8.1022,11.851],[8.1164,11.8536],[8.1246,11.857],[8.1282,11.8588],[8.1278,11.862],[8.1237,11.8631],[8.122,11.8651],[8.1215,11.869],[8.1261,11.8731],[8.1298,11.8777],[8.1328,11.8728],[8.1383,11.8674],[8.139,11.8687],[8.1389,11.8757],[8.1444,11.8751],[8.1466,11.8714],[8.151,11.8734],[8.1541,11.8758],[8.1583,11.8734],[8.1644,11.8792],[8.1704,11.8795],[8.1732,11.8808],[8.1732,11.8835],[8.1754,11.8853],[8.1783,11.8833],[8.185,11.8802],[8.1867,11.8803],[8.1886,11.8834],[8.1872,11.8866],[8.1877,11.8893],[8.1855,11.8909],[8.1818,11.8964],[8.1831,11.8988],[8.1858,11.899],[8.1874,11.9048],[8.1839,11.9068],[8.1778,11.9042],[8.1731,11.9063],[8.169,11.9015],[8.1618,11.9016],[8.1592,11.8997],[8.1508,11.8975],[8.1491,11.8949],[8.1429,11.8932],[8.1343,11.8965],[8.1276,11.896],[8.1188,11.8923],[8.1163,11.8924],[8.1166,11.8879],[8.1052,11.8855],[8.103,11.8857],[8.102,11.8905],[8.1003,11.8901],[8.0988,11.8947],[8.095,11.893],[8.0896,11.8928],[8.0851,11.8886],[8.0797,11.8868],[8.079,11.883],[8.0798,11.8802]]]},"properties":{"name":"GAMMO","state":"19","code":"19/20/03"}},{"type":"Feature","geometry":{"type":"Polygon","coordinates":[[[8.1222,12.0117],[8.1149,12.0081],[8.1141,12.0068],[8.1053,12.0045],[8.1004,12.0014],[8.0985,11.9989],[8.1019,11.992],[8.1041,11.9928],[8.107,11.9906],[8.1112,11.9907],[8.1145,11.9884],[8.1128,11.9867],[8.1063,11.9868],[8.1009,11.9858],[8.0979,11.9761],[8.0918,11.9757],[8.0909,11.9736],[8.0844,11.9703],[8.0852,11.9638],[8.0808,11.9621],[8.0861,11.9563],[8.0875,11.9521],[8.0938,11.9433],[8.0905,11.9354],[8.0961,11.9351],[8.0987,11.9359],[8.1107,11.9314],[8.119,11.9296],[8.1164,11.9349],[8.1175,11.941],[8.1206,11.9411],[8.1219,11.9433],[8.127,11.9483],[8.1298,11.9494],[8.1324,11.9574],[8.1405,11.9562],[8.1444,11.9532],[8.1503,11.9535],[8.1543,11.951],[8.1595,11.9582],[8.1641,11.9588],[8.1634,11.9663],[8.1606,11.9677],[8.156,11.9716],[8.1531,11.9768],[8.1526,11.9812],[8.1464,11.9809],[8.1416,11.9856],[8.1369,11.9843],[8.1363,11.989],[8.1288,12.0035],[8.1222,12.0117]]]},"properties":{"name":"GARO","state":"19","code":"19/20/04"}},{"type":"Feature","geometry":{"type":"Polygon","coordinates":[[[8.1163,11.8924],[8.1188,11.8923],[8.1276,11.896],[8.1343,11.8965],[8.1429,11.8932],[8.1491,11.8949],[8.1508,11.8975],[8.1592,11.8997],[8.1618,11.9016],[8.169,11.9015],[8.1731,11.9063],[8.1778,11.9042],[8.1839,11.9068],[8.1874,11.9048],[8.1858,11.899],[8.1831,11.8988],[8.1818,11.8964],[8.1855,11.8909],[8.1877,11.8893],[8.1872,11.8866],[8.1886,11.8834],[8.1867,11.8803],[8.1882,11.878],[8.1935,11.8757],[8.2011,11.8837],[8.1998,11.8854],[8.2,11.8899],[8.2043,11.891],[8.2048,11.8938],[8.2098,11.8984],[8.2144,11.9015],[8.2149,11.9034],[8.2203,11.9058],[8.2194,11.9083],[8.2176,11.9092],[8.2161,11.9127],[8.2104,11.9152],[8.2067,11.9223],[8.2044,11.9229],[8.2008,11.9259],[8.1986,11.9295],[8.1976,11.9351],[8.1957,11.9373],[8.1962,11.9395],[8.1944,11.9429],[8.1907,11.9467],[8.1923,11.9522],[8.1895,11.9576],[8.1843,11.9566],[8.1785,11.9546],[8.1757,11.956],[8.1732,11.9596],[8.1641,11.9588],[8.1595,11.9582],[8.1543,11.951],[8.1503,11.9535],[8.1444,11.9532],[8.1405,11.9562],[8.1324,11.9574],[8.1298,11.9494],[8.127,11.9483],[8.1219,11.9433],[8.1206,11.9411],[8.1175,11.941],[8.1164,11.9349],[8.119,11.9296],[8.1195,11.924],[8.1157,11.9207],[8.1185,11.9169],[8.117,11.9132],[8.1139,11.9121],[8.113,11.9091],[8.1177,11.9048],[8.1136,11.8971],[8.1163,11.8924]]]},"properties":{"name":"GODIYA","state":"19","code":"19/20/05"}},{"type":"Feature","geometry":{"type":"Polygon","coordinates":[[[8.0905,11.9354],[8.0938,11.9433],[8.0875,11.9521],[8.0861,11.9563],[8.0808,11.9621],[8.0766,11.9621],[8.0749,11.9659],[8.0802,11.9728],[8.0738,11.9809],[8.0694,11.9832],[8.064,11.9831],[8.0616,11.9808],[8.0582,11.9799],[8.0548,11.9832],[8.0499,11.9814],[8.0443,11.982],[8.0407,11.9845],[8.0348,11.982],[8.0297,11.9823],[8.0293,11.9809],[8.029,11.9763],[8.019,11.9706],[8.0121,11.9637],[8.0122,11.9568],[8.0116,11.9544],[8.0088,11.9524],[8.0055,11.9452],[8.0135,11.9452],[8.0151,11.9425],[8.0237,11.9435],[8.0337,11.9461],[8.0403,11.9489],[8.0442,11.9497],[8.0478,11.9466],[8.0491,11.9441],[8.0564,11.9436],[8.0579,11.9422],[8.058,11.9388],[8.0643,11.9362],[8.0638,11.9322],[8.0681,11.9344],[8.0712,11.9326],[8.0745,11.9327],[8.0814,11.9342],[8.0845,11.9336],[8.0867,11.9364],[8.0905,11.9354]]]},"properties":{"name":"GUDE","state":"19","code":"19/20/06"}},{"type":"Feature","geometry":{"type":"Polygon","coordinates":[[[8.2253,11.8611],[8.2326,11.8529],[8.2397,11.8608],[8.2475,11.8599],[8.2475,11.865],[8.2455,11.8687],[8.2458,11.8719],[8.2507,11.8712],[8.2512,11.8743],[8.2545,11.8774],[8.2637,11.8776],[8.269,11.8806],[8.2682,11.8769],[8.272,11.8758],[8.28,11.8761],[8.2854,11.8754],[8.2836,11.8799],[8.2802,11.8835],[8.2788,11.8901],[8.2729,11.8935],[8.2709,11.9013],[8.2675,11.9032],[8.2676,11.908],[8.2639,11.912],[8.2605,11.9129],[8.2555,11.9089],[8.2486,11.9084],[8.2462,11.9064],[8.2406,11.9052],[8.2392,11.9009],[8.2345,11.8986],[8.2345,11.8961],[8.2324,11.8913],[8.2386,11.8877],[8.241,11.8823],[8.2414,11.8759],[8.236,11.8715],[8.2315,11.873],[8.2242,11.8801],[8.2219,11.881],[8.2185,11.8844],[8.2162,11.8839],[8.2162,11.8782],[8.2173,11.8758],[8.2169,11.8703],[8.2202,11.869],[8.2247,11.87],[8.2263,11.8686],[8.2274,11.8635],[8.2253,11.8611]]]},"properties":{"name":"HAUWADE","state":"19","code":"19/20/07"}},{"type":"Feature","geometry":{"type":"Polygon","coordinates":[[[8.2209,11.8357],[8.2205,11.8387],[8.2217,11.8462],[8.2208,11.8485],[8.2121,11.8498],[8.2062,11.8525],[8.2029,11.8524],[8.201,11.8544],[8.2012,11.8607],[8.2042,11.8646],[8.2026,11.8669],[8.2017,11.871],[8.1983,11.8746],[8.1935,11.8757],[8.1882,11.878],[8.1867,11.8803],[8.185,11.8802],[8.1783,11.8833],[8.1754,11.8853],[8.1732,11.8835],[8.1732,11.8808],[8.1704,11.8795],[8.1644,11.8792],[8.1583,11.8734],[8.1541,11.8758],[8.151,11.8734],[8.1466,11.8714],[8.1432,11.8658],[8.1454,11.8625],[8.1531,11.8616],[8.1555,11.8598],[8.158,11.8545],[8.1595,11.8538],[8.1609,11.8495],[8.1658,11.8435],[8.1703,11.8414],[8.1718,11.8387],[8.167,11.8338],[8.17,11.8321],[8.1729,11.8269],[8.1809,11.8275],[8.1863,11.8209],[8.1937,11.8241],[8.198,11.8237],[8.2038,11.8255],[8.2062,11.828],[8.2084,11.8281],[8.2132,11.8319],[8.2209,11.8357]]]},"properties":{"name":"KABO","state":"19","code":"19/20/08"}},{"type":"Feature","geometry":{"type":"Polygon","coordinates":[[[8.1863,11.8209],[8.1809,11.8275],[8.1729,11.8269],[8.17,11.8321],[8.167,11.8338],[8.1718,11.8387],[8.1703,11.8414],[8.1658,11.8435],[8.1609,11.8495],[8.1595,11.8538],[8.158,11.8545],[8.1555,11.8598],[8.1531,11.8616],[8.1454,11.8625],[8.1432,11.8658],[8.1466,11.8714],[8.1444,11.8751],[8.1389,11.8757],[8.139,11.8687],[8.1383,11.8674],[8.1328,11.8728],[8.1298,11.8777],[8.1261,11.8731],[8.1215,11.869],[8.122,11.8651],[8.1237,11.8631],[8.1278,11.862],[8.1282,11.8588],[8.1246,11.857],[8.1264,11.8549],[8.1308,11.8546],[8.1284,11.8497],[8.1302,11.8456],[8.1289,11.8406],[8.132,11.8353],[8.137,11.8326],[8.136,11.8264],[8.1366,11.8222],[8.1385,11.8182],[8.1386,11.8114],[8.1399,11.8048],[8.143,11.7986],[8.1395,11.7902],[8.1452,11.7905],[8.1545,11.7879],[8.1579,11.7917],[8.1673,11.7938],[8.1762,11.7945],[8.1798,11.7956],[8.1868,11.8005],[8.1842,11.8161],[8.1863,11.8209]]]},"properties":{"name":"KANWA","state":"19","code":"19/20/09"}},{"type":"Feature","geometry":{"type":"Polygon","coordinates":[[[8.2396,11.7901],[8.243,11.789],[8.2515,11.7882],[8.2571,11.7888],[8.2615,11.7928],[8.2618,11.7964],[8.2678,11.811],[8.269,11.8125],[8.2819,11.8213],[8.2863,11.8239],[8.2795,11.8289],[8.2724,11.8302],[8.2702,11.8359],[8.2735,11.8412],[8.2741,11.8458],[8.2735,11.8505],[8.2718,11.8541],[8.2661,11.8586],[8.2664,11.86],[8.2629,11.8648],[8.2583,11.8673],[8.2598,11.8717],[8.2637,11.8776],[8.2545,11.8774],[8.2512,11.8743],[8.2507,11.8712],[8.2458,11.8719],[8.2455,11.8687],[8.2475,11.865],[8.2475,11.8599],[8.2397,11.8608],[8.2326,11.8529],[8.2253,11.8611],[8.2211,11.8571],[8.2199,11.8525],[8.2208,11.8485],[8.2217,11.8462],[8.2205,11.8387],[8.2209,11.8357],[8.224,11.8346],[8.2335,11.8382],[8.238,11.8338],[8.2381,11.8299],[8.2396,11.827],[8.2392,11.8225],[8.2455,11.813],[8.2486,11.8116],[8.253,11.8007],[8.25,11.7986],[8.2456,11.7937],[8.2396,11.7901]]]},"properties":{"name":"MASANAWA","state":"19","code":"19/20/10"}},{"type":"Feature","geometry":{"type":"Polygon","coordinates":[[[8.5196,11.999],[8.5208,12.0056],[8.5147,12.0035],[8.5147,12.0016],[8.5196,11.999]]]},"properties":{"name":"CHEDI","state":"19","code":"19/21/01"}},{"type":"Feature","geometry":{"type":"Polygon","coordinates":[[[8.5278,11.9842],[8.5264,11.9858],[8.5213,11.986],[8.5188,11.9841],[8.5196,11.9814],[8.5236,11.9813],[8.5278,11.9842]]]},"properties":{"name":"DAN'AGUNDI","state":"19","code":"19/21/02"}},{"type":"Feature","geometry":{"type":"Polygon","coordinates":[[[8.5111,11.9593],[8.5173,11.9554],[8.5216,11.9593],[8.5216,11.9607],[8.528,11.9648],[8.5302,11.967],[8.5346,11.9745],[8.5377,11.9773],[8.5403,11.9793],[8.5331,11.9868],[8.5301,11.9869],[8.5278,11.9842],[8.5236,11.9813],[8.5225,11.9792],[8.5156,11.9715],[8.5114,11.9685],[8.505,11.9657],[8.5052,11.9638],[8.5111,11.9593]]]},"properties":{"name":"GANDUN ALBASA","state":"19","code":"19/21/03"}},{"type":"Feature","geometry":{"type":"Polygon","coordinates":[[[8.5103,12.0051],[8.5095,12.0023],[8.5096,12.0012],[8.5146,12.0039],[8.5124,12.0053],[8.5103,12.0051]]]},"properties":{"name":"JAKARA","state":"19","code":"19/21/04"}},{"type":"Feature","geometry":{"type":"Polygon","coordinates":[[[8.5278,11.9842],[8.5301,11.9869],[8.5331,11.9868],[8.5333,11.9899],[8.532,11.9904],[8.5258,11.993],[8.5203,11.9925],[8.5213,11.986],[8.5264,11.9858],[8.5278,11.9842]]]},"properties":{"name":"KANKAROFI","state":"19","code":"19/21/05"}},{"type":"Feature","geometry":{"type":"Polygon","coordinates":[[[8.5147,12.0016],[8.5138,12.0003],[8.5164,11.9949],[8.5182,11.9955],[8.5215,11.9978],[8.5196,11.999],[8.5147,12.0016]]]},"properties":{"name":"SHAHUCHI","state":"19","code":"19/21/06"}},{"type":"Feature","geometry":{"type":"Polygon","coordinates":[[[8.5131,11.9824],[8.5063,11.9833],[8.4958,11.9799],[8.4982,11.9724],[8.505,11.9657],[8.5114,11.9685],[8.5156,11.9715],[8.5225,11.9792],[8.5236,11.9813],[8.5196,11.9814],[8.5154,11.982],[8.5131,11.9824]]]},"properties":{"name":"SHARADA","state":"19","code":"19/21/07"}},{"type":"Feature","geometry":{"type":"Polygon","coordinates":[[[8.5134,11.9936],[8.5164,11.9949],[8.5138,12.0003],[8.5117,11.9993],[8.5134,11.9936]]]},"properties":{"name":"SHESHE","state":"19","code":"19/21/08"}},{"type":"Feature","geometry":{"type":"Polygon","coordinates":[[[8.5077,12],[8.5077,11.9998],[8.5117,11.9993],[8.5138,12.0003],[8.5147,12.0016],[8.5147,12.0035],[8.5146,12.0039],[8.5096,12.0012],[8.5077,12]]]},"properties":{"name":"TUDUN NUFAWA","state":"19","code":"19/21/09"}},{"type":"Feature","geometry":{"type":"Polygon","coordinates":[[[8.5154,11.982],[8.5196,11.9814],[8.5188,11.9841],[8.5213,11.986],[8.5203,11.9925],[8.5182,11.9955],[8.5164,11.9949],[8.5134,11.9936],[8.5155,11.9908],[8.5167,11.9884],[8.5152,11.9862],[8.5154,11.982]]]},"properties":{"name":"TUDUN WAZIRCHI","state":"19","code":"19/21/10"}},{"type":"Feature","geometry":{"type":"Polygon","coordinates":[[[8.5278,11.9996],[8.5265,11.9975],[8.5234,11.9967],[8.5215,11.9978],[8.5182,11.9955],[8.5203,11.9925],[8.5258,11.993],[8.532,11.9904],[8.5339,11.9934],[8.5278,11.9996]]]},"properties":{"name":"YAKASAI","state":"19","code":"19/21/11"}},{"type":"Feature","geometry":{"type":"Polygon","coordinates":[[[8.5124,12.0053],[8.5146,12.0039],[8.5147,12.0035],[8.5208,12.0056],[8.5249,12.0044],[8.5264,12.0064],[8.5264,12.0074],[8.5246,12.0094],[8.522,12.0112],[8.5177,12.0151],[8.5171,12.0115],[8.5158,12.0083],[8.5124,12.0053]]]},"properties":{"name":"ZAITAWA","state":"19","code":"19/21/12"}},{"type":"Feature","geometry":{"type":"Polygon","coordinates":[[[8.5249,12.0044],[8.5208,12.0056],[8.5196,11.999],[8.5215,11.9978],[8.5234,11.9967],[8.5265,11.9975],[8.5278,11.9996],[8.5241,12.0033],[8.5249,12.0044]]]},"properties":{"name":"ZANGO","state":"19","code":"19/21/13"}},{"type":"Feature","geometry":{"type":"Polygon","coordinates":[[[8.0171,11.7377],[8.0147,11.7387],[8.0081,11.7384],[8.0036,11.7437],[7.9983,11.7438],[7.993,11.7426],[7.9879,11.7392],[7.9825,11.7374],[7.9817,11.7399],[7.979,11.7411],[7.9791,11.7436],[7.9774,11.748],[7.9786,11.7528],[7.9813,11.7596],[7.9906,11.766],[7.9923,11.7696],[7.9895,11.7726],[7.987,11.7794],[7.9837,11.7814],[7.9813,11.7797],[7.9753,11.7796],[7.9722,11.7871],[7.9698,11.7886],[7.9641,11.7888],[7.9584,11.7869],[7.9552,11.785],[7.9472,11.7826],[7.9422,11.7727],[7.9422,11.7611],[7.9463,11.7554],[7.9512,11.7529],[7.9563,11.7462],[7.9539,11.7411],[7.9543,11.7306],[7.9535,11.7285],[7.9545,11.7248],[7.9525,11.7217],[7.9531,11.7155],[7.9542,11.712],[7.9546,11.7064],[7.9534,11.7043],[7.9537,11.7001],[7.9562,11.6951],[7.96,11.6933],[7.9637,11.6886],[7.9641,11.6866],[7.9703,11.6838],[7.9754,11.6807],[7.9834,11.6751],[7.9891,11.6729],[7.9929,11.6653],[8.004,11.6691],[8.0075,11.6711],[8.0059,11.68],[8.0069,11.6848],[8.0061,11.6867],[8.0066,11.6956],[8.0064,11.7017],[8.0093,11.7059],[8.012,11.7188],[8.0157,11.7254],[8.0158,11.7339],[8.0171,11.7377]]]},"properties":{"name":"DAURA","state":"19","code":"19/22/01"}},{"type":"Feature","geometry":{"type":"Polygon","coordinates":[[[8.0779,11.8458],[8.0778,11.8389],[8.0787,11.8328],[8.0818,11.8307],[8.0925,11.8291],[8.0957,11.8273],[8.1021,11.8282],[8.1053,11.8266],[8.1086,11.8276],[8.1118,11.8257],[8.1109,11.8231],[8.1079,11.8197],[8.1071,11.8114],[8.0994,11.8102],[8.0984,11.806],[8.1061,11.8],[8.1015,11.7947],[8.0991,11.7948],[8.095,11.7929],[8.092,11.7965],[8.086,11.7984],[8.0808,11.798],[8.0799,11.7909],[8.0775,11.788],[8.075,11.7807],[8.0724,11.7791],[8.0741,11.7762],[8.0786,11.7745],[8.0801,11.7713],[8.083,11.7709],[8.0858,11.7722],[8.0924,11.7659],[8.0957,11.7686],[8.1002,11.7664],[8.105,11.7698],[8.1106,11.7705],[8.1165,11.7674],[8.1218,11.772],[8.1324,11.78],[8.1321,11.7844],[8.1334,11.7884],[8.1395,11.7902],[8.143,11.7986],[8.1399,11.8048],[8.1386,11.8114],[8.1385,11.8182],[8.1366,11.8222],[8.136,11.8264],[8.137,11.8326],[8.132,11.8353],[8.1289,11.8406],[8.1302,11.8456],[8.1284,11.8497],[8.1308,11.8546],[8.1264,11.8549],[8.1246,11.857],[8.1164,11.8536],[8.1022,11.851],[8.098,11.8485],[8.0951,11.8515],[8.0877,11.8471],[8.0875,11.8462],[8.0792,11.8468],[8.0779,11.8458]]]},"properties":{"name":"KAFIN DAFGA","state":"19","code":"19/22/02"}},{"type":"Feature","geometry":{"type":"Polygon","coordinates":[[[7.9837,11.824],[7.9862,11.8201],[7.9894,11.8179],[7.9904,11.8118],[7.9923,11.8103],[7.9917,11.8038],[7.9926,11.8017],[7.9892,11.7972],[7.9897,11.792],[7.9864,11.7889],[7.9868,11.7866],[7.998,11.7872],[8.0051,11.7866],[8.0034,11.7911],[8.0068,11.7926],[8.0132,11.7973],[8.0185,11.7969],[8.021,11.7997],[8.0264,11.803],[8.0332,11.8014],[8.0344,11.7966],[8.0431,11.7996],[8.0495,11.7991],[8.0543,11.8001],[8.0577,11.803],[8.0561,11.806],[8.057,11.8097],[8.0534,11.8124],[8.0491,11.823],[8.0467,11.8263],[8.0484,11.828],[8.0471,11.8391],[8.0486,11.843],[8.0453,11.8433],[8.0368,11.8489],[8.031,11.8444],[8.0305,11.8405],[8.0319,11.8393],[8.0308,11.835],[8.0254,11.8321],[8.0201,11.8338],[8.0148,11.833],[8.0118,11.8347],[8.0074,11.8285],[8.0049,11.8303],[8.0002,11.8313],[7.9984,11.8334],[7.9939,11.8352],[7.9879,11.8291],[7.9837,11.824]]]},"properties":{"name":"KURUGU","state":"19","code":"19/22/04"}},{"type":"Feature","geometry":{"type":"Polygon","coordinates":[[[7.8587,11.7838],[7.8599,11.7729],[7.8608,11.762],[7.8676,11.7564],[7.8694,11.75],[7.8691,11.7459],[7.8718,11.7445],[7.8783,11.7434],[7.883,11.7494],[7.8861,11.748],[7.8894,11.7448],[7.8949,11.7459],[7.9015,11.7415],[7.9012,11.7397],[7.8927,11.7369],[7.8907,11.7321],[7.8909,11.73],[7.8984,11.7297],[7.9039,11.7321],[7.9052,11.7298],[7.9119,11.7334],[7.9121,11.7387],[7.9146,11.7421],[7.9166,11.7398],[7.9208,11.7379],[7.9304,11.7404],[7.935,11.7428],[7.9382,11.7495],[7.9422,11.7531],[7.9463,11.7554],[7.9422,11.7611],[7.9422,11.7727],[7.9472,11.7826],[7.9552,11.785],[7.9512,11.7946],[7.9511,11.7976],[7.9562,11.8006],[7.9611,11.8057],[7.9643,11.8133],[7.9637,11.8147],[7.951,11.8144],[7.9488,11.8133],[7.9468,11.8168],[7.9412,11.8173],[7.9389,11.8184],[7.9302,11.8196],[7.9275,11.8172],[7.9188,11.8195],[7.9164,11.822],[7.9139,11.8207],[7.9092,11.8151],[7.905,11.8137],[7.9065,11.8102],[7.9098,11.809],[7.9129,11.8063],[7.9125,11.8038],[7.9137,11.7985],[7.9135,11.7946],[7.9119,11.7898],[7.9116,11.785],[7.9127,11.7804],[7.9049,11.7806],[7.8984,11.7818],[7.8937,11.7815],[7.8888,11.7824],[7.8875,11.7916],[7.8877,11.7953],[7.885,11.795],[7.8838,11.7928],[7.88,11.7939],[7.8765,11.7917],[7.8746,11.7887],[7.8681,11.7876],[7.8653,11.7848],[7.8587,11.7838]]]},"properties":{"name":"KWANYAWA","state":"19","code":"19/22/05"}},{"type":"Feature","geometry":{"type":"Polygon","coordinates":[[[7.9463,11.7554],[7.9422,11.7531],[7.9382,11.7495],[7.935,11.7428],[7.9304,11.7404],[7.9208,11.7379],[7.9166,11.7398],[7.9146,11.7421],[7.9121,11.7387],[7.9119,11.7334],[7.9052,11.7298],[7.9039,11.7321],[7.8984,11.7297],[7.8909,11.73],[7.8907,11.7321],[7.8927,11.7369],[7.9012,11.7397],[7.9015,11.7415],[7.8949,11.7459],[7.8894,11.7448],[7.8861,11.748],[7.883,11.7494],[7.8783,11.7434],[7.8718,11.7445],[7.8691,11.7459],[7.8676,11.7431],[7.8753,11.7213],[7.8768,11.7181],[7.8778,11.7113],[7.8826,11.7084],[7.8883,11.7072],[7.8966,11.6967],[7.8961,11.6944],[7.8916,11.6911],[7.8953,11.6833],[7.8944,11.679],[7.8977,11.6745],[7.8919,11.6675],[7.8929,11.6647],[7.9009,11.6615],[7.9023,11.6532],[7.901,11.6496],[7.9068,11.6481],[7.9093,11.6436],[7.9132,11.6438],[7.9178,11.6458],[7.9194,11.6452],[7.9215,11.6399],[7.9275,11.6406],[7.9342,11.643],[7.9383,11.6416],[7.9394,11.6476],[7.9365,11.6521],[7.9329,11.656],[7.9332,11.6587],[7.9365,11.6665],[7.936,11.6715],[7.9339,11.6737],[7.9284,11.6743],[7.9195,11.6856],[7.9124,11.6884],[7.9082,11.6894],[7.91,11.694],[7.9145,11.7013],[7.9186,11.7064],[7.9243,11.708],[7.9295,11.7113],[7.9324,11.7099],[7.9387,11.7133],[7.9402,11.7222],[7.9469,11.7274],[7.9496,11.7302],[7.9535,11.7285],[7.9543,11.7306],[7.9539,11.7411],[7.9563,11.7462],[7.9512,11.7529],[7.9463,11.7554]]]},"properties":{"name":"TUDUN KAYA","state":"19","code":"19/22/06"}},{"type":"Feature","geometry":{"type":"Polygon","coordinates":[[[8.0075,11.6711],[8.0138,11.6749],[8.0191,11.6772],[8.0255,11.6781],[8.0315,11.678],[8.0362,11.6772],[8.0398,11.6776],[8.0418,11.676],[8.0479,11.6749],[8.0501,11.6708],[8.0525,11.6717],[8.0522,11.6753],[8.0551,11.6815],[8.0609,11.6862],[8.0649,11.6925],[8.0648,11.696],[8.0625,11.6972],[8.0593,11.7025],[8.054,11.7056],[8.0613,11.7181],[8.0658,11.7222],[8.0678,11.7289],[8.0693,11.7305],[8.0698,11.7362],[8.0841,11.7538],[8.0879,11.7525],[8.0924,11.7568],[8.1002,11.7664],[8.0957,11.7686],[8.0924,11.7659],[8.0858,11.7722],[8.083,11.7709],[8.0801,11.7713],[8.0786,11.7745],[8.0741,11.7762],[8.0724,11.7791],[8.0718,11.7841],[8.0697,11.7878],[8.0667,11.7898],[8.0644,11.7993],[8.062,11.7998],[8.0577,11.803],[8.0543,11.8001],[8.0495,11.7991],[8.0431,11.7996],[8.0344,11.7966],[8.036,11.7935],[8.0408,11.7931],[8.0435,11.7886],[8.0462,11.7864],[8.0473,11.7805],[8.0444,11.7804],[8.0367,11.7822],[8.0311,11.7829],[8.0297,11.7794],[8.0316,11.7784],[8.035,11.7729],[8.032,11.7669],[8.0264,11.7693],[8.0309,11.7605],[8.0303,11.7578],[8.0237,11.7514],[8.0228,11.7463],[8.0207,11.7428],[8.0193,11.7378],[8.0171,11.7377],[8.0158,11.7339],[8.0157,11.7254],[8.012,11.7188],[8.0093,11.7059],[8.0064,11.7017],[8.0066,11.6956],[8.0061,11.6867],[8.0069,11.6848],[8.0059,11.68],[8.0075,11.6711]]]},"properties":{"name":"TURAWA","state":"19","code":"19/22/07"}},{"type":"Feature","geometry":{"type":"Polygon","coordinates":[[[7.9643,11.8133],[7.9611,11.8057],[7.9562,11.8006],[7.9511,11.7976],[7.9512,11.7946],[7.9552,11.785],[7.9584,11.7869],[7.9641,11.7888],[7.9698,11.7886],[7.9722,11.7871],[7.9753,11.7796],[7.9813,11.7797],[7.9837,11.7814],[7.987,11.7794],[7.9895,11.7726],[7.9923,11.7696],[7.9906,11.766],[7.9813,11.7596],[7.9786,11.7528],[7.9774,11.748],[7.9791,11.7436],[7.979,11.7411],[7.9817,11.7399],[7.9825,11.7374],[7.9879,11.7392],[7.993,11.7426],[7.9983,11.7438],[8.0036,11.7437],[8.0081,11.7384],[8.0147,11.7387],[8.0171,11.7377],[8.0193,11.7378],[8.0207,11.7428],[8.0228,11.7463],[8.0237,11.7514],[8.0303,11.7578],[8.0309,11.7605],[8.0264,11.7693],[8.0165,11.7662],[8.015,11.7683],[8.0131,11.7751],[8.0189,11.7782],[8.0152,11.7815],[8.0116,11.7869],[8.0091,11.7859],[8.0051,11.7866],[7.998,11.7872],[7.9868,11.7866],[7.9864,11.7889],[7.9897,11.792],[7.9892,11.7972],[7.9926,11.8017],[7.9917,11.8038],[7.9923,11.8103],[7.9904,11.8118],[7.9894,11.8179],[7.9862,11.8201],[7.9837,11.824],[7.9834,11.8277],[7.9806,11.8248],[7.9757,11.8233],[7.9731,11.8201],[7.9685,11.8175],[7.9678,11.8142],[7.9643,11.8133]]]},"properties":{"name":"UNGUWAR HAJJI","state":"19","code":"19/22/08"}},{"type":"Feature","geometry":{"type":"Polygon","coordinates":[[[8.0494,11.8583],[8.0502,11.8499],[8.048,11.8456],[8.0486,11.843],[8.0471,11.8391],[8.0484,11.828],[8.0467,11.8263],[8.0491,11.823],[8.0534,11.8124],[8.057,11.8097],[8.0561,11.806],[8.0577,11.803],[8.062,11.7998],[8.0644,11.7993],[8.0667,11.7898],[8.0697,11.7878],[8.0718,11.7841],[8.0724,11.7791],[8.075,11.7807],[8.0775,11.788],[8.0799,11.7909],[8.0808,11.798],[8.086,11.7984],[8.092,11.7965],[8.095,11.7929],[8.0991,11.7948],[8.1015,11.7947],[8.1061,11.8],[8.0984,11.806],[8.0994,11.8102],[8.1071,11.8114],[8.1079,11.8197],[8.1109,11.8231],[8.1118,11.8257],[8.1086,11.8276],[8.1053,11.8266],[8.1021,11.8282],[8.0957,11.8273],[8.0925,11.8291],[8.0818,11.8307],[8.0787,11.8328],[8.0778,11.8389],[8.0779,11.8458],[8.0778,11.8505],[8.08,11.8551],[8.0777,11.864],[8.0794,11.8683],[8.0838,11.8731],[8.0814,11.874],[8.0814,11.8768],[8.0798,11.8802],[8.0706,11.8789],[8.0663,11.8739],[8.0644,11.8738],[8.0613,11.8708],[8.0634,11.8673],[8.064,11.862],[8.0561,11.8579],[8.0494,11.8583]]]},"properties":{"name":"YAMMEDI","state":"19","code":"19/22/09"}},{"type":"Feature","geometry":{"type":"Polygon","coordinates":[[[7.9535,11.7285],[7.9496,11.7302],[7.9469,11.7274],[7.9402,11.7222],[7.9387,11.7133],[7.9324,11.7099],[7.9295,11.7113],[7.9243,11.708],[7.9186,11.7064],[7.9145,11.7013],[7.91,11.694],[7.9082,11.6894],[7.9124,11.6884],[7.9195,11.6856],[7.9284,11.6743],[7.9339,11.6737],[7.936,11.6715],[7.9365,11.6665],[7.9332,11.6587],[7.9329,11.656],[7.9365,11.6521],[7.9394,11.6476],[7.9418,11.6478],[7.9476,11.6503],[7.9516,11.6504],[7.954,11.6475],[7.9606,11.6532],[7.9748,11.6618],[7.9929,11.6653],[7.9891,11.6729],[7.9834,11.6751],[7.9754,11.6807],[7.9703,11.6838],[7.9641,11.6866],[7.9637,11.6886],[7.96,11.6933],[7.9562,11.6951],[7.9537,11.7001],[7.9534,11.7043],[7.9546,11.7064],[7.9542,11.712],[7.9531,11.7155],[7.9525,11.7217],[7.9545,11.7248],[7.9535,11.7285]]]},"properties":{"name":"YOLA","state":"19","code":"19/22/10"}},{"type":"Feature","geometry":{"type":"Polygon","coordinates":[[[8.7253,11.5825],[8.7243,11.5841],[8.7201,11.5857],[8.7161,11.5849],[8.7139,11.5877],[8.714,11.5939],[8.7127,11.5976],[8.7085,11.598],[8.7057,11.601],[8.7053,11.6055],[8.7079,11.608],[8.7113,11.6081],[8.7086,11.6144],[8.7086,11.6223],[8.7039,11.6229],[8.6997,11.626],[8.6939,11.6272],[8.6907,11.6253],[8.6859,11.6202],[8.688,11.6182],[8.6872,11.6159],[8.6826,11.6182],[8.6797,11.6176],[8.6788,11.6153],[8.6789,11.6024],[8.6808,11.602],[8.6863,11.6013],[8.6854,11.5958],[8.6861,11.5943],[8.6919,11.5911],[8.6981,11.5838],[8.6963,11.5796],[8.6995,11.5758],[8.7027,11.575],[8.7044,11.5697],[8.7049,11.5651],[8.7077,11.5609],[8.7145,11.5598],[8.7192,11.5558],[8.7218,11.5562],[8.7284,11.5528],[8.7308,11.5574],[8.7282,11.5608],[8.7274,11.5656],[8.73,11.5683],[8.7298,11.5751],[8.727,11.5754],[8.7253,11.5825]]]},"properties":{"name":"DURBA","state":"19","code":"19/23/01"}},{"type":"Feature","geometry":{"type":"Polygon","coordinates":[[[8.7593,11.5358],[8.7512,11.5383],[8.7495,11.5376],[8.7424,11.5301],[8.7398,11.531],[8.7355,11.5369],[8.7344,11.543],[8.7269,11.5456],[8.7284,11.5528],[8.7218,11.5562],[8.7192,11.5558],[8.7145,11.5598],[8.7077,11.5609],[8.7021,11.5598],[8.6998,11.5583],[8.6993,11.5558],[8.6902,11.556],[8.6893,11.5425],[8.6856,11.5412],[8.6915,11.5349],[8.7015,11.5341],[8.7003,11.532],[8.7021,11.5284],[8.7097,11.5277],[8.7148,11.5244],[8.7134,11.5186],[8.7144,11.5138],[8.72,11.5114],[8.7203,11.5092],[8.7181,11.5048],[8.7186,11.4991],[8.7238,11.4946],[8.7236,11.4889],[8.7253,11.4872],[8.7308,11.4849],[8.7344,11.4822],[8.7388,11.4752],[8.7426,11.4736],[8.7495,11.4755],[8.7534,11.4742],[8.7598,11.4762],[8.7616,11.474],[8.7701,11.4719],[8.7722,11.4769],[8.7772,11.4798],[8.7782,11.4872],[8.7739,11.4923],[8.7727,11.4976],[8.7742,11.5016],[8.7805,11.5085],[8.7784,11.5111],[8.7738,11.5145],[8.7701,11.5143],[8.7693,11.5168],[8.765,11.5198],[8.764,11.5233],[8.7603,11.5239],[8.7567,11.523],[8.7557,11.5248],[8.7563,11.5296],[8.7593,11.5358]]]},"properties":{"name":"FAMMAR","state":"19","code":"19/23/02"}},{"type":"Feature","geometry":{"type":"Polygon","coordinates":[[[8.6304,11.4547],[8.6283,11.4522],[8.6241,11.4538],[8.6213,11.4535],[8.6191,11.4554],[8.6135,11.4636],[8.6082,11.4702],[8.6037,11.4689],[8.5988,11.466],[8.5959,11.4621],[8.5936,11.4561],[8.5884,11.4524],[8.5884,11.4504],[8.5826,11.4417],[8.5777,11.4406],[8.5768,11.4385],[8.5799,11.4312],[8.5782,11.4293],[8.5728,11.4285],[8.5708,11.4264],[8.5706,11.4213],[8.5657,11.42],[8.56,11.4197],[8.5564,11.4153],[8.5588,11.4115],[8.5643,11.4048],[8.5642,11.3993],[8.5733,11.3953],[8.578,11.3941],[8.5784,11.3916],[8.5817,11.3859],[8.5858,11.3865],[8.5933,11.3862],[8.5981,11.3846],[8.5993,11.3771],[8.5903,11.3738],[8.5923,11.3705],[8.5951,11.3692],[8.6033,11.369],[8.61,11.365],[8.615,11.3579],[8.6171,11.3534],[8.6215,11.3514],[8.625,11.3538],[8.6273,11.3536],[8.6318,11.3567],[8.6352,11.3617],[8.6379,11.3637],[8.6437,11.3638],[8.6464,11.3629],[8.6507,11.3631],[8.6525,11.3649],[8.6535,11.375],[8.6555,11.3803],[8.6608,11.3839],[8.6676,11.3858],[8.6703,11.3895],[8.6738,11.3973],[8.6738,11.4031],[8.6763,11.4098],[8.6631,11.4149],[8.6591,11.4186],[8.6523,11.42],[8.6511,11.4259],[8.6514,11.43],[8.6488,11.4333],[8.6523,11.4378],[8.65,11.4469],[8.6505,11.4487],[8.6464,11.4512],[8.6442,11.4552],[8.6413,11.454],[8.6356,11.4555],[8.6327,11.4541],[8.6304,11.4547]]]},"properties":{"name":"FASSI","state":"19","code":"19/23/03"}},{"type":"Feature","geometry":{"type":"Polygon","coordinates":[[[8.7535,11.5932],[8.7511,11.5906],[8.743,11.5906],[8.7402,11.5874],[8.7355,11.5901],[8.7313,11.5887],[8.7253,11.5825],[8.727,11.5754],[8.7298,11.5751],[8.73,11.5683],[8.7274,11.5656],[8.7282,11.5608],[8.7308,11.5574],[8.7284,11.5528],[8.7269,11.5456],[8.7344,11.543],[8.7355,11.5369],[8.7398,11.531],[8.7424,11.5301],[8.7495,11.5376],[8.7512,11.5383],[8.7593,11.5358],[8.7611,11.5397],[8.7603,11.5417],[8.7622,11.5456],[8.7606,11.5487],[8.7656,11.551],[8.7657,11.5568],[8.765,11.5606],[8.7615,11.5617],[8.7609,11.57],[8.7593,11.5724],[8.7601,11.5746],[8.7599,11.5809],[8.7583,11.5883],[8.7542,11.5929],[8.7535,11.5932]]]},"properties":{"name":"KADIGAWA","state":"19","code":"19/23/04"}},{"type":"Feature","geometry":{"type":"Polygon","coordinates":[[[8.6763,11.4098],[8.6878,11.4134],[8.6949,11.4116],[8.6994,11.4123],[8.7034,11.4164],[8.7088,11.4185],[8.7131,11.4211],[8.7108,11.4252],[8.7071,11.4347],[8.7041,11.4361],[8.7023,11.4416],[8.7031,11.4466],[8.7013,11.4522],[8.7027,11.4579],[8.7028,11.4621],[8.6971,11.4675],[8.6931,11.4695],[8.6862,11.4768],[8.6717,11.4818],[8.667,11.4855],[8.6652,11.4908],[8.663,11.4937],[8.6621,11.4993],[8.6596,11.5],[8.6577,11.5032],[8.6569,11.5097],[8.6558,11.5123],[8.6598,11.5162],[8.6567,11.5225],[8.6551,11.5199],[8.6515,11.5191],[8.6428,11.5194],[8.6421,11.523],[8.6444,11.5272],[8.6438,11.5319],[8.6445,11.5364],[8.6418,11.539],[8.6419,11.5416],[8.6355,11.5404],[8.6315,11.5503],[8.6275,11.5499],[8.6254,11.5522],[8.6235,11.5495],[8.6169,11.5461],[8.6174,11.541],[8.6167,11.5386],[8.6125,11.5364],[8.6144,11.5321],[8.6143,11.5278],[8.6127,11.5244],[8.6119,11.5195],[8.6061,11.5196],[8.603,11.5169],[8.6019,11.5087],[8.6045,11.5004],[8.6125,11.5023],[8.6139,11.5036],[8.6196,11.5031],[8.6214,11.4962],[8.6239,11.4943],[8.6255,11.4912],[8.6247,11.4888],[8.6177,11.4836],[8.6117,11.4841],[8.6105,11.4778],[8.6164,11.4764],[8.6175,11.4745],[8.6223,11.4744],[8.6261,11.4756],[8.6272,11.471],[8.6259,11.4662],[8.629,11.4597],[8.6309,11.4588],[8.6304,11.4547],[8.6327,11.4541],[8.6356,11.4555],[8.6413,11.454],[8.6442,11.4552],[8.6464,11.4512],[8.6505,11.4487],[8.65,11.4469],[8.6523,11.4378],[8.6488,11.4333],[8.6514,11.43],[8.6511,11.4259],[8.6523,11.42],[8.6591,11.4186],[8.6631,11.4149],[8.6763,11.4098]]]},"properties":{"name":"KAHU","state":"19","code":"19/23/05"}},{"type":"Feature","geometry":{"type":"Polygon","coordinates":[[[8.6567,11.5225],[8.6587,11.525],[8.6665,11.5301],[8.6654,11.5328],[8.6642,11.5328],[8.6594,11.5436],[8.6537,11.5422],[8.6511,11.5375],[8.6508,11.5341],[8.6438,11.5319],[8.6444,11.5272],[8.6421,11.523],[8.6428,11.5194],[8.6515,11.5191],[8.6551,11.5199],[8.6567,11.5225]]]},"properties":{"name":"KIBIYA I","state":"19","code":"19/23/06"}},{"type":"Feature","geometry":{"type":"Polygon","coordinates":[[[8.6856,11.5412],[8.6753,11.5368],[8.673,11.5368],[8.6681,11.533],[8.6654,11.5328],[8.6665,11.5301],[8.6587,11.525],[8.6567,11.5225],[8.6598,11.5162],[8.6633,11.5185],[8.6671,11.5183],[8.6733,11.5211],[8.6758,11.5155],[8.6829,11.5096],[8.688,11.5005],[8.6937,11.5002],[8.699,11.499],[8.7012,11.4959],[8.7048,11.493],[8.7105,11.4945],[8.7149,11.498],[8.7186,11.4991],[8.7181,11.5048],[8.7203,11.5092],[8.72,11.5114],[8.7144,11.5138],[8.7134,11.5186],[8.7148,11.5244],[8.7097,11.5277],[8.7021,11.5284],[8.7003,11.532],[8.7015,11.5341],[8.6915,11.5349],[8.6856,11.5412]]]},"properties":{"name":"KIBIYA II","state":"19","code":"19/23/07"}},{"type":"Feature","geometry":{"type":"Polygon","coordinates":[[[8.6808,11.602],[8.6796,11.5996],[8.6811,11.5946],[8.6773,11.5923],[8.6752,11.5896],[8.6721,11.5902],[8.6682,11.5935],[8.6664,11.5992],[8.6634,11.5999],[8.6591,11.5993],[8.657,11.6005],[8.6542,11.5991],[8.6466,11.602],[8.6461,11.6034],[8.6419,11.6025],[8.6393,11.5993],[8.6384,11.5923],[8.6399,11.5885],[8.6351,11.5865],[8.6379,11.5841],[8.6434,11.5753],[8.6423,11.5714],[8.6442,11.5672],[8.6429,11.5644],[8.6464,11.5614],[8.6434,11.5548],[8.6436,11.5458],[8.6419,11.5416],[8.6418,11.539],[8.6445,11.5364],[8.6438,11.5319],[8.6508,11.5341],[8.6511,11.5375],[8.6537,11.5422],[8.6594,11.5436],[8.6642,11.5328],[8.6654,11.5328],[8.6681,11.533],[8.673,11.5368],[8.6753,11.5368],[8.6856,11.5412],[8.6893,11.5425],[8.6902,11.556],[8.6993,11.5558],[8.6998,11.5583],[8.7021,11.5598],[8.7077,11.5609],[8.7049,11.5651],[8.7044,11.5697],[8.7027,11.575],[8.6995,11.5758],[8.6963,11.5796],[8.6981,11.5838],[8.6919,11.5911],[8.6861,11.5943],[8.6854,11.5958],[8.6863,11.6013],[8.6808,11.602]]]},"properties":{"name":"NARIYA","state":"19","code":"19/23/08"}},{"type":"Feature","geometry":{"type":"Polygon","coordinates":[[[8.7186,11.4991],[8.7149,11.498],[8.7105,11.4945],[8.7048,11.493],[8.7012,11.4959],[8.699,11.499],[8.6937,11.5002],[8.688,11.5005],[8.6829,11.5096],[8.6758,11.5155],[8.6733,11.5211],[8.6671,11.5183],[8.6633,11.5185],[8.6598,11.5162],[8.6558,11.5123],[8.6569,11.5097],[8.6577,11.5032],[8.6596,11.5],[8.6621,11.4993],[8.663,11.4937],[8.6652,11.4908],[8.667,11.4855],[8.6717,11.4818],[8.6862,11.4768],[8.6931,11.4695],[8.6971,11.4675],[8.7028,11.4621],[8.7027,11.4579],[8.7013,11.4522],[8.7031,11.4466],[8.7023,11.4416],[8.7041,11.4361],[8.7071,11.4347],[8.7108,11.4252],[8.7131,11.4211],[8.7212,11.4169],[8.7264,11.42],[8.7298,11.4252],[8.7314,11.4296],[8.7369,11.4348],[8.7363,11.4359],[8.741,11.4456],[8.7487,11.456],[8.7458,11.4619],[8.7473,11.4644],[8.7439,11.4666],[8.7447,11.4684],[8.7426,11.4736],[8.7388,11.4752],[8.7344,11.4822],[8.7308,11.4849],[8.7253,11.4872],[8.7236,11.4889],[8.7238,11.4946],[8.7186,11.4991]]]},"properties":{"name":"TARAI","state":"19","code":"19/23/09"}},{"type":"Feature","geometry":{"type":"Polygon","coordinates":[[[8.6727,11.6329],[8.6665,11.625],[8.666,11.6225],[8.6611,11.6195],[8.6546,11.6167],[8.6541,11.6129],[8.6502,11.6104],[8.6514,11.6077],[8.6461,11.6034],[8.6466,11.602],[8.6542,11.5991],[8.657,11.6005],[8.6591,11.5993],[8.6634,11.5999],[8.6664,11.5992],[8.6682,11.5935],[8.6721,11.5902],[8.6752,11.5896],[8.6773,11.5923],[8.6811,11.5946],[8.6796,11.5996],[8.6808,11.602],[8.6789,11.6024],[8.6788,11.6153],[8.6797,11.6176],[8.6826,11.6182],[8.6872,11.6159],[8.688,11.6182],[8.6859,11.6202],[8.6907,11.6253],[8.6939,11.6272],[8.6997,11.626],[8.7039,11.6229],[8.7086,11.6223],[8.7086,11.6144],[8.7113,11.6081],[8.7079,11.608],[8.7053,11.6055],[8.7057,11.601],[8.7085,11.598],[8.7127,11.5976],[8.714,11.5939],[8.7139,11.5877],[8.7161,11.5849],[8.7201,11.5857],[8.7243,11.5841],[8.7253,11.5825],[8.7313,11.5887],[8.7355,11.5901],[8.7402,11.5874],[8.743,11.5906],[8.7511,11.5906],[8.7535,11.5932],[8.7519,11.5945],[8.7517,11.5981],[8.7531,11.6015],[8.7521,11.607],[8.7546,11.6102],[8.7576,11.6112],[8.7569,11.6139],[8.7571,11.6202],[8.758,11.6239],[8.7533,11.6286],[8.743,11.6313],[8.7362,11.6308],[8.7353,11.6319],[8.7291,11.6315],[8.7257,11.629],[8.723,11.6286],[8.7185,11.6321],[8.7171,11.6319],[8.7155,11.6287],[8.7099,11.6265],[8.7067,11.6272],[8.705,11.631],[8.6988,11.6303],[8.6904,11.6326],[8.6871,11.6353],[8.6844,11.6342],[8.679,11.6358],[8.6727,11.6329]]]},"properties":{"name":"UNGUWAR GAI","state":"19","code":"19/23/10"}},{"type":"Feature","geometry":{"type":"Polygon","coordinates":[[[7.9929,11.6653],[7.9748,11.6618],[7.9606,11.6532],[7.954,11.6475],[7.9525,11.6401],[7.9552,11.6378],[7.9544,11.6347],[7.9559,11.6248],[7.9546,11.6168],[7.9615,11.6093],[7.9681,11.6081],[7.9723,11.6054],[7.9749,11.6014],[7.9739,11.5991],[7.9749,11.5956],[7.9784,11.5932],[7.9781,11.5889],[7.9804,11.5869],[7.9776,11.5839],[7.982,11.5756],[7.9809,11.5729],[7.9828,11.5683],[7.9835,11.5619],[7.9813,11.5611],[7.9818,11.5568],[7.9806,11.5536],[7.9833,11.5524],[7.9819,11.5484],[7.9831,11.5447],[7.9851,11.5438],[7.9876,11.5388],[7.9916,11.5384],[7.9964,11.5394],[8.0016,11.5378],[8.008,11.5333],[8.0184,11.5325],[8.0231,11.5364],[8.0223,11.5427],[8.0237,11.5477],[8.0232,11.5528],[8.0199,11.5589],[8.0198,11.563],[8.0221,11.5665],[8.0214,11.5686],[8.0276,11.5776],[8.0279,11.5796],[8.0317,11.584],[8.0309,11.5868],[8.0352,11.5942],[8.0469,11.5902],[8.0503,11.5901],[8.0548,11.5922],[8.0605,11.5919],[8.0618,11.5848],[8.0655,11.584],[8.0698,11.5764],[8.078,11.5767],[8.0928,11.5682],[8.0967,11.5676],[8.1024,11.5653],[8.1033,11.5632],[8.1067,11.5647],[8.1227,11.5765],[8.1225,11.5819],[8.1198,11.5872],[8.1165,11.5909],[8.1193,11.5953],[8.118,11.5986],[8.1138,11.6048],[8.1135,11.6086],[8.1074,11.6114],[8.1059,11.6127],[8.1074,11.616],[8.1065,11.6239],[8.104,11.6257],[8.1031,11.6284],[8.0997,11.6299],[8.0956,11.6302],[8.0917,11.6358],[8.0867,11.6383],[8.0849,11.6417],[8.0814,11.6412],[8.078,11.6469],[8.0714,11.6458],[8.0676,11.6539],[8.067,11.6646],[8.0567,11.6722],[8.0525,11.6717],[8.0501,11.6708],[8.0479,11.6749],[8.0418,11.676],[8.0398,11.6776],[8.0362,11.6772],[8.0315,11.678],[8.0255,11.6781],[8.0191,11.6772],[8.0138,11.6749],[8.0075,11.6711],[8.004,11.6691],[7.9929,11.6653]]]},"properties":{"name":"BA'AWA","state":"19","code":"19/24/01"}},{"type":"Feature","geometry":{"type":"Polygon","coordinates":[[[8.2639,11.3132],[8.2721,11.3192],[8.2788,11.3212],[8.283,11.3197],[8.2847,11.3225],[8.2892,11.3262],[8.2943,11.3316],[8.2972,11.3372],[8.2992,11.3453],[8.2905,11.356],[8.286,11.3588],[8.2879,11.3641],[8.2861,11.3721],[8.2815,11.3814],[8.2774,11.3879],[8.2723,11.3918],[8.2708,11.4],[8.2665,11.4054],[8.2696,11.4075],[8.2662,11.4106],[8.265,11.4131],[8.2636,11.4211],[8.2644,11.4269],[8.2584,11.4317],[8.2584,11.4364],[8.2506,11.4434],[8.2491,11.4461],[8.2511,11.4496],[8.2515,11.4527],[8.2502,11.4545],[8.2436,11.4561],[8.2384,11.4544],[8.2386,11.4522],[8.2335,11.4485],[8.2331,11.4467],[8.2272,11.4447],[8.2229,11.4423],[8.2172,11.4441],[8.2151,11.4418],[8.2114,11.4396],[8.2094,11.43],[8.2073,11.4261],[8.198,11.4219],[8.1932,11.4206],[8.1871,11.4132],[8.1808,11.4131],[8.1766,11.4151],[8.1722,11.415],[8.166,11.4166],[8.1644,11.4224],[8.1624,11.4234],[8.1564,11.4237],[8.1547,11.4214],[8.1483,11.4193],[8.1459,11.4176],[8.1421,11.4185],[8.1406,11.4163],[8.1286,11.4113],[8.1137,11.4085],[8.1172,11.4025],[8.1223,11.3917],[8.1234,11.3865],[8.1433,11.3779],[8.1499,11.3754],[8.1488,11.3734],[8.1543,11.3695],[8.1652,11.363],[8.1674,11.3543],[8.1755,11.3484],[8.1874,11.3406],[8.1935,11.3338],[8.2002,11.3244],[8.2068,11.3187],[8.2167,11.3229],[8.2268,11.3259],[8.2374,11.3271],[8.2428,11.3268],[8.2489,11.3256],[8.2557,11.315],[8.2586,11.3129],[8.2639,11.3132]]]},"properties":{"name":"BADAFI","state":"19","code":"19/24/02"}},{"type":"Feature","geometry":{"type":"Polygon","coordinates":[[[8.1002,11.7664],[8.0924,11.7568],[8.0879,11.7525],[8.0841,11.7538],[8.0698,11.7362],[8.0693,11.7305],[8.0678,11.7289],[8.0658,11.7222],[8.0613,11.7181],[8.054,11.7056],[8.0593,11.7025],[8.0625,11.6972],[8.0648,11.696],[8.0649,11.6925],[8.068,11.6942],[8.0762,11.6923],[8.0798,11.6952],[8.0882,11.6996],[8.0909,11.6994],[8.0996,11.6965],[8.1069,11.6921],[8.1107,11.6891],[8.1145,11.705],[8.1169,11.7102],[8.1212,11.7123],[8.1299,11.7153],[8.1347,11.7191],[8.1368,11.7293],[8.1413,11.7337],[8.1471,11.7369],[8.1526,11.737],[8.1581,11.7349],[8.1595,11.7298],[8.1581,11.7269],[8.1585,11.7229],[8.1569,11.7207],[8.1586,11.7189],[8.1697,11.7208],[8.1763,11.7182],[8.1794,11.7155],[8.1857,11.713],[8.1893,11.7137],[8.1903,11.7173],[8.1934,11.7192],[8.2022,11.7264],[8.2005,11.7279],[8.1994,11.7327],[8.2,11.7384],[8.1924,11.7414],[8.1886,11.7401],[8.178,11.7412],[8.1748,11.7402],[8.1736,11.7442],[8.1744,11.7459],[8.1735,11.7509],[8.1748,11.7553],[8.1705,11.7649],[8.1724,11.7682],[8.1664,11.7691],[8.1652,11.7679],[8.1599,11.7671],[8.1549,11.761],[8.1511,11.7626],[8.1489,11.7662],[8.1481,11.7701],[8.1494,11.7735],[8.1485,11.7762],[8.1451,11.778],[8.143,11.7769],[8.1368,11.7757],[8.1324,11.78],[8.1218,11.772],[8.1165,11.7674],[8.1106,11.7705],[8.105,11.7698],[8.1002,11.7664]]]},"properties":{"name":"BARGONI","state":"19","code":"19/24/03"}},{"type":"Feature","geometry":{"type":"Polygon","coordinates":[[[8.1926,11.6115],[8.1866,11.609],[8.1837,11.6067],[8.1775,11.6067],[8.1739,11.6041],[8.1722,11.5996],[8.1737,11.5949],[8.1773,11.592],[8.1769,11.5895],[8.1741,11.585],[8.1714,11.5783],[8.1745,11.5737],[8.174,11.5717],[8.1782,11.5628],[8.1761,11.5599],[8.1766,11.557],[8.1817,11.5536],[8.1832,11.5501],[8.1868,11.5517],[8.1898,11.5516],[8.1941,11.5475],[8.1976,11.5487],[8.2052,11.5479],[8.2098,11.5532],[8.2109,11.5621],[8.2128,11.5674],[8.2125,11.57],[8.2137,11.5783],[8.2136,11.5821],[8.2111,11.5839],[8.2105,11.5867],[8.2071,11.588],[8.2088,11.592],[8.206,11.5962],[8.209,11.5995],[8.2047,11.6002],[8.2041,11.6023],[8.2005,11.6021],[8.1912,11.6038],[8.1902,11.6059],[8.1926,11.6115]]]},"properties":{"name":"BAUDA","state":"19","code":"19/24/04"}},{"type":"Feature","geometry":{"type":"Polygon","coordinates":[[[8.1487,11.5192],[8.1561,11.5206],[8.1598,11.5225],[8.1639,11.5232],[8.1683,11.5254],[8.1812,11.5268],[8.1876,11.5271],[8.1895,11.534],[8.1913,11.536],[8.1994,11.5378],[8.2032,11.546],[8.2052,11.5479],[8.1976,11.5487],[8.1941,11.5475],[8.1898,11.5516],[8.1868,11.5517],[8.1832,11.5501],[8.1817,11.5536],[8.1766,11.557],[8.1761,11.5599],[8.1782,11.5628],[8.174,11.5717],[8.1745,11.5737],[8.1714,11.5783],[8.1741,11.585],[8.1769,11.5895],[8.1773,11.592],[8.1737,11.5949],[8.1722,11.5996],[8.1691,11.6005],[8.1651,11.5987],[8.1631,11.5959],[8.1602,11.5971],[8.1622,11.6051],[8.168,11.6166],[8.1597,11.6196],[8.1576,11.6183],[8.1542,11.6252],[8.1508,11.625],[8.1454,11.6161],[8.1427,11.6162],[8.1397,11.613],[8.1332,11.6085],[8.1292,11.6148],[8.1277,11.6184],[8.125,11.6208],[8.1215,11.6216],[8.117,11.6168],[8.1136,11.616],[8.1125,11.6133],[8.1074,11.6114],[8.1135,11.6086],[8.1138,11.6048],[8.118,11.5986],[8.1193,11.5953],[8.1165,11.5909],[8.1198,11.5872],[8.1225,11.5819],[8.1227,11.5765],[8.122,11.5741],[8.1265,11.5706],[8.1282,11.5666],[8.1314,11.5645],[8.1327,11.5619],[8.1259,11.5538],[8.1254,11.5512],[8.1228,11.5475],[8.1218,11.54],[8.1189,11.5327],[8.1147,11.5278],[8.114,11.5223],[8.121,11.5202],[8.1487,11.5192]]]},"properties":{"name":"DANGORA","state":"19","code":"19/24/05"}},{"type":"Feature","geometry":{"type":"Polygon","coordinates":[[[8.0521,11.4896],[8.0548,11.4909],[8.0568,11.4967],[8.0607,11.4977],[8.0614,11.5006],[8.0652,11.5],[8.0747,11.5049],[8.0819,11.5055],[8.0817,11.5091],[8.0835,11.5138],[8.0866,11.5174],[8.0918,11.5194],[8.0976,11.5201],[8.1015,11.524],[8.103,11.5227],[8.1069,11.5237],[8.11,11.5209],[8.114,11.5223],[8.1147,11.5278],[8.1189,11.5327],[8.1218,11.54],[8.1228,11.5475],[8.1254,11.5512],[8.1259,11.5538],[8.1327,11.5619],[8.1314,11.5645],[8.1282,11.5666],[8.1265,11.5706],[8.122,11.5741],[8.1227,11.5765],[8.1067,11.5647],[8.1033,11.5632],[8.1024,11.5653],[8.0967,11.5676],[8.0928,11.5682],[8.078,11.5767],[8.0698,11.5764],[8.0655,11.584],[8.0618,11.5848],[8.0605,11.5919],[8.0548,11.5922],[8.0503,11.5901],[8.0469,11.5902],[8.0352,11.5942],[8.0309,11.5868],[8.0317,11.584],[8.0279,11.5796],[8.0276,11.5776],[8.0214,11.5686],[8.0221,11.5665],[8.0198,11.563],[8.0199,11.5589],[8.0232,11.5528],[8.0237,11.5477],[8.0223,11.5427],[8.0254,11.5432],[8.0304,11.5418],[8.0306,11.5342],[8.0326,11.5289],[8.0288,11.5251],[8.0272,11.5176],[8.026,11.5166],[8.0165,11.5155],[8.0136,11.5116],[8.0157,11.507],[8.0205,11.5059],[8.0281,11.5011],[8.0312,11.4971],[8.032,11.4938],[8.0358,11.4934],[8.0391,11.4917],[8.0397,11.4885],[8.0408,11.4869],[8.0447,11.4879],[8.0508,11.4878],[8.0521,11.4896]]]},"properties":{"name":"DANSOHIYA","state":"19","code":"19/24/06"}},{"type":"Feature","geometry":{"type":"Polygon","coordinates":[[[8.2678,11.7232],[8.2629,11.7259],[8.2608,11.7259],[8.2554,11.7348],[8.2524,11.7376],[8.2486,11.7307],[8.2423,11.7272],[8.2408,11.7284],[8.2377,11.7263],[8.2338,11.7252],[8.2228,11.7295],[8.2162,11.73],[8.21,11.7259],[8.2066,11.7254],[8.2047,11.7228],[8.2048,11.7201],[8.2079,11.7175],[8.2086,11.7128],[8.206,11.7099],[8.2073,11.7039],[8.2069,11.6996],[8.2047,11.6943],[8.2046,11.6879],[8.2137,11.6813],[8.2273,11.7069],[8.2306,11.711],[8.2406,11.7193],[8.2479,11.7141],[8.2549,11.7129],[8.2617,11.7164],[8.2649,11.7158],[8.2669,11.717],[8.2678,11.7232]]]},"properties":{"name":"DASHI","state":"19","code":"19/24/07"}},{"type":"Feature","geometry":{"type":"Polygon","coordinates":[[[8.2209,11.7732],[8.2194,11.7702],[8.2178,11.7635],[8.2181,11.7599],[8.2146,11.7503],[8.2097,11.7471],[8.208,11.7448],[8.2029,11.7437],[8.2012,11.7422],[8.2,11.7384],[8.1994,11.7327],[8.2005,11.7279],[8.2022,11.7264],[8.2066,11.7254],[8.21,11.7259],[8.2162,11.73],[8.2228,11.7295],[8.2338,11.7252],[8.2377,11.7263],[8.2408,11.7284],[8.2393,11.7332],[8.2412,11.7358],[8.2465,11.7402],[8.2469,11.7465],[8.2529,11.7498],[8.2556,11.7541],[8.2573,11.76],[8.2536,11.7667],[8.2522,11.7728],[8.2545,11.7791],[8.2515,11.7882],[8.243,11.789],[8.2396,11.7901],[8.2335,11.785],[8.2338,11.7791],[8.2316,11.7768],[8.2226,11.7752],[8.2209,11.7732]]]},"properties":{"name":"GALADIMAWA","state":"19","code":"19/24/08"}},{"type":"Feature","geometry":{"type":"Polygon","coordinates":[[[8.1107,11.6891],[8.1098,11.6808],[8.1077,11.6759],[8.1105,11.6749],[8.1181,11.6744],[8.122,11.6756],[8.1218,11.6815],[8.1255,11.6884],[8.1286,11.6899],[8.1357,11.6907],[8.1393,11.6931],[8.1447,11.6932],[8.1599,11.6918],[8.1643,11.6896],[8.1697,11.6861],[8.1775,11.6852],[8.1851,11.6872],[8.189,11.6855],[8.1927,11.6855],[8.1967,11.6869],[8.2046,11.6879],[8.2047,11.6943],[8.2069,11.6996],[8.2073,11.7039],[8.206,11.7099],[8.2086,11.7128],[8.2079,11.7175],[8.2048,11.7201],[8.2047,11.7228],[8.2066,11.7254],[8.2022,11.7264],[8.1934,11.7192],[8.1903,11.7173],[8.1893,11.7137],[8.1857,11.713],[8.1794,11.7155],[8.1763,11.7182],[8.1697,11.7208],[8.1586,11.7189],[8.1569,11.7207],[8.1585,11.7229],[8.1581,11.7269],[8.1595,11.7298],[8.1581,11.7349],[8.1526,11.737],[8.1471,11.7369],[8.1413,11.7337],[8.1368,11.7293],[8.1347,11.7191],[8.1299,11.7153],[8.1212,11.7123],[8.1169,11.7102],[8.1145,11.705],[8.1107,11.6891]]]},"properties":{"name":"KIRU","state":"19","code":"19/24/09"}},{"type":"Feature","geometry":{"type":"MultiPolygon","coordinates":[[[[8.1074,11.6114],[8.1125,11.6133],[8.1136,11.616],[8.117,11.6168],[8.1215,11.6216],[8.125,11.6208],[8.1277,11.6184],[8.1292,11.6148],[8.1332,11.6085],[8.1397,11.613],[8.1427,11.6162],[8.1454,11.6161],[8.1508,11.625],[8.1542,11.6252],[8.1576,11.6183],[8.1597,11.6196],[8.168,11.6166],[8.1708,11.6183],[8.1742,11.6233],[8.1747,11.6295],[8.1732,11.6379],[8.1696,11.642],[8.1689,11.6466],[8.1761,11.6507],[8.1737,11.6584],[8.172,11.6612],[8.162,11.6618],[8.1588,11.6633],[8.1594,11.6588],[8.1565,11.6567],[8.1566,11.6544],[8.1524,11.653],[8.1499,11.6508],[8.1462,11.6512],[8.1431,11.6581],[8.14,11.6591],[8.1354,11.6577],[8.1289,11.6547],[8.1294,11.6504],[8.1256,11.6425],[8.1272,11.6376],[8.1213,11.6346],[8.1195,11.6324],[8.1142,11.6307],[8.1105,11.6268],[8.1065,11.6239],[8.1074,11.616],[8.1059,11.6127],[8.1074,11.6114]]],[[[8.2059,11.6354],[8.203,11.6364],[8.2018,11.6412],[8.1926,11.6403],[8.1912,11.6299],[8.1857,11.6315],[8.1829,11.6284],[8.1849,11.6252],[8.1875,11.6249],[8.1909,11.6198],[8.193,11.6191],[8.1959,11.6219],[8.2001,11.631],[8.2036,11.6324],[8.2059,11.6354]]]]},"properties":{"name":"KOGO","state":"19","code":"19/24/10"}},{"type":"Feature","geometry":{"type":"Polygon","coordinates":[[[8.0525,11.6717],[8.0567,11.6722],[8.067,11.6646],[8.0676,11.6539],[8.0714,11.6458],[8.078,11.6469],[8.0814,11.6412],[8.0849,11.6417],[8.0867,11.6383],[8.0917,11.6358],[8.0956,11.6302],[8.0997,11.6299],[8.1031,11.6284],[8.104,11.6257],[8.1065,11.6239],[8.1105,11.6268],[8.1142,11.6307],[8.1195,11.6324],[8.1213,11.6346],[8.1272,11.6376],[8.1256,11.6425],[8.1294,11.6504],[8.1289,11.6547],[8.1354,11.6577],[8.14,11.6591],[8.1431,11.6581],[8.1462,11.6512],[8.1499,11.6508],[8.1524,11.653],[8.1566,11.6544],[8.1565,11.6567],[8.1594,11.6588],[8.1588,11.6633],[8.1602,11.6685],[8.1594,11.6722],[8.1611,11.6743],[8.161,11.6803],[8.1636,11.6849],[8.1643,11.6896],[8.1599,11.6918],[8.1447,11.6932],[8.1393,11.6931],[8.1357,11.6907],[8.1286,11.6899],[8.1255,11.6884],[8.1218,11.6815],[8.122,11.6756],[8.1181,11.6744],[8.1105,11.6749],[8.1077,11.6759],[8.1098,11.6808],[8.1107,11.6891],[8.1069,11.6921],[8.0996,11.6965],[8.0909,11.6994],[8.0882,11.6996],[8.0798,11.6952],[8.0762,11.6923],[8.068,11.6942],[8.0649,11.6925],[8.0609,11.6862],[8.0551,11.6815],[8.0522,11.6753],[8.0525,11.6717]]]},"properties":{"name":"MARAKU","state":"19","code":"19/24/11"}},{"type":"Feature","geometry":{"type":"Polygon","coordinates":[[[8.2137,11.6813],[8.2046,11.6879],[8.1967,11.6869],[8.1927,11.6855],[8.189,11.6855],[8.1851,11.6872],[8.1775,11.6852],[8.1697,11.6861],[8.1643,11.6896],[8.1636,11.6849],[8.161,11.6803],[8.1611,11.6743],[8.1594,11.6722],[8.1602,11.6685],[8.1588,11.6633],[8.162,11.6618],[8.172,11.6612],[8.1745,11.6645],[8.1778,11.6653],[8.1844,11.6625],[8.1886,11.664],[8.1944,11.6678],[8.1957,11.6703],[8.1993,11.6629],[8.2023,11.6624],[8.2032,11.6601],[8.2089,11.6608],[8.2142,11.6604],[8.2165,11.6587],[8.2187,11.6641],[8.2221,11.6666],[8.224,11.6698],[8.219,11.6745],[8.2163,11.6796],[8.2137,11.6813]]]},"properties":{"name":"TSAUDAWA","state":"19","code":"19/24/12"}},{"type":"Feature","geometry":{"type":"Polygon","coordinates":[[[8.2165,11.6587],[8.2142,11.6604],[8.2089,11.6608],[8.2032,11.6601],[8.2023,11.6624],[8.1993,11.6629],[8.1957,11.6703],[8.1944,11.6678],[8.1886,11.664],[8.1844,11.6625],[8.1778,11.6653],[8.1745,11.6645],[8.172,11.6612],[8.1737,11.6584],[8.1761,11.6507],[8.1689,11.6466],[8.1696,11.642],[8.1732,11.6379],[8.1747,11.6295],[8.1742,11.6233],[8.1708,11.6183],[8.168,11.6166],[8.1622,11.6051],[8.1602,11.5971],[8.1631,11.5959],[8.1651,11.5987],[8.1691,11.6005],[8.1722,11.5996],[8.1739,11.6041],[8.1775,11.6067],[8.1837,11.6067],[8.1866,11.609],[8.1926,11.6115],[8.1939,11.616],[8.193,11.6191],[8.1909,11.6198],[8.1875,11.6249],[8.1849,11.6252],[8.1829,11.6284],[8.1857,11.6315],[8.1912,11.6299],[8.1926,11.6403],[8.2018,11.6412],[8.203,11.6364],[8.2059,11.6354],[8.2102,11.6372],[8.2233,11.6359],[8.2314,11.6431],[8.2261,11.6454],[8.2185,11.6466],[8.2155,11.6515],[8.2178,11.6546],[8.2165,11.6587]]]},"properties":{"name":"YAKO","state":"19","code":"19/24/13"}},{"type":"Feature","geometry":{"type":"Polygon","coordinates":[[[8.1447,11.4629],[8.1406,11.457],[8.1406,11.4547],[8.1426,11.4371],[8.1433,11.4203],[8.1421,11.4185],[8.1459,11.4176],[8.1483,11.4193],[8.1547,11.4214],[8.1564,11.4237],[8.1624,11.4234],[8.1644,11.4224],[8.166,11.4166],[8.1722,11.415],[8.1766,11.4151],[8.1808,11.4131],[8.1871,11.4132],[8.1932,11.4206],[8.198,11.4219],[8.2073,11.4261],[8.2094,11.43],[8.2114,11.4396],[8.2151,11.4418],[8.2101,11.4453],[8.2027,11.4596],[8.2041,11.463],[8.203,11.4712],[8.2006,11.4764],[8.2016,11.4806],[8.2053,11.4857],[8.2063,11.4883],[8.2101,11.4915],[8.2126,11.4978],[8.2135,11.5029],[8.2128,11.5051],[8.2175,11.5116],[8.2171,11.5179],[8.2145,11.5245],[8.2148,11.5272],[8.211,11.5324],[8.2117,11.5342],[8.2105,11.5389],[8.2102,11.5444],[8.2118,11.5471],[8.2098,11.5532],[8.2052,11.5479],[8.2032,11.546],[8.1994,11.5378],[8.1913,11.536],[8.1895,11.534],[8.1876,11.5271],[8.1812,11.5268],[8.1683,11.5254],[8.1639,11.5232],[8.1598,11.5225],[8.1561,11.5206],[8.1487,11.5192],[8.1501,11.5192],[8.1618,11.5055],[8.1625,11.5031],[8.1617,11.4972],[8.159,11.4952],[8.1525,11.489],[8.1535,11.4857],[8.1539,11.4774],[8.1488,11.4687],[8.1447,11.4629]]]},"properties":{"name":"YALWA","state":"19","code":"19/24/14"}},{"type":"Feature","geometry":{"type":"Polygon","coordinates":[[[8.1868,11.8005],[8.1798,11.7956],[8.1762,11.7945],[8.1673,11.7938],[8.1579,11.7917],[8.1545,11.7879],[8.1452,11.7905],[8.1395,11.7902],[8.1334,11.7884],[8.1321,11.7844],[8.1324,11.78],[8.1368,11.7757],[8.143,11.7769],[8.1451,11.778],[8.1485,11.7762],[8.1494,11.7735],[8.1481,11.7701],[8.1489,11.7662],[8.1511,11.7626],[8.1549,11.761],[8.1599,11.7671],[8.1652,11.7679],[8.1664,11.7691],[8.1724,11.7682],[8.1705,11.7649],[8.1748,11.7553],[8.1735,11.7509],[8.1744,11.7459],[8.1736,11.7442],[8.1748,11.7402],[8.178,11.7412],[8.1886,11.7401],[8.1924,11.7414],[8.2,11.7384],[8.2012,11.7422],[8.2029,11.7437],[8.208,11.7448],[8.2097,11.7471],[8.2146,11.7503],[8.2181,11.7599],[8.2178,11.7635],[8.2194,11.7702],[8.2209,11.7732],[8.2173,11.7777],[8.2116,11.7766],[8.214,11.7882],[8.203,11.7879],[8.1972,11.7894],[8.1968,11.7927],[8.195,11.7962],[8.1907,11.8012],[8.1868,11.8005]]]},"properties":{"name":"ZUWO","state":"19","code":"19/24/15"}},{"type":"Feature","geometry":{"type":"Polygon","coordinates":[[[8.4572,11.9347],[8.4523,11.9346],[8.4504,11.941],[8.4485,11.9442],[8.4435,11.9465],[8.4367,11.9537],[8.4283,11.9493],[8.4273,11.9419],[8.4257,11.9375],[8.4259,11.9351],[8.4225,11.9306],[8.4131,11.9295],[8.4121,11.9311],[8.4016,11.9331],[8.3981,11.935],[8.3954,11.9272],[8.3923,11.9232],[8.3881,11.922],[8.3867,11.918],[8.3867,11.9138],[8.3913,11.9141],[8.3989,11.9111],[8.4033,11.9068],[8.4056,11.9055],[8.4131,11.9049],[8.4173,11.9022],[8.4206,11.896],[8.4242,11.8922],[8.4256,11.8876],[8.4314,11.8838],[8.4345,11.8846],[8.4357,11.8879],[8.4453,11.8905],[8.4486,11.8902],[8.4475,11.8928],[8.4462,11.9194],[8.4496,11.9215],[8.4509,11.9238],[8.4537,11.9245],[8.4593,11.9317],[8.4572,11.9347]]]},"properties":{"name":"CHALLAWA","state":"19","code":"19/25/01"}},{"type":"Feature","geometry":{"type":"Polygon","coordinates":[[[8.4708,11.9515],[8.4671,11.9482],[8.4585,11.9377],[8.4572,11.9347],[8.4593,11.9317],[8.4674,11.9221],[8.4631,11.9084],[8.4662,11.9073],[8.467,11.9097],[8.473,11.9073],[8.4744,11.9054],[8.4779,11.9061],[8.4823,11.9034],[8.4849,11.8973],[8.4858,11.8989],[8.493,11.9015],[8.4901,11.9057],[8.4965,11.908],[8.4988,11.9082],[8.5,11.9116],[8.4958,11.9147],[8.4956,11.9164],[8.49,11.9203],[8.4885,11.9264],[8.485,11.9287],[8.4806,11.9341],[8.4739,11.9426],[8.4771,11.9436],[8.4826,11.9523],[8.4871,11.9623],[8.4855,11.9637],[8.4799,11.9618],[8.4773,11.958],[8.4708,11.9515]]]},"properties":{"name":"CHIRANCHI","state":"19","code":"19/25/02"}},{"type":"Feature","geometry":{"type":"Polygon","coordinates":[[[8.4434,11.971],[8.4314,11.9641],[8.4278,11.9685],[8.4249,11.968],[8.4219,11.9704],[8.4128,11.973],[8.4101,11.9648],[8.4079,11.9632],[8.4024,11.9587],[8.4004,11.955],[8.4022,11.9531],[8.3992,11.949],[8.3944,11.9442],[8.3944,11.9405],[8.3981,11.935],[8.4016,11.9331],[8.4121,11.9311],[8.4131,11.9295],[8.4225,11.9306],[8.4259,11.9351],[8.4257,11.9375],[8.4273,11.9419],[8.4283,11.9493],[8.4367,11.9537],[8.4435,11.9465],[8.4485,11.9442],[8.4504,11.941],[8.4523,11.9346],[8.4572,11.9347],[8.4585,11.9377],[8.4671,11.9482],[8.4708,11.9515],[8.4693,11.9535],[8.4652,11.9557],[8.4677,11.9579],[8.4659,11.9621],[8.4596,11.9569],[8.4571,11.9531],[8.4511,11.9564],[8.4475,11.9597],[8.4442,11.9653],[8.4434,11.971]]]},"properties":{"name":"DANBARE","state":"19","code":"19/25/03"}},{"type":"Feature","geometry":{"type":"Polygon","coordinates":[[[8.4897,11.9415],[8.4904,11.9353],[8.4985,11.9336],[8.4992,11.9318],[8.51,11.9311],[8.5087,11.9236],[8.5087,11.9197],[8.5106,11.9179],[8.5141,11.9238],[8.5154,11.9285],[8.5185,11.9292],[8.5175,11.9394],[8.5256,11.9419],[8.5274,11.9401],[8.5295,11.9349],[8.5309,11.935],[8.5348,11.935],[8.5354,11.9368],[8.5344,11.9486],[8.5375,11.9502],[8.5395,11.9531],[8.5361,11.9584],[8.5315,11.9566],[8.5294,11.9589],[8.5203,11.9508],[8.5173,11.9554],[8.5111,11.9593],[8.4897,11.9415]]]},"properties":{"name":"DANMALIKI","state":"19","code":"19/25/04"}},{"type":"Feature","geometry":{"type":"MultiPolygon","coordinates":[[[[8.4806,11.9341],[8.485,11.9287],[8.4885,11.9264],[8.49,11.9203],[8.4956,11.9164],[8.4958,11.9147],[8.5,11.9116],[8.5073,11.9107],[8.5107,11.9134],[8.5152,11.9125],[8.5178,11.9237],[8.5223,11.9224],[8.5309,11.9247],[8.5337,11.9271],[8.5309,11.935],[8.5295,11.9349],[8.5274,11.9401],[8.5256,11.9419],[8.5175,11.9394],[8.5185,11.9292],[8.5154,11.9285],[8.5141,11.9238],[8.5106,11.9179],[8.5087,11.9197],[8.5087,11.9236],[8.51,11.9311],[8.4992,11.9318],[8.4985,11.9336],[8.4904,11.9353],[8.4897,11.9415],[8.4806,11.9341]]],[[[8.5173,11.9554],[8.5203,11.9508],[8.5294,11.9589],[8.5315,11.9566],[8.5361,11.9584],[8.535,11.9618],[8.5302,11.967],[8.528,11.9648],[8.5216,11.9607],[8.5216,11.9593],[8.5173,11.9554]]]]},"properties":{"name":"GURINGAWA","state":"19","code":"19/25/05"}},{"type":"Feature","geometry":{"type":"Polygon","coordinates":[[[8.5271,11.8967],[8.524,11.8995],[8.524,11.9083],[8.5143,11.9093],[8.5152,11.9125],[8.5107,11.9134],[8.5073,11.9107],[8.5,11.9116],[8.4988,11.9082],[8.4965,11.908],[8.4901,11.9057],[8.493,11.9015],[8.4858,11.8989],[8.4849,11.8973],[8.4865,11.8912],[8.4896,11.8878],[8.4893,11.8851],[8.4853,11.8815],[8.4773,11.8771],[8.4825,11.8713],[8.4845,11.8701],[8.4935,11.8723],[8.4995,11.8684],[8.5079,11.872],[8.5099,11.8785],[8.5121,11.8814],[8.5182,11.8866],[8.5212,11.8857],[8.522,11.888],[8.5213,11.8918],[8.527,11.894],[8.5271,11.8967]]]},"properties":{"name":"KUMBOTSO","state":"19","code":"19/25/06"}},{"type":"Feature","geometry":{"type":"Polygon","coordinates":[[[8.596,11.915],[8.6008,11.92],[8.6035,11.9213],[8.6058,11.9194],[8.6074,11.9217],[8.6099,11.9355],[8.6122,11.9451],[8.6001,11.9436],[8.5951,11.9478],[8.594,11.95],[8.5903,11.9521],[8.5823,11.9477],[8.5811,11.9494],[8.5785,11.9441],[8.5765,11.9364],[8.5746,11.9323],[8.5626,11.9213],[8.5632,11.9171],[8.5694,11.9215],[8.5808,11.9157],[8.5885,11.9139],[8.596,11.915]]]},"properties":{"name":"KUREKEN SANI","state":"19","code":"19/25/07"}},{"type":"Feature","geometry":{"type":"Polygon","coordinates":[[[8.6352,11.9289],[8.6269,11.9349],[8.6274,11.9382],[8.6295,11.9383],[8.6327,11.9448],[8.6346,11.955],[8.6361,11.9558],[8.6359,11.9627],[8.6277,11.9621],[8.6131,11.9671],[8.608,11.9694],[8.5988,11.9704],[8.5954,11.964],[8.5955,11.9619],[8.5975,11.9606],[8.5903,11.9521],[8.594,11.95],[8.5951,11.9478],[8.6001,11.9436],[8.6122,11.9451],[8.6099,11.9355],[8.6074,11.9217],[8.6058,11.9194],[8.6035,11.9213],[8.6008,11.92],[8.596,11.915],[8.5997,11.9113],[8.6056,11.9083],[8.6126,11.9099],[8.6223,11.9125],[8.6267,11.9125],[8.6312,11.9146],[8.6353,11.9183],[8.6341,11.9207],[8.6307,11.9236],[8.6306,11.9253],[8.6352,11.9289]]]},"properties":{"name":"MARIRI","state":"19","code":"19/25/08"}},{"type":"Feature","geometry":{"type":"Polygon","coordinates":[[[8.5415,11.8929],[8.5426,11.9024],[8.5469,11.9145],[8.5524,11.9142],[8.5566,11.9156],[8.5626,11.9213],[8.5746,11.9323],[8.5765,11.9364],[8.5785,11.9441],[8.572,11.9451],[8.5708,11.9461],[8.5655,11.9446],[8.5631,11.9399],[8.5589,11.9356],[8.5551,11.9388],[8.5538,11.941],[8.5508,11.9391],[8.552,11.9374],[8.5431,11.9356],[8.5433,11.9341],[8.5367,11.9324],[8.5354,11.9368],[8.5348,11.935],[8.5309,11.935],[8.5337,11.9271],[8.5309,11.9247],[8.5223,11.9224],[8.5178,11.9237],[8.5152,11.9125],[8.5143,11.9093],[8.524,11.9083],[8.524,11.8995],[8.5271,11.8967],[8.5346,11.8918],[8.5382,11.8917],[8.5415,11.8929]]]},"properties":{"name":"NA'IBAWA","state":"19","code":"19/25/09"}},{"type":"Feature","geometry":{"type":"Polygon","coordinates":[[[8.4486,11.8902],[8.4539,11.8863],[8.4533,11.8833],[8.4587,11.8827],[8.4643,11.8776],[8.4728,11.8797],[8.4773,11.8771],[8.4853,11.8815],[8.4893,11.8851],[8.4896,11.8878],[8.4865,11.8912],[8.4849,11.8973],[8.4823,11.9034],[8.4779,11.9061],[8.4744,11.9054],[8.473,11.9073],[8.467,11.9097],[8.4662,11.9073],[8.4631,11.9084],[8.4674,11.9221],[8.4593,11.9317],[8.4537,11.9245],[8.4509,11.9238],[8.4496,11.9215],[8.4462,11.9194],[8.4475,11.8928],[8.4486,11.8902]]]},"properties":{"name":"PANSHEKARA","state":"19","code":"19/25/10"}},{"type":"Feature","geometry":{"type":"Polygon","coordinates":[[[8.581,11.8822],[8.5831,11.8832],[8.5867,11.8821],[8.5975,11.8861],[8.601,11.8902],[8.6116,11.8912],[8.6097,11.8997],[8.6102,11.9052],[8.6126,11.9071],[8.6126,11.9099],[8.6056,11.9083],[8.5997,11.9113],[8.596,11.915],[8.5885,11.9139],[8.5808,11.9157],[8.5694,11.9215],[8.5632,11.9171],[8.5626,11.9213],[8.5566,11.9156],[8.5524,11.9142],[8.5469,11.9145],[8.5426,11.9024],[8.5415,11.8929],[8.5413,11.8912],[8.5475,11.889],[8.5575,11.8917],[8.5681,11.8919],[8.5748,11.8932],[8.5775,11.889],[8.5796,11.8875],[8.5796,11.8834],[8.581,11.8822]]]},"properties":{"name":"UNGUWAR RIMI","state":"19","code":"19/25/11"}},{"type":"Feature","geometry":{"type":"Polygon","coordinates":[[[8.1593,12.43],[8.1634,12.4311],[8.168,12.4353],[8.1691,12.4375],[8.1737,12.4363],[8.1782,12.4281],[8.1861,12.4269],[8.1917,12.4283],[8.1954,12.431],[8.2001,12.43],[8.1968,12.4277],[8.1967,12.4225],[8.1986,12.4187],[8.1978,12.4164],[8.202,12.4131],[8.2049,12.4119],[8.2023,12.4074],[8.2087,12.4069],[8.2173,12.4027],[8.2215,12.4031],[8.2255,12.4057],[8.2273,12.4083],[8.2266,12.4166],[8.2326,12.4167],[8.2416,12.419],[8.2485,12.4228],[8.2486,12.4274],[8.2434,12.4303],[8.2337,12.4294],[8.229,12.4304],[8.2251,12.4327],[8.219,12.4307],[8.2146,12.4318],[8.2097,12.4354],[8.2103,12.4388],[8.2063,12.4404],[8.2089,12.4444],[8.2083,12.4477],[8.211,12.4487],[8.2062,12.458],[8.2068,12.4606],[8.2033,12.4637],[8.1936,12.4695],[8.193,12.472],[8.196,12.476],[8.1968,12.4798],[8.2002,12.4863],[8.2009,12.4935],[8.1996,12.497],[8.1991,12.5042],[8.2035,12.5073],[8.2041,12.5156],[8.2094,12.5225],[8.207,12.5279],[8.2062,12.532],[8.2031,12.5394],[8.2,12.5428],[8.1961,12.5444],[8.1926,12.5545],[8.1894,12.5589],[8.1883,12.563],[8.1856,12.5655],[8.1799,12.5641],[8.1814,12.5617],[8.1812,12.5581],[8.1797,12.5547],[8.1793,12.5489],[8.1779,12.545],[8.1766,12.5425],[8.177,12.5383],[8.1756,12.537],[8.178,12.5328],[8.176,12.5296],[8.1778,12.5273],[8.1743,12.5195],[8.1776,12.5182],[8.1809,12.5134],[8.1802,12.5102],[8.1835,12.5066],[8.1871,12.5077],[8.1904,12.5052],[8.1827,12.5012],[8.179,12.4964],[8.1717,12.4925],[8.1688,12.4817],[8.1629,12.4745],[8.1622,12.4624],[8.165,12.4514],[8.1588,12.4473],[8.1567,12.4403],[8.1485,12.4397],[8.1504,12.4356],[8.1571,12.4331],[8.1593,12.43]]]},"properties":{"name":"BUMAI","state":"19","code":"19/26/01"}},{"type":"Feature","geometry":{"type":"Polygon","coordinates":[[[8.1737,12.3479],[8.1755,12.3436],[8.1783,12.3447],[8.1844,12.3451],[8.1874,12.3442],[8.1939,12.344],[8.1969,12.3393],[8.2004,12.3405],[8.2027,12.3395],[8.2056,12.3412],[8.2085,12.3448],[8.2062,12.3484],[8.2083,12.3515],[8.2032,12.356],[8.203,12.3598],[8.2045,12.3617],[8.2098,12.3615],[8.2146,12.3638],[8.2184,12.3667],[8.2242,12.3695],[8.2243,12.3711],[8.2281,12.3739],[8.229,12.3767],[8.2333,12.3801],[8.2351,12.3843],[8.2356,12.3886],[8.2388,12.3875],[8.2471,12.3865],[8.2507,12.3826],[8.2526,12.3822],[8.2556,12.3888],[8.2549,12.3925],[8.2494,12.398],[8.2484,12.4019],[8.2454,12.4059],[8.2439,12.4041],[8.238,12.4052],[8.2374,12.4009],[8.2387,12.3983],[8.2348,12.3933],[8.2297,12.3916],[8.2249,12.3885],[8.2182,12.3918],[8.2155,12.3912],[8.2069,12.3914],[8.2014,12.3877],[8.1982,12.3826],[8.1933,12.3866],[8.1901,12.3875],[8.1861,12.3856],[8.1807,12.3882],[8.1794,12.388],[8.1707,12.3783],[8.1812,12.3724],[8.1856,12.3714],[8.1831,12.368],[8.1807,12.3692],[8.1767,12.3646],[8.1788,12.3618],[8.1864,12.3567],[8.1864,12.352],[8.1827,12.351],[8.1818,12.3488],[8.1769,12.3472],[8.1737,12.3479]]]},"properties":{"name":"GARIN SHEME","state":"19","code":"19/26/02"}},{"type":"Feature","geometry":{"type":"Polygon","coordinates":[[[8.3058,12.3301],[8.313,12.3283],[8.3156,12.3317],[8.32,12.3339],[8.3273,12.3339],[8.3335,12.3437],[8.3382,12.3449],[8.3403,12.3498],[8.3462,12.3545],[8.3524,12.3585],[8.3563,12.3594],[8.3585,12.3622],[8.3618,12.3563],[8.3651,12.3552],[8.3734,12.3556],[8.3883,12.3516],[8.3936,12.3522],[8.4058,12.3511],[8.4178,12.3526],[8.4224,12.3545],[8.4333,12.3563],[8.4312,12.3602],[8.4256,12.3652],[8.4246,12.3726],[8.4217,12.3747],[8.4173,12.3755],[8.4117,12.3741],[8.409,12.379],[8.408,12.3828],[8.4125,12.3904],[8.4064,12.3965],[8.4015,12.3998],[8.3918,12.3943],[8.3861,12.3967],[8.3802,12.3985],[8.3735,12.4013],[8.3712,12.4034],[8.3705,12.3971],[8.3676,12.3878],[8.3643,12.3825],[8.3646,12.3791],[8.3597,12.3753],[8.3586,12.3726],[8.3513,12.3757],[8.3478,12.3762],[8.3429,12.3802],[8.3398,12.3756],[8.3375,12.37],[8.3355,12.3603],[8.3311,12.3583],[8.3273,12.3588],[8.3243,12.3615],[8.3151,12.3597],[8.3129,12.3584],[8.3052,12.3592],[8.3023,12.3623],[8.3017,12.3677],[8.2987,12.3721],[8.2985,12.3742],[8.3072,12.3776],[8.3091,12.3791],[8.3116,12.3849],[8.3163,12.3848],[8.3182,12.3876],[8.3135,12.3902],[8.312,12.3959],[8.3138,12.3963],[8.3155,12.4003],[8.3146,12.4063],[8.3099,12.4079],[8.3087,12.4048],[8.3042,12.3997],[8.303,12.3947],[8.2991,12.3877],[8.297,12.3862],[8.2904,12.3861],[8.2857,12.3826],[8.2811,12.3818],[8.2805,12.3763],[8.2754,12.3711],[8.2733,12.3702],[8.2687,12.3713],[8.2679,12.3694],[8.2677,12.3617],[8.2691,12.3562],[8.2713,12.3517],[8.2743,12.3522],[8.2764,12.3492],[8.2831,12.3473],[8.2874,12.3484],[8.2919,12.3518],[8.3009,12.3512],[8.3068,12.3476],[8.3086,12.3457],[8.3086,12.3422],[8.3117,12.3388],[8.3069,12.3349],[8.304,12.3339],[8.3058,12.3301]]]},"properties":{"name":"GWARMAI","state":"19","code":"19/26/03"}},{"type":"Feature","geometry":{"type":"Polygon","coordinates":[[[8.3578,12.4434],[8.3525,12.4435],[8.3448,12.4407],[8.3426,12.4407],[8.3397,12.4379],[8.3358,12.4392],[8.3288,12.4324],[8.3154,12.4217],[8.3132,12.4121],[8.3099,12.4079],[8.3146,12.4063],[8.3155,12.4003],[8.3138,12.3963],[8.312,12.3959],[8.3135,12.3902],[8.3182,12.3876],[8.3163,12.3848],[8.3116,12.3849],[8.3091,12.3791],[8.3072,12.3776],[8.2985,12.3742],[8.2987,12.3721],[8.3017,12.3677],[8.3023,12.3623],[8.3052,12.3592],[8.3129,12.3584],[8.3151,12.3597],[8.3243,12.3615],[8.3273,12.3588],[8.3311,12.3583],[8.3355,12.3603],[8.3375,12.37],[8.3398,12.3756],[8.3429,12.3802],[8.3478,12.3762],[8.3513,12.3757],[8.3586,12.3726],[8.3597,12.3753],[8.3646,12.3791],[8.3643,12.3825],[8.3676,12.3878],[8.3705,12.3971],[8.3712,12.4034],[8.3704,12.4057],[8.371,12.4152],[8.3742,12.4194],[8.3785,12.4223],[8.3786,12.4257],[8.3647,12.4282],[8.3616,12.4311],[8.3621,12.4346],[8.3582,12.4379],[8.3578,12.4434]]]},"properties":{"name":"KASUWAR KUKA","state":"19","code":"19/26/04"}},{"type":"Feature","geometry":{"type":"Polygon","coordinates":[[[8.2985,12.5306],[8.2949,12.5256],[8.2904,12.5275],[8.288,12.531],[8.2862,12.5306],[8.283,12.5355],[8.2802,12.5349],[8.2671,12.5343],[8.2666,12.5374],[8.2635,12.5457],[8.2568,12.5491],[8.2567,12.5519],[8.2521,12.5588],[8.2466,12.5549],[8.2343,12.5564],[8.2333,12.5535],[8.2293,12.5478],[8.2277,12.5379],[8.2322,12.5358],[8.2357,12.5331],[8.2373,12.5282],[8.2369,12.5263],[8.2394,12.525],[8.2479,12.5292],[8.2549,12.5268],[8.2576,12.5275],[8.2594,12.5222],[8.2565,12.5193],[8.2616,12.5126],[8.2631,12.5037],[8.2598,12.4987],[8.2604,12.4947],[8.2651,12.4943],[8.2675,12.4899],[8.2718,12.4907],[8.2745,12.489],[8.2791,12.488],[8.2816,12.4899],[8.286,12.4834],[8.2895,12.4839],[8.2935,12.4779],[8.297,12.4735],[8.2998,12.4788],[8.302,12.4803],[8.3007,12.4822],[8.3078,12.4891],[8.3082,12.4915],[8.3109,12.4934],[8.3124,12.4966],[8.3152,12.4979],[8.3195,12.5049],[8.3111,12.5077],[8.3054,12.5229],[8.3029,12.5282],[8.3,12.5272],[8.2985,12.5306]]]},"properties":{"name":"KUNCHI","state":"19","code":"19/26/05"}},{"type":"Feature","geometry":{"type":"Polygon","coordinates":[[[8.2462,12.5944],[8.2438,12.5946],[8.2417,12.5925],[8.2361,12.5912],[8.2324,12.5849],[8.2283,12.5847],[8.1948,12.5676],[8.1856,12.5655],[8.1883,12.563],[8.1894,12.5589],[8.1926,12.5545],[8.1961,12.5444],[8.2,12.5428],[8.2031,12.5394],[8.2062,12.532],[8.207,12.5279],[8.2094,12.5225],[8.2041,12.5156],[8.2035,12.5073],[8.2062,12.5078],[8.2097,12.5057],[8.2113,12.5023],[8.215,12.4989],[8.2192,12.4988],[8.2212,12.5038],[8.2278,12.5127],[8.2326,12.5167],[8.234,12.525],[8.2369,12.5263],[8.2373,12.5282],[8.2357,12.5331],[8.2322,12.5358],[8.2277,12.5379],[8.2293,12.5478],[8.2333,12.5535],[8.2343,12.5564],[8.2466,12.5549],[8.2521,12.5588],[8.2567,12.5519],[8.2568,12.5491],[8.2635,12.5457],[8.2666,12.5374],[8.2671,12.5343],[8.2802,12.5349],[8.283,12.5355],[8.2862,12.5306],[8.288,12.531],[8.2904,12.5275],[8.2949,12.5256],[8.2985,12.5306],[8.2971,12.5336],[8.301,12.5371],[8.2961,12.5656],[8.2946,12.5767],[8.2901,12.5888],[8.2886,12.5999],[8.2786,12.6045],[8.2758,12.6035],[8.2563,12.5962],[8.2462,12.5944]]]},"properties":{"name":"MATAN FADA","state":"19","code":"19/26/06"}},{"type":"Feature","geometry":{"type":"Polygon","coordinates":[[[8.3423,12.4919],[8.3354,12.4992],[8.3195,12.5049],[8.3152,12.4979],[8.3124,12.4966],[8.3109,12.4934],[8.3082,12.4915],[8.3078,12.4891],[8.3007,12.4822],[8.302,12.4803],[8.3075,12.4717],[8.3101,12.47],[8.3124,12.4598],[8.3159,12.4552],[8.3198,12.4485],[8.326,12.4451],[8.3358,12.4463],[8.3391,12.4447],[8.3426,12.4407],[8.3448,12.4407],[8.3525,12.4435],[8.3578,12.4434],[8.3547,12.4797],[8.3423,12.4919]]]},"properties":{"name":"RIDAWA","state":"19","code":"19/26/07"}},{"type":"Feature","geometry":{"type":"Polygon","coordinates":[[[8.2713,12.3517],[8.2691,12.3562],[8.2677,12.3617],[8.2679,12.3694],[8.2687,12.3713],[8.2733,12.3702],[8.2754,12.3711],[8.2805,12.3763],[8.2811,12.3818],[8.2857,12.3826],[8.2904,12.3861],[8.297,12.3862],[8.2991,12.3877],[8.303,12.3947],[8.3042,12.3997],[8.3087,12.4048],[8.3099,12.4079],[8.3132,12.4121],[8.3154,12.4217],[8.3288,12.4324],[8.3358,12.4392],[8.3397,12.4379],[8.3426,12.4407],[8.3391,12.4447],[8.3358,12.4463],[8.326,12.4451],[8.3198,12.4485],[8.3159,12.4552],[8.3124,12.4598],[8.3101,12.47],[8.3075,12.4717],[8.302,12.4803],[8.2998,12.4788],[8.297,12.4735],[8.2935,12.4779],[8.2902,12.4735],[8.2915,12.4684],[8.2825,12.4672],[8.2762,12.4631],[8.2735,12.4621],[8.2755,12.4591],[8.276,12.4506],[8.2773,12.4473],[8.2789,12.4377],[8.2805,12.4368],[8.2845,12.4394],[8.2896,12.4416],[8.2951,12.442],[8.2939,12.4375],[8.2874,12.4252],[8.2911,12.4198],[8.2968,12.4181],[8.2979,12.4124],[8.2946,12.4079],[8.2945,12.4048],[8.2961,12.3993],[8.2902,12.3987],[8.2862,12.3969],[8.2846,12.3943],[8.2802,12.3987],[8.277,12.4066],[8.2748,12.4083],[8.2685,12.4068],[8.2641,12.4087],[8.2609,12.412],[8.2585,12.4162],[8.2526,12.4141],[8.2454,12.4059],[8.2484,12.4019],[8.2494,12.398],[8.2549,12.3925],[8.2556,12.3888],[8.2526,12.3822],[8.2507,12.3826],[8.2471,12.3865],[8.2388,12.3875],[8.2356,12.3886],[8.2351,12.3843],[8.2333,12.3801],[8.2384,12.3769],[8.2393,12.3742],[8.242,12.3717],[8.2451,12.3742],[8.2466,12.3693],[8.2517,12.3655],[8.2455,12.3578],[8.2495,12.3509],[8.2517,12.3505],[8.2539,12.3449],[8.2568,12.3427],[8.2649,12.3468],[8.2677,12.3506],[8.2713,12.3517]]]},"properties":{"name":"SHAMAKAWA","state":"19","code":"19/26/08"}},{"type":"Feature","geometry":{"type":"Polygon","coordinates":[[[8.1807,12.3882],[8.1861,12.3856],[8.1901,12.3875],[8.1933,12.3866],[8.1982,12.3826],[8.2014,12.3877],[8.2069,12.3914],[8.2155,12.3912],[8.2182,12.3918],[8.2249,12.3885],[8.2297,12.3916],[8.2348,12.3933],[8.2387,12.3983],[8.2374,12.4009],[8.238,12.4052],[8.2439,12.4041],[8.2454,12.4059],[8.2526,12.4141],[8.2585,12.4162],[8.2545,12.4199],[8.2556,12.4219],[8.2539,12.4243],[8.2541,12.427],[8.2505,12.4303],[8.2493,12.4337],[8.2505,12.4375],[8.2504,12.4412],[8.2396,12.4444],[8.2334,12.4417],[8.2302,12.4438],[8.2314,12.4482],[8.2302,12.4531],[8.2338,12.4576],[8.2315,12.4618],[8.2326,12.4672],[8.2284,12.4707],[8.2286,12.4768],[8.2251,12.4806],[8.2234,12.4839],[8.2257,12.485],[8.2281,12.4896],[8.2314,12.4942],[8.2341,12.49],[8.2358,12.4892],[8.2447,12.4937],[8.2484,12.4924],[8.2522,12.4948],[8.2582,12.4954],[8.2604,12.4947],[8.2598,12.4987],[8.2631,12.5037],[8.2616,12.5126],[8.2565,12.5193],[8.2594,12.5222],[8.2576,12.5275],[8.2549,12.5268],[8.2479,12.5292],[8.2394,12.525],[8.2369,12.5263],[8.234,12.525],[8.2326,12.5167],[8.2278,12.5127],[8.2212,12.5038],[8.2192,12.4988],[8.215,12.4989],[8.2113,12.5023],[8.2097,12.5057],[8.2062,12.5078],[8.2035,12.5073],[8.1991,12.5042],[8.1996,12.497],[8.2009,12.4935],[8.2002,12.4863],[8.1968,12.4798],[8.196,12.476],[8.193,12.472],[8.1936,12.4695],[8.2033,12.4637],[8.2068,12.4606],[8.2062,12.458],[8.211,12.4487],[8.2083,12.4477],[8.2089,12.4444],[8.2063,12.4404],[8.2103,12.4388],[8.2097,12.4354],[8.2146,12.4318],[8.219,12.4307],[8.2251,12.4327],[8.229,12.4304],[8.2337,12.4294],[8.2434,12.4303],[8.2486,12.4274],[8.2485,12.4228],[8.2416,12.419],[8.2326,12.4167],[8.2266,12.4166],[8.2273,12.4083],[8.2255,12.4057],[8.2215,12.4031],[8.2173,12.4027],[8.2087,12.4069],[8.2023,12.4074],[8.2049,12.4119],[8.202,12.4131],[8.1978,12.4164],[8.1986,12.4187],[8.1967,12.4225],[8.1968,12.4277],[8.2001,12.43],[8.1954,12.431],[8.1917,12.4283],[8.1861,12.4269],[8.1782,12.4281],[8.1737,12.4363],[8.1691,12.4375],[8.168,12.4353],[8.1634,12.4311],[8.1593,12.43],[8.1601,12.4257],[8.1575,12.4155],[8.1633,12.412],[8.1676,12.4116],[8.1686,12.4073],[8.1738,12.4067],[8.1771,12.404],[8.1843,12.4008],[8.186,12.3985],[8.1836,12.392],[8.1807,12.3882]]]},"properties":{"name":"SHUWAKI","state":"19","code":"19/26/09"}},{"type":"Feature","geometry":{"type":"Polygon","coordinates":[[[8.2604,12.4947],[8.2582,12.4954],[8.2522,12.4948],[8.2484,12.4924],[8.2447,12.4937],[8.2358,12.4892],[8.2341,12.49],[8.2314,12.4942],[8.2281,12.4896],[8.2257,12.485],[8.2234,12.4839],[8.2251,12.4806],[8.2286,12.4768],[8.2284,12.4707],[8.2326,12.4672],[8.2315,12.4618],[8.2338,12.4576],[8.2302,12.4531],[8.2314,12.4482],[8.2302,12.4438],[8.2334,12.4417],[8.2396,12.4444],[8.2504,12.4412],[8.2505,12.4375],[8.2493,12.4337],[8.2505,12.4303],[8.2541,12.427],[8.2539,12.4243],[8.2556,12.4219],[8.2545,12.4199],[8.2585,12.4162],[8.2609,12.412],[8.2641,12.4087],[8.2685,12.4068],[8.2748,12.4083],[8.277,12.4066],[8.2802,12.3987],[8.2846,12.3943],[8.2862,12.3969],[8.2902,12.3987],[8.2961,12.3993],[8.2945,12.4048],[8.2946,12.4079],[8.2979,12.4124],[8.2968,12.4181],[8.2911,12.4198],[8.2874,12.4252],[8.2939,12.4375],[8.2951,12.442],[8.2896,12.4416],[8.2845,12.4394],[8.2805,12.4368],[8.2789,12.4377],[8.2773,12.4473],[8.276,12.4506],[8.2755,12.4591],[8.2735,12.4621],[8.2762,12.4631],[8.2825,12.4672],[8.2915,12.4684],[8.2902,12.4735],[8.2935,12.4779],[8.2895,12.4839],[8.286,12.4834],[8.2816,12.4899],[8.2791,12.488],[8.2745,12.489],[8.2718,12.4907],[8.2675,12.4899],[8.2651,12.4943],[8.2604,12.4947]]]},"properties":{"name":"YANDADI","state":"19","code":"19/26/10"}},{"type":"Feature","geometry":{"type":"Polygon","coordinates":[[[8.4224,11.7615],[8.4213,11.7681],[8.4209,11.7755],[8.4234,11.7783],[8.4291,11.7815],[8.4241,11.7818],[8.4182,11.7833],[8.4156,11.7861],[8.4078,11.7902],[8.4079,11.7966],[8.4062,11.7992],[8.4023,11.801],[8.3999,11.7991],[8.3979,11.795],[8.3914,11.7871],[8.3875,11.7831],[8.3864,11.7796],[8.3837,11.7756],[8.3826,11.7647],[8.3793,11.7577],[8.381,11.7575],[8.3892,11.7522],[8.391,11.7531],[8.3996,11.7527],[8.4038,11.7544],[8.4057,11.7478],[8.4087,11.7455],[8.4136,11.7453],[8.4158,11.7478],[8.4136,11.7548],[8.4146,11.7609],[8.4184,11.7628],[8.4224,11.7615]]]},"properties":{"name":"DALILI","state":"19","code":"19/27/01"}},{"type":"Feature","geometry":{"type":"Polygon","coordinates":[[[8.5734,11.7797],[8.5758,11.7807],[8.5783,11.7859],[8.5764,11.7893],[8.5709,11.7898],[8.5684,11.7915],[8.5669,11.7968],[8.562,11.7998],[8.5571,11.8017],[8.5496,11.8006],[8.5454,11.8025],[8.5441,11.8078],[8.5433,11.8149],[8.5439,11.82],[8.5383,11.8201],[8.5347,11.8239],[8.5307,11.8244],[8.5293,11.8203],[8.5283,11.8174],[8.52,11.8146],[8.5162,11.8111],[8.5153,11.809],[8.5101,11.8052],[8.5062,11.8035],[8.5039,11.8002],[8.502,11.802],[8.4912,11.8034],[8.4884,11.803],[8.4811,11.8065],[8.4739,11.8068],[8.4632,11.8007],[8.4649,11.7979],[8.4687,11.7923],[8.4778,11.7909],[8.4816,11.7914],[8.4843,11.7863],[8.4918,11.7844],[8.4935,11.7829],[8.4992,11.7819],[8.4977,11.7766],[8.4985,11.7725],[8.4948,11.7655],[8.498,11.7625],[8.4992,11.7577],[8.5011,11.7569],[8.5069,11.7568],[8.5077,11.7592],[8.512,11.7613],[8.5148,11.7674],[8.5199,11.7675],[8.5241,11.7689],[8.5281,11.7725],[8.5296,11.7782],[8.5332,11.7763],[8.5375,11.7776],[8.539,11.7753],[8.5441,11.774],[8.5495,11.776],[8.555,11.7801],[8.5595,11.7782],[8.5719,11.7805],[8.5734,11.7797]]]},"properties":{"name":"DAN HASSAN","state":"19","code":"19/27/02"}},{"type":"Feature","geometry":{"type":"Polygon","coordinates":[[[8.619,11.741],[8.618,11.7529],[8.6159,11.7557],[8.6169,11.758],[8.6155,11.7652],[8.6129,11.7677],[8.6118,11.7741],[8.6044,11.7818],[8.5972,11.7819],[8.5993,11.7862],[8.5972,11.7892],[8.5941,11.7898],[8.5895,11.7971],[8.5888,11.7994],[8.5789,11.8079],[8.5737,11.8132],[8.5715,11.8138],[8.5684,11.8169],[8.5564,11.8213],[8.5551,11.8228],[8.5472,11.8234],[8.5439,11.82],[8.5433,11.8149],[8.5441,11.8078],[8.5454,11.8025],[8.5496,11.8006],[8.5571,11.8017],[8.562,11.7998],[8.5669,11.7968],[8.5684,11.7915],[8.5709,11.7898],[8.5764,11.7893],[8.5783,11.7859],[8.5758,11.7807],[8.5734,11.7797],[8.5765,11.7779],[8.5777,11.7748],[8.5786,11.768],[8.5808,11.7654],[8.5842,11.7654],[8.5874,11.7636],[8.5878,11.7615],[8.5862,11.7568],[8.5869,11.7474],[8.5885,11.7446],[8.593,11.7404],[8.5982,11.7404],[8.6031,11.739],[8.6098,11.7442],[8.6138,11.7449],[8.6146,11.7427],[8.619,11.741]]]},"properties":{"name":"DUKAWA","state":"19","code":"19/27/03"}},{"type":"Feature","geometry":{"type":"Polygon","coordinates":[[[8.5165,11.8416],[8.5098,11.8359],[8.5097,11.8338],[8.5071,11.8315],[8.5024,11.8295],[8.4971,11.8239],[8.5011,11.8185],[8.4975,11.8143],[8.4998,11.8091],[8.5032,11.8056],[8.502,11.802],[8.5039,11.8002],[8.5062,11.8035],[8.5101,11.8052],[8.5153,11.809],[8.5162,11.8111],[8.52,11.8146],[8.5283,11.8174],[8.5293,11.8203],[8.5247,11.8197],[8.5209,11.8318],[8.5165,11.8416]]]},"properties":{"name":"GUNDUTSE","state":"19","code":"19/27/04"}},{"type":"Feature","geometry":{"type":"Polygon","coordinates":[[[8.5099,11.8443],[8.507,11.8454],[8.504,11.845],[8.5007,11.8474],[8.4916,11.848],[8.4861,11.8457],[8.4751,11.8407],[8.4692,11.8426],[8.4649,11.8397],[8.4603,11.8414],[8.4588,11.8306],[8.4573,11.8279],[8.4578,11.821],[8.4653,11.8191],[8.471,11.8128],[8.4696,11.8102],[8.4664,11.8094],[8.4607,11.8098],[8.4593,11.8086],[8.4581,11.8019],[8.4591,11.7986],[8.4609,11.7953],[8.4649,11.7979],[8.4632,11.8007],[8.4739,11.8068],[8.4811,11.8065],[8.4884,11.803],[8.4912,11.8034],[8.502,11.802],[8.5032,11.8056],[8.4998,11.8091],[8.4975,11.8143],[8.5011,11.8185],[8.4971,11.8239],[8.5024,11.8295],[8.5071,11.8315],[8.5097,11.8338],[8.5098,11.8359],[8.5165,11.8416],[8.5145,11.8437],[8.5099,11.8443]]]},"properties":{"name":"KARFI","state":"19","code":"19/27/05"}},{"type":"Feature","geometry":{"type":"Polygon","coordinates":[[[8.4961,11.7462],[8.4988,11.7478],[8.4986,11.7518],[8.5011,11.7532],[8.5011,11.7569],[8.4992,11.7577],[8.498,11.7625],[8.4948,11.7655],[8.4985,11.7725],[8.4977,11.7766],[8.4992,11.7819],[8.4935,11.7829],[8.4918,11.7844],[8.4843,11.7863],[8.4816,11.7914],[8.4778,11.7909],[8.4687,11.7923],[8.4649,11.7979],[8.4609,11.7953],[8.4591,11.7986],[8.4394,11.7873],[8.4376,11.783],[8.4457,11.7809],[8.4469,11.7782],[8.447,11.7711],[8.4474,11.7666],[8.4468,11.7603],[8.442,11.7557],[8.4287,11.7621],[8.425,11.7617],[8.4275,11.7586],[8.4285,11.7509],[8.4302,11.7448],[8.4301,11.7219],[8.4297,11.7208],[8.4328,11.7208],[8.4439,11.7262],[8.4462,11.7308],[8.4527,11.7331],[8.4531,11.7364],[8.4595,11.7385],[8.4672,11.7349],[8.4675,11.7277],[8.4689,11.7218],[8.4744,11.7219],[8.4765,11.7229],[8.4796,11.7219],[8.4821,11.7237],[8.4875,11.725],[8.4898,11.7287],[8.4898,11.7309],[8.4928,11.7366],[8.4923,11.7377],[8.4963,11.7428],[8.4961,11.7462]]]},"properties":{"name":"KOSAWA","state":"19","code":"19/27/06"}},{"type":"Feature","geometry":{"type":"Polygon","coordinates":[[[8.425,11.7617],[8.4287,11.7621],[8.442,11.7557],[8.4468,11.7603],[8.4474,11.7666],[8.447,11.7711],[8.4381,11.7704],[8.4392,11.7746],[8.4338,11.7713],[8.4298,11.7714],[8.4213,11.7681],[8.4224,11.7615],[8.425,11.7617]]]},"properties":{"name":"KURA","state":"19","code":"19/27/07"}},{"type":"Feature","geometry":{"type":"Polygon","coordinates":[[[8.4213,11.7681],[8.4298,11.7714],[8.4335,11.784],[8.4291,11.7815],[8.4234,11.7783],[8.4209,11.7755],[8.4213,11.7681]]]},"properties":{"name":"KURUNSUMAU","state":"19","code":"19/27/08"}},{"type":"Feature","geometry":{"type":"Polygon","coordinates":[[[8.4291,11.7815],[8.4335,11.784],[8.4394,11.7873],[8.4591,11.7986],[8.4581,11.8019],[8.4593,11.8086],[8.4607,11.8098],[8.4664,11.8094],[8.4696,11.8102],[8.471,11.8128],[8.4653,11.8191],[8.4578,11.821],[8.4573,11.8279],[8.4588,11.8306],[8.4603,11.8414],[8.4597,11.8446],[8.4545,11.8457],[8.4523,11.8455],[8.4457,11.8483],[8.4417,11.8471],[8.4386,11.8423],[8.4366,11.8369],[8.43,11.8306],[8.4282,11.8305],[8.4266,11.8269],[8.4243,11.8271],[8.4198,11.8242],[8.4146,11.8232],[8.4103,11.8207],[8.408,11.813],[8.405,11.8089],[8.4046,11.8049],[8.4023,11.801],[8.4062,11.7992],[8.4079,11.7966],[8.4078,11.7902],[8.4156,11.7861],[8.4182,11.7833],[8.4241,11.7818],[8.4291,11.7815]]]},"properties":{"name":"RIGAR DUKA","state":"19","code":"19/27/09"}},{"type":"Feature","geometry":{"type":"Polygon","coordinates":[[[8.4394,11.7873],[8.4335,11.784],[8.4298,11.7714],[8.4338,11.7713],[8.4392,11.7746],[8.4381,11.7704],[8.447,11.7711],[8.4469,11.7782],[8.4457,11.7809],[8.4376,11.783],[8.4394,11.7873]]]},"properties":{"name":"TANAWA","state":"19","code":"19/27/10"}},{"type":"Feature","geometry":{"type":"Polygon","coordinates":[[[8.3867,11.9138],[8.3822,11.9113],[8.3802,11.9006],[8.3803,11.8983],[8.3872,11.9003],[8.3896,11.9001],[8.393,11.8966],[8.3945,11.8927],[8.3945,11.8906],[8.4012,11.8906],[8.4029,11.8869],[8.4023,11.8839],[8.4045,11.881],[8.4092,11.8774],[8.4121,11.8663],[8.4167,11.8594],[8.4271,11.8677],[8.4274,11.8725],[8.4314,11.8838],[8.4256,11.8876],[8.4242,11.8922],[8.4206,11.896],[8.4173,11.9022],[8.4131,11.9049],[8.4056,11.9055],[8.4033,11.9068],[8.3989,11.9111],[8.3913,11.9141],[8.3867,11.9138]]]},"properties":{"name":"BURJI","state":"19","code":"19/28/01"}},{"type":"Feature","geometry":{"type":"Polygon","coordinates":[[[8.2615,11.7928],[8.2682,11.7895],[8.2714,11.7858],[8.2743,11.7864],[8.2812,11.7942],[8.2863,11.7958],[8.2839,11.8023],[8.2886,11.8067],[8.2853,11.8111],[8.2838,11.8189],[8.2819,11.8213],[8.269,11.8125],[8.2678,11.811],[8.2618,11.7964],[8.2615,11.7928]]]},"properties":{"name":"CINKOSO","state":"19","code":"19/28/02"}},{"type":"Feature","geometry":{"type":"Polygon","coordinates":[[[8.4995,11.8684],[8.4935,11.8723],[8.4845,11.8701],[8.4808,11.8608],[8.4803,11.8558],[8.4861,11.8457],[8.4916,11.848],[8.5007,11.8474],[8.504,11.845],[8.507,11.8454],[8.5099,11.8443],[8.508,11.8506],[8.5052,11.8529],[8.5031,11.8564],[8.5016,11.866],[8.4995,11.8684]]]},"properties":{"name":"GALINJA","state":"19","code":"19/28/03"}},{"type":"Feature","geometry":{"type":"Polygon","coordinates":[[[8.2819,11.8213],[8.2838,11.8189],[8.2853,11.8111],[8.2886,11.8067],[8.2839,11.8023],[8.2863,11.7958],[8.2892,11.7899],[8.2949,11.7876],[8.2975,11.7849],[8.3013,11.7864],[8.3066,11.7898],[8.308,11.7919],[8.3146,11.7948],[8.3194,11.7922],[8.3162,11.7838],[8.3152,11.7785],[8.3639,11.8172],[8.3925,11.8403],[8.3879,11.8457],[8.3849,11.8459],[8.3837,11.8492],[8.3812,11.85],[8.3772,11.8569],[8.3692,11.8583],[8.3679,11.8562],[8.3628,11.8525],[8.3577,11.8477],[8.3555,11.8482],[8.3531,11.851],[8.3497,11.8512],[8.3472,11.8542],[8.3416,11.8564],[8.3384,11.8546],[8.3336,11.8537],[8.3247,11.8578],[8.3211,11.8525],[8.3122,11.8455],[8.3118,11.8417],[8.3079,11.8357],[8.3028,11.8367],[8.3007,11.8326],[8.2978,11.8306],[8.2942,11.8308],[8.2907,11.829],[8.2863,11.8239],[8.2819,11.8213]]]},"properties":{"name":"GORA","state":"19","code":"19/28/04"}},{"type":"Feature","geometry":{"type":"Polygon","coordinates":[[[8.3803,11.8983],[8.3801,11.8912],[8.3721,11.8868],[8.3679,11.8857],[8.3631,11.8858],[8.347,11.8694],[8.3454,11.8613],[8.3416,11.8564],[8.3472,11.8542],[8.3497,11.8512],[8.3531,11.851],[8.3555,11.8482],[8.3577,11.8477],[8.3628,11.8525],[8.3679,11.8562],[8.3692,11.8583],[8.3772,11.8569],[8.379,11.8616],[8.3851,11.8631],[8.3883,11.8613],[8.3943,11.8629],[8.394,11.8702],[8.3918,11.8708],[8.3891,11.8761],[8.3823,11.8808],[8.3826,11.8825],[8.3863,11.8862],[8.3945,11.8927],[8.393,11.8966],[8.3896,11.9001],[8.3872,11.9003],[8.3803,11.8983]]]},"properties":{"name":"KAFIN AGUR","state":"19","code":"19/28/05"}},{"type":"Feature","geometry":{"type":"Polygon","coordinates":[[[8.4314,11.8838],[8.4274,11.8725],[8.4271,11.8677],[8.4167,11.8594],[8.4036,11.8488],[8.4073,11.8436],[8.4105,11.8418],[8.4164,11.8426],[8.4211,11.8442],[8.4291,11.8421],[8.4386,11.8423],[8.4417,11.8471],[8.4457,11.8483],[8.4523,11.8455],[8.4545,11.8457],[8.4598,11.8563],[8.46,11.8604],[8.4574,11.8627],[8.456,11.8673],[8.4613,11.8701],[8.4633,11.8729],[8.4643,11.8776],[8.4587,11.8827],[8.4533,11.8833],[8.4539,11.8863],[8.4486,11.8902],[8.4453,11.8905],[8.4357,11.8879],[8.4345,11.8846],[8.4314,11.8838]]]},"properties":{"name":"KANWA","state":"19","code":"19/28/06"}},{"type":"Feature","geometry":{"type":"Polygon","coordinates":[[[8.4773,11.8771],[8.4728,11.8797],[8.4643,11.8776],[8.4633,11.8729],[8.4613,11.8701],[8.456,11.8673],[8.4574,11.8627],[8.46,11.8604],[8.4598,11.8563],[8.4545,11.8457],[8.4597,11.8446],[8.4603,11.8414],[8.4649,11.8397],[8.4692,11.8426],[8.4751,11.8407],[8.4861,11.8457],[8.4803,11.8558],[8.4808,11.8608],[8.4845,11.8701],[8.4825,11.8713],[8.4773,11.8771]]]},"properties":{"name":"KAURA MATA","state":"19","code":"19/28/07"}},{"type":"Feature","geometry":{"type":"Polygon","coordinates":[[[8.3793,11.7577],[8.3826,11.7647],[8.3837,11.7756],[8.3864,11.7796],[8.3875,11.7831],[8.3914,11.7871],[8.3979,11.795],[8.3999,11.7991],[8.4023,11.801],[8.4046,11.8049],[8.3989,11.8063],[8.3944,11.8087],[8.3921,11.807],[8.3851,11.8042],[8.3785,11.8022],[8.377,11.8062],[8.3778,11.8099],[8.3715,11.8128],[8.369,11.8152],[8.3655,11.8151],[8.3639,11.8172],[8.3152,11.7785],[8.3078,11.7726],[8.3119,11.7666],[8.311,11.7641],[8.308,11.7625],[8.3097,11.7573],[8.3151,11.7552],[8.3181,11.7531],[8.3257,11.7513],[8.329,11.7512],[8.3333,11.7527],[8.3363,11.7573],[8.3393,11.7584],[8.3475,11.7587],[8.3528,11.7544],[8.356,11.7528],[8.3598,11.7525],[8.3631,11.7493],[8.3702,11.7486],[8.3754,11.7516],[8.3766,11.7552],[8.3793,11.7577]]]},"properties":{"name":"KUBARACI","state":"19","code":"19/28/08"}},{"type":"Feature","geometry":{"type":"Polygon","coordinates":[[[8.4386,11.8423],[8.4291,11.8421],[8.4211,11.8442],[8.4164,11.8426],[8.4105,11.8418],[8.4073,11.8436],[8.4036,11.8488],[8.4167,11.8594],[8.4121,11.8663],[8.4092,11.8774],[8.4045,11.881],[8.4023,11.8839],[8.4029,11.8869],[8.4012,11.8906],[8.3945,11.8906],[8.3945,11.8927],[8.3863,11.8862],[8.3826,11.8825],[8.3823,11.8808],[8.3891,11.8761],[8.3918,11.8708],[8.394,11.8702],[8.3943,11.8629],[8.3883,11.8613],[8.3851,11.8631],[8.379,11.8616],[8.3772,11.8569],[8.3812,11.85],[8.3837,11.8492],[8.3849,11.8459],[8.3879,11.8457],[8.3925,11.8403],[8.3639,11.8172],[8.3655,11.8151],[8.369,11.8152],[8.3715,11.8128],[8.3778,11.8099],[8.377,11.8062],[8.3785,11.8022],[8.3851,11.8042],[8.3921,11.807],[8.3944,11.8087],[8.3989,11.8063],[8.4046,11.8049],[8.405,11.8089],[8.408,11.813],[8.4103,11.8207],[8.4146,11.8232],[8.4198,11.8242],[8.4243,11.8271],[8.4266,11.8269],[8.4282,11.8305],[8.43,11.8306],[8.4366,11.8369],[8.4386,11.8423]]]},"properties":{"name":"KWANKWASO","state":"19","code":"19/28/09"}},{"type":"Feature","geometry":{"type":"Polygon","coordinates":[[[8.2515,11.7882],[8.2545,11.7791],[8.2522,11.7728],[8.2536,11.7667],[8.2573,11.76],[8.2556,11.7541],[8.2616,11.751],[8.2649,11.7485],[8.2694,11.7483],[8.2747,11.7464],[8.3078,11.7726],[8.3152,11.7785],[8.3162,11.7838],[8.3194,11.7922],[8.3146,11.7948],[8.308,11.7919],[8.3066,11.7898],[8.3013,11.7864],[8.2975,11.7849],[8.2949,11.7876],[8.2892,11.7899],[8.2863,11.7958],[8.2812,11.7942],[8.2743,11.7864],[8.2714,11.7858],[8.2682,11.7895],[8.2615,11.7928],[8.2571,11.7888],[8.2515,11.7882]]]},"properties":{"name":"MADOBI","state":"19","code":"19/28/10"}},{"type":"Feature","geometry":{"type":"Polygon","coordinates":[[[8.2867,11.7212],[8.289,11.724],[8.3006,11.7208],[8.3054,11.7217],[8.3086,11.7236],[8.3167,11.7216],[8.3216,11.7224],[8.3257,11.7249],[8.3281,11.7279],[8.3316,11.7268],[8.3342,11.7276],[8.3386,11.7262],[8.3407,11.7273],[8.3425,11.7249],[8.346,11.7238],[8.3516,11.7264],[8.3604,11.7339],[8.3629,11.7349],[8.3668,11.7367],[8.3695,11.7415],[8.3722,11.7431],[8.3722,11.7458],[8.3702,11.7486],[8.3631,11.7493],[8.3598,11.7525],[8.356,11.7528],[8.3528,11.7544],[8.3475,11.7587],[8.3393,11.7584],[8.3363,11.7573],[8.3333,11.7527],[8.329,11.7512],[8.3257,11.7513],[8.3181,11.7531],[8.3151,11.7552],[8.3097,11.7573],[8.308,11.7625],[8.311,11.7641],[8.3119,11.7666],[8.3078,11.7726],[8.2747,11.7464],[8.2779,11.7455],[8.2773,11.7359],[8.2791,11.7334],[8.2846,11.7269],[8.2867,11.7212]]]},"properties":{"name":"RIKADAWA","state":"19","code":"19/28/11"}},{"type":"Feature","geometry":{"type":"Polygon","coordinates":[[[8.2791,11.7334],[8.2773,11.7359],[8.2779,11.7455],[8.2747,11.7464],[8.2694,11.7483],[8.2649,11.7485],[8.2616,11.751],[8.2556,11.7541],[8.2529,11.7498],[8.2469,11.7465],[8.2465,11.7402],[8.2412,11.7358],[8.2393,11.7332],[8.2408,11.7284],[8.2423,11.7272],[8.2486,11.7307],[8.2524,11.7376],[8.2554,11.7348],[8.2608,11.7259],[8.2629,11.7259],[8.2678,11.7232],[8.2713,11.7257],[8.2731,11.7285],[8.276,11.7302],[8.2791,11.7334]]]},"properties":{"name":"YAKUN","state":"19","code":"19/28/12"}},{"type":"Feature","geometry":{"type":"Polygon","coordinates":[[[8.5159,12.3868],[8.5161,12.3861],[8.5162,12.3791],[8.5153,12.3718],[8.5158,12.3691],[8.514,12.3666],[8.511,12.3666],[8.5084,12.3648],[8.5079,12.3612],[8.5089,12.3554],[8.5064,12.3525],[8.505,12.3485],[8.5058,12.3455],[8.5046,12.3409],[8.5017,12.3365],[8.4986,12.3348],[8.5007,12.3302],[8.5003,12.328],[8.5026,12.3237],[8.4969,12.3162],[8.4964,12.3116],[8.503,12.3116],[8.5104,12.3081],[8.514,12.3056],[8.5204,12.3029],[8.523,12.3043],[8.5253,12.3087],[8.5242,12.3152],[8.5264,12.3166],[8.538,12.3172],[8.5403,12.3188],[8.5415,12.3235],[8.5466,12.3245],[8.5488,12.3269],[8.5517,12.3273],[8.5555,12.3316],[8.5582,12.3372],[8.5585,12.3381],[8.5566,12.3441],[8.5506,12.3479],[8.546,12.3529],[8.5421,12.3588],[8.5381,12.3632],[8.5377,12.3661],[8.5337,12.3704],[8.5325,12.3767],[8.5295,12.3796],[8.5296,12.3819],[8.5275,12.3848],[8.5197,12.3885],[8.5159,12.3868]]]},"properties":{"name":"BABBAR RIGA","state":"19","code":"19/29/01"}},{"type":"Feature","geometry":{"type":"Polygon","coordinates":[[[8.4473,12.3229],[8.4475,12.3241],[8.4547,12.3281],[8.4561,12.3307],[8.4618,12.3335],[8.4648,12.3294],[8.4766,12.325],[8.4852,12.3159],[8.4922,12.3241],[8.4895,12.3277],[8.4923,12.3319],[8.4898,12.3365],[8.4856,12.3421],[8.4773,12.3505],[8.4784,12.3551],[8.4734,12.3536],[8.4632,12.3523],[8.4595,12.3514],[8.4535,12.3522],[8.449,12.355],[8.4435,12.3501],[8.4409,12.3467],[8.4363,12.345],[8.4355,12.3421],[8.4376,12.3389],[8.4365,12.3346],[8.4383,12.3337],[8.4349,12.3285],[8.4381,12.3248],[8.444,12.322],[8.4473,12.3229]]]},"properties":{"name":"DURMA","state":"19","code":"19/29/02"}},{"type":"Feature","geometry":{"type":"MultiPolygon","coordinates":[[[[8.5419,12.4862],[8.544,12.4915],[8.5479,12.4979],[8.5545,12.5152],[8.5556,12.5173],[8.5528,12.5196],[8.5478,12.5198],[8.5482,12.5239],[8.5512,12.5247],[8.5512,12.532],[8.5523,12.5349],[8.553,12.5408],[8.5543,12.5436],[8.5493,12.5488],[8.5426,12.5413],[8.5416,12.5393],[8.5373,12.5402],[8.5344,12.5395],[8.5316,12.5436],[8.5262,12.5424],[8.5218,12.5424],[8.5162,12.5505],[8.513,12.5506],[8.5056,12.547],[8.5007,12.5435],[8.4978,12.5428],[8.4937,12.5447],[8.4891,12.5416],[8.4869,12.5337],[8.4817,12.5275],[8.4807,12.5234],[8.4828,12.5167],[8.4814,12.5149],[8.4812,12.5099],[8.4886,12.503],[8.4875,12.5008],[8.4892,12.495],[8.4886,12.489],[8.4903,12.4868],[8.4963,12.4851],[8.5071,12.4863],[8.5234,12.4847],[8.535,12.4856],[8.5397,12.4854],[8.5419,12.4862]]],[[[8.4529,12.4364],[8.455,12.4333],[8.4507,12.4282],[8.449,12.4241],[8.445,12.4215],[8.4473,12.4147],[8.4524,12.4117],[8.4603,12.4016],[8.4662,12.3995],[8.4738,12.3953],[8.4821,12.3944],[8.4885,12.3962],[8.4914,12.4083],[8.4906,12.4102],[8.486,12.4136],[8.4861,12.4162],[8.4933,12.4217],[8.4921,12.4297],[8.4844,12.4491],[8.4794,12.4484],[8.4676,12.4437],[8.4608,12.4429],[8.4562,12.4396],[8.4529,12.4364]]]]},"properties":{"name":"JIBGA","state":"19","code":"19/29/03"}},{"type":"Feature","geometry":{"type":"Polygon","coordinates":[[[8.4847,12.5985],[8.4818,12.597],[8.4616,12.5883],[8.4584,12.5869],[8.449,12.5699],[8.4501,12.5684],[8.4488,12.5644],[8.4513,12.562],[8.4488,12.5577],[8.4437,12.5544],[8.4417,12.5497],[8.4421,12.5475],[8.4399,12.5454],[8.4332,12.5441],[8.4319,12.5394],[8.4392,12.5354],[8.4497,12.5321],[8.4504,12.5293],[8.4563,12.5203],[8.4583,12.523],[8.468,12.5242],[8.4714,12.5262],[8.476,12.5243],[8.4807,12.5234],[8.4817,12.5275],[8.4869,12.5337],[8.4891,12.5416],[8.4937,12.5447],[8.4978,12.5428],[8.5007,12.5435],[8.5056,12.547],[8.513,12.5506],[8.5162,12.5505],[8.5218,12.5424],[8.5262,12.5424],[8.5316,12.5436],[8.5344,12.5395],[8.5373,12.5402],[8.5416,12.5393],[8.5426,12.5413],[8.5493,12.5488],[8.5377,12.551],[8.5304,12.5538],[8.5277,12.5623],[8.5251,12.5641],[8.5237,12.5681],[8.5247,12.574],[8.5315,12.5772],[8.5352,12.5865],[8.5356,12.5909],[8.532,12.5904],[8.5249,12.5941],[8.5228,12.5962],[8.523,12.5987],[8.5077,12.5953],[8.496,12.5944],[8.4924,12.6019],[8.4847,12.5985]]]},"properties":{"name":"KADANDANI","state":"19","code":"19/29/04"}},{"type":"Feature","geometry":{"type":"Polygon","coordinates":[[[8.4435,12.3501],[8.449,12.355],[8.4517,12.3584],[8.455,12.3655],[8.4596,12.367],[8.4635,12.3703],[8.4703,12.374],[8.4766,12.3762],[8.475,12.3794],[8.4786,12.3853],[8.4822,12.3867],[8.487,12.3899],[8.4885,12.3962],[8.4821,12.3944],[8.4738,12.3953],[8.4662,12.3995],[8.4603,12.4016],[8.4524,12.4117],[8.4473,12.4147],[8.4435,12.4132],[8.4387,12.4126],[8.4319,12.4104],[8.427,12.4047],[8.4177,12.4133],[8.4097,12.4172],[8.4046,12.4142],[8.4028,12.4087],[8.4015,12.3998],[8.4064,12.3965],[8.4125,12.3904],[8.408,12.3828],[8.409,12.379],[8.4117,12.3741],[8.4173,12.3755],[8.4217,12.3747],[8.4246,12.3726],[8.4256,12.3652],[8.4312,12.3602],[8.4333,12.3563],[8.4334,12.3521],[8.4361,12.3506],[8.4435,12.3501]]]},"properties":{"name":"KOGUNA","state":"19","code":"19/29/05"}},{"type":"Feature","geometry":{"type":"Polygon","coordinates":[[[8.3836,12.4476],[8.3894,12.4458],[8.3914,12.4421],[8.397,12.4422],[8.4063,12.4444],[8.4114,12.4484],[8.4147,12.4436],[8.4158,12.4404],[8.4146,12.4376],[8.4171,12.4325],[8.428,12.4306],[8.4299,12.4317],[8.4337,12.4368],[8.4364,12.4379],[8.4411,12.4368],[8.4479,12.439],[8.4498,12.4403],[8.4467,12.4447],[8.4422,12.4524],[8.4376,12.457],[8.4358,12.461],[8.4362,12.4644],[8.4386,12.4707],[8.441,12.4744],[8.4444,12.4814],[8.4451,12.4885],[8.4437,12.4915],[8.4452,12.4963],[8.4479,12.502],[8.4452,12.51],[8.4469,12.5136],[8.4534,12.514],[8.4586,12.5137],[8.4563,12.5203],[8.4504,12.5293],[8.4497,12.5321],[8.4392,12.5354],[8.4319,12.5394],[8.4332,12.5366],[8.4313,12.5304],[8.4348,12.5275],[8.4333,12.5217],[8.4289,12.5191],[8.4296,12.5171],[8.433,12.5147],[8.4328,12.5132],[8.4281,12.5116],[8.4259,12.5068],[8.4263,12.5021],[8.4217,12.4941],[8.4163,12.4941],[8.4075,12.4833],[8.4045,12.4818],[8.4018,12.476],[8.3965,12.4733],[8.394,12.4717],[8.3874,12.4703],[8.3856,12.4631],[8.3846,12.4559],[8.3849,12.4503],[8.3836,12.4476]]]},"properties":{"name":"KOREN TATSO","state":"19","code":"19/29/06"}},{"type":"Feature","geometry":{"type":"Polygon","coordinates":[[[8.4784,12.3551],[8.4773,12.3505],[8.4856,12.3421],[8.4898,12.3365],[8.4923,12.3319],[8.4895,12.3277],[8.4922,12.3241],[8.4852,12.3159],[8.4964,12.3116],[8.4969,12.3162],[8.5026,12.3237],[8.5003,12.328],[8.5007,12.3302],[8.4986,12.3348],[8.5017,12.3365],[8.5046,12.3409],[8.5058,12.3455],[8.505,12.3485],[8.5064,12.3525],[8.5089,12.3554],[8.5079,12.3612],[8.5084,12.3648],[8.511,12.3666],[8.514,12.3666],[8.5158,12.3691],[8.5153,12.3718],[8.5162,12.3791],[8.5161,12.3861],[8.5102,12.3844],[8.5047,12.3853],[8.5033,12.3825],[8.5006,12.3818],[8.4991,12.3759],[8.4939,12.3742],[8.4911,12.3686],[8.4867,12.3623],[8.4809,12.3561],[8.4784,12.3551]]]},"properties":{"name":"MAITSIDAU","state":"19","code":"19/29/07"}},{"type":"Feature","geometry":{"type":"Polygon","coordinates":[[[8.3621,12.4346],[8.3616,12.4311],[8.3647,12.4282],[8.3786,12.4257],[8.3785,12.4223],[8.3742,12.4194],[8.371,12.4152],[8.3704,12.4057],[8.3712,12.4034],[8.3735,12.4013],[8.3802,12.3985],[8.3861,12.3967],[8.3918,12.3943],[8.4015,12.3998],[8.4028,12.4087],[8.4046,12.4142],[8.4097,12.4172],[8.4177,12.4133],[8.427,12.4047],[8.4319,12.4104],[8.4387,12.4126],[8.4435,12.4132],[8.4473,12.4147],[8.445,12.4215],[8.449,12.4241],[8.4507,12.4282],[8.455,12.4333],[8.4529,12.4364],[8.4498,12.4403],[8.4479,12.439],[8.4411,12.4368],[8.4364,12.4379],[8.4337,12.4368],[8.4299,12.4317],[8.428,12.4306],[8.4171,12.4325],[8.4146,12.4376],[8.4158,12.4404],[8.4147,12.4436],[8.4114,12.4484],[8.4063,12.4444],[8.397,12.4422],[8.3914,12.4421],[8.3894,12.4458],[8.3836,12.4476],[8.3795,12.4424],[8.3769,12.4356],[8.3716,12.435],[8.3672,12.4357],[8.3656,12.4317],[8.3621,12.4346]]]},"properties":{"name":"MAKODA","state":"19","code":"19/29/08"}},{"type":"Feature","geometry":{"type":"Polygon","coordinates":[[[8.5582,12.3372],[8.5555,12.3316],[8.5517,12.3273],[8.5488,12.3269],[8.5466,12.3245],[8.5415,12.3235],[8.5403,12.3188],[8.538,12.3172],[8.5264,12.3166],[8.5242,12.3152],[8.5253,12.3087],[8.523,12.3043],[8.5204,12.3029],[8.5208,12.2981],[8.519,12.294],[8.519,12.2898],[8.5167,12.286],[8.5236,12.2825],[8.5288,12.2852],[8.5442,12.2896],[8.547,12.294],[8.5538,12.3012],[8.5538,12.3033],[8.5594,12.3054],[8.5637,12.3006],[8.572,12.3032],[8.5737,12.2974],[8.573,12.2955],[8.5693,12.2918],[8.5681,12.2885],[8.5644,12.2845],[8.5558,12.28],[8.561,12.2785],[8.5645,12.2756],[8.5694,12.2669],[8.5735,12.2569],[8.5795,12.2531],[8.5808,12.25],[8.5869,12.2536],[8.592,12.2576],[8.5967,12.2587],[8.5938,12.2628],[8.5938,12.2675],[8.5921,12.2707],[8.5873,12.2748],[8.5871,12.279],[8.5914,12.2825],[8.5938,12.283],[8.5927,12.2876],[8.5899,12.2885],[8.5907,12.2921],[8.5869,12.2962],[8.5825,12.2989],[8.581,12.3088],[8.5822,12.3161],[8.5811,12.3185],[8.5779,12.3197],[8.5667,12.3214],[8.5659,12.3235],[8.5618,12.3262],[8.5607,12.3284],[8.5582,12.3372]]]},"properties":{"name":"SATAME","state":"19","code":"19/29/09"}},{"type":"Feature","geometry":{"type":"Polygon","coordinates":[[[8.486,12.2607],[8.4904,12.2561],[8.4929,12.2564],[8.4982,12.2589],[8.5031,12.2634],[8.5126,12.2644],[8.5133,12.2713],[8.515,12.2767],[8.5148,12.2848],[8.5167,12.286],[8.519,12.2898],[8.519,12.294],[8.5208,12.2981],[8.5204,12.3029],[8.514,12.3056],[8.5104,12.3081],[8.503,12.3116],[8.4964,12.3116],[8.4852,12.3159],[8.4766,12.325],[8.4648,12.3294],[8.4618,12.3335],[8.4561,12.3307],[8.4547,12.3281],[8.4475,12.3241],[8.4473,12.3229],[8.4491,12.3205],[8.4508,12.3086],[8.4572,12.3084],[8.461,12.3098],[8.4638,12.3094],[8.4719,12.3059],[8.4722,12.3006],[8.478,12.2986],[8.4821,12.294],[8.474,12.2874],[8.4763,12.2829],[8.4771,12.2786],[8.4751,12.2748],[8.4772,12.2693],[8.4835,12.2663],[8.486,12.2607]]]},"properties":{"name":"TANGAJI","state":"19","code":"19/29/10"}},{"type":"Feature","geometry":{"type":"Polygon","coordinates":[[[8.5125,12.2537],[8.5166,12.2521],[8.5244,12.2519],[8.5316,12.2533],[8.5386,12.2565],[8.5444,12.2641],[8.5457,12.2707],[8.5455,12.2766],[8.5491,12.2794],[8.5558,12.28],[8.5644,12.2845],[8.5681,12.2885],[8.5693,12.2918],[8.573,12.2955],[8.5737,12.2974],[8.572,12.3032],[8.5637,12.3006],[8.5594,12.3054],[8.5538,12.3033],[8.5538,12.3012],[8.547,12.294],[8.5442,12.2896],[8.5288,12.2852],[8.5236,12.2825],[8.5167,12.286],[8.5148,12.2848],[8.515,12.2767],[8.5133,12.2713],[8.5126,12.2644],[8.5116,12.2591],[8.5125,12.2537]]]},"properties":{"name":"WAILARE","state":"19","code":"19/29/11"}},{"type":"Feature","geometry":{"type":"Polygon","coordinates":[[[8.6444,12.1362],[8.6396,12.1423],[8.6314,12.1432],[8.6265,12.1387],[8.626,12.135],[8.6244,12.1333],[8.6203,12.1361],[8.619,12.1382],[8.6158,12.1385],[8.611,12.1411],[8.6109,12.1429],[8.6041,12.1473],[8.5994,12.1456],[8.5793,12.1371],[8.5816,12.1347],[8.578,12.1315],[8.5757,12.127],[8.5712,12.125],[8.5714,12.1224],[8.5679,12.1206],[8.5646,12.1171],[8.5682,12.1154],[8.5678,12.1104],[8.5699,12.1091],[8.5724,12.1032],[8.58,12.0958],[8.5837,12.0973],[8.5841,12.0949],[8.5881,12.0912],[8.5907,12.0931],[8.5953,12.0937],[8.5982,12.0957],[8.6021,12.0963],[8.6085,12.0952],[8.6123,12.0928],[8.6164,12.0922],[8.6273,12.0976],[8.6316,12.1004],[8.6334,12.1026],[8.6364,12.1032],[8.6393,12.1023],[8.6416,12.1072],[8.6463,12.1106],[8.6502,12.1125],[8.6505,12.1155],[8.6502,12.1197],[8.6428,12.1208],[8.6393,12.1225],[8.636,12.1269],[8.6376,12.1337],[8.6444,12.1362]]]},"properties":{"name":"AZORE","state":"19","code":"19/30/01"}},{"type":"Feature","geometry":{"type":"Polygon","coordinates":[[[8.657,12.1371],[8.6519,12.1398],[8.6524,12.1484],[8.6476,12.155],[8.6476,12.1576],[8.6441,12.1597],[8.6433,12.1634],[8.6432,12.1698],[8.6414,12.1739],[8.6347,12.1747],[8.6263,12.1812],[8.6266,12.1838],[8.6202,12.1856],[8.6119,12.1886],[8.6111,12.1881],[8.6038,12.1837],[8.5997,12.169],[8.5962,12.1686],[8.593,12.1662],[8.5898,12.1609],[8.5876,12.1594],[8.5867,12.1519],[8.5841,12.1499],[8.5797,12.1487],[8.5772,12.1441],[8.5793,12.1371],[8.5994,12.1456],[8.6041,12.1473],[8.6109,12.1429],[8.611,12.1411],[8.6158,12.1385],[8.619,12.1382],[8.6203,12.1361],[8.6244,12.1333],[8.626,12.135],[8.6265,12.1387],[8.6314,12.1432],[8.6396,12.1423],[8.6444,12.1362],[8.6468,12.1348],[8.6507,12.1349],[8.657,12.1371]]]},"properties":{"name":"GANDURWAWA","state":"19","code":"19/30/02"}},{"type":"Feature","geometry":{"type":"Polygon","coordinates":[[[8.6111,12.1881],[8.6105,12.1892],[8.5991,12.1932],[8.6012,12.1963],[8.5949,12.2013],[8.5961,12.2046],[8.6002,12.2093],[8.6037,12.2119],[8.6048,12.2148],[8.6029,12.2205],[8.5961,12.2194],[8.5923,12.2198],[8.59,12.2238],[8.5812,12.2251],[8.5782,12.2283],[8.5805,12.2306],[8.5809,12.2341],[8.5776,12.2372],[8.5729,12.2356],[8.5731,12.2231],[8.5746,12.2202],[8.5782,12.2202],[8.5808,12.2161],[8.5791,12.2122],[8.5746,12.2111],[8.571,12.2143],[8.5674,12.2125],[8.5692,12.2081],[8.5675,12.2054],[8.563,12.2085],[8.5545,12.2064],[8.5539,12.2015],[8.5549,12.1923],[8.5566,12.1903],[8.5621,12.1882],[8.5612,12.1814],[8.5587,12.1784],[8.5589,12.1756],[8.5561,12.1685],[8.5631,12.1619],[8.5671,12.1622],[8.5736,12.1669],[8.5787,12.1647],[8.5861,12.1588],[8.5876,12.1594],[8.5898,12.1609],[8.593,12.1662],[8.5962,12.1686],[8.5997,12.169],[8.6038,12.1837],[8.6111,12.1881]]]},"properties":{"name":"KANTAMA","state":"19","code":"19/30/03"}},{"type":"Feature","geometry":{"type":"Polygon","coordinates":[[[8.4757,12.2248],[8.4788,12.2236],[8.4825,12.2182],[8.4863,12.2167],[8.494,12.2166],[8.4983,12.2123],[8.4984,12.207],[8.5029,12.2079],[8.5087,12.2126],[8.5183,12.2133],[8.5204,12.2108],[8.521,12.2073],[8.5233,12.2047],[8.5245,12.2024],[8.5326,12.2034],[8.5347,12.2071],[8.5413,12.2122],[8.5466,12.2131],[8.5545,12.2064],[8.563,12.2085],[8.5675,12.2054],[8.5692,12.2081],[8.5674,12.2125],[8.571,12.2143],[8.5746,12.2111],[8.5791,12.2122],[8.5808,12.2161],[8.5782,12.2202],[8.5746,12.2202],[8.5731,12.2231],[8.5729,12.2356],[8.5776,12.2372],[8.5797,12.238],[8.5815,12.2432],[8.5818,12.2487],[8.5808,12.25],[8.5795,12.2531],[8.5735,12.2569],[8.5694,12.2669],[8.5645,12.2756],[8.561,12.2785],[8.5558,12.28],[8.5491,12.2794],[8.5455,12.2766],[8.5457,12.2707],[8.5444,12.2641],[8.5386,12.2565],[8.5316,12.2533],[8.5244,12.2519],[8.5166,12.2521],[8.5125,12.2537],[8.5129,12.249],[8.5103,12.2461],[8.5018,12.2419],[8.4991,12.2393],[8.4962,12.2402],[8.4894,12.2358],[8.4883,12.2286],[8.4848,12.2272],[8.4803,12.2298],[8.4757,12.2248]]]},"properties":{"name":"KUNYA","state":"19","code":"19/30/04"}},{"type":"Feature","geometry":{"type":"Polygon","coordinates":[[[8.4933,12.1669],[8.4955,12.164],[8.499,12.163],[8.5034,12.1633],[8.5065,12.16],[8.505,12.1505],[8.5065,12.1491],[8.5071,12.1432],[8.5036,12.141],[8.5043,12.1367],[8.5027,12.1312],[8.5082,12.1311],[8.5128,12.133],[8.5177,12.1319],[8.52,12.133],[8.5239,12.1304],[8.5285,12.1356],[8.5331,12.1349],[8.5368,12.1365],[8.5335,12.1386],[8.533,12.1445],[8.5292,12.1481],[8.5254,12.1474],[8.5225,12.151],[8.5258,12.1587],[8.5306,12.162],[8.5333,12.161],[8.5344,12.1636],[8.54,12.1682],[8.543,12.1664],[8.5524,12.1671],[8.5561,12.1685],[8.5589,12.1756],[8.5587,12.1784],[8.5612,12.1814],[8.5621,12.1882],[8.5566,12.1903],[8.5549,12.1923],[8.5539,12.2015],[8.5545,12.2064],[8.5466,12.2131],[8.5413,12.2122],[8.5347,12.2071],[8.5326,12.2034],[8.5245,12.2024],[8.5233,12.2047],[8.507,12.2007],[8.4986,12.1961],[8.4968,12.1933],[8.4961,12.186],[8.4979,12.181],[8.4994,12.1741],[8.4936,12.1691],[8.4933,12.1669]]]},"properties":{"name":"KURU","state":"19","code":"19/30/05"}},{"type":"Feature","geometry":{"type":"Polygon","coordinates":[[[8.5967,12.2587],[8.592,12.2576],[8.5869,12.2536],[8.5808,12.25],[8.5818,12.2487],[8.5815,12.2432],[8.5797,12.238],[8.5776,12.2372],[8.5809,12.2341],[8.5805,12.2306],[8.5782,12.2283],[8.5812,12.2251],[8.59,12.2238],[8.5923,12.2198],[8.5961,12.2194],[8.6029,12.2205],[8.6091,12.2261],[8.6119,12.2317],[8.6103,12.2329],[8.612,12.2368],[8.6209,12.2335],[8.625,12.2325],[8.6304,12.2285],[8.6314,12.2265],[8.6353,12.2249],[8.638,12.222],[8.6445,12.217],[8.6465,12.2116],[8.6491,12.2085],[8.6544,12.2147],[8.6552,12.2178],[8.6578,12.2207],[8.6694,12.2227],[8.6668,12.2292],[8.6654,12.2348],[8.6629,12.2363],[8.658,12.2374],[8.6585,12.2399],[8.6574,12.2473],[8.6524,12.2513],[8.6516,12.264],[8.6432,12.2668],[8.6369,12.2672],[8.6326,12.2651],[8.6318,12.2587],[8.6282,12.2551],[8.6238,12.2556],[8.6197,12.2545],[8.6141,12.2586],[8.6121,12.2588],[8.6071,12.2541],[8.6,12.2586],[8.5967,12.2587]]]},"properties":{"name":"KWARKIYA","state":"19","code":"19/30/06"}},{"type":"Feature","geometry":{"type":"Polygon","coordinates":[[[8.6524,12.1484],[8.6606,12.149],[8.6641,12.1524],[8.6634,12.1549],[8.6642,12.1601],[8.6667,12.1627],[8.6698,12.1641],[8.6719,12.1631],[8.6781,12.1641],[8.6798,12.168],[8.687,12.174],[8.6844,12.1805],[8.6881,12.1917],[8.681,12.1918],[8.6744,12.1931],[8.6748,12.2013],[8.677,12.2083],[8.6724,12.2095],[8.6639,12.2092],[8.6553,12.2065],[8.646,12.198],[8.642,12.1936],[8.639,12.1932],[8.6329,12.1888],[8.629,12.185],[8.6266,12.1838],[8.6263,12.1812],[8.6347,12.1747],[8.6414,12.1739],[8.6432,12.1698],[8.6433,12.1634],[8.6441,12.1597],[8.6476,12.1576],[8.6476,12.155],[8.6524,12.1484]]]},"properties":{"name":"MINJIBIR","state":"19","code":"19/30/07"}},{"type":"Feature","geometry":{"type":"Polygon","coordinates":[[[8.6629,12.2788],[8.6626,12.2694],[8.6608,12.2662],[8.6531,12.2657],[8.6516,12.264],[8.6524,12.2513],[8.6574,12.2473],[8.6585,12.2399],[8.658,12.2374],[8.6629,12.2363],[8.6654,12.2348],[8.6691,12.2363],[8.6747,12.2375],[8.6765,12.241],[8.6813,12.2454],[8.6885,12.2445],[8.6892,12.2481],[8.6912,12.2489],[8.6949,12.2446],[8.6983,12.2457],[8.703,12.2416],[8.7057,12.2322],[8.7069,12.2343],[8.7129,12.2377],[8.7153,12.2377],[8.7149,12.2419],[8.717,12.248],[8.7169,12.2556],[8.7223,12.2547],[8.7237,12.2533],[8.7303,12.2527],[8.7302,12.2616],[8.7314,12.2657],[8.7255,12.2639],[8.7236,12.2657],[8.7213,12.2646],[8.7128,12.2626],[8.7061,12.262],[8.7012,12.2627],[8.6989,12.2717],[8.7037,12.2748],[8.7061,12.2794],[8.7064,12.284],[8.7039,12.2846],[8.6957,12.2901],[8.6927,12.2976],[8.6896,12.2999],[8.6863,12.2987],[8.6812,12.3],[8.677,12.305],[8.6743,12.3058],[8.6651,12.2987],[8.6667,12.2954],[8.6659,12.2911],[8.6676,12.2855],[8.67,12.2811],[8.6664,12.2791],[8.6629,12.2788]]]},"properties":{"name":"SARBI","state":"19","code":"19/30/08"}},{"type":"Feature","geometry":{"type":"Polygon","coordinates":[[[8.5793,12.1371],[8.5772,12.1441],[8.5797,12.1487],[8.5841,12.1499],[8.5867,12.1519],[8.5876,12.1594],[8.5861,12.1588],[8.5787,12.1647],[8.5736,12.1669],[8.5671,12.1622],[8.5631,12.1619],[8.5561,12.1685],[8.5524,12.1671],[8.543,12.1664],[8.54,12.1682],[8.5344,12.1636],[8.5333,12.161],[8.5306,12.162],[8.5258,12.1587],[8.5225,12.151],[8.5254,12.1474],[8.5292,12.1481],[8.533,12.1445],[8.5335,12.1386],[8.5368,12.1365],[8.5415,12.1369],[8.5465,12.1312],[8.551,12.1307],[8.5524,12.1286],[8.5553,12.1278],[8.5576,12.1223],[8.5629,12.1203],[8.5646,12.1171],[8.5679,12.1206],[8.5714,12.1224],[8.5712,12.125],[8.5757,12.127],[8.578,12.1315],[8.5816,12.1347],[8.5793,12.1371]]]},"properties":{"name":"TSAKIYA","state":"19","code":"19/30/09"}},{"type":"Feature","geometry":{"type":"Polygon","coordinates":[[[8.6266,12.1838],[8.629,12.185],[8.6329,12.1888],[8.639,12.1932],[8.642,12.1936],[8.646,12.198],[8.6553,12.2065],[8.6639,12.2092],[8.6724,12.2095],[8.677,12.2083],[8.6769,12.2121],[8.6788,12.2169],[8.6794,12.2217],[8.6811,12.2262],[8.6853,12.2296],[8.6921,12.2328],[8.6946,12.2326],[8.6962,12.2291],[8.7,12.2267],[8.7057,12.2322],[8.703,12.2416],[8.6983,12.2457],[8.6949,12.2446],[8.6912,12.2489],[8.6892,12.2481],[8.6885,12.2445],[8.6813,12.2454],[8.6765,12.241],[8.6747,12.2375],[8.6691,12.2363],[8.6654,12.2348],[8.6668,12.2292],[8.6694,12.2227],[8.6578,12.2207],[8.6552,12.2178],[8.6544,12.2147],[8.6491,12.2085],[8.6465,12.2116],[8.6445,12.217],[8.638,12.222],[8.6353,12.2249],[8.6314,12.2265],[8.6304,12.2285],[8.625,12.2325],[8.6209,12.2335],[8.612,12.2368],[8.6103,12.2329],[8.6119,12.2317],[8.6091,12.2261],[8.6029,12.2205],[8.6048,12.2148],[8.6037,12.2119],[8.6002,12.2093],[8.5961,12.2046],[8.5949,12.2013],[8.6012,12.1963],[8.5991,12.1932],[8.6105,12.1892],[8.6111,12.1881],[8.6119,12.1886],[8.6202,12.1856],[8.6266,12.1838]]]},"properties":{"name":"TSAKUWA","state":"19","code":"19/30/10"}},{"type":"Feature","geometry":{"type":"Polygon","coordinates":[[[8.7153,12.2377],[8.7129,12.2377],[8.7069,12.2343],[8.7057,12.2322],[8.7,12.2267],[8.6962,12.2291],[8.6946,12.2326],[8.6921,12.2328],[8.6853,12.2296],[8.6811,12.2262],[8.6794,12.2217],[8.6788,12.2169],[8.6769,12.2121],[8.677,12.2083],[8.6748,12.2013],[8.6744,12.1931],[8.681,12.1918],[8.6881,12.1917],[8.6844,12.1805],[8.687,12.174],[8.6798,12.168],[8.6781,12.1641],[8.6719,12.1631],[8.6698,12.1641],[8.6667,12.1627],[8.6642,12.1601],[8.6634,12.1549],[8.6641,12.1524],[8.6606,12.149],[8.6524,12.1484],[8.6519,12.1398],[8.657,12.1371],[8.6619,12.1341],[8.6684,12.1321],[8.6693,12.1304],[8.6741,12.1312],[8.6789,12.1333],[8.6836,12.1343],[8.6853,12.1377],[8.6897,12.1378],[8.6919,12.1402],[8.7009,12.1418],[8.7042,12.1442],[8.7092,12.1461],[8.7129,12.1511],[8.7144,12.1553],[8.715,12.16],[8.7186,12.1599],[8.7199,12.1633],[8.7188,12.1679],[8.7204,12.1702],[8.7234,12.1703],[8.7254,12.1781],[8.7232,12.1828],[8.728,12.1842],[8.7288,12.1872],[8.7317,12.1876],[8.7301,12.1937],[8.7312,12.1957],[8.7278,12.1965],[8.7234,12.1997],[8.7226,12.2017],[8.7121,12.2121],[8.7157,12.2182],[8.7194,12.2281],[8.7163,12.2323],[8.7153,12.2377]]]},"properties":{"name":"WASAI","state":"19","code":"19/30/11"}},{"type":"Feature","geometry":{"type":"Polygon","coordinates":[[[8.5795,12.0218],[8.5789,12.0262],[8.5885,12.0305],[8.5899,12.0343],[8.5882,12.0374],[8.5858,12.0389],[8.5786,12.0366],[8.579,12.0324],[8.5775,12.0255],[8.5739,12.0235],[8.5738,12.0216],[8.5674,12.0233],[8.5654,12.027],[8.5616,12.0283],[8.559,12.0205],[8.5641,12.0206],[8.5657,12.0165],[8.5634,12.0161],[8.5638,12.013],[8.5828,12.0164],[8.5795,12.0218]]]},"properties":{"name":"DAKATA","state":"19","code":"19/31/01"}},{"type":"Feature","geometry":{"type":"Polygon","coordinates":[[[8.5616,12.0283],[8.5613,12.0327],[8.5608,12.0366],[8.5586,12.0404],[8.5576,12.0406],[8.5573,12.0382],[8.5541,12.0364],[8.5465,12.0349],[8.5464,12.0332],[8.5489,12.0279],[8.5545,12.0289],[8.5587,12.0313],[8.5591,12.0277],[8.5616,12.0283]]]},"properties":{"name":"GAMA","state":"19","code":"19/31/02"}},{"type":"Feature","geometry":{"type":"Polygon","coordinates":[[[8.5445,12.02],[8.5516,12.0199],[8.5521,12.0261],[8.5556,12.0276],[8.5591,12.0277],[8.5587,12.0313],[8.5545,12.0289],[8.5489,12.0279],[8.5464,12.0332],[8.5459,12.0261],[8.543,12.0247],[8.5445,12.02]]]},"properties":{"name":"GAWUNA","state":"19","code":"19/31/03"}},{"type":"Feature","geometry":{"type":"Polygon","coordinates":[[[8.543,12.0247],[8.5459,12.0261],[8.5464,12.0332],[8.5465,12.0349],[8.5392,12.0295],[8.5413,12.0265],[8.543,12.0247]]]},"properties":{"name":"GWAGWARWA","state":"19","code":"19/31/04"}},{"type":"Feature","geometry":{"type":"Polygon","coordinates":[[[8.5339,11.9934],[8.532,11.9904],[8.5333,11.9899],[8.5428,11.9867],[8.5485,11.9869],[8.5514,11.9858],[8.5648,11.9775],[8.5653,11.9767],[8.5701,11.9735],[8.5745,11.976],[8.5809,11.9801],[8.581,11.984],[8.5832,11.9902],[8.582,11.9948],[8.586,11.998],[8.5864,12.0054],[8.5648,12.0042],[8.565,12.0067],[8.5596,12.0064],[8.5567,12.0076],[8.55,12.0083],[8.5468,12.0054],[8.5435,12.0042],[8.5424,11.9995],[8.5445,11.9939],[8.5351,11.9912],[8.5339,11.9934]]]},"properties":{"name":"GIGINYU","state":"19","code":"19/31/05"}},{"type":"Feature","geometry":{"type":"Polygon","coordinates":[[[8.6008,11.999],[8.6003,12.0023],[8.5983,12.0029],[8.5976,12.006],[8.598,12.0115],[8.5926,12.0107],[8.5872,12.0111],[8.5864,12.0054],[8.586,11.998],[8.582,11.9948],[8.5832,11.9902],[8.581,11.984],[8.5809,11.9801],[8.5745,11.976],[8.5805,11.9743],[8.5859,11.9737],[8.5988,11.9704],[8.6031,11.9782],[8.6039,11.9813],[8.6039,11.9875],[8.6006,11.9964],[8.6008,11.999]]]},"properties":{"name":"HOTORO NORTH","state":"19","code":"19/31/06"}},{"type":"Feature","geometry":{"type":"Polygon","coordinates":[[[8.5988,11.9704],[8.5859,11.9737],[8.5805,11.9743],[8.5745,11.976],[8.5701,11.9735],[8.5803,11.9667],[8.5862,11.9639],[8.5925,11.963],[8.5955,11.9619],[8.5954,11.964],[8.5988,11.9704]]]},"properties":{"name":"HOTORO SOUTH","state":"19","code":"19/31/07"}},{"type":"Feature","geometry":{"type":"Polygon","coordinates":[[[8.6039,12.0257],[8.587,12.0236],[8.5795,12.0218],[8.5828,12.0164],[8.5638,12.013],[8.5603,12.0117],[8.5596,12.0064],[8.565,12.0067],[8.5648,12.0042],[8.5864,12.0054],[8.5872,12.0111],[8.5926,12.0107],[8.598,12.0115],[8.5976,12.006],[8.5983,12.0029],[8.6003,12.0023],[8.6008,11.999],[8.6058,11.9975],[8.6129,11.9965],[8.6129,12],[8.6219,11.9997],[8.6218,12.0033],[8.6143,12.0047],[8.6138,12.0131],[8.6045,12.0123],[8.6045,12.0166],[8.6028,12.02],[8.6053,12.0219],[8.6039,12.0257]]]},"properties":{"name":"KAWAJI","state":"19","code":"19/31/08"}},{"type":"Feature","geometry":{"type":"Polygon","coordinates":[[[8.5361,12.0345],[8.5392,12.0295],[8.5465,12.0349],[8.5541,12.0364],[8.5573,12.0382],[8.5576,12.0406],[8.5575,12.0428],[8.5549,12.0466],[8.556,12.0485],[8.5534,12.0528],[8.5511,12.053],[8.5479,12.0513],[8.5455,12.0471],[8.5449,12.0439],[8.5419,12.0398],[8.5361,12.0345]]]},"properties":{"name":"KAURA GOJE","state":"19","code":"19/31/09"}},{"type":"Feature","geometry":{"type":"Polygon","coordinates":[[[8.5786,12.0366],[8.5734,12.0421],[8.5698,12.0388],[8.5613,12.0327],[8.5616,12.0283],[8.5654,12.027],[8.5674,12.0233],[8.5738,12.0216],[8.5739,12.0235],[8.5775,12.0255],[8.579,12.0324],[8.5786,12.0366]]]},"properties":{"name":"TUDUN MURTALA","state":"19","code":"19/31/10"}},{"type":"Feature","geometry":{"type":"Polygon","coordinates":[[[8.5435,12.0042],[8.5468,12.0054],[8.55,12.0083],[8.5567,12.0076],[8.5596,12.0064],[8.5603,12.0117],[8.5638,12.013],[8.5634,12.0161],[8.5657,12.0165],[8.5641,12.0206],[8.559,12.0205],[8.5616,12.0283],[8.5591,12.0277],[8.5556,12.0276],[8.5521,12.0261],[8.5516,12.0199],[8.5445,12.02],[8.5426,12.0094],[8.5419,12.0045],[8.5435,12.0042]]]},"properties":{"name":"TUDUN WADA","state":"19","code":"19/31/11"}},{"type":"Feature","geometry":{"type":"Polygon","coordinates":[[[8.5706,11.5693],[8.5664,11.5685],[8.5592,11.5638],[8.5535,11.5696],[8.55,11.569],[8.5461,11.5668],[8.5433,11.5631],[8.5424,11.5583],[8.546,11.5547],[8.545,11.5489],[8.5423,11.546],[8.5368,11.5501],[8.5351,11.55],[8.5349,11.5443],[8.5357,11.5407],[8.5399,11.5431],[8.5429,11.5412],[8.5447,11.5376],[8.5494,11.5358],[8.5529,11.5319],[8.5587,11.5313],[8.5668,11.532],[8.5707,11.5328],[8.5763,11.532],[8.5853,11.5327],[8.5898,11.5405],[8.5917,11.542],[8.5905,11.5438],[8.5848,11.5481],[8.5828,11.5519],[8.5792,11.5532],[8.5798,11.5567],[8.5732,11.5635],[8.5706,11.5693]]]},"properties":{"name":"DAWAKI","state":"19","code":"19/32/01"}},{"type":"Feature","geometry":{"type":"Polygon","coordinates":[[[8.6304,11.4547],[8.6309,11.4588],[8.629,11.4597],[8.6259,11.4662],[8.6272,11.471],[8.6261,11.4756],[8.6223,11.4744],[8.6175,11.4745],[8.6164,11.4764],[8.6105,11.4778],[8.6117,11.4841],[8.6177,11.4836],[8.6247,11.4888],[8.6255,11.4912],[8.6239,11.4943],[8.6214,11.4962],[8.6196,11.5031],[8.6139,11.5036],[8.6125,11.5023],[8.6045,11.5004],[8.6019,11.5087],[8.603,11.5169],[8.6061,11.5196],[8.6119,11.5195],[8.6127,11.5244],[8.6143,11.5278],[8.6144,11.5321],[8.6125,11.5364],[8.6167,11.5386],[8.6174,11.541],[8.6169,11.5461],[8.6235,11.5495],[8.6254,11.5522],[8.6275,11.5499],[8.6315,11.5503],[8.6355,11.5404],[8.6419,11.5416],[8.6436,11.5458],[8.6434,11.5548],[8.6464,11.5614],[8.6429,11.5644],[8.6442,11.5672],[8.6423,11.5714],[8.6434,11.5753],[8.6379,11.5841],[8.6351,11.5865],[8.6289,11.5805],[8.6255,11.5781],[8.616,11.5749],[8.6163,11.5687],[8.6181,11.563],[8.6111,11.5588],[8.5997,11.5448],[8.5952,11.5447],[8.5917,11.542],[8.5898,11.5405],[8.5853,11.5327],[8.5819,11.5294],[8.5835,11.5277],[8.5837,11.5201],[8.5823,11.5161],[8.5831,11.5132],[8.5859,11.5116],[8.5878,11.5086],[8.5873,11.5062],[8.5828,11.5059],[8.5799,11.5041],[8.5792,11.5019],[8.5847,11.5013],[8.5877,11.4976],[8.5896,11.4984],[8.5922,11.4949],[8.5942,11.4904],[8.5969,11.4886],[8.6041,11.4801],[8.6052,11.4763],[8.6082,11.4702],[8.6135,11.4636],[8.6191,11.4554],[8.6213,11.4535],[8.6241,11.4538],[8.6283,11.4522],[8.6304,11.4547]]]},"properties":{"name":"LAUSU","state":"19","code":"19/32/02"}},{"type":"Feature","geometry":{"type":"Polygon","coordinates":[[[8.6243,11.632],[8.6188,11.628],[8.6135,11.6282],[8.612,11.63],[8.6032,11.6336],[8.6008,11.6323],[8.595,11.6318],[8.5899,11.6305],[8.5895,11.6264],[8.5903,11.6191],[8.5888,11.6131],[8.5886,11.6079],[8.59,11.6065],[8.5915,11.601],[8.5852,11.5902],[8.589,11.5902],[8.5935,11.5885],[8.5955,11.5831],[8.5984,11.5791],[8.6023,11.5781],[8.601,11.5694],[8.6064,11.5721],[8.616,11.5749],[8.6255,11.5781],[8.6289,11.5805],[8.6351,11.5865],[8.6399,11.5885],[8.6384,11.5923],[8.6393,11.5993],[8.6419,11.6025],[8.6461,11.6034],[8.6514,11.6077],[8.6502,11.6104],[8.6541,11.6129],[8.6546,11.6167],[8.6611,11.6195],[8.666,11.6225],[8.6665,11.625],[8.6727,11.6329],[8.6658,11.6367],[8.6563,11.6386],[8.6529,11.631],[8.6515,11.6298],[8.6468,11.6309],[8.6458,11.6326],[8.6421,11.6327],[8.6391,11.6342],[8.6358,11.634],[8.6302,11.6356],[8.6243,11.632]]]},"properties":{"name":"MADACHI","state":"19","code":"19/32/03"}},{"type":"Feature","geometry":{"type":"Polygon","coordinates":[[[8.5917,11.542],[8.5952,11.5447],[8.5997,11.5448],[8.6111,11.5588],[8.6181,11.563],[8.6163,11.5687],[8.616,11.5749],[8.6064,11.5721],[8.601,11.5694],[8.6006,11.5678],[8.5962,11.5636],[8.5895,11.5658],[8.5858,11.571],[8.5817,11.5719],[8.5731,11.5704],[8.5706,11.5693],[8.5732,11.5635],[8.5798,11.5567],[8.5792,11.5532],[8.5828,11.5519],[8.5848,11.5481],[8.5905,11.5438],[8.5917,11.542]]]},"properties":{"name":"RANO","state":"19","code":"19/32/04"}},{"type":"Feature","geometry":{"type":"Polygon","coordinates":[[[8.4168,11.532],[8.4219,11.526],[8.4234,11.5256],[8.4286,11.5191],[8.4289,11.5165],[8.426,11.5105],[8.4261,11.5053],[8.4278,11.5031],[8.4305,11.5044],[8.4349,11.5038],[8.4385,11.4985],[8.4422,11.4978],[8.4436,11.4948],[8.4498,11.4928],[8.4512,11.4905],[8.4537,11.4915],[8.4573,11.4907],[8.4617,11.4874],[8.4633,11.483],[8.467,11.4811],[8.4702,11.4776],[8.4855,11.4649],[8.4862,11.455],[8.4798,11.4501],[8.4788,11.4472],[8.4817,11.4405],[8.4817,11.4374],[8.4763,11.4339],[8.4742,11.4302],[8.4762,11.4252],[8.477,11.421],[8.4831,11.4175],[8.4821,11.4154],[8.4816,11.4098],[8.4851,11.4077],[8.4882,11.4043],[8.4922,11.4036],[8.4927,11.4116],[8.4903,11.4151],[8.4939,11.4232],[8.4966,11.4277],[8.5,11.4285],[8.503,11.4336],[8.5065,11.4377],[8.5048,11.44],[8.5048,11.4442],[8.5061,11.4483],[8.5029,11.4499],[8.5021,11.4524],[8.5067,11.4591],[8.5075,11.4618],[8.5019,11.4651],[8.4998,11.4653],[8.4935,11.4762],[8.4871,11.486],[8.4827,11.4987],[8.4762,11.5113],[8.4748,11.5128],[8.4752,11.5183],[8.4771,11.5277],[8.4812,11.5284],[8.4845,11.5278],[8.4882,11.5233],[8.4927,11.5335],[8.4943,11.5327],[8.4992,11.5337],[8.5029,11.5323],[8.5049,11.5376],[8.502,11.5437],[8.5052,11.5464],[8.5088,11.5429],[8.513,11.5435],[8.5134,11.5469],[8.5169,11.5486],[8.516,11.5508],[8.5242,11.5535],[8.522,11.559],[8.5151,11.5617],[8.517,11.57],[8.5112,11.5699],[8.506,11.5674],[8.5088,11.5655],[8.5048,11.5604],[8.501,11.5592],[8.4967,11.5597],[8.4923,11.5622],[8.4859,11.5645],[8.4807,11.5625],[8.4799,11.5584],[8.4761,11.5578],[8.4728,11.5558],[8.4692,11.5553],[8.4671,11.5536],[8.463,11.5525],[8.4586,11.5485],[8.46,11.5587],[8.4577,11.5598],[8.4536,11.5573],[8.4508,11.5547],[8.4487,11.5568],[8.4446,11.5581],[8.4425,11.5601],[8.4386,11.5574],[8.4365,11.5576],[8.4369,11.5632],[8.4352,11.5682],[8.4325,11.57],[8.4289,11.5629],[8.4267,11.5622],[8.4256,11.5492],[8.4247,11.5448],[8.4213,11.5417],[8.4175,11.5397],[8.4168,11.532]]]},"properties":{"name":"RURUM SABON-GARI","state":"19","code":"19/32/05"}},{"type":"Feature","geometry":{"type":"Polygon","coordinates":[[[8.3997,11.4097],[8.404,11.4091],[8.4088,11.4071],[8.4129,11.4068],[8.4226,11.4033],[8.4253,11.4016],[8.4255,11.3992],[8.4298,11.3986],[8.4333,11.3934],[8.436,11.3931],[8.4426,11.3903],[8.4481,11.3904],[8.4516,11.387],[8.4552,11.3861],[8.4612,11.3818],[8.4673,11.3801],[8.4685,11.3786],[8.476,11.3809],[8.4786,11.3823],[8.4867,11.3795],[8.489,11.3794],[8.4955,11.376],[8.4958,11.3759],[8.4942,11.3862],[8.494,11.399],[8.4922,11.4036],[8.4882,11.4043],[8.4851,11.4077],[8.4816,11.4098],[8.4821,11.4154],[8.4831,11.4175],[8.477,11.421],[8.4762,11.4252],[8.4742,11.4302],[8.4763,11.4339],[8.4817,11.4374],[8.4817,11.4405],[8.4788,11.4472],[8.4798,11.4501],[8.4862,11.455],[8.4855,11.4649],[8.4702,11.4776],[8.467,11.4811],[8.4633,11.483],[8.4617,11.4874],[8.4573,11.4907],[8.4537,11.4915],[8.4512,11.4905],[8.4498,11.4928],[8.4436,11.4948],[8.4422,11.4978],[8.4385,11.4985],[8.4349,11.5038],[8.4305,11.5044],[8.4278,11.5031],[8.4261,11.5053],[8.4213,11.5038],[8.4164,11.5],[8.416,11.497],[8.413,11.4924],[8.4129,11.487],[8.4066,11.4823],[8.4043,11.4769],[8.3975,11.4699],[8.3955,11.4666],[8.3954,11.4582],[8.395,11.4525],[8.3922,11.4461],[8.3908,11.4347],[8.3925,11.4297],[8.3934,11.4211],[8.3954,11.4179],[8.3998,11.4149],[8.3997,11.4097]]]},"properties":{"name":"RURUM TSOHON-GARI","state":"19","code":"19/32/06"}},{"type":"Feature","geometry":{"type":"Polygon","coordinates":[[[8.6082,11.4702],[8.6052,11.4763],[8.6041,11.4801],[8.5969,11.4886],[8.5942,11.4904],[8.5922,11.4949],[8.5896,11.4984],[8.5877,11.4976],[8.5847,11.5013],[8.5792,11.5019],[8.5736,11.4976],[8.5721,11.4949],[8.5666,11.4904],[8.5638,11.4952],[8.562,11.4965],[8.5549,11.4915],[8.5502,11.4952],[8.5473,11.4954],[8.544,11.4937],[8.5468,11.4906],[8.5477,11.4869],[8.5467,11.4795],[8.5452,11.4737],[8.5411,11.4761],[8.535,11.4786],[8.5324,11.4789],[8.53,11.4771],[8.5299,11.4666],[8.5337,11.4638],[8.5347,11.4586],[8.5352,11.4505],[8.5285,11.4424],[8.5297,11.4403],[8.5292,11.4347],[8.53,11.4325],[8.5342,11.4307],[8.5312,11.4288],[8.5291,11.419],[8.533,11.418],[8.5385,11.4232],[8.5418,11.4255],[8.5445,11.4217],[8.5442,11.4168],[8.5488,11.4159],[8.5538,11.4133],[8.5564,11.4153],[8.56,11.4197],[8.5657,11.42],[8.5706,11.4213],[8.5708,11.4264],[8.5728,11.4285],[8.5782,11.4293],[8.5799,11.4312],[8.5768,11.4385],[8.5777,11.4406],[8.5826,11.4417],[8.5884,11.4504],[8.5884,11.4524],[8.5936,11.4561],[8.5959,11.4621],[8.5988,11.466],[8.6037,11.4689],[8.6082,11.4702]]]},"properties":{"name":"SAJI","state":"19","code":"19/32/07"}},{"type":"Feature","geometry":{"type":"Polygon","coordinates":[[[8.5564,11.4153],[8.5538,11.4133],[8.5488,11.4159],[8.5442,11.4168],[8.5445,11.4217],[8.5418,11.4255],[8.5385,11.4232],[8.533,11.418],[8.5291,11.419],[8.5312,11.4288],[8.5342,11.4307],[8.53,11.4325],[8.5292,11.4347],[8.5297,11.4403],[8.5285,11.4424],[8.5352,11.4505],[8.5347,11.4586],[8.5337,11.4638],[8.5299,11.4666],[8.53,11.4771],[8.5324,11.4789],[8.535,11.4786],[8.5411,11.4761],[8.5452,11.4737],[8.5467,11.4795],[8.5477,11.4869],[8.5468,11.4906],[8.544,11.4937],[8.5389,11.4925],[8.536,11.4971],[8.5299,11.5],[8.523,11.5043],[8.5218,11.4966],[8.525,11.4934],[8.5193,11.4862],[8.5186,11.4892],[8.5157,11.4916],[8.5105,11.489],[8.5118,11.486],[8.5112,11.4826],[8.5078,11.4797],[8.5109,11.4755],[8.5019,11.4651],[8.5075,11.4618],[8.5067,11.4591],[8.5021,11.4524],[8.5029,11.4499],[8.5061,11.4483],[8.5048,11.4442],[8.5048,11.44],[8.5065,11.4377],[8.503,11.4336],[8.5,11.4285],[8.4966,11.4277],[8.4939,11.4232],[8.4903,11.4151],[8.4927,11.4116],[8.4922,11.4036],[8.494,11.399],[8.4942,11.3862],[8.4958,11.3759],[8.5004,11.3741],[8.5051,11.3763],[8.5057,11.3745],[8.5192,11.3646],[8.5211,11.3637],[8.5258,11.3574],[8.5368,11.3498],[8.5403,11.3487],[8.5429,11.3451],[8.5501,11.3434],[8.5519,11.3416],[8.5569,11.3401],[8.5589,11.3378],[8.5615,11.3393],[8.5679,11.336],[8.5699,11.3393],[8.5791,11.3477],[8.5839,11.3451],[8.5871,11.342],[8.5938,11.3431],[8.5968,11.3464],[8.6015,11.3456],[8.6097,11.3496],[8.6106,11.351],[8.6171,11.3534],[8.615,11.3579],[8.61,11.365],[8.6033,11.369],[8.5951,11.3692],[8.5923,11.3705],[8.5903,11.3738],[8.5993,11.3771],[8.5981,11.3846],[8.5933,11.3862],[8.5858,11.3865],[8.5817,11.3859],[8.5784,11.3916],[8.578,11.3941],[8.5733,11.3953],[8.5642,11.3993],[8.5643,11.4048],[8.5588,11.4115],[8.5564,11.4153]]]},"properties":{"name":"YALWA","state":"19","code":"19/32/08"}},{"type":"Feature","geometry":{"type":"Polygon","coordinates":[[[8.5447,11.5376],[8.5421,11.5341],[8.5414,11.5305],[8.534,11.5287],[8.5338,11.5247],[8.5289,11.5242],[8.5261,11.5228],[8.5186,11.5247],[8.5173,11.5272],[8.5137,11.5283],[8.5126,11.5307],[8.5095,11.528],[8.5107,11.5237],[8.51,11.5185],[8.5108,11.5146],[8.5128,11.5115],[8.5195,11.5082],[8.523,11.5043],[8.5299,11.5],[8.536,11.4971],[8.5389,11.4925],[8.544,11.4937],[8.5473,11.4954],[8.5502,11.4952],[8.5549,11.4915],[8.562,11.4965],[8.5638,11.4952],[8.5666,11.4904],[8.5721,11.4949],[8.5736,11.4976],[8.5792,11.5019],[8.5799,11.5041],[8.5828,11.5059],[8.5873,11.5062],[8.5878,11.5086],[8.5859,11.5116],[8.5831,11.5132],[8.5823,11.5161],[8.5837,11.5201],[8.5835,11.5277],[8.5819,11.5294],[8.5853,11.5327],[8.5763,11.532],[8.5707,11.5328],[8.5668,11.532],[8.5587,11.5313],[8.5529,11.5319],[8.5494,11.5358],[8.5447,11.5376]]]},"properties":{"name":"ZINYAU","state":"19","code":"19/32/09"}},{"type":"Feature","geometry":{"type":"Polygon","coordinates":[[[8.517,11.57],[8.5151,11.5617],[8.522,11.559],[8.5242,11.5535],[8.516,11.5508],[8.5169,11.5486],[8.5134,11.5469],[8.513,11.5435],[8.5088,11.5429],[8.5052,11.5464],[8.502,11.5437],[8.5049,11.5376],[8.5029,11.5323],[8.4992,11.5337],[8.4943,11.5327],[8.4927,11.5335],[8.4882,11.5233],[8.4845,11.5278],[8.4812,11.5284],[8.4771,11.5277],[8.4752,11.5183],[8.4748,11.5128],[8.4762,11.5113],[8.4827,11.4987],[8.4871,11.486],[8.4935,11.4762],[8.4998,11.4653],[8.5019,11.4651],[8.5109,11.4755],[8.5078,11.4797],[8.5112,11.4826],[8.5118,11.486],[8.5105,11.489],[8.5157,11.4916],[8.5186,11.4892],[8.5193,11.4862],[8.525,11.4934],[8.5218,11.4966],[8.523,11.5043],[8.5195,11.5082],[8.5128,11.5115],[8.5108,11.5146],[8.51,11.5185],[8.5107,11.5237],[8.5095,11.528],[8.5126,11.5307],[8.5137,11.5283],[8.5173,11.5272],[8.5186,11.5247],[8.5261,11.5228],[8.5289,11.5242],[8.5338,11.5247],[8.534,11.5287],[8.5414,11.5305],[8.5421,11.5341],[8.5447,11.5376],[8.5429,11.5412],[8.5399,11.5431],[8.5357,11.5407],[8.5349,11.5443],[8.5351,11.55],[8.5368,11.5501],[8.5423,11.546],[8.545,11.5489],[8.546,11.5547],[8.5424,11.5583],[8.5433,11.5631],[8.5461,11.5668],[8.55,11.569],[8.5535,11.5696],[8.5592,11.5638],[8.5664,11.5685],[8.5706,11.5693],[8.5731,11.5704],[8.5817,11.5719],[8.5858,11.571],[8.5895,11.5658],[8.5962,11.5636],[8.6006,11.5678],[8.601,11.5694],[8.6023,11.5781],[8.5984,11.5791],[8.5955,11.5831],[8.5935,11.5885],[8.589,11.5902],[8.5852,11.5902],[8.5816,11.5892],[8.5794,11.5869],[8.5743,11.5848],[8.5701,11.585],[8.5661,11.589],[8.5651,11.5932],[8.5687,11.5998],[8.5679,11.6078],[8.5651,11.6116],[8.5588,11.614],[8.5562,11.6143],[8.5535,11.6124],[8.5461,11.6036],[8.5429,11.6048],[8.5388,11.6103],[8.5351,11.612],[8.5328,11.6098],[8.5324,11.6049],[8.5295,11.6028],[8.5262,11.5988],[8.5208,11.5984],[8.518,11.5969],[8.5149,11.5972],[8.5122,11.5951],[8.5116,11.5894],[8.5162,11.5887],[8.5191,11.5896],[8.5213,11.5857],[8.526,11.5835],[8.5295,11.5831],[8.5271,11.5769],[8.5248,11.5732],[8.5212,11.5731],[8.517,11.57]]]},"properties":{"name":"ZURGU","state":"19","code":"19/32/10"}},{"type":"Feature","geometry":{"type":"Polygon","coordinates":[[[8.2423,11.9338],[8.2381,11.9392],[8.2394,11.9455],[8.2378,11.9504],[8.2412,11.9536],[8.2369,11.9607],[8.2296,11.9663],[8.2321,11.969],[8.2329,11.9724],[8.2316,11.9742],[8.2329,11.9767],[8.2302,11.9802],[8.2251,11.9781],[8.2224,11.9837],[8.2182,11.9838],[8.2145,11.99],[8.2151,11.9952],[8.2144,11.9972],[8.2103,12.0002],[8.2043,12.0021],[8.2015,11.999],[8.2042,11.9953],[8.2077,11.9877],[8.2074,11.9829],[8.2113,11.9761],[8.2076,11.9724],[8.204,11.9704],[8.1996,11.9703],[8.2022,11.9641],[8.1989,11.9634],[8.1911,11.9634],[8.1915,11.9615],[8.1895,11.9576],[8.1923,11.9522],[8.1907,11.9467],[8.1944,11.9429],[8.1962,11.9395],[8.1957,11.9373],[8.1976,11.9351],[8.1986,11.9295],[8.2008,11.9259],[8.2044,11.9229],[8.2067,11.9223],[8.2104,11.9152],[8.2161,11.9127],[8.2176,11.9092],[8.2194,11.9083],[8.2225,11.9093],[8.227,11.9138],[8.2342,11.9137],[8.2356,11.9125],[8.2412,11.917],[8.2396,11.9209],[8.2354,11.9253],[8.236,11.9289],[8.2426,11.9314],[8.2423,11.9338]]]},"properties":{"name":"BUTU-BUTU","state":"19","code":"19/33/01"}},{"type":"Feature","geometry":{"type":"Polygon","coordinates":[[[8.3384,11.8546],[8.3367,11.8564],[8.3339,11.8628],[8.3362,11.8669],[8.3345,11.8716],[8.3379,11.8735],[8.3379,11.8796],[8.3437,11.8834],[8.3418,11.8854],[8.3376,11.8852],[8.3335,11.8867],[8.3304,11.8862],[8.3307,11.8827],[8.3233,11.8842],[8.3155,11.8832],[8.3126,11.8785],[8.3107,11.8759],[8.3049,11.876],[8.3034,11.8731],[8.2956,11.8752],[8.2971,11.8715],[8.3011,11.8694],[8.3022,11.8661],[8.3045,11.8639],[8.3079,11.8633],[8.3123,11.86],[8.3134,11.8572],[8.3211,11.8525],[8.3247,11.8578],[8.3336,11.8537],[8.3384,11.8546]]]},"properties":{"name":"DAWAKIN GULU","state":"19","code":"19/33/02"}},{"type":"Feature","geometry":{"type":"Polygon","coordinates":[[[8.1363,11.989],[8.1369,11.9843],[8.1416,11.9856],[8.1464,11.9809],[8.1526,11.9812],[8.1531,11.9768],[8.156,11.9716],[8.1606,11.9677],[8.1634,11.9663],[8.1641,11.9588],[8.1732,11.9596],[8.1757,11.956],[8.1785,11.9546],[8.1843,11.9566],[8.1895,11.9576],[8.1915,11.9615],[8.1911,11.9634],[8.1989,11.9634],[8.2022,11.9641],[8.1996,11.9703],[8.204,11.9704],[8.2076,11.9724],[8.2113,11.9761],[8.2074,11.9829],[8.2077,11.9877],[8.2042,11.9953],[8.2015,11.999],[8.2043,12.0021],[8.1971,12.0059],[8.1932,12.0023],[8.1871,12.0027],[8.1838,12.0058],[8.1821,12.0047],[8.1763,12.0085],[8.1638,12.0015],[8.1587,12.0057],[8.1567,12.0033],[8.1498,12.0034],[8.1476,12.0028],[8.143,12.0059],[8.1395,12.0043],[8.1401,11.9957],[8.1395,11.9921],[8.1363,11.989]]]},"properties":{"name":"DOKA DAWA","state":"19","code":"19/33/03"}},{"type":"Feature","geometry":{"type":"Polygon","coordinates":[[[8.2222,12.0134],[8.2216,12.0113],[8.2236,12.0089],[8.2266,12.0033],[8.2335,12.0009],[8.2338,11.9972],[8.2323,11.9941],[8.2326,11.9902],[8.2314,11.9883],[8.2339,11.9849],[8.234,11.977],[8.2389,11.9773],[8.2441,11.9761],[8.2473,11.9802],[8.251,11.9794],[8.2535,11.976],[8.2561,11.9756],[8.2582,11.9782],[8.2626,11.9773],[8.2686,11.9793],[8.27,11.9799],[8.269,11.9815],[8.2691,11.9897],[8.2713,11.9962],[8.268,12.0022],[8.2731,12.0093],[8.2726,12.0106],[8.2652,12.0115],[8.2627,12.0097],[8.2563,12.0164],[8.249,12.0198],[8.2406,12.0143],[8.2371,12.0172],[8.2285,12.0195],[8.2258,12.0153],[8.2222,12.0134]]]},"properties":{"name":"DUGURAWA","state":"19","code":"19/33/04"}},{"type":"Feature","geometry":{"type":"Polygon","coordinates":[[[8.2637,11.8776],[8.2598,11.8717],[8.2583,11.8673],[8.2629,11.8648],[8.2664,11.86],[8.2661,11.8586],[8.2718,11.8541],[8.2735,11.8505],[8.2741,11.8458],[8.2735,11.8412],[8.2702,11.8359],[8.2724,11.8302],[8.2795,11.8289],[8.2863,11.8239],[8.2907,11.829],[8.2942,11.8308],[8.2978,11.8306],[8.3007,11.8326],[8.3028,11.8367],[8.3079,11.8357],[8.3118,11.8417],[8.3122,11.8455],[8.3211,11.8525],[8.3134,11.8572],[8.3123,11.86],[8.3079,11.8633],[8.3045,11.8639],[8.3022,11.8661],[8.3011,11.8694],[8.2971,11.8715],[8.2956,11.8752],[8.292,11.8725],[8.2889,11.876],[8.2854,11.8754],[8.28,11.8761],[8.272,11.8758],[8.2682,11.8769],[8.269,11.8806],[8.2637,11.8776]]]},"properties":{"name":"GULU","state":"19","code":"19/33/05"}},{"type":"Feature","geometry":{"type":"Polygon","coordinates":[[[8.2605,11.9129],[8.2639,11.912],[8.2676,11.908],[8.2675,11.9032],[8.2709,11.9013],[8.2729,11.8935],[8.2788,11.8901],[8.2802,11.8835],[8.2836,11.8799],[8.2854,11.8754],[8.2889,11.876],[8.292,11.8725],[8.2956,11.8752],[8.3034,11.8731],[8.3049,11.876],[8.3107,11.8759],[8.3126,11.8785],[8.31,11.8823],[8.3099,11.8844],[8.3124,11.8878],[8.3149,11.8939],[8.3129,11.896],[8.3116,11.9003],[8.311,11.9067],[8.3096,11.9089],[8.3037,11.9109],[8.2976,11.9102],[8.2971,11.914],[8.2937,11.9157],[8.2895,11.9164],[8.2869,11.9189],[8.2897,11.9241],[8.2854,11.93],[8.2867,11.9349],[8.2953,11.9387],[8.2982,11.9389],[8.3006,11.9433],[8.301,11.9465],[8.2992,11.9533],[8.2952,11.953],[8.2918,11.951],[8.2882,11.9473],[8.283,11.9474],[8.2772,11.9436],[8.2758,11.9459],[8.272,11.9486],[8.2669,11.9477],[8.2639,11.9458],[8.259,11.9363],[8.2549,11.9326],[8.2599,11.9261],[8.2595,11.9202],[8.2565,11.9165],[8.2605,11.9129]]]},"properties":{"name":"JILI","state":"19","code":"19/33/06"}},{"type":"Feature","geometry":{"type":"Polygon","coordinates":[[[8.3822,11.9113],[8.3742,11.912],[8.3689,11.9113],[8.366,11.9119],[8.3631,11.9104],[8.3576,11.9139],[8.354,11.9178],[8.3513,11.9183],[8.3479,11.9223],[8.3488,11.9294],[8.3478,11.9305],[8.3456,11.9305],[8.3396,11.9341],[8.3362,11.9299],[8.3371,11.9247],[8.3418,11.917],[8.3382,11.9122],[8.337,11.9064],[8.3392,11.9064],[8.3532,11.9023],[8.3553,11.903],[8.3564,11.8982],[8.3591,11.8935],[8.3596,11.8904],[8.3552,11.891],[8.3532,11.8933],[8.3502,11.8923],[8.349,11.8892],[8.3467,11.8879],[8.3423,11.8898],[8.3391,11.8893],[8.3418,11.8854],[8.3437,11.8834],[8.3379,11.8796],[8.3379,11.8735],[8.3345,11.8716],[8.3362,11.8669],[8.3339,11.8628],[8.3367,11.8564],[8.3384,11.8546],[8.3416,11.8564],[8.3454,11.8613],[8.347,11.8694],[8.3631,11.8858],[8.3679,11.8857],[8.3721,11.8868],[8.3801,11.8912],[8.3803,11.8983],[8.3802,11.9006],[8.3822,11.9113]]]},"properties":{"name":"KAROFIN YASHI","state":"19","code":"19/33/07"}},{"type":"Feature","geometry":{"type":"Polygon","coordinates":[[[8.2549,11.9326],[8.259,11.9363],[8.2639,11.9458],[8.2669,11.9477],[8.2682,11.9514],[8.2674,11.9536],[8.2685,11.961],[8.2648,11.9644],[8.2649,11.9675],[8.2679,11.9692],[8.2686,11.9793],[8.2626,11.9773],[8.2582,11.9782],[8.2561,11.9756],[8.2535,11.976],[8.251,11.9794],[8.2473,11.9802],[8.2441,11.9761],[8.2389,11.9773],[8.234,11.977],[8.2329,11.9767],[8.2316,11.9742],[8.2329,11.9724],[8.2321,11.969],[8.2296,11.9663],[8.2369,11.9607],[8.2412,11.9536],[8.2378,11.9504],[8.2394,11.9455],[8.2381,11.9392],[8.2423,11.9338],[8.2444,11.933],[8.2494,11.9349],[8.2549,11.9326]]]},"properties":{"name":"RIMIN GADO","state":"19","code":"19/33/08"}},{"type":"Feature","geometry":{"type":"Polygon","coordinates":[[[8.3981,11.935],[8.3944,11.9405],[8.389,11.9418],[8.3803,11.9456],[8.3768,11.948],[8.3739,11.948],[8.3697,11.9514],[8.367,11.9474],[8.3584,11.9465],[8.3514,11.9399],[8.3478,11.9305],[8.3488,11.9294],[8.3479,11.9223],[8.3513,11.9183],[8.354,11.9178],[8.3576,11.9139],[8.3631,11.9104],[8.366,11.9119],[8.3689,11.9113],[8.3742,11.912],[8.3822,11.9113],[8.3867,11.9138],[8.3867,11.918],[8.3881,11.922],[8.3923,11.9232],[8.3954,11.9272],[8.3981,11.935]]]},"properties":{"name":"SAKARATSA","state":"19","code":"19/33/09"}},{"type":"Feature","geometry":{"type":"Polygon","coordinates":[[[8.3418,11.8854],[8.3391,11.8893],[8.3423,11.8898],[8.3467,11.8879],[8.349,11.8892],[8.3502,11.8923],[8.3532,11.8933],[8.3552,11.891],[8.3596,11.8904],[8.3591,11.8935],[8.3564,11.8982],[8.3553,11.903],[8.3532,11.9023],[8.3392,11.9064],[8.337,11.9064],[8.3382,11.9122],[8.3418,11.917],[8.3371,11.9247],[8.3362,11.9299],[8.333,11.9297],[8.3266,11.927],[8.3193,11.9258],[8.3165,11.9222],[8.3114,11.9233],[8.3114,11.9265],[8.3019,11.9301],[8.2935,11.9276],[8.2897,11.9241],[8.2869,11.9189],[8.2895,11.9164],[8.2937,11.9157],[8.2971,11.914],[8.2976,11.9102],[8.3037,11.9109],[8.3096,11.9089],[8.311,11.9067],[8.3116,11.9003],[8.3129,11.896],[8.3149,11.8939],[8.3124,11.8878],[8.3099,11.8844],[8.31,11.8823],[8.3126,11.8785],[8.3155,11.8832],[8.3233,11.8842],[8.3307,11.8827],[8.3304,11.8862],[8.3335,11.8867],[8.3376,11.8852],[8.3418,11.8854]]]},"properties":{"name":"TAMAWA","state":"19","code":"19/33/10"}},{"type":"Feature","geometry":{"type":"Polygon","coordinates":[[[8.2897,11.9241],[8.2935,11.9276],[8.3019,11.9301],[8.3114,11.9265],[8.3114,11.9233],[8.3165,11.9222],[8.3193,11.9258],[8.3266,11.927],[8.333,11.9297],[8.3362,11.9299],[8.3396,11.9341],[8.3456,11.9305],[8.3478,11.9305],[8.3514,11.9399],[8.3584,11.9465],[8.3577,11.9497],[8.3555,11.9509],[8.3495,11.9494],[8.344,11.947],[8.3428,11.9494],[8.34,11.9487],[8.3351,11.9499],[8.3353,11.9531],[8.3321,11.9581],[8.324,11.9563],[8.3221,11.9599],[8.3199,11.9615],[8.3178,11.9601],[8.31,11.9589],[8.306,11.9576],[8.3016,11.9578],[8.2992,11.9533],[8.301,11.9465],[8.3006,11.9433],[8.2982,11.9389],[8.2953,11.9387],[8.2867,11.9349],[8.2854,11.93],[8.2897,11.9241]]]},"properties":{"name":"YALWAN DANZIYAL","state":"19","code":"19/33/11"}},{"type":"Feature","geometry":{"type":"MultiPolygon","coordinates":[[[[8.1838,12.0058],[8.1871,12.0027],[8.1932,12.0023],[8.1971,12.0059],[8.2043,12.0021],[8.2103,12.0002],[8.2144,11.9972],[8.2151,11.9952],[8.2145,11.99],[8.2182,11.9838],[8.2224,11.9837],[8.2251,11.9781],[8.2302,11.9802],[8.2329,11.9767],[8.234,11.977],[8.2339,11.9849],[8.2314,11.9883],[8.2326,11.9902],[8.2323,11.9941],[8.2338,11.9972],[8.2335,12.0009],[8.2266,12.0033],[8.2236,12.0089],[8.2216,12.0113],[8.2222,12.0134],[8.2177,12.0161],[8.2151,12.0149],[8.2099,12.0178],[8.205,12.0129],[8.1999,12.0145],[8.1932,12.0116],[8.1922,12.0086],[8.188,12.008],[8.1838,12.0058]]],[[[8.27,11.9799],[8.2745,11.9814],[8.2906,11.9859],[8.2844,11.9895],[8.2842,11.9927],[8.2805,11.9914],[8.2799,11.9936],[8.2763,11.9949],[8.2774,12.001],[8.2788,12.0038],[8.2781,12.0102],[8.2854,12.0093],[8.2889,12.0142],[8.288,12.0169],[8.2817,12.019],[8.2813,12.0208],[8.2781,12.0238],[8.2708,12.0223],[8.2679,12.0186],[8.2726,12.0106],[8.2731,12.0093],[8.268,12.0022],[8.2713,11.9962],[8.2691,11.9897],[8.269,11.9815],[8.27,11.9799]]]]},"properties":{"name":"ZANGO DAN ABDU","state":"19","code":"19/33/12"}},{"type":"Feature","geometry":{"type":"Polygon","coordinates":[[[7.8758,11.4954],[7.874,11.4991],[7.8714,11.4992],[7.8712,11.5046],[7.872,11.5083],[7.871,11.5167],[7.8695,11.5212],[7.8693,11.526],[7.8666,11.5273],[7.8654,11.5326],[7.8626,11.536],[7.8594,11.5332],[7.859,11.5284],[7.8577,11.5245],[7.858,11.5194],[7.8544,11.5091],[7.8529,11.5071],[7.8466,11.5079],[7.8384,11.513],[7.833,11.5119],[7.8287,11.5121],[7.828,11.5049],[7.8259,11.5053],[7.8265,11.5032],[7.8226,11.5008],[7.8205,11.5016],[7.8135,11.5006],[7.8131,11.4985],[7.8103,11.4958],[7.8111,11.4917],[7.8128,11.4906],[7.8146,11.4861],[7.8134,11.4799],[7.8155,11.4769],[7.8144,11.4704],[7.8149,11.4646],[7.8118,11.4555],[7.8086,11.4536],[7.8086,11.4499],[7.8061,11.4464],[7.81,11.444],[7.8152,11.4437],[7.8185,11.442],[7.8156,11.4347],[7.8159,11.4299],[7.8171,11.4265],[7.8205,11.4224],[7.8193,11.4144],[7.8223,11.4125],[7.8268,11.4062],[7.8301,11.4059],[7.8297,11.4118],[7.833,11.4178],[7.8373,11.4198],[7.8399,11.4227],[7.845,11.4234],[7.8505,11.425],[7.8547,11.4233],[7.8632,11.423],[7.8642,11.4217],[7.8687,11.4216],[7.8717,11.4228],[7.8721,11.426],[7.8754,11.4305],[7.8778,11.4318],[7.8755,11.4353],[7.8758,11.4393],[7.8739,11.4404],[7.8743,11.4435],[7.8698,11.4471],[7.8698,11.4503],[7.8746,11.4553],[7.8771,11.4564],[7.8773,11.459],[7.874,11.4634],[7.8762,11.4744],[7.8735,11.4821],[7.875,11.4846],[7.8751,11.4925],[7.8758,11.4954]]]},"properties":{"name":"BELI","state":"19","code":"19/34/01"}},{"type":"Feature","geometry":{"type":"Polygon","coordinates":[[[7.7359,11.5523],[7.7339,11.5544],[7.731,11.5523],[7.7294,11.5582],[7.7258,11.5595],[7.7246,11.563],[7.7249,11.5672],[7.7221,11.567],[7.7185,11.569],[7.7169,11.5634],[7.7112,11.549],[7.7036,11.5425],[7.6997,11.5416],[7.698,11.5354],[7.6818,11.5251],[7.6862,11.5181],[7.6827,11.5171],[7.6826,11.5112],[7.6801,11.5066],[7.6794,11.4922],[7.6767,11.4865],[7.6752,11.4833],[7.6828,11.4758],[7.6874,11.4696],[7.6921,11.4605],[7.694,11.454],[7.6931,11.434],[7.6952,11.4315],[7.6949,11.429],[7.6945,11.4204],[7.7057,11.426],[7.7187,11.4178],[7.7207,11.4212],[7.7216,11.4261],[7.7254,11.4323],[7.7273,11.4337],[7.7308,11.4428],[7.7351,11.4458],[7.7381,11.4495],[7.7395,11.4564],[7.7342,11.4613],[7.7336,11.4642],[7.7307,11.4661],[7.7289,11.4692],[7.7295,11.4786],[7.7259,11.4813],[7.7234,11.4819],[7.7206,11.4855],[7.7161,11.4894],[7.7141,11.4976],[7.7124,11.4994],[7.7065,11.5021],[7.7077,11.505],[7.7111,11.5079],[7.7159,11.5085],[7.7202,11.51],[7.7264,11.5163],[7.7297,11.5178],[7.7286,11.5198],[7.7318,11.5212],[7.7315,11.5244],[7.7276,11.5249],[7.7315,11.5328],[7.7293,11.5389],[7.7328,11.5415],[7.7318,11.5451],[7.7343,11.5511],[7.7359,11.5523]]]},"properties":{"name":"FALGORE","state":"19","code":"19/34/02"}},{"type":"Feature","geometry":{"type":"Polygon","coordinates":[[[7.917,11.4356],[7.9177,11.4401],[7.9205,11.4409],[7.9275,11.4476],[7.9308,11.4492],[7.9307,11.4514],[7.9383,11.4581],[7.9419,11.4597],[7.9422,11.4629],[7.9461,11.4649],[7.9461,11.4679],[7.9421,11.473],[7.9383,11.475],[7.9384,11.4776],[7.9365,11.4815],[7.9347,11.489],[7.9314,11.4894],[7.9281,11.4915],[7.9269,11.4974],[7.925,11.4962],[7.9208,11.5027],[7.9175,11.5043],[7.9164,11.5071],[7.9109,11.5103],[7.9081,11.5107],[7.9006,11.5157],[7.8911,11.5162],[7.8906,11.5121],[7.8912,11.5046],[7.8885,11.4987],[7.8867,11.4976],[7.8824,11.4989],[7.8758,11.4954],[7.8751,11.4925],[7.875,11.4846],[7.8735,11.4821],[7.8762,11.4744],[7.874,11.4634],[7.8773,11.459],[7.8771,11.4564],[7.8746,11.4553],[7.8698,11.4503],[7.8698,11.4471],[7.8743,11.4435],[7.8739,11.4404],[7.8758,11.4393],[7.8755,11.4353],[7.8778,11.4318],[7.8754,11.4305],[7.8721,11.426],[7.8717,11.4228],[7.8687,11.4216],[7.8642,11.4217],[7.8632,11.423],[7.8547,11.4233],[7.8505,11.425],[7.845,11.4234],[7.8399,11.4227],[7.8373,11.4198],[7.833,11.4178],[7.8297,11.4118],[7.8301,11.4059],[7.8268,11.4062],[7.8269,11.4024],[7.8254,11.3969],[7.8255,11.3873],[7.8286,11.3834],[7.8356,11.3838],[7.8382,11.3815],[7.8385,11.3775],[7.8469,11.3774],[7.8524,11.3783],[7.8558,11.3781],[7.8571,11.3855],[7.8593,11.3853],[7.866,11.3818],[7.8701,11.3842],[7.8789,11.3862],[7.879,11.3919],[7.8823,11.3951],[7.8833,11.3998],[7.8891,11.4052],[7.8917,11.4108],[7.8966,11.4189],[7.8931,11.4242],[7.8938,11.4272],[7.8968,11.4277],[7.8973,11.4298],[7.9001,11.4313],[7.9083,11.4321],[7.9094,11.4335],[7.917,11.4356]]]},"properties":{"name":"FULATAN","state":"19","code":"19/34/03"}},{"type":"Feature","geometry":{"type":"MultiPolygon","coordinates":[[[[7.7359,11.5523],[7.738,11.5486],[7.7413,11.5468],[7.7454,11.5483],[7.7506,11.5478],[7.754,11.5457],[7.7593,11.5452],[7.7662,11.5396],[7.7691,11.5433],[7.7714,11.5445],[7.7807,11.5448],[7.7902,11.5472],[7.7929,11.5508],[7.7882,11.5524],[7.7825,11.5528],[7.7703,11.5587],[7.7646,11.557],[7.7656,11.5686],[7.7721,11.5698],[7.7755,11.5753],[7.7776,11.5831],[7.776,11.5908],[7.7764,11.5934],[7.7788,11.5991],[7.7769,11.5999],[7.7722,11.5973],[7.7656,11.5977],[7.7591,11.6008],[7.7554,11.6059],[7.7524,11.6063],[7.7451,11.6047],[7.7425,11.6113],[7.7395,11.6168],[7.7365,11.6086],[7.722,11.6034],[7.7215,11.5997],[7.7181,11.5996],[7.7106,11.5974],[7.7069,11.595],[7.7049,11.5924],[7.7053,11.586],[7.7068,11.5822],[7.7132,11.5732],[7.7169,11.5717],[7.7185,11.569],[7.7221,11.567],[7.7249,11.5672],[7.7246,11.563],[7.7258,11.5595],[7.7294,11.5582],[7.731,11.5523],[7.7339,11.5544],[7.7359,11.5523]]],[[[7.7295,11.4786],[7.7326,11.4773],[7.7378,11.478],[7.7425,11.4809],[7.7447,11.477],[7.7471,11.4753],[7.7506,11.4755],[7.7557,11.4786],[7.7603,11.4856],[7.7596,11.4894],[7.7545,11.4939],[7.7536,11.4996],[7.7545,11.5037],[7.7535,11.5052],[7.7426,11.5093],[7.7416,11.517],[7.738,11.5189],[7.7333,11.5194],[7.7318,11.5212],[7.7286,11.5198],[7.7297,11.5178],[7.7264,11.5163],[7.7202,11.51],[7.7159,11.5085],[7.7111,11.5079],[7.7077,11.505],[7.7065,11.5021],[7.7124,11.4994],[7.7141,11.4976],[7.7161,11.4894],[7.7206,11.4855],[7.7234,11.4819],[7.7259,11.4813],[7.7295,11.4786]]]]},"properties":{"name":"GWANGWAN","state":"19","code":"19/34/04"}},{"type":"Feature","geometry":{"type":"Polygon","coordinates":[[[8.032,11.4938],[8.0312,11.4971],[8.0281,11.5011],[8.0205,11.5059],[8.0157,11.507],[8.0136,11.5116],[8.0165,11.5155],[8.026,11.5166],[8.0272,11.5176],[8.0288,11.5251],[8.0326,11.5289],[8.0306,11.5342],[8.0304,11.5418],[8.0254,11.5432],[8.0223,11.5427],[8.0231,11.5364],[8.0184,11.5325],[8.008,11.5333],[8.0016,11.5378],[7.9964,11.5394],[7.9916,11.5384],[7.9876,11.5388],[7.9851,11.5438],[7.9831,11.5447],[7.9819,11.5484],[7.9833,11.5524],[7.9806,11.5536],[7.9818,11.5568],[7.9813,11.5611],[7.9835,11.5619],[7.9828,11.5683],[7.9809,11.5729],[7.982,11.5756],[7.9776,11.5839],[7.9804,11.5869],[7.9781,11.5889],[7.9784,11.5932],[7.9749,11.5956],[7.9739,11.5991],[7.9749,11.6014],[7.9723,11.6054],[7.9681,11.6081],[7.9615,11.6093],[7.9546,11.6168],[7.9559,11.6248],[7.9544,11.6347],[7.9552,11.6378],[7.9525,11.6401],[7.954,11.6475],[7.9516,11.6504],[7.9476,11.6503],[7.9418,11.6478],[7.9394,11.6476],[7.9383,11.6416],[7.9365,11.6369],[7.9385,11.634],[7.9397,11.6282],[7.9376,11.6249],[7.9367,11.6163],[7.9388,11.6142],[7.9366,11.6108],[7.9305,11.6049],[7.9305,11.6032],[7.9266,11.6008],[7.9233,11.5951],[7.9196,11.5949],[7.9171,11.59],[7.9225,11.5848],[7.9199,11.5765],[7.9172,11.5743],[7.9187,11.5639],[7.9172,11.5618],[7.9182,11.5572],[7.9204,11.5527],[7.9268,11.5475],[7.9262,11.538],[7.9271,11.5346],[7.9294,11.5344],[7.9332,11.5313],[7.9374,11.5296],[7.9403,11.5261],[7.9328,11.5203],[7.9349,11.5138],[7.9361,11.5124],[7.9311,11.504],[7.9297,11.5033],[7.9269,11.4974],[7.9281,11.4915],[7.9314,11.4894],[7.9347,11.489],[7.9365,11.4815],[7.9384,11.4776],[7.9383,11.475],[7.9421,11.473],[7.9461,11.4679],[7.9461,11.4649],[7.9514,11.4662],[7.954,11.4662],[7.9627,11.4714],[7.9677,11.4763],[7.9684,11.4787],[7.9749,11.4783],[7.9779,11.479],[7.9787,11.4833],[7.9825,11.483],[7.9886,11.4847],[7.991,11.4876],[7.9948,11.4869],[7.9949,11.4901],[7.9995,11.4896],[8.0009,11.4921],[8.006,11.4919],[8.0091,11.4908],[8.0123,11.4918],[8.0225,11.4888],[8.0278,11.493],[8.032,11.4938]]]},"properties":{"name":"JAJAYE","state":"19","code":"19/34/05"}},{"type":"Feature","geometry":{"type":"Polygon","coordinates":[[[7.8259,11.5053],[7.8223,11.5097],[7.8227,11.5115],[7.8183,11.5158],[7.8169,11.519],[7.8184,11.5277],[7.815,11.5298],[7.809,11.5318],[7.8054,11.5363],[7.808,11.5391],[7.8093,11.545],[7.811,11.5477],[7.8121,11.5533],[7.8147,11.5532],[7.8193,11.5555],[7.8312,11.5599],[7.8322,11.5654],[7.8415,11.5783],[7.8469,11.5855],[7.8457,11.5879],[7.8419,11.5907],[7.8433,11.5954],[7.8427,11.5993],[7.8438,11.6033],[7.8423,11.6041],[7.839,11.6118],[7.8354,11.6141],[7.832,11.6235],[7.8301,11.6247],[7.8282,11.6359],[7.8202,11.6349],[7.8144,11.6381],[7.8079,11.6345],[7.805,11.6344],[7.7979,11.6306],[7.7965,11.6254],[7.7933,11.6255],[7.7868,11.6298],[7.7792,11.6301],[7.7669,11.6286],[7.7582,11.6237],[7.7455,11.6194],[7.7395,11.6168],[7.7425,11.6113],[7.7451,11.6047],[7.7524,11.6063],[7.7554,11.6059],[7.7591,11.6008],[7.7656,11.5977],[7.7722,11.5973],[7.7769,11.5999],[7.7788,11.5991],[7.7764,11.5934],[7.776,11.5908],[7.7776,11.5831],[7.7755,11.5753],[7.7721,11.5698],[7.7656,11.5686],[7.7646,11.557],[7.7703,11.5587],[7.7825,11.5528],[7.7882,11.5524],[7.7929,11.5508],[7.7902,11.5472],[7.7807,11.5448],[7.7714,11.5445],[7.7691,11.5433],[7.7662,11.5396],[7.7681,11.5367],[7.7692,11.5327],[7.7721,11.5298],[7.7783,11.5303],[7.7821,11.5287],[7.7813,11.5269],[7.7848,11.5243],[7.7892,11.5232],[7.7927,11.5204],[7.795,11.5207],[7.8016,11.5159],[7.8033,11.5134],[7.8027,11.5107],[7.8064,11.5051],[7.8133,11.5032],[7.8135,11.5006],[7.8205,11.5016],[7.8226,11.5008],[7.8265,11.5032],[7.8259,11.5053]]]},"properties":{"name":"ROGO RUMA","state":"19","code":"19/34/06"}},{"type":"Feature","geometry":{"type":"Polygon","coordinates":[[[7.8626,11.536],[7.8605,11.5409],[7.8625,11.5471],[7.8617,11.5493],[7.8633,11.552],[7.8667,11.5537],[7.8698,11.559],[7.8697,11.5635],[7.8652,11.5666],[7.8543,11.5682],[7.8504,11.5702],[7.8415,11.5783],[7.8322,11.5654],[7.8312,11.5599],[7.8193,11.5555],[7.8147,11.5532],[7.8121,11.5533],[7.811,11.5477],[7.8093,11.545],[7.808,11.5391],[7.8054,11.5363],[7.809,11.5318],[7.815,11.5298],[7.8184,11.5277],[7.8169,11.519],[7.8183,11.5158],[7.8227,11.5115],[7.8223,11.5097],[7.8259,11.5053],[7.828,11.5049],[7.8287,11.5121],[7.833,11.5119],[7.8384,11.513],[7.8466,11.5079],[7.8529,11.5071],[7.8544,11.5091],[7.858,11.5194],[7.8577,11.5245],[7.859,11.5284],[7.8594,11.5332],[7.8626,11.536]]]},"properties":{"name":"ROGO SABON GARI","state":"19","code":"19/34/07"}},{"type":"Feature","geometry":{"type":"Polygon","coordinates":[[[7.7946,11.371],[7.7911,11.3764],[7.7848,11.3781],[7.781,11.3742],[7.7761,11.3765],[7.7741,11.38],[7.7717,11.3932],[7.7702,11.3959],[7.7676,11.3962],[7.7692,11.4008],[7.7693,11.4071],[7.7679,11.4114],[7.7686,11.4149],[7.7748,11.4169],[7.7744,11.4232],[7.7773,11.4253],[7.7789,11.4312],[7.7814,11.4324],[7.7798,11.4409],[7.7845,11.4471],[7.787,11.4481],[7.7913,11.4474],[7.7961,11.4503],[7.8022,11.4512],[7.8086,11.4499],[7.8086,11.4536],[7.8118,11.4555],[7.8149,11.4646],[7.8144,11.4704],[7.8155,11.4769],[7.8134,11.4799],[7.8146,11.4861],[7.8128,11.4906],[7.8111,11.4917],[7.8103,11.4958],[7.8131,11.4985],[7.8135,11.5006],[7.8133,11.5032],[7.8064,11.5051],[7.8027,11.5107],[7.8033,11.5134],[7.8016,11.5159],[7.795,11.5207],[7.7927,11.5204],[7.7892,11.5232],[7.7848,11.5243],[7.7813,11.5269],[7.7821,11.5287],[7.7783,11.5303],[7.7721,11.5298],[7.7692,11.5327],[7.7681,11.5367],[7.7662,11.5396],[7.7593,11.5452],[7.754,11.5457],[7.7506,11.5478],[7.7454,11.5483],[7.7413,11.5468],[7.738,11.5486],[7.7359,11.5523],[7.7343,11.5511],[7.7318,11.5451],[7.7328,11.5415],[7.7293,11.5389],[7.7315,11.5328],[7.7276,11.5249],[7.7315,11.5244],[7.7318,11.5212],[7.7333,11.5194],[7.738,11.5189],[7.7416,11.517],[7.7426,11.5093],[7.7535,11.5052],[7.7545,11.5037],[7.7536,11.4996],[7.7545,11.4939],[7.7596,11.4894],[7.7603,11.4856],[7.7557,11.4786],[7.7506,11.4755],[7.7471,11.4753],[7.7447,11.477],[7.7425,11.4809],[7.7378,11.478],[7.7326,11.4773],[7.7295,11.4786],[7.7289,11.4692],[7.7307,11.4661],[7.7336,11.4642],[7.7342,11.4613],[7.7395,11.4564],[7.7381,11.4495],[7.7351,11.4458],[7.7308,11.4428],[7.7273,11.4337],[7.7254,11.4323],[7.7216,11.4261],[7.7207,11.4212],[7.7187,11.4178],[7.7223,11.4155],[7.7195,11.4088],[7.7309,11.3982],[7.7375,11.3932],[7.7404,11.3929],[7.7466,11.3937],[7.7519,11.3854],[7.7544,11.3793],[7.7571,11.3771],[7.76,11.3754],[7.7648,11.3793],[7.7712,11.3781],[7.7755,11.3749],[7.776,11.3691],[7.7775,11.3649],[7.7831,11.3611],[7.789,11.3599],[7.7946,11.371]]]},"properties":{"name":"RUWAN BAGO","state":"19","code":"19/34/08"}},{"type":"Feature","geometry":{"type":"Polygon","coordinates":[[[7.8061,11.3771],[7.8113,11.3792],[7.8195,11.3722],[7.8211,11.373],[7.8268,11.3696],[7.8329,11.3719],[7.8359,11.3774],[7.8385,11.3775],[7.8382,11.3815],[7.8356,11.3838],[7.8286,11.3834],[7.8255,11.3873],[7.8254,11.3969],[7.8269,11.4024],[7.8268,11.4062],[7.8223,11.4125],[7.8193,11.4144],[7.8205,11.4224],[7.8171,11.4265],[7.8159,11.4299],[7.8156,11.4347],[7.8185,11.442],[7.8152,11.4437],[7.81,11.444],[7.8061,11.4464],[7.8086,11.4499],[7.8022,11.4512],[7.7961,11.4503],[7.7913,11.4474],[7.787,11.4481],[7.7845,11.4471],[7.7798,11.4409],[7.7814,11.4324],[7.7789,11.4312],[7.7773,11.4253],[7.7744,11.4232],[7.7748,11.4169],[7.7686,11.4149],[7.7679,11.4114],[7.7693,11.4071],[7.7692,11.4008],[7.7676,11.3962],[7.7702,11.3959],[7.7717,11.3932],[7.7741,11.38],[7.7761,11.3765],[7.781,11.3742],[7.7848,11.3781],[7.7911,11.3764],[7.7946,11.371],[7.7962,11.3718],[7.7984,11.3767],[7.8055,11.3717],[7.8061,11.3771]]]},"properties":{"name":"ZAREWA","state":"19","code":"19/34/09"}},{"type":"Feature","geometry":{"type":"Polygon","coordinates":[[[7.901,11.6496],[7.897,11.6489],[7.8917,11.655],[7.8892,11.6551],[7.8818,11.6536],[7.8789,11.6544],[7.8727,11.6585],[7.8699,11.6584],[7.866,11.6527],[7.866,11.6489],[7.8578,11.6497],[7.8538,11.6483],[7.8516,11.6456],[7.8478,11.6444],[7.8449,11.6418],[7.8412,11.6329],[7.8397,11.6322],[7.8324,11.6319],[7.8282,11.6359],[7.8301,11.6247],[7.832,11.6235],[7.8354,11.6141],[7.839,11.6118],[7.8423,11.6041],[7.8438,11.6033],[7.8427,11.5993],[7.8433,11.5954],[7.8419,11.5907],[7.8457,11.5879],[7.8469,11.5855],[7.8415,11.5783],[7.8504,11.5702],[7.8543,11.5682],[7.8652,11.5666],[7.8697,11.5635],[7.8698,11.559],[7.8667,11.5537],[7.8633,11.552],[7.8617,11.5493],[7.8625,11.5471],[7.8605,11.5409],[7.8626,11.536],[7.8654,11.5326],[7.8666,11.5273],[7.8693,11.526],[7.8695,11.5212],[7.871,11.5167],[7.872,11.5083],[7.8712,11.5046],[7.8714,11.4992],[7.874,11.4991],[7.8758,11.4954],[7.8824,11.4989],[7.8867,11.4976],[7.8885,11.4987],[7.8912,11.5046],[7.8906,11.5121],[7.8911,11.5162],[7.9006,11.5157],[7.9081,11.5107],[7.9109,11.5103],[7.9164,11.5071],[7.9175,11.5043],[7.9208,11.5027],[7.925,11.4962],[7.9269,11.4974],[7.9297,11.5033],[7.9311,11.504],[7.9361,11.5124],[7.9349,11.5138],[7.9328,11.5203],[7.9403,11.5261],[7.9374,11.5296],[7.9332,11.5313],[7.9294,11.5344],[7.9271,11.5346],[7.9262,11.538],[7.9268,11.5475],[7.9204,11.5527],[7.9182,11.5572],[7.9172,11.5618],[7.9187,11.5639],[7.9172,11.5743],[7.9199,11.5765],[7.9225,11.5848],[7.9171,11.59],[7.9196,11.5949],[7.9233,11.5951],[7.9266,11.6008],[7.9305,11.6032],[7.9305,11.6049],[7.9366,11.6108],[7.9388,11.6142],[7.9367,11.6163],[7.9376,11.6249],[7.9397,11.6282],[7.9385,11.634],[7.9365,11.6369],[7.9383,11.6416],[7.9342,11.643],[7.9275,11.6406],[7.9215,11.6399],[7.9194,11.6452],[7.9178,11.6458],[7.9132,11.6438],[7.9093,11.6436],[7.9068,11.6481],[7.901,11.6496]]]},"properties":{"name":"ZOZA","state":"19","code":"19/34/10"}},{"type":"Feature","geometry":{"type":"Polygon","coordinates":[[[7.9859,12.113],[7.9819,12.1169],[7.9791,12.114],[7.978,12.1109],[7.9746,12.1122],[7.9721,12.1147],[7.975,12.1177],[7.9747,12.1197],[7.9696,12.1262],[7.9701,12.1281],[7.962,12.1288],[7.9604,12.1271],[7.9573,12.1275],[7.9509,12.1299],[7.9455,12.1279],[7.9376,12.1224],[7.9273,12.1228],[7.9245,12.1243],[7.9179,12.1248],[7.916,12.1191],[7.9105,12.1187],[7.907,12.1196],[7.9014,12.1195],[7.8995,12.1128],[7.9037,12.1104],[7.9067,12.1108],[7.9108,12.1082],[7.9098,12.1041],[7.9081,12.103],[7.9067,12.0967],[7.9105,12.0964],[7.9111,12.0935],[7.9136,12.09],[7.9176,12.0885],[7.916,12.0822],[7.9167,12.0783],[7.919,12.0742],[7.9231,12.0683],[7.9263,12.0693],[7.9347,12.068],[7.9396,12.0661],[7.947,12.0613],[7.9499,12.0688],[7.958,12.0765],[7.9646,12.0772],[7.9738,12.0834],[7.9752,12.0887],[7.9799,12.0924],[7.9845,12.0934],[7.982,12.0991],[7.9852,12.102],[7.9862,12.1058],[7.9859,12.113]]]},"properties":{"name":"ALAJAWA","state":"19","code":"19/35/01"}},{"type":"Feature","geometry":{"type":"Polygon","coordinates":[[[7.983,11.973],[7.9849,11.9783],[7.9821,11.988],[7.9839,11.9907],[7.9943,11.9907],[7.9982,11.9975],[8.0004,11.9996],[7.9966,12.0005],[7.9904,12.0043],[7.9858,12.011],[7.9818,12.0141],[7.9787,12.0153],[7.9688,12.0144],[7.9676,12.0201],[7.9687,12.0262],[7.9689,12.0322],[7.9703,12.0355],[7.9757,12.0403],[7.9751,12.0452],[7.9723,12.0493],[7.9637,12.0469],[7.9569,12.0498],[7.9556,12.046],[7.952,12.0468],[7.9515,12.0488],[7.9457,12.0485],[7.9438,12.0518],[7.9464,12.0572],[7.947,12.0613],[7.9396,12.0661],[7.9347,12.068],[7.9263,12.0693],[7.9231,12.0683],[7.919,12.0742],[7.915,12.0726],[7.9046,12.0736],[7.8999,12.0732],[7.8952,12.0738],[7.8923,12.0723],[7.8889,12.0673],[7.889,12.0641],[7.8908,12.0625],[7.8936,12.0539],[7.9002,12.0479],[7.9063,12.0446],[7.9107,12.0436],[7.9092,12.0392],[7.9088,12.034],[7.9116,12.031],[7.911,12.0281],[7.9124,12.0237],[7.9053,12.0131],[7.9042,12.0031],[7.908,11.9957],[7.9151,11.9941],[7.9196,11.9913],[7.9218,11.9858],[7.93,11.9784],[7.9335,11.9796],[7.9411,11.9843],[7.945,11.9813],[7.9483,11.98],[7.9553,11.9812],[7.9573,11.984],[7.9599,11.9853],[7.9692,11.9846],[7.9716,11.9801],[7.9701,11.9759],[7.9758,11.9736],[7.9814,11.9743],[7.983,11.973]]]},"properties":{"name":"DUTSEN-BAKOSHI","state":"19","code":"19/35/02"}},{"type":"Feature","geometry":{"type":"Polygon","coordinates":[[[7.935,12.201],[7.9287,12.2035],[7.9273,12.2052],[7.9254,12.1987],[7.9213,12.1961],[7.917,12.1989],[7.914,12.1986],[7.9137,12.1955],[7.9106,12.1962],[7.906,12.2014],[7.9069,12.2036],[7.906,12.2078],[7.9036,12.2101],[7.9005,12.2105],[7.8929,12.2085],[7.8917,12.2162],[7.8922,12.2192],[7.8888,12.2248],[7.8816,12.2284],[7.8839,12.2298],[7.8839,12.2323],[7.8771,12.2344],[7.873,12.2348],[7.8632,12.2326],[7.8675,12.2266],[7.8708,12.2237],[7.8696,12.216],[7.8644,12.2097],[7.8643,12.2015],[7.8628,12.1969],[7.861,12.1933],[7.8616,12.1892],[7.86,12.1815],[7.867,12.1817],[7.8737,12.1748],[7.8789,12.176],[7.8858,12.1709],[7.887,12.1665],[7.8933,12.1646],[7.8992,12.1674],[7.9062,12.1689],[7.9162,12.1731],[7.9241,12.1778],[7.9284,12.1774],[7.9317,12.1746],[7.9336,12.1683],[7.9344,12.1701],[7.9384,12.1724],[7.9411,12.1789],[7.9441,12.1812],[7.9433,12.1917],[7.9401,12.1963],[7.9364,12.1962],[7.935,12.201]]]},"properties":{"name":"FARURUWA","state":"19","code":"19/35/03"}},{"type":"Feature","geometry":{"type":"Polygon","coordinates":[[[7.9509,12.1299],[7.9519,12.1318],[7.9517,12.1362],[7.9493,12.1377],[7.943,12.1379],[7.9398,12.1429],[7.9418,12.1463],[7.9428,12.1503],[7.9386,12.1539],[7.9399,12.1608],[7.9351,12.1639],[7.9336,12.1683],[7.9317,12.1746],[7.9284,12.1774],[7.9241,12.1778],[7.9162,12.1731],[7.9062,12.1689],[7.8992,12.1674],[7.8933,12.1646],[7.887,12.1665],[7.8858,12.1709],[7.8789,12.176],[7.8737,12.1748],[7.867,12.1817],[7.86,12.1815],[7.8595,12.1788],[7.8556,12.1761],[7.8558,12.1728],[7.8596,12.1695],[7.86,12.1627],[7.8585,12.1593],[7.8543,12.1567],[7.8566,12.1508],[7.8552,12.148],[7.8571,12.1451],[7.8595,12.1444],[7.8628,12.141],[7.8655,12.14],[7.8648,12.1349],[7.8632,12.132],[7.8632,12.1216],[7.8642,12.1183],[7.8696,12.1155],[7.8713,12.1128],[7.8699,12.1098],[7.8777,12.1089],[7.8824,12.1064],[7.8877,12.106],[7.8906,12.11],[7.8947,12.1098],[7.8995,12.1128],[7.9014,12.1195],[7.907,12.1196],[7.9105,12.1187],[7.916,12.1191],[7.9179,12.1248],[7.9245,12.1243],[7.9273,12.1228],[7.9376,12.1224],[7.9455,12.1279],[7.9509,12.1299]]]},"properties":{"name":"GORON DUTSE","state":"19","code":"19/35/04"}},{"type":"Feature","geometry":{"type":"Polygon","coordinates":[[[7.9962,12.164],[7.9991,12.1666],[8.0034,12.173],[8.005,12.1782],[8.0028,12.1836],[7.9969,12.1838],[7.9951,12.1877],[7.9927,12.1892],[7.9923,12.1905],[7.9875,12.1927],[7.9829,12.1918],[7.9809,12.1926],[7.9736,12.1914],[7.9707,12.1884],[7.9687,12.1916],[7.9647,12.1953],[7.9615,12.1964],[7.958,12.1927],[7.9613,12.1821],[7.9593,12.1789],[7.9546,12.1786],[7.948,12.1812],[7.9441,12.1812],[7.9411,12.1789],[7.9384,12.1724],[7.9344,12.1701],[7.9336,12.1683],[7.9351,12.1639],[7.9399,12.1608],[7.9386,12.1539],[7.9428,12.1503],[7.9418,12.1463],[7.9398,12.1429],[7.943,12.1379],[7.9493,12.1377],[7.9517,12.1362],[7.9519,12.1318],[7.9509,12.1299],[7.9573,12.1275],[7.9604,12.1271],[7.962,12.1288],[7.9701,12.1281],[7.9696,12.1262],[7.9747,12.1197],[7.975,12.1177],[7.9721,12.1147],[7.9746,12.1122],[7.978,12.1109],[7.9791,12.114],[7.9819,12.1169],[7.9859,12.113],[7.99,12.1145],[7.9915,12.1167],[7.9971,12.1175],[8.004,12.1256],[8,12.1266],[7.9998,12.131],[7.9955,12.1379],[7.9952,12.1411],[7.9891,12.1465],[7.9917,12.1495],[7.9907,12.1524],[7.9936,12.1605],[7.9962,12.164]]]},"properties":{"name":"KADAMU","state":"19","code":"19/35/05"}},{"type":"Feature","geometry":{"type":"Polygon","coordinates":[[[8.0293,11.9809],[8.0297,11.9823],[8.0348,11.982],[8.0407,11.9845],[8.0443,11.982],[8.0499,11.9814],[8.0548,11.9832],[8.0582,11.9799],[8.0616,11.9808],[8.064,11.9831],[8.0694,11.9832],[8.0738,11.9809],[8.0802,11.9728],[8.0749,11.9659],[8.0766,11.9621],[8.0808,11.9621],[8.0852,11.9638],[8.0844,11.9703],[8.0909,11.9736],[8.0918,11.9757],[8.0979,11.9761],[8.1009,11.9858],[8.1063,11.9868],[8.1128,11.9867],[8.1145,11.9884],[8.1112,11.9907],[8.107,11.9906],[8.1041,11.9928],[8.1019,11.992],[8.0985,11.9989],[8.0957,11.9975],[8.0913,11.9977],[8.0919,12.0021],[8.0887,12.0068],[8.0882,12.0114],[8.085,12.0171],[8.0717,12.0181],[8.0691,12.0167],[8.0684,12.0125],[8.0658,12.013],[8.0607,12.009],[8.0514,12.008],[8.0472,12.0113],[8.051,12.0142],[8.053,12.018],[8.0544,12.0228],[8.0519,12.0283],[8.043,12.0252],[8.0405,12.0231],[8.0361,12.0211],[8.0334,12.0219],[8.0294,12.0213],[8.0261,12.0186],[8.026,12.013],[8.0156,12.0086],[8.0158,12.0051],[8.0177,11.9989],[8.0175,11.9959],[8.0134,11.9918],[8.0164,11.9895],[8.0198,11.9889],[8.0197,11.9868],[8.0241,11.9824],[8.0276,11.9824],[8.0293,11.9809]]]},"properties":{"name":"KOKIYA","state":"19","code":"19/35/06"}},{"type":"Feature","geometry":{"type":"Polygon","coordinates":[[[8.124,12.0404],[8.1213,12.0419],[8.1183,12.0404],[8.116,12.0433],[8.1129,12.0444],[8.1175,12.0534],[8.1197,12.0598],[8.1193,12.0622],[8.113,12.0653],[8.111,12.0649],[8.1082,12.0624],[8.1039,12.0604],[8.1031,12.0573],[8.0988,12.0558],[8.0989,12.0514],[8.1002,12.0483],[8.0991,12.042],[8.1052,12.036],[8.103,12.0331],[8.1013,12.0267],[8.0968,12.025],[8.0892,12.0178],[8.0843,12.0232],[8.0836,12.0262],[8.0802,12.0296],[8.0804,12.0321],[8.0775,12.0348],[8.0766,12.038],[8.072,12.0388],[8.0632,12.0338],[8.057,12.0316],[8.0538,12.0314],[8.0519,12.0283],[8.0544,12.0228],[8.053,12.018],[8.051,12.0142],[8.0472,12.0113],[8.0514,12.008],[8.0607,12.009],[8.0658,12.013],[8.0684,12.0125],[8.0691,12.0167],[8.0717,12.0181],[8.085,12.0171],[8.0882,12.0114],[8.0887,12.0068],[8.0919,12.0021],[8.0913,11.9977],[8.0957,11.9975],[8.0985,11.9989],[8.1004,12.0014],[8.1053,12.0045],[8.1141,12.0068],[8.1149,12.0081],[8.1222,12.0117],[8.119,12.017],[8.1202,12.0201],[8.1261,12.0256],[8.1272,12.0284],[8.1235,12.035],[8.124,12.0404]]]},"properties":{"name":"LENI","state":"19","code":"19/35/07"}},{"type":"Feature","geometry":{"type":"Polygon","coordinates":[[[8.0305,12.0498],[8.0312,12.0459],[8.0358,12.0414],[8.033,12.0377],[8.0325,12.0345],[8.0292,12.0327],[8.0218,12.0359],[8.0203,12.0392],[8.0146,12.0444],[8.0085,12.0469],[8.0054,12.0467],[8.0048,12.0444],[8.0015,12.0403],[8.0013,12.0351],[7.9976,12.0238],[7.9984,12.0189],[8.0006,12.0161],[7.9996,12.0091],[7.9968,12.0029],[7.9966,12.0005],[8.0004,11.9996],[8.0047,11.9992],[8.0059,11.996],[8.0134,11.9918],[8.0175,11.9959],[8.0177,11.9989],[8.0158,12.0051],[8.0156,12.0086],[8.026,12.013],[8.0261,12.0186],[8.0294,12.0213],[8.0334,12.0219],[8.0361,12.0211],[8.0405,12.0231],[8.043,12.0252],[8.0519,12.0283],[8.0538,12.0314],[8.057,12.0316],[8.0632,12.0338],[8.072,12.0388],[8.0766,12.038],[8.0775,12.0348],[8.0804,12.0321],[8.0802,12.0296],[8.0836,12.0262],[8.0843,12.0232],[8.0892,12.0178],[8.0968,12.025],[8.1013,12.0267],[8.103,12.0331],[8.1052,12.036],[8.0991,12.042],[8.1002,12.0483],[8.0989,12.0514],[8.0988,12.0558],[8.1031,12.0573],[8.1039,12.0604],[8.1082,12.0624],[8.111,12.0649],[8.1058,12.0671],[8.1031,12.0694],[8.0983,12.0668],[8.0957,12.0672],[8.0877,12.0659],[8.0854,12.0618],[8.0812,12.0592],[8.075,12.0613],[8.0698,12.0608],[8.0667,12.0586],[8.0634,12.0602],[8.0571,12.057],[8.0545,12.0545],[8.0495,12.0553],[8.0456,12.0545],[8.042,12.0581],[8.044,12.0664],[8.0438,12.0689],[8.038,12.0684],[8.0327,12.0636],[8.0296,12.0528],[8.0305,12.0498]]]},"properties":{"name":"SHAKOGI","state":"19","code":"19/35/08"}},{"type":"Feature","geometry":{"type":"Polygon","coordinates":[[[8.014,12.0803],[8.0038,12.0806],[7.9953,12.0781],[7.9939,12.0749],[7.9915,12.0778],[7.9913,12.0875],[7.9875,12.0905],[7.9888,12.0926],[7.9845,12.0934],[7.9799,12.0924],[7.9752,12.0887],[7.9738,12.0834],[7.9646,12.0772],[7.958,12.0765],[7.9499,12.0688],[7.947,12.0613],[7.9464,12.0572],[7.9438,12.0518],[7.9457,12.0485],[7.9515,12.0488],[7.952,12.0468],[7.9556,12.046],[7.9569,12.0498],[7.9637,12.0469],[7.9723,12.0493],[7.9751,12.0452],[7.9757,12.0403],[7.9703,12.0355],[7.9689,12.0322],[7.9687,12.0262],[7.9676,12.0201],[7.9688,12.0144],[7.9787,12.0153],[7.9818,12.0141],[7.9858,12.011],[7.9904,12.0043],[7.9966,12.0005],[7.9968,12.0029],[7.9996,12.0091],[8.0006,12.0161],[7.9984,12.0189],[7.9976,12.0238],[8.0013,12.0351],[8.0015,12.0403],[8.0048,12.0444],[8.0054,12.0467],[8.0085,12.0469],[8.0146,12.0444],[8.0203,12.0392],[8.0218,12.0359],[8.0292,12.0327],[8.0325,12.0345],[8.033,12.0377],[8.0358,12.0414],[8.0312,12.0459],[8.0305,12.0498],[8.0239,12.0593],[8.0205,12.0602],[8.0183,12.0621],[8.0173,12.0652],[8.0187,12.0674],[8.0148,12.0701],[8.0159,12.0756],[8.014,12.0803]]]},"properties":{"name":"SHANONO","state":"19","code":"19/35/09"}},{"type":"Feature","geometry":{"type":"Polygon","coordinates":[[[7.93,11.9784],[7.9218,11.9858],[7.9196,11.9913],[7.9151,11.9941],[7.908,11.9957],[7.9042,12.0031],[7.9053,12.0131],[7.9124,12.0237],[7.911,12.0281],[7.9116,12.031],[7.9088,12.034],[7.9092,12.0392],[7.9107,12.0436],[7.9063,12.0446],[7.9002,12.0479],[7.8936,12.0539],[7.8908,12.0625],[7.889,12.0641],[7.8889,12.0673],[7.8923,12.0723],[7.8952,12.0738],[7.8999,12.0732],[7.9046,12.0736],[7.915,12.0726],[7.919,12.0742],[7.9167,12.0783],[7.916,12.0822],[7.9176,12.0885],[7.9136,12.09],[7.9111,12.0935],[7.9105,12.0964],[7.9067,12.0967],[7.9081,12.103],[7.9098,12.1041],[7.9108,12.1082],[7.9067,12.1108],[7.9037,12.1104],[7.8995,12.1128],[7.8947,12.1098],[7.8906,12.11],[7.8877,12.106],[7.8824,12.1064],[7.8777,12.1089],[7.8699,12.1098],[7.8676,12.1042],[7.8673,12.1014],[7.8695,12.0963],[7.867,12.0931],[7.8698,12.0902],[7.8699,12.0864],[7.8682,12.0826],[7.8724,12.0757],[7.8756,12.0651],[7.8757,12.0616],[7.8777,12.0502],[7.8798,12.0443],[7.8749,12.036],[7.8804,12.031],[7.886,12.0284],[7.885,12.0243],[7.8795,12.0233],[7.8777,12.0214],[7.8818,12.0158],[7.8845,12.014],[7.8841,12.0086],[7.8869,12.0024],[7.8893,12.0027],[7.8903,11.9926],[7.8917,11.9868],[7.8953,11.9848],[7.8945,11.9803],[7.8916,11.976],[7.8923,11.9716],[7.8915,11.9662],[7.8965,11.9664],[7.8995,11.9682],[7.9035,11.9663],[7.908,11.9674],[7.915,11.9643],[7.917,11.9644],[7.926,11.9686],[7.93,11.9784]]]},"properties":{"name":"TSAURE","state":"19","code":"19/35/10"}},{"type":"Feature","geometry":{"type":"Polygon","coordinates":[[[9.0059,11.5229],[9.0075,11.5152],[9.0104,11.5089],[9.0127,11.5066],[9.0109,11.5032],[9.0065,11.4988],[9.0029,11.4956],[9.0014,11.4919],[8.9967,11.492],[8.9927,11.4886],[8.9917,11.4836],[8.987,11.4776],[8.9837,11.4814],[8.9785,11.4808],[8.9713,11.4808],[8.9676,11.4791],[8.9642,11.4845],[8.9615,11.4804],[8.955,11.4777],[8.954,11.4719],[8.952,11.4694],[8.9459,11.471],[8.9443,11.4685],[8.9407,11.4694],[8.9357,11.467],[8.9367,11.4655],[8.9328,11.4628],[8.9326,11.4584],[8.9299,11.4556],[8.9247,11.4532],[8.9218,11.4498],[8.9222,11.4467],[8.9207,11.4423],[8.9203,11.4357],[8.9145,11.4354],[8.9127,11.4326],[8.9159,11.4301],[8.9137,11.4286],[8.9132,11.4226],[8.9077,11.42],[8.9102,11.417],[8.9157,11.4157],[8.9208,11.418],[8.9228,11.422],[8.9278,11.4228],[8.9359,11.4214],[8.9405,11.4182],[8.9422,11.4115],[8.95,11.4056],[8.9541,11.4034],[8.961,11.4045],[8.9659,11.404],[8.9728,11.4045],[8.9837,11.4081],[8.9922,11.4068],[8.9949,11.4052],[9.0003,11.4069],[9.0052,11.407],[9.0073,11.4102],[9.0108,11.4116],[9.0122,11.4139],[9.0108,11.4188],[9.0144,11.4211],[9.0154,11.4265],[9.0122,11.4283],[9.0142,11.4326],[9.0186,11.4349],[9.0217,11.4394],[9.0228,11.4433],[9.0216,11.4453],[9.0259,11.4511],[9.0282,11.4556],[9.0311,11.4615],[9.0297,11.4661],[9.0311,11.4684],[9.03,11.4712],[9.0333,11.4742],[9.0337,11.4763],[9.0369,11.4787],[9.0361,11.4822],[9.0373,11.4864],[9.0409,11.4883],[9.0426,11.4919],[9.0395,11.4956],[9.0415,11.5057],[9.0397,11.5072],[9.0393,11.5124],[9.0415,11.5197],[9.0409,11.5238],[9.0384,11.5254],[9.0358,11.5243],[9.0333,11.52],[9.0293,11.5201],[9.0231,11.5167],[9.0211,11.5231],[9.0184,11.5257],[9.0144,11.5247],[9.0092,11.5257],[9.0059,11.5229]]]},"properties":{"name":"GALA","state":"19","code":"19/36/01"}},{"type":"Feature","geometry":{"type":"Polygon","coordinates":[[[8.7972,11.3995],[8.7958,11.3963],[8.7928,11.3954],[8.792,11.3919],[8.7889,11.3883],[8.787,11.3832],[8.7911,11.3767],[8.7896,11.3709],[8.7878,11.3669],[8.786,11.3588],[8.785,11.3485],[8.7865,11.3455],[8.7844,11.3437],[8.7803,11.3302],[8.7805,11.3209],[8.78,11.3174],[8.7813,11.3167],[8.7875,11.3093],[8.7931,11.3054],[8.7979,11.3079],[8.8044,11.3126],[8.8072,11.3132],[8.8144,11.3114],[8.8211,11.3084],[8.822,11.3061],[8.8234,11.2968],[8.8267,11.2942],[8.8302,11.2879],[8.8322,11.2862],[8.836,11.276],[8.8389,11.2736],[8.8404,11.2707],[8.8398,11.265],[8.8477,11.268],[8.8489,11.271],[8.8494,11.2755],[8.8481,11.2809],[8.8529,11.2886],[8.8529,11.2932],[8.8554,11.296],[8.8555,11.3001],[8.8531,11.3067],[8.8544,11.3219],[8.8523,11.327],[8.8596,11.343],[8.8607,11.35],[8.8594,11.3572],[8.8613,11.3593],[8.8694,11.3612],[8.8765,11.3637],[8.8832,11.3679],[8.8899,11.3699],[8.8975,11.3704],[8.8996,11.3695],[8.9077,11.3685],[8.91,11.3632],[8.9133,11.362],[8.9175,11.3629],[8.9199,11.3647],[8.9256,11.3649],[8.9257,11.3703],[8.9243,11.375],[8.921,11.38],[8.9196,11.3855],[8.9238,11.3894],[8.9231,11.3959],[8.9245,11.4018],[8.928,11.403],[8.9276,11.4054],[8.923,11.4092],[8.9194,11.4139],[8.9208,11.418],[8.9157,11.4157],[8.9102,11.417],[8.9077,11.42],[8.899,11.4194],[8.894,11.4183],[8.8879,11.4128],[8.886,11.4093],[8.8764,11.4049],[8.8707,11.4062],[8.8645,11.4067],[8.8607,11.4096],[8.8575,11.4155],[8.8565,11.4191],[8.845,11.4264],[8.8433,11.4227],[8.8404,11.4206],[8.8351,11.4187],[8.8285,11.4127],[8.8244,11.4078],[8.8212,11.4068],[8.8126,11.4017],[8.8016,11.4008],[8.7972,11.3995]]]},"properties":{"name":"GANI","state":"19","code":"19/36/02"}},{"type":"Feature","geometry":{"type":"Polygon","coordinates":[[[8.8791,11.5167],[8.881,11.5184],[8.8813,11.522],[8.8871,11.5249],[8.8907,11.5248],[8.8928,11.523],[8.8963,11.5149],[8.8969,11.5068],[8.8979,11.5015],[8.9025,11.5001],[8.9067,11.495],[8.9164,11.4915],[8.9194,11.4949],[8.9207,11.4998],[8.9245,11.5028],[8.9319,11.5046],[8.9306,11.5117],[8.9289,11.5148],[8.9323,11.5204],[8.9309,11.5253],[8.9338,11.5256],[8.9348,11.5276],[8.9413,11.5315],[8.9623,11.5388],[8.9636,11.542],[8.9735,11.5363],[8.9806,11.5358],[8.9825,11.5313],[8.9777,11.525],[8.9789,11.5202],[8.977,11.5146],[8.9825,11.5103],[8.9855,11.507],[8.9954,11.5034],[9.0054,11.5014],[9.0065,11.4988],[9.0109,11.5032],[9.0127,11.5066],[9.0104,11.5089],[9.0075,11.5152],[9.0059,11.5229],[9.0041,11.5234],[9.0026,11.5319],[9.0072,11.5403],[9.0065,11.5429],[9.0002,11.5454],[8.996,11.5497],[8.9937,11.5489],[8.9904,11.5503],[8.9821,11.5479],[8.9795,11.5458],[8.9736,11.544],[8.9711,11.5445],[8.9689,11.5477],[8.9584,11.5519],[8.9542,11.5598],[8.9458,11.5569],[8.9404,11.5656],[8.9348,11.5662],[8.9303,11.5703],[8.9236,11.5717],[8.9195,11.5709],[8.9147,11.5675],[8.9102,11.5558],[8.9031,11.5511],[8.8958,11.5518],[8.8944,11.554],[8.8828,11.5574],[8.8789,11.5518],[8.8764,11.5422],[8.8723,11.5343],[8.8741,11.5309],[8.8712,11.5307],[8.8722,11.5266],[8.8715,11.5233],[8.8743,11.5189],[8.8791,11.5167]]]},"properties":{"name":"GARFA","state":"19","code":"19/36/03"}},{"type":"Feature","geometry":{"type":"Polygon","coordinates":[[[8.9208,11.418],[8.9194,11.4139],[8.923,11.4092],[8.9276,11.4054],[8.928,11.403],[8.9245,11.4018],[8.9231,11.3959],[8.9238,11.3894],[8.9196,11.3855],[8.921,11.38],[8.9243,11.375],[8.9257,11.3703],[8.9256,11.3649],[8.9199,11.3647],[8.9175,11.3629],[8.9133,11.362],[8.91,11.3632],[8.9077,11.3685],[8.8996,11.3695],[8.8975,11.3704],[8.8899,11.3699],[8.8832,11.3679],[8.8765,11.3637],[8.8694,11.3612],[8.8613,11.3593],[8.8594,11.3572],[8.8607,11.35],[8.8596,11.343],[8.8523,11.327],[8.8544,11.3219],[8.8531,11.3067],[8.8555,11.3001],[8.8554,11.296],[8.8529,11.2932],[8.8529,11.2886],[8.8632,11.287],[8.8723,11.2846],[8.8787,11.2808],[8.8815,11.2782],[8.8853,11.2819],[8.8883,11.2828],[8.8954,11.2897],[8.8948,11.2923],[8.8977,11.2974],[8.9099,11.3026],[8.9152,11.3017],[8.9186,11.2976],[8.9234,11.2947],[8.9228,11.2913],[8.9177,11.2847],[8.9158,11.2775],[8.917,11.2685],[8.9166,11.2652],[8.9211,11.2615],[8.9218,11.2569],[8.9271,11.2548],[8.9261,11.2457],[8.9335,11.2385],[8.9343,11.2354],[8.9375,11.2339],[8.9526,11.2397],[8.9558,11.2426],[8.9614,11.2455],[8.9617,11.252],[8.9628,11.2534],[8.9697,11.2556],[8.975,11.2602],[8.9753,11.2638],[8.9807,11.2692],[8.9808,11.2727],[8.9877,11.2785],[8.9884,11.2823],[8.9834,11.2918],[8.9839,11.2974],[8.9809,11.3025],[8.9792,11.3095],[8.9795,11.3139],[8.9766,11.3184],[8.9792,11.3223],[8.9812,11.3289],[8.9846,11.3351],[8.9803,11.338],[8.9792,11.3413],[8.9713,11.3523],[8.9727,11.361],[8.9718,11.3653],[8.9722,11.3722],[8.9698,11.3796],[8.9699,11.3826],[8.968,11.3893],[8.9643,11.3905],[8.9657,11.3945],[8.9653,11.3979],[8.961,11.4045],[8.9541,11.4034],[8.95,11.4056],[8.9422,11.4115],[8.9405,11.4182],[8.9359,11.4214],[8.9278,11.4228],[8.9228,11.422],[8.9208,11.418]]]},"properties":{"name":"GEDIYA","state":"19","code":"19/36/04"}},{"type":"Feature","geometry":{"type":"Polygon","coordinates":[[[9.0052,11.407],[9.0076,11.4014],[9.0116,11.3973],[9.0127,11.3894],[9.0146,11.3878],[9.0315,11.3884],[9.0365,11.3869],[9.0395,11.3832],[9.0414,11.3752],[9.0442,11.3687],[9.042,11.3658],[9.0405,11.3601],[9.0417,11.352],[9.0445,11.3453],[9.0483,11.34],[9.0545,11.3387],[9.0616,11.3407],[9.0674,11.3407],[9.073,11.3417],[9.0844,11.3416],[9.0906,11.3402],[9.0959,11.3421],[9.1127,11.3437],[9.105,11.3542],[9.1036,11.357],[9.1016,11.3567],[9.0984,11.3605],[9.0961,11.3659],[9.0944,11.3731],[9.0919,11.3769],[9.0873,11.3779],[9.0827,11.3814],[9.0836,11.3843],[9.0754,11.3877],[9.0698,11.3918],[9.0646,11.3905],[9.0621,11.3945],[9.0585,11.3963],[9.0568,11.4008],[9.0628,11.4024],[9.0649,11.4062],[9.061,11.409],[9.0591,11.4084],[9.0533,11.4104],[9.0466,11.4203],[9.0501,11.4252],[9.0511,11.4278],[9.0645,11.4291],[9.0693,11.4318],[9.0689,11.4346],[9.0711,11.4367],[9.0595,11.4463],[9.0403,11.4629],[9.0371,11.4548],[9.0282,11.4556],[9.0259,11.4511],[9.0216,11.4453],[9.0228,11.4433],[9.0217,11.4394],[9.0186,11.4349],[9.0142,11.4326],[9.0122,11.4283],[9.0154,11.4265],[9.0144,11.4211],[9.0108,11.4188],[9.0122,11.4139],[9.0108,11.4116],[9.0073,11.4102],[9.0052,11.407]]]},"properties":{"name":"KANAWA","state":"19","code":"19/36/05"}},{"type":"Feature","geometry":{"type":"Polygon","coordinates":[[[8.8815,11.2782],[8.8851,11.2705],[8.8939,11.2588],[8.8941,11.2558],[8.8922,11.2522],[8.889,11.25],[8.8855,11.2459],[8.883,11.2366],[8.877,11.2323],[8.8724,11.2325],[8.8665,11.224],[8.8647,11.2194],[8.8671,11.215],[8.8665,11.212],[8.858,11.2077],[8.8528,11.2025],[8.8518,11.199],[8.8467,11.1958],[8.8431,11.1945],[8.8403,11.1918],[8.828,11.1901],[8.824,11.1942],[8.8184,11.194],[8.8172,11.1919],[8.8094,11.1926],[8.8102,11.1828],[8.8112,11.1797],[8.8156,11.1711],[8.818,11.1677],[8.8268,11.1574],[8.8352,11.1455],[8.8413,11.1406],[8.8447,11.1408],[8.8481,11.143],[8.8514,11.1437],[8.8613,11.1428],[8.8663,11.1451],[8.8692,11.1498],[8.8747,11.1513],[8.8765,11.1558],[8.8792,11.1538],[8.8865,11.1513],[8.8929,11.1514],[8.8953,11.1539],[8.8986,11.1553],[8.9028,11.1506],[8.9088,11.1512],[8.9131,11.1499],[8.9132,11.1513],[8.9195,11.1585],[8.9181,11.1628],[8.9205,11.1677],[8.9192,11.1703],[8.921,11.1722],[8.9199,11.1775],[8.9258,11.1803],[8.9332,11.1864],[8.935,11.1886],[8.9402,11.1919],[8.9487,11.1944],[8.9488,11.1922],[8.9527,11.1925],[8.9524,11.1951],[8.9559,11.2003],[8.9633,11.2024],[8.9668,11.206],[8.9668,11.2079],[8.9703,11.2086],[8.9736,11.2121],[8.975,11.2175],[8.9798,11.2217],[8.9842,11.2209],[8.9852,11.2247],[8.9898,11.2248],[8.9956,11.2275],[8.9958,11.2329],[8.9998,11.2359],[9.0003,11.2401],[9.0036,11.2443],[9.008,11.2465],[9.01,11.2508],[9.0122,11.2516],[9.015,11.2555],[9.0194,11.2577],[9.0182,11.2597],[9.0187,11.2653],[9.0267,11.2771],[9.0348,11.2769],[9.0403,11.2803],[9.0448,11.2859],[9.0511,11.2873],[9.0558,11.2909],[9.0626,11.293],[9.0663,11.2967],[9.0619,11.3021],[9.059,11.3097],[9.061,11.3146],[9.0643,11.3176],[9.0653,11.3201],[9.0643,11.3251],[9.0617,11.3283],[9.0562,11.3321],[9.0533,11.3314],[9.046,11.3268],[9.0373,11.3234],[9.0331,11.3238],[9.0292,11.3262],[9.0227,11.3275],[9.0167,11.3274],[9.0018,11.3254],[8.9956,11.3215],[8.9882,11.323],[8.9836,11.3217],[8.9792,11.3223],[8.9766,11.3184],[8.9795,11.3139],[8.9792,11.3095],[8.9809,11.3025],[8.9839,11.2974],[8.9834,11.2918],[8.9884,11.2823],[8.9877,11.2785],[8.9808,11.2727],[8.9807,11.2692],[8.9753,11.2638],[8.975,11.2602],[8.9697,11.2556],[8.9628,11.2534],[8.9617,11.252],[8.9614,11.2455],[8.9558,11.2426],[8.9526,11.2397],[8.9375,11.2339],[8.9343,11.2354],[8.9335,11.2385],[8.9261,11.2457],[8.9271,11.2548],[8.9218,11.2569],[8.9211,11.2615],[8.9166,11.2652],[8.917,11.2685],[8.9158,11.2775],[8.9177,11.2847],[8.9228,11.2913],[8.9234,11.2947],[8.9186,11.2976],[8.9152,11.3017],[8.9099,11.3026],[8.8977,11.2974],[8.8948,11.2923],[8.8954,11.2897],[8.8883,11.2828],[8.8853,11.2819],[8.8815,11.2782]]]},"properties":{"name":"MAGAMI","state":"19","code":"19/36/06"}},{"type":"Feature","geometry":{"type":"Polygon","coordinates":[[[8.6561,11.0974],[8.6622,11.0897],[8.665,11.0875],[8.6713,11.0843],[8.6749,11.0838],[8.6795,11.0818],[8.6814,11.0789],[8.6839,11.0777],[8.6868,11.0705],[8.6884,11.0699],[8.688,11.0642],[8.686,11.0589],[8.6889,11.0532],[8.6864,11.0476],[8.6876,11.0443],[8.6872,11.0401],[8.689,11.0374],[8.6926,11.0367],[8.6938,11.0344],[8.6932,11.0311],[8.695,11.0256],[8.7004,11.0189],[8.7048,11.0144],[8.7097,11.0116],[8.7161,11.0132],[8.7208,11.0117],[8.7242,11.0063],[8.7279,11.0035],[8.7317,10.9979],[8.7367,10.9931],[8.7368,10.9903],[8.7432,10.9831],[8.7465,10.9767],[8.7523,10.9671],[8.7543,10.9669],[8.756,10.9607],[8.7635,10.9483],[8.7668,10.9417],[8.7707,10.9418],[8.7733,10.9383],[8.7773,10.9368],[8.7887,10.9423],[8.7897,10.9477],[8.7871,10.9632],[8.7841,10.9743],[8.7847,10.9839],[8.7863,10.9903],[8.7865,10.9943],[8.7829,10.9998],[8.7798,11.0115],[8.7804,11.0193],[8.7844,11.038],[8.786,11.0411],[8.7885,11.0502],[8.792,11.0555],[8.7938,11.0615],[8.7873,11.0735],[8.7873,11.0757],[8.7932,11.0759],[8.7927,11.0829],[8.7955,11.0837],[8.7985,11.0745],[8.8022,11.0744],[8.8044,11.0791],[8.8128,11.0915],[8.8119,11.0971],[8.8051,11.1001],[8.8053,11.1037],[8.8107,11.1033],[8.8142,11.0991],[8.8214,11.0956],[8.8246,11.0958],[8.8367,11.0984],[8.8456,11.1008],[8.856,11.0994],[8.8562,11.0985],[8.8689,11.1025],[8.8764,11.1099],[8.8827,11.1123],[8.8849,11.1109],[8.891,11.1162],[8.8934,11.1171],[8.894,11.1214],[8.8984,11.1265],[8.8985,11.1286],[8.9011,11.1314],[8.901,11.1354],[8.9098,11.1435],[8.9122,11.1467],[8.9131,11.1499],[8.9088,11.1512],[8.9028,11.1506],[8.8986,11.1553],[8.8953,11.1539],[8.8929,11.1514],[8.8865,11.1513],[8.8792,11.1538],[8.8765,11.1558],[8.8747,11.1513],[8.8692,11.1498],[8.8663,11.1451],[8.8613,11.1428],[8.8514,11.1437],[8.8481,11.143],[8.8447,11.1408],[8.8413,11.1406],[8.8352,11.1455],[8.8268,11.1574],[8.818,11.1677],[8.8156,11.1711],[8.8112,11.1797],[8.8102,11.1828],[8.8094,11.1926],[8.8172,11.1919],[8.8184,11.194],[8.824,11.1942],[8.828,11.1901],[8.8403,11.1918],[8.8431,11.1945],[8.8467,11.1958],[8.8518,11.199],[8.8528,11.2025],[8.858,11.2077],[8.8665,11.212],[8.8671,11.215],[8.8647,11.2194],[8.8665,11.224],[8.8724,11.2325],[8.877,11.2323],[8.883,11.2366],[8.8855,11.2459],[8.889,11.25],[8.8922,11.2522],[8.8941,11.2558],[8.8939,11.2588],[8.8851,11.2705],[8.8815,11.2782],[8.8787,11.2808],[8.8723,11.2846],[8.8632,11.287],[8.8529,11.2886],[8.8481,11.2809],[8.8494,11.2755],[8.8489,11.271],[8.8477,11.268],[8.8398,11.265],[8.8342,11.2656],[8.831,11.263],[8.8224,11.2511],[8.8197,11.2495],[8.8135,11.2434],[8.8052,11.2385],[8.8033,11.2319],[8.7999,11.2257],[8.7943,11.2251],[8.7879,11.2273],[8.7852,11.2238],[8.7858,11.2178],[8.7816,11.2142],[8.7809,11.2104],[8.7774,11.2085],[8.7741,11.2084],[8.7749,11.1996],[8.7705,11.194],[8.7619,11.1943],[8.7562,11.1915],[8.7528,11.1884],[8.7503,11.1841],[8.7458,11.1789],[8.7425,11.1736],[8.7314,11.1614],[8.7239,11.155],[8.7116,11.1488],[8.6885,11.1358],[8.6774,11.1304],[8.6635,11.1261],[8.6511,11.1184],[8.6445,11.1158],[8.6458,11.1131],[8.6492,11.1097],[8.6519,11.1056],[8.6555,11.1046],[8.6577,11.1009],[8.6561,11.0974]]]},"properties":{"name":"MASU","state":"19","code":"19/36/07"}},{"type":"Feature","geometry":{"type":"Polygon","coordinates":[[[8.961,11.4045],[8.9653,11.3979],[8.9657,11.3945],[8.9643,11.3905],[8.968,11.3893],[8.9699,11.3826],[8.9698,11.3796],[8.9722,11.3722],[8.9718,11.3653],[8.9727,11.361],[8.9713,11.3523],[8.9792,11.3413],[8.9803,11.338],[8.9846,11.3351],[8.9812,11.3289],[8.9792,11.3223],[8.9836,11.3217],[8.9882,11.323],[8.9956,11.3215],[9.0018,11.3254],[9.0167,11.3274],[9.0227,11.3275],[9.0292,11.3262],[9.0331,11.3238],[9.0373,11.3234],[9.046,11.3268],[9.0533,11.3314],[9.0562,11.3321],[9.0617,11.3283],[9.0643,11.3251],[9.0653,11.3201],[9.0643,11.3176],[9.061,11.3146],[9.059,11.3097],[9.0619,11.3021],[9.0663,11.2967],[9.0687,11.2978],[9.0725,11.3017],[9.0753,11.3062],[9.08,11.3075],[9.082,11.3093],[9.0831,11.3139],[9.0849,11.3149],[9.0918,11.3132],[9.0992,11.3104],[9.1018,11.3068],[9.1069,11.3102],[9.1149,11.3169],[9.1179,11.3239],[9.1236,11.3263],[9.1241,11.3277],[9.1287,11.3275],[9.1296,11.329],[9.1206,11.3393],[9.1168,11.342],[9.1127,11.3437],[9.0959,11.3421],[9.0906,11.3402],[9.0844,11.3416],[9.073,11.3417],[9.0674,11.3407],[9.0616,11.3407],[9.0545,11.3387],[9.0483,11.34],[9.0445,11.3453],[9.0417,11.352],[9.0405,11.3601],[9.042,11.3658],[9.0442,11.3687],[9.0414,11.3752],[9.0395,11.3832],[9.0365,11.3869],[9.0315,11.3884],[9.0146,11.3878],[9.0127,11.3894],[9.0116,11.3973],[9.0076,11.4014],[9.0052,11.407],[9.0003,11.4069],[8.9949,11.4052],[8.9922,11.4068],[8.9837,11.4081],[8.9728,11.4045],[8.9659,11.404],[8.961,11.4045]]]},"properties":{"name":"RIMI","state":"19","code":"19/36/08"}},{"type":"Feature","geometry":{"type":"Polygon","coordinates":[[[8.845,11.4264],[8.8565,11.4191],[8.8575,11.4155],[8.8607,11.4096],[8.8645,11.4067],[8.8707,11.4062],[8.8764,11.4049],[8.886,11.4093],[8.8879,11.4128],[8.894,11.4183],[8.899,11.4194],[8.9077,11.42],[8.9132,11.4226],[8.9137,11.4286],[8.9159,11.4301],[8.9127,11.4326],[8.9145,11.4354],[8.9203,11.4357],[8.9207,11.4423],[8.9222,11.4467],[8.9218,11.4498],[8.9247,11.4532],[8.9299,11.4556],[8.9326,11.4584],[8.9328,11.4628],[8.9367,11.4655],[8.9357,11.467],[8.9407,11.4694],[8.9443,11.4685],[8.9459,11.471],[8.952,11.4694],[8.954,11.4719],[8.955,11.4777],[8.9615,11.4804],[8.9642,11.4845],[8.9617,11.4903],[8.9583,11.4911],[8.9469,11.4975],[8.9454,11.502],[8.9416,11.5012],[8.934,11.5024],[8.9319,11.5046],[8.9245,11.5028],[8.9207,11.4998],[8.9194,11.4949],[8.9164,11.4915],[8.9067,11.495],[8.9025,11.5001],[8.8979,11.5015],[8.8969,11.5068],[8.8963,11.5149],[8.8928,11.523],[8.8907,11.5248],[8.8871,11.5249],[8.8813,11.522],[8.881,11.5184],[8.8791,11.5167],[8.8801,11.5142],[8.8794,11.5051],[8.8766,11.5054],[8.874,11.5036],[8.8742,11.5016],[8.865,11.4953],[8.8599,11.4972],[8.8549,11.5003],[8.8536,11.5024],[8.8507,11.5009],[8.8483,11.4968],[8.8432,11.4944],[8.8442,11.485],[8.8414,11.4832],[8.8351,11.4808],[8.8351,11.4787],[8.8302,11.4719],[8.8313,11.4659],[8.8349,11.4571],[8.8353,11.4532],[8.8421,11.4376],[8.8466,11.4331],[8.845,11.4264]]]},"properties":{"name":"RUMO","state":"19","code":"19/36/09"}},{"type":"Feature","geometry":{"type":"Polygon","coordinates":[[[8.6446,11.1859],[8.6452,11.1839],[8.6573,11.1873],[8.667,11.1896],[8.6864,11.1959],[8.692,11.1994],[8.698,11.2021],[8.7006,11.2068],[8.7091,11.2117],[8.7144,11.2125],[8.7223,11.2119],[8.7345,11.2104],[8.7476,11.2098],[8.7511,11.2107],[8.7603,11.2163],[8.7618,11.2179],[8.7674,11.2199],[8.7723,11.2179],[8.7736,11.2159],[8.7741,11.2084],[8.7774,11.2085],[8.7809,11.2104],[8.7816,11.2142],[8.7858,11.2178],[8.7852,11.2238],[8.7879,11.2273],[8.7943,11.2251],[8.7999,11.2257],[8.8033,11.2319],[8.8052,11.2385],[8.8135,11.2434],[8.8197,11.2495],[8.8224,11.2511],[8.831,11.263],[8.8342,11.2656],[8.8398,11.265],[8.8404,11.2707],[8.8389,11.2736],[8.836,11.276],[8.8322,11.2862],[8.8302,11.2879],[8.8267,11.2942],[8.8234,11.2968],[8.822,11.3061],[8.8211,11.3084],[8.8144,11.3114],[8.8072,11.3132],[8.8044,11.3126],[8.7979,11.3079],[8.7931,11.3054],[8.7875,11.3093],[8.7813,11.3167],[8.78,11.3174],[8.7785,11.3182],[8.773,11.3171],[8.7667,11.3184],[8.7618,11.3118],[8.762,11.3066],[8.7593,11.3012],[8.7585,11.2959],[8.7615,11.2875],[8.7599,11.284],[8.7527,11.2777],[8.7488,11.2723],[8.7427,11.2717],[8.7341,11.2728],[8.7299,11.2741],[8.7269,11.2769],[8.7229,11.2763],[8.7199,11.2802],[8.7161,11.2821],[8.7147,11.2842],[8.7076,11.2794],[8.706,11.2777],[8.6979,11.2734],[8.6908,11.2719],[8.6846,11.2736],[8.6841,11.2717],[8.6798,11.2702],[8.6762,11.2679],[8.676,11.2655],[8.6713,11.2555],[8.6678,11.2505],[8.6663,11.2456],[8.6619,11.2336],[8.6571,11.2272],[8.6519,11.2262],[8.6471,11.2217],[8.6432,11.2212],[8.6321,11.2156],[8.6354,11.2079],[8.6403,11.2014],[8.6412,11.1974],[8.6396,11.1929],[8.6446,11.1859]]]},"properties":{"name":"SITTI","state":"19","code":"19/36/10"}},{"type":"Feature","geometry":{"type":"Polygon","coordinates":[[[9.0065,11.4988],[9.0054,11.5014],[8.9954,11.5034],[8.9855,11.507],[8.9825,11.5103],[8.977,11.5146],[8.9789,11.5202],[8.9777,11.525],[8.9825,11.5313],[8.9806,11.5358],[8.9735,11.5363],[8.9636,11.542],[8.9623,11.5388],[8.9413,11.5315],[8.9348,11.5276],[8.9338,11.5256],[8.9309,11.5253],[8.9323,11.5204],[8.9289,11.5148],[8.9306,11.5117],[8.9319,11.5046],[8.934,11.5024],[8.9416,11.5012],[8.9454,11.502],[8.9469,11.4975],[8.9583,11.4911],[8.9617,11.4903],[8.9642,11.4845],[8.9676,11.4791],[8.9713,11.4808],[8.9785,11.4808],[8.9837,11.4814],[8.987,11.4776],[8.9917,11.4836],[8.9927,11.4886],[8.9967,11.492],[9.0014,11.4919],[9.0029,11.4956],[9.0065,11.4988]]]},"properties":{"name":"SUMAILA","state":"19","code":"19/36/11"}},{"type":"Feature","geometry":{"type":"Polygon","coordinates":[[[9.2257,11.3669],[9.2205,11.3745],[9.219,11.3748],[9.2154,11.3794],[9.2093,11.3838],[9.203,11.3934],[9.1994,11.3907],[9.1957,11.392],[9.1901,11.3955],[9.187,11.3995],[9.186,11.4029],[9.1835,11.4047],[9.1826,11.4073],[9.1783,11.4046],[9.177,11.4083],[9.1781,11.4098],[9.1775,11.4122],[9.1735,11.4119],[9.171,11.4091],[9.1659,11.4091],[9.1637,11.4061],[9.1668,11.4043],[9.1666,11.3941],[9.1627,11.3918],[9.1535,11.393],[9.1499,11.3916],[9.1472,11.3936],[9.1436,11.3931],[9.141,11.3909],[9.1372,11.3923],[9.1333,11.3956],[9.1332,11.3998],[9.1306,11.4007],[9.1259,11.4006],[9.1218,11.3987],[9.1185,11.395],[9.122,11.3881],[9.1198,11.385],[9.1146,11.3837],[9.1091,11.3842],[9.109,11.3801],[9.1072,11.3777],[9.1062,11.3722],[9.1064,11.367],[9.1076,11.3642],[9.1074,11.3601],[9.1036,11.357],[9.105,11.3542],[9.1127,11.3437],[9.1168,11.342],[9.1206,11.3393],[9.1296,11.329],[9.1422,11.3262],[9.1404,11.3231],[9.1411,11.3175],[9.143,11.3156],[9.1614,11.3146],[9.1695,11.3082],[9.1758,11.3075],[9.1804,11.3085],[9.1824,11.3111],[9.1781,11.3178],[9.1791,11.3191],[9.1868,11.3206],[9.1892,11.3234],[9.1946,11.3266],[9.1992,11.3272],[9.2057,11.3313],[9.2118,11.3371],[9.2146,11.3373],[9.2202,11.3425],[9.2207,11.3495],[9.2227,11.354],[9.2252,11.3552],[9.2271,11.3624],[9.2257,11.3669]]]},"properties":{"name":"BAGWARO","state":"19","code":"19/37/01"}},{"type":"Feature","geometry":{"type":"Polygon","coordinates":[[[9.1728,11.5532],[9.1727,11.544],[9.1721,11.5416],[9.1693,11.541],[9.1636,11.5421],[9.1635,11.5381],[9.1649,11.535],[9.1674,11.5333],[9.1627,11.5305],[9.1589,11.5201],[9.1539,11.5198],[9.1547,11.5147],[9.1543,11.5116],[9.151,11.5082],[9.1512,11.5045],[9.1501,11.5021],[9.1505,11.4984],[9.1547,11.5002],[9.163,11.502],[9.1662,11.4995],[9.1717,11.4985],[9.1726,11.4957],[9.1759,11.4933],[9.175,11.4915],[9.1766,11.488],[9.1689,11.4857],[9.168,11.4812],[9.1697,11.4782],[9.1697,11.4751],[9.1762,11.4767],[9.1838,11.4766],[9.187,11.4756],[9.1962,11.475],[9.2015,11.4725],[9.2056,11.4724],[9.2115,11.4738],[9.2154,11.4758],[9.2196,11.4764],[9.2264,11.482],[9.228,11.4842],[9.2311,11.4851],[9.2351,11.4846],[9.2362,11.4828],[9.2453,11.4812],[9.2481,11.4834],[9.2518,11.4836],[9.257,11.4815],[9.2591,11.4821],[9.2597,11.486],[9.2693,11.4869],[9.2699,11.4903],[9.2667,11.4912],[9.262,11.4953],[9.2581,11.5039],[9.2552,11.509],[9.2548,11.5181],[9.2493,11.5175],[9.2429,11.5177],[9.2411,11.5187],[9.2397,11.5287],[9.2369,11.5353],[9.2361,11.5403],[9.2365,11.5443],[9.2466,11.5456],[9.2486,11.5482],[9.252,11.55],[9.2531,11.5577],[9.2496,11.5588],[9.2479,11.561],[9.2436,11.5628],[9.2375,11.5616],[9.2329,11.5644],[9.2316,11.5568],[9.2299,11.5542],[9.2254,11.5594],[9.2204,11.5602],[9.2162,11.5619],[9.206,11.5564],[9.2036,11.553],[9.2027,11.5484],[9.1959,11.5497],[9.1873,11.5476],[9.183,11.546],[9.1757,11.5525],[9.1728,11.5532]]]},"properties":{"name":"DURBUNDE","state":"19","code":"19/37/02"}},{"type":"Feature","geometry":{"type":"Polygon","coordinates":[[[9.1036,11.357],[9.1074,11.3601],[9.1076,11.3642],[9.1064,11.367],[9.1062,11.3722],[9.1072,11.3777],[9.109,11.3801],[9.1091,11.3842],[9.1146,11.3837],[9.1198,11.385],[9.122,11.3881],[9.1185,11.395],[9.1218,11.3987],[9.1259,11.4006],[9.1268,11.4033],[9.1318,11.4093],[9.1269,11.412],[9.1269,11.4149],[9.1286,11.4228],[9.1261,11.4283],[9.121,11.43],[9.1185,11.4331],[9.1179,11.4363],[9.1187,11.4406],[9.1208,11.444],[9.1238,11.4441],[9.1327,11.4509],[9.1347,11.4546],[9.1391,11.4552],[9.1424,11.4576],[9.1448,11.464],[9.1449,11.4675],[9.1486,11.4734],[9.158,11.4765],[9.1633,11.4732],[9.1677,11.4733],[9.1697,11.4751],[9.1697,11.4782],[9.168,11.4812],[9.1689,11.4857],[9.1766,11.488],[9.175,11.4915],[9.1759,11.4933],[9.1726,11.4957],[9.1717,11.4985],[9.1662,11.4995],[9.163,11.502],[9.1547,11.5002],[9.1505,11.4984],[9.1487,11.4931],[9.1466,11.4915],[9.1456,11.4848],[9.1392,11.4781],[9.1358,11.4801],[9.1323,11.4807],[9.1216,11.4803],[9.1158,11.4788],[9.1117,11.4761],[9.1109,11.4735],[9.1078,11.4703],[9.1027,11.4691],[9.0995,11.4698],[9.0893,11.4697],[9.083,11.4675],[9.0807,11.4643],[9.0792,11.4582],[9.0739,11.4567],[9.0636,11.4514],[9.0595,11.4463],[9.0711,11.4367],[9.0689,11.4346],[9.0693,11.4318],[9.0645,11.4291],[9.0511,11.4278],[9.0501,11.4252],[9.0466,11.4203],[9.0533,11.4104],[9.0591,11.4084],[9.061,11.409],[9.0649,11.4062],[9.0628,11.4024],[9.0568,11.4008],[9.0585,11.3963],[9.0621,11.3945],[9.0646,11.3905],[9.0698,11.3918],[9.0754,11.3877],[9.0836,11.3843],[9.0827,11.3814],[9.0873,11.3779],[9.0919,11.3769],[9.0944,11.3731],[9.0961,11.3659],[9.0984,11.3605],[9.1016,11.3567],[9.1036,11.357]]]},"properties":{"name":"FAJEWA","state":"19","code":"19/37/03"}},{"type":"Feature","geometry":{"type":"Polygon","coordinates":[[[9.0282,11.4556],[9.0371,11.4548],[9.0403,11.4629],[9.0595,11.4463],[9.0636,11.4514],[9.0739,11.4567],[9.0792,11.4582],[9.0807,11.4643],[9.083,11.4675],[9.0893,11.4697],[9.0995,11.4698],[9.1027,11.4691],[9.1078,11.4703],[9.1109,11.4735],[9.1117,11.4761],[9.1158,11.4788],[9.1216,11.4803],[9.1323,11.4807],[9.132,11.4886],[9.1292,11.4917],[9.1239,11.5004],[9.1249,11.5046],[9.124,11.509],[9.1243,11.5132],[9.1225,11.516],[9.118,11.5179],[9.1117,11.5173],[9.1093,11.5149],[9.1028,11.512],[9.1005,11.5097],[9.0973,11.5089],[9.0887,11.5052],[9.085,11.4974],[9.0775,11.4961],[9.0708,11.4956],[9.0661,11.4968],[9.0624,11.4961],[9.0558,11.491],[9.0527,11.4923],[9.0468,11.4913],[9.0426,11.4919],[9.0409,11.4883],[9.0373,11.4864],[9.0361,11.4822],[9.0369,11.4787],[9.0337,11.4763],[9.0333,11.4742],[9.03,11.4712],[9.0311,11.4684],[9.0297,11.4661],[9.0311,11.4615],[9.0282,11.4556]]]},"properties":{"name":"FALALI","state":"19","code":"19/37/04"}},{"type":"Feature","geometry":{"type":"Polygon","coordinates":[[[9.2305,11.4469],[9.2315,11.4495],[9.2349,11.4524],[9.2477,11.4573],[9.2505,11.4654],[9.2539,11.4638],[9.2559,11.4678],[9.2606,11.4687],[9.2591,11.4711],[9.2635,11.4756],[9.2683,11.4771],[9.2668,11.4806],[9.2715,11.4808],[9.2757,11.483],[9.2749,11.4896],[9.2738,11.4915],[9.2699,11.4903],[9.2693,11.4869],[9.2597,11.486],[9.2591,11.4821],[9.257,11.4815],[9.2518,11.4836],[9.2481,11.4834],[9.2453,11.4812],[9.2362,11.4828],[9.2351,11.4846],[9.2311,11.4851],[9.228,11.4842],[9.2264,11.482],[9.2196,11.4764],[9.2154,11.4758],[9.2115,11.4738],[9.2113,11.4629],[9.209,11.4577],[9.2027,11.455],[9.2024,11.4521],[9.1985,11.4498],[9.1949,11.4463],[9.1949,11.4424],[9.1979,11.44],[9.2017,11.434],[9.2015,11.4308],[9.1967,11.425],[9.1923,11.423],[9.1925,11.4179],[9.1894,11.4154],[9.1889,11.4118],[9.1864,11.4118],[9.1827,11.4095],[9.1781,11.4098],[9.177,11.4083],[9.1783,11.4046],[9.1826,11.4073],[9.1835,11.4047],[9.186,11.4029],[9.187,11.3995],[9.1901,11.3955],[9.1957,11.392],[9.1994,11.3907],[9.203,11.3934],[9.2093,11.3838],[9.2154,11.3794],[9.219,11.3748],[9.2205,11.3745],[9.2257,11.3669],[9.2252,11.3753],[9.2262,11.3785],[9.2262,11.3828],[9.2244,11.3873],[9.2249,11.3924],[9.2292,11.397],[9.224,11.4013],[9.2183,11.4037],[9.2188,11.4065],[9.2135,11.4155],[9.2126,11.42],[9.2157,11.4204],[9.2154,11.4228],[9.2212,11.4255],[9.2276,11.4262],[9.2283,11.4305],[9.2256,11.4298],[9.2211,11.4358],[9.2195,11.4391],[9.216,11.4424],[9.2233,11.4442],[9.2305,11.4469]]]},"properties":{"name":"FARURUWA","state":"19","code":"19/37/05"}},{"type":"Feature","geometry":{"type":"Polygon","coordinates":[[[9.3603,11.5608],[9.3548,11.5694],[9.3537,11.5725],[9.3481,11.5735],[9.3399,11.5732],[9.3301,11.5755],[9.3257,11.5778],[9.3233,11.5765],[9.3149,11.5765],[9.3104,11.5756],[9.3051,11.5719],[9.2968,11.5678],[9.291,11.5663],[9.2878,11.5677],[9.2782,11.566],[9.2754,11.5662],[9.2738,11.5642],[9.2699,11.5635],[9.2684,11.5655],[9.2651,11.563],[9.2592,11.563],[9.2569,11.5598],[9.2531,11.5577],[9.252,11.55],[9.2486,11.5482],[9.2466,11.5456],[9.2365,11.5443],[9.2361,11.5403],[9.2369,11.5353],[9.2397,11.5287],[9.2411,11.5187],[9.2429,11.5177],[9.2493,11.5175],[9.2548,11.5181],[9.2552,11.509],[9.2581,11.5039],[9.262,11.4953],[9.2667,11.4912],[9.2699,11.4903],[9.2738,11.4915],[9.276,11.4949],[9.2799,11.4944],[9.2829,11.4954],[9.2815,11.5005],[9.2813,11.5053],[9.286,11.5044],[9.2877,11.5023],[9.2913,11.5058],[9.2986,11.4987],[9.3009,11.5],[9.3305,11.5166],[9.3432,11.5317],[9.3603,11.5608]]]},"properties":{"name":"KACHAKO","state":"19","code":"19/37/06"}},{"type":"Feature","geometry":{"type":"Polygon","coordinates":[[[9.1781,11.4098],[9.1827,11.4095],[9.1864,11.4118],[9.1889,11.4118],[9.1894,11.4154],[9.1925,11.4179],[9.1923,11.423],[9.1967,11.425],[9.2015,11.4308],[9.2017,11.434],[9.1979,11.44],[9.1949,11.4424],[9.1949,11.4463],[9.1985,11.4498],[9.2024,11.4521],[9.2027,11.455],[9.209,11.4577],[9.2113,11.4629],[9.2115,11.4738],[9.2056,11.4724],[9.2015,11.4725],[9.1962,11.475],[9.187,11.4756],[9.1838,11.4766],[9.1762,11.4767],[9.1697,11.4751],[9.1677,11.4733],[9.1633,11.4732],[9.158,11.4765],[9.1486,11.4734],[9.1449,11.4675],[9.1448,11.464],[9.1424,11.4576],[9.1391,11.4552],[9.1347,11.4546],[9.1327,11.4509],[9.1238,11.4441],[9.1208,11.444],[9.1187,11.4406],[9.1179,11.4363],[9.1185,11.4331],[9.121,11.43],[9.1261,11.4283],[9.1286,11.4228],[9.1269,11.4149],[9.1269,11.412],[9.1318,11.4093],[9.1268,11.4033],[9.1259,11.4006],[9.1306,11.4007],[9.1332,11.3998],[9.1333,11.3956],[9.1372,11.3923],[9.141,11.3909],[9.1436,11.3931],[9.1472,11.3936],[9.1499,11.3916],[9.1535,11.393],[9.1627,11.3918],[9.1666,11.3941],[9.1668,11.4043],[9.1637,11.4061],[9.1659,11.4091],[9.171,11.4091],[9.1735,11.4119],[9.1775,11.4122],[9.1781,11.4098]]]},"properties":{"name":"KARFI","state":"19","code":"19/37/07"}},{"type":"Feature","geometry":{"type":"Polygon","coordinates":[[[9.0366,11.5452],[9.0403,11.5416],[9.0391,11.5386],[9.0324,11.5367],[9.0327,11.5298],[9.0358,11.5243],[9.0384,11.5254],[9.0409,11.5238],[9.0415,11.5197],[9.0393,11.5124],[9.0397,11.5072],[9.0415,11.5057],[9.0395,11.4956],[9.0426,11.4919],[9.0468,11.4913],[9.0527,11.4923],[9.0558,11.491],[9.0624,11.4961],[9.0661,11.4968],[9.0708,11.4956],[9.0775,11.4961],[9.085,11.4974],[9.0887,11.5052],[9.0973,11.5089],[9.1005,11.5097],[9.1028,11.512],[9.1093,11.5149],[9.1117,11.5173],[9.1082,11.524],[9.114,11.5279],[9.1171,11.5279],[9.1257,11.5301],[9.1357,11.5254],[9.141,11.524],[9.1466,11.5254],[9.1496,11.5196],[9.1539,11.5198],[9.1589,11.5201],[9.1627,11.5305],[9.1674,11.5333],[9.1649,11.535],[9.1635,11.5381],[9.1636,11.5421],[9.1693,11.541],[9.1721,11.5416],[9.1727,11.544],[9.1728,11.5532],[9.1705,11.5554],[9.1725,11.5589],[9.1688,11.5581],[9.1611,11.5585],[9.1519,11.5616],[9.1503,11.5638],[9.1452,11.5656],[9.1415,11.5634],[9.1398,11.5658],[9.1235,11.5573],[9.1244,11.5523],[9.1238,11.5495],[9.1196,11.5464],[9.1189,11.5442],[9.1111,11.538],[9.1083,11.5333],[9.1017,11.5321],[9.0984,11.5323],[9.0966,11.5344],[9.0884,11.539],[9.0815,11.5401],[9.0745,11.5401],[9.0717,11.5463],[9.0737,11.5504],[9.0732,11.5523],[9.07,11.5533],[9.0675,11.552],[9.0638,11.552],[9.0593,11.5497],[9.0554,11.5519],[9.0509,11.5509],[9.0465,11.5515],[9.0366,11.5452]]]},"properties":{"name":"KUKA","state":"19","code":"19/37/08"}},{"type":"Feature","geometry":{"type":"Polygon","coordinates":[[[9.125,11.6524],[9.1261,11.6488],[9.1269,11.6397],[9.1243,11.6379],[9.1187,11.6386],[9.1124,11.6325],[9.1107,11.6316],[9.1079,11.6248],[9.1006,11.6237],[9.099,11.6274],[9.0972,11.625],[9.0899,11.6194],[9.0813,11.615],[9.0782,11.6142],[9.0782,11.6104],[9.0755,11.6078],[9.071,11.5966],[9.0679,11.5936],[9.0674,11.587],[9.0641,11.5833],[9.0639,11.5748],[9.0611,11.5761],[9.0587,11.5707],[9.0594,11.567],[9.0621,11.564],[9.0676,11.5615],[9.0722,11.5615],[9.0738,11.557],[9.0732,11.5523],[9.0737,11.5504],[9.0717,11.5463],[9.0745,11.5401],[9.0815,11.5401],[9.0884,11.539],[9.0966,11.5344],[9.0984,11.5323],[9.1017,11.5321],[9.1083,11.5333],[9.1111,11.538],[9.1189,11.5442],[9.1196,11.5464],[9.1238,11.5495],[9.1244,11.5523],[9.1235,11.5573],[9.1398,11.5658],[9.1372,11.5698],[9.1316,11.576],[9.1323,11.5809],[9.1316,11.5846],[9.128,11.5848],[9.1203,11.5825],[9.1145,11.5859],[9.1113,11.5908],[9.1194,11.5976],[9.1147,11.6103],[9.1182,11.6129],[9.122,11.6125],[9.1262,11.6108],[9.1329,11.6068],[9.1374,11.6082],[9.1441,11.6074],[9.1484,11.6098],[9.1519,11.6157],[9.149,11.6235],[9.1547,11.6274],[9.1581,11.6283],[9.159,11.6321],[9.1628,11.6379],[9.1629,11.6394],[9.1626,11.6458],[9.1602,11.6469],[9.157,11.6512],[9.1511,11.6506],[9.1487,11.6515],[9.1311,11.6533],[9.125,11.6524]]]},"properties":{"name":"TAKAI","state":"19","code":"19/37/09"}},{"type":"Feature","geometry":{"type":"MultiPolygon","coordinates":[[[[9.1581,11.6283],[9.1547,11.6274],[9.149,11.6235],[9.1519,11.6157],[9.1484,11.6098],[9.1441,11.6074],[9.1374,11.6082],[9.1329,11.6068],[9.1262,11.6108],[9.122,11.6125],[9.1182,11.6129],[9.1147,11.6103],[9.1194,11.5976],[9.1113,11.5908],[9.1145,11.5859],[9.1203,11.5825],[9.128,11.5848],[9.1316,11.5846],[9.1323,11.5809],[9.1316,11.576],[9.1372,11.5698],[9.1398,11.5658],[9.1415,11.5634],[9.1452,11.5656],[9.1503,11.5638],[9.1519,11.5616],[9.1611,11.5585],[9.1688,11.5581],[9.1725,11.5589],[9.1728,11.5611],[9.1711,11.5674],[9.168,11.569],[9.1676,11.5724],[9.1653,11.5753],[9.167,11.5769],[9.1747,11.5777],[9.1776,11.579],[9.1744,11.5877],[9.1706,11.5893],[9.171,11.5938],[9.1758,11.5948],[9.1774,11.6001],[9.1728,11.6054],[9.1715,11.6059],[9.1715,11.6112],[9.1651,11.6144],[9.1667,11.6206],[9.1651,11.6236],[9.1581,11.6283]]],[[[9.1539,11.5198],[9.1496,11.5196],[9.1466,11.5254],[9.141,11.524],[9.1357,11.5254],[9.1257,11.5301],[9.1171,11.5279],[9.114,11.5279],[9.1082,11.524],[9.1117,11.5173],[9.118,11.5179],[9.1225,11.516],[9.1243,11.5132],[9.124,11.509],[9.1249,11.5046],[9.1239,11.5004],[9.1292,11.4917],[9.132,11.4886],[9.1323,11.4807],[9.1358,11.4801],[9.1392,11.4781],[9.1456,11.4848],[9.1466,11.4915],[9.1487,11.4931],[9.1505,11.4984],[9.1501,11.5021],[9.1512,11.5045],[9.151,11.5082],[9.1543,11.5116],[9.1547,11.5147],[9.1539,11.5198]]]]},"properties":{"name":"ZUGA","state":"19","code":"19/37/10"}},{"type":"Feature","geometry":{"type":"Polygon","coordinates":[[[8.5302,11.967],[8.535,11.9618],[8.5361,11.9584],[8.5395,11.9531],[8.5436,11.9534],[8.5431,11.9565],[8.5386,11.961],[8.5436,11.9643],[8.5424,11.9705],[8.5377,11.9773],[8.5346,11.9745],[8.5302,11.967]]]},"properties":{"name":"BABBAN GIJI","state":"19","code":"19/38/01"}},{"type":"Feature","geometry":{"type":"Polygon","coordinates":[[[8.5354,11.9368],[8.5367,11.9324],[8.5433,11.9341],[8.5431,11.9356],[8.552,11.9374],[8.5508,11.9391],[8.5467,11.9454],[8.5437,11.9484],[8.5539,11.9525],[8.5574,11.9532],[8.5611,11.9564],[8.5585,11.959],[8.5506,11.968],[8.5436,11.9643],[8.5386,11.961],[8.5431,11.9565],[8.5436,11.9534],[8.5395,11.9531],[8.5375,11.9502],[8.5344,11.9486],[8.5354,11.9368]]]},"properties":{"name":"DARMANAWA","state":"19","code":"19/38/02"}},{"type":"Feature","geometry":{"type":"Polygon","coordinates":[[[8.5585,11.959],[8.5622,11.963],[8.5632,11.9642],[8.5581,11.9673],[8.5573,11.9687],[8.5607,11.9733],[8.5573,11.9748],[8.5552,11.9711],[8.5506,11.968],[8.5585,11.959]]]},"properties":{"name":"DAURAWA","state":"19","code":"19/38/03"}},{"type":"Feature","geometry":{"type":"Polygon","coordinates":[[[8.5377,11.9773],[8.5424,11.9705],[8.5454,11.973],[8.5403,11.9793],[8.5377,11.9773]]]},"properties":{"name":"GYADI-GYADI AREWA","state":"19","code":"19/38/04"}},{"type":"Feature","geometry":{"type":"Polygon","coordinates":[[[8.5436,11.9643],[8.5506,11.968],[8.5454,11.973],[8.5424,11.9705],[8.5436,11.9643]]]},"properties":{"name":"GYADI-GYADI KUDU","state":"19","code":"19/38/05"}},{"type":"Feature","geometry":{"type":"Polygon","coordinates":[[[8.5903,11.9521],[8.5975,11.9606],[8.5955,11.9619],[8.5925,11.963],[8.5862,11.9639],[8.5803,11.9667],[8.5701,11.9735],[8.5653,11.9767],[8.5607,11.9733],[8.5573,11.9687],[8.5581,11.9673],[8.5632,11.9642],[8.5667,11.9681],[8.5695,11.9645],[8.5723,11.9648],[8.5768,11.9619],[8.5772,11.9578],[8.5811,11.9494],[8.5823,11.9477],[8.5903,11.9521]]]},"properties":{"name":"HOTORO (NNPC)","state":"19","code":"19/38/06"}},{"type":"Feature","geometry":{"type":"Polygon","coordinates":[[[8.5811,11.9494],[8.5772,11.9578],[8.5768,11.9619],[8.5723,11.9648],[8.5695,11.9645],[8.5667,11.9681],[8.5632,11.9642],[8.5622,11.963],[8.565,11.9613],[8.5694,11.9554],[8.5684,11.9517],[8.5654,11.9502],[8.5655,11.9446],[8.5708,11.9461],[8.572,11.9451],[8.5785,11.9441],[8.5811,11.9494]]]},"properties":{"name":"KAUYEN ALU","state":"19","code":"19/38/07"}},{"type":"Feature","geometry":{"type":"Polygon","coordinates":[[[8.5403,11.9793],[8.5454,11.973],[8.5506,11.968],[8.5552,11.9711],[8.5573,11.9748],[8.5607,11.9733],[8.5653,11.9767],[8.5648,11.9775],[8.5514,11.9858],[8.5485,11.9869],[8.5428,11.9867],[8.5333,11.9899],[8.5331,11.9868],[8.5403,11.9793]]]},"properties":{"name":"TARAUNI","state":"19","code":"19/38/08"}},{"type":"Feature","geometry":{"type":"Polygon","coordinates":[[[8.5655,11.9446],[8.5654,11.9502],[8.5611,11.9564],[8.5574,11.9532],[8.5539,11.9525],[8.5437,11.9484],[8.5467,11.9454],[8.5508,11.9391],[8.5538,11.941],[8.5551,11.9388],[8.5589,11.9356],[8.5631,11.9399],[8.5655,11.9446]]]},"properties":{"name":"UNGUWAR GANO","state":"19","code":"19/38/09"}},{"type":"Feature","geometry":{"type":"Polygon","coordinates":[[[8.5611,11.9564],[8.5654,11.9502],[8.5684,11.9517],[8.5694,11.9554],[8.565,11.9613],[8.5622,11.963],[8.5585,11.959],[8.5611,11.9564]]]},"properties":{"name":"UNGUWA UKU","state":"19","code":"19/38/10"}},{"type":"Feature","geometry":{"type":"Polygon","coordinates":[[[8.2641,12.0755],[8.2697,12.0838],[8.2691,12.0849],[8.2761,12.092],[8.2775,12.0964],[8.281,12.0993],[8.2847,12.1055],[8.2872,12.1062],[8.286,12.108],[8.2814,12.1091],[8.2817,12.1128],[8.275,12.1129],[8.2706,12.1078],[8.2675,12.1106],[8.269,12.1144],[8.2675,12.1157],[8.2624,12.1151],[8.2584,12.1019],[8.255,12.1023],[8.2578,12.0928],[8.2552,12.09],[8.2573,12.0831],[8.2641,12.0755]]]},"properties":{"name":"DINDERE","state":"19","code":"19/39/01"}},{"type":"Feature","geometry":{"type":"Polygon","coordinates":[[[8.2906,11.9859],[8.3183,11.9936],[8.3224,11.9956],[8.321,11.9966],[8.3213,12.0003],[8.3185,12.0031],[8.3143,12.0055],[8.315,12.0085],[8.3107,12.0121],[8.3062,12.0137],[8.3032,12.0128],[8.3002,12.014],[8.2983,12.0258],[8.295,12.0204],[8.2889,12.0142],[8.2854,12.0093],[8.2781,12.0102],[8.2788,12.0038],[8.2774,12.001],[8.2763,11.9949],[8.2799,11.9936],[8.2805,11.9914],[8.2842,11.9927],[8.2844,11.9895],[8.2906,11.9859]]]},"properties":{"name":"DOKA","state":"19","code":"19/39/02"}},{"type":"Feature","geometry":{"type":"Polygon","coordinates":[[[8.2625,12.0714],[8.269,12.0696],[8.2735,12.0636],[8.2761,12.0649],[8.2762,12.0607],[8.28,12.06],[8.2825,12.0634],[8.2847,12.0629],[8.292,12.0669],[8.2906,12.0719],[8.2928,12.0731],[8.2976,12.0733],[8.3027,12.0789],[8.3078,12.0817],[8.3117,12.0827],[8.3111,12.0853],[8.3127,12.0889],[8.3056,12.0913],[8.3061,12.0932],[8.3033,12.0957],[8.2989,12.0954],[8.2945,12.0988],[8.2944,12.1016],[8.2926,12.1003],[8.2897,12.1012],[8.2872,12.1062],[8.2847,12.1055],[8.281,12.0993],[8.2775,12.0964],[8.2761,12.092],[8.2691,12.0849],[8.2697,12.0838],[8.2641,12.0755],[8.2623,12.0721],[8.2625,12.0714]]]},"properties":{"name":"GAJIDA","state":"19","code":"19/39/03"}},{"type":"Feature","geometry":{"type":"Polygon","coordinates":[[[8.249,12.0198],[8.2563,12.0164],[8.2627,12.0097],[8.2652,12.0115],[8.2726,12.0106],[8.2679,12.0186],[8.2708,12.0223],[8.2781,12.0238],[8.2813,12.0208],[8.2817,12.019],[8.288,12.0169],[8.2889,12.0142],[8.295,12.0204],[8.2983,12.0258],[8.2983,12.0272],[8.2876,12.0274],[8.2839,12.0297],[8.2792,12.0284],[8.2781,12.0328],[8.2742,12.0328],[8.2762,12.0398],[8.2674,12.0404],[8.2653,12.0444],[8.2617,12.0479],[8.2556,12.0386],[8.2503,12.0351],[8.2474,12.0297],[8.249,12.0198]]]},"properties":{"name":"GINSAWA","state":"19","code":"19/39/04"}},{"type":"Feature","geometry":{"type":"Polygon","coordinates":[[[8.3406,12.0352],[8.3361,12.0399],[8.3347,12.0427],[8.338,12.0448],[8.3379,12.0471],[8.335,12.0518],[8.3306,12.0485],[8.3252,12.0474],[8.3238,12.0495],[8.319,12.0505],[8.317,12.0498],[8.3112,12.0504],[8.31,12.0483],[8.3091,12.0398],[8.3033,12.0349],[8.3094,12.0316],[8.3118,12.0231],[8.318,12.0222],[8.3202,12.0262],[8.3228,12.0272],[8.3256,12.0249],[8.33,12.0237],[8.331,12.0247],[8.3413,12.0209],[8.3404,12.0245],[8.3411,12.0271],[8.3399,12.033],[8.3406,12.0352]]]},"properties":{"name":"JAUBEN KUDU","state":"19","code":"19/39/05"}},{"type":"Feature","geometry":{"type":"Polygon","coordinates":[[[8.4079,11.9632],[8.4004,11.9669],[8.3988,11.9699],[8.3983,11.974],[8.396,11.9786],[8.39,11.9795],[8.3863,11.9792],[8.381,11.98],[8.3797,11.978],[8.3748,11.9814],[8.3754,11.9783],[8.3731,11.9736],[8.3724,11.97],[8.3628,11.97],[8.3615,11.9656],[8.3646,11.9564],[8.3683,11.9547],[8.3697,11.9514],[8.3739,11.948],[8.3768,11.948],[8.3803,11.9456],[8.389,11.9418],[8.3944,11.9405],[8.3944,11.9442],[8.3992,11.949],[8.4022,11.9531],[8.4004,11.955],[8.4024,11.9587],[8.4079,11.9632]]]},"properties":{"name":"JANGUZA","state":"19","code":"19/39/06"}},{"type":"Feature","geometry":{"type":"Polygon","coordinates":[[[8.315,12.0085],[8.3206,12.0102],[8.3222,12.0133],[8.3267,12.0127],[8.3325,12.0162],[8.3348,12.0165],[8.3415,12.0205],[8.3413,12.0209],[8.331,12.0247],[8.33,12.0237],[8.3256,12.0249],[8.3228,12.0272],[8.3202,12.0262],[8.318,12.0222],[8.3118,12.0231],[8.3094,12.0316],[8.3033,12.0349],[8.2983,12.0272],[8.2983,12.0258],[8.3002,12.014],[8.3032,12.0128],[8.3062,12.0137],[8.3107,12.0121],[8.315,12.0085]]]},"properties":{"name":"KWAMI","state":"19","code":"19/39/07"}},{"type":"Feature","geometry":{"type":"Polygon","coordinates":[[[8.3224,11.9956],[8.3307,11.9903],[8.3375,11.993],[8.345,11.991],[8.3511,11.9865],[8.3544,11.9877],[8.3603,11.984],[8.3631,11.9723],[8.3628,11.97],[8.3724,11.97],[8.3731,11.9736],[8.3754,11.9783],[8.3748,11.9814],[8.367,11.9883],[8.3676,11.993],[8.3702,11.9944],[8.3734,11.9982],[8.3742,12.0046],[8.3683,12.0059],[8.369,12.0088],[8.3659,12.0137],[8.3574,12.0142],[8.3528,12.0213],[8.3489,12.0205],[8.3415,12.0205],[8.3348,12.0165],[8.3325,12.0162],[8.3267,12.0127],[8.3222,12.0133],[8.3206,12.0102],[8.315,12.0085],[8.3143,12.0055],[8.3185,12.0031],[8.3213,12.0003],[8.321,11.9966],[8.3224,11.9956]]]},"properties":{"name":"LAMBU","state":"19","code":"19/39/08"}},{"type":"Feature","geometry":{"type":"Polygon","coordinates":[[[8.4128,11.973],[8.4138,11.975],[8.4173,11.9771],[8.4157,11.9804],[8.4114,11.9801],[8.4133,11.9837],[8.4097,11.9925],[8.4057,11.9945],[8.4093,11.998],[8.4085,12.0011],[8.4111,12.0046],[8.4127,12.0062],[8.4101,12.0089],[8.4055,12.0094],[8.4031,12.011],[8.3979,12.0121],[8.3948,12.0139],[8.3936,12.0098],[8.3883,12.0061],[8.382,12.0048],[8.3742,12.0046],[8.3734,11.9982],[8.3702,11.9944],[8.3676,11.993],[8.367,11.9883],[8.3748,11.9814],[8.3797,11.978],[8.381,11.98],[8.3863,11.9792],[8.39,11.9795],[8.396,11.9786],[8.3983,11.974],[8.3988,11.9699],[8.4004,11.9669],[8.4079,11.9632],[8.4101,11.9648],[8.4128,11.973]]]},"properties":{"name":"LANGEL","state":"19","code":"19/39/09"}},{"type":"Feature","geometry":{"type":"Polygon","coordinates":[[[8.2617,12.0479],[8.2653,12.0444],[8.2674,12.0404],[8.2762,12.0398],[8.2775,12.045],[8.2848,12.0508],[8.2881,12.0578],[8.2917,12.0601],[8.2904,12.0636],[8.292,12.0669],[8.2847,12.0629],[8.2825,12.0634],[8.28,12.06],[8.2762,12.0607],[8.2761,12.0649],[8.2735,12.0636],[8.269,12.0696],[8.2625,12.0714],[8.2607,12.0646],[8.2587,12.0609],[8.2557,12.06],[8.2555,12.0577],[8.2598,12.0518],[8.2617,12.0479]]]},"properties":{"name":"TOFA","state":"19","code":"19/39/10"}},{"type":"Feature","geometry":{"type":"Polygon","coordinates":[[[8.3697,11.9514],[8.3683,11.9547],[8.3646,11.9564],[8.3615,11.9656],[8.3628,11.97],[8.3631,11.9723],[8.3603,11.984],[8.3544,11.9877],[8.3511,11.9865],[8.345,11.991],[8.3375,11.993],[8.3307,11.9903],[8.3232,11.986],[8.3246,11.9815],[8.323,11.9767],[8.319,11.9724],[8.3206,11.9684],[8.319,11.9649],[8.3199,11.9615],[8.3221,11.9599],[8.324,11.9563],[8.3321,11.9581],[8.3353,11.9531],[8.3351,11.9499],[8.34,11.9487],[8.3428,11.9494],[8.344,11.947],[8.3495,11.9494],[8.3555,11.9509],[8.3577,11.9497],[8.3584,11.9465],[8.367,11.9474],[8.3697,11.9514]]]},"properties":{"name":"UNGUWAR RIMI","state":"19","code":"19/39/11"}},{"type":"Feature","geometry":{"type":"Polygon","coordinates":[[[8.2686,11.9793],[8.2679,11.9692],[8.2649,11.9675],[8.2648,11.9644],[8.2685,11.961],[8.2674,11.9536],[8.2682,11.9514],[8.2669,11.9477],[8.272,11.9486],[8.2758,11.9459],[8.2772,11.9436],[8.283,11.9474],[8.2882,11.9473],[8.2918,11.951],[8.2952,11.953],[8.2992,11.9533],[8.3016,11.9578],[8.306,11.9576],[8.31,11.9589],[8.3178,11.9601],[8.3199,11.9615],[8.319,11.9649],[8.3206,11.9684],[8.319,11.9724],[8.323,11.9767],[8.3246,11.9815],[8.3232,11.986],[8.3307,11.9903],[8.3224,11.9956],[8.3183,11.9936],[8.2906,11.9859],[8.2745,11.9814],[8.27,11.9799],[8.2686,11.9793]]]},"properties":{"name":"WANGARA","state":"19","code":"19/39/12"}},{"type":"Feature","geometry":{"type":"Polygon","coordinates":[[[8.341,12.0942],[8.34,12.0894],[8.3371,12.081],[8.3346,12.078],[8.3297,12.0766],[8.3335,12.0746],[8.3322,12.0721],[8.33,12.0635],[8.3276,12.0609],[8.3243,12.0549],[8.3238,12.0495],[8.3252,12.0474],[8.3306,12.0485],[8.335,12.0518],[8.3379,12.0471],[8.338,12.0448],[8.3347,12.0427],[8.3361,12.0399],[8.3406,12.0352],[8.3473,12.0379],[8.3495,12.0412],[8.3561,12.0449],[8.3594,12.0486],[8.3567,12.052],[8.353,12.0524],[8.3528,12.055],[8.3507,12.058],[8.352,12.0706],[8.3547,12.0772],[8.3555,12.0854],[8.3483,12.0919],[8.3439,12.0947],[8.341,12.0942]]]},"properties":{"name":"YALWA KARAMA","state":"19","code":"19/39/13"}},{"type":"Feature","geometry":{"type":"Polygon","coordinates":[[[8.3117,12.0827],[8.3078,12.0817],[8.3027,12.0789],[8.2976,12.0733],[8.2928,12.0731],[8.2906,12.0719],[8.292,12.0669],[8.2904,12.0636],[8.2917,12.0601],[8.2881,12.0578],[8.2848,12.0508],[8.2775,12.045],[8.2762,12.0398],[8.2742,12.0328],[8.2781,12.0328],[8.2792,12.0284],[8.2839,12.0297],[8.2876,12.0274],[8.2983,12.0272],[8.3033,12.0349],[8.3091,12.0398],[8.31,12.0483],[8.3112,12.0504],[8.317,12.0498],[8.319,12.0505],[8.3238,12.0495],[8.3243,12.0549],[8.3276,12.0609],[8.33,12.0635],[8.3322,12.0721],[8.3335,12.0746],[8.3297,12.0766],[8.3269,12.0818],[8.3231,12.0845],[8.3234,12.0887],[8.3184,12.0861],[8.3144,12.087],[8.3117,12.0827]]]},"properties":{"name":"YANOKO","state":"19","code":"19/39/14"}},{"type":"Feature","geometry":{"type":"Polygon","coordinates":[[[8.3594,12.0486],[8.3561,12.0449],[8.3495,12.0412],[8.3473,12.0379],[8.3406,12.0352],[8.3399,12.033],[8.3411,12.0271],[8.3404,12.0245],[8.3413,12.0209],[8.3415,12.0205],[8.3489,12.0205],[8.3528,12.0213],[8.3574,12.0142],[8.3659,12.0137],[8.369,12.0088],[8.3683,12.0059],[8.3742,12.0046],[8.382,12.0048],[8.3883,12.0061],[8.3936,12.0098],[8.3948,12.0139],[8.3931,12.0201],[8.3956,12.0199],[8.3944,12.0217],[8.3871,12.022],[8.3879,12.0258],[8.3876,12.0297],[8.3854,12.0329],[8.3832,12.0312],[8.3777,12.0367],[8.3745,12.037],[8.3719,12.0354],[8.3703,12.0375],[8.3719,12.0432],[8.3692,12.0433],[8.3665,12.0455],[8.3594,12.0486]]]},"properties":{"name":"YARIMAWA","state":"19","code":"19/39/15"}},{"type":"Feature","geometry":{"type":"Polygon","coordinates":[[[8.1415,12.2584],[8.1475,12.2626],[8.1442,12.267],[8.1436,12.2721],[8.142,12.2754],[8.1326,12.2773],[8.1258,12.2826],[8.1211,12.2851],[8.1154,12.2851],[8.1122,12.2821],[8.1107,12.2765],[8.1065,12.2732],[8.1004,12.2725],[8.0994,12.2708],[8.0921,12.2638],[8.0871,12.2677],[8.0811,12.2697],[8.0793,12.2693],[8.0793,12.267],[8.0766,12.2634],[8.0713,12.2608],[8.0615,12.2607],[8.0579,12.2634],[8.0558,12.2685],[8.0561,12.2721],[8.052,12.2746],[8.049,12.2779],[8.0486,12.2818],[8.0414,12.282],[8.0382,12.2836],[8.0314,12.2846],[8.0288,12.2872],[8.0187,12.2843],[8.0163,12.2892],[8.0121,12.2931],[8.0108,12.2908],[8.0082,12.2926],[8.0046,12.2909],[8.008,12.2886],[8.0076,12.2834],[8.006,12.2806],[8.0051,12.2759],[8.002,12.2741],[8.0021,12.2702],[8.0096,12.2681],[8.0131,12.2679],[8.0171,12.265],[8.0234,12.2643],[8.0266,12.2633],[8.0255,12.2592],[8.0279,12.2521],[8.0277,12.2507],[8.0369,12.2521],[8.04,12.2518],[8.0428,12.2485],[8.0421,12.2455],[8.0363,12.2358],[8.0365,12.2328],[8.0384,12.2301],[8.0407,12.2306],[8.051,12.2287],[8.0576,12.2262],[8.0646,12.2284],[8.0709,12.2295],[8.0759,12.2288],[8.0845,12.2328],[8.0868,12.2305],[8.0879,12.2269],[8.0876,12.2228],[8.0896,12.2215],[8.0942,12.2241],[8.1041,12.2161],[8.1107,12.2192],[8.1151,12.2178],[8.1168,12.2206],[8.1167,12.226],[8.1176,12.2306],[8.1147,12.2338],[8.1193,12.2399],[8.1195,12.2432],[8.1183,12.2511],[8.1241,12.2526],[8.1309,12.2557],[8.1344,12.259],[8.1373,12.2598],[8.1415,12.2584]]]},"properties":{"name":"DADDARAWA","state":"19","code":"19/40/01"}},{"type":"Feature","geometry":{"type":"Polygon","coordinates":[[[8.0426,12.1819],[8.0399,12.1851],[8.0388,12.1881],[8.0343,12.1876],[8.0321,12.1929],[8.0295,12.1951],[8.0311,12.198],[8.0275,12.2001],[8.0281,12.2029],[8.0302,12.2041],[8.034,12.2037],[8.0356,12.2054],[8.041,12.2077],[8.0438,12.2124],[8.0399,12.2166],[8.0378,12.2228],[8.0384,12.2301],[8.0365,12.2328],[8.0356,12.2303],[8.0266,12.2247],[8.0192,12.2244],[8.0224,12.2212],[8.0207,12.2194],[8.0229,12.2125],[8.0175,12.2099],[8.0097,12.2101],[8.0053,12.2139],[8.004,12.2138],[7.9948,12.2182],[7.9846,12.2195],[7.982,12.2162],[7.9841,12.2097],[7.9841,12.2064],[7.9879,12.2015],[7.996,12.1986],[7.9927,12.1892],[7.9951,12.1877],[7.9969,12.1838],[8.0028,12.1836],[8.005,12.1782],[8.0034,12.173],[7.9991,12.1666],[7.9962,12.164],[8.0082,12.1608],[8.011,12.1617],[8.0161,12.1595],[8.0184,12.1601],[8.0225,12.1659],[8.0283,12.1709],[8.0325,12.1761],[8.0364,12.1765],[8.0426,12.1819]]]},"properties":{"name":"DUNBULUN","state":"19","code":"19/40/02"}},{"type":"Feature","geometry":{"type":"Polygon","coordinates":[[[8.0868,12.1852],[8.0916,12.1803],[8.0957,12.1794],[8.1067,12.1793],[8.1113,12.1777],[8.1159,12.1792],[8.1211,12.1794],[8.1178,12.1862],[8.117,12.1879],[8.1132,12.1906],[8.1139,12.1942],[8.1115,12.1986],[8.1105,12.204],[8.1133,12.2054],[8.1155,12.2146],[8.1151,12.2178],[8.1107,12.2192],[8.1041,12.2161],[8.0942,12.2241],[8.0896,12.2215],[8.0876,12.2228],[8.0879,12.2269],[8.0868,12.2305],[8.0845,12.2328],[8.0759,12.2288],[8.0709,12.2295],[8.0646,12.2284],[8.0576,12.2262],[8.051,12.2287],[8.0407,12.2306],[8.0384,12.2301],[8.0378,12.2228],[8.0399,12.2166],[8.0438,12.2124],[8.041,12.2077],[8.0356,12.2054],[8.034,12.2037],[8.0302,12.2041],[8.0281,12.2029],[8.0275,12.2001],[8.0311,12.198],[8.0295,12.1951],[8.0321,12.1929],[8.0343,12.1876],[8.0388,12.1881],[8.0399,12.1851],[8.0426,12.1819],[8.0499,12.1803],[8.0538,12.181],[8.0628,12.1802],[8.067,12.1817],[8.0686,12.1836],[8.0743,12.1825],[8.0794,12.1846],[8.0868,12.1852]]]},"properties":{"name":"GOZAKI","state":"19","code":"19/40/03"}},{"type":"Feature","geometry":{"type":"Polygon","coordinates":[[[8.0733,12.3677],[8.0706,12.3662],[8.0655,12.3613],[8.0602,12.3576],[8.045,12.3591],[8.0314,12.3651],[8.0301,12.3685],[8.0315,12.3764],[8.034,12.3799],[8.0362,12.386],[8.0357,12.3934],[8.0337,12.396],[8.0302,12.3954],[8.013,12.3947],[8.0024,12.3936],[7.9993,12.3888],[7.9988,12.3841],[7.9934,12.3813],[7.9873,12.3728],[7.9838,12.3719],[7.9819,12.3752],[7.9807,12.3729],[7.9758,12.3712],[7.9724,12.3686],[7.9715,12.3655],[7.9681,12.3628],[7.9626,12.365],[7.9568,12.3617],[7.9535,12.3582],[7.9511,12.3519],[7.9487,12.3479],[7.9522,12.3464],[7.9549,12.347],[7.9646,12.3429],[7.9679,12.34],[7.9795,12.336],[7.9826,12.3332],[7.9806,12.3307],[7.9767,12.3226],[7.9767,12.3175],[7.9815,12.3121],[7.9928,12.3154],[7.9962,12.3254],[7.9934,12.3311],[7.9919,12.3359],[7.9898,12.3398],[7.9953,12.3458],[7.9969,12.3485],[8.0009,12.3473],[8.0035,12.3437],[8.007,12.3432],[8.0089,12.3412],[8.0119,12.335],[8.0097,12.3301],[8.0104,12.3241],[8.0119,12.323],[8.0176,12.3282],[8.0233,12.3254],[8.025,12.3267],[8.0261,12.3305],[8.0286,12.3336],[8.0313,12.3419],[8.0311,12.3443],[8.0336,12.3476],[8.0424,12.3501],[8.0509,12.3459],[8.0501,12.344],[8.0523,12.3387],[8.0541,12.3369],[8.0585,12.3382],[8.0635,12.3364],[8.0678,12.3376],[8.0702,12.3409],[8.0779,12.3424],[8.0773,12.3492],[8.0782,12.3578],[8.0743,12.3623],[8.0733,12.3677]]]},"properties":{"name":"GURUN","state":"19","code":"19/40/04"}},{"type":"Feature","geometry":{"type":"MultiPolygon","coordinates":[[[[8.0793,12.2693],[8.0767,12.2684],[8.0721,12.2686],[8.0736,12.272],[8.0725,12.2776],[8.0759,12.2799],[8.0754,12.2814],[8.0802,12.2836],[8.0797,12.2886],[8.0822,12.2945],[8.0788,12.2989],[8.0765,12.2986],[8.0709,12.2955],[8.0688,12.2954],[8.0598,12.3004],[8.0529,12.2976],[8.0504,12.2924],[8.0404,12.2983],[8.0418,12.3058],[8.0385,12.3163],[8.0402,12.3188],[8.0391,12.3231],[8.0406,12.3256],[8.0413,12.3311],[8.0465,12.3332],[8.0514,12.3344],[8.0541,12.3369],[8.0523,12.3387],[8.0501,12.344],[8.0509,12.3459],[8.0424,12.3501],[8.0336,12.3476],[8.0311,12.3443],[8.0313,12.3419],[8.0286,12.3336],[8.0261,12.3305],[8.025,12.3267],[8.0233,12.3254],[8.0176,12.3282],[8.0119,12.323],[8.0104,12.3241],[8.0097,12.3301],[8.0119,12.335],[8.0089,12.3412],[8.007,12.3432],[8.0035,12.3437],[8.0009,12.3473],[7.9969,12.3485],[7.9953,12.3458],[7.9898,12.3398],[7.9919,12.3359],[7.9934,12.3311],[7.9962,12.3254],[7.9928,12.3154],[7.998,12.3129],[8.0002,12.3088],[7.9978,12.2996],[7.9988,12.2916],[8.0012,12.2898],[8.0046,12.2909],[8.0082,12.2926],[8.0108,12.2908],[8.0121,12.2931],[8.0163,12.2892],[8.0187,12.2843],[8.0288,12.2872],[8.0314,12.2846],[8.0382,12.2836],[8.0414,12.282],[8.0486,12.2818],[8.049,12.2779],[8.052,12.2746],[8.0561,12.2721],[8.0558,12.2685],[8.0579,12.2634],[8.0615,12.2607],[8.0713,12.2608],[8.0766,12.2634],[8.0793,12.267],[8.0793,12.2693]]],[[[8.0726,12.3729],[8.0733,12.3744],[8.0713,12.3811],[8.0754,12.3873],[8.0763,12.3898],[8.08,12.3903],[8.0834,12.3949],[8.0932,12.3993],[8.0917,12.4089],[8.0899,12.4086],[8.0831,12.4117],[8.0792,12.4105],[8.0776,12.4117],[8.0786,12.4175],[8.0552,12.4172],[8.0467,12.4119],[8.0445,12.4095],[8.0401,12.4011],[8.036,12.4002],[8.0337,12.396],[8.0357,12.3934],[8.0362,12.386],[8.034,12.3799],[8.0315,12.3764],[8.0301,12.3685],[8.0314,12.3651],[8.045,12.3591],[8.0602,12.3576],[8.0655,12.3613],[8.0706,12.3662],[8.0733,12.3677],[8.0726,12.3729]]]]},"properties":{"name":"KABAGIWA","state":"19","code":"19/40/05"}},{"type":"Feature","geometry":{"type":"MultiPolygon","coordinates":[[[[8.0779,12.3424],[8.0702,12.3409],[8.0678,12.3376],[8.0635,12.3364],[8.0585,12.3382],[8.0541,12.3369],[8.0514,12.3344],[8.0465,12.3332],[8.0413,12.3311],[8.0406,12.3256],[8.0391,12.3231],[8.0402,12.3188],[8.0385,12.3163],[8.0418,12.3058],[8.0404,12.2983],[8.0504,12.2924],[8.0529,12.2976],[8.0598,12.3004],[8.0688,12.2954],[8.0709,12.2955],[8.0765,12.2986],[8.0788,12.2989],[8.0822,12.2945],[8.0797,12.2886],[8.0802,12.2836],[8.0754,12.2814],[8.0759,12.2799],[8.0725,12.2776],[8.0736,12.272],[8.0721,12.2686],[8.0767,12.2684],[8.0793,12.2693],[8.0811,12.2697],[8.0871,12.2677],[8.0921,12.2638],[8.0994,12.2708],[8.1004,12.2725],[8.1065,12.2732],[8.1107,12.2765],[8.1122,12.2821],[8.1154,12.2851],[8.117,12.2906],[8.1173,12.2954],[8.122,12.3018],[8.1201,12.3057],[8.1188,12.3052],[8.114,12.3076],[8.1094,12.3088],[8.1046,12.308],[8.1001,12.3049],[8.0975,12.312],[8.0928,12.3135],[8.0852,12.3139],[8.0835,12.3148],[8.0864,12.3194],[8.0867,12.3226],[8.0894,12.325],[8.0888,12.3276],[8.0823,12.331],[8.0804,12.3379],[8.0779,12.3424]]],[[[8.1121,12.4208],[8.1082,12.4164],[8.0786,12.4175],[8.0776,12.4117],[8.0792,12.4105],[8.0831,12.4117],[8.0899,12.4086],[8.0917,12.4089],[8.0932,12.3993],[8.0834,12.3949],[8.08,12.3903],[8.0763,12.3898],[8.0754,12.3873],[8.0713,12.3811],[8.0733,12.3744],[8.0726,12.3729],[8.0785,12.3686],[8.085,12.37],[8.0865,12.3718],[8.0898,12.3721],[8.0931,12.3697],[8.0981,12.3687],[8.0983,12.3667],[8.1029,12.363],[8.1096,12.3706],[8.1142,12.3729],[8.1112,12.3795],[8.1105,12.3854],[8.1133,12.3917],[8.1152,12.3926],[8.1147,12.4037],[8.1136,12.4072],[8.1143,12.4104],[8.1122,12.4165],[8.1121,12.4208]]]]},"properties":{"name":"TATSAN","state":"19","code":"19/40/06"}},{"type":"Feature","geometry":{"type":"Polygon","coordinates":[[[8.0046,12.2909],[8.0012,12.2898],[7.9988,12.2916],[7.9978,12.2996],[8.0002,12.3088],[7.998,12.3129],[7.9928,12.3154],[7.9815,12.3121],[7.9767,12.3175],[7.9736,12.3161],[7.9704,12.3113],[7.9687,12.3052],[7.9699,12.3022],[7.9705,12.2956],[7.9664,12.2962],[7.9657,12.299],[7.9633,12.3003],[7.9553,12.3004],[7.9525,12.2962],[7.9536,12.2917],[7.9561,12.2871],[7.957,12.2822],[7.9656,12.2803],[7.9664,12.279],[7.9751,12.2805],[7.9794,12.2806],[7.9801,12.2756],[7.9831,12.269],[7.9868,12.269],[7.9978,12.2657],[7.9993,12.2616],[7.9986,12.2565],[7.9992,12.2507],[8.0007,12.2484],[8.0052,12.2477],[8.0091,12.2458],[8.0114,12.2404],[8.01,12.2367],[8.0078,12.2366],[8.0077,12.2332],[8.0175,12.2283],[8.0192,12.2244],[8.0266,12.2247],[8.0356,12.2303],[8.0365,12.2328],[8.0363,12.2358],[8.0421,12.2455],[8.0428,12.2485],[8.04,12.2518],[8.0369,12.2521],[8.0277,12.2507],[8.0279,12.2521],[8.0255,12.2592],[8.0266,12.2633],[8.0234,12.2643],[8.0171,12.265],[8.0131,12.2679],[8.0096,12.2681],[8.0021,12.2702],[8.002,12.2741],[8.0051,12.2759],[8.006,12.2806],[8.0076,12.2834],[8.008,12.2886],[8.0046,12.2909]]]},"properties":{"name":"TSANYAWA","state":"19","code":"19/40/07"}},{"type":"Feature","geometry":{"type":"Polygon","coordinates":[[[7.935,12.201],[7.9356,12.207],[7.941,12.2101],[7.945,12.2231],[7.9485,12.2316],[7.9514,12.2334],[7.9603,12.2344],[7.9618,12.2398],[7.9636,12.2401],[7.97,12.2456],[7.9675,12.2523],[7.9649,12.2536],[7.9612,12.2579],[7.9607,12.2607],[7.9642,12.2631],[7.9668,12.2671],[7.9752,12.2742],[7.9801,12.2756],[7.9794,12.2806],[7.9751,12.2805],[7.9664,12.279],[7.9656,12.2803],[7.957,12.2822],[7.9528,12.2782],[7.9509,12.2736],[7.9444,12.2681],[7.9417,12.2684],[7.9336,12.2663],[7.9296,12.2661],[7.9265,12.2612],[7.9205,12.2603],[7.9149,12.2616],[7.9081,12.2652],[7.9074,12.274],[7.9039,12.2752],[7.8946,12.2764],[7.8925,12.2755],[7.8922,12.2703],[7.8851,12.2696],[7.8838,12.2637],[7.8749,12.2628],[7.8757,12.2574],[7.8781,12.2534],[7.8764,12.2352],[7.873,12.2348],[7.8771,12.2344],[7.8839,12.2323],[7.8839,12.2298],[7.8816,12.2284],[7.8888,12.2248],[7.8922,12.2192],[7.8917,12.2162],[7.8929,12.2085],[7.9005,12.2105],[7.9036,12.2101],[7.906,12.2078],[7.9069,12.2036],[7.906,12.2014],[7.9106,12.1962],[7.9137,12.1955],[7.914,12.1986],[7.917,12.1989],[7.9213,12.1961],[7.9254,12.1987],[7.9273,12.2052],[7.9287,12.2035],[7.935,12.201]]]},"properties":{"name":"YANGANAU","state":"19","code":"19/40/08"}},{"type":"Feature","geometry":{"type":"Polygon","coordinates":[[[7.9487,12.3479],[7.9449,12.3492],[7.9337,12.3444],[7.9226,12.3367],[7.9211,12.3364],[7.9182,12.333],[7.9129,12.3318],[7.9087,12.3293],[7.9014,12.3322],[7.8981,12.3315],[7.8936,12.3305],[7.8898,12.3247],[7.89,12.3218],[7.8869,12.3114],[7.885,12.2985],[7.877,12.2896],[7.8647,12.2803],[7.8685,12.2705],[7.87,12.2701],[7.8749,12.2628],[7.8838,12.2637],[7.8851,12.2696],[7.8922,12.2703],[7.8925,12.2755],[7.8946,12.2764],[7.9039,12.2752],[7.9074,12.274],[7.9081,12.2652],[7.9149,12.2616],[7.9205,12.2603],[7.9265,12.2612],[7.9296,12.2661],[7.9336,12.2663],[7.9417,12.2684],[7.9444,12.2681],[7.9509,12.2736],[7.9528,12.2782],[7.957,12.2822],[7.9561,12.2871],[7.9536,12.2917],[7.9525,12.2962],[7.9553,12.3004],[7.9633,12.3003],[7.9657,12.299],[7.9664,12.2962],[7.9705,12.2956],[7.9699,12.3022],[7.9687,12.3052],[7.9704,12.3113],[7.9736,12.3161],[7.9767,12.3175],[7.9767,12.3226],[7.9806,12.3307],[7.9826,12.3332],[7.9795,12.336],[7.9679,12.34],[7.9646,12.3429],[7.9549,12.347],[7.9522,12.3464],[7.9487,12.3479]]]},"properties":{"name":"YANKAMAYE","state":"19","code":"19/40/09"}},{"type":"Feature","geometry":{"type":"Polygon","coordinates":[[[7.9441,12.1812],[7.948,12.1812],[7.9546,12.1786],[7.9593,12.1789],[7.9613,12.1821],[7.958,12.1927],[7.9615,12.1964],[7.9647,12.1953],[7.9687,12.1916],[7.9707,12.1884],[7.9736,12.1914],[7.9809,12.1926],[7.9829,12.1918],[7.9875,12.1927],[7.9923,12.1905],[7.9927,12.1892],[7.996,12.1986],[7.9879,12.2015],[7.9841,12.2064],[7.9841,12.2097],[7.982,12.2162],[7.9846,12.2195],[7.9948,12.2182],[8.004,12.2138],[8.0053,12.2139],[8.0097,12.2101],[8.0175,12.2099],[8.0229,12.2125],[8.0207,12.2194],[8.0224,12.2212],[8.0192,12.2244],[8.0175,12.2283],[8.0077,12.2332],[8.0078,12.2366],[8.01,12.2367],[8.0114,12.2404],[8.0091,12.2458],[8.0052,12.2477],[8.0007,12.2484],[7.9992,12.2507],[7.9986,12.2565],[7.9993,12.2616],[7.9978,12.2657],[7.9868,12.269],[7.9831,12.269],[7.9801,12.2756],[7.9752,12.2742],[7.9668,12.2671],[7.9642,12.2631],[7.9607,12.2607],[7.9612,12.2579],[7.9649,12.2536],[7.9675,12.2523],[7.97,12.2456],[7.9636,12.2401],[7.9618,12.2398],[7.9603,12.2344],[7.9514,12.2334],[7.9485,12.2316],[7.945,12.2231],[7.941,12.2101],[7.9356,12.207],[7.935,12.201],[7.9364,12.1962],[7.9401,12.1963],[7.9433,12.1917],[7.9441,12.1812]]]},"properties":{"name":"ZAROGI","state":"19","code":"19/40/10"}},{"type":"Feature","geometry":{"type":"MultiPolygon","coordinates":[[[[8.6321,11.2156],[8.6432,11.2212],[8.6471,11.2217],[8.6519,11.2262],[8.6571,11.2272],[8.6619,11.2336],[8.6663,11.2456],[8.6678,11.2505],[8.6713,11.2555],[8.676,11.2655],[8.6762,11.2679],[8.6798,11.2702],[8.6841,11.2717],[8.6846,11.2736],[8.6908,11.2719],[8.6979,11.2734],[8.706,11.2777],[8.7076,11.2794],[8.7147,11.2842],[8.7161,11.2821],[8.7199,11.2802],[8.7229,11.2763],[8.7269,11.2769],[8.7299,11.2741],[8.7341,11.2728],[8.7427,11.2717],[8.7488,11.2723],[8.7527,11.2777],[8.7599,11.284],[8.7615,11.2875],[8.7585,11.2959],[8.7593,11.3012],[8.762,11.3066],[8.7618,11.3118],[8.7667,11.3184],[8.773,11.3171],[8.7785,11.3182],[8.78,11.3174],[8.7805,11.3209],[8.7803,11.3302],[8.7844,11.3437],[8.7865,11.3455],[8.785,11.3485],[8.786,11.3588],[8.7878,11.3669],[8.7896,11.3709],[8.7911,11.3767],[8.787,11.3832],[8.7801,11.3846],[8.7749,11.3829],[8.7696,11.3838],[8.7664,11.3885],[8.7611,11.3913],[8.7563,11.3891],[8.7531,11.3866],[8.75,11.38],[8.7495,11.3717],[8.7477,11.3625],[8.7444,11.3569],[8.7428,11.3562],[8.7323,11.3577],[8.7281,11.3571],[8.7201,11.3514],[8.7164,11.3462],[8.7092,11.3453],[8.7061,11.3462],[8.6992,11.341],[8.698,11.3343],[8.6938,11.3211],[8.6922,11.3204],[8.6873,11.3243],[8.6847,11.3242],[8.6776,11.3215],[8.6737,11.3166],[8.6669,11.3158],[8.6579,11.317],[8.6527,11.3153],[8.6492,11.3118],[8.6466,11.3078],[8.6446,11.3023],[8.6364,11.294],[8.6361,11.2894],[8.6319,11.2882],[8.6322,11.2841],[8.6299,11.2776],[8.6265,11.272],[8.6209,11.2661],[8.6206,11.2622],[8.619,11.258],[8.6182,11.2532],[8.6199,11.2483],[8.6236,11.2446],[8.6257,11.2372],[8.6306,11.2334],[8.6317,11.2315],[8.6292,11.2226],[8.6316,11.2184],[8.6321,11.2156]]],[[[8.6445,11.1158],[8.6511,11.1184],[8.6635,11.1261],[8.6774,11.1304],[8.6885,11.1358],[8.7116,11.1488],[8.7239,11.155],[8.7314,11.1614],[8.7425,11.1736],[8.7458,11.1789],[8.7503,11.1841],[8.7528,11.1884],[8.7562,11.1915],[8.7619,11.1943],[8.7705,11.194],[8.7749,11.1996],[8.7741,11.2084],[8.7736,11.2159],[8.7723,11.2179],[8.7674,11.2199],[8.7618,11.2179],[8.7603,11.2163],[8.7511,11.2107],[8.7476,11.2098],[8.7345,11.2104],[8.7223,11.2119],[8.7144,11.2125],[8.7091,11.2117],[8.7006,11.2068],[8.698,11.2021],[8.692,11.1994],[8.6864,11.1959],[8.667,11.1896],[8.6573,11.1873],[8.6452,11.1839],[8.6428,11.1819],[8.6413,11.1785],[8.6432,11.1719],[8.6432,11.1627],[8.6447,11.1592],[8.6448,11.1553],[8.6435,11.1522],[8.6438,11.1435],[8.6426,11.1374],[8.6435,11.1325],[8.6426,11.1279],[8.6445,11.1158]]]]},"properties":{"name":"BABURI","state":"19","code":"19/41/01"}},{"type":"Feature","geometry":{"type":"Polygon","coordinates":[[[8.7726,11.4566],[8.7738,11.4598],[8.7711,11.461],[8.7712,11.4634],[8.7684,11.4693],[8.7701,11.4719],[8.7616,11.474],[8.7598,11.4762],[8.7534,11.4742],[8.7495,11.4755],[8.7426,11.4736],[8.7447,11.4684],[8.7439,11.4666],[8.7473,11.4644],[8.7458,11.4619],[8.7487,11.456],[8.741,11.4456],[8.7363,11.4359],[8.7369,11.4348],[8.7314,11.4296],[8.7298,11.4252],[8.7264,11.42],[8.7212,11.4169],[8.7131,11.4211],[8.7088,11.4185],[8.7034,11.4164],[8.6994,11.4123],[8.6949,11.4116],[8.6878,11.4134],[8.6763,11.4098],[8.6738,11.4031],[8.6738,11.3973],[8.6759,11.3971],[8.6779,11.3902],[8.6773,11.3861],[8.6753,11.3835],[8.6742,11.3782],[8.675,11.3743],[8.6775,11.3729],[8.6772,11.3674],[8.6825,11.3621],[8.6859,11.3612],[8.6919,11.358],[8.6956,11.3537],[8.7014,11.3503],[8.7061,11.3462],[8.7092,11.3453],[8.7164,11.3462],[8.7201,11.3514],[8.7281,11.3571],[8.7323,11.3577],[8.7428,11.3562],[8.7444,11.3569],[8.7477,11.3625],[8.7495,11.3717],[8.75,11.38],[8.7531,11.3866],[8.7563,11.3891],[8.7611,11.3913],[8.7664,11.3885],[8.7696,11.3838],[8.7749,11.3829],[8.7801,11.3846],[8.787,11.3832],[8.7889,11.3883],[8.792,11.3919],[8.7928,11.3954],[8.7958,11.3963],[8.7972,11.3995],[8.7964,11.4017],[8.7902,11.4033],[8.7904,11.4103],[8.7916,11.4148],[8.7887,11.4201],[8.789,11.4285],[8.7841,11.433],[8.7862,11.4379],[8.7899,11.4433],[8.788,11.4462],[8.785,11.4451],[8.774,11.4433],[8.7696,11.4471],[8.7726,11.4566]]]},"properties":{"name":"BURUMBURUM","state":"19","code":"19/41/02"}},{"type":"Feature","geometry":{"type":"Polygon","coordinates":[[[8.6171,11.3534],[8.6106,11.351],[8.6097,11.3496],[8.6015,11.3456],[8.5968,11.3464],[8.5938,11.3431],[8.5871,11.342],[8.5839,11.3451],[8.5791,11.3477],[8.5699,11.3393],[8.5679,11.336],[8.5615,11.3393],[8.5617,11.3367],[8.5748,11.3244],[8.5808,11.3229],[8.5867,11.3182],[8.5901,11.3167],[8.5958,11.3043],[8.5993,11.2992],[8.6012,11.2931],[8.6063,11.2875],[8.6104,11.2862],[8.6142,11.2795],[8.6209,11.2661],[8.6265,11.272],[8.6299,11.2776],[8.6322,11.2841],[8.6319,11.2882],[8.6361,11.2894],[8.6364,11.294],[8.6446,11.3023],[8.6466,11.3078],[8.6492,11.3118],[8.6527,11.3153],[8.6579,11.317],[8.6669,11.3158],[8.6737,11.3166],[8.6776,11.3215],[8.6847,11.3242],[8.6873,11.3243],[8.6922,11.3204],[8.6938,11.3211],[8.698,11.3343],[8.6992,11.341],[8.7061,11.3462],[8.7014,11.3503],[8.6956,11.3537],[8.6919,11.358],[8.6859,11.3612],[8.6825,11.3621],[8.6772,11.3674],[8.6775,11.3729],[8.675,11.3743],[8.6742,11.3782],[8.6753,11.3835],[8.6773,11.3861],[8.6779,11.3902],[8.6759,11.3971],[8.6738,11.3973],[8.6703,11.3895],[8.6676,11.3858],[8.6608,11.3839],[8.6555,11.3803],[8.6535,11.375],[8.6525,11.3649],[8.6507,11.3631],[8.6464,11.3629],[8.6437,11.3638],[8.6379,11.3637],[8.6352,11.3617],[8.6318,11.3567],[8.6273,11.3536],[8.625,11.3538],[8.6215,11.3514],[8.6171,11.3534]]]},"properties":{"name":"DALAWA","state":"19","code":"19/41/03"}},{"type":"Feature","geometry":{"type":"MultiPolygon","coordinates":[[[[8.4475,11.2033],[8.454,11.2058],[8.4562,11.2089],[8.4601,11.2113],[8.461,11.2168],[8.4658,11.2178],[8.4729,11.2111],[8.478,11.2083],[8.482,11.2135],[8.4912,11.2284],[8.4939,11.2309],[8.4989,11.2335],[8.5015,11.2365],[8.5024,11.2416],[8.5072,11.2481],[8.5047,11.2535],[8.5024,11.2551],[8.4998,11.2609],[8.4999,11.2648],[8.4978,11.2703],[8.4907,11.2709],[8.4834,11.2752],[8.4835,11.281],[8.4816,11.286],[8.4818,11.2882],[8.4781,11.2964],[8.4763,11.2963],[8.4747,11.294],[8.4673,11.2904],[8.4617,11.2887],[8.4545,11.2841],[8.4532,11.2881],[8.4466,11.2851],[8.4437,11.2854],[8.4396,11.2876],[8.4343,11.2859],[8.4239,11.2867],[8.4194,11.2884],[8.4193,11.2835],[8.4222,11.283],[8.4232,11.2792],[8.4271,11.2723],[8.4237,11.2697],[8.4184,11.2688],[8.4149,11.2635],[8.4155,11.2561],[8.4138,11.2521],[8.4114,11.2492],[8.4124,11.2429],[8.4147,11.2378],[8.4165,11.2372],[8.417,11.2306],[8.4211,11.2306],[8.428,11.2291],[8.4338,11.2266],[8.4379,11.2168],[8.4381,11.2098],[8.4475,11.2033]]],[[[8.3422,11.3633],[8.3428,11.3603],[8.3386,11.36],[8.3357,11.3583],[8.335,11.3542],[8.3309,11.3552],[8.3256,11.3518],[8.3244,11.3495],[8.3182,11.3461],[8.3209,11.342],[8.328,11.335],[8.3286,11.3275],[8.3295,11.3256],[8.3336,11.3268],[8.3384,11.3259],[8.3384,11.3217],[8.3404,11.3166],[8.3473,11.3119],[8.3512,11.3138],[8.354,11.3154],[8.3561,11.3145],[8.3599,11.3105],[8.3609,11.3042],[8.3637,11.3024],[8.3657,11.2984],[8.3692,11.2944],[8.3725,11.2931],[8.3736,11.291],[8.381,11.285],[8.3803,11.2806],[8.3825,11.2787],[8.383,11.269],[8.3869,11.2664],[8.3935,11.2678],[8.3972,11.2696],[8.3912,11.2802],[8.3942,11.284],[8.3923,11.2893],[8.393,11.2994],[8.3888,11.2998],[8.3851,11.3014],[8.3839,11.306],[8.3861,11.3095],[8.3898,11.3093],[8.3945,11.3106],[8.3949,11.3154],[8.3915,11.3178],[8.3829,11.317],[8.3795,11.3212],[8.374,11.3186],[8.3695,11.3217],[8.3618,11.3241],[8.359,11.329],[8.3665,11.3321],[8.3677,11.335],[8.3679,11.34],[8.3721,11.34],[8.3747,11.3435],[8.3741,11.3497],[8.3722,11.3503],[8.3678,11.3571],[8.3682,11.3596],[8.3731,11.364],[8.3729,11.3683],[8.3684,11.3643],[8.3657,11.3644],[8.3615,11.3628],[8.3606,11.3654],[8.3559,11.3687],[8.352,11.3654],[8.3422,11.3633]]]]},"properties":{"name":"JANDUTSE","state":"19","code":"19/41/04"}},{"type":"Feature","geometry":{"type":"Polygon","coordinates":[[[8.5185,11.1621],[8.5208,11.1668],[8.5281,11.1692],[8.5313,11.172],[8.5348,11.1731],[8.5402,11.1782],[8.5454,11.1794],[8.5547,11.1896],[8.5404,11.1986],[8.5396,11.2059],[8.5405,11.2096],[8.5436,11.2102],[8.5505,11.2148],[8.55,11.219],[8.553,11.2208],[8.5533,11.2275],[8.5602,11.2353],[8.5585,11.2376],[8.5526,11.2383],[8.5483,11.2405],[8.5462,11.2442],[8.536,11.2453],[8.5344,11.2472],[8.5283,11.2461],[8.5247,11.2431],[8.5214,11.2376],[8.519,11.2356],[8.5149,11.2359],[8.5089,11.2351],[8.5015,11.2365],[8.4989,11.2335],[8.4939,11.2309],[8.4912,11.2284],[8.482,11.2135],[8.478,11.2083],[8.4729,11.2111],[8.4658,11.2178],[8.461,11.2168],[8.4601,11.2113],[8.4562,11.2089],[8.454,11.2058],[8.4475,11.2033],[8.4513,11.1955],[8.4575,11.1841],[8.4619,11.1718],[8.4669,11.1681],[8.4701,11.1693],[8.4733,11.1667],[8.4779,11.165],[8.4834,11.1616],[8.4918,11.1625],[8.4976,11.1626],[8.5021,11.1589],[8.509,11.1586],[8.5146,11.163],[8.5185,11.1621]]]},"properties":{"name":"JITA","state":"19","code":"19/41/05"}},{"type":"Feature","geometry":{"type":"Polygon","coordinates":[[[8.3842,11.3834],[8.393,11.3766],[8.3973,11.37],[8.3988,11.3607],[8.3985,11.3587],[8.4014,11.3572],[8.4053,11.3528],[8.4061,11.3501],[8.4009,11.3467],[8.403,11.3383],[8.406,11.3345],[8.4046,11.328],[8.4067,11.3253],[8.4042,11.3222],[8.4055,11.3191],[8.4112,11.3136],[8.4109,11.3027],[8.415,11.2972],[8.4172,11.2926],[8.4194,11.2884],[8.4239,11.2867],[8.4343,11.2859],[8.4396,11.2876],[8.4437,11.2854],[8.4466,11.2851],[8.4532,11.2881],[8.4545,11.2841],[8.4617,11.2887],[8.4673,11.2904],[8.4747,11.294],[8.4763,11.2963],[8.4729,11.3029],[8.4756,11.3063],[8.4754,11.3114],[8.4768,11.3161],[8.4767,11.32],[8.4806,11.3203],[8.4874,11.3174],[8.4921,11.3206],[8.4949,11.3262],[8.4981,11.3277],[8.4991,11.3331],[8.501,11.3351],[8.4977,11.337],[8.4974,11.3398],[8.4953,11.3415],[8.4869,11.3424],[8.4831,11.3411],[8.4825,11.344],[8.4848,11.3522],[8.4888,11.357],[8.4898,11.361],[8.4891,11.3633],[8.4928,11.3664],[8.4954,11.3737],[8.4955,11.376],[8.489,11.3794],[8.4867,11.3795],[8.4786,11.3823],[8.476,11.3809],[8.4685,11.3786],[8.4673,11.3801],[8.4612,11.3818],[8.4552,11.3861],[8.4516,11.387],[8.4481,11.3904],[8.4426,11.3903],[8.436,11.3931],[8.4333,11.3934],[8.4298,11.3986],[8.4255,11.3992],[8.4253,11.4016],[8.4226,11.4033],[8.4129,11.4068],[8.4088,11.4071],[8.404,11.4091],[8.3997,11.4097],[8.3942,11.4064],[8.3901,11.4027],[8.3878,11.3975],[8.3875,11.393],[8.3843,11.3857],[8.3842,11.3834]]]},"properties":{"name":"KAREFA","state":"19","code":"19/41/06"}},{"type":"Feature","geometry":{"type":"Polygon","coordinates":[[[8.6316,11.2184],[8.6292,11.2226],[8.6317,11.2315],[8.6306,11.2334],[8.6257,11.2372],[8.6236,11.2446],[8.6199,11.2483],[8.6182,11.2532],[8.619,11.258],[8.6206,11.2622],[8.6209,11.2661],[8.6142,11.2795],[8.6104,11.2862],[8.6063,11.2875],[8.6012,11.2931],[8.5993,11.2992],[8.5958,11.3043],[8.5901,11.3167],[8.5867,11.3182],[8.5808,11.3229],[8.5748,11.3244],[8.5617,11.3367],[8.5615,11.3393],[8.5589,11.3378],[8.5569,11.3401],[8.5519,11.3416],[8.5501,11.3434],[8.5429,11.3451],[8.5403,11.3487],[8.5368,11.3498],[8.5258,11.3574],[8.5211,11.3637],[8.5192,11.3646],[8.5057,11.3745],[8.5051,11.3763],[8.5004,11.3741],[8.4958,11.3759],[8.4955,11.376],[8.4954,11.3737],[8.4928,11.3664],[8.4891,11.3633],[8.4898,11.361],[8.4888,11.357],[8.4848,11.3522],[8.4825,11.344],[8.4831,11.3411],[8.4869,11.3424],[8.4953,11.3415],[8.4974,11.3398],[8.4977,11.337],[8.501,11.3351],[8.4991,11.3331],[8.4981,11.3277],[8.4949,11.3262],[8.4921,11.3206],[8.4874,11.3174],[8.4806,11.3203],[8.4767,11.32],[8.4768,11.3161],[8.4754,11.3114],[8.4756,11.3063],[8.4729,11.3029],[8.4763,11.2963],[8.4781,11.2964],[8.4818,11.2882],[8.4816,11.286],[8.4835,11.281],[8.4834,11.2752],[8.4907,11.2709],[8.4978,11.2703],[8.4999,11.2648],[8.4998,11.2609],[8.5024,11.2551],[8.5047,11.2535],[8.5072,11.2481],[8.5024,11.2416],[8.5015,11.2365],[8.5089,11.2351],[8.5149,11.2359],[8.519,11.2356],[8.5214,11.2376],[8.5247,11.2431],[8.5283,11.2461],[8.5344,11.2472],[8.536,11.2453],[8.5462,11.2442],[8.5483,11.2405],[8.5526,11.2383],[8.5585,11.2376],[8.5602,11.2353],[8.5533,11.2275],[8.553,11.2208],[8.55,11.219],[8.5505,11.2148],[8.5436,11.2102],[8.5405,11.2096],[8.5396,11.2059],[8.5404,11.1986],[8.5547,11.1896],[8.5574,11.1923],[8.5607,11.1977],[8.5656,11.2033],[8.5687,11.2037],[8.5752,11.2123],[8.5779,11.218],[8.5806,11.218],[8.5836,11.2203],[8.5831,11.2259],[8.5899,11.2265],[8.5929,11.224],[8.5956,11.2185],[8.6026,11.2183],[8.6059,11.2195],[8.6106,11.2185],[8.6166,11.22],[8.6212,11.2176],[8.6259,11.2184],[8.6316,11.2184]]]},"properties":{"name":"NATA'ALA","state":"19","code":"19/41/07"}},{"type":"Feature","geometry":{"type":"Polygon","coordinates":[[[8.3799,11.2269],[8.379,11.2329],[8.3815,11.2379],[8.3812,11.2415],[8.3874,11.2417],[8.3917,11.2431],[8.3906,11.2455],[8.4038,11.2497],[8.4114,11.2492],[8.4138,11.2521],[8.4155,11.2561],[8.4149,11.2635],[8.4184,11.2688],[8.4237,11.2697],[8.4271,11.2723],[8.4232,11.2792],[8.4222,11.283],[8.4193,11.2835],[8.4194,11.2884],[8.4172,11.2926],[8.4135,11.2901],[8.4132,11.2872],[8.4085,11.2815],[8.4056,11.279],[8.4054,11.2763],[8.408,11.2679],[8.4032,11.2631],[8.3994,11.2614],[8.3971,11.2623],[8.3919,11.2598],[8.3894,11.2567],[8.3776,11.256],[8.3764,11.2585],[8.3719,11.2638],[8.3667,11.2652],[8.3621,11.2688],[8.3602,11.2688],[8.3599,11.2624],[8.3496,11.2578],[8.3425,11.2527],[8.3392,11.2531],[8.3367,11.2508],[8.3373,11.2457],[8.3359,11.2341],[8.3366,11.2332],[8.3458,11.2303],[8.3534,11.2274],[8.3593,11.2266],[8.3799,11.2269]]]},"properties":{"name":"SABON GARI","state":"19","code":"19/41/08"}},{"type":"Feature","geometry":{"type":"Polygon","coordinates":[[[8.417,11.2306],[8.4165,11.2372],[8.4147,11.2378],[8.4124,11.2429],[8.4114,11.2492],[8.4038,11.2497],[8.3906,11.2455],[8.3917,11.2431],[8.3874,11.2417],[8.3812,11.2415],[8.3815,11.2379],[8.379,11.2329],[8.3799,11.2269],[8.4029,11.2279],[8.4063,11.2294],[8.417,11.2306]]]},"properties":{"name":"TSOHOGARI","state":"19","code":"19/41/09"}},{"type":"Feature","geometry":{"type":"Polygon","coordinates":[[[8.3729,11.3683],[8.3731,11.364],[8.3682,11.3596],[8.3678,11.3571],[8.3722,11.3503],[8.3741,11.3497],[8.3747,11.3435],[8.3721,11.34],[8.3679,11.34],[8.3677,11.335],[8.3665,11.3321],[8.359,11.329],[8.3618,11.3241],[8.3695,11.3217],[8.374,11.3186],[8.3795,11.3212],[8.3829,11.317],[8.3915,11.3178],[8.3949,11.3154],[8.3945,11.3106],[8.3898,11.3093],[8.3861,11.3095],[8.3839,11.306],[8.3851,11.3014],[8.3888,11.2998],[8.393,11.2994],[8.3923,11.2893],[8.3942,11.284],[8.3912,11.2802],[8.3972,11.2696],[8.3935,11.2678],[8.3869,11.2664],[8.383,11.269],[8.3825,11.2787],[8.3803,11.2806],[8.381,11.285],[8.3736,11.291],[8.3725,11.2931],[8.3692,11.2944],[8.3657,11.2984],[8.3637,11.3024],[8.3609,11.3042],[8.3599,11.3105],[8.3561,11.3145],[8.354,11.3154],[8.3512,11.3138],[8.3481,11.2983],[8.3498,11.2941],[8.3481,11.2884],[8.3534,11.2841],[8.3529,11.2814],[8.3491,11.2765],[8.3551,11.2692],[8.3602,11.2688],[8.3621,11.2688],[8.3667,11.2652],[8.3719,11.2638],[8.3764,11.2585],[8.3776,11.256],[8.3894,11.2567],[8.3919,11.2598],[8.3971,11.2623],[8.3994,11.2614],[8.4032,11.2631],[8.408,11.2679],[8.4054,11.2763],[8.4056,11.279],[8.4085,11.2815],[8.4132,11.2872],[8.4135,11.2901],[8.4172,11.2926],[8.415,11.2972],[8.4109,11.3027],[8.4112,11.3136],[8.4055,11.3191],[8.4042,11.3222],[8.4067,11.3253],[8.4046,11.328],[8.406,11.3345],[8.403,11.3383],[8.4009,11.3467],[8.4061,11.3501],[8.4053,11.3528],[8.4014,11.3572],[8.3985,11.3587],[8.3988,11.3607],[8.3973,11.37],[8.393,11.3766],[8.3842,11.3834],[8.3761,11.3808],[8.3738,11.3781],[8.3726,11.3724],[8.3729,11.3683]]]},"properties":{"name":"SHUWAKI","state":"19","code":"19/41/10"}},{"type":"Feature","geometry":{"type":"Polygon","coordinates":[[[8.2979,11.2342],[8.3082,11.2354],[8.315,11.2328],[8.3252,11.2272],[8.3307,11.228],[8.334,11.2295],[8.3366,11.2332],[8.3359,11.2341],[8.3373,11.2457],[8.3367,11.2508],[8.3392,11.2531],[8.3425,11.2527],[8.3496,11.2578],[8.3599,11.2624],[8.3602,11.2688],[8.3551,11.2692],[8.3491,11.2765],[8.3529,11.2814],[8.3534,11.2841],[8.3481,11.2884],[8.3498,11.2941],[8.3481,11.2983],[8.3512,11.3138],[8.3473,11.3119],[8.3404,11.3166],[8.3384,11.3217],[8.3384,11.3259],[8.3336,11.3268],[8.3295,11.3256],[8.3286,11.3275],[8.328,11.335],[8.3209,11.342],[8.3182,11.3461],[8.3117,11.3456],[8.3076,11.3484],[8.3052,11.3488],[8.3002,11.3466],[8.2992,11.3453],[8.2972,11.3372],[8.2943,11.3316],[8.2892,11.3262],[8.2847,11.3225],[8.283,11.3197],[8.2788,11.3212],[8.2721,11.3192],[8.2639,11.3132],[8.2621,11.3074],[8.2585,11.3022],[8.2563,11.3012],[8.2547,11.2958],[8.2549,11.2916],[8.2573,11.2797],[8.2618,11.2764],[8.2661,11.2774],[8.2731,11.2765],[8.2766,11.2778],[8.278,11.2749],[8.2861,11.2682],[8.2874,11.2646],[8.2878,11.2589],[8.2917,11.256],[8.291,11.2524],[8.2937,11.2495],[8.294,11.2425],[8.2979,11.2342]]]},"properties":{"name":"YARYASA","state":"19","code":"19/41/11"}},{"type":"Feature","geometry":{"type":"Polygon","coordinates":[[[8.4663,12.0654],[8.4753,12.0691],[8.4779,12.0696],[8.4768,12.0737],[8.4746,12.0775],[8.4654,12.0742],[8.4623,12.0704],[8.4567,12.0674],[8.4496,12.0647],[8.4457,12.0655],[8.4415,12.0638],[8.4438,12.0809],[8.4393,12.0799],[8.435,12.0748],[8.4288,12.0723],[8.4281,12.0691],[8.4282,12.0626],[8.4258,12.0591],[8.4172,12.0567],[8.4159,12.0522],[8.4136,12.0502],[8.4102,12.0494],[8.4105,12.0447],[8.4078,12.0444],[8.4068,12.0392],[8.4149,12.0404],[8.4175,12.0383],[8.4211,12.0406],[8.4266,12.0394],[8.4292,12.0397],[8.4313,12.0367],[8.4312,12.032],[8.4381,12.0322],[8.4413,12.0313],[8.4416,12.0246],[8.4487,12.0311],[8.4561,12.0371],[8.4641,12.0408],[8.4708,12.0457],[8.4674,12.0553],[8.4651,12.0573],[8.4632,12.0637],[8.4663,12.0654]]]},"properties":{"name":"BACHIRAWA","state":"19","code":"19/42/01"}},{"type":"Feature","geometry":{"type":"Polygon","coordinates":[[[8.5511,12.053],[8.5534,12.0528],[8.556,12.0485],[8.5549,12.0466],[8.5575,12.0428],[8.5576,12.0406],[8.5586,12.0404],[8.5617,12.0425],[8.5629,12.0457],[8.5679,12.0499],[8.5727,12.0569],[8.5754,12.0593],[8.5836,12.0613],[8.5818,12.0652],[8.5853,12.0686],[8.5822,12.0714],[8.576,12.0816],[8.5856,12.0862],[8.5864,12.0903],[8.5881,12.0912],[8.5841,12.0949],[8.5837,12.0973],[8.58,12.0958],[8.5724,12.1032],[8.5699,12.1091],[8.5611,12.0984],[8.5609,12.0951],[8.5567,12.0913],[8.5528,12.0903],[8.5506,12.0836],[8.5477,12.0811],[8.5505,12.079],[8.5455,12.0763],[8.5429,12.067],[8.5494,12.0678],[8.5539,12.0598],[8.5536,12.057],[8.5513,12.0558],[8.5511,12.053]]]},"properties":{"name":"GAYAWA","state":"19","code":"19/42/02"}},{"type":"Feature","geometry":{"type":"Polygon","coordinates":[[[8.4438,12.0809],[8.4415,12.0638],[8.4457,12.0655],[8.4496,12.0647],[8.4567,12.0674],[8.4623,12.0704],[8.4654,12.0742],[8.4746,12.0775],[8.4768,12.0737],[8.4779,12.0696],[8.4797,12.066],[8.4843,12.0655],[8.4855,12.0594],[8.4875,12.0559],[8.4933,12.0581],[8.4968,12.0633],[8.4979,12.0667],[8.5017,12.0689],[8.5053,12.0673],[8.5097,12.0702],[8.5075,12.0739],[8.4983,12.0741],[8.4983,12.0806],[8.4902,12.0788],[8.4852,12.0801],[8.4817,12.0796],[8.4782,12.0771],[8.4765,12.08],[8.4686,12.0781],[8.4626,12.0828],[8.456,12.0828],[8.4554,12.0811],[8.4505,12.0797],[8.4446,12.0833],[8.4438,12.0809]]]},"properties":{"name":"KADAWA","state":"19","code":"19/42/03"}},{"type":"Feature","geometry":{"type":"Polygon","coordinates":[[[8.5646,12.1171],[8.5629,12.1203],[8.5576,12.1223],[8.5553,12.1278],[8.5524,12.1286],[8.551,12.1307],[8.5465,12.1312],[8.5415,12.1369],[8.5368,12.1365],[8.5331,12.1349],[8.5285,12.1356],[8.5239,12.1304],[8.52,12.133],[8.5177,12.1319],[8.5176,12.1247],[8.5148,12.1243],[8.5133,12.1201],[8.5108,12.1166],[8.5114,12.1142],[8.5075,12.1122],[8.5149,12.1082],[8.5173,12.1081],[8.5171,12.1025],[8.5185,12.0989],[8.5212,12.0951],[8.5282,12.0955],[8.5404,12.0998],[8.5494,12.0997],[8.5525,12.1018],[8.553,12.1047],[8.5566,12.1083],[8.5631,12.1103],[8.5678,12.1104],[8.5682,12.1154],[8.5646,12.1171]]]},"properties":{"name":"KARO","state":"19","code":"19/42/04"}},{"type":"Feature","geometry":{"type":"Polygon","coordinates":[[[8.541,12.0611],[8.5429,12.067],[8.5455,12.0763],[8.5505,12.079],[8.5477,12.0811],[8.5506,12.0836],[8.5528,12.0903],[8.5567,12.0913],[8.5609,12.0951],[8.5611,12.0984],[8.5699,12.1091],[8.5678,12.1104],[8.5631,12.1103],[8.5566,12.1083],[8.553,12.1047],[8.5525,12.1018],[8.5494,12.0997],[8.5404,12.0998],[8.5282,12.0955],[8.5212,12.0951],[8.5185,12.0989],[8.5156,12.0963],[8.4991,12.083],[8.4983,12.0806],[8.4983,12.0741],[8.5075,12.0739],[8.5097,12.0702],[8.5111,12.0711],[8.5142,12.0678],[8.5189,12.0658],[8.5219,12.0633],[8.5279,12.0624],[8.5371,12.0589],[8.541,12.0611]]]},"properties":{"name":"PANISAU","state":"19","code":"19/42/05"}},{"type":"Feature","geometry":{"type":"Polygon","coordinates":[[[8.6472,12.0846],[8.6439,12.0814],[8.633,12.0805],[8.6267,12.0825],[8.6184,12.0772],[8.613,12.0761],[8.6133,12.0699],[8.6098,12.0611],[8.6063,12.0567],[8.6005,12.0521],[8.5974,12.0485],[8.5921,12.0478],[8.5902,12.0547],[8.5822,12.0502],[8.5847,12.048],[8.5868,12.0398],[8.5858,12.0389],[8.5882,12.0374],[8.5899,12.0343],[8.5885,12.0305],[8.5789,12.0262],[8.5795,12.0218],[8.587,12.0236],[8.6039,12.0257],[8.6045,12.0331],[8.6056,12.0375],[8.611,12.0384],[8.6136,12.0376],[8.6141,12.0408],[8.6184,12.0426],[8.6208,12.0468],[8.6237,12.0497],[8.6239,12.0521],[8.6282,12.0528],[8.6281,12.0554],[8.6345,12.06],[8.6342,12.0631],[8.6366,12.0641],[8.6349,12.0672],[8.6413,12.0732],[8.6447,12.0753],[8.6466,12.0794],[8.6472,12.0846]]]},"properties":{"name":"RANGAZA","state":"19","code":"19/42/06"}},{"type":"Feature","geometry":{"type":"Polygon","coordinates":[[[8.4723,11.9823],[8.4706,11.9865],[8.4642,11.9872],[8.4648,11.9969],[8.4584,11.9924],[8.4512,11.9908],[8.4461,11.9973],[8.4461,12.0005],[8.4441,12.0093],[8.4461,12.0105],[8.4488,12.0165],[8.449,12.0209],[8.4433,12.0219],[8.4359,12.0218],[8.4329,12.0194],[8.4228,12.0134],[8.4181,12.0077],[8.4186,12.0019],[8.4111,12.0046],[8.4085,12.0011],[8.4093,11.998],[8.4057,11.9945],[8.4097,11.9925],[8.4133,11.9837],[8.4114,11.9801],[8.4157,11.9804],[8.4173,11.9771],[8.4138,11.975],[8.4128,11.973],[8.4219,11.9704],[8.4249,11.968],[8.4278,11.9685],[8.4314,11.9641],[8.4434,11.971],[8.4621,11.9788],[8.4723,11.9823]]]},"properties":{"name":"RIJIYAR ZAKI","state":"19","code":"19/42/07"}},{"type":"Feature","geometry":{"type":"Polygon","coordinates":[[[8.4708,12.0457],[8.4641,12.0408],[8.4561,12.0371],[8.4487,12.0311],[8.4416,12.0246],[8.4413,12.0313],[8.4381,12.0322],[8.4312,12.032],[8.4313,12.0367],[8.4292,12.0397],[8.4266,12.0394],[8.4211,12.0406],[8.4175,12.0383],[8.4149,12.0404],[8.4068,12.0392],[8.4061,12.0343],[8.4026,12.0325],[8.3997,12.0242],[8.3956,12.0199],[8.3931,12.0201],[8.3948,12.0139],[8.3979,12.0121],[8.4031,12.011],[8.4055,12.0094],[8.4101,12.0089],[8.4127,12.0062],[8.4111,12.0046],[8.4186,12.0019],[8.4181,12.0077],[8.4228,12.0134],[8.4329,12.0194],[8.4359,12.0218],[8.4433,12.0219],[8.449,12.0209],[8.4488,12.0165],[8.4461,12.0105],[8.4441,12.0093],[8.4461,12.0005],[8.4461,11.9973],[8.4512,11.9908],[8.4584,11.9924],[8.4648,11.9969],[8.4656,11.9995],[8.4652,12.0042],[8.4674,12.0044],[8.4655,12.0121],[8.4668,12.0184],[8.4693,12.0195],[8.469,12.0239],[8.47,12.0272],[8.4768,12.0296],[8.4795,12.0295],[8.4809,12.0356],[8.4833,12.0373],[8.4795,12.0429],[8.4731,12.0468],[8.4708,12.0457]]]},"properties":{"name":"TUDUN FULANI","state":"19","code":"19/42/08"}},{"type":"Feature","geometry":{"type":"Polygon","coordinates":[[[8.4446,12.0833],[8.4505,12.0797],[8.4554,12.0811],[8.456,12.0828],[8.4626,12.0828],[8.4686,12.0781],[8.4765,12.08],[8.4782,12.0771],[8.4817,12.0796],[8.4852,12.0801],[8.4902,12.0788],[8.4983,12.0806],[8.4991,12.083],[8.5156,12.0963],[8.5185,12.0989],[8.5171,12.1025],[8.5173,12.1081],[8.5149,12.1082],[8.5075,12.1122],[8.5114,12.1142],[8.5108,12.1166],[8.5133,12.1201],[8.5148,12.1243],[8.5176,12.1247],[8.5177,12.1319],[8.5128,12.133],[8.5082,12.1311],[8.5027,12.1312],[8.4991,12.1292],[8.4971,12.1312],[8.4912,12.13],[8.4903,12.1265],[8.4863,12.1229],[8.4842,12.1227],[8.4796,12.119],[8.4795,12.1173],[8.473,12.1121],[8.4701,12.1104],[8.4673,12.1059],[8.4602,12.1053],[8.4554,12.0986],[8.4505,12.0964],[8.4449,12.0953],[8.4359,12.0894],[8.4404,12.0869],[8.4446,12.0833]]]},"properties":{"name":"UNGOGO","state":"19","code":"19/42/09"}},{"type":"Feature","geometry":{"type":"Polygon","coordinates":[[[8.6393,12.1023],[8.6364,12.1032],[8.6334,12.1026],[8.6316,12.1004],[8.6273,12.0976],[8.6164,12.0922],[8.6123,12.0928],[8.6085,12.0952],[8.6021,12.0963],[8.5982,12.0957],[8.5953,12.0937],[8.5907,12.0931],[8.5881,12.0912],[8.5864,12.0903],[8.5856,12.0862],[8.576,12.0816],[8.5822,12.0714],[8.5853,12.0686],[8.5818,12.0652],[8.5836,12.0613],[8.5867,12.0609],[8.588,12.0564],[8.5902,12.0547],[8.5921,12.0478],[8.5974,12.0485],[8.6005,12.0521],[8.6063,12.0567],[8.6098,12.0611],[8.6133,12.0699],[8.613,12.0761],[8.6184,12.0772],[8.6267,12.0825],[8.633,12.0805],[8.6439,12.0814],[8.6472,12.0846],[8.6439,12.0843],[8.6412,12.0861],[8.6399,12.0908],[8.6397,12.095],[8.6384,12.0962],[8.6393,12.1023]]]},"properties":{"name":"YADAKUNYA","state":"19","code":"19/42/10"}},{"type":"Feature","geometry":{"type":"Polygon","coordinates":[[[8.5858,12.0389],[8.5868,12.0398],[8.5847,12.048],[8.5822,12.0502],[8.5902,12.0547],[8.588,12.0564],[8.5867,12.0609],[8.5836,12.0613],[8.5754,12.0593],[8.5727,12.0569],[8.5679,12.0499],[8.5629,12.0457],[8.5617,12.0425],[8.5586,12.0404],[8.5608,12.0366],[8.5613,12.0327],[8.5698,12.0388],[8.5734,12.0421],[8.5786,12.0366],[8.5858,12.0389]]]},"properties":{"name":"ZANGO","state":"19","code":"19/42/11"}},{"type":"Feature","geometry":{"type":"Polygon","coordinates":[[[8.7961,11.909],[8.7905,11.9127],[8.7852,11.9135],[8.7776,11.9185],[8.7698,11.9129],[8.7649,11.9131],[8.7632,11.9143],[8.7608,11.914],[8.7594,11.9072],[8.7574,11.903],[8.7544,11.9009],[8.7557,11.897],[8.7558,11.891],[8.7703,11.8947],[8.7768,11.8995],[8.7847,11.8954],[8.7905,11.8985],[8.7912,11.904],[8.7962,11.9056],[8.7961,11.909]]]},"properties":{"name":"AMARAWA","state":"19","code":"19/43/01"}},{"type":"Feature","geometry":{"type":"Polygon","coordinates":[[[8.7558,11.891],[8.7541,11.8883],[8.7512,11.8808],[8.7499,11.8768],[8.7497,11.8683],[8.7503,11.867],[8.7527,11.8673],[8.758,11.8717],[8.762,11.8721],[8.7644,11.8688],[8.7641,11.8654],[8.7667,11.8619],[8.7647,11.8566],[8.7647,11.854],[8.7621,11.8519],[8.7619,11.8497],[8.7653,11.8449],[8.7688,11.8445],[8.7732,11.8488],[8.7763,11.854],[8.7719,11.8609],[8.782,11.8627],[8.7822,11.8658],[8.7901,11.8679],[8.7925,11.8733],[8.7927,11.8762],[8.7913,11.8848],[8.7958,11.8865],[8.7962,11.8949],[8.7905,11.8985],[8.7847,11.8954],[8.7768,11.8995],[8.7703,11.8947],[8.7558,11.891]]]},"properties":{"name":"DANLASAN","state":"19","code":"19/43/02"}},{"type":"Feature","geometry":{"type":"Polygon","coordinates":[[[8.8131,11.7988],[8.8189,11.7984],[8.8284,11.795],[8.8311,11.7951],[8.8338,11.7975],[8.8388,11.8031],[8.839,11.8043],[8.8388,11.8134],[8.8411,11.8148],[8.854,11.8162],[8.8567,11.8167],[8.8629,11.8156],[8.8662,11.8199],[8.8662,11.8253],[8.87,11.8275],[8.8683,11.8313],[8.8701,11.8345],[8.8694,11.8403],[8.8655,11.8434],[8.8661,11.8489],[8.8688,11.8633],[8.8674,11.8651],[8.8596,11.8653],[8.856,11.8664],[8.8517,11.8642],[8.8503,11.8624],[8.8451,11.8632],[8.8436,11.8644],[8.8337,11.8674],[8.8269,11.863],[8.8238,11.8624],[8.8183,11.8561],[8.8195,11.8478],[8.8186,11.8464],[8.8141,11.8466],[8.8116,11.845],[8.8096,11.8394],[8.8056,11.8339],[8.8102,11.8291],[8.8154,11.8263],[8.819,11.828],[8.8228,11.8274],[8.8274,11.823],[8.8211,11.816],[8.8196,11.813],[8.8171,11.8112],[8.8142,11.8135],[8.8125,11.8071],[8.8131,11.7988]]]},"properties":{"name":"GARIN DAU","state":"19","code":"19/43/03"}},{"type":"Feature","geometry":{"type":"Polygon","coordinates":[[[8.7961,11.909],[8.7977,11.9132],[8.8027,11.914],[8.8066,11.9109],[8.8097,11.9127],[8.8163,11.9218],[8.8135,11.9269],[8.8077,11.9283],[8.7997,11.9285],[8.7896,11.9327],[8.7827,11.9306],[8.7777,11.9345],[8.7725,11.9369],[8.7668,11.9271],[8.7637,11.9287],[8.7584,11.9296],[8.7573,11.9277],[8.7589,11.9228],[8.7642,11.9224],[8.7654,11.9193],[8.7632,11.9143],[8.7649,11.9131],[8.7698,11.9129],[8.7776,11.9185],[8.7852,11.9135],[8.7905,11.9127],[8.7961,11.909]]]},"properties":{"name":"GOGEL","state":"19","code":"19/43/04"}},{"type":"Feature","geometry":{"type":"Polygon","coordinates":[[[8.7905,11.8985],[8.7962,11.8949],[8.7958,11.8865],[8.7913,11.8848],[8.7927,11.8762],[8.7925,11.8733],[8.7901,11.8679],[8.7901,11.8654],[8.7922,11.8606],[8.7964,11.8611],[8.7999,11.8598],[8.7993,11.8507],[8.797,11.8462],[8.8007,11.8446],[8.8054,11.8476],[8.8116,11.845],[8.8141,11.8466],[8.8186,11.8464],[8.8195,11.8478],[8.8183,11.8561],[8.8238,11.8624],[8.8269,11.863],[8.8258,11.8647],[8.8262,11.8688],[8.8282,11.8732],[8.8263,11.877],[8.8257,11.8821],[8.8308,11.8865],[8.8304,11.8923],[8.8325,11.8999],[8.8313,11.9016],[8.8312,11.9095],[8.8339,11.9175],[8.839,11.9222],[8.8443,11.9304],[8.838,11.9323],[8.834,11.9397],[8.8271,11.9322],[8.8217,11.9287],[8.8135,11.9269],[8.8163,11.9218],[8.8097,11.9127],[8.8066,11.9109],[8.8027,11.914],[8.7977,11.9132],[8.7961,11.909],[8.7962,11.9056],[8.7912,11.904],[8.7905,11.8985]]]},"properties":{"name":"IMAWA","state":"19","code":"19/43/05"}},{"type":"Feature","geometry":{"type":"Polygon","coordinates":[[[8.7577,11.8304],[8.7577,11.8404],[8.7625,11.8422],[8.7653,11.8449],[8.7619,11.8497],[8.7621,11.8519],[8.7647,11.854],[8.7647,11.8566],[8.7667,11.8619],[8.7641,11.8654],[8.7644,11.8688],[8.762,11.8721],[8.758,11.8717],[8.7527,11.8673],[8.7503,11.867],[8.7455,11.8671],[8.7373,11.8651],[8.7353,11.8621],[8.7308,11.858],[8.7256,11.8522],[8.7294,11.849],[8.734,11.8466],[8.7404,11.8413],[8.7416,11.8349],[8.739,11.8244],[8.7403,11.8221],[8.7433,11.8228],[8.7465,11.8242],[8.7494,11.8272],[8.7498,11.8294],[8.7573,11.8275],[8.7577,11.8304]]]},"properties":{"name":"JEMAGU","state":"19","code":"19/43/06"}},{"type":"Feature","geometry":{"type":"Polygon","coordinates":[[[8.8688,11.8633],[8.8691,11.8654],[8.8727,11.8692],[8.8699,11.873],[8.8723,11.8764],[8.868,11.8795],[8.8662,11.8842],[8.8675,11.8917],[8.8644,11.8927],[8.8628,11.905],[8.8632,11.9112],[8.8614,11.912],[8.8532,11.9107],[8.8521,11.9177],[8.8481,11.9277],[8.8443,11.9304],[8.839,11.9222],[8.8339,11.9175],[8.8312,11.9095],[8.8313,11.9016],[8.8325,11.8999],[8.8304,11.8923],[8.8308,11.8865],[8.8257,11.8821],[8.8263,11.877],[8.8282,11.8732],[8.8262,11.8688],[8.8258,11.8647],[8.8269,11.863],[8.8337,11.8674],[8.8436,11.8644],[8.8451,11.8632],[8.8503,11.8624],[8.8517,11.8642],[8.856,11.8664],[8.8596,11.8653],[8.8674,11.8651],[8.8688,11.8633]]]},"properties":{"name":"JIGAWA","state":"19","code":"19/43/07"}},{"type":"Feature","geometry":{"type":"Polygon","coordinates":[[[8.6658,11.9085],[8.6732,11.9069],[8.6736,11.9091],[8.6811,11.9103],[8.6857,11.9101],[8.6916,11.9117],[8.6973,11.9143],[8.7013,11.9173],[8.7039,11.9161],[8.7059,11.9194],[8.7093,11.9194],[8.707,11.9249],[8.7069,11.9314],[8.7023,11.9335],[8.7012,11.9353],[8.6977,11.9345],[8.6932,11.9349],[8.6907,11.9338],[8.6851,11.936],[8.6839,11.9375],[8.6841,11.942],[8.6826,11.9427],[8.6782,11.9412],[8.6726,11.9411],[8.6687,11.9398],[8.6685,11.9453],[8.6665,11.9462],[8.6649,11.9507],[8.6611,11.9513],[8.6603,11.9552],[8.6567,11.9556],[8.6575,11.9581],[8.6533,11.96],[8.6495,11.9577],[8.6446,11.9582],[8.6451,11.9624],[8.6417,11.9652],[8.6359,11.9627],[8.6361,11.9558],[8.6346,11.955],[8.6327,11.9448],[8.6295,11.9383],[8.6274,11.9382],[8.6269,11.9349],[8.6352,11.9289],[8.6375,11.9316],[8.6348,11.9349],[8.6396,11.9354],[8.6409,11.934],[8.6473,11.9317],[8.6575,11.9308],[8.6605,11.9318],[8.6625,11.9292],[8.6694,11.9258],[8.6715,11.9172],[8.6689,11.9136],[8.6681,11.9104],[8.6658,11.9085]]]},"properties":{"name":"J/GALADIMA","state":"19","code":"19/43/08"}},{"type":"Feature","geometry":{"type":"MultiPolygon","coordinates":[[[[8.8739,11.9878],[8.8696,11.9897],[8.8678,11.9891],[8.8632,11.9837],[8.8543,11.978],[8.8536,11.9696],[8.8518,11.9677],[8.8471,11.9683],[8.846,11.9643],[8.8416,11.9662],[8.8406,11.9716],[8.8378,11.974],[8.835,11.9731],[8.8248,11.9744],[8.8225,11.979],[8.8207,11.9758],[8.8202,11.9689],[8.8219,11.962],[8.82,11.9548],[8.8138,11.953],[8.8135,11.9469],[8.8109,11.945],[8.8058,11.9443],[8.8047,11.9361],[8.8081,11.9352],[8.8077,11.9283],[8.8135,11.9269],[8.8217,11.9287],[8.8271,11.9322],[8.834,11.9397],[8.838,11.9323],[8.8443,11.9304],[8.8481,11.9277],[8.8521,11.9177],[8.8532,11.9107],[8.8614,11.912],[8.8632,11.9112],[8.8637,11.918],[8.8658,11.9195],[8.8688,11.9237],[8.8665,11.927],[8.8644,11.9324],[8.8649,11.9368],[8.864,11.9393],[8.861,11.9415],[8.861,11.9441],[8.8646,11.9476],[8.8621,11.9507],[8.8628,11.9541],[8.8681,11.9534],[8.8687,11.9553],[8.8648,11.9605],[8.8654,11.9642],[8.8644,11.9666],[8.8655,11.9759],[8.8674,11.981],[8.873,11.9854],[8.8739,11.9878]]],[[[8.7529,11.9629],[8.7524,11.9597],[8.7553,11.9585],[8.7581,11.954],[8.7613,11.9507],[8.7599,11.9439],[8.7645,11.9417],[8.77,11.941],[8.7701,11.9381],[8.7725,11.9369],[8.7784,11.95],[8.7808,11.9576],[8.7795,11.9606],[8.7812,11.9622],[8.7824,11.9678],[8.7746,11.9647],[8.7687,11.9662],[8.7632,11.9631],[8.7529,11.9629]]]]},"properties":{"name":"KATARKAWA","state":"19","code":"19/43/09"}},{"type":"Feature","geometry":{"type":"Polygon","coordinates":[[[8.7422,11.8843],[8.7485,11.883],[8.7512,11.8808],[8.7541,11.8883],[8.7558,11.891],[8.7557,11.897],[8.7544,11.9009],[8.7574,11.903],[8.7594,11.9072],[8.7608,11.914],[8.7632,11.9143],[8.7654,11.9193],[8.7642,11.9224],[8.7589,11.9228],[8.7573,11.9277],[8.7584,11.9296],[8.7637,11.9287],[8.7668,11.9271],[8.7725,11.9369],[8.7701,11.9381],[8.77,11.941],[8.7645,11.9417],[8.7599,11.9439],[8.7613,11.9507],[8.7581,11.954],[8.7553,11.9585],[8.7524,11.9597],[8.7529,11.9629],[8.7507,11.9654],[8.7448,11.9662],[8.7386,11.9643],[8.7358,11.9649],[8.7327,11.9618],[8.7308,11.9631],[8.7273,11.9614],[8.7237,11.9638],[8.7212,11.9635],[8.7141,11.9665],[8.7095,11.9664],[8.7078,11.9694],[8.705,11.968],[8.7012,11.9691],[8.6988,11.9636],[8.7004,11.9584],[8.6993,11.9548],[8.6995,11.9488],[8.713,11.9432],[8.7061,11.9398],[8.7116,11.9344],[8.7166,11.9387],[8.723,11.9343],[8.7275,11.9296],[8.7253,11.9237],[8.7216,11.9198],[8.7196,11.919],[8.7217,11.9126],[8.7213,11.9098],[8.7229,11.9058],[8.723,11.9018],[8.7271,11.9],[8.7355,11.8974],[8.7359,11.8929],[8.739,11.8893],[8.7422,11.8843]]]},"properties":{"name":"MADARI MATA","state":"19","code":"19/43/10"}},{"type":"Feature","geometry":{"type":"Polygon","coordinates":[[[8.7196,11.919],[8.7216,11.9198],[8.7253,11.9237],[8.7275,11.9296],[8.723,11.9343],[8.7166,11.9387],[8.7116,11.9344],[8.7061,11.9398],[8.713,11.9432],[8.6995,11.9488],[8.6921,11.9493],[8.6896,11.9521],[8.6806,11.9506],[8.6818,11.9555],[8.6837,11.9581],[8.6788,11.9623],[8.6773,11.9646],[8.6769,11.9693],[8.6787,11.9748],[8.6741,11.9761],[8.6627,11.9806],[8.6591,11.9806],[8.6525,11.9758],[8.6494,11.976],[8.6452,11.9674],[8.6417,11.9652],[8.6451,11.9624],[8.6446,11.9582],[8.6495,11.9577],[8.6533,11.96],[8.6575,11.9581],[8.6567,11.9556],[8.6603,11.9552],[8.6611,11.9513],[8.6649,11.9507],[8.6665,11.9462],[8.6685,11.9453],[8.6687,11.9398],[8.6726,11.9411],[8.6782,11.9412],[8.6826,11.9427],[8.6841,11.942],[8.6839,11.9375],[8.6851,11.936],[8.6907,11.9338],[8.6932,11.9349],[8.6977,11.9345],[8.7012,11.9353],[8.7023,11.9335],[8.7069,11.9314],[8.707,11.9249],[8.7093,11.9194],[8.7114,11.9192],[8.7153,11.9226],[8.7196,11.919]]]},"properties":{"name":"TAMBURAWAR GABAS","state":"19","code":"19/43/11"}},{"type":"Feature","geometry":{"type":"Polygon","coordinates":[[[8.7301,11.9756],[8.7252,11.9756],[8.7209,11.9801],[8.7158,11.9786],[8.714,11.9792],[8.7109,11.9836],[8.7039,11.9874],[8.7078,11.9954],[8.7101,11.9977],[8.7086,12.0053],[8.706,12.0072],[8.7032,12.0067],[8.6918,12.0067],[8.6889,11.9994],[8.6861,11.9978],[8.6831,11.9941],[8.6805,11.9924],[8.6751,11.9935],[8.6767,11.9874],[8.6767,11.9831],[8.6741,11.9761],[8.6787,11.9748],[8.6769,11.9693],[8.6773,11.9646],[8.6788,11.9623],[8.6837,11.9581],[8.6818,11.9555],[8.6806,11.9506],[8.6896,11.9521],[8.6921,11.9493],[8.6995,11.9488],[8.6993,11.9548],[8.7004,11.9584],[8.6988,11.9636],[8.7012,11.9691],[8.705,11.968],[8.7078,11.9694],[8.7095,11.9664],[8.7141,11.9665],[8.7212,11.9635],[8.7237,11.9638],[8.7273,11.9614],[8.7308,11.9631],[8.7327,11.9618],[8.7358,11.9649],[8.7341,11.9668],[8.7301,11.9756]]]},"properties":{"name":"TANGAR","state":"19","code":"19/43/12"}},{"type":"Feature","geometry":{"type":"Polygon","coordinates":[[[8.717,11.8504],[8.719,11.8476],[8.7256,11.8522],[8.7308,11.858],[8.7353,11.8621],[8.7373,11.8651],[8.7455,11.8671],[8.7503,11.867],[8.7497,11.8683],[8.7499,11.8768],[8.7512,11.8808],[8.7485,11.883],[8.7422,11.8843],[8.7368,11.8829],[8.7298,11.8833],[8.7212,11.8859],[8.7178,11.8858],[8.716,11.8826],[8.7132,11.8804],[8.7068,11.8783],[8.7094,11.8759],[8.7122,11.8687],[8.713,11.8648],[8.7123,11.8562],[8.717,11.8504]]]},"properties":{"name":"WARAWA","state":"19","code":"19/43/13"}},{"type":"Feature","geometry":{"type":"Polygon","coordinates":[[[8.8142,11.8135],[8.8171,11.8112],[8.8196,11.813],[8.8211,11.816],[8.8274,11.823],[8.8228,11.8274],[8.819,11.828],[8.8154,11.8263],[8.8102,11.8291],[8.8056,11.8339],[8.8096,11.8394],[8.8116,11.845],[8.8054,11.8476],[8.8007,11.8446],[8.797,11.8462],[8.7993,11.8507],[8.7999,11.8598],[8.7964,11.8611],[8.7922,11.8606],[8.7901,11.8654],[8.7901,11.8679],[8.7822,11.8658],[8.782,11.8627],[8.7719,11.8609],[8.7763,11.854],[8.7732,11.8488],[8.7688,11.8445],[8.7653,11.8449],[8.7625,11.8422],[8.7577,11.8404],[8.7577,11.8304],[8.7711,11.8331],[8.7814,11.8308],[8.7873,11.8288],[8.7962,11.8275],[8.794,11.8185],[8.8092,11.8167],[8.8142,11.8135]]]},"properties":{"name":"'YAN DALLA","state":"19","code":"19/43/14"}},{"type":"Feature","geometry":{"type":"Polygon","coordinates":[[[8.7824,11.9678],[8.7812,11.9622],[8.7795,11.9606],[8.7808,11.9576],[8.7784,11.95],[8.7725,11.9369],[8.7777,11.9345],[8.7827,11.9306],[8.7896,11.9327],[8.7997,11.9285],[8.8077,11.9283],[8.8081,11.9352],[8.8047,11.9361],[8.8058,11.9443],[8.8109,11.945],[8.8135,11.9469],[8.8138,11.953],[8.82,11.9548],[8.8219,11.962],[8.8202,11.9689],[8.8207,11.9758],[8.8225,11.979],[8.8169,11.9786],[8.8137,11.9763],[8.809,11.9758],[8.8043,11.9741],[8.7966,11.9755],[8.7941,11.9739],[8.791,11.9665],[8.7844,11.9691],[8.7824,11.9678]]]},"properties":{"name":"'YANGIZO","state":"19","code":"19/43/15"}},{"type":"Feature","geometry":{"type":"Polygon","coordinates":[[[8.9586,11.6797],[8.9542,11.6862],[8.9514,11.6938],[8.9528,11.6973],[8.9508,11.7036],[8.9463,11.7057],[8.9423,11.7098],[8.9374,11.7058],[8.9321,11.7061],[8.9287,11.7043],[8.9241,11.7037],[8.9186,11.7066],[8.9197,11.7103],[8.9202,11.7186],[8.9118,11.7165],[8.9083,11.7253],[8.9014,11.7219],[8.8945,11.717],[8.8939,11.7118],[8.8957,11.7084],[8.8941,11.7047],[8.8944,11.7013],[8.8959,11.6987],[8.8996,11.6875],[8.8975,11.68],[8.8986,11.6767],[8.9017,11.6723],[8.9046,11.6698],[8.908,11.6696],[8.9175,11.673],[8.9172,11.6749],[8.9187,11.6799],[8.9241,11.6814],[8.934,11.6822],[8.9377,11.6783],[8.9377,11.6697],[8.9402,11.6666],[8.9436,11.6677],[8.9475,11.6646],[8.9516,11.6628],[8.9552,11.6664],[8.9564,11.6707],[8.957,11.678],[8.9586,11.6797]]]},"properties":{"name":"ACHIKA","state":"19","code":"19/44/01"}},{"type":"Feature","geometry":{"type":"Polygon","coordinates":[[[8.7775,11.7589],[8.7831,11.7596],[8.7858,11.7525],[8.7879,11.7537],[8.7924,11.7537],[8.7985,11.7552],[8.7999,11.7523],[8.7996,11.747],[8.8047,11.7433],[8.8128,11.7451],[8.8168,11.7484],[8.8212,11.7492],[8.8215,11.7458],[8.8235,11.7431],[8.8249,11.739],[8.8205,11.7393],[8.8181,11.738],[8.8172,11.7329],[8.8136,11.7304],[8.8198,11.728],[8.8223,11.728],[8.8233,11.7325],[8.8257,11.7356],[8.8284,11.7353],[8.8343,11.7301],[8.8398,11.7357],[8.8422,11.7364],[8.8456,11.7395],[8.8447,11.75],[8.8404,11.752],[8.8401,11.7568],[8.841,11.7621],[8.8448,11.7682],[8.843,11.7727],[8.8402,11.7752],[8.843,11.7774],[8.8411,11.7877],[8.8369,11.7951],[8.8338,11.7975],[8.8311,11.7951],[8.8284,11.795],[8.8189,11.7984],[8.8131,11.7988],[8.809,11.7957],[8.8062,11.7895],[8.7983,11.7807],[8.7921,11.7783],[8.7912,11.7738],[8.7878,11.77],[8.7839,11.7719],[8.7799,11.7676],[8.7764,11.7653],[8.7775,11.7589]]]},"properties":{"name":"DAGUMAWA","state":"19","code":"19/44/02"}},{"type":"Feature","geometry":{"type":"Polygon","coordinates":[[[8.8636,11.7289],[8.8674,11.7307],[8.8771,11.7291],[8.8796,11.7294],[8.8802,11.7322],[8.8795,11.739],[8.8779,11.7455],[8.8779,11.7546],[8.8819,11.7547],[8.8846,11.7563],[8.8966,11.7486],[8.9014,11.7511],[8.8988,11.7528],[8.8982,11.7561],[8.9023,11.7616],[8.9021,11.764],[8.8955,11.7627],[8.8931,11.7639],[8.8951,11.7676],[8.8948,11.7697],[8.8876,11.769],[8.8884,11.7716],[8.8911,11.7748],[8.8833,11.7774],[8.8808,11.7747],[8.876,11.7669],[8.8689,11.7705],[8.8676,11.7752],[8.8701,11.7792],[8.8646,11.7835],[8.856,11.7842],[8.8526,11.789],[8.8491,11.7842],[8.8503,11.7779],[8.8459,11.7756],[8.843,11.7774],[8.8402,11.7752],[8.843,11.7727],[8.8448,11.7682],[8.841,11.7621],[8.8401,11.7568],[8.8404,11.752],[8.8447,11.75],[8.8456,11.7395],[8.8422,11.7364],[8.8398,11.7357],[8.8343,11.7301],[8.8284,11.7353],[8.8257,11.7356],[8.8233,11.7325],[8.8223,11.728],[8.8198,11.728],[8.8136,11.7304],[8.812,11.7303],[8.81,11.7228],[8.8075,11.7189],[8.7988,11.7243],[8.7964,11.7267],[8.7905,11.7212],[8.7901,11.7182],[8.7871,11.7113],[8.7877,11.7066],[8.7894,11.7043],[8.792,11.7042],[8.7992,11.6996],[8.8012,11.7006],[8.8064,11.6985],[8.8088,11.695],[8.812,11.6948],[8.8181,11.693],[8.8223,11.6888],[8.8245,11.6887],[8.8262,11.6939],[8.8235,11.6966],[8.8215,11.7007],[8.8229,11.7051],[8.82,11.7056],[8.8159,11.7123],[8.818,11.7141],[8.823,11.7117],[8.8265,11.7143],[8.8274,11.7193],[8.8305,11.7198],[8.8333,11.7165],[8.8412,11.7221],[8.8479,11.7223],[8.8478,11.727],[8.8522,11.7283],[8.8548,11.7305],[8.8619,11.7316],[8.8636,11.7289]]]},"properties":{"name":"DANKAZA","state":"19","code":"19/44/03"}},{"type":"Feature","geometry":{"type":"Polygon","coordinates":[[[8.9552,11.6664],[8.9516,11.6628],[8.9475,11.6646],[8.9436,11.6677],[8.9402,11.6666],[8.9377,11.6697],[8.9377,11.6783],[8.934,11.6822],[8.9241,11.6814],[8.9187,11.6799],[8.9172,11.6749],[8.9175,11.673],[8.908,11.6696],[8.9089,11.6654],[8.9049,11.6582],[8.9035,11.6578],[8.8986,11.6605],[8.895,11.6592],[8.892,11.6551],[8.8909,11.6495],[8.8917,11.6461],[8.9009,11.6426],[8.9051,11.6367],[8.908,11.6349],[8.9117,11.6231],[8.9147,11.6196],[8.9202,11.62],[8.9245,11.6189],[8.9294,11.6189],[8.9314,11.6201],[8.9333,11.6249],[8.938,11.6225],[8.9425,11.6268],[8.9452,11.6258],[8.9495,11.6239],[8.9515,11.6259],[8.9461,11.6317],[8.9445,11.6325],[8.95,11.6415],[8.9521,11.6431],[8.9502,11.6481],[8.9543,11.6525],[8.9563,11.6527],[8.9617,11.661],[8.9585,11.6655],[8.9552,11.6664]]]},"properties":{"name":"DARKI","state":"19","code":"19/44/04"}},{"type":"Feature","geometry":{"type":"Polygon","coordinates":[[[8.7615,11.734],[8.764,11.7333],[8.7688,11.7292],[8.772,11.7225],[8.7737,11.7207],[8.7766,11.7209],[8.7835,11.7252],[8.7863,11.7228],[8.7905,11.7212],[8.7964,11.7267],[8.7988,11.7243],[8.8075,11.7189],[8.81,11.7228],[8.812,11.7303],[8.8136,11.7304],[8.8172,11.7329],[8.8181,11.738],[8.8205,11.7393],[8.8249,11.739],[8.8235,11.7431],[8.8215,11.7458],[8.8212,11.7492],[8.8168,11.7484],[8.8128,11.7451],[8.8047,11.7433],[8.7996,11.747],[8.7999,11.7523],[8.7985,11.7552],[8.7924,11.7537],[8.7879,11.7537],[8.7858,11.7525],[8.7831,11.7596],[8.7775,11.7589],[8.776,11.7589],[8.7719,11.758],[8.7709,11.7595],[8.7654,11.7615],[8.7584,11.7577],[8.7589,11.7531],[8.7571,11.7473],[8.7616,11.7439],[8.7623,11.7419],[8.7604,11.7391],[8.7621,11.736],[8.7615,11.734]]]},"properties":{"name":"INDABO","state":"19","code":"19/44/05"}},{"type":"Feature","geometry":{"type":"Polygon","coordinates":[[[8.8926,11.7761],[8.8926,11.7779],[8.8887,11.7801],[8.8889,11.7818],[8.893,11.7829],[8.8907,11.7881],[8.8942,11.7888],[8.8952,11.7914],[8.8912,11.7946],[8.8908,11.7984],[8.8879,11.8026],[8.8883,11.8053],[8.8914,11.8068],[8.8976,11.8048],[8.9023,11.8113],[8.8981,11.8176],[8.9082,11.8282],[8.9087,11.8282],[8.9129,11.833],[8.9109,11.8382],[8.9084,11.8416],[8.9022,11.8439],[8.9007,11.8466],[8.9014,11.8493],[8.9009,11.8538],[8.8969,11.8561],[8.8937,11.8527],[8.8861,11.8568],[8.8813,11.852],[8.8772,11.8516],[8.8689,11.8487],[8.8661,11.8489],[8.8655,11.8434],[8.8694,11.8403],[8.8701,11.8345],[8.8683,11.8313],[8.87,11.8275],[8.8662,11.8253],[8.8662,11.8199],[8.8629,11.8156],[8.8567,11.8167],[8.854,11.8162],[8.8544,11.8131],[8.8513,11.8074],[8.8518,11.8056],[8.8601,11.8061],[8.8614,11.8026],[8.8599,11.8009],[8.859,11.7963],[8.8604,11.7947],[8.8536,11.7909],[8.8526,11.789],[8.856,11.7842],[8.8646,11.7835],[8.8701,11.7792],[8.8676,11.7752],[8.8689,11.7705],[8.876,11.7669],[8.8808,11.7747],[8.8833,11.7774],[8.8911,11.7748],[8.8926,11.7761]]]},"properties":{"name":"KAUSANI","state":"19","code":"19/44/06"}},{"type":"Feature","geometry":{"type":"Polygon","coordinates":[[[8.8658,11.9195],[8.8637,11.918],[8.8632,11.9112],[8.8628,11.905],[8.8644,11.8927],[8.8675,11.8917],[8.8662,11.8842],[8.868,11.8795],[8.8723,11.8764],[8.8699,11.873],[8.8727,11.8692],[8.8691,11.8654],[8.8688,11.8633],[8.8661,11.8489],[8.8689,11.8487],[8.8772,11.8516],[8.8813,11.852],[8.8861,11.8568],[8.8937,11.8527],[8.8969,11.8561],[8.9009,11.8538],[8.9014,11.8493],[8.9007,11.8466],[8.9022,11.8439],[8.9084,11.8416],[8.9109,11.8382],[8.9134,11.8392],[8.9272,11.8469],[8.9327,11.8477],[8.9367,11.8505],[8.9447,11.8527],[8.9507,11.86],[8.9516,11.8625],[8.9514,11.867],[8.9497,11.8689],[8.9494,11.8766],[8.9481,11.8813],[8.9379,11.8833],[8.9274,11.8823],[8.9217,11.8836],[8.9197,11.885],[8.9202,11.8888],[8.9177,11.8959],[8.9141,11.8986],[8.9096,11.8984],[8.9057,11.9037],[8.9002,11.9023],[8.8979,11.9032],[8.8956,11.9063],[8.8957,11.9096],[8.9018,11.9167],[8.9014,11.9193],[8.8949,11.9201],[8.89,11.9222],[8.8848,11.9206],[8.8824,11.9188],[8.8771,11.9179],[8.8687,11.9182],[8.8658,11.9195]]]},"properties":{"name":"LAJAWA","state":"19","code":"19/44/07"}},{"type":"Feature","geometry":{"type":"Polygon","coordinates":[[[8.8338,11.7975],[8.8369,11.7951],[8.8411,11.7877],[8.843,11.7774],[8.8459,11.7756],[8.8503,11.7779],[8.8491,11.7842],[8.8526,11.789],[8.8536,11.7909],[8.8604,11.7947],[8.859,11.7963],[8.8599,11.8009],[8.8614,11.8026],[8.8601,11.8061],[8.8518,11.8056],[8.8513,11.8074],[8.8501,11.8062],[8.8407,11.803],[8.839,11.8043],[8.8388,11.8031],[8.8338,11.7975]]]},"properties":{"name":"SABON GARI","state":"19","code":"19/44/08"}},{"type":"Feature","geometry":{"type":"Polygon","coordinates":[[[8.895,11.6592],[8.8986,11.6605],[8.9035,11.6578],[8.9049,11.6582],[8.9089,11.6654],[8.908,11.6696],[8.9046,11.6698],[8.9017,11.6723],[8.8986,11.6767],[8.8975,11.68],[8.8996,11.6875],[8.8959,11.6987],[8.8944,11.7013],[8.8941,11.7047],[8.8957,11.7084],[8.8939,11.7118],[8.8945,11.717],[8.9014,11.7219],[8.9083,11.7253],[8.9047,11.7285],[8.8995,11.7355],[8.9033,11.7409],[8.9065,11.7413],[8.9071,11.7449],[8.905,11.7508],[8.9014,11.7511],[8.8966,11.7486],[8.8846,11.7563],[8.8819,11.7547],[8.8779,11.7546],[8.8779,11.7455],[8.8795,11.739],[8.8802,11.7322],[8.8796,11.7294],[8.8771,11.7291],[8.8674,11.7307],[8.8636,11.7289],[8.8693,11.7158],[8.8723,11.7065],[8.8748,11.7028],[8.8852,11.6825],[8.8935,11.6627],[8.895,11.6592]]]},"properties":{"name":"UTAI","state":"19","code":"19/44/09"}},{"type":"Feature","geometry":{"type":"Polygon","coordinates":[[[8.839,11.8043],[8.8407,11.803],[8.8501,11.8062],[8.8513,11.8074],[8.8544,11.8131],[8.854,11.8162],[8.8411,11.8148],[8.8388,11.8134],[8.839,11.8043]]]},"properties":{"name":"WUDIL","state":"19","code":"19/44/10"}}]}