{"type":"FeatureCollection","features":[{"type":"Feature","geometry":{"type":"Polygon","coordinates":[[[7.414,11.5707],[7.4101,11.5689],[7.4001,11.5739],[7.3968,11.5742],[7.3963,11.5713],[7.3985,11.562],[7.3968,11.5572],[7.3963,11.5517],[7.397,11.5482],[7.396,11.5443],[7.3983,11.5407],[7.4018,11.5388],[7.4013,11.5316],[7.4027,11.5271],[7.4089,11.5259],[7.4163,11.5268],[7.4271,11.5317],[7.4279,11.5352],[7.4303,11.5374],[7.4304,11.5399],[7.4253,11.5497],[7.4242,11.5568],[7.4261,11.5582],[7.4229,11.5624],[7.421,11.5614],[7.4182,11.564],[7.4178,11.5671],[7.414,11.5707]]]},"properties":{"name":"BAKORI A","state":"20","code":"20/01/01"}},{"type":"Feature","geometry":{"type":"Polygon","coordinates":[[[7.4304,11.5399],[7.4329,11.5382],[7.4345,11.5404],[7.4371,11.5377],[7.4399,11.5392],[7.4428,11.5386],[7.4474,11.5401],[7.4487,11.5425],[7.4513,11.5422],[7.4535,11.544],[7.4591,11.5449],[7.4646,11.5414],[7.4672,11.5385],[7.4683,11.5405],[7.4726,11.5411],[7.4779,11.544],[7.48,11.5436],[7.4845,11.5465],[7.4848,11.5493],[7.4933,11.5525],[7.497,11.5516],[7.5044,11.5512],[7.5091,11.5551],[7.5119,11.5626],[7.5078,11.5643],[7.5039,11.5675],[7.4974,11.564],[7.4931,11.566],[7.4926,11.5697],[7.4886,11.5756],[7.4923,11.5812],[7.4919,11.5835],[7.4869,11.5858],[7.4814,11.5857],[7.4734,11.5817],[7.4693,11.5813],[7.4701,11.576],[7.4683,11.5724],[7.4658,11.5721],[7.46,11.575],[7.4585,11.5797],[7.4554,11.5818],[7.4497,11.5798],[7.4486,11.5814],[7.4448,11.5803],[7.4467,11.5755],[7.4428,11.5751],[7.4399,11.5722],[7.4358,11.5769],[7.4304,11.5757],[7.4291,11.5785],[7.4253,11.5803],[7.4194,11.5817],[7.4142,11.5819],[7.414,11.5707],[7.4178,11.5671],[7.4182,11.564],[7.421,11.5614],[7.4229,11.5624],[7.4261,11.5582],[7.4242,11.5568],[7.4253,11.5497],[7.4304,11.5399]]]},"properties":{"name":"BAKORI B","state":"20","code":"20/01/02"}},{"type":"Feature","geometry":{"type":"Polygon","coordinates":[[[7.414,11.5707],[7.4142,11.5819],[7.4117,11.5857],[7.4095,11.5908],[7.4056,11.596],[7.4074,11.5995],[7.4038,11.6001],[7.3987,11.607],[7.3948,11.6176],[7.3896,11.6194],[7.3872,11.6255],[7.3868,11.6297],[7.382,11.6327],[7.3812,11.6388],[7.3793,11.64],[7.3771,11.6415],[7.3732,11.64],[7.3685,11.6367],[7.3615,11.6341],[7.3577,11.6359],[7.3475,11.6349],[7.3402,11.6396],[7.3312,11.644],[7.3283,11.6442],[7.3236,11.6424],[7.3233,11.6406],[7.325,11.6348],[7.3247,11.6289],[7.3253,11.6244],[7.3193,11.621],[7.3175,11.6152],[7.3198,11.6084],[7.3252,11.6067],[7.3273,11.6085],[7.3334,11.6075],[7.3397,11.6034],[7.34,11.5984],[7.3414,11.5958],[7.3387,11.5936],[7.3302,11.5934],[7.3256,11.5853],[7.3223,11.5842],[7.3172,11.586],[7.3137,11.5851],[7.3124,11.582],[7.3171,11.578],[7.3174,11.5761],[7.3096,11.568],[7.3117,11.5652],[7.3099,11.5598],[7.3117,11.5554],[7.3156,11.5565],[7.3196,11.5554],[7.3222,11.5569],[7.327,11.554],[7.3266,11.55],[7.3281,11.5438],[7.332,11.5394],[7.3309,11.5346],[7.3279,11.5312],[7.3321,11.5241],[7.3403,11.5174],[7.3387,11.5146],[7.3417,11.5146],[7.3445,11.5167],[7.3503,11.5138],[7.3594,11.5143],[7.3593,11.5186],[7.3661,11.5205],[7.3683,11.5176],[7.373,11.517],[7.3736,11.5189],[7.3768,11.5219],[7.3808,11.5211],[7.3864,11.5214],[7.3886,11.5254],[7.3907,11.5268],[7.3914,11.5306],[7.4023,11.5268],[7.4027,11.5271],[7.4013,11.5316],[7.4018,11.5388],[7.3983,11.5407],[7.396,11.5443],[7.397,11.5482],[7.3963,11.5517],[7.3968,11.5572],[7.3985,11.562],[7.3963,11.5713],[7.3968,11.5742],[7.4001,11.5739],[7.4101,11.5689],[7.414,11.5707]]]},"properties":{"name":"KURAMI/YANKWANI","state":"20","code":"20/01/03"}},{"type":"Feature","geometry":{"type":"Polygon","coordinates":[[[7.4672,11.5385],[7.4676,11.5338],[7.4708,11.5319],[7.4704,11.5264],[7.4745,11.5277],[7.4764,11.5272],[7.4825,11.5216],[7.4852,11.5208],[7.4911,11.522],[7.4959,11.5188],[7.4982,11.5164],[7.5004,11.5109],[7.5029,11.5099],[7.5076,11.5044],[7.5106,11.5024],[7.5128,11.499],[7.5118,11.4953],[7.5083,11.4912],[7.5099,11.4882],[7.5189,11.4906],[7.5268,11.4895],[7.5333,11.5],[7.5433,11.5014],[7.5479,11.5071],[7.5493,11.5108],[7.5539,11.512],[7.5585,11.5113],[7.565,11.506],[7.5683,11.5079],[7.5704,11.5052],[7.5761,11.501],[7.5784,11.4985],[7.5821,11.4983],[7.5854,11.5033],[7.5862,11.5063],[7.5888,11.509],[7.5839,11.5093],[7.5794,11.5146],[7.5795,11.5197],[7.5772,11.5224],[7.5771,11.5287],[7.5781,11.5326],[7.5737,11.5327],[7.5742,11.5392],[7.5769,11.5453],[7.5731,11.5467],[7.5692,11.5506],[7.5703,11.5541],[7.5729,11.5546],[7.5735,11.5627],[7.5722,11.5642],[7.5656,11.5686],[7.5646,11.5709],[7.5634,11.5695],[7.5589,11.5694],[7.5585,11.5715],[7.5534,11.5718],[7.5484,11.5698],[7.5365,11.5692],[7.5329,11.5667],[7.528,11.5716],[7.5242,11.5684],[7.5224,11.5645],[7.5197,11.5619],[7.5119,11.5626],[7.5091,11.5551],[7.5044,11.5512],[7.497,11.5516],[7.4933,11.5525],[7.4848,11.5493],[7.4845,11.5465],[7.48,11.5436],[7.4779,11.544],[7.4726,11.5411],[7.4683,11.5405],[7.4672,11.5385]]]},"properties":{"name":"DAWAN MUSA","state":"20","code":"20/01/04"}},{"type":"Feature","geometry":{"type":"Polygon","coordinates":[[[7.4919,11.5835],[7.4934,11.5852],[7.4937,11.5895],[7.4973,11.5924],[7.501,11.5922],[7.5078,11.6001],[7.5127,11.597],[7.5171,11.597],[7.521,11.5981],[7.526,11.5951],[7.5271,11.5959],[7.5325,11.5956],[7.5359,11.5974],[7.5381,11.6003],[7.5371,11.6066],[7.5378,11.6116],[7.5434,11.6189],[7.5435,11.6226],[7.5499,11.6251],[7.5528,11.6273],[7.5528,11.6343],[7.5567,11.6411],[7.5518,11.6462],[7.5509,11.6508],[7.547,11.652],[7.5431,11.6558],[7.541,11.6552],[7.5353,11.657],[7.5335,11.6557],[7.5272,11.6591],[7.5245,11.665],[7.5204,11.6695],[7.5166,11.6693],[7.5096,11.6703],[7.503,11.6673],[7.4999,11.6685],[7.4999,11.6635],[7.497,11.6597],[7.4943,11.6577],[7.4871,11.6552],[7.4887,11.6514],[7.4875,11.6468],[7.4836,11.6435],[7.4795,11.6426],[7.4736,11.6394],[7.4757,11.6311],[7.4737,11.6282],[7.4711,11.6214],[7.4692,11.6191],[7.469,11.6138],[7.4703,11.6112],[7.4679,11.6081],[7.4622,11.6055],[7.4591,11.6021],[7.4607,11.5944],[7.4593,11.591],[7.4587,11.586],[7.4554,11.5818],[7.4585,11.5797],[7.46,11.575],[7.4658,11.5721],[7.4683,11.5724],[7.4701,11.576],[7.4693,11.5813],[7.4734,11.5817],[7.4814,11.5857],[7.4869,11.5858],[7.4919,11.5835]]]},"properties":{"name":"TSIGA","state":"20","code":"20/01/05"}},{"type":"Feature","geometry":{"type":"Polygon","coordinates":[[[7.4554,11.5818],[7.4587,11.586],[7.4593,11.591],[7.4607,11.5944],[7.4591,11.6021],[7.4622,11.6055],[7.4679,11.6081],[7.4703,11.6112],[7.469,11.6138],[7.4692,11.6191],[7.4711,11.6214],[7.4737,11.6282],[7.4757,11.6311],[7.4736,11.6394],[7.469,11.64],[7.4587,11.6428],[7.4554,11.6406],[7.4509,11.6411],[7.4425,11.6368],[7.4426,11.6337],[7.4382,11.6326],[7.4306,11.6336],[7.42,11.6397],[7.4147,11.6363],[7.4103,11.6353],[7.4111,11.6308],[7.4061,11.6244],[7.4049,11.6208],[7.4057,11.6138],[7.409,11.6028],[7.4074,11.5995],[7.4056,11.596],[7.4095,11.5908],[7.4117,11.5857],[7.4142,11.5819],[7.4194,11.5817],[7.4253,11.5803],[7.4291,11.5785],[7.4304,11.5757],[7.4358,11.5769],[7.4399,11.5722],[7.4428,11.5751],[7.4467,11.5755],[7.4448,11.5803],[7.4486,11.5814],[7.4497,11.5798],[7.4554,11.5818]]]},"properties":{"name":"KABOMO","state":"20","code":"20/01/06"}},{"type":"Feature","geometry":{"type":"Polygon","coordinates":[[[7.5119,11.5626],[7.5197,11.5619],[7.5224,11.5645],[7.5242,11.5684],[7.528,11.5716],[7.5329,11.5667],[7.5365,11.5692],[7.5484,11.5698],[7.5534,11.5718],[7.5585,11.5715],[7.5589,11.5694],[7.5634,11.5695],[7.5646,11.5709],[7.5678,11.5721],[7.5732,11.5756],[7.5822,11.5795],[7.5846,11.5758],[7.5846,11.5734],[7.5902,11.5714],[7.5945,11.5678],[7.597,11.5642],[7.601,11.5606],[7.6054,11.5594],[7.6102,11.5602],[7.6147,11.5589],[7.6162,11.5569],[7.6213,11.5561],[7.6259,11.5594],[7.6289,11.5576],[7.6334,11.5531],[7.6374,11.5596],[7.6385,11.5631],[7.6411,11.5657],[7.643,11.5697],[7.6352,11.5769],[7.635,11.5808],[7.6319,11.5856],[7.6328,11.5878],[7.6284,11.5911],[7.6252,11.595],[7.6198,11.5998],[7.6184,11.6027],[7.6172,11.6093],[7.6195,11.6103],[7.6193,11.6144],[7.6208,11.6164],[7.6207,11.6199],[7.6171,11.6229],[7.6102,11.6312],[7.6072,11.6414],[7.6064,11.6425],[7.6042,11.6351],[7.6061,11.6294],[7.5963,11.6296],[7.5933,11.6305],[7.5891,11.6335],[7.5862,11.6316],[7.5825,11.6334],[7.58,11.6359],[7.5746,11.6354],[7.5717,11.6309],[7.5663,11.6272],[7.5668,11.6253],[7.5543,11.6138],[7.5514,11.6155],[7.552,11.619],[7.5499,11.6251],[7.5435,11.6226],[7.5434,11.6189],[7.5378,11.6116],[7.5371,11.6066],[7.5381,11.6003],[7.5359,11.5974],[7.5325,11.5956],[7.5271,11.5959],[7.526,11.5951],[7.521,11.5981],[7.5171,11.597],[7.5127,11.597],[7.5078,11.6001],[7.501,11.5922],[7.4973,11.5924],[7.4937,11.5895],[7.4934,11.5852],[7.4919,11.5835],[7.4923,11.5812],[7.4886,11.5756],[7.4926,11.5697],[7.4931,11.566],[7.4974,11.564],[7.5039,11.5675],[7.5078,11.5643],[7.5119,11.5626]]]},"properties":{"name":"BARDE/KWANTAKWARAN","state":"20","code":"20/01/07"}},{"type":"Feature","geometry":{"type":"Polygon","coordinates":[[[7.4074,11.5995],[7.409,11.6028],[7.4057,11.6138],[7.4049,11.6208],[7.4061,11.6244],[7.4111,11.6308],[7.4103,11.6353],[7.4147,11.6363],[7.42,11.6397],[7.4306,11.6336],[7.4382,11.6326],[7.4426,11.6337],[7.4425,11.6368],[7.4509,11.6411],[7.4554,11.6406],[7.4587,11.6428],[7.469,11.64],[7.4736,11.6394],[7.4795,11.6426],[7.4836,11.6435],[7.4875,11.6468],[7.4887,11.6514],[7.4871,11.6552],[7.4943,11.6577],[7.497,11.6597],[7.4999,11.6635],[7.4999,11.6685],[7.4964,11.6696],[7.4913,11.6682],[7.4903,11.6721],[7.4872,11.6771],[7.4798,11.6793],[7.4755,11.6814],[7.4744,11.6832],[7.4712,11.6831],[7.4706,11.6863],[7.4667,11.6924],[7.4615,11.6982],[7.449,11.6987],[7.4453,11.6917],[7.4442,11.6857],[7.4444,11.6816],[7.4463,11.6782],[7.4457,11.6745],[7.4401,11.6704],[7.4384,11.6669],[7.438,11.6615],[7.4356,11.6568],[7.4332,11.6558],[7.4274,11.6566],[7.421,11.6585],[7.4088,11.6525],[7.4039,11.6516],[7.4,11.6497],[7.3975,11.6465],[7.3912,11.6435],[7.3793,11.64],[7.3812,11.6388],[7.382,11.6327],[7.3868,11.6297],[7.3872,11.6255],[7.3896,11.6194],[7.3948,11.6176],[7.3987,11.607],[7.4038,11.6001],[7.4074,11.5995]]]},"properties":{"name":"JARGABA","state":"20","code":"20/01/08"}},{"type":"Feature","geometry":{"type":"Polygon","coordinates":[[[7.3878,11.8238],[7.3857,11.8234],[7.383,11.8204],[7.3808,11.8226],[7.3766,11.8244],[7.372,11.8222],[7.3671,11.8215],[7.364,11.8231],[7.3601,11.8289],[7.3545,11.8307],[7.3513,11.8366],[7.3495,11.835],[7.3467,11.8354],[7.3435,11.8388],[7.3411,11.8431],[7.3392,11.8442],[7.3344,11.8436],[7.3316,11.8461],[7.3288,11.8464],[7.3203,11.8533],[7.3147,11.8544],[7.311,11.8515],[7.3079,11.852],[7.3025,11.8571],[7.3015,11.8608],[7.2994,11.8581],[7.2996,11.8559],[7.2944,11.8554],[7.2952,11.8475],[7.2926,11.84],[7.2923,11.8371],[7.296,11.8305],[7.2921,11.8291],[7.2883,11.8265],[7.2845,11.8261],[7.2826,11.8232],[7.2889,11.82],[7.2949,11.8133],[7.299,11.8105],[7.3003,11.8062],[7.2985,11.8048],[7.2987,11.7987],[7.2995,11.7951],[7.2987,11.7924],[7.3005,11.7906],[7.3017,11.7842],[7.3011,11.7809],[7.3025,11.777],[7.3063,11.773],[7.3064,11.7692],[7.3109,11.766],[7.3156,11.767],[7.3186,11.7704],[7.3217,11.7759],[7.3249,11.7766],[7.3304,11.7681],[7.335,11.7666],[7.3414,11.7654],[7.3421,11.7628],[7.3489,11.7604],[7.3493,11.7566],[7.3511,11.7527],[7.3572,11.7548],[7.3625,11.7612],[7.3672,11.761],[7.3748,11.7673],[7.3769,11.77],[7.3768,11.7743],[7.3814,11.7783],[7.3824,11.7841],[7.3838,11.7866],[7.3833,11.7922],[7.3808,11.7961],[7.3796,11.8056],[7.3805,11.8089],[7.3849,11.8103],[7.3881,11.8145],[7.3886,11.819],[7.3878,11.8238]]]},"properties":{"name":"KAKUMI","state":"20","code":"20/01/09"}},{"type":"Feature","geometry":{"type":"Polygon","coordinates":[[[7.3771,11.6415],[7.3762,11.6459],[7.3728,11.6513],[7.3757,11.6587],[7.3762,11.6625],[7.3717,11.6692],[7.3698,11.6703],[7.3653,11.6769],[7.3652,11.6817],[7.3669,11.6864],[7.3664,11.6891],[7.367,11.699],[7.3694,11.702],[7.368,11.7103],[7.3686,11.714],[7.3665,11.7163],[7.3674,11.7191],[7.3619,11.7353],[7.3642,11.7365],[7.3649,11.7513],[7.3572,11.7548],[7.3511,11.7527],[7.3493,11.7566],[7.3489,11.7604],[7.3421,11.7628],[7.3414,11.7654],[7.335,11.7666],[7.3304,11.7681],[7.3249,11.7766],[7.3217,11.7759],[7.3186,11.7704],[7.3156,11.767],[7.3109,11.766],[7.3064,11.7692],[7.3063,11.773],[7.3025,11.777],[7.3004,11.7739],[7.2962,11.7712],[7.2943,11.7684],[7.2888,11.7664],[7.2882,11.762],[7.2896,11.7585],[7.2845,11.7531],[7.2833,11.7438],[7.2845,11.7401],[7.2878,11.7348],[7.2922,11.734],[7.2954,11.7306],[7.3015,11.7213],[7.3083,11.7214],[7.3116,11.7167],[7.3155,11.7135],[7.3223,11.7117],[7.3258,11.7054],[7.3253,11.7029],[7.3208,11.6973],[7.3178,11.6958],[7.3122,11.6892],[7.3155,11.6872],[7.3229,11.6861],[7.328,11.6799],[7.3281,11.6781],[7.3317,11.6769],[7.3368,11.6724],[7.3353,11.6658],[7.3357,11.6617],[7.3301,11.6507],[7.3283,11.6442],[7.3312,11.644],[7.3402,11.6396],[7.3475,11.6349],[7.3577,11.6359],[7.3615,11.6341],[7.3685,11.6367],[7.3732,11.64],[7.3771,11.6415]]]},"properties":{"name":"GUGA","state":"20","code":"20/01/10"}},{"type":"Feature","geometry":{"type":"Polygon","coordinates":[[[7.3793,11.64],[7.3912,11.6435],[7.3975,11.6465],[7.4,11.6497],[7.4039,11.6516],[7.4088,11.6525],[7.421,11.6585],[7.4274,11.6566],[7.4332,11.6558],[7.4356,11.6568],[7.438,11.6615],[7.4384,11.6669],[7.4401,11.6704],[7.4457,11.6745],[7.4463,11.6782],[7.4444,11.6816],[7.4442,11.6857],[7.4453,11.6917],[7.449,11.6987],[7.4438,11.7043],[7.4429,11.7069],[7.4425,11.7133],[7.438,11.7155],[7.4369,11.7177],[7.437,11.7244],[7.4381,11.7274],[7.4358,11.7306],[7.4352,11.7345],[7.4319,11.7372],[7.43,11.7426],[7.4273,11.7444],[7.427,11.7474],[7.4248,11.7518],[7.4249,11.7551],[7.4223,11.7573],[7.4198,11.7641],[7.414,11.7707],[7.4178,11.7745],[7.4176,11.7773],[7.419,11.7825],[7.418,11.7871],[7.4158,11.7984],[7.4182,11.8026],[7.4163,11.8029],[7.4115,11.807],[7.4075,11.8086],[7.4065,11.8115],[7.4,11.8116],[7.3988,11.817],[7.3972,11.8188],[7.3936,11.8189],[7.3931,11.8221],[7.3913,11.8239],[7.3878,11.8238],[7.3886,11.819],[7.3881,11.8145],[7.3849,11.8103],[7.3805,11.8089],[7.3796,11.8056],[7.3808,11.7961],[7.3833,11.7922],[7.3838,11.7866],[7.3824,11.7841],[7.3814,11.7783],[7.3768,11.7743],[7.3769,11.77],[7.3748,11.7673],[7.3672,11.761],[7.3625,11.7612],[7.3572,11.7548],[7.3649,11.7513],[7.3642,11.7365],[7.3619,11.7353],[7.3674,11.7191],[7.3665,11.7163],[7.3686,11.714],[7.368,11.7103],[7.3694,11.702],[7.367,11.699],[7.3664,11.6891],[7.3669,11.6864],[7.3652,11.6817],[7.3653,11.6769],[7.3698,11.6703],[7.3717,11.6692],[7.3762,11.6625],[7.3757,11.6587],[7.3728,11.6513],[7.3762,11.6459],[7.3771,11.6415],[7.3793,11.64]]]},"properties":{"name":"KANDARAWA","state":"20","code":"20/01/11"}},{"type":"Feature","geometry":{"type":"Polygon","coordinates":[[[7.6035,12.9527],[7.5981,12.9539],[7.5941,12.9504],[7.5947,12.9459],[7.5894,12.9408],[7.5881,12.9375],[7.5807,12.9332],[7.5771,12.928],[7.5781,12.9208],[7.5766,12.9161],[7.5779,12.9112],[7.5746,12.9041],[7.5727,12.9033],[7.5693,12.8987],[7.5678,12.8948],[7.5578,12.8873],[7.5579,12.8821],[7.5595,12.88],[7.5638,12.879],[7.5806,12.8771],[7.5857,12.877],[7.5912,12.8752],[7.5983,12.87],[7.6029,12.8704],[7.6051,12.8725],[7.6085,12.8697],[7.6115,12.871],[7.6155,12.8625],[7.6174,12.8539],[7.6153,12.848],[7.6103,12.8473],[7.5991,12.8443],[7.5945,12.8437],[7.5909,12.8409],[7.586,12.8451],[7.5818,12.842],[7.5787,12.8412],[7.5763,12.8379],[7.5731,12.8371],[7.5721,12.8343],[7.5671,12.829],[7.5681,12.8267],[7.5722,12.8222],[7.5736,12.8177],[7.5811,12.8172],[7.5935,12.8175],[7.5938,12.8122],[7.6009,12.8101],[7.603,12.8102],[7.6066,12.8058],[7.6121,12.805],[7.6177,12.7987],[7.6203,12.7993],[7.6279,12.7953],[7.6305,12.7912],[7.6343,12.7942],[7.6343,12.804],[7.6363,12.8095],[7.6384,12.8121],[7.6417,12.8134],[7.6443,12.8196],[7.6497,12.823],[7.6516,12.8261],[7.6548,12.8282],[7.6679,12.8275],[7.6689,12.8294],[7.668,12.8346],[7.6657,12.84],[7.6612,12.842],[7.6583,12.846],[7.6548,12.8421],[7.645,12.8372],[7.641,12.8382],[7.6362,12.8419],[7.6317,12.8399],[7.6275,12.8394],[7.6252,12.8403],[7.6244,12.8468],[7.6259,12.8474],[7.6247,12.8517],[7.6264,12.8555],[7.6286,12.8565],[7.6357,12.8557],[7.6351,12.8639],[7.6354,12.8697],[7.6322,12.8739],[7.6375,12.8813],[7.6356,12.8873],[7.6319,12.8941],[7.6323,12.8967],[7.6289,12.9019],[7.63,12.9041],[7.6254,12.9077],[7.6217,12.9072],[7.62,12.9106],[7.6166,12.9127],[7.6171,12.9174],[7.6155,12.9207],[7.6167,12.9254],[7.619,12.9254],[7.6224,12.9306],[7.6234,12.9339],[7.6166,12.9388],[7.6172,12.943],[7.6153,12.946],[7.6099,12.9474],[7.6051,12.9503],[7.6035,12.9527]]]},"properties":{"name":"BATAGARAWA A","state":"20","code":"20/02/01"}},{"type":"Feature","geometry":{"type":"Polygon","coordinates":[[[7.5579,12.8821],[7.5561,12.8806],[7.5481,12.8791],[7.5371,12.8795],[7.5305,12.8786],[7.5272,12.875],[7.5256,12.871],[7.5218,12.8714],[7.5169,12.87],[7.5148,12.8704],[7.5125,12.8638],[7.5098,12.862],[7.5065,12.8617],[7.5028,12.8593],[7.4959,12.8616],[7.4961,12.8563],[7.4983,12.8519],[7.4946,12.8514],[7.4916,12.8536],[7.4875,12.853],[7.487,12.8487],[7.4878,12.8442],[7.4819,12.8424],[7.4802,12.8398],[7.4807,12.8365],[7.4836,12.8321],[7.4849,12.8284],[7.4794,12.8245],[7.4745,12.8239],[7.4745,12.8219],[7.4776,12.8162],[7.4772,12.8133],[7.4786,12.8109],[7.4832,12.8117],[7.4869,12.8106],[7.4917,12.8112],[7.4956,12.8097],[7.4995,12.8112],[7.502,12.8135],[7.5091,12.8139],[7.5112,12.8158],[7.5238,12.8127],[7.5274,12.8134],[7.5335,12.8115],[7.5365,12.815],[7.5434,12.8189],[7.5436,12.8208],[7.5469,12.8238],[7.5452,12.8278],[7.5505,12.831],[7.5671,12.829],[7.5721,12.8343],[7.5731,12.8371],[7.5763,12.8379],[7.5787,12.8412],[7.5818,12.842],[7.586,12.8451],[7.5909,12.8409],[7.5945,12.8437],[7.5991,12.8443],[7.6103,12.8473],[7.6153,12.848],[7.6174,12.8539],[7.6155,12.8625],[7.6115,12.871],[7.6085,12.8697],[7.6051,12.8725],[7.6029,12.8704],[7.5983,12.87],[7.5912,12.8752],[7.5857,12.877],[7.5806,12.8771],[7.5638,12.879],[7.5595,12.88],[7.5579,12.8821]]]},"properties":{"name":"BATAGARAWA B","state":"20","code":"20/02/02"}},{"type":"Feature","geometry":{"type":"Polygon","coordinates":[[[7.6583,12.846],[7.6584,12.8488],[7.6539,12.8541],[7.6495,12.8575],[7.6472,12.8606],[7.651,12.8659],[7.6502,12.8677],[7.6532,12.8727],[7.6539,12.878],[7.6558,12.879],[7.6554,12.8827],[7.6576,12.8848],[7.6557,12.8888],[7.6566,12.8935],[7.6556,12.8962],[7.6647,12.9007],[7.6685,12.9051],[7.6756,12.909],[7.6748,12.9107],[7.6689,12.9156],[7.6641,12.9187],[7.6632,12.9208],[7.6678,12.9237],[7.6703,12.9224],[7.676,12.9223],[7.6829,12.9234],[7.6854,12.9269],[7.6813,12.9359],[7.6826,12.937],[7.6765,12.9408],[7.6717,12.9427],[7.6692,12.945],[7.6683,12.9502],[7.6648,12.9529],[7.6597,12.9527],[7.6567,12.9537],[7.6537,12.9528],[7.6503,12.9551],[7.6398,12.9471],[7.6319,12.9579],[7.627,12.9634],[7.6139,12.9544],[7.6118,12.9536],[7.6035,12.9527],[7.6051,12.9503],[7.6099,12.9474],[7.6153,12.946],[7.6172,12.943],[7.6166,12.9388],[7.6234,12.9339],[7.6224,12.9306],[7.619,12.9254],[7.6167,12.9254],[7.6155,12.9207],[7.6171,12.9174],[7.6166,12.9127],[7.62,12.9106],[7.6217,12.9072],[7.6254,12.9077],[7.63,12.9041],[7.6289,12.9019],[7.6323,12.8967],[7.6319,12.8941],[7.6356,12.8873],[7.6375,12.8813],[7.6322,12.8739],[7.6354,12.8697],[7.6351,12.8639],[7.6357,12.8557],[7.6286,12.8565],[7.6264,12.8555],[7.6247,12.8517],[7.6259,12.8474],[7.6244,12.8468],[7.6252,12.8403],[7.6275,12.8394],[7.6317,12.8399],[7.6362,12.8419],[7.641,12.8382],[7.645,12.8372],[7.6548,12.8421],[7.6583,12.846]]]},"properties":{"name":"DANDAGORO","state":"20","code":"20/02/03"}},{"type":"Feature","geometry":{"type":"Polygon","coordinates":[[[7.6826,12.937],[7.6855,12.9358],[7.6839,12.9436],[7.6867,12.9459],[7.6881,12.9501],[7.6922,12.9521],[7.6996,12.9476],[7.7019,12.9497],[7.7138,12.953],[7.7199,12.9572],[7.7235,12.958],[7.7268,12.9558],[7.7273,12.9519],[7.7294,12.9492],[7.7324,12.9509],[7.7412,12.9514],[7.7451,12.9531],[7.7481,12.9522],[7.7487,12.9575],[7.7519,12.9628],[7.7526,12.9658],[7.7519,12.971],[7.7536,12.9773],[7.7539,12.982],[7.7586,12.9853],[7.7583,12.9877],[7.7615,12.9932],[7.7594,12.9954],[7.7559,12.9966],[7.7482,12.996],[7.7451,12.9987],[7.744,13.0014],[7.7446,13.0061],[7.7353,13.0063],[7.7261,13.0037],[7.7207,13.0073],[7.7166,13.0086],[7.7129,13.0053],[7.7114,13.0021],[7.7137,12.9971],[7.7144,12.9912],[7.7107,12.9841],[7.7103,12.9779],[7.7108,12.9722],[7.7093,12.9699],[7.7043,12.9696],[7.6968,12.9673],[7.6944,12.9652],[7.6896,12.9653],[7.6862,12.964],[7.6809,12.9647],[7.6767,12.9664],[7.673,12.973],[7.6707,12.9752],[7.66,12.9765],[7.6588,12.9746],[7.6589,12.9698],[7.6543,12.9687],[7.6498,12.9694],[7.6473,12.9663],[7.6416,12.9707],[7.6319,12.9579],[7.6398,12.9471],[7.6503,12.9551],[7.6537,12.9528],[7.6567,12.9537],[7.6597,12.9527],[7.6648,12.9529],[7.6683,12.9502],[7.6692,12.945],[7.6717,12.9427],[7.6765,12.9408],[7.6826,12.937]]]},"properties":{"name":"AJIWA","state":"20","code":"20/02/04"}},{"type":"Feature","geometry":{"type":"Polygon","coordinates":[[[7.5671,12.829],[7.5505,12.831],[7.5452,12.8278],[7.5469,12.8238],[7.5436,12.8208],[7.5434,12.8189],[7.5365,12.815],[7.5335,12.8115],[7.5274,12.8134],[7.5238,12.8127],[7.5112,12.8158],[7.5091,12.8139],[7.502,12.8135],[7.4995,12.8112],[7.5023,12.81],[7.5077,12.8038],[7.5099,12.798],[7.5084,12.7957],[7.5117,12.7872],[7.5141,12.783],[7.5147,12.7753],[7.5141,12.7717],[7.5185,12.764],[7.5174,12.7573],[7.5212,12.7569],[7.5243,12.7553],[7.5279,12.759],[7.5323,12.7604],[7.5314,12.7631],[7.5342,12.7673],[7.5341,12.7704],[7.532,12.7732],[7.534,12.7779],[7.5411,12.7821],[7.5469,12.7781],[7.5509,12.7684],[7.5563,12.7647],[7.5564,12.7573],[7.5601,12.7579],[7.563,12.7567],[7.567,12.7586],[7.5712,12.7622],[7.5746,12.7607],[7.5793,12.7609],[7.586,12.7644],[7.5899,12.7695],[7.5963,12.7686],[7.601,12.7725],[7.6024,12.7757],[7.6072,12.7788],[7.607,12.7822],[7.614,12.7872],[7.6157,12.7898],[7.6155,12.7941],[7.6177,12.7987],[7.6121,12.805],[7.6066,12.8058],[7.603,12.8102],[7.6009,12.8101],[7.5938,12.8122],[7.5935,12.8175],[7.5811,12.8172],[7.5736,12.8177],[7.5722,12.8222],[7.5681,12.8267],[7.5671,12.829]]]},"properties":{"name":"TSANNI","state":"20","code":"20/02/05"}},{"type":"Feature","geometry":{"type":"Polygon","coordinates":[[[7.5941,12.9504],[7.5911,12.9546],[7.5846,12.9557],[7.5854,12.9586],[7.5838,12.9625],[7.5803,12.9645],[7.5744,12.9642],[7.5717,12.9664],[7.5685,12.9668],[7.5622,12.9692],[7.5577,12.9687],[7.5535,12.9698],[7.5451,12.97],[7.5382,12.9683],[7.5329,12.9656],[7.5276,12.9662],[7.5253,12.9609],[7.5265,12.9572],[7.5245,12.947],[7.5248,12.9434],[7.521,12.9389],[7.5185,12.9378],[7.5141,12.9317],[7.5186,12.9262],[7.5211,12.925],[7.5244,12.9157],[7.5284,12.9139],[7.5327,12.9104],[7.5376,12.9077],[7.5382,12.9049],[7.5477,12.8962],[7.5496,12.8932],[7.5555,12.8876],[7.5578,12.8873],[7.5678,12.8948],[7.5693,12.8987],[7.5727,12.9033],[7.5746,12.9041],[7.5779,12.9112],[7.5766,12.9161],[7.5781,12.9208],[7.5771,12.928],[7.5807,12.9332],[7.5881,12.9375],[7.5894,12.9408],[7.5947,12.9459],[7.5941,12.9504]]]},"properties":{"name":"JINO","state":"20","code":"20/02/06"}},{"type":"Feature","geometry":{"type":"Polygon","coordinates":[[[7.5578,12.8873],[7.5555,12.8876],[7.5496,12.8932],[7.5477,12.8962],[7.5382,12.9049],[7.5376,12.9077],[7.5327,12.9104],[7.5284,12.9139],[7.5244,12.9157],[7.5211,12.925],[7.5186,12.9262],[7.5141,12.9317],[7.5185,12.9378],[7.521,12.9389],[7.5248,12.9434],[7.5245,12.947],[7.5265,12.9572],[7.5253,12.9609],[7.5213,12.9592],[7.5182,12.9622],[7.5142,12.9636],[7.5094,12.9673],[7.5041,12.9656],[7.5023,12.9601],[7.4986,12.9579],[7.4935,12.9583],[7.4874,12.9556],[7.4811,12.9604],[7.4786,12.9606],[7.4757,12.9575],[7.47,12.9538],[7.4771,12.944],[7.4777,12.9396],[7.4737,12.9355],[7.4735,12.9324],[7.4716,12.9294],[7.4791,12.9232],[7.4782,12.9217],[7.4802,12.9165],[7.4848,12.9096],[7.4808,12.9066],[7.4775,12.9076],[7.4737,12.9105],[7.4683,12.9094],[7.467,12.9052],[7.4693,12.9028],[7.4717,12.898],[7.4784,12.8911],[7.4792,12.8862],[7.4812,12.8834],[7.4785,12.8788],[7.4786,12.8764],[7.4826,12.873],[7.4892,12.8734],[7.4913,12.8699],[7.4962,12.8657],[7.4959,12.8616],[7.5028,12.8593],[7.5065,12.8617],[7.5098,12.862],[7.5125,12.8638],[7.5148,12.8704],[7.5169,12.87],[7.5218,12.8714],[7.5256,12.871],[7.5272,12.875],[7.5305,12.8786],[7.5371,12.8795],[7.5481,12.8791],[7.5561,12.8806],[7.5579,12.8821],[7.5578,12.8873]]]},"properties":{"name":"BARAWA","state":"20","code":"20/02/07"}},{"type":"Feature","geometry":{"type":"Polygon","coordinates":[[[7.4959,12.8616],[7.4962,12.8657],[7.4913,12.8699],[7.4892,12.8734],[7.4826,12.873],[7.4786,12.8764],[7.4785,12.8788],[7.4812,12.8834],[7.4792,12.8862],[7.4784,12.8911],[7.4717,12.898],[7.4693,12.9028],[7.467,12.9052],[7.4683,12.9094],[7.4737,12.9105],[7.4775,12.9076],[7.4808,12.9066],[7.4848,12.9096],[7.4802,12.9165],[7.4782,12.9217],[7.4791,12.9232],[7.4716,12.9294],[7.4735,12.9324],[7.4737,12.9355],[7.4702,12.9347],[7.467,12.9363],[7.465,12.9348],[7.4594,12.9332],[7.4534,12.9332],[7.4517,12.9279],[7.4417,12.926],[7.4363,12.9233],[7.4374,12.9177],[7.4354,12.9145],[7.4281,12.9144],[7.4244,12.9142],[7.4227,12.9112],[7.4248,12.9051],[7.4251,12.9022],[7.4199,12.9024],[7.417,12.8997],[7.4146,12.8956],[7.4172,12.8902],[7.4201,12.8908],[7.423,12.8875],[7.4202,12.8838],[7.4195,12.8811],[7.4211,12.8786],[7.4171,12.876],[7.4168,12.8729],[7.4184,12.8711],[7.42,12.8627],[7.4179,12.8621],[7.4218,12.8602],[7.4218,12.8577],[7.4253,12.8577],[7.4291,12.8547],[7.4361,12.8584],[7.4412,12.8604],[7.4454,12.8599],[7.4504,12.8628],[7.4529,12.8612],[7.4586,12.8622],[7.4607,12.8601],[7.4661,12.8635],[7.4702,12.8636],[7.4777,12.8573],[7.4825,12.8583],[7.4875,12.853],[7.4916,12.8536],[7.4946,12.8514],[7.4983,12.8519],[7.4961,12.8563],[7.4959,12.8616]]]},"properties":{"name":"BAKIYAWA","state":"20","code":"20/02/08"}},{"type":"Feature","geometry":{"type":"Polygon","coordinates":[[[7.7166,13.0086],[7.7169,13.0147],[7.7162,13.02],[7.7198,13.0217],[7.7211,13.0264],[7.7199,13.0285],[7.7244,13.0339],[7.7242,13.0399],[7.721,13.0414],[7.717,13.0397],[7.7141,13.0378],[7.7147,13.0353],[7.7097,13.0341],[7.707,13.027],[7.7059,13.0259],[7.6958,13.0251],[7.6948,13.0232],[7.6901,13.0216],[7.6898,13.0173],[7.6928,13.0142],[7.6849,13.0122],[7.6826,13.0134],[7.6768,13.0087],[7.6764,13.0039],[7.6724,13.0025],[7.6707,12.9978],[7.6679,12.9938],[7.6664,12.9894],[7.673,12.9865],[7.6741,12.9821],[7.6707,12.9752],[7.673,12.973],[7.6767,12.9664],[7.6809,12.9647],[7.6862,12.964],[7.6896,12.9653],[7.6944,12.9652],[7.6968,12.9673],[7.7043,12.9696],[7.7093,12.9699],[7.7108,12.9722],[7.7103,12.9779],[7.7107,12.9841],[7.7144,12.9912],[7.7137,12.9971],[7.7114,13.0021],[7.7129,13.0053],[7.7166,13.0086]]]},"properties":{"name":"KAYAUKI","state":"20","code":"20/02/09"}},{"type":"Feature","geometry":{"type":"Polygon","coordinates":[[[7.5243,12.7553],[7.5296,12.7482],[7.5283,12.7437],[7.5235,12.74],[7.5214,12.7355],[7.5236,12.7316],[7.5231,12.7277],[7.5197,12.7244],[7.5171,12.7237],[7.5136,12.7191],[7.5169,12.7187],[7.5179,12.717],[7.517,12.7135],[7.5188,12.7097],[7.5258,12.707],[7.5334,12.7039],[7.534,12.7013],[7.5364,12.6996],[7.537,12.6959],[7.5454,12.6973],[7.5516,12.699],[7.5542,12.7017],[7.5572,12.7008],[7.565,12.7036],[7.5706,12.7012],[7.5747,12.702],[7.5765,12.7102],[7.5817,12.7161],[7.5831,12.7213],[7.585,12.7233],[7.5657,12.7276],[7.5634,12.7275],[7.5662,12.7331],[7.5715,12.7396],[7.5763,12.7446],[7.577,12.7483],[7.5749,12.7504],[7.5746,12.7607],[7.5712,12.7622],[7.567,12.7586],[7.563,12.7567],[7.5601,12.7579],[7.5564,12.7573],[7.5563,12.7647],[7.5509,12.7684],[7.5469,12.7781],[7.5411,12.7821],[7.534,12.7779],[7.532,12.7732],[7.5341,12.7704],[7.5342,12.7673],[7.5314,12.7631],[7.5323,12.7604],[7.5279,12.759],[7.5243,12.7553]]]},"properties":{"name":"YARGAMJI","state":"20","code":"20/02/10"}},{"type":"Feature","geometry":{"type":"Polygon","coordinates":[[[7.2444,12.7965],[7.2408,12.7959],[7.2361,12.7934],[7.2327,12.7895],[7.2247,12.7907],[7.2218,12.7856],[7.2258,12.7787],[7.2248,12.7764],[7.2245,12.7698],[7.2262,12.7682],[7.2261,12.7647],[7.2222,12.7605],[7.2197,12.76],[7.2097,12.755],[7.2136,12.7508],[7.2189,12.7483],[7.2139,12.7462],[7.2139,12.744],[7.2171,12.7413],[7.2124,12.7408],[7.2136,12.7363],[7.213,12.7293],[7.2113,12.7239],[7.2128,12.7185],[7.2154,12.7169],[7.2185,12.7169],[7.2211,12.7131],[7.229,12.7227],[7.2324,12.7301],[7.2392,12.7312],[7.2407,12.7411],[7.2456,12.7443],[7.2529,12.7446],[7.2616,12.7419],[7.2667,12.7438],[7.2653,12.7478],[7.2659,12.7559],[7.2649,12.7595],[7.2624,12.7635],[7.2645,12.7683],[7.2676,12.77],[7.2637,12.7742],[7.2653,12.7767],[7.2611,12.779],[7.2594,12.782],[7.256,12.7832],[7.2512,12.7831],[7.2495,12.7861],[7.2515,12.79],[7.2457,12.794],[7.2444,12.7965]]]},"properties":{"name":"BATSARI","state":"20","code":"20/03/01"}},{"type":"Feature","geometry":{"type":"Polygon","coordinates":[[[7.2444,12.7965],[7.2454,12.7987],[7.2516,12.8023],[7.2652,12.8069],[7.2666,12.8066],[7.2714,12.809],[7.2804,12.8102],[7.2836,12.8092],[7.2847,12.8114],[7.283,12.82],[7.2798,12.826],[7.2826,12.8314],[7.2823,12.8369],[7.2772,12.8407],[7.2765,12.8447],[7.2666,12.8558],[7.2598,12.8591],[7.2534,12.8597],[7.2484,12.8631],[7.2433,12.8627],[7.2397,12.8586],[7.2386,12.8506],[7.231,12.8539],[7.2268,12.8537],[7.2228,12.8551],[7.2206,12.8546],[7.2109,12.8569],[7.2087,12.8596],[7.2065,12.8556],[7.203,12.853],[7.2009,12.8488],[7.2034,12.8463],[7.204,12.8433],[7.2023,12.8403],[7.1954,12.8423],[7.1945,12.8439],[7.19,12.8432],[7.1859,12.8403],[7.1833,12.8347],[7.1809,12.8332],[7.1818,12.8306],[7.1858,12.8301],[7.1905,12.8267],[7.1879,12.8171],[7.1844,12.8098],[7.188,12.8032],[7.1873,12.7992],[7.1891,12.7972],[7.1907,12.793],[7.188,12.7913],[7.1808,12.7899],[7.1797,12.7835],[7.1763,12.7809],[7.1714,12.7838],[7.1705,12.7822],[7.1658,12.7825],[7.1656,12.7794],[7.1624,12.7739],[7.1653,12.7703],[7.1662,12.7669],[7.1593,12.7641],[7.1575,12.7616],[7.1537,12.7597],[7.1489,12.7597],[7.1487,12.7577],[7.1515,12.7556],[7.1579,12.7538],[7.1616,12.7514],[7.1654,12.7427],[7.1724,12.7398],[7.1801,12.7406],[7.1872,12.7451],[7.1886,12.7494],[7.1918,12.7518],[7.1955,12.7507],[7.1997,12.7553],[7.203,12.7554],[7.207,12.7569],[7.2097,12.755],[7.2197,12.76],[7.2222,12.7605],[7.2261,12.7647],[7.2262,12.7682],[7.2245,12.7698],[7.2248,12.7764],[7.2258,12.7787],[7.2218,12.7856],[7.2247,12.7907],[7.2327,12.7895],[7.2361,12.7934],[7.2408,12.7959],[7.2444,12.7965]]]},"properties":{"name":"MANAWA","state":"20","code":"20/03/02"}},{"type":"Feature","geometry":{"type":"Polygon","coordinates":[[[7.2114,12.692],[7.2134,12.6935],[7.2133,12.6987],[7.2148,12.7029],[7.2065,12.7089],[7.2051,12.7123],[7.2059,12.7165],[7.2051,12.7201],[7.2002,12.725],[7.1928,12.7267],[7.1889,12.7233],[7.1797,12.7219],[7.1766,12.7234],[7.1685,12.7221],[7.168,12.7264],[7.1636,12.7288],[7.1613,12.7348],[7.1556,12.7324],[7.1548,12.7308],[7.1505,12.7325],[7.1441,12.7309],[7.1405,12.7312],[7.1288,12.7266],[7.124,12.7254],[7.1147,12.7262],[7.1097,12.7301],[7.1017,12.7294],[7.0917,12.7266],[7.0859,12.7263],[7.078,12.7238],[7.0757,12.7246],[7.0717,12.7239],[7.0633,12.7254],[7.0555,12.7233],[7.0521,12.7215],[7.0483,12.7179],[7.0404,12.7174],[7.0197,12.7003],[7.0144,12.6957],[7.0166,12.6961],[7.0264,12.695],[7.0321,12.6948],[7.0347,12.6965],[7.0478,12.6953],[7.0551,12.6962],[7.0639,12.6939],[7.0658,12.6922],[7.0721,12.6912],[7.0762,12.6926],[7.0869,12.6891],[7.0928,12.6835],[7.1017,12.6832],[7.1064,12.6794],[7.1101,12.6788],[7.1197,12.6737],[7.126,12.6668],[7.1292,12.6624],[7.1354,12.6621],[7.1386,12.6572],[7.1421,12.6555],[7.146,12.6573],[7.1497,12.6631],[7.1533,12.6634],[7.1587,12.6613],[7.1695,12.6618],[7.174,12.6629],[7.182,12.6687],[7.181,12.6744],[7.1823,12.6783],[7.184,12.6798],[7.1923,12.6799],[7.1945,12.6807],[7.1974,12.6841],[7.2051,12.684],[7.2071,12.6914],[7.2114,12.692]]]},"properties":{"name":"WAGINI","state":"20","code":"20/03/03"}},{"type":"Feature","geometry":{"type":"Polygon","coordinates":[[[7.2667,12.7438],[7.2706,12.7406],[7.2742,12.7358],[7.2753,12.731],[7.273,12.7271],[7.2732,12.723],[7.2774,12.7186],[7.2787,12.7191],[7.286,12.717],[7.2945,12.7171],[7.3034,12.7167],[7.3123,12.7168],[7.3142,12.7177],[7.3196,12.7146],[7.3217,12.7103],[7.3254,12.7085],[7.328,12.7046],[7.3314,12.7017],[7.3358,12.7003],[7.3371,12.6988],[7.3403,12.7023],[7.3448,12.7033],[7.3455,12.708],[7.3494,12.7106],[7.3525,12.7106],[7.3581,12.7127],[7.3575,12.7171],[7.3583,12.7196],[7.3527,12.7241],[7.3466,12.7323],[7.3432,12.7337],[7.3323,12.7328],[7.3274,12.736],[7.3273,12.7375],[7.3331,12.7394],[7.3381,12.7393],[7.3386,12.7424],[7.3364,12.7452],[7.3359,12.7491],[7.339,12.7548],[7.3437,12.7587],[7.3486,12.76],[7.3505,12.7616],[7.3526,12.768],[7.3588,12.7756],[7.3599,12.7714],[7.3625,12.7677],[7.3623,12.7651],[7.3663,12.7615],[7.3693,12.7613],[7.3724,12.7702],[7.376,12.7696],[7.3829,12.7744],[7.3873,12.7739],[7.3916,12.7701],[7.3937,12.7722],[7.4007,12.7693],[7.4025,12.7722],[7.4009,12.7779],[7.404,12.7851],[7.4057,12.7864],[7.4047,12.7901],[7.4052,12.7929],[7.4077,12.7957],[7.4099,12.8005],[7.413,12.8019],[7.413,12.8041],[7.4161,12.8073],[7.4137,12.8136],[7.4187,12.8134],[7.4227,12.8163],[7.4261,12.8213],[7.4243,12.8262],[7.4256,12.8324],[7.4241,12.8349],[7.4167,12.8358],[7.4142,12.8342],[7.411,12.836],[7.4099,12.8382],[7.4062,12.8407],[7.3938,12.8399],[7.3921,12.847],[7.3801,12.8448],[7.3762,12.8451],[7.3721,12.844],[7.3724,12.8354],[7.3688,12.8321],[7.3665,12.8217],[7.3715,12.813],[7.3679,12.8051],[7.3592,12.8003],[7.3583,12.7918],[7.3565,12.7908],[7.3517,12.7912],[7.3434,12.7885],[7.3398,12.7905],[7.3357,12.795],[7.332,12.7972],[7.3293,12.7957],[7.3215,12.7957],[7.319,12.7938],[7.3137,12.7953],[7.3049,12.7964],[7.3025,12.7955],[7.3002,12.7992],[7.2965,12.8027],[7.286,12.8007],[7.2839,12.8046],[7.2836,12.8092],[7.2804,12.8102],[7.2714,12.809],[7.2666,12.8066],[7.2652,12.8069],[7.2516,12.8023],[7.2454,12.7987],[7.2444,12.7965],[7.2457,12.794],[7.2515,12.79],[7.2495,12.7861],[7.2512,12.7831],[7.256,12.7832],[7.2594,12.782],[7.2611,12.779],[7.2653,12.7767],[7.2637,12.7742],[7.2676,12.77],[7.2645,12.7683],[7.2624,12.7635],[7.2649,12.7595],[7.2659,12.7559],[7.2653,12.7478],[7.2667,12.7438]]]},"properties":{"name":"ABADAU/KAGARA","state":"20","code":"20/03/04"}},{"type":"Feature","geometry":{"type":"Polygon","coordinates":[[[7.3717,12.996],[7.3701,12.9963],[7.3649,12.9999],[7.3622,13.0004],[7.3525,12.9942],[7.3449,12.9972],[7.3408,13.0008],[7.3319,13.0004],[7.3285,13.0012],[7.3269,13.004],[7.3227,13.0036],[7.3163,13.005],[7.3119,13.0026],[7.3074,13.0027],[7.2992,13.0049],[7.2912,13.0022],[7.2784,13.0028],[7.2705,13.0079],[7.2654,13.0094],[7.2594,13.0131],[7.2523,13.0188],[7.2479,13.0235],[7.2465,13.0187],[7.2418,13.0159],[7.2392,13.0159],[7.2335,13.0138],[7.2266,13.0086],[7.2262,13.0071],[7.2248,13.0026],[7.2218,12.9994],[7.22,12.9992],[7.2201,12.9928],[7.2179,12.9832],[7.2215,12.9792],[7.2259,12.9774],[7.2282,12.975],[7.2321,12.9731],[7.2355,12.9744],[7.2375,12.9727],[7.2432,12.9711],[7.2465,12.9756],[7.2521,12.9764],[7.2618,12.9726],[7.2615,12.9792],[7.2642,12.9831],[7.2723,12.9815],[7.2812,12.9825],[7.2891,12.9818],[7.2916,12.9775],[7.2991,12.9786],[7.3025,12.9751],[7.3061,12.9756],[7.3064,12.973],[7.3097,12.9732],[7.3138,12.9684],[7.3156,12.964],[7.3164,12.9592],[7.3119,12.9567],[7.314,12.952],[7.3158,12.9501],[7.3262,12.9519],[7.3287,12.9497],[7.3304,12.9518],[7.333,12.9516],[7.3366,12.9474],[7.34,12.9463],[7.342,12.9397],[7.3463,12.9355],[7.353,12.9312],[7.3561,12.9305],[7.359,12.9334],[7.3626,12.9323],[7.3704,12.9324],[7.3803,12.9283],[7.3837,12.9245],[7.3906,12.9246],[7.3935,12.9254],[7.3979,12.9333],[7.3952,12.9423],[7.3961,12.9479],[7.3896,12.9562],[7.3864,12.9532],[7.3833,12.9528],[7.3825,12.957],[7.3849,12.9621],[7.3874,12.9644],[7.386,12.9669],[7.3839,12.9739],[7.3848,12.9795],[7.3825,12.9835],[7.3795,12.9831],[7.3746,12.9861],[7.3712,12.9894],[7.3717,12.996]]]},"properties":{"name":"YAUYAU/MALLAMAWA","state":"20","code":"20/03/05"}},{"type":"Feature","geometry":{"type":"Polygon","coordinates":[[[7.2618,12.9726],[7.2599,12.9642],[7.2561,12.959],[7.2573,12.9541],[7.2612,12.9493],[7.2649,12.947],[7.2656,12.938],[7.2646,12.9339],[7.2648,12.9282],[7.2675,12.9261],[7.2732,12.9255],[7.2745,12.924],[7.2708,12.9185],[7.2705,12.9164],[7.2781,12.9163],[7.2814,12.9141],[7.2894,12.9146],[7.2925,12.9181],[7.2991,12.9139],[7.2954,12.9078],[7.2969,12.9042],[7.3003,12.9045],[7.3008,12.8994],[7.3029,12.8952],[7.3047,12.8953],[7.3096,12.8982],[7.3136,12.899],[7.315,12.8974],[7.3212,12.8975],[7.3237,12.9019],[7.3289,12.9037],[7.3325,12.9005],[7.3395,12.9046],[7.3395,12.9068],[7.3436,12.9089],[7.3508,12.909],[7.3499,12.9134],[7.3468,12.9164],[7.3535,12.9293],[7.3561,12.9305],[7.353,12.9312],[7.3463,12.9355],[7.342,12.9397],[7.34,12.9463],[7.3366,12.9474],[7.333,12.9516],[7.3304,12.9518],[7.3287,12.9497],[7.3262,12.9519],[7.3158,12.9501],[7.314,12.952],[7.3119,12.9567],[7.3164,12.9592],[7.3156,12.964],[7.3138,12.9684],[7.3097,12.9732],[7.3064,12.973],[7.3061,12.9756],[7.3025,12.9751],[7.2991,12.9786],[7.2916,12.9775],[7.2891,12.9818],[7.2812,12.9825],[7.2723,12.9815],[7.2642,12.9831],[7.2615,12.9792],[7.2618,12.9726]]]},"properties":{"name":"KANDAWA","state":"20","code":"20/03/06"}},{"type":"Feature","geometry":{"type":"Polygon","coordinates":[[[7.4146,12.8956],[7.412,12.8933],[7.4069,12.8925],[7.4021,12.8953],[7.3974,12.8925],[7.3979,12.8973],[7.3958,12.9001],[7.3993,12.9085],[7.3981,12.9126],[7.3997,12.9148],[7.3974,12.9211],[7.3935,12.9254],[7.3906,12.9246],[7.3837,12.9245],[7.3803,12.9283],[7.3704,12.9324],[7.3626,12.9323],[7.359,12.9334],[7.3561,12.9305],[7.3535,12.9293],[7.3468,12.9164],[7.3499,12.9134],[7.3508,12.909],[7.3436,12.9089],[7.3395,12.9068],[7.3395,12.9046],[7.3325,12.9005],[7.3289,12.9037],[7.3237,12.9019],[7.3212,12.8975],[7.315,12.8974],[7.3136,12.899],[7.3096,12.8982],[7.3047,12.8953],[7.3029,12.8952],[7.3,12.8853],[7.3098,12.8773],[7.3128,12.8739],[7.3144,12.8646],[7.3018,12.8621],[7.2987,12.8641],[7.2921,12.8656],[7.2915,12.8677],[7.285,12.8708],[7.2834,12.8737],[7.2789,12.877],[7.2775,12.8793],[7.2719,12.8775],[7.2651,12.8807],[7.2612,12.8774],[7.262,12.8696],[7.2619,12.8649],[7.2587,12.8606],[7.2598,12.8591],[7.2666,12.8558],[7.2765,12.8447],[7.2772,12.8407],[7.2823,12.8369],[7.2826,12.8314],[7.2798,12.826],[7.283,12.82],[7.2847,12.8114],[7.2836,12.8092],[7.2839,12.8046],[7.286,12.8007],[7.2965,12.8027],[7.3002,12.7992],[7.3025,12.7955],[7.3049,12.7964],[7.3137,12.7953],[7.319,12.7938],[7.3215,12.7957],[7.3293,12.7957],[7.332,12.7972],[7.3357,12.795],[7.3398,12.7905],[7.3434,12.7885],[7.3517,12.7912],[7.3565,12.7908],[7.3583,12.7918],[7.3592,12.8003],[7.3679,12.8051],[7.3715,12.813],[7.3665,12.8217],[7.3688,12.8321],[7.3724,12.8354],[7.3721,12.844],[7.3762,12.8451],[7.3801,12.8448],[7.3921,12.847],[7.3938,12.8399],[7.4062,12.8407],[7.4099,12.8382],[7.411,12.836],[7.4142,12.8342],[7.4167,12.8358],[7.4161,12.8404],[7.421,12.8484],[7.42,12.8521],[7.4138,12.8554],[7.4129,12.8606],[7.4179,12.8621],[7.42,12.8627],[7.4184,12.8711],[7.4168,12.8729],[7.4171,12.876],[7.4211,12.8786],[7.4195,12.8811],[7.4202,12.8838],[7.423,12.8875],[7.4201,12.8908],[7.4172,12.8902],[7.4146,12.8956]]]},"properties":{"name":"DAN. ALH/YANGAIYA","state":"20","code":"20/03/07"}},{"type":"Feature","geometry":{"type":"Polygon","coordinates":[[[7.2598,12.8591],[7.2587,12.8606],[7.2619,12.8649],[7.262,12.8696],[7.2612,12.8774],[7.2651,12.8807],[7.2719,12.8775],[7.2775,12.8793],[7.2789,12.877],[7.2834,12.8737],[7.285,12.8708],[7.2915,12.8677],[7.2921,12.8656],[7.2987,12.8641],[7.3018,12.8621],[7.3144,12.8646],[7.3128,12.8739],[7.3098,12.8773],[7.3,12.8853],[7.3029,12.8952],[7.3008,12.8994],[7.3003,12.9045],[7.2969,12.9042],[7.2954,12.9078],[7.2991,12.9139],[7.2925,12.9181],[7.2894,12.9146],[7.2814,12.9141],[7.2781,12.9163],[7.2705,12.9164],[7.2711,12.9122],[7.2725,12.9105],[7.2719,12.9075],[7.2634,12.8987],[7.2615,12.8923],[7.2583,12.8899],[7.2529,12.8886],[7.2475,12.8832],[7.2453,12.8826],[7.2384,12.8853],[7.2303,12.8796],[7.2245,12.8736],[7.221,12.8727],[7.2143,12.8747],[7.2128,12.8763],[7.2058,12.88],[7.2004,12.8811],[7.1928,12.8781],[7.187,12.874],[7.1827,12.8726],[7.1755,12.8686],[7.1673,12.8709],[7.1605,12.8742],[7.1588,12.8762],[7.1529,12.8757],[7.1492,12.874],[7.1427,12.8742],[7.1358,12.8725],[7.1302,12.8729],[7.1271,12.8712],[7.1238,12.8711],[7.1198,12.8685],[7.1207,12.8648],[7.119,12.8569],[7.1188,12.8469],[7.1174,12.8455],[7.1116,12.8324],[7.1123,12.8305],[7.1121,12.8223],[7.1109,12.8171],[7.1143,12.8103],[7.1157,12.8058],[7.115,12.8035],[7.117,12.7961],[7.1147,12.7901],[7.1088,12.7856],[7.1067,12.7821],[7.1063,12.773],[7.1043,12.7685],[7.1033,12.7637],[7.1034,12.7595],[7.1081,12.76],[7.1125,12.7574],[7.1182,12.7596],[7.1342,12.7594],[7.1413,12.7614],[7.1457,12.7614],[7.1489,12.7597],[7.1537,12.7597],[7.1575,12.7616],[7.1593,12.7641],[7.1662,12.7669],[7.1653,12.7703],[7.1624,12.7739],[7.1656,12.7794],[7.1658,12.7825],[7.1705,12.7822],[7.1714,12.7838],[7.1763,12.7809],[7.1797,12.7835],[7.1808,12.7899],[7.188,12.7913],[7.1907,12.793],[7.1891,12.7972],[7.1873,12.7992],[7.188,12.8032],[7.1844,12.8098],[7.1879,12.8171],[7.1905,12.8267],[7.1858,12.8301],[7.1818,12.8306],[7.1809,12.8332],[7.1833,12.8347],[7.1859,12.8403],[7.19,12.8432],[7.1945,12.8439],[7.1954,12.8423],[7.2023,12.8403],[7.204,12.8433],[7.2034,12.8463],[7.2009,12.8488],[7.203,12.853],[7.2065,12.8556],[7.2087,12.8596],[7.2109,12.8569],[7.2206,12.8546],[7.2228,12.8551],[7.2268,12.8537],[7.231,12.8539],[7.2386,12.8506],[7.2397,12.8586],[7.2433,12.8627],[7.2484,12.8631],[7.2534,12.8597],[7.2598,12.8591]]]},"properties":{"name":"RUMA","state":"20","code":"20/03/08"}},{"type":"Feature","geometry":{"type":"Polygon","coordinates":[[[7.2262,13.0071],[7.2187,13.0056],[7.2148,13.006],[7.2065,13.0016],[7.2008,12.9998],[7.1931,13.0017],[7.1897,13.001],[7.1854,13.0008],[7.1839,12.9974],[7.1784,12.9918],[7.1729,12.9874],[7.1664,12.9855],[7.1652,12.981],[7.1703,12.9764],[7.1731,12.9725],[7.1703,12.9687],[7.1641,12.9617],[7.1644,12.9581],[7.157,12.9524],[7.1509,12.9505],[7.1509,12.9481],[7.1471,12.9464],[7.146,12.9443],[7.1393,12.9416],[7.1354,12.9409],[7.1325,12.9379],[7.1298,12.9318],[7.1282,12.9249],[7.1267,12.9231],[7.121,12.922],[7.1156,12.9219],[7.1094,12.9203],[7.105,12.9234],[7.1036,12.9137],[7.1018,12.9069],[7.0997,12.9039],[7.0995,12.8988],[7.0966,12.8872],[7.0971,12.88],[7.0994,12.8782],[7.1066,12.8762],[7.1129,12.872],[7.1198,12.8685],[7.1238,12.8711],[7.1271,12.8712],[7.1302,12.8729],[7.1358,12.8725],[7.1427,12.8742],[7.1492,12.874],[7.1529,12.8757],[7.1588,12.8762],[7.1605,12.8742],[7.1673,12.8709],[7.1755,12.8686],[7.1827,12.8726],[7.187,12.874],[7.1928,12.8781],[7.2004,12.8811],[7.2058,12.88],[7.2128,12.8763],[7.2143,12.8747],[7.221,12.8727],[7.2245,12.8736],[7.2303,12.8796],[7.2384,12.8853],[7.2453,12.8826],[7.2475,12.8832],[7.2529,12.8886],[7.2583,12.8899],[7.2615,12.8923],[7.2634,12.8987],[7.2719,12.9075],[7.2725,12.9105],[7.2711,12.9122],[7.2705,12.9164],[7.2708,12.9185],[7.2745,12.924],[7.2732,12.9255],[7.2675,12.9261],[7.2648,12.9282],[7.2646,12.9339],[7.2656,12.938],[7.2649,12.947],[7.2612,12.9493],[7.2573,12.9541],[7.2561,12.959],[7.2599,12.9642],[7.2618,12.9726],[7.2521,12.9764],[7.2465,12.9756],[7.2432,12.9711],[7.2375,12.9727],[7.2355,12.9744],[7.2321,12.9731],[7.2282,12.975],[7.2259,12.9774],[7.2215,12.9792],[7.2179,12.9832],[7.2201,12.9928],[7.22,12.9992],[7.2218,12.9994],[7.2248,13.0026],[7.2262,13.0071]]]},"properties":{"name":"DARINI/MAGAJI/ABU","state":"20","code":"20/03/09"}},{"type":"Feature","geometry":{"type":"Polygon","coordinates":[[[7.2774,12.7186],[7.276,12.7126],[7.276,12.7091],[7.2736,12.7049],[7.2747,12.7017],[7.2742,12.6945],[7.2833,12.6841],[7.2906,12.679],[7.2933,12.6788],[7.2965,12.6768],[7.2993,12.6805],[7.3039,12.6826],[7.3071,12.6811],[7.3108,12.6813],[7.3146,12.6797],[7.3161,12.6808],[7.3213,12.6814],[7.3246,12.6806],[7.3284,12.6829],[7.3294,12.6896],[7.3341,12.6897],[7.3374,12.6911],[7.3397,12.6895],[7.3447,12.69],[7.3494,12.688],[7.3529,12.6886],[7.3568,12.693],[7.3607,12.6921],[7.366,12.683],[7.3729,12.6836],[7.3764,12.6805],[7.382,12.684],[7.3844,12.6919],[7.3859,12.7005],[7.3948,12.7002],[7.3968,12.7038],[7.3969,12.7079],[7.3996,12.7091],[7.3993,12.7151],[7.4001,12.7174],[7.404,12.7176],[7.4035,12.7222],[7.3987,12.7291],[7.4,12.7298],[7.3962,12.7362],[7.3932,12.7437],[7.3925,12.7512],[7.3959,12.7547],[7.3999,12.7566],[7.4022,12.7664],[7.4007,12.7693],[7.3937,12.7722],[7.3916,12.7701],[7.3873,12.7739],[7.3829,12.7744],[7.376,12.7696],[7.3724,12.7702],[7.3693,12.7613],[7.3663,12.7615],[7.3623,12.7651],[7.3625,12.7677],[7.3599,12.7714],[7.3588,12.7756],[7.3526,12.768],[7.3505,12.7616],[7.3486,12.76],[7.3437,12.7587],[7.339,12.7548],[7.3359,12.7491],[7.3364,12.7452],[7.3386,12.7424],[7.3381,12.7393],[7.3331,12.7394],[7.3273,12.7375],[7.3274,12.736],[7.3323,12.7328],[7.3432,12.7337],[7.3466,12.7323],[7.3527,12.7241],[7.3583,12.7196],[7.3575,12.7171],[7.3581,12.7127],[7.3525,12.7106],[7.3494,12.7106],[7.3455,12.708],[7.3448,12.7033],[7.3403,12.7023],[7.3371,12.6988],[7.3358,12.7003],[7.3314,12.7017],[7.328,12.7046],[7.3254,12.7085],[7.3217,12.7103],[7.3196,12.7146],[7.3142,12.7177],[7.3123,12.7168],[7.3034,12.7167],[7.2945,12.7171],[7.286,12.717],[7.2787,12.7191],[7.2774,12.7186]]]},"properties":{"name":"KARARE","state":"20","code":"20/03/10"}},{"type":"Feature","geometry":{"type":"Polygon","coordinates":[[[7.2097,12.755],[7.207,12.7569],[7.203,12.7554],[7.1997,12.7553],[7.1955,12.7507],[7.1918,12.7518],[7.1886,12.7494],[7.1872,12.7451],[7.1801,12.7406],[7.1724,12.7398],[7.1654,12.7427],[7.1616,12.7514],[7.1579,12.7538],[7.1515,12.7556],[7.1487,12.7577],[7.1489,12.7597],[7.1457,12.7614],[7.1413,12.7614],[7.1342,12.7594],[7.1182,12.7596],[7.1125,12.7574],[7.1081,12.76],[7.1034,12.7595],[7.0947,12.7559],[7.0905,12.7517],[7.0831,12.7484],[7.0819,12.7459],[7.0766,12.7441],[7.0722,12.7403],[7.0607,12.7398],[7.043,12.7196],[7.0404,12.7174],[7.0483,12.7179],[7.0521,12.7215],[7.0555,12.7233],[7.0633,12.7254],[7.0717,12.7239],[7.0757,12.7246],[7.078,12.7238],[7.0859,12.7263],[7.0917,12.7266],[7.1017,12.7294],[7.1097,12.7301],[7.1147,12.7262],[7.124,12.7254],[7.1288,12.7266],[7.1405,12.7312],[7.1441,12.7309],[7.1505,12.7325],[7.1548,12.7308],[7.1556,12.7324],[7.1613,12.7348],[7.1636,12.7288],[7.168,12.7264],[7.1685,12.7221],[7.1766,12.7234],[7.1797,12.7219],[7.1889,12.7233],[7.1928,12.7267],[7.2002,12.725],[7.2051,12.7201],[7.2059,12.7165],[7.2051,12.7123],[7.2065,12.7089],[7.2148,12.7029],[7.2133,12.6987],[7.2134,12.6935],[7.2114,12.692],[7.2125,12.6908],[7.2211,12.6879],[7.2274,12.6906],[7.2276,12.693],[7.2319,12.692],[7.2387,12.6933],[7.2407,12.6925],[7.2487,12.6962],[7.2534,12.6957],[7.2569,12.697],[7.2606,12.7012],[7.2628,12.7017],[7.2674,12.7049],[7.2736,12.7049],[7.276,12.7091],[7.276,12.7126],[7.2774,12.7186],[7.2732,12.723],[7.273,12.7271],[7.2753,12.731],[7.2742,12.7358],[7.2706,12.7406],[7.2667,12.7438],[7.2616,12.7419],[7.2529,12.7446],[7.2456,12.7443],[7.2407,12.7411],[7.2392,12.7312],[7.2324,12.7301],[7.229,12.7227],[7.2211,12.7131],[7.2185,12.7169],[7.2154,12.7169],[7.2128,12.7185],[7.2113,12.7239],[7.213,12.7293],[7.2136,12.7363],[7.2124,12.7408],[7.2171,12.7413],[7.2139,12.744],[7.2139,12.7462],[7.2189,12.7483],[7.2136,12.7508],[7.2097,12.755]]]},"properties":{"name":"MADOGARA","state":"20","code":"20/03/11"}},{"type":"Feature","geometry":{"type":"Polygon","coordinates":[[[8.9522,12.7398],[8.9491,12.742],[8.9459,12.7406],[8.9375,12.7404],[8.9318,12.7411],[8.9286,12.745],[8.9287,12.7533],[8.9305,12.7588],[8.9297,12.7616],[8.9276,12.7631],[8.9194,12.7638],[8.9175,12.7652],[8.9127,12.7603],[8.9069,12.759],[8.8988,12.7603],[8.8941,12.7641],[8.8889,12.7721],[8.8907,12.7848],[8.8919,12.7869],[8.8914,12.791],[8.8919,12.7962],[8.8944,12.8011],[8.8917,12.805],[8.8914,12.8076],[8.8871,12.8112],[8.8891,12.8211],[8.8877,12.826],[8.8843,12.8264],[8.8766,12.8226],[8.8752,12.8139],[8.8753,12.8072],[8.8687,12.8078],[8.865,12.8034],[8.8575,12.7986],[8.8551,12.7947],[8.8555,12.7904],[8.8487,12.7872],[8.8458,12.7874],[8.8408,12.7963],[8.8395,12.8022],[8.8364,12.8019],[8.8275,12.7954],[8.8244,12.7897],[8.8266,12.7805],[8.8244,12.7755],[8.8209,12.7704],[8.8219,12.7678],[8.8261,12.7648],[8.8338,12.7475],[8.8403,12.7491],[8.8479,12.7486],[8.8523,12.7469],[8.8549,12.7399],[8.8536,12.7337],[8.8561,12.7289],[8.8624,12.7257],[8.8656,12.7219],[8.8661,12.7169],[8.8641,12.7127],[8.8596,12.7109],[8.8566,12.7075],[8.8532,12.7056],[8.8552,12.701],[8.8552,12.6964],[8.8594,12.6913],[8.8614,12.6856],[8.8641,12.6849],[8.8717,12.679],[8.8835,12.6961],[8.8969,12.699],[8.9084,12.702],[8.9232,12.7071],[8.9513,12.7381],[8.9522,12.7398]]]},"properties":{"name":"YANMAULU","state":"20","code":"20/04/01"}},{"type":"Feature","geometry":{"type":"Polygon","coordinates":[[[9.0443,12.8156],[9.0473,12.8162],[9.0433,12.835],[9.0243,12.8372],[9.01,12.8403],[8.9952,12.8366],[8.9809,12.8355],[8.9779,12.8336],[8.9622,12.8388],[8.9594,12.8328],[8.9572,12.8298],[8.9469,12.8344],[8.9388,12.8365],[8.9376,12.8328],[8.9328,12.832],[8.9302,12.8301],[8.9292,12.8261],[8.9323,12.8207],[8.9385,12.8191],[8.9436,12.8203],[8.9438,12.8183],[8.9522,12.8077],[8.952,12.8032],[8.9548,12.8008],[8.957,12.7956],[8.9549,12.7933],[8.9548,12.7895],[8.9569,12.7884],[8.955,12.7855],[8.9564,12.7824],[8.9539,12.7802],[8.947,12.7787],[8.9447,12.7764],[8.9414,12.7761],[8.9386,12.7745],[8.9351,12.7746],[8.9356,12.772],[8.9326,12.7677],[8.9297,12.7616],[8.9305,12.7588],[8.9287,12.7533],[8.9286,12.745],[8.9318,12.7411],[8.9375,12.7404],[8.9459,12.7406],[8.9491,12.742],[8.9522,12.7398],[8.9702,12.7761],[8.9713,12.7851],[8.9829,12.8068],[9.013,12.809],[9.0182,12.8097],[9.0358,12.8142],[9.0443,12.8156]]]},"properties":{"name":"BABBAN MUTUM","state":"20","code":"20/04/02"}},{"type":"Feature","geometry":{"type":"Polygon","coordinates":[[[8.9297,12.7616],[8.9326,12.7677],[8.9356,12.772],[8.9351,12.7746],[8.9386,12.7745],[8.9414,12.7761],[8.9447,12.7764],[8.947,12.7787],[8.9539,12.7802],[8.9564,12.7824],[8.955,12.7855],[8.9569,12.7884],[8.9548,12.7895],[8.9549,12.7933],[8.957,12.7956],[8.9548,12.8008],[8.952,12.8032],[8.9522,12.8077],[8.9438,12.8183],[8.9436,12.8203],[8.9385,12.8191],[8.9323,12.8207],[8.9292,12.8261],[8.9302,12.8301],[8.9328,12.832],[8.9376,12.8328],[8.9388,12.8365],[8.9469,12.8344],[8.9572,12.8298],[8.9594,12.8328],[8.9622,12.8388],[8.9307,12.8496],[8.9251,12.8504],[8.9056,12.8576],[8.9044,12.852],[8.903,12.8494],[8.8955,12.8467],[8.8908,12.8481],[8.8875,12.8509],[8.8802,12.8534],[8.8713,12.8529],[8.8684,12.8501],[8.8692,12.8407],[8.8748,12.8407],[8.8788,12.8373],[8.8836,12.8302],[8.8843,12.8264],[8.8877,12.826],[8.8891,12.8211],[8.8871,12.8112],[8.8914,12.8076],[8.8917,12.805],[8.8944,12.8011],[8.8919,12.7962],[8.8914,12.791],[8.8919,12.7869],[8.8907,12.7848],[8.8889,12.7721],[8.8941,12.7641],[8.8988,12.7603],[8.9069,12.759],[8.9127,12.7603],[8.9175,12.7652],[8.9194,12.7638],[8.9276,12.7631],[8.9297,12.7616]]]},"properties":{"name":"TARAMNAWA/BARE","state":"20","code":"20/04/03"}},{"type":"Feature","geometry":{"type":"Polygon","coordinates":[[[8.7598,12.8252],[8.7549,12.8257],[8.7512,12.8246],[8.7481,12.8254],[8.7404,12.8185],[8.7366,12.8209],[8.7299,12.8234],[8.7278,12.8288],[8.7253,12.8331],[8.7249,12.8359],[8.7182,12.835],[8.7163,12.8336],[8.7131,12.8341],[8.7063,12.8282],[8.7065,12.8232],[8.7083,12.8175],[8.7072,12.8138],[8.7079,12.8075],[8.7113,12.8029],[8.7147,12.7998],[8.7207,12.8004],[8.7264,12.7963],[8.7289,12.79],[8.7314,12.7858],[8.7314,12.7771],[8.7343,12.7735],[8.7357,12.7685],[8.7354,12.7657],[8.7367,12.7627],[8.7392,12.7598],[8.7431,12.7604],[8.7495,12.7627],[8.7503,12.7591],[8.7547,12.7523],[8.7607,12.751],[8.7622,12.7483],[8.7682,12.7449],[8.7758,12.7507],[8.7813,12.7509],[8.7827,12.7524],[8.7871,12.7523],[8.7913,12.7583],[8.7914,12.7637],[8.7883,12.769],[8.7877,12.7745],[8.7857,12.7797],[8.7812,12.781],[8.7766,12.7792],[8.7719,12.7848],[8.7705,12.7938],[8.7708,12.7975],[8.7655,12.8089],[8.7631,12.8125],[8.762,12.8213],[8.7598,12.8252]]]},"properties":{"name":"MUDURI","state":"20","code":"20/04/04"}},{"type":"Feature","geometry":{"type":"Polygon","coordinates":[[[8.7598,12.8252],[8.7614,12.8318],[8.7671,12.8333],[8.7728,12.8369],[8.7754,12.8373],[8.7788,12.8357],[8.7826,12.8362],[8.7845,12.8378],[8.7834,12.844],[8.7821,12.8484],[8.785,12.8516],[8.7827,12.8559],[8.7825,12.8592],[8.7854,12.8647],[8.7819,12.8673],[8.774,12.8676],[8.7607,12.8595],[8.7571,12.8592],[8.7546,12.8578],[8.7493,12.8583],[8.7468,12.8594],[8.7412,12.8596],[8.7325,12.8645],[8.7281,12.8662],[8.725,12.8662],[8.722,12.8681],[8.7193,12.8549],[8.7166,12.8491],[8.7146,12.8473],[8.7108,12.847],[8.7081,12.8439],[8.712,12.8385],[8.7131,12.8341],[8.7163,12.8336],[8.7182,12.835],[8.7249,12.8359],[8.7253,12.8331],[8.7278,12.8288],[8.7299,12.8234],[8.7366,12.8209],[8.7404,12.8185],[8.7481,12.8254],[8.7512,12.8246],[8.7549,12.8257],[8.7598,12.8252]]]},"properties":{"name":"BAURE","state":"20","code":"20/04/05"}},{"type":"Feature","geometry":{"type":"Polygon","coordinates":[[[8.8158,12.6741],[8.8239,12.6744],[8.8286,12.6759],[8.8297,12.6705],[8.8398,12.672],[8.8407,12.6737],[8.8481,12.6756],[8.8505,12.6788],[8.8608,12.6717],[8.8646,12.669],[8.8717,12.679],[8.8641,12.6849],[8.8614,12.6856],[8.8594,12.6913],[8.8552,12.6964],[8.8552,12.701],[8.8532,12.7056],[8.8566,12.7075],[8.8596,12.7109],[8.8641,12.7127],[8.8661,12.7169],[8.8656,12.7219],[8.8624,12.7257],[8.8561,12.7289],[8.8536,12.7337],[8.8549,12.7399],[8.8523,12.7469],[8.8479,12.7486],[8.8403,12.7491],[8.8338,12.7475],[8.8261,12.7648],[8.8219,12.7678],[8.8209,12.7704],[8.81,12.7744],[8.8054,12.7752],[8.8021,12.7721],[8.8009,12.7687],[8.7914,12.7637],[8.7913,12.7583],[8.7871,12.7523],[8.7827,12.7524],[8.7813,12.7509],[8.7758,12.7507],[8.7682,12.7449],[8.7674,12.736],[8.7643,12.7336],[8.7658,12.7319],[8.7744,12.726],[8.7731,12.7228],[8.7753,12.7196],[8.7789,12.7202],[8.7799,12.707],[8.7849,12.7079],[8.7875,12.7054],[8.7909,12.7043],[8.7935,12.7016],[8.7943,12.6978],[8.7978,12.6943],[8.8049,12.6906],[8.8062,12.6884],[8.8029,12.6852],[8.8022,12.6824],[8.8035,12.6731],[8.8158,12.6741]]]},"properties":{"name":"UNGUWAR RAI","state":"20","code":"20/04/06"}},{"type":"Feature","geometry":{"type":"Polygon","coordinates":[[[8.9056,12.8576],[8.8733,12.8694],[8.869,12.8728],[8.8599,12.8746],[8.8431,12.8788],[8.8366,12.8808],[8.8114,12.8895],[8.7981,12.8927],[8.7863,12.8946],[8.7547,12.9054],[8.7118,12.9166],[8.7156,12.906],[8.7159,12.8996],[8.7112,12.8913],[8.706,12.89],[8.71,12.8858],[8.717,12.8825],[8.7216,12.8829],[8.7242,12.8746],[8.722,12.8681],[8.725,12.8662],[8.7281,12.8662],[8.7325,12.8645],[8.7412,12.8596],[8.7468,12.8594],[8.7493,12.8583],[8.7546,12.8578],[8.7571,12.8592],[8.7607,12.8595],[8.774,12.8676],[8.7819,12.8673],[8.7854,12.8647],[8.7825,12.8592],[8.7827,12.8559],[8.785,12.8516],[8.7821,12.8484],[8.7834,12.844],[8.8198,12.8393],[8.8289,12.8386],[8.8431,12.8384],[8.8607,12.8372],[8.8694,12.8376],[8.8692,12.8407],[8.8684,12.8501],[8.8713,12.8529],[8.8802,12.8534],[8.8875,12.8509],[8.8908,12.8481],[8.8955,12.8467],[8.903,12.8494],[8.9044,12.852],[8.9056,12.8576]]]},"properties":{"name":"KAGARA/FASKI","state":"20","code":"20/04/07"}},{"type":"Feature","geometry":{"type":"Polygon","coordinates":[[[8.8843,12.8264],[8.8836,12.8302],[8.8788,12.8373],[8.8748,12.8407],[8.8692,12.8407],[8.8694,12.8376],[8.8607,12.8372],[8.8431,12.8384],[8.8289,12.8386],[8.8198,12.8393],[8.7834,12.844],[8.7845,12.8378],[8.7826,12.8362],[8.7788,12.8357],[8.7754,12.8373],[8.7728,12.8369],[8.7671,12.8333],[8.7614,12.8318],[8.7598,12.8252],[8.762,12.8213],[8.7631,12.8125],[8.7655,12.8089],[8.7708,12.7975],[8.7705,12.7938],[8.7719,12.7848],[8.7766,12.7792],[8.7812,12.781],[8.7857,12.7797],[8.7877,12.7745],[8.7883,12.769],[8.7914,12.7637],[8.8009,12.7687],[8.8021,12.7721],[8.8054,12.7752],[8.81,12.7744],[8.8209,12.7704],[8.8244,12.7755],[8.8266,12.7805],[8.8244,12.7897],[8.8275,12.7954],[8.8364,12.8019],[8.8395,12.8022],[8.8408,12.7963],[8.8458,12.7874],[8.8487,12.7872],[8.8555,12.7904],[8.8551,12.7947],[8.8575,12.7986],[8.865,12.8034],[8.8687,12.8078],[8.8753,12.8072],[8.8752,12.8139],[8.8766,12.8226],[8.8843,12.8264]]]},"properties":{"name":"GARKI","state":"20","code":"20/04/08"}},{"type":"Feature","geometry":{"type":"Polygon","coordinates":[[[8.5933,12.7752],[8.5944,12.7662],[8.6008,12.7482],[8.6037,12.7377],[8.6104,12.7373],[8.612,12.7413],[8.6162,12.7424],[8.6193,12.7472],[8.6267,12.7503],[8.6312,12.7571],[8.6354,12.7586],[8.6349,12.7617],[8.6295,12.7653],[8.6241,12.7739],[8.6216,12.7761],[8.62,12.7813],[8.6209,12.7836],[8.6183,12.7848],[8.6172,12.7873],[8.6098,12.7945],[8.6104,12.7987],[8.6087,12.8019],[8.6147,12.8091],[8.6167,12.8096],[8.6206,12.8135],[8.6216,12.8162],[8.6278,12.8189],[8.6311,12.8268],[8.6305,12.832],[8.6244,12.8378],[8.6251,12.844],[8.6204,12.8462],[8.6205,12.8503],[8.6237,12.8589],[8.6245,12.8644],[8.6265,12.8679],[8.6281,12.8738],[8.6269,12.8759],[8.6266,12.8805],[8.6249,12.8826],[8.6244,12.8816],[8.6122,12.8767],[8.6068,12.874],[8.606,12.8707],[8.6018,12.8689],[8.598,12.8705],[8.5905,12.8691],[8.5856,12.869],[8.5745,12.8656],[8.5739,12.8626],[8.5707,12.8618],[8.5663,12.8652],[8.5639,12.8656],[8.5597,12.8645],[8.5509,12.8661],[8.5478,12.8616],[8.5522,12.8495],[8.5541,12.846],[8.5531,12.8443],[8.5473,12.8413],[8.5495,12.8385],[8.5552,12.8346],[8.5593,12.8341],[8.5635,12.83],[8.5639,12.8253],[8.5739,12.8205],[8.584,12.8136],[8.5884,12.8067],[8.5872,12.8022],[8.5882,12.7944],[8.5931,12.7773],[8.5933,12.7752]]]},"properties":{"name":"YANDUNA","state":"20","code":"20/04/09"}},{"type":"Feature","geometry":{"type":"Polygon","coordinates":[[[8.7131,12.8341],[8.712,12.8385],[8.7081,12.8439],[8.7108,12.847],[8.7048,12.8497],[8.7041,12.861],[8.7006,12.8647],[8.693,12.864],[8.6913,12.8612],[8.6893,12.8546],[8.685,12.8565],[8.6821,12.8548],[8.6766,12.8558],[8.6724,12.8553],[8.6718,12.8573],[8.6653,12.8701],[8.6636,12.8775],[8.6579,12.8809],[8.6516,12.8805],[8.6486,12.8818],[8.641,12.8789],[8.6308,12.8797],[8.6266,12.8805],[8.6269,12.8759],[8.6281,12.8738],[8.6265,12.8679],[8.6245,12.8644],[8.6237,12.8589],[8.6205,12.8503],[8.6204,12.8462],[8.6251,12.844],[8.6244,12.8378],[8.6305,12.832],[8.6311,12.8268],[8.6278,12.8189],[8.6216,12.8162],[8.6206,12.8135],[8.6167,12.8096],[8.6147,12.8091],[8.6087,12.8019],[8.6104,12.7987],[8.6098,12.7945],[8.6172,12.7873],[8.6183,12.7848],[8.6209,12.7836],[8.6248,12.7849],[8.6293,12.7884],[8.6361,12.7912],[8.6421,12.7842],[8.6501,12.7825],[8.6551,12.7841],[8.6597,12.7834],[8.6634,12.7846],[8.6647,12.7884],[8.6681,12.7912],[8.6713,12.7963],[8.6727,12.8026],[8.6707,12.8065],[8.6705,12.8142],[8.6716,12.8154],[8.6669,12.8199],[8.6641,12.8211],[8.6607,12.8259],[8.6635,12.8289],[8.6683,12.8286],[8.672,12.8314],[8.6752,12.8321],[8.6806,12.827],[8.687,12.8265],[8.6934,12.8246],[8.6986,12.8286],[8.7063,12.8282],[8.7131,12.8341]]]},"properties":{"name":"MAI BARA","state":"20","code":"20/04/10"}},{"type":"Feature","geometry":{"type":"Polygon","coordinates":[[[8.8035,12.6731],[8.8022,12.6824],[8.8029,12.6852],[8.8062,12.6884],[8.8049,12.6906],[8.7978,12.6943],[8.7943,12.6978],[8.7935,12.7016],[8.7909,12.7043],[8.7875,12.7054],[8.7849,12.7079],[8.7799,12.707],[8.7789,12.7202],[8.7753,12.7196],[8.7731,12.7228],[8.7744,12.726],[8.7658,12.7319],[8.7643,12.7336],[8.7674,12.736],[8.7682,12.7449],[8.7622,12.7483],[8.7607,12.751],[8.7547,12.7523],[8.7503,12.7591],[8.7495,12.7627],[8.7431,12.7604],[8.7392,12.7598],[8.7367,12.7627],[8.7327,12.7631],[8.7278,12.7661],[8.7285,12.7693],[8.7225,12.7733],[8.7151,12.7718],[8.7084,12.7727],[8.7019,12.7688],[8.699,12.7688],[8.6966,12.7647],[8.6974,12.7564],[8.6989,12.7529],[8.698,12.7495],[8.6986,12.7446],[8.6962,12.7422],[8.6902,12.7402],[8.6866,12.7375],[8.6855,12.7347],[8.6868,12.7322],[8.6859,12.7286],[8.6814,12.725],[8.678,12.727],[8.6724,12.7267],[8.6716,12.7232],[8.6692,12.7192],[8.67,12.7189],[8.6767,12.7159],[8.6774,12.7136],[8.6836,12.708],[8.6846,12.7009],[8.6874,12.6947],[8.688,12.6882],[8.6983,12.6873],[8.7012,12.687],[8.7124,12.6806],[8.7199,12.6821],[8.7228,12.6814],[8.7229,12.6699],[8.7307,12.6697],[8.743,12.6669],[8.7448,12.6667],[8.7524,12.6727],[8.7593,12.6739],[8.794,12.6729],[8.8035,12.6731]]]},"properties":{"name":"HUI","state":"20","code":"20/04/11"}},{"type":"Feature","geometry":{"type":"Polygon","coordinates":[[[8.6692,12.7192],[8.6716,12.7232],[8.6724,12.7267],[8.678,12.727],[8.6814,12.725],[8.6859,12.7286],[8.6868,12.7322],[8.6855,12.7347],[8.6866,12.7375],[8.6902,12.7402],[8.6962,12.7422],[8.6986,12.7446],[8.698,12.7495],[8.6989,12.7529],[8.6974,12.7564],[8.6966,12.7647],[8.699,12.7688],[8.7019,12.7688],[8.7084,12.7727],[8.7151,12.7718],[8.7225,12.7733],[8.7285,12.7693],[8.7278,12.7661],[8.7327,12.7631],[8.7367,12.7627],[8.7354,12.7657],[8.7357,12.7685],[8.7343,12.7735],[8.7314,12.7771],[8.7314,12.7858],[8.7289,12.79],[8.7264,12.7963],[8.7207,12.8004],[8.7147,12.7998],[8.7113,12.8029],[8.7079,12.8075],[8.7072,12.8138],[8.7083,12.8175],[8.7065,12.8232],[8.7063,12.8282],[8.6986,12.8286],[8.6934,12.8246],[8.687,12.8265],[8.6806,12.827],[8.6752,12.8321],[8.672,12.8314],[8.6683,12.8286],[8.6635,12.8289],[8.6607,12.8259],[8.6641,12.8211],[8.6669,12.8199],[8.6716,12.8154],[8.6705,12.8142],[8.6707,12.8065],[8.6727,12.8026],[8.6713,12.7963],[8.6681,12.7912],[8.6647,12.7884],[8.6634,12.7846],[8.6597,12.7834],[8.6551,12.7841],[8.6501,12.7825],[8.6421,12.7842],[8.6361,12.7912],[8.6293,12.7884],[8.6248,12.7849],[8.6209,12.7836],[8.62,12.7813],[8.6216,12.7761],[8.6241,12.7739],[8.6295,12.7653],[8.6349,12.7617],[8.6354,12.7586],[8.6312,12.7571],[8.6267,12.7503],[8.6193,12.7472],[8.6162,12.7424],[8.612,12.7413],[8.6104,12.7373],[8.6363,12.7373],[8.6518,12.7331],[8.6511,12.7284],[8.6521,12.7256],[8.6554,12.727],[8.6639,12.7258],[8.6692,12.7192]]]},"properties":{"name":"AGALA","state":"20","code":"20/04/12"}},{"type":"Feature","geometry":{"type":"Polygon","coordinates":[[[7.8595,12.6777],[7.8578,12.6794],[7.8516,12.68],[7.8458,12.6944],[7.8395,12.6976],[7.8362,12.6961],[7.8307,12.6955],[7.8267,12.6972],[7.8216,12.6943],[7.8188,12.6936],[7.8186,12.6895],[7.8151,12.688],[7.8152,12.6847],[7.8189,12.6807],[7.8196,12.6774],[7.8256,12.6782],[7.8258,12.6755],[7.8306,12.6731],[7.833,12.6705],[7.8326,12.6665],[7.8304,12.6669],[7.8207,12.6643],[7.8169,12.664],[7.8147,12.661],[7.8113,12.6596],[7.8108,12.6561],[7.8121,12.6493],[7.8129,12.6343],[7.8093,12.6309],[7.8071,12.6268],[7.8104,12.6229],[7.8182,12.6219],[7.8252,12.6194],[7.8393,12.6268],[7.8436,12.6255],[7.8459,12.6287],[7.8494,12.6361],[7.8496,12.6389],[7.857,12.6418],[7.8575,12.6452],[7.8616,12.647],[7.8651,12.6466],[7.8692,12.6491],[7.8737,12.6559],[7.8672,12.6594],[7.8632,12.663],[7.8643,12.6704],[7.8598,12.6747],[7.8595,12.6777]]]},"properties":{"name":"KAMRI","state":"20","code":"20/05/01"}},{"type":"Feature","geometry":{"type":"Polygon","coordinates":[[[7.8152,12.6847],[7.8133,12.6851],[7.8117,12.6884],[7.8087,12.6897],[7.8047,12.688],[7.7995,12.6902],[7.7933,12.6879],[7.7895,12.6895],[7.7884,12.6915],[7.7834,12.6893],[7.784,12.6876],[7.7781,12.6846],[7.7752,12.6803],[7.7793,12.6724],[7.7781,12.6711],[7.7737,12.6724],[7.7663,12.6725],[7.7631,12.6735],[7.7629,12.6634],[7.7613,12.6622],[7.7644,12.657],[7.7678,12.6589],[7.7708,12.6588],[7.7744,12.6646],[7.7776,12.667],[7.7841,12.664],[7.7858,12.6609],[7.7885,12.6606],[7.7925,12.6544],[7.7976,12.6523],[7.7971,12.6501],[7.7895,12.6477],[7.7915,12.6454],[7.7892,12.6432],[7.7898,12.6355],[7.7957,12.6358],[7.7979,12.6372],[7.804,12.637],[7.8054,12.6353],[7.8051,12.6294],[7.8059,12.6267],[7.8071,12.6268],[7.8093,12.6309],[7.8129,12.6343],[7.8121,12.6493],[7.8108,12.6561],[7.8113,12.6596],[7.8147,12.661],[7.8169,12.664],[7.8207,12.6643],[7.8304,12.6669],[7.8326,12.6665],[7.833,12.6705],[7.8306,12.6731],[7.8258,12.6755],[7.8256,12.6782],[7.8196,12.6774],[7.8189,12.6807],[7.8152,12.6847]]]},"properties":{"name":"BINDAWA","state":"20","code":"20/05/02"}},{"type":"Feature","geometry":{"type":"Polygon","coordinates":[[[7.9561,12.6815],[7.9531,12.6805],[7.9511,12.6824],[7.9484,12.6818],[7.9427,12.6835],[7.9406,12.6875],[7.9378,12.6859],[7.9285,12.6845],[7.9243,12.683],[7.9238,12.6815],[7.929,12.6772],[7.9252,12.6701],[7.9328,12.6686],[7.9383,12.6607],[7.9369,12.6571],[7.9334,12.6526],[7.9269,12.6462],[7.9268,12.6435],[7.933,12.6401],[7.9409,12.6416],[7.9422,12.6399],[7.945,12.6299],[7.9429,12.6266],[7.9374,12.6244],[7.9291,12.6264],[7.9204,12.621],[7.9163,12.62],[7.9101,12.6227],[7.9021,12.624],[7.8995,12.6234],[7.8953,12.6244],[7.8892,12.6246],[7.8862,12.6257],[7.8825,12.6255],[7.8789,12.6288],[7.8763,12.6287],[7.8748,12.6261],[7.8731,12.6193],[7.8643,12.6207],[7.8632,12.6192],[7.8585,12.6171],[7.8606,12.6137],[7.8593,12.6102],[7.8607,12.6033],[7.8701,12.6017],[7.872,12.6021],[7.8761,12.6074],[7.8795,12.6094],[7.8864,12.6062],[7.8898,12.6069],[7.8929,12.6031],[7.8962,12.6014],[7.8961,12.5937],[7.8991,12.5909],[7.903,12.5937],[7.9095,12.586],[7.9061,12.5826],[7.902,12.5809],[7.8996,12.5773],[7.9057,12.5726],[7.9068,12.5673],[7.9085,12.5658],[7.9156,12.5682],[7.9168,12.573],[7.9236,12.5756],[7.9273,12.574],[7.9273,12.5696],[7.9319,12.5688],[7.9354,12.5721],[7.935,12.5783],[7.9394,12.5811],[7.9382,12.5837],[7.9443,12.5918],[7.9498,12.5969],[7.9538,12.5971],[7.9561,12.5933],[7.964,12.5893],[7.9607,12.5824],[7.9628,12.578],[7.9677,12.5735],[7.9681,12.5691],[7.9707,12.5657],[7.9751,12.5645],[7.9803,12.5707],[7.9799,12.5733],[7.9862,12.5764],[7.985,12.5802],[7.9855,12.5858],[7.9885,12.5877],[7.9867,12.5933],[7.9902,12.5977],[7.9922,12.5989],[7.9946,12.6088],[7.9949,12.6117],[7.9986,12.6203],[7.9912,12.6203],[7.9801,12.6226],[7.9762,12.6263],[7.9687,12.6282],[7.9635,12.6278],[7.9583,12.6286],[7.9563,12.6328],[7.9558,12.6401],[7.9565,12.6465],[7.9597,12.6518],[7.9612,12.66],[7.961,12.6685],[7.9638,12.672],[7.9609,12.6767],[7.96,12.68],[7.9572,12.6794],[7.9561,12.6815]]]},"properties":{"name":"TAMA/DAYE","state":"20","code":"20/05/03"}},{"type":"Feature","geometry":{"type":"Polygon","coordinates":[[[7.8737,12.6559],[7.8792,12.6638],[7.8927,12.665],[7.8998,12.6623],[7.9017,12.6596],[7.9051,12.6593],[7.9117,12.6617],[7.9166,12.67],[7.9194,12.6694],[7.9252,12.6701],[7.929,12.6772],[7.9238,12.6815],[7.9243,12.683],[7.9285,12.6845],[7.9378,12.6859],[7.9406,12.6875],[7.9427,12.6835],[7.9484,12.6818],[7.9511,12.6824],[7.9531,12.6805],[7.9561,12.6815],[7.956,12.6826],[7.9607,12.6866],[7.9581,12.693],[7.9631,12.7021],[7.9597,12.7077],[7.9606,12.7112],[7.9673,12.7176],[7.9637,12.7268],[7.9625,12.732],[7.961,12.7314],[7.9562,12.7224],[7.9551,12.7214],[7.9468,12.7225],[7.9434,12.7259],[7.9386,12.7255],[7.9338,12.7338],[7.9304,12.7344],[7.926,12.7307],[7.9258,12.7256],[7.9275,12.7218],[7.9264,12.7171],[7.9266,12.7139],[7.9207,12.7098],[7.9179,12.7102],[7.9157,12.7132],[7.9121,12.7115],[7.9087,12.7144],[7.9037,12.7201],[7.8991,12.7217],[7.8932,12.7218],[7.8899,12.7207],[7.8827,12.731],[7.8795,12.7312],[7.8773,12.7318],[7.8708,12.7295],[7.866,12.7292],[7.8646,12.7267],[7.8657,12.724],[7.8628,12.7207],[7.8625,12.7168],[7.865,12.715],[7.863,12.7124],[7.8666,12.7102],[7.8673,12.7068],[7.8662,12.7009],[7.8711,12.6998],[7.8746,12.6956],[7.875,12.6933],[7.871,12.6852],[7.8683,12.6828],[7.8657,12.683],[7.8595,12.6777],[7.8598,12.6747],[7.8643,12.6704],[7.8632,12.663],[7.8672,12.6594],[7.8737,12.6559]]]},"properties":{"name":"FARU/DALLAJI","state":"20","code":"20/05/04"}},{"type":"Feature","geometry":{"type":"Polygon","coordinates":[[[7.8227,12.7908],[7.8229,12.7941],[7.8206,12.7947],[7.818,12.7982],[7.8177,12.8046],[7.8159,12.8063],[7.8159,12.8108],[7.8134,12.8136],[7.8109,12.8142],[7.8093,12.8171],[7.8115,12.8208],[7.8074,12.824],[7.8025,12.8244],[7.7976,12.8279],[7.7937,12.8268],[7.7952,12.8245],[7.7987,12.8233],[7.7962,12.8196],[7.7898,12.8143],[7.785,12.8125],[7.785,12.8099],[7.7792,12.8038],[7.7802,12.8013],[7.779,12.799],[7.7798,12.7953],[7.7824,12.7922],[7.7847,12.7874],[7.7883,12.7833],[7.7888,12.7812],[7.7865,12.775],[7.7836,12.7724],[7.7816,12.768],[7.786,12.7664],[7.7896,12.7685],[7.7911,12.7713],[7.7945,12.7695],[7.7965,12.7653],[7.7948,12.7607],[7.7929,12.7613],[7.7887,12.7576],[7.7881,12.7537],[7.782,12.7559],[7.7753,12.7552],[7.7756,12.7526],[7.7784,12.7432],[7.7869,12.741],[7.7891,12.7388],[7.7878,12.7341],[7.7896,12.7318],[7.7918,12.7258],[7.7901,12.7224],[7.7937,12.7126],[7.7966,12.7119],[7.8001,12.7126],[7.8021,12.7095],[7.802,12.7051],[7.8048,12.7034],[7.8099,12.7027],[7.8112,12.7016],[7.8153,12.7021],[7.8214,12.7217],[7.8247,12.723],[7.8274,12.7258],[7.8261,12.7276],[7.8213,12.7293],[7.8191,12.7313],[7.8235,12.7356],[7.8228,12.7439],[7.8296,12.7457],[7.8295,12.7533],[7.8284,12.7572],[7.8307,12.7603],[7.8293,12.7642],[7.8344,12.7695],[7.8348,12.7746],[7.8287,12.783],[7.823,12.7879],[7.8227,12.7908]]]},"properties":{"name":"SHIBDAWA","state":"20","code":"20/05/05"}},{"type":"Feature","geometry":{"type":"Polygon","coordinates":[[[7.8595,12.6777],[7.8657,12.683],[7.8683,12.6828],[7.871,12.6852],[7.875,12.6933],[7.8746,12.6956],[7.8711,12.6998],[7.8662,12.7009],[7.8673,12.7068],[7.8666,12.7102],[7.863,12.7124],[7.865,12.715],[7.8625,12.7168],[7.8628,12.7207],[7.8657,12.724],[7.8646,12.7267],[7.866,12.7292],[7.8708,12.7295],[7.8773,12.7318],[7.8795,12.7312],[7.8772,12.734],[7.8771,12.7388],[7.878,12.7406],[7.8747,12.7474],[7.8721,12.7468],[7.8678,12.7522],[7.8627,12.7545],[7.8614,12.7586],[7.8582,12.7617],[7.8531,12.7618],[7.8507,12.7662],[7.8459,12.7676],[7.8429,12.7696],[7.8372,12.7717],[7.8348,12.7746],[7.8344,12.7695],[7.8293,12.7642],[7.8307,12.7603],[7.8284,12.7572],[7.8295,12.7533],[7.8296,12.7457],[7.8228,12.7439],[7.8235,12.7356],[7.8191,12.7313],[7.8213,12.7293],[7.8261,12.7276],[7.8274,12.7258],[7.8247,12.723],[7.8214,12.7217],[7.8153,12.7021],[7.8186,12.7015],[7.8215,12.6992],[7.8216,12.6943],[7.8267,12.6972],[7.8307,12.6955],[7.8362,12.6961],[7.8395,12.6976],[7.8458,12.6944],[7.8516,12.68],[7.8578,12.6794],[7.8595,12.6777]]]},"properties":{"name":"JIBAWA/R,BADE","state":"20","code":"20/05/06"}},{"type":"Feature","geometry":{"type":"Polygon","coordinates":[[[7.9304,12.7344],[7.9282,12.7376],[7.9256,12.7462],[7.9241,12.748],[7.9281,12.7525],[7.9275,12.757],[7.9259,12.7597],[7.9256,12.7634],[7.9271,12.7665],[7.9305,12.7705],[7.9306,12.7731],[7.9281,12.7788],[7.9291,12.7836],[7.9312,12.7842],[7.9322,12.7898],[7.93,12.798],[7.9304,12.8003],[7.9228,12.8033],[7.9205,12.8067],[7.9165,12.8097],[7.9093,12.8092],[7.9037,12.818],[7.9012,12.8196],[7.8998,12.8164],[7.8949,12.8161],[7.8937,12.8208],[7.8913,12.8225],[7.8866,12.8234],[7.8834,12.823],[7.8851,12.8185],[7.887,12.8126],[7.8859,12.8052],[7.8891,12.8041],[7.8891,12.7973],[7.8919,12.796],[7.8952,12.7851],[7.8907,12.7843],[7.8868,12.7801],[7.8886,12.7772],[7.8941,12.7765],[7.8948,12.7747],[7.8988,12.7733],[7.8999,12.7708],[7.9035,12.7693],[7.9071,12.7621],[7.9019,12.7582],[7.8999,12.7606],[7.8912,12.7614],[7.8857,12.758],[7.8828,12.7573],[7.8834,12.7546],[7.895,12.745],[7.8919,12.7381],[7.8853,12.7364],[7.8827,12.731],[7.8899,12.7207],[7.8932,12.7218],[7.8991,12.7217],[7.9037,12.7201],[7.9087,12.7144],[7.9121,12.7115],[7.9157,12.7132],[7.9179,12.7102],[7.9207,12.7098],[7.9266,12.7139],[7.9264,12.7171],[7.9275,12.7218],[7.9258,12.7256],[7.926,12.7307],[7.9304,12.7344]]]},"properties":{"name":"DORO","state":"20","code":"20/05/07"}},{"type":"Feature","geometry":{"type":"Polygon","coordinates":[[[7.8827,12.731],[7.8853,12.7364],[7.8919,12.7381],[7.895,12.745],[7.8834,12.7546],[7.8828,12.7573],[7.8857,12.758],[7.8912,12.7614],[7.8999,12.7606],[7.9019,12.7582],[7.9071,12.7621],[7.9035,12.7693],[7.8999,12.7708],[7.8988,12.7733],[7.8948,12.7747],[7.8941,12.7765],[7.8886,12.7772],[7.8868,12.7801],[7.8907,12.7843],[7.8952,12.7851],[7.8919,12.796],[7.8891,12.7973],[7.8834,12.7954],[7.8806,12.7924],[7.8765,12.795],[7.8746,12.7924],[7.8649,12.7914],[7.8615,12.7933],[7.8574,12.793],[7.856,12.7907],[7.8517,12.7885],[7.8481,12.7946],[7.8442,12.7971],[7.8436,12.802],[7.8385,12.8003],[7.836,12.7947],[7.8321,12.7947],[7.8284,12.7908],[7.8227,12.7908],[7.823,12.7879],[7.8287,12.783],[7.8348,12.7746],[7.8372,12.7717],[7.8429,12.7696],[7.8459,12.7676],[7.8507,12.7662],[7.8531,12.7618],[7.8582,12.7617],[7.8614,12.7586],[7.8627,12.7545],[7.8678,12.7522],[7.8721,12.7468],[7.8747,12.7474],[7.878,12.7406],[7.8771,12.7388],[7.8772,12.734],[7.8795,12.7312],[7.8827,12.731]]]},"properties":{"name":"BAURE","state":"20","code":"20/05/08"}},{"type":"Feature","geometry":{"type":"Polygon","coordinates":[[[7.9304,12.8003],[7.9418,12.801],[7.9459,12.7984],[7.9508,12.7983],[7.9536,12.8015],[7.9535,12.8082],[7.9526,12.8136],[7.95,12.8167],[7.953,12.8239],[7.9584,12.8231],[7.9608,12.8253],[7.9648,12.8262],[7.9684,12.8253],[7.9686,12.8172],[7.9754,12.8094],[7.9794,12.8097],[7.9833,12.8119],[7.9881,12.8114],[7.9924,12.8052],[7.9993,12.8079],[8.0071,12.8054],[8.0088,12.8096],[8.0082,12.8131],[8.0041,12.8181],[8.0014,12.8253],[8.0121,12.8242],[8.0196,12.8262],[8.0225,12.8298],[8.0215,12.8368],[8.017,12.839],[8.0137,12.842],[8.0144,12.8454],[8.0081,12.8408],[7.9989,12.8469],[7.9957,12.8464],[7.9897,12.8484],[7.9864,12.8485],[7.9853,12.8443],[7.9793,12.8396],[7.9757,12.8404],[7.9727,12.8447],[7.9667,12.8508],[7.965,12.8535],[7.9559,12.8522],[7.9537,12.8481],[7.9503,12.8481],[7.9435,12.8494],[7.9364,12.8476],[7.9389,12.8382],[7.9378,12.8359],[7.9344,12.8335],[7.9325,12.8296],[7.9289,12.8266],[7.9214,12.8183],[7.9159,12.8203],[7.9161,12.8223],[7.9118,12.8253],[7.9092,12.826],[7.9045,12.824],[7.9012,12.8196],[7.9037,12.818],[7.9093,12.8092],[7.9165,12.8097],[7.9205,12.8067],[7.9228,12.8033],[7.9304,12.8003]]]},"properties":{"name":"YANGORA","state":"20","code":"20/05/09"}},{"type":"Feature","geometry":{"type":"Polygon","coordinates":[[[7.9281,12.7525],[7.9372,12.75],[7.9428,12.751],[7.9484,12.7533],[7.9547,12.7531],[7.9582,12.7541],[7.9654,12.7526],[7.972,12.7531],[7.9801,12.7566],[7.9866,12.7556],[7.9894,12.7538],[7.9993,12.7597],[8.0021,12.76],[8.0063,12.7651],[8.0072,12.7678],[8.0066,12.7729],[7.9994,12.7798],[7.9978,12.7839],[7.9989,12.7867],[8.0036,12.7915],[8.0053,12.8012],[8.0071,12.8054],[7.9993,12.8079],[7.9924,12.8052],[7.9881,12.8114],[7.9833,12.8119],[7.9794,12.8097],[7.9754,12.8094],[7.9686,12.8172],[7.9684,12.8253],[7.9648,12.8262],[7.9608,12.8253],[7.9584,12.8231],[7.953,12.8239],[7.95,12.8167],[7.9526,12.8136],[7.9535,12.8082],[7.9536,12.8015],[7.9508,12.7983],[7.9459,12.7984],[7.9418,12.801],[7.9304,12.8003],[7.93,12.798],[7.9322,12.7898],[7.9312,12.7842],[7.9291,12.7836],[7.9281,12.7788],[7.9306,12.7731],[7.9305,12.7705],[7.9271,12.7665],[7.9256,12.7634],[7.9259,12.7597],[7.9275,12.757],[7.9281,12.7525]]]},"properties":{"name":"GIREMAWA","state":"20","code":"20/05/10"}},{"type":"Feature","geometry":{"type":"Polygon","coordinates":[[[7.8436,12.6255],[7.8494,12.6203],[7.8585,12.6171],[7.8632,12.6192],[7.8643,12.6207],[7.8731,12.6193],[7.8748,12.6261],[7.8763,12.6287],[7.8789,12.6288],[7.8825,12.6255],[7.8862,12.6257],[7.8892,12.6246],[7.8953,12.6244],[7.8995,12.6234],[7.9021,12.624],[7.9101,12.6227],[7.9163,12.62],[7.9204,12.621],[7.9291,12.6264],[7.9374,12.6244],[7.9429,12.6266],[7.945,12.6299],[7.9422,12.6399],[7.9409,12.6416],[7.933,12.6401],[7.9268,12.6435],[7.9269,12.6462],[7.9334,12.6526],[7.9369,12.6571],[7.9383,12.6607],[7.9328,12.6686],[7.9252,12.6701],[7.9194,12.6694],[7.9166,12.67],[7.9117,12.6617],[7.9051,12.6593],[7.9017,12.6596],[7.8998,12.6623],[7.8927,12.665],[7.8792,12.6638],[7.8737,12.6559],[7.8692,12.6491],[7.8651,12.6466],[7.8616,12.647],[7.8575,12.6452],[7.857,12.6418],[7.8496,12.6389],[7.8494,12.6361],[7.8459,12.6287],[7.8436,12.6255]]]},"properties":{"name":"GAIWA","state":"20","code":"20/05/11"}},{"type":"Feature","geometry":{"type":"Polygon","coordinates":[[[7.7631,12.6735],[7.7636,12.6794],[7.7607,12.6803],[7.7552,12.6859],[7.7565,12.6925],[7.7495,12.6911],[7.748,12.6919],[7.7394,12.6922],[7.7359,12.6933],[7.7304,12.6932],[7.7264,12.6904],[7.7221,12.6927],[7.721,12.6987],[7.7162,12.7103],[7.7217,12.7121],[7.7238,12.7163],[7.726,12.7177],[7.7293,12.7173],[7.734,12.7243],[7.7367,12.7265],[7.7322,12.7317],[7.7301,12.7326],[7.7242,12.7375],[7.7214,12.7384],[7.72,12.7422],[7.7167,12.741],[7.7126,12.7355],[7.7088,12.7355],[7.7102,12.7292],[7.712,12.725],[7.7068,12.7181],[7.7025,12.7176],[7.6962,12.7121],[7.6885,12.7074],[7.6867,12.7109],[7.6818,12.7124],[7.6755,12.7168],[7.6765,12.7118],[7.676,12.7055],[7.684,12.7022],[7.6857,12.6975],[7.6806,12.6911],[7.6797,12.6882],[7.6829,12.6819],[7.6829,12.6766],[7.6849,12.6707],[7.6862,12.6691],[7.6918,12.6695],[7.6933,12.6674],[7.6992,12.6693],[7.7015,12.6674],[7.7008,12.6647],[7.7028,12.6614],[7.7069,12.6625],[7.71,12.6621],[7.7139,12.6679],[7.7179,12.6691],[7.719,12.6673],[7.7232,12.6675],[7.7249,12.6592],[7.7276,12.658],[7.7326,12.6585],[7.734,12.6544],[7.7385,12.6505],[7.7407,12.6533],[7.7391,12.66],[7.7439,12.663],[7.7503,12.6596],[7.7507,12.6637],[7.7543,12.6651],[7.7553,12.6621],[7.7586,12.6598],[7.7613,12.6622],[7.7629,12.6634],[7.7631,12.6735]]]},"properties":{"name":"CHARANCHI","state":"20","code":"20/06/01"}},{"type":"Feature","geometry":{"type":"MultiPolygon","coordinates":[[[[7.7565,12.6925],[7.756,12.6997],[7.7494,12.705],[7.7503,12.7089],[7.7522,12.7123],[7.7508,12.7145],[7.7505,12.7203],[7.7474,12.7237],[7.747,12.7273],[7.7447,12.7298],[7.7367,12.7265],[7.734,12.7243],[7.7293,12.7173],[7.726,12.7177],[7.7238,12.7163],[7.7217,12.7121],[7.7162,12.7103],[7.721,12.6987],[7.7221,12.6927],[7.7264,12.6904],[7.7304,12.6932],[7.7359,12.6933],[7.7394,12.6922],[7.748,12.6919],[7.7495,12.6911],[7.7565,12.6925]]],[[[7.8216,12.6943],[7.8215,12.6992],[7.8186,12.7015],[7.8153,12.7021],[7.8112,12.7016],[7.8099,12.7027],[7.8048,12.7034],[7.802,12.7051],[7.8021,12.7095],[7.8001,12.7126],[7.7966,12.7119],[7.7937,12.7126],[7.7903,12.711],[7.7888,12.7065],[7.7916,12.7017],[7.7824,12.695],[7.778,12.6941],[7.7786,12.6911],[7.7834,12.6893],[7.7884,12.6915],[7.7895,12.6895],[7.7933,12.6879],[7.7995,12.6902],[7.8047,12.688],[7.8087,12.6897],[7.8117,12.6884],[7.8133,12.6851],[7.8152,12.6847],[7.8151,12.688],[7.8186,12.6895],[7.8188,12.6936],[7.8216,12.6943]]]]},"properties":{"name":"SAFANA","state":"20","code":"20/06/02"}},{"type":"Feature","geometry":{"type":"Polygon","coordinates":[[[7.7008,12.4046],[7.6944,12.405],[7.6887,12.4078],[7.6872,12.4162],[7.6834,12.4225],[7.6809,12.4242],[7.6835,12.4271],[7.6842,12.4346],[7.6906,12.438],[7.6898,12.4405],[7.6913,12.4436],[7.6913,12.4472],[7.6965,12.4562],[7.7005,12.458],[7.703,12.4627],[7.7032,12.4674],[7.7015,12.4704],[7.7047,12.4715],[7.7098,12.4765],[7.7139,12.4887],[7.7085,12.4883],[7.7038,12.4906],[7.6934,12.4887],[7.6847,12.4937],[7.6864,12.4968],[7.6836,12.5049],[7.6846,12.5081],[7.6838,12.5105],[7.681,12.5108],[7.6805,12.5138],[7.6767,12.5149],[7.6739,12.5107],[7.6693,12.5143],[7.668,12.5179],[7.6588,12.516],[7.6568,12.5218],[7.6546,12.5244],[7.6474,12.5243],[7.6428,12.5224],[7.6382,12.518],[7.6362,12.5176],[7.6322,12.5129],[7.6375,12.5072],[7.6381,12.5035],[7.641,12.5013],[7.6343,12.4951],[7.6343,12.4921],[7.6318,12.4876],[7.6331,12.4843],[7.6399,12.4822],[7.6378,12.4761],[7.632,12.4744],[7.6307,12.4705],[7.6314,12.4623],[7.636,12.4553],[7.6347,12.4513],[7.633,12.4478],[7.634,12.4436],[7.6365,12.4432],[7.6383,12.44],[7.6372,12.4375],[7.6375,12.432],[7.6351,12.4316],[7.637,12.4274],[7.6397,12.4291],[7.654,12.4283],[7.6524,12.4219],[7.6525,12.418],[7.6543,12.4162],[7.66,12.4191],[7.6671,12.4139],[7.6738,12.4156],[7.6779,12.413],[7.6828,12.411],[7.6841,12.4085],[7.6827,12.4031],[7.6797,12.3959],[7.6812,12.3922],[7.6821,12.3869],[7.6866,12.3833],[7.6993,12.3763],[7.7023,12.3758],[7.7044,12.3777],[7.7014,12.3879],[7.6996,12.3921],[7.7023,12.3953],[7.7004,12.3973],[7.7008,12.4046]]]},"properties":{"name":"RADDA","state":"20","code":"20/06/03"}},{"type":"Feature","geometry":{"type":"Polygon","coordinates":[[[7.7008,12.4046],[7.7063,12.4068],[7.7095,12.4114],[7.7086,12.416],[7.711,12.4224],[7.7177,12.4244],[7.7238,12.4285],[7.7247,12.4344],[7.7224,12.4388],[7.7221,12.442],[7.7253,12.4454],[7.7302,12.4469],[7.7324,12.4544],[7.7356,12.4542],[7.7358,12.4595],[7.7347,12.4651],[7.7304,12.4664],[7.7244,12.4728],[7.7222,12.476],[7.7225,12.4783],[7.7207,12.4816],[7.7208,12.4846],[7.718,12.4885],[7.7172,12.4956],[7.7188,12.4985],[7.7192,12.5025],[7.7208,12.5043],[7.7283,12.5032],[7.7296,12.5045],[7.7307,12.5109],[7.7398,12.5128],[7.7425,12.5102],[7.748,12.5103],[7.7533,12.5128],[7.7546,12.5149],[7.7521,12.5208],[7.7463,12.5242],[7.7463,12.5296],[7.7447,12.5342],[7.7453,12.5429],[7.7424,12.5455],[7.7392,12.5523],[7.7369,12.5594],[7.7324,12.5583],[7.7245,12.5609],[7.7188,12.5586],[7.7166,12.5558],[7.7112,12.552],[7.7042,12.5504],[7.699,12.5511],[7.696,12.5505],[7.6903,12.5515],[7.6812,12.5571],[7.6786,12.5606],[7.6772,12.5668],[7.6719,12.5658],[7.6684,12.5629],[7.6628,12.5601],[7.6607,12.5564],[7.6565,12.5531],[7.6561,12.5506],[7.6533,12.5483],[7.6525,12.5457],[7.6433,12.5411],[7.6415,12.536],[7.6419,12.5344],[7.6473,12.5322],[7.6484,12.5259],[7.6474,12.5243],[7.6546,12.5244],[7.6568,12.5218],[7.6588,12.516],[7.668,12.5179],[7.6693,12.5143],[7.6739,12.5107],[7.6767,12.5149],[7.6805,12.5138],[7.681,12.5108],[7.6838,12.5105],[7.6846,12.5081],[7.6836,12.5049],[7.6864,12.4968],[7.6847,12.4937],[7.6934,12.4887],[7.7038,12.4906],[7.7085,12.4883],[7.7139,12.4887],[7.7098,12.4765],[7.7047,12.4715],[7.7015,12.4704],[7.7032,12.4674],[7.703,12.4627],[7.7005,12.458],[7.6965,12.4562],[7.6913,12.4472],[7.6913,12.4436],[7.6898,12.4405],[7.6906,12.438],[7.6842,12.4346],[7.6835,12.4271],[7.6809,12.4242],[7.6834,12.4225],[7.6872,12.4162],[7.6887,12.4078],[7.6944,12.405],[7.7008,12.4046]]]},"properties":{"name":"MAJEN WAYYA","state":"20","code":"20/06/04"}},{"type":"Feature","geometry":{"type":"Polygon","coordinates":[[[7.666,12.6624],[7.6603,12.6631],[7.6529,12.6648],[7.6503,12.6677],[7.6479,12.667],[7.6438,12.6718],[7.6451,12.6816],[7.6444,12.6841],[7.6375,12.6871],[7.6388,12.691],[7.6383,12.6944],[7.6353,12.6946],[7.6301,12.6989],[7.6274,12.6978],[7.6241,12.6918],[7.6259,12.6877],[7.6255,12.6842],[7.6275,12.6789],[7.6268,12.6775],[7.6279,12.6716],[7.6222,12.6676],[7.6148,12.6638],[7.6169,12.6611],[7.6189,12.6545],[7.6172,12.6504],[7.617,12.6441],[7.6207,12.6398],[7.6269,12.6343],[7.6201,12.6273],[7.6206,12.622],[7.6192,12.6191],[7.6234,12.6183],[7.6273,12.6141],[7.6294,12.6137],[7.6364,12.6086],[7.638,12.606],[7.6424,12.6018],[7.6453,12.5972],[7.6509,12.5937],[7.657,12.5937],[7.657,12.5915],[7.6601,12.5887],[7.6652,12.589],[7.6691,12.5882],[7.6751,12.592],[7.6746,12.5971],[7.6728,12.5989],[7.6723,12.6063],[7.6751,12.6104],[7.6798,12.6112],[7.6893,12.6175],[7.6949,12.619],[7.6985,12.621],[7.7,12.6241],[7.7016,12.6327],[7.6918,12.6437],[7.6856,12.6419],[7.684,12.6459],[7.6816,12.6472],[7.6804,12.6502],[7.6769,12.6542],[7.6721,12.6543],[7.6672,12.6566],[7.666,12.6624]]]},"properties":{"name":"GANUWA","state":"20","code":"20/06/05"}},{"type":"Feature","geometry":{"type":"Polygon","coordinates":[[[7.7188,12.5586],[7.7201,12.566],[7.7223,12.5701],[7.7222,12.5735],[7.7216,12.5778],[7.7173,12.5783],[7.7164,12.5796],[7.71,12.5815],[7.7058,12.5798],[7.7012,12.5802],[7.6993,12.5788],[7.6918,12.5803],[7.6873,12.5846],[7.6816,12.5875],[7.6782,12.5911],[7.6751,12.592],[7.6691,12.5882],[7.6652,12.589],[7.6601,12.5887],[7.657,12.5915],[7.657,12.5937],[7.6509,12.5937],[7.6453,12.5972],[7.6424,12.6018],[7.638,12.606],[7.6339,12.6017],[7.6303,12.6018],[7.6221,12.5975],[7.6205,12.5925],[7.6201,12.5844],[7.6176,12.5831],[7.6167,12.5792],[7.618,12.5756],[7.617,12.5706],[7.6153,12.5696],[7.6148,12.5671],[7.6157,12.5598],[7.6146,12.5582],[7.6223,12.5518],[7.6247,12.5519],[7.628,12.5493],[7.6328,12.5492],[7.638,12.5473],[7.6379,12.5447],[7.6409,12.544],[7.6433,12.5411],[7.6525,12.5457],[7.6533,12.5483],[7.6561,12.5506],[7.6565,12.5531],[7.6607,12.5564],[7.6628,12.5601],[7.6684,12.5629],[7.6719,12.5658],[7.6772,12.5668],[7.6786,12.5606],[7.6812,12.5571],[7.6903,12.5515],[7.696,12.5505],[7.699,12.5511],[7.7042,12.5504],[7.7112,12.552],[7.7166,12.5558],[7.7188,12.5586]]]},"properties":{"name":"TSAKATSA","state":"20","code":"20/06/06"}},{"type":"Feature","geometry":{"type":"Polygon","coordinates":[[[7.6849,12.6707],[7.6775,12.6678],[7.6765,12.6666],[7.6703,12.668],[7.6662,12.6646],[7.666,12.6624],[7.6672,12.6566],[7.6721,12.6543],[7.6769,12.6542],[7.6804,12.6502],[7.6816,12.6472],[7.684,12.6459],[7.6856,12.6419],[7.6918,12.6437],[7.7016,12.6327],[7.7,12.6241],[7.6985,12.621],[7.6949,12.619],[7.6893,12.6175],[7.6798,12.6112],[7.6751,12.6104],[7.6723,12.6063],[7.6728,12.5989],[7.6746,12.5971],[7.6751,12.592],[7.6782,12.5911],[7.6816,12.5875],[7.6873,12.5846],[7.6918,12.5803],[7.6993,12.5788],[7.7012,12.5802],[7.7058,12.5798],[7.71,12.5815],[7.7086,12.5864],[7.7099,12.593],[7.7092,12.5943],[7.7121,12.5996],[7.7147,12.6076],[7.7134,12.6127],[7.7192,12.6158],[7.7249,12.6173],[7.7283,12.6151],[7.7343,12.6153],[7.7392,12.6181],[7.7496,12.6153],[7.7509,12.6156],[7.7486,12.6226],[7.7461,12.6269],[7.7506,12.6293],[7.7524,12.6337],[7.7498,12.6407],[7.7459,12.6443],[7.7419,12.6431],[7.7374,12.6492],[7.7385,12.6505],[7.734,12.6544],[7.7326,12.6585],[7.7276,12.658],[7.7249,12.6592],[7.7232,12.6675],[7.719,12.6673],[7.7179,12.6691],[7.7139,12.6679],[7.71,12.6621],[7.7069,12.6625],[7.7028,12.6614],[7.7008,12.6647],[7.7015,12.6674],[7.6992,12.6693],[7.6933,12.6674],[7.6918,12.6695],[7.6862,12.6691],[7.6849,12.6707]]]},"properties":{"name":"KODA","state":"20","code":"20/06/07"}},{"type":"Feature","geometry":{"type":"Polygon","coordinates":[[[7.5747,12.702],[7.5774,12.7015],[7.5821,12.704],[7.5858,12.7021],[7.5957,12.7004],[7.6002,12.701],[7.6067,12.7],[7.6025,12.6929],[7.6038,12.6883],[7.6031,12.6843],[7.6048,12.6816],[7.6036,12.6793],[7.6061,12.676],[7.6037,12.6714],[7.6001,12.6715],[7.6016,12.6636],[7.6077,12.663],[7.6148,12.6638],[7.6222,12.6676],[7.6279,12.6716],[7.6268,12.6775],[7.6275,12.6789],[7.6255,12.6842],[7.6259,12.6877],[7.6241,12.6918],[7.6274,12.6978],[7.6301,12.6989],[7.6353,12.6946],[7.6383,12.6944],[7.6388,12.691],[7.6375,12.6871],[7.6444,12.6841],[7.6451,12.6816],[7.6438,12.6718],[7.6479,12.667],[7.6503,12.6677],[7.6529,12.6648],[7.6603,12.6631],[7.666,12.6624],[7.6662,12.6646],[7.6703,12.668],[7.6765,12.6666],[7.6775,12.6678],[7.6849,12.6707],[7.6829,12.6766],[7.6829,12.6819],[7.6797,12.6882],[7.6806,12.6911],[7.6857,12.6975],[7.684,12.7022],[7.676,12.7055],[7.6765,12.7118],[7.6755,12.7168],[7.6695,12.7278],[7.6657,12.7282],[7.6624,12.733],[7.6577,12.7352],[7.6538,12.7392],[7.6526,12.7423],[7.6429,12.7434],[7.6361,12.7415],[7.6299,12.7424],[7.6228,12.7461],[7.6204,12.7463],[7.616,12.7441],[7.6135,12.7414],[7.6128,12.7327],[7.6113,12.7307],[7.6027,12.7304],[7.5971,12.7272],[7.5888,12.7277],[7.5862,12.7265],[7.585,12.7233],[7.5831,12.7213],[7.5817,12.7161],[7.5765,12.7102],[7.5747,12.702]]]},"properties":{"name":"KURAYE","state":"20","code":"20/06/08"}},{"type":"Feature","geometry":{"type":"Polygon","coordinates":[[[7.534,12.7013],[7.5333,12.6987],[7.5361,12.6906],[7.5417,12.687],[7.5454,12.6802],[7.5479,12.6769],[7.5512,12.676],[7.5532,12.6727],[7.5611,12.6709],[7.5637,12.6678],[7.5619,12.6646],[7.5623,12.6608],[7.5639,12.6576],[7.5675,12.6537],[7.5673,12.6495],[7.5679,12.6473],[7.5707,12.6456],[7.5747,12.6481],[7.5767,12.6472],[7.5824,12.646],[7.5824,12.6433],[7.5876,12.641],[7.5886,12.6364],[7.5906,12.6336],[7.598,12.6281],[7.6043,12.6286],[7.6081,12.6256],[7.6112,12.6197],[7.6151,12.6188],[7.6192,12.6191],[7.6206,12.622],[7.6201,12.6273],[7.6269,12.6343],[7.6207,12.6398],[7.617,12.6441],[7.6172,12.6504],[7.6189,12.6545],[7.6169,12.6611],[7.6148,12.6638],[7.6077,12.663],[7.6016,12.6636],[7.6001,12.6715],[7.6037,12.6714],[7.6061,12.676],[7.6036,12.6793],[7.6048,12.6816],[7.6031,12.6843],[7.6038,12.6883],[7.6025,12.6929],[7.6067,12.7],[7.6002,12.701],[7.5957,12.7004],[7.5858,12.7021],[7.5821,12.704],[7.5774,12.7015],[7.5747,12.702],[7.5706,12.7012],[7.565,12.7036],[7.5572,12.7008],[7.5542,12.7017],[7.5516,12.699],[7.5454,12.6973],[7.537,12.6959],[7.5364,12.6996],[7.534,12.7013]]]},"properties":{"name":"BANYE","state":"20","code":"20/06/09"}},{"type":"Feature","geometry":{"type":"MultiPolygon","coordinates":[[[[7.7613,12.6622],[7.7586,12.6598],[7.7553,12.6621],[7.7543,12.6651],[7.7507,12.6637],[7.7503,12.6596],[7.7439,12.663],[7.7391,12.66],[7.7407,12.6533],[7.7385,12.6505],[7.7374,12.6492],[7.7419,12.6431],[7.7459,12.6443],[7.7498,12.6407],[7.7524,12.6337],[7.7506,12.6293],[7.7461,12.6269],[7.7486,12.6226],[7.7509,12.6156],[7.7551,12.6128],[7.7596,12.608],[7.7639,12.6086],[7.7669,12.6104],[7.7717,12.6166],[7.7771,12.6172],[7.7846,12.6196],[7.7863,12.6218],[7.7914,12.6222],[7.8045,12.6278],[7.8059,12.6267],[7.8051,12.6294],[7.8054,12.6353],[7.804,12.637],[7.7979,12.6372],[7.7957,12.6358],[7.7898,12.6355],[7.7892,12.6432],[7.7915,12.6454],[7.7895,12.6477],[7.7971,12.6501],[7.7976,12.6523],[7.7925,12.6544],[7.7885,12.6606],[7.7858,12.6609],[7.7841,12.664],[7.7776,12.667],[7.7744,12.6646],[7.7708,12.6588],[7.7678,12.6589],[7.7644,12.657],[7.7613,12.6622]]],[[[7.7834,12.6893],[7.7786,12.6911],[7.778,12.6941],[7.7764,12.6972],[7.7764,12.7067],[7.7717,12.7041],[7.7642,12.7036],[7.7612,12.7014],[7.756,12.6997],[7.7565,12.6925],[7.7552,12.6859],[7.7607,12.6803],[7.7636,12.6794],[7.7631,12.6735],[7.7663,12.6725],[7.7737,12.6724],[7.7781,12.6711],[7.7793,12.6724],[7.7752,12.6803],[7.7781,12.6846],[7.784,12.6876],[7.7834,12.6893]]]]},"properties":{"name":"DOKA","state":"20","code":"20/06/10"}},{"type":"Feature","geometry":{"type":"Polygon","coordinates":[[[7.2705,11.4469],[7.2641,11.4431],[7.2564,11.4374],[7.2524,11.4363],[7.25,11.4373],[7.2484,11.4403],[7.2486,11.4448],[7.2466,11.4491],[7.2416,11.4434],[7.2426,11.44],[7.2414,11.4377],[7.2454,11.4368],[7.2447,11.4318],[7.2483,11.4311],[7.2503,11.427],[7.2495,11.4213],[7.2508,11.4182],[7.2571,11.4169],[7.2621,11.4104],[7.2639,11.4099],[7.2678,11.4063],[7.2737,11.4076],[7.28,11.4009],[7.2835,11.3985],[7.2798,11.3961],[7.276,11.3894],[7.2783,11.385],[7.2829,11.3833],[7.2873,11.3789],[7.2881,11.3699],[7.2924,11.3678],[7.2997,11.3719],[7.3067,11.3741],[7.3038,11.3782],[7.301,11.379],[7.2966,11.383],[7.2956,11.3855],[7.2947,11.3923],[7.2955,11.3945],[7.2889,11.3989],[7.2899,11.4056],[7.2871,11.4149],[7.2852,11.4173],[7.2809,11.4166],[7.2787,11.4217],[7.2753,11.4275],[7.2748,11.4334],[7.2734,11.4357],[7.273,11.4419],[7.2705,11.4469]]]},"properties":{"name":"MAHUTA A","state":"20","code":"20/07/01"}},{"type":"Feature","geometry":{"type":"Polygon","coordinates":[[[7.2705,11.4469],[7.2769,11.4553],[7.2796,11.4598],[7.2787,11.4605],[7.281,11.4661],[7.2813,11.4704],[7.2841,11.4773],[7.2775,11.4764],[7.2753,11.4768],[7.2738,11.4797],[7.2686,11.4821],[7.2635,11.4804],[7.2609,11.4841],[7.2604,11.4886],[7.2558,11.4909],[7.2502,11.497],[7.2513,11.5025],[7.2507,11.505],[7.2446,11.5073],[7.2387,11.5039],[7.2374,11.5041],[7.2359,11.4963],[7.2406,11.4925],[7.2408,11.488],[7.2468,11.4851],[7.2456,11.4818],[7.2477,11.4789],[7.2454,11.4772],[7.2448,11.4731],[7.2473,11.4694],[7.2388,11.4667],[7.233,11.4622],[7.2305,11.4593],[7.2356,11.4558],[7.241,11.4534],[7.2466,11.4491],[7.2486,11.4448],[7.2484,11.4403],[7.25,11.4373],[7.2524,11.4363],[7.2564,11.4374],[7.2641,11.4431],[7.2705,11.4469]]]},"properties":{"name":"MAHUTA B","state":"20","code":"20/07/02"}},{"type":"Feature","geometry":{"type":"Polygon","coordinates":[[[7.2899,11.4056],[7.2912,11.4068],[7.2995,11.4058],[7.3086,11.403],[7.3102,11.4049],[7.3132,11.4119],[7.3184,11.4152],[7.3141,11.4231],[7.3185,11.4322],[7.316,11.4397],[7.3139,11.442],[7.3122,11.4463],[7.3082,11.4476],[7.3082,11.4505],[7.3047,11.4544],[7.3012,11.4546],[7.295,11.4568],[7.2959,11.4608],[7.2945,11.467],[7.2929,11.4675],[7.2912,11.472],[7.2849,11.4667],[7.2796,11.4598],[7.2769,11.4553],[7.2705,11.4469],[7.273,11.4419],[7.2734,11.4357],[7.2748,11.4334],[7.2753,11.4275],[7.2787,11.4217],[7.2809,11.4166],[7.2852,11.4173],[7.2871,11.4149],[7.2899,11.4056]]]},"properties":{"name":"MAHUTA C","state":"20","code":"20/07/03"}},{"type":"Feature","geometry":{"type":"Polygon","coordinates":[[[7.1427,11.4698],[7.1374,11.4735],[7.133,11.4745],[7.1278,11.4715],[7.122,11.4735],[7.1195,11.4671],[7.1176,11.4641],[7.1146,11.4619],[7.1159,11.4565],[7.1135,11.456],[7.1138,11.4522],[7.1125,11.4505],[7.1139,11.4467],[7.1157,11.4464],[7.1185,11.4414],[7.1191,11.4382],[7.1291,11.4429],[7.1368,11.4445],[7.1417,11.444],[7.1425,11.4513],[7.143,11.4545],[7.1422,11.4598],[7.1404,11.4621],[7.1427,11.4698]]]},"properties":{"name":"DANDUME A","state":"20","code":"20/07/04"}},{"type":"Feature","geometry":{"type":"Polygon","coordinates":[[[7.1427,11.4698],[7.1462,11.472],[7.1474,11.4746],[7.1528,11.4733],[7.1567,11.4762],[7.1555,11.4812],[7.1592,11.484],[7.1622,11.4838],[7.1651,11.4879],[7.1648,11.4908],[7.1684,11.4919],[7.171,11.4952],[7.1808,11.4958],[7.1833,11.5006],[7.1889,11.5096],[7.1866,11.5147],[7.1838,11.5166],[7.1815,11.5209],[7.1825,11.5241],[7.1779,11.5304],[7.1726,11.5332],[7.1759,11.5384],[7.1773,11.543],[7.175,11.5472],[7.1741,11.5521],[7.1725,11.5547],[7.1718,11.5626],[7.1734,11.5663],[7.1759,11.5685],[7.1767,11.5717],[7.1756,11.5742],[7.1692,11.5726],[7.17,11.5751],[7.1663,11.5754],[7.1638,11.5785],[7.1618,11.583],[7.1596,11.5827],[7.1576,11.5799],[7.152,11.5792],[7.1439,11.5759],[7.14,11.5796],[7.1351,11.582],[7.1317,11.5805],[7.129,11.5759],[7.1227,11.569],[7.1241,11.5637],[7.1278,11.5605],[7.1267,11.5591],[7.1284,11.5535],[7.1307,11.5484],[7.1248,11.5457],[7.1163,11.5459],[7.1109,11.5489],[7.1082,11.549],[7.1039,11.5448],[7.1038,11.5416],[7.1005,11.5328],[7.1035,11.5322],[7.1067,11.527],[7.1075,11.5226],[7.1053,11.521],[7.1052,11.5178],[7.1075,11.5104],[7.1017,11.5107],[7.0978,11.5094],[7.0953,11.5074],[7.1027,11.4979],[7.1059,11.4979],[7.1093,11.4926],[7.1088,11.4885],[7.1118,11.4845],[7.1104,11.4807],[7.1059,11.4752],[7.1021,11.4722],[7.1017,11.4661],[7.103,11.4619],[7.1146,11.4619],[7.1176,11.4641],[7.1195,11.4671],[7.122,11.4735],[7.1278,11.4715],[7.133,11.4745],[7.1374,11.4735],[7.1427,11.4698]]]},"properties":{"name":"DANDUME B","state":"20","code":"20/07/05"}},{"type":"Feature","geometry":{"type":"Polygon","coordinates":[[[7.2485,11.2873],[7.2459,11.2891],[7.2405,11.2906],[7.244,11.2953],[7.2446,11.3008],[7.2514,11.3069],[7.256,11.3068],[7.2615,11.3085],[7.2633,11.3156],[7.2692,11.3144],[7.2757,11.3172],[7.2756,11.3239],[7.2689,11.3273],[7.2684,11.3303],[7.265,11.333],[7.2613,11.3332],[7.2572,11.3404],[7.2527,11.3459],[7.249,11.3482],[7.2486,11.3465],[7.2437,11.3432],[7.2385,11.341],[7.2372,11.3347],[7.2343,11.3294],[7.2316,11.3278],[7.2233,11.3275],[7.2175,11.3284],[7.2151,11.3301],[7.2098,11.3251],[7.2087,11.322],[7.2094,11.314],[7.2039,11.316],[7.1981,11.317],[7.1946,11.3188],[7.1912,11.3117],[7.1923,11.3056],[7.1948,11.3022],[7.1917,11.2982],[7.1887,11.2988],[7.1834,11.2978],[7.1824,11.2905],[7.1806,11.2892],[7.1784,11.2859],[7.1791,11.2811],[7.1781,11.2785],[7.1811,11.2749],[7.1897,11.2787],[7.1926,11.277],[7.1905,11.2681],[7.1925,11.2662],[7.1936,11.2611],[7.1956,11.2577],[7.21,11.2611],[7.2151,11.27],[7.2221,11.2761],[7.2274,11.2786],[7.2293,11.2805],[7.237,11.283],[7.2406,11.2852],[7.2485,11.2873]]]},"properties":{"name":"TUMBURKAI A","state":"20","code":"20/07/06"}},{"type":"Feature","geometry":{"type":"Polygon","coordinates":[[[7.2896,11.2843],[7.2951,11.2855],[7.3027,11.2883],[7.3082,11.2934],[7.3087,11.2981],[7.3062,11.3021],[7.3066,11.3051],[7.3096,11.3083],[7.3152,11.3126],[7.3087,11.3148],[7.3059,11.3222],[7.3106,11.3284],[7.3114,11.3323],[7.3047,11.3376],[7.304,11.3401],[7.2944,11.3497],[7.2936,11.3549],[7.3003,11.3599],[7.3058,11.3698],[7.3067,11.3741],[7.2997,11.3719],[7.2924,11.3678],[7.2881,11.3699],[7.2873,11.3789],[7.2829,11.3833],[7.2783,11.385],[7.276,11.3894],[7.2798,11.3961],[7.2835,11.3985],[7.28,11.4009],[7.2737,11.4076],[7.2678,11.4063],[7.2639,11.4099],[7.2621,11.4104],[7.2571,11.4169],[7.2508,11.4182],[7.249,11.4147],[7.25,11.4044],[7.2486,11.4003],[7.2381,11.3956],[7.2348,11.3914],[7.2343,11.389],[7.2311,11.3839],[7.2319,11.3801],[7.2361,11.3763],[7.2357,11.3711],[7.2385,11.3637],[7.2374,11.359],[7.2391,11.3551],[7.2454,11.3533],[7.249,11.3482],[7.2527,11.3459],[7.2572,11.3404],[7.2613,11.3332],[7.265,11.333],[7.2684,11.3303],[7.2689,11.3273],[7.2756,11.3239],[7.2757,11.3172],[7.2692,11.3144],[7.2633,11.3156],[7.2615,11.3085],[7.256,11.3068],[7.2514,11.3069],[7.2446,11.3008],[7.244,11.2953],[7.2405,11.2906],[7.2459,11.2891],[7.2485,11.2873],[7.2514,11.2862],[7.2532,11.2834],[7.2627,11.2775],[7.2657,11.2781],[7.2733,11.2744],[7.2806,11.2756],[7.284,11.2755],[7.2896,11.2843]]]},"properties":{"name":"TUMBURKAI B","state":"20","code":"20/07/07"}},{"type":"Feature","geometry":{"type":"Polygon","coordinates":[[[7.2416,11.4434],[7.2364,11.445],[7.2311,11.4439],[7.2291,11.4465],[7.2287,11.4516],[7.2265,11.4564],[7.2183,11.4595],[7.2157,11.4576],[7.2098,11.4555],[7.2065,11.4561],[7.1999,11.4559],[7.197,11.4543],[7.1969,11.4505],[7.1981,11.4457],[7.1958,11.4417],[7.1925,11.4398],[7.1862,11.438],[7.184,11.44],[7.1825,11.4445],[7.1734,11.4436],[7.1665,11.4478],[7.1627,11.4522],[7.1576,11.4564],[7.1525,11.4559],[7.1469,11.4519],[7.1425,11.4513],[7.1417,11.444],[7.1368,11.4445],[7.1291,11.4429],[7.1191,11.4382],[7.1187,11.4371],[7.1196,11.4321],[7.1249,11.4288],[7.1219,11.4195],[7.1226,11.4176],[7.1268,11.4139],[7.13,11.415],[7.1331,11.4129],[7.136,11.4085],[7.1361,11.4048],[7.1427,11.4018],[7.1478,11.4016],[7.1519,11.4032],[7.1563,11.4087],[7.1597,11.4093],[7.1619,11.4082],[7.1685,11.4097],[7.1709,11.4053],[7.1734,11.4033],[7.1765,11.4077],[7.1798,11.4071],[7.1914,11.4092],[7.1909,11.4113],[7.1873,11.4161],[7.1864,11.4196],[7.1819,11.4218],[7.1833,11.4291],[7.1857,11.4315],[7.1909,11.4321],[7.1981,11.4275],[7.2016,11.4275],[7.2035,11.4252],[7.2074,11.4236],[7.2114,11.4192],[7.2106,11.4169],[7.2148,11.4127],[7.2141,11.4076],[7.2154,11.4026],[7.2203,11.3928],[7.2205,11.3891],[7.2227,11.3865],[7.2283,11.3839],[7.2311,11.3839],[7.2343,11.389],[7.2348,11.3914],[7.2381,11.3956],[7.2486,11.4003],[7.25,11.4044],[7.249,11.4147],[7.2508,11.4182],[7.2495,11.4213],[7.2503,11.427],[7.2483,11.4311],[7.2447,11.4318],[7.2454,11.4368],[7.2414,11.4377],[7.2426,11.44],[7.2416,11.4434]]]},"properties":{"name":"DANTANKARI","state":"20","code":"20/07/08"}},{"type":"Feature","geometry":{"type":"Polygon","coordinates":[[[7.2466,11.4491],[7.241,11.4534],[7.2356,11.4558],[7.2305,11.4593],[7.2312,11.4647],[7.2307,11.4679],[7.2248,11.4731],[7.2256,11.4802],[7.2218,11.4811],[7.2163,11.4807],[7.214,11.4858],[7.2114,11.4869],[7.2032,11.4866],[7.2018,11.4925],[7.2049,11.4938],[7.2047,11.4968],[7.2019,11.4985],[7.1931,11.5004],[7.1878,11.4992],[7.1833,11.5006],[7.1808,11.4958],[7.171,11.4952],[7.1684,11.4919],[7.1648,11.4908],[7.1651,11.4879],[7.1622,11.4838],[7.1592,11.484],[7.1555,11.4812],[7.1567,11.4762],[7.1528,11.4733],[7.1474,11.4746],[7.1462,11.472],[7.1427,11.4698],[7.1404,11.4621],[7.1422,11.4598],[7.143,11.4545],[7.1425,11.4513],[7.1469,11.4519],[7.1525,11.4559],[7.1576,11.4564],[7.1627,11.4522],[7.1665,11.4478],[7.1734,11.4436],[7.1825,11.4445],[7.184,11.44],[7.1862,11.438],[7.1925,11.4398],[7.1958,11.4417],[7.1981,11.4457],[7.1969,11.4505],[7.197,11.4543],[7.1999,11.4559],[7.2065,11.4561],[7.2098,11.4555],[7.2157,11.4576],[7.2183,11.4595],[7.2265,11.4564],[7.2287,11.4516],[7.2291,11.4465],[7.2311,11.4439],[7.2364,11.445],[7.2416,11.4434],[7.2466,11.4491]]]},"properties":{"name":"NASARAWA","state":"20","code":"20/07/09"}},{"type":"Feature","geometry":{"type":"Polygon","coordinates":[[[7.249,11.3482],[7.2454,11.3533],[7.2391,11.3551],[7.2374,11.359],[7.2385,11.3637],[7.2357,11.3711],[7.231,11.3687],[7.2236,11.3683],[7.2222,11.3658],[7.2154,11.3623],[7.213,11.3645],[7.2143,11.37],[7.2145,11.3784],[7.2096,11.3783],[7.2058,11.3823],[7.1974,11.3826],[7.192,11.387],[7.1891,11.3876],[7.1847,11.3859],[7.1827,11.3864],[7.1804,11.3836],[7.1772,11.3837],[7.1715,11.3809],[7.165,11.3802],[7.163,11.3791],[7.1626,11.3756],[7.1601,11.3736],[7.1497,11.3729],[7.1468,11.372],[7.1462,11.3764],[7.1446,11.3796],[7.142,11.3813],[7.1369,11.3864],[7.1319,11.3846],[7.1296,11.3851],[7.1271,11.3831],[7.1277,11.3713],[7.1303,11.3648],[7.1341,11.3607],[7.1339,11.3543],[7.1325,11.3507],[7.1368,11.3429],[7.1394,11.3415],[7.1418,11.338],[7.1447,11.3379],[7.1506,11.3353],[7.1496,11.3307],[7.1496,11.3239],[7.152,11.3199],[7.1534,11.3126],[7.1593,11.3052],[7.1609,11.3022],[7.1661,11.3031],[7.1716,11.2938],[7.1754,11.2906],[7.1806,11.2892],[7.1824,11.2905],[7.1834,11.2978],[7.1887,11.2988],[7.1917,11.2982],[7.1948,11.3022],[7.1923,11.3056],[7.1912,11.3117],[7.1946,11.3188],[7.1981,11.317],[7.2039,11.316],[7.2094,11.314],[7.2087,11.322],[7.2098,11.3251],[7.2151,11.3301],[7.2175,11.3284],[7.2233,11.3275],[7.2316,11.3278],[7.2343,11.3294],[7.2372,11.3347],[7.2385,11.341],[7.2437,11.3432],[7.2486,11.3465],[7.249,11.3482]]]},"properties":{"name":"MAGAJI WANDO A","state":"20","code":"20/07/10"}},{"type":"Feature","geometry":{"type":"MultiPolygon","coordinates":[[[[7.2311,11.3839],[7.2283,11.3839],[7.2227,11.3865],[7.2205,11.3891],[7.2203,11.3928],[7.2154,11.4026],[7.2141,11.4076],[7.2148,11.4127],[7.2106,11.4169],[7.2114,11.4192],[7.2074,11.4236],[7.2035,11.4252],[7.2016,11.4275],[7.1981,11.4275],[7.1909,11.4321],[7.1857,11.4315],[7.1833,11.4291],[7.1819,11.4218],[7.1864,11.4196],[7.1873,11.4161],[7.1909,11.4113],[7.1914,11.4092],[7.1798,11.4071],[7.1765,11.4077],[7.1734,11.4033],[7.1709,11.4053],[7.1685,11.4097],[7.1619,11.4082],[7.1597,11.4093],[7.1563,11.4087],[7.1519,11.4032],[7.1524,11.3951],[7.1508,11.3945],[7.1491,11.3903],[7.1485,11.3825],[7.1446,11.3796],[7.1462,11.3764],[7.1468,11.372],[7.1497,11.3729],[7.1601,11.3736],[7.1626,11.3756],[7.163,11.3791],[7.165,11.3802],[7.1715,11.3809],[7.1772,11.3837],[7.1804,11.3836],[7.1827,11.3864],[7.1847,11.3859],[7.1891,11.3876],[7.192,11.387],[7.1974,11.3826],[7.2058,11.3823],[7.2096,11.3783],[7.2145,11.3784],[7.2143,11.37],[7.213,11.3645],[7.2154,11.3623],[7.2222,11.3658],[7.2236,11.3683],[7.231,11.3687],[7.2357,11.3711],[7.2361,11.3763],[7.2319,11.3801],[7.2311,11.3839]]],[[[7.1146,11.4619],[7.103,11.4619],[7.0973,11.4627],[7.0933,11.4618],[7.0921,11.459],[7.0865,11.4574],[7.0844,11.4542],[7.0818,11.4548],[7.0766,11.4507],[7.0693,11.452],[7.0688,11.45],[7.063,11.4402],[7.0614,11.4356],[7.075,11.4325],[7.0785,11.4297],[7.0795,11.4313],[7.0867,11.4338],[7.0887,11.4279],[7.0917,11.4262],[7.095,11.4325],[7.1012,11.429],[7.1043,11.4288],[7.1071,11.4262],[7.11,11.4309],[7.1155,11.4342],[7.1187,11.4371],[7.1191,11.4382],[7.1185,11.4414],[7.1157,11.4464],[7.1139,11.4467],[7.1125,11.4505],[7.1138,11.4522],[7.1135,11.456],[7.1159,11.4565],[7.1146,11.4619]]]]},"properties":{"name":"MAGAJI WANDO B","state":"20","code":"20/07/11"}},{"type":"Feature","geometry":{"type":"Polygon","coordinates":[[[7.4061,11.3753],[7.4056,11.3804],[7.4065,11.3842],[7.4115,11.3899],[7.4142,11.3903],[7.4172,11.3936],[7.4171,11.3955],[7.411,11.3984],[7.4092,11.4026],[7.4043,11.4057],[7.4039,11.4113],[7.4012,11.4154],[7.4035,11.4211],[7.4029,11.4256],[7.4032,11.4316],[7.4048,11.4358],[7.4041,11.4393],[7.4019,11.4431],[7.407,11.4509],[7.4119,11.4482],[7.4162,11.45],[7.4194,11.449],[7.4221,11.4458],[7.4295,11.4427],[7.4366,11.4477],[7.4406,11.4478],[7.4482,11.4467],[7.4505,11.4503],[7.4493,11.4542],[7.4468,11.4552],[7.4474,11.4598],[7.4447,11.4638],[7.4447,11.4701],[7.4419,11.4743],[7.4321,11.4755],[7.4331,11.4801],[7.4417,11.4861],[7.4448,11.4911],[7.4421,11.4947],[7.4417,11.5019],[7.4406,11.5042],[7.4418,11.5085],[7.4456,11.5126],[7.4435,11.5168],[7.4392,11.5199],[7.4365,11.5196],[7.4331,11.5217],[7.4271,11.5317],[7.4163,11.5268],[7.4089,11.5259],[7.4027,11.5271],[7.4023,11.5268],[7.4,11.522],[7.3978,11.5195],[7.4004,11.511],[7.3996,11.5073],[7.3965,11.5047],[7.3953,11.4988],[7.3938,11.4968],[7.393,11.4907],[7.3875,11.4838],[7.3859,11.4747],[7.3903,11.4666],[7.3905,11.4611],[7.3919,11.4579],[7.3897,11.4525],[7.386,11.4531],[7.3876,11.4478],[7.3892,11.4385],[7.3872,11.4329],[7.3898,11.426],[7.3902,11.4231],[7.3872,11.4197],[7.3873,11.416],[7.3853,11.411],[7.3822,11.4107],[7.3781,11.408],[7.3739,11.4092],[7.3699,11.4124],[7.3681,11.4122],[7.3641,11.4059],[7.3648,11.4005],[7.3699,11.3949],[7.3694,11.3899],[7.3753,11.3877],[7.3779,11.3876],[7.3796,11.3821],[7.3839,11.3795],[7.3839,11.3764],[7.3813,11.3693],[7.3866,11.3693],[7.3982,11.3631],[7.4013,11.3687],[7.4019,11.3766],[7.4061,11.3753]]]},"properties":{"name":"JIBA","state":"20","code":"20/08/01"}},{"type":"Feature","geometry":{"type":"Polygon","coordinates":[[[7.4271,11.5317],[7.4331,11.5217],[7.4365,11.5196],[7.4392,11.5199],[7.4435,11.5168],[7.4456,11.5126],[7.4418,11.5085],[7.4406,11.5042],[7.4417,11.5019],[7.4421,11.4947],[7.4448,11.4911],[7.4417,11.4861],[7.4331,11.4801],[7.4321,11.4755],[7.4419,11.4743],[7.4447,11.4701],[7.4447,11.4638],[7.4474,11.4598],[7.4468,11.4552],[7.4493,11.4542],[7.4505,11.4503],[7.4482,11.4467],[7.4406,11.4478],[7.4366,11.4477],[7.4295,11.4427],[7.4221,11.4458],[7.4194,11.449],[7.4162,11.45],[7.4119,11.4482],[7.407,11.4509],[7.4019,11.4431],[7.4041,11.4393],[7.4048,11.4358],[7.4032,11.4316],[7.4029,11.4256],[7.4035,11.4211],[7.4012,11.4154],[7.4039,11.4113],[7.4043,11.4057],[7.4092,11.4026],[7.411,11.3984],[7.4171,11.3955],[7.4198,11.3968],[7.4236,11.3963],[7.4301,11.392],[7.4365,11.3907],[7.4288,11.4039],[7.4317,11.4068],[7.4339,11.4061],[7.436,11.4102],[7.4383,11.4118],[7.4435,11.413],[7.4452,11.4121],[7.4526,11.4145],[7.4576,11.4109],[7.4619,11.4105],[7.4608,11.4184],[7.4611,11.4217],[7.4655,11.4249],[7.469,11.4233],[7.4721,11.4196],[7.4766,11.4181],[7.478,11.4253],[7.4771,11.4293],[7.4804,11.4337],[7.483,11.435],[7.4841,11.44],[7.4948,11.4429],[7.5005,11.4471],[7.502,11.4565],[7.5036,11.46],[7.5013,11.4662],[7.5011,11.4704],[7.5025,11.4738],[7.5073,11.4787],[7.5102,11.4827],[7.5099,11.4882],[7.5083,11.4912],[7.5118,11.4953],[7.5128,11.499],[7.5106,11.5024],[7.5076,11.5044],[7.5029,11.5099],[7.5004,11.5109],[7.4982,11.5164],[7.4959,11.5188],[7.4911,11.522],[7.4852,11.5208],[7.4825,11.5216],[7.4764,11.5272],[7.4745,11.5277],[7.4704,11.5264],[7.4708,11.5319],[7.4676,11.5338],[7.4672,11.5385],[7.4646,11.5414],[7.4591,11.5449],[7.4535,11.544],[7.4513,11.5422],[7.4487,11.5425],[7.4474,11.5401],[7.4428,11.5386],[7.4399,11.5392],[7.4371,11.5377],[7.4345,11.5404],[7.4329,11.5382],[7.4304,11.5399],[7.4303,11.5374],[7.4279,11.5352],[7.4271,11.5317]]]},"properties":{"name":"TANDAMA","state":"20","code":"20/08/02"}},{"type":"Feature","geometry":{"type":"Polygon","coordinates":[[[7.4766,11.4181],[7.4766,11.4125],[7.4803,11.4089],[7.4833,11.4074],[7.4869,11.4077],[7.4903,11.4121],[7.4931,11.4125],[7.4956,11.4108],[7.4988,11.4061],[7.5096,11.4011],[7.5181,11.3985],[7.5226,11.3951],[7.5237,11.3928],[7.5215,11.3911],[7.5205,11.3878],[7.5248,11.3879],[7.5323,11.3898],[7.5452,11.3852],[7.5519,11.3832],[7.5591,11.3786],[7.5693,11.3809],[7.5715,11.3852],[7.5703,11.3874],[7.5732,11.3948],[7.5758,11.3968],[7.5846,11.3996],[7.5868,11.3997],[7.5888,11.4003],[7.5891,11.4049],[7.5864,11.4095],[7.5863,11.4114],[7.5833,11.418],[7.5803,11.4191],[7.575,11.4168],[7.569,11.4111],[7.5664,11.4098],[7.5586,11.4105],[7.5527,11.4212],[7.5496,11.4249],[7.5443,11.4273],[7.5427,11.4306],[7.5447,11.4379],[7.5419,11.4382],[7.5299,11.4356],[7.5217,11.4355],[7.517,11.4326],[7.5127,11.4331],[7.5067,11.4271],[7.5018,11.4249],[7.4994,11.4227],[7.4924,11.4255],[7.4879,11.4258],[7.4846,11.4302],[7.483,11.435],[7.4804,11.4337],[7.4771,11.4293],[7.478,11.4253],[7.4766,11.4181]]]},"properties":{"name":"DANJA A","state":"20","code":"20/08/03"}},{"type":"Feature","geometry":{"type":"Polygon","coordinates":[[[7.4365,11.3907],[7.4385,11.3948],[7.4441,11.4009],[7.4472,11.3988],[7.4503,11.3938],[7.4507,11.3916],[7.4544,11.388],[7.4572,11.3905],[7.4566,11.3953],[7.4662,11.3963],[7.4697,11.3941],[7.473,11.3959],[7.4836,11.3958],[7.485,11.3948],[7.4934,11.3962],[7.4957,11.3914],[7.5002,11.3914],[7.5055,11.3887],[7.5079,11.3892],[7.5106,11.3867],[7.5179,11.386],[7.5222,11.3844],[7.5266,11.387],[7.5356,11.3824],[7.5449,11.3823],[7.5455,11.3734],[7.5471,11.3669],[7.5514,11.3647],[7.5573,11.3673],[7.5603,11.3666],[7.564,11.3606],[7.566,11.3515],[7.5641,11.3497],[7.5679,11.348],[7.5695,11.345],[7.5667,11.341],[7.5685,11.3373],[7.5705,11.339],[7.5742,11.3382],[7.575,11.3365],[7.5787,11.3388],[7.5841,11.3396],[7.5862,11.3408],[7.5923,11.341],[7.5926,11.3449],[7.5906,11.3507],[7.5866,11.3555],[7.5853,11.3585],[7.5871,11.3601],[7.5869,11.3629],[7.5838,11.3658],[7.5848,11.37],[7.5829,11.3758],[7.5831,11.3785],[7.5865,11.3814],[7.5884,11.3862],[7.5878,11.3891],[7.5884,11.3913],[7.5868,11.3997],[7.5846,11.3996],[7.5758,11.3968],[7.5732,11.3948],[7.5703,11.3874],[7.5715,11.3852],[7.5693,11.3809],[7.5591,11.3786],[7.5519,11.3832],[7.5452,11.3852],[7.5323,11.3898],[7.5248,11.3879],[7.5205,11.3878],[7.5215,11.3911],[7.5237,11.3928],[7.5226,11.3951],[7.5181,11.3985],[7.5096,11.4011],[7.4988,11.4061],[7.4956,11.4108],[7.4931,11.4125],[7.4903,11.4121],[7.4869,11.4077],[7.4833,11.4074],[7.4803,11.4089],[7.4766,11.4125],[7.4766,11.4181],[7.4721,11.4196],[7.469,11.4233],[7.4655,11.4249],[7.4611,11.4217],[7.4608,11.4184],[7.4619,11.4105],[7.4576,11.4109],[7.4526,11.4145],[7.4452,11.4121],[7.4435,11.413],[7.4383,11.4118],[7.436,11.4102],[7.4339,11.4061],[7.4317,11.4068],[7.4288,11.4039],[7.4365,11.3907]]]},"properties":{"name":"DANJA B","state":"20","code":"20/08/04"}},{"type":"Feature","geometry":{"type":"Polygon","coordinates":[[[7.5223,11.3404],[7.5299,11.3392],[7.5366,11.335],[7.5445,11.3334],[7.5509,11.3314],[7.5558,11.3273],[7.5622,11.3232],[7.57,11.3214],[7.574,11.3191],[7.5776,11.3155],[7.5827,11.3062],[7.5864,11.3018],[7.5877,11.3056],[7.591,11.3078],[7.5911,11.3127],[7.5935,11.3175],[7.5954,11.3188],[7.6,11.3185],[7.6063,11.3204],[7.6049,11.323],[7.6011,11.3267],[7.5974,11.3286],[7.5966,11.3313],[7.5918,11.3364],[7.5923,11.341],[7.5862,11.3408],[7.5841,11.3396],[7.5787,11.3388],[7.575,11.3365],[7.5742,11.3382],[7.5705,11.339],[7.5685,11.3373],[7.5667,11.341],[7.5695,11.345],[7.5679,11.348],[7.5641,11.3497],[7.566,11.3515],[7.564,11.3606],[7.5603,11.3666],[7.5573,11.3673],[7.5514,11.3647],[7.5471,11.3669],[7.5455,11.3734],[7.5449,11.3823],[7.5356,11.3824],[7.5266,11.387],[7.5222,11.3844],[7.5179,11.386],[7.5106,11.3867],[7.5079,11.3892],[7.5055,11.3887],[7.5002,11.3914],[7.4957,11.3914],[7.4934,11.3962],[7.485,11.3948],[7.4836,11.3958],[7.473,11.3959],[7.4697,11.3941],[7.4662,11.3963],[7.4566,11.3953],[7.4572,11.3905],[7.4544,11.388],[7.4507,11.3916],[7.4503,11.3938],[7.4472,11.3988],[7.4441,11.4009],[7.4385,11.3948],[7.4365,11.3907],[7.4301,11.392],[7.4236,11.3963],[7.4198,11.3968],[7.4171,11.3955],[7.4172,11.3936],[7.4142,11.3903],[7.4115,11.3899],[7.4065,11.3842],[7.4056,11.3804],[7.4061,11.3753],[7.4181,11.3748],[7.4276,11.374],[7.4477,11.3771],[7.4544,11.3784],[7.4676,11.3777],[7.4725,11.376],[7.483,11.3576],[7.4895,11.3522],[7.4964,11.3516],[7.5011,11.3536],[7.5056,11.3565],[7.5203,11.3616],[7.5219,11.3535],[7.5223,11.3404]]]},"properties":{"name":"TSANGAMAWA","state":"20","code":"20/08/05"}},{"type":"Feature","geometry":{"type":"Polygon","coordinates":[[[7.5829,11.3758],[7.5877,11.3774],[7.5923,11.3764],[7.595,11.3778],[7.5994,11.3774],[7.6037,11.3753],[7.6064,11.3764],[7.6121,11.3748],[7.6149,11.3729],[7.6195,11.372],[7.6213,11.364],[7.6251,11.3623],[7.6284,11.3628],[7.6357,11.3603],[7.637,11.3578],[7.6419,11.3578],[7.6454,11.3566],[7.6502,11.351],[7.6596,11.3514],[7.6638,11.3476],[7.6656,11.3497],[7.667,11.3552],[7.6695,11.3585],[7.6725,11.3597],[7.6742,11.3645],[7.6688,11.3678],[7.6688,11.3723],[7.6674,11.374],[7.6709,11.3812],[7.6693,11.3858],[7.6675,11.3857],[7.6663,11.39],[7.6688,11.3922],[7.6762,11.3952],[7.6787,11.3992],[7.6725,11.4033],[7.6649,11.4061],[7.663,11.4056],[7.6603,11.4015],[7.6512,11.4009],[7.646,11.4021],[7.6381,11.4065],[7.6389,11.4095],[7.6361,11.4156],[7.6288,11.415],[7.6261,11.4141],[7.6235,11.4112],[7.618,11.4121],[7.6141,11.4075],[7.6096,11.4048],[7.6069,11.4012],[7.6029,11.3983],[7.6025,11.394],[7.598,11.3916],[7.5952,11.3882],[7.5878,11.3891],[7.5884,11.3862],[7.5865,11.3814],[7.5831,11.3785],[7.5829,11.3758]]]},"properties":{"name":"DABAI","state":"20","code":"20/08/06"}},{"type":"Feature","geometry":{"type":"Polygon","coordinates":[[[7.6763,11.3065],[7.6782,11.306],[7.6772,11.3111],[7.6775,11.319],[7.6739,11.32],[7.6699,11.3229],[7.6681,11.3263],[7.6636,11.3316],[7.6591,11.3354],[7.6563,11.3358],[7.6566,11.3396],[7.6557,11.3451],[7.6638,11.3476],[7.6596,11.3514],[7.6502,11.351],[7.6454,11.3566],[7.6419,11.3578],[7.637,11.3578],[7.6357,11.3603],[7.6284,11.3628],[7.6251,11.3623],[7.6213,11.364],[7.6195,11.372],[7.6149,11.3729],[7.6121,11.3748],[7.6064,11.3764],[7.6037,11.3753],[7.5994,11.3774],[7.595,11.3778],[7.5923,11.3764],[7.5877,11.3774],[7.5829,11.3758],[7.5848,11.37],[7.5838,11.3658],[7.5869,11.3629],[7.5871,11.3601],[7.5853,11.3585],[7.5866,11.3555],[7.5906,11.3507],[7.5926,11.3449],[7.5923,11.341],[7.5918,11.3364],[7.5966,11.3313],[7.5974,11.3286],[7.6011,11.3267],[7.6049,11.323],[7.6075,11.3245],[7.6083,11.3285],[7.6104,11.3325],[7.6138,11.3369],[7.622,11.3335],[7.6259,11.3337],[7.6268,11.3314],[7.6296,11.3305],[7.6297,11.3281],[7.6344,11.3218],[7.6344,11.3164],[7.6401,11.3155],[7.6444,11.3173],[7.6448,11.314],[7.6474,11.3138],[7.6504,11.3095],[7.6499,11.3081],[7.6523,11.3038],[7.6559,11.3045],[7.6584,11.3033],[7.662,11.2961],[7.6643,11.3],[7.6688,11.2969],[7.6753,11.3062],[7.6763,11.3065]]]},"properties":{"name":"YAKAJI A","state":"20","code":"20/08/07"}},{"type":"Feature","geometry":{"type":"Polygon","coordinates":[[[7.6182,11.2774],[7.6279,11.2835],[7.6391,11.2878],[7.6436,11.2892],[7.6479,11.29],[7.6522,11.293],[7.655,11.292],[7.66,11.2941],[7.662,11.2961],[7.6584,11.3033],[7.6559,11.3045],[7.6523,11.3038],[7.6499,11.3081],[7.6504,11.3095],[7.6474,11.3138],[7.6448,11.314],[7.6444,11.3173],[7.6401,11.3155],[7.6344,11.3164],[7.6344,11.3218],[7.6297,11.3281],[7.6296,11.3305],[7.6268,11.3314],[7.6259,11.3337],[7.622,11.3335],[7.6138,11.3369],[7.6104,11.3325],[7.6083,11.3285],[7.6075,11.3245],[7.6049,11.323],[7.6063,11.3204],[7.6,11.3185],[7.5954,11.3188],[7.5935,11.3175],[7.5911,11.3127],[7.591,11.3078],[7.5877,11.3056],[7.5864,11.3018],[7.602,11.2789],[7.6075,11.2718],[7.6182,11.2774]]]},"properties":{"name":"YAKAJI B","state":"20","code":"20/08/08"}},{"type":"Feature","geometry":{"type":"Polygon","coordinates":[[[7.6949,11.429],[7.6921,11.4282],[7.6877,11.4253],[7.6828,11.4261],[7.6799,11.4248],[7.6786,11.4215],[7.6715,11.4165],[7.6675,11.4074],[7.6649,11.4061],[7.6725,11.4033],[7.6787,11.3992],[7.6762,11.3952],[7.6688,11.3922],[7.6663,11.39],[7.6675,11.3857],[7.6693,11.3858],[7.6709,11.3812],[7.6674,11.374],[7.6688,11.3723],[7.6688,11.3678],[7.6742,11.3645],[7.6725,11.3597],[7.6837,11.3575],[7.6865,11.3609],[7.6917,11.3622],[7.6927,11.3686],[7.7028,11.3715],[7.709,11.3723],[7.7123,11.3756],[7.713,11.3788],[7.7077,11.3857],[7.7073,11.3946],[7.7028,11.397],[7.6983,11.3899],[7.6955,11.3879],[7.6896,11.3864],[7.6851,11.3888],[7.6797,11.3939],[7.6823,11.3962],[7.6902,11.3991],[7.6905,11.4021],[7.6925,11.4045],[7.6909,11.4076],[7.6883,11.4089],[7.6896,11.4118],[7.6895,11.4188],[7.6945,11.4204],[7.6949,11.429]]]},"properties":{"name":"KAHUTU A","state":"20","code":"20/08/09"}},{"type":"Feature","geometry":{"type":"Polygon","coordinates":[[[7.7548,11.3724],[7.7571,11.3771],[7.7544,11.3793],[7.7519,11.3854],[7.7466,11.3937],[7.7404,11.3929],[7.7375,11.3932],[7.7309,11.3982],[7.7195,11.4088],[7.7223,11.4155],[7.7187,11.4178],[7.7057,11.426],[7.6945,11.4204],[7.6895,11.4188],[7.6896,11.4118],[7.6883,11.4089],[7.6909,11.4076],[7.6925,11.4045],[7.6905,11.4021],[7.6902,11.3991],[7.6823,11.3962],[7.6797,11.3939],[7.6851,11.3888],[7.6896,11.3864],[7.6955,11.3879],[7.6983,11.3899],[7.7028,11.397],[7.7073,11.3946],[7.7077,11.3857],[7.713,11.3788],[7.7123,11.3756],[7.709,11.3723],[7.7028,11.3715],[7.6927,11.3686],[7.6917,11.3622],[7.6865,11.3609],[7.6837,11.3575],[7.6725,11.3597],[7.6695,11.3585],[7.667,11.3552],[7.6656,11.3497],[7.6638,11.3476],[7.6557,11.3451],[7.6566,11.3396],[7.6563,11.3358],[7.6591,11.3354],[7.6636,11.3316],[7.6681,11.3263],[7.6699,11.3229],[7.6739,11.32],[7.6775,11.319],[7.6772,11.3111],[7.6782,11.306],[7.6842,11.3064],[7.6834,11.3088],[7.6865,11.3098],[7.6898,11.3088],[7.7062,11.31],[7.707,11.3141],[7.7175,11.32],[7.7171,11.3225],[7.7211,11.3249],[7.7165,11.3361],[7.718,11.3368],[7.7145,11.3444],[7.7133,11.3484],[7.7169,11.3585],[7.7177,11.3646],[7.721,11.3702],[7.7298,11.3717],[7.7357,11.3705],[7.7416,11.3683],[7.7548,11.3724]]]},"properties":{"name":"KAHUTU B","state":"20","code":"20/08/10"}},{"type":"Feature","geometry":{"type":"Polygon","coordinates":[[[7.2971,12.3129],[7.2919,12.3156],[7.2878,12.308],[7.2847,12.3066],[7.2835,12.3021],[7.2691,12.3033],[7.2686,12.2963],[7.2664,12.2939],[7.264,12.2852],[7.2582,12.2833],[7.2576,12.2816],[7.2529,12.2765],[7.2485,12.278],[7.2476,12.2746],[7.2488,12.2695],[7.2509,12.2669],[7.2503,12.263],[7.2459,12.2608],[7.2335,12.2607],[7.2282,12.2556],[7.2257,12.2509],[7.2168,12.2441],[7.2165,12.2407],[7.2089,12.2346],[7.197,12.2329],[7.199,12.2295],[7.2137,12.2169],[7.2154,12.2176],[7.2186,12.2148],[7.2324,12.2203],[7.2354,12.2202],[7.2414,12.2279],[7.2469,12.228],[7.2542,12.2238],[7.2641,12.2192],[7.2677,12.2188],[7.2702,12.2156],[7.2737,12.2075],[7.2789,12.2091],[7.2837,12.2068],[7.2893,12.2104],[7.2935,12.2097],[7.299,12.2169],[7.3022,12.2155],[7.3138,12.213],[7.3127,12.2181],[7.3138,12.2195],[7.3163,12.2287],[7.3178,12.2303],[7.3176,12.2347],[7.3147,12.2394],[7.3088,12.2379],[7.3076,12.2433],[7.3056,12.246],[7.3032,12.2503],[7.3033,12.2539],[7.2981,12.2588],[7.296,12.2703],[7.3021,12.2775],[7.3045,12.2793],[7.3031,12.2851],[7.3051,12.2877],[7.3031,12.2959],[7.307,12.299],[7.3067,12.3041],[7.3008,12.3082],[7.2971,12.3129]]]},"properties":{"name":"MARA","state":"20","code":"20/09/01"}},{"type":"Feature","geometry":{"type":"Polygon","coordinates":[[[7.3138,12.2195],[7.3189,12.218],[7.3312,12.2106],[7.3346,12.2099],[7.3364,12.2054],[7.3399,12.2],[7.3496,12.199],[7.3543,12.1931],[7.3602,12.1938],[7.365,12.1931],[7.3705,12.1897],[7.3722,12.1911],[7.3785,12.1933],[7.3819,12.1929],[7.3861,12.1964],[7.395,12.1941],[7.4013,12.1895],[7.4038,12.1886],[7.4039,12.1942],[7.4008,12.1984],[7.4017,12.2026],[7.4011,12.2131],[7.4043,12.2179],[7.4043,12.222],[7.4111,12.2262],[7.4103,12.2322],[7.4045,12.2382],[7.4024,12.2392],[7.3998,12.244],[7.4047,12.2452],[7.4065,12.2467],[7.4106,12.2462],[7.4129,12.2447],[7.4147,12.2465],[7.422,12.2489],[7.4229,12.2498],[7.4211,12.2558],[7.4152,12.2573],[7.4076,12.2632],[7.4048,12.2633],[7.3942,12.268],[7.3914,12.2727],[7.3948,12.2761],[7.3948,12.2784],[7.3986,12.2854],[7.4004,12.291],[7.3941,12.2985],[7.3856,12.3019],[7.383,12.2999],[7.3797,12.3004],[7.3742,12.3056],[7.3697,12.3082],[7.3673,12.3074],[7.3642,12.3024],[7.3628,12.3023],[7.3578,12.2982],[7.3564,12.2965],[7.3518,12.2944],[7.3468,12.2898],[7.3447,12.2861],[7.3458,12.2796],[7.3495,12.2751],[7.3461,12.2705],[7.3458,12.2685],[7.3473,12.265],[7.3451,12.2608],[7.3406,12.2594],[7.339,12.2499],[7.3384,12.2434],[7.3359,12.2421],[7.3307,12.2447],[7.3301,12.2477],[7.3238,12.2529],[7.3171,12.2537],[7.3087,12.247],[7.3056,12.246],[7.3076,12.2433],[7.3088,12.2379],[7.3147,12.2394],[7.3176,12.2347],[7.3178,12.2303],[7.3163,12.2287],[7.3138,12.2195]]]},"properties":{"name":"DAN ALKIMA","state":"20","code":"20/09/02"}},{"type":"Feature","geometry":{"type":"Polygon","coordinates":[[[7.3458,12.2685],[7.3407,12.2637],[7.3398,12.2672],[7.3354,12.2659],[7.3322,12.2681],[7.3343,12.2728],[7.3344,12.2751],[7.3306,12.2766],[7.3268,12.2795],[7.3204,12.2751],[7.3209,12.2708],[7.3151,12.2696],[7.3142,12.2683],[7.3158,12.2615],[7.3177,12.2566],[7.3171,12.2537],[7.3238,12.2529],[7.3301,12.2477],[7.3307,12.2447],[7.3359,12.2421],[7.3384,12.2434],[7.339,12.2499],[7.3406,12.2594],[7.3451,12.2608],[7.3473,12.265],[7.3458,12.2685]]]},"properties":{"name":"DAN MUSA A","state":"20","code":"20/09/03"}},{"type":"Feature","geometry":{"type":"Polygon","coordinates":[[[7.3056,12.246],[7.3087,12.247],[7.3171,12.2537],[7.3177,12.2566],[7.3158,12.2615],[7.3142,12.2683],[7.3151,12.2696],[7.3209,12.2708],[7.3204,12.2751],[7.3268,12.2795],[7.3306,12.2766],[7.3344,12.2751],[7.3343,12.2728],[7.3322,12.2681],[7.3354,12.2659],[7.3398,12.2672],[7.3407,12.2637],[7.3458,12.2685],[7.3461,12.2705],[7.3495,12.2751],[7.3458,12.2796],[7.3447,12.2861],[7.3468,12.2898],[7.3518,12.2944],[7.3564,12.2965],[7.3578,12.2982],[7.3562,12.3061],[7.3514,12.3146],[7.3465,12.3182],[7.3454,12.3209],[7.3425,12.3217],[7.3412,12.3254],[7.3382,12.3252],[7.3356,12.3202],[7.3281,12.3203],[7.322,12.323],[7.3176,12.3221],[7.3151,12.3193],[7.3112,12.3196],[7.3051,12.3229],[7.3023,12.3224],[7.3007,12.3187],[7.3001,12.3145],[7.2971,12.3129],[7.3008,12.3082],[7.3067,12.3041],[7.307,12.299],[7.3031,12.2959],[7.3051,12.2877],[7.3031,12.2851],[7.3045,12.2793],[7.3021,12.2775],[7.296,12.2703],[7.2981,12.2588],[7.3033,12.2539],[7.3032,12.2503],[7.3056,12.246]]]},"properties":{"name":"DAN MUSA B","state":"20","code":"20/09/04"}},{"type":"Feature","geometry":{"type":"Polygon","coordinates":[[[7.5138,12.1039],[7.5212,12.1068],[7.5264,12.1122],[7.5278,12.1161],[7.5324,12.119],[7.5344,12.1253],[7.5331,12.128],[7.5446,12.128],[7.5465,12.1276],[7.5506,12.1306],[7.5473,12.1389],[7.544,12.1415],[7.5413,12.1471],[7.5378,12.1482],[7.5331,12.1547],[7.5316,12.1555],[7.5293,12.1599],[7.5295,12.1657],[7.5336,12.1734],[7.5306,12.1796],[7.5286,12.1787],[7.5236,12.1737],[7.5249,12.166],[7.5195,12.1669],[7.518,12.1646],[7.5106,12.1619],[7.5089,12.1598],[7.5027,12.1582],[7.5015,12.1596],[7.494,12.1588],[7.4908,12.154],[7.4865,12.1562],[7.483,12.1555],[7.4748,12.1599],[7.4714,12.1579],[7.4717,12.1511],[7.4734,12.1489],[7.4703,12.1414],[7.4713,12.1398],[7.4735,12.1309],[7.4712,12.1256],[7.4638,12.1218],[7.4605,12.1213],[7.4572,12.1181],[7.4577,12.1145],[7.4622,12.1097],[7.4681,12.1079],[7.4712,12.1047],[7.4762,12.1023],[7.4834,12.1006],[7.4831,12.0957],[7.4848,12.0949],[7.4909,12.0881],[7.49,12.0839],[7.4922,12.0759],[7.4924,12.0721],[7.4985,12.0724],[7.5067,12.0708],[7.5096,12.0721],[7.507,12.0776],[7.5071,12.0821],[7.506,12.0862],[7.503,12.09],[7.5019,12.0994],[7.5089,12.1036],[7.51,12.1053],[7.5138,12.1039]]]},"properties":{"name":"DAN ALI","state":"20","code":"20/09/05"}},{"type":"Feature","geometry":{"type":"Polygon","coordinates":[[[7.2837,12.2068],[7.2869,12.2022],[7.2894,12.2009],[7.2881,12.1977],[7.288,12.1913],[7.2862,12.1896],[7.2896,12.1873],[7.2914,12.1814],[7.296,12.1797],[7.2999,12.1818],[7.3049,12.1812],[7.3094,12.1769],[7.3086,12.171],[7.3042,12.1619],[7.3045,12.1584],[7.3072,12.152],[7.3091,12.149],[7.3138,12.148],[7.3196,12.1499],[7.331,12.1447],[7.336,12.135],[7.3397,12.1332],[7.3454,12.1284],[7.346,12.125],[7.3511,12.1227],[7.3605,12.1236],[7.3648,12.1211],[7.3726,12.1214],[7.3723,12.1254],[7.379,12.1268],[7.3826,12.1228],[7.3865,12.1216],[7.3892,12.1232],[7.3903,12.1316],[7.3871,12.1418],[7.3839,12.1487],[7.3799,12.1535],[7.3808,12.1555],[7.3904,12.1584],[7.3935,12.1608],[7.3968,12.1611],[7.4058,12.1647],[7.4072,12.1722],[7.409,12.1748],[7.4079,12.1866],[7.4038,12.1886],[7.4013,12.1895],[7.395,12.1941],[7.3861,12.1964],[7.3819,12.1929],[7.3785,12.1933],[7.3722,12.1911],[7.3705,12.1897],[7.365,12.1931],[7.3602,12.1938],[7.3543,12.1931],[7.3496,12.199],[7.3399,12.2],[7.3364,12.2054],[7.3346,12.2099],[7.3312,12.2106],[7.3189,12.218],[7.3138,12.2195],[7.3127,12.2181],[7.3138,12.213],[7.3022,12.2155],[7.299,12.2169],[7.2935,12.2097],[7.2893,12.2104],[7.2837,12.2068]]]},"properties":{"name":"MAI DABINO A","state":"20","code":"20/09/06"}},{"type":"Feature","geometry":{"type":"Polygon","coordinates":[[[7.197,12.2329],[7.1901,12.2319],[7.1827,12.2327],[7.179,12.2293],[7.1719,12.2306],[7.1599,12.23],[7.1559,12.2288],[7.1504,12.2302],[7.15,12.207],[7.1568,12.1851],[7.1548,12.1775],[7.1506,12.1651],[7.1456,12.1472],[7.1351,12.1318],[7.1279,12.1245],[7.1261,12.1135],[7.1216,12.1014],[7.1172,12.094],[7.1333,12.0903],[7.1364,12.0856],[7.1366,12.0779],[7.1305,12.0679],[7.139,12.0702],[7.1416,12.0681],[7.1436,12.0706],[7.1512,12.0711],[7.1523,12.0731],[7.1663,12.0771],[7.1674,12.0793],[7.1679,12.0818],[7.1715,12.0863],[7.1775,12.0874],[7.1779,12.0894],[7.1895,12.0916],[7.1928,12.0943],[7.1959,12.093],[7.2035,12.0964],[7.207,12.0969],[7.2097,12.095],[7.2183,12.094],[7.2258,12.0961],[7.2288,12.0933],[7.232,12.094],[7.2344,12.0968],[7.2419,12.0994],[7.2484,12.1003],[7.251,12.1027],[7.2543,12.1033],[7.2533,12.1064],[7.2541,12.1088],[7.2569,12.1108],[7.259,12.1099],[7.2609,12.1131],[7.267,12.1176],[7.2632,12.1215],[7.2596,12.1227],[7.2564,12.1253],[7.2575,12.1281],[7.2555,12.1372],[7.2541,12.141],[7.2583,12.1481],[7.2692,12.1453],[7.2715,12.147],[7.2801,12.1485],[7.2806,12.1511],[7.2874,12.1538],[7.2903,12.1536],[7.293,12.1497],[7.2961,12.1524],[7.3013,12.1535],[7.3072,12.152],[7.3045,12.1584],[7.3042,12.1619],[7.3086,12.171],[7.3094,12.1769],[7.3049,12.1812],[7.2999,12.1818],[7.296,12.1797],[7.2914,12.1814],[7.2896,12.1873],[7.2862,12.1896],[7.288,12.1913],[7.2881,12.1977],[7.2894,12.2009],[7.2869,12.2022],[7.2837,12.2068],[7.2789,12.2091],[7.2737,12.2075],[7.2702,12.2156],[7.2677,12.2188],[7.2641,12.2192],[7.2542,12.2238],[7.2469,12.228],[7.2414,12.2279],[7.2354,12.2202],[7.2324,12.2203],[7.2186,12.2148],[7.2154,12.2176],[7.2137,12.2169],[7.199,12.2295],[7.197,12.2329]]]},"properties":{"name":"MAI DABINO B","state":"20","code":"20/09/07"}},{"type":"Feature","geometry":{"type":"Polygon","coordinates":[[[7.2919,12.3156],[7.28,12.3218],[7.2785,12.3283],[7.2784,12.3327],[7.2723,12.3358],[7.2712,12.3406],[7.2633,12.3409],[7.265,12.3459],[7.2641,12.3476],[7.2542,12.3461],[7.2424,12.3453],[7.2387,12.346],[7.2338,12.3428],[7.2324,12.3399],[7.2255,12.3359],[7.2215,12.326],[7.2204,12.3213],[7.2243,12.317],[7.2244,12.31],[7.2254,12.304],[7.2243,12.3008],[7.2163,12.2974],[7.2113,12.2886],[7.2123,12.2788],[7.2077,12.2773],[7.2044,12.2735],[7.1963,12.2716],[7.1905,12.267],[7.1882,12.2661],[7.1829,12.2664],[7.1816,12.2651],[7.1738,12.2666],[7.1719,12.2649],[7.1616,12.2626],[7.1579,12.2593],[7.1509,12.2608],[7.1436,12.2599],[7.1364,12.2549],[7.127,12.2532],[7.1395,12.2432],[7.1483,12.2345],[7.1504,12.2302],[7.1559,12.2288],[7.1599,12.23],[7.1719,12.2306],[7.179,12.2293],[7.1827,12.2327],[7.1901,12.2319],[7.197,12.2329],[7.2089,12.2346],[7.2165,12.2407],[7.2168,12.2441],[7.2257,12.2509],[7.2282,12.2556],[7.2335,12.2607],[7.2459,12.2608],[7.2503,12.263],[7.2509,12.2669],[7.2488,12.2695],[7.2476,12.2746],[7.2485,12.278],[7.2529,12.2765],[7.2576,12.2816],[7.2582,12.2833],[7.264,12.2852],[7.2664,12.2939],[7.2686,12.2963],[7.2691,12.3033],[7.2835,12.3021],[7.2847,12.3066],[7.2878,12.308],[7.2919,12.3156]]]},"properties":{"name":"DANDIRE A","state":"20","code":"20/09/08"}},{"type":"Feature","geometry":{"type":"Polygon","coordinates":[[[7.2255,12.3359],[7.2203,12.3376],[7.2151,12.3435],[7.2078,12.3415],[7.201,12.3421],[7.191,12.3502],[7.1801,12.3522],[7.1731,12.3488],[7.1657,12.3517],[7.1555,12.3527],[7.1503,12.3564],[7.1494,12.358],[7.1444,12.3583],[7.1392,12.362],[7.1321,12.3636],[7.131,12.3658],[7.1329,12.3711],[7.1307,12.3752],[7.1241,12.3731],[7.1149,12.3833],[7.1133,12.3857],[7.1095,12.3862],[7.1064,12.3895],[7.1023,12.3899],[7.098,12.3876],[7.1001,12.3937],[7.1008,12.3982],[7.1001,12.4027],[7.103,12.409],[7.1056,12.4121],[7.1085,12.4178],[7.1093,12.4237],[7.1106,12.4268],[7.1088,12.4303],[7.1057,12.4309],[7.0943,12.4388],[7.0874,12.4418],[7.0828,12.4424],[7.0774,12.441],[7.0664,12.4414],[7.0648,12.4407],[7.0676,12.4175],[7.0683,12.4113],[7.0747,12.375],[7.0847,12.3475],[7.0833,12.3377],[7.0828,12.3294],[7.0866,12.3162],[7.0933,12.2826],[7.0991,12.2771],[7.1067,12.2714],[7.1188,12.2603],[7.127,12.2532],[7.1364,12.2549],[7.1436,12.2599],[7.1509,12.2608],[7.1579,12.2593],[7.1616,12.2626],[7.1719,12.2649],[7.1738,12.2666],[7.1816,12.2651],[7.1829,12.2664],[7.1882,12.2661],[7.1905,12.267],[7.1963,12.2716],[7.2044,12.2735],[7.2077,12.2773],[7.2123,12.2788],[7.2113,12.2886],[7.2163,12.2974],[7.2243,12.3008],[7.2254,12.304],[7.2244,12.31],[7.2243,12.317],[7.2204,12.3213],[7.2215,12.326],[7.2255,12.3359]]]},"properties":{"name":"DANDIRE 'B'","state":"20","code":"20/09/09"}},{"type":"Feature","geometry":{"type":"Polygon","coordinates":[[[7.5306,12.1796],[7.5303,12.1833],[7.5314,12.186],[7.5325,12.1948],[7.5304,12.1987],[7.5313,12.2073],[7.5336,12.212],[7.5328,12.2163],[7.5306,12.2197],[7.5318,12.225],[7.535,12.2268],[7.5359,12.2302],[7.5399,12.2339],[7.5396,12.2396],[7.5425,12.2445],[7.5426,12.2471],[7.5381,12.2506],[7.5394,12.254],[7.5427,12.2572],[7.5429,12.2597],[7.54,12.2635],[7.5383,12.2677],[7.5289,12.2683],[7.5268,12.2637],[7.5195,12.2625],[7.518,12.2595],[7.51,12.2591],[7.5064,12.2624],[7.502,12.2593],[7.4973,12.258],[7.4947,12.2552],[7.4908,12.2562],[7.4854,12.2558],[7.4822,12.2577],[7.4772,12.257],[7.4684,12.2567],[7.4639,12.2589],[7.4683,12.2498],[7.4692,12.2464],[7.4736,12.2136],[7.4745,12.2],[7.4712,12.1987],[7.4719,12.192],[7.4734,12.1889],[7.4778,12.189],[7.4839,12.1792],[7.4844,12.1769],[7.4865,12.1562],[7.4908,12.154],[7.494,12.1588],[7.5015,12.1596],[7.5027,12.1582],[7.5089,12.1598],[7.5106,12.1619],[7.518,12.1646],[7.5195,12.1669],[7.5249,12.166],[7.5236,12.1737],[7.5286,12.1787],[7.5306,12.1796]]]},"properties":{"name":"YAN-TUMAKI A","state":"20","code":"20/09/10"}},{"type":"Feature","geometry":{"type":"Polygon","coordinates":[[[7.4038,12.1886],[7.4079,12.1866],[7.409,12.1748],[7.4072,12.1722],[7.4058,12.1647],[7.3968,12.1611],[7.3935,12.1608],[7.3904,12.1584],[7.3808,12.1555],[7.3799,12.1535],[7.3839,12.1487],[7.3871,12.1418],[7.3891,12.1405],[7.3967,12.1423],[7.3978,12.1433],[7.4101,12.1446],[7.4166,12.1473],[7.4199,12.1498],[7.4245,12.1549],[7.4277,12.152],[7.4277,12.1497],[7.4306,12.1459],[7.4368,12.1409],[7.443,12.1349],[7.4442,12.1314],[7.4509,12.1238],[7.4526,12.1232],[7.4572,12.1181],[7.4605,12.1213],[7.4638,12.1218],[7.4712,12.1256],[7.4735,12.1309],[7.4713,12.1398],[7.4703,12.1414],[7.4734,12.1489],[7.4717,12.1511],[7.4714,12.1579],[7.4748,12.1599],[7.483,12.1555],[7.4865,12.1562],[7.4844,12.1769],[7.4839,12.1792],[7.4778,12.189],[7.4734,12.1889],[7.4719,12.192],[7.4712,12.1987],[7.4745,12.2],[7.4736,12.2136],[7.4692,12.2464],[7.4683,12.2498],[7.4639,12.2589],[7.46,12.2591],[7.4565,12.2622],[7.451,12.2613],[7.4493,12.2598],[7.4462,12.2648],[7.439,12.2664],[7.4343,12.2653],[7.4279,12.2622],[7.4228,12.2563],[7.4211,12.2558],[7.4229,12.2498],[7.422,12.2489],[7.4147,12.2465],[7.4129,12.2447],[7.4106,12.2462],[7.4065,12.2467],[7.4047,12.2452],[7.3998,12.244],[7.4024,12.2392],[7.4045,12.2382],[7.4103,12.2322],[7.4111,12.2262],[7.4043,12.222],[7.4043,12.2179],[7.4011,12.2131],[7.4017,12.2026],[7.4008,12.1984],[7.4039,12.1942],[7.4038,12.1886]]]},"properties":{"name":"YAN-TUMAKI B","state":"20","code":"20/09/11"}},{"type":"Feature","geometry":{"type":"Polygon","coordinates":[[[8.3191,13.0329],[8.3187,13.0368],[8.3182,13.0368],[8.3144,13.0355],[8.3079,13.0306],[8.3059,13.0281],[8.2979,13.0205],[8.2993,13.0158],[8.3023,13.0151],[8.3054,13.0109],[8.3062,13.0006],[8.3085,12.9966],[8.3133,12.9963],[8.3168,12.9971],[8.3164,13.0001],[8.3194,13.0039],[8.3203,13.0077],[8.3194,13.0102],[8.3202,13.0135],[8.3176,13.0166],[8.319,13.0244],[8.3221,13.0259],[8.3156,13.0321],[8.3191,13.0329]]]},"properties":{"name":"SARKIN YARA A","state":"20","code":"20/10/01"}},{"type":"Feature","geometry":{"type":"Polygon","coordinates":[[[8.3191,13.0329],[8.325,13.0329],[8.3301,13.034],[8.3318,13.0361],[8.3277,13.0383],[8.3239,13.0373],[8.3218,13.0382],[8.3187,13.0368],[8.3191,13.0329]]]},"properties":{"name":"SARKIN YARA B","state":"20","code":"20/10/02"}},{"type":"Feature","geometry":{"type":"Polygon","coordinates":[[[8.3309,13.045],[8.3377,13.0524],[8.3402,13.0576],[8.3361,13.0563],[8.3254,13.057],[8.3158,13.0572],[8.3114,13.0545],[8.3136,13.0494],[8.3146,13.0469],[8.3179,13.0432],[8.3175,13.0396],[8.3252,13.0415],[8.3262,13.0432],[8.3309,13.045]]]},"properties":{"name":"UBANDAWAKI A","state":"20","code":"20/10/03"}},{"type":"Feature","geometry":{"type":"Polygon","coordinates":[[[8.3182,13.0368],[8.3175,13.0396],[8.3179,13.0432],[8.3146,13.0469],[8.3136,13.0494],[8.3037,13.0474],[8.2971,13.0442],[8.2961,13.0412],[8.2923,13.0383],[8.2923,13.0322],[8.2882,13.0288],[8.2868,13.0251],[8.2802,13.0223],[8.2754,13.0216],[8.2757,13.0196],[8.2741,13.0139],[8.2801,13.0123],[8.2833,13.0126],[8.2877,13.0069],[8.2902,12.9989],[8.2949,12.9926],[8.3034,12.9955],[8.3066,12.9952],[8.3085,12.9966],[8.3062,13.0006],[8.3054,13.0109],[8.3023,13.0151],[8.2993,13.0158],[8.2979,13.0205],[8.3059,13.0281],[8.3079,13.0306],[8.3144,13.0355],[8.3182,13.0368]]]},"properties":{"name":"UNBADAWAKI B","state":"20","code":"20/10/04"}},{"type":"Feature","geometry":{"type":"Polygon","coordinates":[[[8.3187,13.0368],[8.3218,13.0382],[8.3239,13.0373],[8.3277,13.0383],[8.3318,13.0361],[8.3343,13.0376],[8.3349,13.04],[8.3337,13.044],[8.3309,13.045],[8.3262,13.0432],[8.3252,13.0415],[8.3175,13.0396],[8.3182,13.0368],[8.3187,13.0368]]]},"properties":{"name":"KUSUGU","state":"20","code":"20/10/05"}},{"type":"Feature","geometry":{"type":"Polygon","coordinates":[[[8.2754,13.0216],[8.2704,13.0255],[8.2697,13.0284],[8.2662,13.0317],[8.2625,13.0306],[8.2568,13.0245],[8.2499,13.0214],[8.2484,13.02],[8.2423,13.0183],[8.2411,13.0124],[8.2364,13.0074],[8.2379,13.0066],[8.2428,12.9991],[8.2471,12.994],[8.2492,12.9894],[8.2473,12.9852],[8.2471,12.9818],[8.2434,12.9803],[8.2472,12.9763],[8.2521,12.977],[8.2576,12.9783],[8.259,12.981],[8.263,12.9789],[8.2676,12.9824],[8.2713,12.9877],[8.2734,12.988],[8.2811,12.9847],[8.2854,12.9838],[8.2877,12.9854],[8.2893,12.9899],[8.2949,12.9926],[8.2902,12.9989],[8.2877,13.0069],[8.2833,13.0126],[8.2801,13.0123],[8.2741,13.0139],[8.2757,13.0196],[8.2754,13.0216]]]},"properties":{"name":"MAZOJI A","state":"20","code":"20/10/06"}},{"type":"Feature","geometry":{"type":"Polygon","coordinates":[[[8.2364,13.0074],[8.232,13.004],[8.2254,13.0008],[8.2192,13.001],[8.2167,12.9996],[8.2076,12.9998],[8.2048,13.0011],[8.2039,13.0048],[8.2075,13.007],[8.2092,13.0102],[8.2083,13.0143],[8.2138,13.0169],[8.215,13.0223],[8.2138,13.0255],[8.2096,13.0253],[8.2045,13.028],[8.1959,13.0268],[8.192,13.0232],[8.1874,13.0221],[8.1829,13.0115],[8.1766,13.0094],[8.1734,13.0104],[8.1793,13.0047],[8.1809,13.0022],[8.1854,12.9998],[8.1879,12.9985],[8.1933,12.9914],[8.1943,12.9878],[8.1964,12.986],[8.1976,12.9821],[8.2077,12.98],[8.2122,12.9782],[8.215,12.9796],[8.2177,12.9778],[8.219,12.974],[8.2168,12.9731],[8.2174,12.9669],[8.2219,12.9613],[8.2223,12.9589],[8.2255,12.9617],[8.2291,12.9628],[8.2372,12.9626],[8.2435,12.9616],[8.2488,12.9628],[8.2476,12.9685],[8.2482,12.9707],[8.2521,12.977],[8.2472,12.9763],[8.2434,12.9803],[8.2471,12.9818],[8.2473,12.9852],[8.2492,12.9894],[8.2471,12.994],[8.2428,12.9991],[8.2379,13.0066],[8.2364,13.0074]]]},"properties":{"name":"MAZOJI B","state":"20","code":"20/10/07"}},{"type":"Feature","geometry":{"type":"Polygon","coordinates":[[[8.3168,12.9971],[8.3202,12.997],[8.3276,13.001],[8.3324,13.0019],[8.3361,13.0046],[8.3342,13.0117],[8.3321,13.0162],[8.3278,13.0208],[8.3274,13.0271],[8.325,13.0329],[8.3191,13.0329],[8.3156,13.0321],[8.3221,13.0259],[8.319,13.0244],[8.3176,13.0166],[8.3202,13.0135],[8.3194,13.0102],[8.3203,13.0077],[8.3194,13.0039],[8.3164,13.0001],[8.3168,12.9971]]]},"properties":{"name":"TUDUN WADA","state":"20","code":"20/10/08"}},{"type":"Feature","geometry":{"type":"Polygon","coordinates":[[[8.325,13.0329],[8.3274,13.0271],[8.3278,13.0208],[8.3321,13.0162],[8.3342,13.0117],[8.3361,13.0046],[8.3324,13.0019],[8.3276,13.001],[8.3202,12.997],[8.3219,12.9941],[8.3249,12.9931],[8.3259,12.991],[8.3288,12.9902],[8.3303,12.986],[8.3332,12.9832],[8.3381,12.9847],[8.3393,12.9882],[8.3469,12.989],[8.3479,12.9913],[8.3458,12.9969],[8.3489,13.0016],[8.3508,13.0071],[8.3519,13.0077],[8.3588,13.0068],[8.362,13.0129],[8.3674,13.0174],[8.3682,13.0191],[8.3664,13.0242],[8.3624,13.0292],[8.3629,13.0371],[8.365,13.04],[8.3655,13.0452],[8.3636,13.0515],[8.3613,13.0543],[8.3568,13.0557],[8.3564,13.0577],[8.3529,13.0579],[8.3499,13.0601],[8.3402,13.0576],[8.3377,13.0524],[8.3309,13.045],[8.3337,13.044],[8.3349,13.04],[8.3343,13.0376],[8.3318,13.0361],[8.3301,13.034],[8.325,13.0329]]]},"properties":{"name":"SABON GARI","state":"20","code":"20/10/09"}},{"type":"Feature","geometry":{"type":"Polygon","coordinates":[[[8.2223,12.9589],[8.2196,12.9569],[8.2211,12.9538],[8.219,12.9503],[8.2216,12.9482],[8.2214,12.9413],[8.226,12.9382],[8.2289,12.9287],[8.2307,12.9196],[8.2305,12.9145],[8.2292,12.9106],[8.2333,12.9033],[8.2363,12.9005],[8.2372,12.8969],[8.2402,12.8929],[8.2426,12.8908],[8.2471,12.8845],[8.2489,12.8803],[8.251,12.8802],[8.2534,12.8831],[8.2544,12.8864],[8.2608,12.8923],[8.2638,12.8982],[8.2684,12.9008],[8.272,12.9053],[8.2752,12.9056],[8.2792,12.9032],[8.2826,12.9036],[8.283,12.9156],[8.2846,12.9219],[8.2882,12.9229],[8.2896,12.925],[8.2862,12.9344],[8.2893,12.9356],[8.2918,12.9401],[8.2843,12.9431],[8.2799,12.9431],[8.2778,12.9458],[8.2734,12.9479],[8.2693,12.9537],[8.2604,12.9567],[8.2586,12.9594],[8.2488,12.9628],[8.2435,12.9616],[8.2372,12.9626],[8.2291,12.9628],[8.2255,12.9617],[8.2223,12.9589]]]},"properties":{"name":"MADOBI A","state":"20","code":"20/10/10"}},{"type":"Feature","geometry":{"type":"Polygon","coordinates":[[[8.3085,12.9966],[8.3066,12.9952],[8.3034,12.9955],[8.2949,12.9926],[8.2893,12.9899],[8.2877,12.9854],[8.2854,12.9838],[8.2811,12.9847],[8.2734,12.988],[8.2713,12.9877],[8.2676,12.9824],[8.263,12.9789],[8.259,12.981],[8.2576,12.9783],[8.2521,12.977],[8.2482,12.9707],[8.2476,12.9685],[8.2488,12.9628],[8.2586,12.9594],[8.2604,12.9567],[8.2693,12.9537],[8.2734,12.9479],[8.2778,12.9458],[8.2799,12.9431],[8.2843,12.9431],[8.2918,12.9401],[8.2893,12.9356],[8.2862,12.9344],[8.2896,12.925],[8.2882,12.9229],[8.2846,12.9219],[8.283,12.9156],[8.2826,12.9036],[8.2868,12.9036],[8.2882,12.9054],[8.2932,12.9087],[8.2977,12.9127],[8.3027,12.9097],[8.3044,12.91],[8.3107,12.908],[8.3161,12.9012],[8.3189,12.8988],[8.3228,12.8997],[8.3286,12.9055],[8.3308,12.9119],[8.3335,12.9156],[8.3369,12.9174],[8.3441,12.9256],[8.3442,12.9379],[8.3386,12.9412],[8.3363,12.9561],[8.3433,12.9585],[8.346,12.9585],[8.3489,12.9627],[8.3511,12.9688],[8.3504,12.971],[8.3416,12.9739],[8.3396,12.9837],[8.3381,12.9847],[8.3332,12.9832],[8.3303,12.986],[8.3288,12.9902],[8.3259,12.991],[8.3249,12.9931],[8.3219,12.9941],[8.3202,12.997],[8.3168,12.9971],[8.3133,12.9963],[8.3085,12.9966]]]},"properties":{"name":"MADOBI B","state":"20","code":"20/10/11"}},{"type":"Feature","geometry":{"type":"Polygon","coordinates":[[[8.1908,12.8152],[8.1925,12.8157],[8.211,12.8175],[8.2301,12.8262],[8.24,12.8261],[8.2383,12.8321],[8.2395,12.8339],[8.2395,12.8389],[8.2325,12.8429],[8.2283,12.8465],[8.2267,12.8501],[8.2237,12.8514],[8.2203,12.8554],[8.2186,12.8606],[8.2189,12.8709],[8.2134,12.8772],[8.2067,12.8799],[8.2027,12.8833],[8.2011,12.8894],[8.204,12.8946],[8.2044,12.8968],[8.199,12.8995],[8.1924,12.9002],[8.1879,12.8978],[8.1817,12.8927],[8.1774,12.8936],[8.1792,12.8971],[8.1823,12.8994],[8.1845,12.9048],[8.1904,12.9061],[8.187,12.9151],[8.1838,12.9132],[8.18,12.9127],[8.1754,12.914],[8.1728,12.9141],[8.1662,12.9116],[8.1599,12.9064],[8.1552,12.901],[8.1515,12.8988],[8.1528,12.897],[8.1502,12.893],[8.1542,12.892],[8.1548,12.8862],[8.1598,12.8817],[8.1562,12.8782],[8.1595,12.8718],[8.1575,12.8706],[8.1574,12.8664],[8.1596,12.8668],[8.1615,12.8643],[8.1645,12.8606],[8.1674,12.8607],[8.1727,12.8585],[8.1734,12.8526],[8.1765,12.8483],[8.1791,12.8465],[8.1795,12.8431],[8.1773,12.841],[8.1755,12.8363],[8.1724,12.8367],[8.1729,12.8287],[8.1721,12.8245],[8.1732,12.8226],[8.1711,12.8136],[8.1789,12.8113],[8.1908,12.8152]]]},"properties":{"name":"DAN AUNAI","state":"20","code":"20/11/01"}},{"type":"Feature","geometry":{"type":"Polygon","coordinates":[[[8.2402,12.8929],[8.2394,12.891],[8.236,12.8894],[8.2289,12.8903],[8.2269,12.8922],[8.2217,12.8911],[8.2192,12.8915],[8.2144,12.8888],[8.2129,12.8866],[8.2096,12.8884],[8.2076,12.8917],[8.204,12.8946],[8.2011,12.8894],[8.2027,12.8833],[8.2067,12.8799],[8.2134,12.8772],[8.2189,12.8709],[8.2186,12.8606],[8.2203,12.8554],[8.2237,12.8514],[8.2267,12.8501],[8.2283,12.8465],[8.2325,12.8429],[8.2395,12.8389],[8.2426,12.8414],[8.2446,12.8463],[8.2482,12.8498],[8.251,12.8493],[8.2612,12.8566],[8.2648,12.8572],[8.2691,12.8656],[8.2718,12.8681],[8.2717,12.8705],[8.2678,12.8714],[8.2646,12.8698],[8.2588,12.8689],[8.2567,12.8724],[8.2537,12.8749],[8.251,12.8802],[8.2489,12.8803],[8.2471,12.8845],[8.2426,12.8908],[8.2402,12.8929]]]},"properties":{"name":"RUWANKAYA A","state":"20","code":"20/11/02"}},{"type":"Feature","geometry":{"type":"Polygon","coordinates":[[[8.226,12.9382],[8.2149,12.9356],[8.2124,12.9334],[8.2099,12.9332],[8.2049,12.9296],[8.1978,12.9332],[8.1967,12.9374],[8.1974,12.9435],[8.1913,12.9435],[8.188,12.9462],[8.1806,12.9447],[8.1805,12.9406],[8.1785,12.938],[8.1746,12.9373],[8.1669,12.9303],[8.1694,12.9255],[8.1753,12.9198],[8.1754,12.914],[8.18,12.9127],[8.1838,12.9132],[8.187,12.9151],[8.1904,12.9061],[8.1845,12.9048],[8.1823,12.8994],[8.1792,12.8971],[8.1774,12.8936],[8.1817,12.8927],[8.1879,12.8978],[8.1924,12.9002],[8.199,12.8995],[8.2044,12.8968],[8.204,12.8946],[8.2076,12.8917],[8.2096,12.8884],[8.2129,12.8866],[8.2144,12.8888],[8.2192,12.8915],[8.2217,12.8911],[8.2269,12.8922],[8.2289,12.8903],[8.236,12.8894],[8.2394,12.891],[8.2402,12.8929],[8.2372,12.8969],[8.2363,12.9005],[8.2333,12.9033],[8.2292,12.9106],[8.2305,12.9145],[8.2307,12.9196],[8.2289,12.9287],[8.226,12.9382]]]},"properties":{"name":"RUWANKAYA B","state":"20","code":"20/11/03"}},{"type":"Feature","geometry":{"type":"Polygon","coordinates":[[[8.1711,12.8136],[8.1732,12.8226],[8.1721,12.8245],[8.1729,12.8287],[8.1724,12.8367],[8.1755,12.8363],[8.1773,12.841],[8.1795,12.8431],[8.1791,12.8465],[8.1765,12.8483],[8.1734,12.8526],[8.1727,12.8585],[8.1674,12.8607],[8.1645,12.8606],[8.1615,12.8643],[8.1561,12.8643],[8.1557,12.8622],[8.1487,12.8582],[8.1483,12.8539],[8.14,12.852],[8.1379,12.8472],[8.1393,12.8424],[8.1387,12.8365],[8.1399,12.8334],[8.1304,12.8301],[8.1325,12.8203],[8.1364,12.8164],[8.1425,12.8153],[8.1438,12.8126],[8.1521,12.8186],[8.1711,12.8136]]]},"properties":{"name":"DUTSI A","state":"20","code":"20/11/04"}},{"type":"Feature","geometry":{"type":"Polygon","coordinates":[[[8.1438,12.8126],[8.1425,12.8153],[8.1364,12.8164],[8.1325,12.8203],[8.1304,12.8301],[8.1399,12.8334],[8.1387,12.8365],[8.1393,12.8424],[8.1379,12.8472],[8.14,12.852],[8.1321,12.8586],[8.1286,12.8587],[8.1269,12.8629],[8.1241,12.863],[8.1213,12.8597],[8.1229,12.858],[8.1209,12.8543],[8.1169,12.8534],[8.1137,12.8553],[8.1115,12.8582],[8.1029,12.8578],[8.1027,12.8609],[8.0976,12.8593],[8.0937,12.8554],[8.0917,12.8472],[8.0929,12.8442],[8.0956,12.8424],[8.0961,12.8398],[8.0947,12.8362],[8.0957,12.8306],[8.0971,12.8279],[8.0938,12.826],[8.0927,12.8224],[8.0937,12.8191],[8.0934,12.8139],[8.0959,12.8132],[8.1055,12.8165],[8.1125,12.8123],[8.1108,12.8092],[8.1117,12.8073],[8.1088,12.8034],[8.115,12.8025],[8.1183,12.8029],[8.127,12.812],[8.1315,12.8078],[8.1347,12.806],[8.1438,12.8126]]]},"properties":{"name":"DUTSI B","state":"20","code":"20/11/05"}},{"type":"Feature","geometry":{"type":"Polygon","coordinates":[[[8.1562,12.8782],[8.1519,12.8767],[8.1461,12.8825],[8.1425,12.8826],[8.1369,12.8882],[8.1399,12.8926],[8.1349,12.897],[8.1255,12.9025],[8.1245,12.9063],[8.1179,12.9131],[8.1172,12.9209],[8.1162,12.922],[8.1115,12.9207],[8.1099,12.9191],[8.0975,12.9164],[8.0938,12.9155],[8.0902,12.9121],[8.0878,12.9065],[8.0829,12.9005],[8.0906,12.898],[8.0887,12.8881],[8.0843,12.883],[8.0829,12.8798],[8.0735,12.8793],[8.0726,12.8745],[8.0757,12.8726],[8.0765,12.8668],[8.0789,12.8658],[8.0832,12.8687],[8.0881,12.8699],[8.0972,12.8618],[8.0976,12.8593],[8.1027,12.8609],[8.1029,12.8578],[8.1115,12.8582],[8.1137,12.8553],[8.1169,12.8534],[8.1209,12.8543],[8.1229,12.858],[8.1213,12.8597],[8.1241,12.863],[8.1269,12.8629],[8.1286,12.8587],[8.1321,12.8586],[8.14,12.852],[8.1483,12.8539],[8.1487,12.8582],[8.1557,12.8622],[8.1561,12.8643],[8.1615,12.8643],[8.1596,12.8668],[8.1574,12.8664],[8.1575,12.8706],[8.1595,12.8718],[8.1562,12.8782]]]},"properties":{"name":"YAMEL A","state":"20","code":"20/11/06"}},{"type":"Feature","geometry":{"type":"MultiPolygon","coordinates":[[[[8.0982,12.9762],[8.0976,12.9797],[8.0933,12.9824],[8.0923,12.9844],[8.0876,12.9863],[8.0844,12.9827],[8.0685,12.9791],[8.0647,12.9795],[8.0627,12.9781],[8.0533,12.9763],[8.0518,12.9705],[8.051,12.9627],[8.0481,12.9578],[8.0522,12.9564],[8.0555,12.9564],[8.0579,12.9516],[8.0605,12.9486],[8.0647,12.9469],[8.0681,12.9481],[8.072,12.9522],[8.0723,12.9556],[8.0832,12.9536],[8.0899,12.95],[8.0947,12.9539],[8.1007,12.9566],[8.1031,12.9552],[8.1034,12.962],[8.1059,12.9629],[8.1027,12.9669],[8.102,12.9707],[8.0982,12.9762]]],[[[8.1515,12.8988],[8.1467,12.9004],[8.1455,12.9065],[8.1411,12.91],[8.1417,12.9127],[8.1399,12.919],[8.1401,12.9225],[8.1353,12.9218],[8.1344,12.9188],[8.1313,12.9236],[8.1278,12.9258],[8.1234,12.9246],[8.1226,12.9225],[8.1172,12.9209],[8.1179,12.9131],[8.1245,12.9063],[8.1255,12.9025],[8.1349,12.897],[8.1399,12.8926],[8.1369,12.8882],[8.1425,12.8826],[8.1461,12.8825],[8.1519,12.8767],[8.1562,12.8782],[8.1598,12.8817],[8.1548,12.8862],[8.1542,12.892],[8.1502,12.893],[8.1528,12.897],[8.1515,12.8988]]]]},"properties":{"name":"YAMEL B","state":"20","code":"20/11/07"}},{"type":"Feature","geometry":{"type":"Polygon","coordinates":[[[8.0982,12.9762],[8.1016,12.9764],[8.1048,12.972],[8.1079,12.9708],[8.1135,12.9736],[8.1153,12.9771],[8.1177,12.9788],[8.1216,12.9838],[8.1242,12.985],[8.1275,12.9845],[8.1299,12.9867],[8.1317,12.9907],[8.1303,12.9927],[8.1362,12.9997],[8.139,13.0009],[8.1418,13.0038],[8.1446,13.0047],[8.146,13.0079],[8.1487,13.0108],[8.1533,13.0137],[8.156,13.0165],[8.1604,13.0187],[8.1651,13.0238],[8.1643,13.0269],[8.161,13.0305],[8.1605,13.0352],[8.1519,13.0283],[8.1397,13.0197],[8.1295,13.0131],[8.127,13.0126],[8.1206,13.0151],[8.116,13.0141],[8.108,13.0145],[8.1039,13.0141],[8.0996,13.0172],[8.0983,13.0129],[8.0983,13.008],[8.0955,13.0055],[8.0889,13.0038],[8.0831,13.0065],[8.0735,13.0077],[8.0661,13.0093],[8.0651,13.0028],[8.0603,12.9998],[8.0571,13.0011],[8.0516,12.998],[8.0549,12.9927],[8.0546,12.987],[8.0497,12.9809],[8.0533,12.9763],[8.0627,12.9781],[8.0647,12.9795],[8.0685,12.9791],[8.0844,12.9827],[8.0876,12.9863],[8.0923,12.9844],[8.0933,12.9824],[8.0976,12.9797],[8.0982,12.9762]]]},"properties":{"name":"SIRIKA A","state":"20","code":"20/11/08"}},{"type":"Feature","geometry":{"type":"Polygon","coordinates":[[[8.1734,13.0104],[8.171,13.0131],[8.1682,13.0205],[8.1651,13.0238],[8.1604,13.0187],[8.156,13.0165],[8.1533,13.0137],[8.1487,13.0108],[8.146,13.0079],[8.1446,13.0047],[8.1418,13.0038],[8.139,13.0009],[8.1362,12.9997],[8.1303,12.9927],[8.1317,12.9907],[8.1299,12.9867],[8.1275,12.9845],[8.1242,12.985],[8.1216,12.9838],[8.1177,12.9788],[8.1153,12.9771],[8.1135,12.9736],[8.1079,12.9708],[8.1048,12.972],[8.1016,12.9764],[8.0982,12.9762],[8.102,12.9707],[8.1027,12.9669],[8.1059,12.9629],[8.1034,12.962],[8.1031,12.9552],[8.1007,12.9566],[8.0947,12.9539],[8.0899,12.95],[8.0832,12.9536],[8.0723,12.9556],[8.072,12.9522],[8.0681,12.9481],[8.0647,12.9469],[8.0638,12.9405],[8.0656,12.9384],[8.0733,12.9361],[8.0717,12.9266],[8.0781,12.9255],[8.0807,12.9264],[8.0868,12.9232],[8.0869,12.9173],[8.093,12.9157],[8.0975,12.9164],[8.1099,12.9191],[8.1115,12.9207],[8.1162,12.922],[8.1168,12.9283],[8.1162,12.9314],[8.1167,12.9384],[8.121,12.9364],[8.127,12.9351],[8.1299,12.9419],[8.13,12.9485],[8.1313,12.9542],[8.1343,12.956],[8.1428,12.964],[8.1516,12.963],[8.1559,12.9641],[8.1583,12.9678],[8.1623,12.9759],[8.1666,12.9719],[8.1719,12.9737],[8.1754,12.9792],[8.1788,12.9874],[8.1819,12.9875],[8.1818,12.9921],[8.1854,12.9998],[8.1809,13.0022],[8.1793,13.0047],[8.1734,13.0104]]]},"properties":{"name":"SIRIKA B","state":"20","code":"20/11/09"}},{"type":"Feature","geometry":{"type":"Polygon","coordinates":[[[8.1854,12.9998],[8.1818,12.9921],[8.1819,12.9875],[8.1788,12.9874],[8.1754,12.9792],[8.1719,12.9737],[8.1666,12.9719],[8.1623,12.9759],[8.1583,12.9678],[8.1559,12.9641],[8.1516,12.963],[8.1428,12.964],[8.1343,12.956],[8.1313,12.9542],[8.13,12.9485],[8.1299,12.9419],[8.127,12.9351],[8.121,12.9364],[8.1167,12.9384],[8.1162,12.9314],[8.1168,12.9283],[8.1162,12.922],[8.1172,12.9209],[8.1226,12.9225],[8.1234,12.9246],[8.1278,12.9258],[8.1313,12.9236],[8.1344,12.9188],[8.1353,12.9218],[8.1401,12.9225],[8.1399,12.919],[8.1417,12.9127],[8.1411,12.91],[8.1455,12.9065],[8.1467,12.9004],[8.1515,12.8988],[8.1552,12.901],[8.1599,12.9064],[8.1662,12.9116],[8.1728,12.9141],[8.1754,12.914],[8.1753,12.9198],[8.1694,12.9255],[8.1669,12.9303],[8.1746,12.9373],[8.1785,12.938],[8.1805,12.9406],[8.1806,12.9447],[8.188,12.9462],[8.1913,12.9435],[8.1974,12.9435],[8.1967,12.9374],[8.1978,12.9332],[8.2049,12.9296],[8.2099,12.9332],[8.2124,12.9334],[8.2149,12.9356],[8.226,12.9382],[8.2214,12.9413],[8.2216,12.9482],[8.219,12.9503],[8.2211,12.9538],[8.2196,12.9569],[8.2223,12.9589],[8.2219,12.9613],[8.2174,12.9669],[8.2168,12.9731],[8.219,12.974],[8.2177,12.9778],[8.215,12.9796],[8.2122,12.9782],[8.2077,12.98],[8.1976,12.9821],[8.1964,12.986],[8.1943,12.9878],[8.1933,12.9914],[8.1879,12.9985],[8.1854,12.9998]]]},"properties":{"name":"KAYAWA","state":"20","code":"20/11/10"}},{"type":"Feature","geometry":{"type":"Polygon","coordinates":[[[7.5167,12.4506],[7.511,12.4519],[7.5049,12.4552],[7.5015,12.4561],[7.5012,12.4613],[7.4947,12.4633],[7.4967,12.4599],[7.4978,12.4538],[7.4946,12.4519],[7.4945,12.4492],[7.4927,12.4423],[7.4901,12.4389],[7.4922,12.4338],[7.487,12.4324],[7.4856,12.4308],[7.4861,12.4275],[7.4845,12.4232],[7.4804,12.4205],[7.4813,12.4159],[7.481,12.4125],[7.4822,12.4107],[7.4885,12.4089],[7.4946,12.4096],[7.4963,12.4073],[7.4987,12.4086],[7.4983,12.4123],[7.4985,12.42],[7.5011,12.424],[7.5046,12.4268],[7.5073,12.4253],[7.5184,12.428],[7.5194,12.4356],[7.5172,12.4382],[7.5153,12.4425],[7.5158,12.4456],[7.5179,12.4477],[7.5167,12.4506]]]},"properties":{"name":"DUTSIN-MA A","state":"20","code":"20/12/01"}},{"type":"Feature","geometry":{"type":"Polygon","coordinates":[[[7.4947,12.4633],[7.4938,12.4633],[7.4911,12.4698],[7.4868,12.4723],[7.4839,12.4721],[7.4783,12.4751],[7.4778,12.4704],[7.4762,12.4662],[7.4833,12.4619],[7.4781,12.4607],[7.4767,12.4616],[7.4665,12.4587],[7.46,12.4589],[7.4558,12.4604],[7.4507,12.4592],[7.447,12.4565],[7.4379,12.4541],[7.4357,12.4525],[7.4288,12.4509],[7.426,12.4494],[7.4229,12.4505],[7.4182,12.4489],[7.4141,12.4474],[7.4144,12.4446],[7.4114,12.4401],[7.4139,12.4343],[7.4197,12.4257],[7.4203,12.4201],[7.4194,12.4162],[7.4221,12.4135],[7.4209,12.4119],[7.4237,12.4052],[7.4203,12.4016],[7.4215,12.3958],[7.4183,12.3937],[7.4217,12.3944],[7.426,12.3931],[7.4279,12.3969],[7.4331,12.3957],[7.4383,12.3958],[7.4392,12.3979],[7.4429,12.4012],[7.444,12.4036],[7.4472,12.4029],[7.4547,12.3987],[7.4585,12.3983],[7.4631,12.3943],[7.4639,12.3991],[7.4672,12.4024],[7.4672,12.4081],[7.4662,12.4104],[7.468,12.4126],[7.4763,12.4118],[7.481,12.4125],[7.4813,12.4159],[7.4804,12.4205],[7.4845,12.4232],[7.4861,12.4275],[7.4856,12.4308],[7.487,12.4324],[7.4922,12.4338],[7.4901,12.4389],[7.4927,12.4423],[7.4945,12.4492],[7.4946,12.4519],[7.4978,12.4538],[7.4967,12.4599],[7.4947,12.4633]]]},"properties":{"name":"DUTSIN-MA B","state":"20","code":"20/12/02"}},{"type":"Feature","geometry":{"type":"Polygon","coordinates":[[[7.5167,12.4506],[7.5162,12.4549],[7.518,12.4616],[7.5206,12.4625],[7.5252,12.4602],[7.5293,12.4614],[7.5334,12.456],[7.5373,12.4575],[7.5409,12.4558],[7.545,12.451],[7.5453,12.4492],[7.5496,12.4481],[7.5546,12.4499],[7.5574,12.4525],[7.5574,12.4566],[7.5557,12.4581],[7.5556,12.4617],[7.5597,12.4661],[7.5596,12.4695],[7.5556,12.4735],[7.5592,12.477],[7.5562,12.4802],[7.5516,12.4799],[7.5518,12.4752],[7.5489,12.474],[7.5449,12.4773],[7.5431,12.4804],[7.5501,12.4918],[7.5569,12.498],[7.5596,12.5028],[7.5656,12.5024],[7.5636,12.5072],[7.5612,12.5201],[7.5623,12.5229],[7.5668,12.5251],[7.5726,12.5307],[7.5747,12.5338],[7.5753,12.5424],[7.573,12.5423],[7.571,12.539],[7.5654,12.5411],[7.5634,12.5446],[7.559,12.5442],[7.5547,12.541],[7.5488,12.54],[7.547,12.5438],[7.5437,12.5478],[7.5445,12.5539],[7.5459,12.5582],[7.5453,12.5601],[7.5417,12.5591],[7.5387,12.5636],[7.5346,12.5632],[7.5325,12.5643],[7.5255,12.5591],[7.5234,12.5543],[7.518,12.5531],[7.5164,12.5546],[7.5096,12.5553],[7.5076,12.5498],[7.5086,12.5463],[7.5058,12.5415],[7.5114,12.5372],[7.5108,12.5341],[7.5063,12.5328],[7.5053,12.5264],[7.5063,12.5252],[7.502,12.5191],[7.4972,12.52],[7.4943,12.5164],[7.4847,12.5129],[7.4894,12.5072],[7.4967,12.5054],[7.5012,12.5051],[7.5024,12.5002],[7.4983,12.4954],[7.4939,12.4944],[7.4901,12.4871],[7.4926,12.4856],[7.4929,12.4792],[7.4961,12.4757],[7.4974,12.4718],[7.4911,12.4698],[7.4938,12.4633],[7.4947,12.4633],[7.5012,12.4613],[7.5015,12.4561],[7.5049,12.4552],[7.511,12.4519],[7.5167,12.4506]]]},"properties":{"name":"SHEMA","state":"20","code":"20/12/03"}},{"type":"Feature","geometry":{"type":"Polygon","coordinates":[[[7.5496,12.4481],[7.553,12.4404],[7.5472,12.438],[7.5458,12.4323],[7.5431,12.4312],[7.539,12.4257],[7.5405,12.4204],[7.5426,12.4183],[7.5441,12.4138],[7.5472,12.4153],[7.5526,12.4143],[7.5569,12.4118],[7.5601,12.4185],[7.5582,12.4236],[7.56,12.4256],[7.561,12.4323],[7.567,12.4373],[7.5691,12.4423],[7.5673,12.4456],[7.5689,12.451],[7.5759,12.4542],[7.5799,12.4605],[7.5799,12.4633],[7.5777,12.4642],[7.577,12.4694],[7.5792,12.4756],[7.5787,12.4785],[7.5741,12.4792],[7.5698,12.4854],[7.573,12.4862],[7.5797,12.4853],[7.5845,12.4854],[7.5905,12.4882],[7.5972,12.4943],[7.595,12.4981],[7.592,12.5003],[7.5923,12.5049],[7.5942,12.5122],[7.5958,12.5146],[7.5925,12.5218],[7.5952,12.5264],[7.5958,12.5309],[7.5954,12.5404],[7.594,12.5423],[7.596,12.5444],[7.5968,12.5475],[7.5925,12.55],[7.5925,12.5524],[7.5947,12.555],[7.5961,12.5612],[7.5858,12.5637],[7.5812,12.5613],[7.5819,12.5569],[7.5772,12.556],[7.5773,12.5528],[7.5791,12.5503],[7.5792,12.5463],[7.5753,12.5424],[7.5747,12.5338],[7.5726,12.5307],[7.5668,12.5251],[7.5623,12.5229],[7.5612,12.5201],[7.5636,12.5072],[7.5656,12.5024],[7.5596,12.5028],[7.5569,12.498],[7.5501,12.4918],[7.5431,12.4804],[7.5449,12.4773],[7.5489,12.474],[7.5518,12.4752],[7.5516,12.4799],[7.5562,12.4802],[7.5592,12.477],[7.5556,12.4735],[7.5596,12.4695],[7.5597,12.4661],[7.5556,12.4617],[7.5557,12.4581],[7.5574,12.4566],[7.5574,12.4525],[7.5546,12.4499],[7.5496,12.4481]]]},"properties":{"name":"KAROFI A","state":"20","code":"20/12/04"}},{"type":"Feature","geometry":{"type":"Polygon","coordinates":[[[7.6474,12.5243],[7.6484,12.5259],[7.6473,12.5322],[7.6419,12.5344],[7.6415,12.536],[7.6433,12.5411],[7.6409,12.544],[7.6379,12.5447],[7.638,12.5473],[7.6328,12.5492],[7.628,12.5493],[7.6247,12.5519],[7.6223,12.5518],[7.6146,12.5582],[7.6157,12.5598],[7.6148,12.5671],[7.6153,12.5696],[7.6122,12.5696],[7.6074,12.5674],[7.5994,12.5658],[7.5961,12.5612],[7.5947,12.555],[7.5925,12.5524],[7.5925,12.55],[7.5968,12.5475],[7.596,12.5444],[7.594,12.5423],[7.5954,12.5404],[7.5958,12.5309],[7.5952,12.5264],[7.5925,12.5218],[7.5958,12.5146],[7.5942,12.5122],[7.5923,12.5049],[7.592,12.5003],[7.595,12.4981],[7.5972,12.4943],[7.5905,12.4882],[7.5845,12.4854],[7.5797,12.4853],[7.573,12.4862],[7.5698,12.4854],[7.5741,12.4792],[7.5787,12.4785],[7.5792,12.4756],[7.577,12.4694],[7.5777,12.4642],[7.5799,12.4633],[7.5866,12.4688],[7.5945,12.4709],[7.5958,12.4706],[7.6012,12.4735],[7.6091,12.4745],[7.6153,12.4759],[7.6193,12.4746],[7.6195,12.479],[7.6224,12.4832],[7.6274,12.4883],[7.6264,12.4911],[7.6315,12.4966],[7.6343,12.4951],[7.641,12.5013],[7.6381,12.5035],[7.6375,12.5072],[7.6322,12.5129],[7.6362,12.5176],[7.6382,12.518],[7.6428,12.5224],[7.6474,12.5243]]]},"properties":{"name":"KAROFI B","state":"20","code":"20/12/05"}},{"type":"Feature","geometry":{"type":"Polygon","coordinates":[[[7.6347,12.4513],[7.6302,12.4502],[7.6292,12.4478],[7.6263,12.4493],[7.6229,12.4486],[7.6224,12.4457],[7.6154,12.445],[7.6133,12.4483],[7.6069,12.4476],[7.6042,12.4406],[7.6038,12.4333],[7.6004,12.4314],[7.5973,12.4316],[7.5902,12.4297],[7.5866,12.4334],[7.5842,12.4326],[7.582,12.4294],[7.5811,12.422],[7.5823,12.4188],[7.5819,12.4069],[7.5798,12.4056],[7.5819,12.4003],[7.5864,12.3988],[7.5915,12.4023],[7.5989,12.4019],[7.6001,12.3963],[7.6015,12.3945],[7.5995,12.3874],[7.6007,12.3838],[7.5974,12.3775],[7.5984,12.3725],[7.5965,12.3679],[7.5945,12.3657],[7.5927,12.36],[7.5932,12.3572],[7.5915,12.3549],[7.597,12.355],[7.6018,12.353],[7.602,12.3485],[7.6054,12.3479],[7.6095,12.343],[7.6107,12.3429],[7.6169,12.3477],[7.6175,12.3489],[7.6163,12.3502],[7.6166,12.3574],[7.615,12.3613],[7.6165,12.3622],[7.618,12.3664],[7.6218,12.3668],[7.6262,12.3724],[7.6277,12.38],[7.6303,12.3825],[7.63,12.3883],[7.6362,12.3921],[7.6343,12.3981],[7.6343,12.402],[7.6371,12.4059],[7.6328,12.4081],[7.6341,12.4148],[7.6379,12.4199],[7.64,12.4259],[7.637,12.4274],[7.6351,12.4316],[7.6375,12.432],[7.6372,12.4375],[7.6383,12.44],[7.6365,12.4432],[7.634,12.4436],[7.633,12.4478],[7.6347,12.4513]]]},"properties":{"name":"KUKI A","state":"20","code":"20/12/06"}},{"type":"Feature","geometry":{"type":"Polygon","coordinates":[[[7.5798,12.4056],[7.5748,12.4077],[7.5659,12.4077],[7.5635,12.4067],[7.5651,12.4037],[7.565,12.4],[7.5575,12.3943],[7.5567,12.3891],[7.5537,12.3846],[7.5516,12.3864],[7.5441,12.3881],[7.5423,12.3898],[7.5385,12.3904],[7.5366,12.3883],[7.5339,12.3886],[7.5294,12.387],[7.5265,12.3844],[7.5258,12.3801],[7.5221,12.3753],[7.5155,12.3772],[7.515,12.3696],[7.5115,12.3673],[7.5199,12.3641],[7.5241,12.3617],[7.5327,12.3611],[7.5396,12.3595],[7.5464,12.3552],[7.5489,12.3554],[7.5613,12.3489],[7.5652,12.3494],[7.5668,12.3473],[7.5699,12.346],[7.5756,12.3478],[7.5843,12.3487],[7.5915,12.3549],[7.5932,12.3572],[7.5927,12.36],[7.5945,12.3657],[7.5965,12.3679],[7.5984,12.3725],[7.5974,12.3775],[7.6007,12.3838],[7.5995,12.3874],[7.6015,12.3945],[7.6001,12.3963],[7.5989,12.4019],[7.5915,12.4023],[7.5864,12.3988],[7.5819,12.4003],[7.5798,12.4056]]]},"properties":{"name":"KUKI B","state":"20","code":"20/12/07"}},{"type":"Feature","geometry":{"type":"Polygon","coordinates":[[[7.481,12.4125],[7.4763,12.4118],[7.468,12.4126],[7.4662,12.4104],[7.4672,12.4081],[7.4672,12.4024],[7.4639,12.3991],[7.4631,12.3943],[7.4585,12.3983],[7.4547,12.3987],[7.4472,12.4029],[7.444,12.4036],[7.4429,12.4012],[7.4392,12.3979],[7.4383,12.3958],[7.4331,12.3957],[7.4279,12.3969],[7.426,12.3931],[7.4217,12.3944],[7.4183,12.3937],[7.4166,12.3891],[7.4149,12.3873],[7.4135,12.3829],[7.4138,12.3794],[7.4117,12.3787],[7.4127,12.3753],[7.4088,12.3705],[7.4086,12.3624],[7.4101,12.3575],[7.4173,12.3543],[7.4215,12.3538],[7.4268,12.3561],[7.4351,12.3551],[7.4405,12.3575],[7.4478,12.3576],[7.4515,12.3604],[7.4565,12.3605],[7.459,12.3624],[7.465,12.3599],[7.4667,12.3619],[7.4705,12.3631],[7.4707,12.3662],[7.477,12.3724],[7.4835,12.3703],[7.4875,12.3703],[7.4998,12.3681],[7.5095,12.3694],[7.5115,12.3673],[7.515,12.3696],[7.5155,12.3772],[7.5159,12.3834],[7.5147,12.3845],[7.5155,12.3894],[7.5131,12.3933],[7.5133,12.3994],[7.5102,12.4003],[7.5085,12.4025],[7.5076,12.4083],[7.5105,12.4094],[7.5145,12.4135],[7.5176,12.414],[7.5205,12.4188],[7.5235,12.42],[7.5223,12.4251],[7.5251,12.4259],[7.5311,12.4224],[7.5349,12.4246],[7.539,12.4257],[7.5431,12.4312],[7.5458,12.4323],[7.5472,12.438],[7.553,12.4404],[7.5496,12.4481],[7.5453,12.4492],[7.545,12.451],[7.5409,12.4558],[7.5373,12.4575],[7.5334,12.456],[7.5293,12.4614],[7.5252,12.4602],[7.5206,12.4625],[7.518,12.4616],[7.5162,12.4549],[7.5167,12.4506],[7.5179,12.4477],[7.5158,12.4456],[7.5153,12.4425],[7.5172,12.4382],[7.5194,12.4356],[7.5184,12.428],[7.5073,12.4253],[7.5046,12.4268],[7.5011,12.424],[7.4985,12.42],[7.4983,12.4123],[7.4987,12.4086],[7.4963,12.4073],[7.4946,12.4096],[7.4885,12.4089],[7.4822,12.4107],[7.481,12.4125]]]},"properties":{"name":"KUTAWA","state":"20","code":"20/12/08"}},{"type":"Feature","geometry":{"type":"Polygon","coordinates":[[[7.6343,12.4951],[7.6315,12.4966],[7.6264,12.4911],[7.6274,12.4883],[7.6224,12.4832],[7.6195,12.479],[7.6193,12.4746],[7.6153,12.4759],[7.6091,12.4745],[7.6012,12.4735],[7.5958,12.4706],[7.5945,12.4709],[7.5866,12.4688],[7.5799,12.4633],[7.5799,12.4605],[7.5759,12.4542],[7.5689,12.451],[7.5673,12.4456],[7.5691,12.4423],[7.567,12.4373],[7.561,12.4323],[7.56,12.4256],[7.5582,12.4236],[7.5601,12.4185],[7.5569,12.4118],[7.5526,12.4143],[7.5472,12.4153],[7.5441,12.4138],[7.5426,12.4183],[7.5405,12.4204],[7.539,12.4257],[7.5349,12.4246],[7.5311,12.4224],[7.5251,12.4259],[7.5223,12.4251],[7.5235,12.42],[7.5205,12.4188],[7.5176,12.414],[7.5145,12.4135],[7.5105,12.4094],[7.5076,12.4083],[7.5085,12.4025],[7.5102,12.4003],[7.5133,12.3994],[7.5131,12.3933],[7.5155,12.3894],[7.5147,12.3845],[7.5159,12.3834],[7.5155,12.3772],[7.5221,12.3753],[7.5258,12.3801],[7.5265,12.3844],[7.5294,12.387],[7.5339,12.3886],[7.5366,12.3883],[7.5385,12.3904],[7.5423,12.3898],[7.5441,12.3881],[7.5516,12.3864],[7.5537,12.3846],[7.5567,12.3891],[7.5575,12.3943],[7.565,12.4],[7.5651,12.4037],[7.5635,12.4067],[7.5659,12.4077],[7.5748,12.4077],[7.5798,12.4056],[7.5819,12.4069],[7.5823,12.4188],[7.5811,12.422],[7.582,12.4294],[7.5842,12.4326],[7.5866,12.4334],[7.5902,12.4297],[7.5973,12.4316],[7.6004,12.4314],[7.6038,12.4333],[7.6042,12.4406],[7.6069,12.4476],[7.6133,12.4483],[7.6154,12.445],[7.6224,12.4457],[7.6229,12.4486],[7.6263,12.4493],[7.6292,12.4478],[7.6302,12.4502],[7.6347,12.4513],[7.636,12.4553],[7.6314,12.4623],[7.6307,12.4705],[7.632,12.4744],[7.6378,12.4761],[7.6399,12.4822],[7.6331,12.4843],[7.6318,12.4876],[7.6343,12.4921],[7.6343,12.4951]]]},"properties":{"name":"BAGAGADI","state":"20","code":"20/12/09"}},{"type":"Feature","geometry":{"type":"Polygon","coordinates":[[[7.4211,12.2558],[7.4228,12.2563],[7.4279,12.2622],[7.4343,12.2653],[7.439,12.2664],[7.4462,12.2648],[7.4493,12.2598],[7.451,12.2613],[7.4565,12.2622],[7.46,12.2591],[7.4639,12.2589],[7.4684,12.2567],[7.4772,12.257],[7.4822,12.2577],[7.4854,12.2558],[7.4908,12.2562],[7.4947,12.2552],[7.4973,12.258],[7.502,12.2593],[7.5064,12.2624],[7.51,12.2591],[7.518,12.2595],[7.5195,12.2625],[7.5268,12.2637],[7.5289,12.2683],[7.5383,12.2677],[7.5417,12.2755],[7.5411,12.2831],[7.5346,12.2874],[7.5332,12.2941],[7.5306,12.3001],[7.526,12.3044],[7.5252,12.3095],[7.5244,12.3103],[7.5257,12.3179],[7.5178,12.3221],[7.5177,12.3294],[7.5165,12.3313],[7.5199,12.3367],[7.5205,12.3393],[7.5188,12.3429],[7.5163,12.3456],[7.5107,12.365],[7.5115,12.3673],[7.5095,12.3694],[7.4998,12.3681],[7.4875,12.3703],[7.4835,12.3703],[7.477,12.3724],[7.4707,12.3662],[7.4705,12.3631],[7.4667,12.3619],[7.465,12.3599],[7.459,12.3624],[7.4565,12.3605],[7.4515,12.3604],[7.4478,12.3576],[7.4405,12.3575],[7.4351,12.3551],[7.4268,12.3561],[7.4215,12.3538],[7.4173,12.3543],[7.4129,12.348],[7.408,12.3469],[7.4051,12.3395],[7.4014,12.336],[7.3954,12.335],[7.3929,12.336],[7.3921,12.3411],[7.3863,12.3436],[7.3845,12.3415],[7.3814,12.341],[7.3744,12.3415],[7.3711,12.3403],[7.3703,12.3359],[7.3682,12.3334],[7.361,12.3346],[7.3583,12.3303],[7.3524,12.3272],[7.3441,12.3257],[7.3412,12.3254],[7.3425,12.3217],[7.3454,12.3209],[7.3465,12.3182],[7.3514,12.3146],[7.3562,12.3061],[7.3578,12.2982],[7.3628,12.3023],[7.3642,12.3024],[7.3673,12.3074],[7.3697,12.3082],[7.3742,12.3056],[7.3797,12.3004],[7.383,12.2999],[7.3856,12.3019],[7.3941,12.2985],[7.4004,12.291],[7.3986,12.2854],[7.3948,12.2784],[7.3948,12.2761],[7.3914,12.2727],[7.3942,12.268],[7.4048,12.2633],[7.4076,12.2632],[7.4152,12.2573],[7.4211,12.2558]]]},"properties":{"name":"MAKERA","state":"20","code":"20/12/10"}},{"type":"Feature","geometry":{"type":"Polygon","coordinates":[[[7.4911,12.4698],[7.4974,12.4718],[7.4961,12.4757],[7.4929,12.4792],[7.4926,12.4856],[7.4901,12.4871],[7.4939,12.4944],[7.4983,12.4954],[7.5024,12.5002],[7.5012,12.5051],[7.4967,12.5054],[7.4894,12.5072],[7.4847,12.5129],[7.4943,12.5164],[7.4972,12.52],[7.502,12.5191],[7.5063,12.5252],[7.5053,12.5264],[7.5063,12.5328],[7.5108,12.5341],[7.5114,12.5372],[7.5058,12.5415],[7.5086,12.5463],[7.5076,12.5498],[7.5072,12.5522],[7.4991,12.5511],[7.4953,12.5528],[7.4924,12.5561],[7.4873,12.5556],[7.4832,12.5592],[7.484,12.5634],[7.4789,12.5628],[7.4763,12.5603],[7.473,12.5599],[7.4681,12.5612],[7.4652,12.5597],[7.4643,12.5524],[7.4612,12.5469],[7.4636,12.5427],[7.4626,12.5407],[7.4576,12.5359],[7.4573,12.5309],[7.4547,12.528],[7.4542,12.5224],[7.4513,12.5218],[7.4504,12.5174],[7.4449,12.5159],[7.4428,12.513],[7.4416,12.509],[7.4377,12.5095],[7.4347,12.5202],[7.4303,12.5207],[7.4241,12.53],[7.4206,12.5295],[7.4211,12.525],[7.4136,12.5209],[7.4068,12.5206],[7.4041,12.5186],[7.4063,12.516],[7.4094,12.5097],[7.4132,12.51],[7.4168,12.5087],[7.4182,12.5059],[7.421,12.5036],[7.4144,12.4951],[7.4109,12.4953],[7.4085,12.4981],[7.4035,12.5009],[7.4001,12.4995],[7.4008,12.4972],[7.4002,12.4881],[7.3978,12.4828],[7.3959,12.4824],[7.3974,12.476],[7.3996,12.4748],[7.4002,12.4711],[7.4021,12.4702],[7.4041,12.4667],[7.4087,12.4639],[7.4123,12.4571],[7.4175,12.4541],[7.4167,12.451],[7.4182,12.4489],[7.4229,12.4505],[7.426,12.4494],[7.4288,12.4509],[7.4357,12.4525],[7.4379,12.4541],[7.447,12.4565],[7.4507,12.4592],[7.4558,12.4604],[7.46,12.4589],[7.4665,12.4587],[7.4767,12.4616],[7.4781,12.4607],[7.4833,12.4619],[7.4762,12.4662],[7.4778,12.4704],[7.4783,12.4751],[7.4839,12.4721],[7.4868,12.4723],[7.4911,12.4698]]]},"properties":{"name":"DABAWA","state":"20","code":"20/12/11"}},{"type":"Feature","geometry":{"type":"Polygon","coordinates":[[[7.1322,11.8069],[7.1329,11.811],[7.132,11.8205],[7.1329,11.8248],[7.1359,11.8293],[7.1393,11.8297],[7.1455,11.8321],[7.1448,11.8386],[7.1465,11.8437],[7.1407,11.8485],[7.1008,11.8205],[7.0794,11.818],[7.0748,11.8175],[7.0724,11.8086],[7.0626,11.8045],[7.06,11.7899],[7.0551,11.7888],[7.0497,11.7885],[7.0426,11.7904],[7.0373,11.8009],[7.0319,11.805],[7.0214,11.8111],[7.0173,11.8156],[7.0012,11.8113],[7.0006,11.8057],[7.0021,11.8006],[7.0017,11.7988],[7.0039,11.7924],[7.0033,11.7893],[7.0087,11.782],[7.0145,11.7765],[7.019,11.7757],[7.0256,11.7789],[7.0299,11.7791],[7.0325,11.7767],[7.0335,11.7734],[7.0377,11.7705],[7.0451,11.7633],[7.0474,11.7584],[7.0502,11.7544],[7.0504,11.749],[7.0523,11.7463],[7.0613,11.7463],[7.0636,11.7434],[7.0647,11.7378],[7.0676,11.7366],[7.0692,11.7306],[7.0714,11.7272],[7.0737,11.7265],[7.0739,11.7207],[7.0779,11.7205],[7.0829,11.7208],[7.0898,11.7245],[7.0906,11.7276],[7.0932,11.7314],[7.0929,11.7335],[7.0955,11.742],[7.0959,11.7449],[7.0922,11.7519],[7.0844,11.7613],[7.0836,11.7642],[7.0863,11.7659],[7.0897,11.7708],[7.0944,11.7722],[7.098,11.7789],[7.1023,11.7787],[7.1057,11.7768],[7.1121,11.7786],[7.1164,11.7784],[7.1293,11.7879],[7.1335,11.7891],[7.1339,11.792],[7.1313,11.8001],[7.131,11.8047],[7.1322,11.8069]]]},"properties":{"name":"YANKARA","state":"20","code":"20/13/01"}},{"type":"Feature","geometry":{"type":"Polygon","coordinates":[[[7.0779,11.7205],[7.0818,11.7111],[7.0836,11.7055],[7.0801,11.7009],[7.0789,11.6972],[7.0767,11.6941],[7.0802,11.6911],[7.0818,11.6875],[7.0816,11.6838],[7.077,11.6772],[7.0738,11.6767],[7.0689,11.6791],[7.0667,11.6772],[7.0568,11.672],[7.0592,11.6695],[7.0609,11.6655],[7.0629,11.6638],[7.0678,11.6623],[7.068,11.6568],[7.0726,11.651],[7.0744,11.6437],[7.0796,11.6442],[7.0869,11.6366],[7.0908,11.6368],[7.1002,11.631],[7.1034,11.6282],[7.1045,11.6306],[7.1061,11.6378],[7.1097,11.6413],[7.1166,11.6402],[7.1177,11.6448],[7.1196,11.6473],[7.1209,11.6517],[7.1238,11.6552],[7.1234,11.6597],[7.1251,11.6635],[7.1319,11.664],[7.1354,11.6667],[7.1388,11.6715],[7.1419,11.6741],[7.1395,11.6831],[7.1449,11.6833],[7.1571,11.6872],[7.1607,11.703],[7.1724,11.6925],[7.1756,11.689],[7.1753,11.6924],[7.1779,11.7],[7.1729,11.7032],[7.1694,11.7091],[7.1666,11.7116],[7.1644,11.7177],[7.162,11.7168],[7.1568,11.7188],[7.1545,11.7182],[7.1489,11.7219],[7.148,11.7265],[7.1454,11.728],[7.1433,11.7315],[7.1407,11.7393],[7.1348,11.7442],[7.1338,11.7461],[7.1352,11.7522],[7.1338,11.7542],[7.1358,11.7591],[7.1349,11.7611],[7.1357,11.7656],[7.1387,11.7699],[7.1378,11.7732],[7.1397,11.7782],[7.1399,11.7809],[7.1378,11.7846],[7.1335,11.7891],[7.1293,11.7879],[7.1164,11.7784],[7.1121,11.7786],[7.1057,11.7768],[7.1023,11.7787],[7.098,11.7789],[7.0944,11.7722],[7.0897,11.7708],[7.0863,11.7659],[7.0836,11.7642],[7.0844,11.7613],[7.0922,11.7519],[7.0959,11.7449],[7.0955,11.742],[7.0929,11.7335],[7.0932,11.7314],[7.0906,11.7276],[7.0898,11.7245],[7.0829,11.7208],[7.0779,11.7205]]]},"properties":{"name":"SHEME","state":"20","code":"20/13/02"}},{"type":"Feature","geometry":{"type":"Polygon","coordinates":[[[7.3172,11.586],[7.314,11.5909],[7.3135,11.5963],[7.306,11.5963],[7.3043,11.6002],[7.3019,11.602],[7.291,11.5986],[7.2851,11.5992],[7.285,11.6005],[7.2682,11.6064],[7.2666,11.6108],[7.2606,11.6138],[7.2611,11.62],[7.259,11.623],[7.253,11.6278],[7.2411,11.6294],[7.2388,11.6338],[7.2386,11.6388],[7.2375,11.6417],[7.2409,11.6459],[7.2422,11.6502],[7.2446,11.654],[7.2451,11.6582],[7.2487,11.6616],[7.2526,11.6617],[7.2521,11.6653],[7.2501,11.6671],[7.2427,11.6692],[7.2396,11.6688],[7.2374,11.6668],[7.2333,11.6672],[7.2266,11.6603],[7.2192,11.6587],[7.2155,11.659],[7.2125,11.6578],[7.211,11.6531],[7.2129,11.6504],[7.2132,11.6411],[7.2117,11.6356],[7.2165,11.6313],[7.2149,11.6234],[7.2177,11.6177],[7.2151,11.6149],[7.2103,11.6122],[7.2028,11.6159],[7.198,11.6198],[7.198,11.6222],[7.1941,11.6265],[7.1892,11.6282],[7.1841,11.6188],[7.1816,11.6169],[7.1777,11.6108],[7.1775,11.6067],[7.1746,11.6019],[7.1747,11.5969],[7.1755,11.5953],[7.1804,11.5941],[7.1827,11.5958],[7.1891,11.5946],[7.1916,11.5899],[7.1961,11.586],[7.1989,11.5848],[7.2051,11.5885],[7.2155,11.5887],[7.2237,11.5835],[7.2278,11.5852],[7.2325,11.5891],[7.2356,11.589],[7.2435,11.5856],[7.2469,11.5861],[7.2499,11.5832],[7.2552,11.582],[7.2587,11.5795],[7.2604,11.5778],[7.2633,11.5779],[7.2668,11.5754],[7.2728,11.5769],[7.275,11.5758],[7.2801,11.5754],[7.284,11.5723],[7.2922,11.5732],[7.3002,11.5693],[7.3047,11.5656],[7.3099,11.5598],[7.3117,11.5652],[7.3096,11.568],[7.3174,11.5761],[7.3171,11.578],[7.3124,11.582],[7.3137,11.5851],[7.3172,11.586]]]},"properties":{"name":"MAIRUWA","state":"20","code":"20/13/03"}},{"type":"Feature","geometry":{"type":"Polygon","coordinates":[[[7.1034,11.6282],[7.1067,11.6248],[7.1099,11.6233],[7.1155,11.612],[7.1182,11.6094],[7.1222,11.6092],[7.1318,11.6029],[7.135,11.6041],[7.1347,11.5969],[7.1392,11.5932],[7.1451,11.595],[7.1469,11.5945],[7.1509,11.5964],[7.153,11.5961],[7.1554,11.5998],[7.1619,11.6012],[7.1684,11.5991],[7.1731,11.5987],[7.1747,11.5969],[7.1746,11.6019],[7.1775,11.6067],[7.1777,11.6108],[7.1816,11.6169],[7.1841,11.6188],[7.1892,11.6282],[7.1941,11.6265],[7.198,11.6222],[7.198,11.6198],[7.2028,11.6159],[7.2103,11.6122],[7.2151,11.6149],[7.2177,11.6177],[7.2149,11.6234],[7.2165,11.6313],[7.2117,11.6356],[7.2132,11.6411],[7.2129,11.6504],[7.211,11.6531],[7.2125,11.6578],[7.2155,11.659],[7.2192,11.6587],[7.2266,11.6603],[7.2333,11.6672],[7.2374,11.6668],[7.2396,11.6688],[7.2427,11.6692],[7.2501,11.6671],[7.2521,11.6653],[7.2526,11.6617],[7.2558,11.6623],[7.2591,11.6679],[7.2601,11.6721],[7.2587,11.6745],[7.2511,11.675],[7.2451,11.6734],[7.2412,11.675],[7.241,11.6813],[7.243,11.687],[7.2346,11.6906],[7.2281,11.6949],[7.223,11.6926],[7.2169,11.6919],[7.212,11.6924],[7.2104,11.6895],[7.2066,11.6931],[7.21,11.6981],[7.2147,11.7006],[7.2083,11.7029],[7.206,11.7062],[7.2009,11.7037],[7.1986,11.7015],[7.1972,11.698],[7.1975,11.6906],[7.196,11.6875],[7.1932,11.6851],[7.1856,11.6841],[7.1767,11.6872],[7.1756,11.689],[7.1724,11.6925],[7.1607,11.703],[7.1571,11.6872],[7.1449,11.6833],[7.1395,11.6831],[7.1419,11.6741],[7.1388,11.6715],[7.1354,11.6667],[7.1319,11.664],[7.1251,11.6635],[7.1234,11.6597],[7.1238,11.6552],[7.1209,11.6517],[7.1196,11.6473],[7.1177,11.6448],[7.1166,11.6402],[7.1097,11.6413],[7.1061,11.6378],[7.1045,11.6306],[7.1034,11.6282]]]},"properties":{"name":"DAUDAWA","state":"20","code":"20/13/04"}},{"type":"Feature","geometry":{"type":"Polygon","coordinates":[[[7.3283,11.6442],[7.3301,11.6507],[7.3357,11.6617],[7.3353,11.6658],[7.3368,11.6724],[7.3317,11.6769],[7.3281,11.6781],[7.328,11.6799],[7.3229,11.6861],[7.3155,11.6872],[7.3122,11.6892],[7.3178,11.6958],[7.3208,11.6973],[7.3253,11.7029],[7.3258,11.7054],[7.3223,11.7117],[7.3155,11.7135],[7.3116,11.7167],[7.3083,11.7214],[7.3015,11.7213],[7.2954,11.7306],[7.2922,11.734],[7.2878,11.7348],[7.2845,11.7401],[7.2833,11.7438],[7.2791,11.7413],[7.2716,11.7347],[7.2685,11.7342],[7.267,11.7308],[7.2604,11.7273],[7.2561,11.7238],[7.2539,11.7166],[7.2489,11.7118],[7.248,11.7072],[7.2483,11.7013],[7.2458,11.6999],[7.244,11.7034],[7.2363,11.7055],[7.2342,11.7024],[7.228,11.703],[7.2255,11.702],[7.2183,11.7036],[7.2147,11.7006],[7.21,11.6981],[7.2066,11.6931],[7.2104,11.6895],[7.212,11.6924],[7.2169,11.6919],[7.223,11.6926],[7.2281,11.6949],[7.2346,11.6906],[7.243,11.687],[7.241,11.6813],[7.2412,11.675],[7.2451,11.6734],[7.2511,11.675],[7.2587,11.6745],[7.2601,11.6721],[7.2591,11.6679],[7.2558,11.6623],[7.2526,11.6617],[7.2487,11.6616],[7.2451,11.6582],[7.2446,11.654],[7.2422,11.6502],[7.2409,11.6459],[7.2375,11.6417],[7.2386,11.6388],[7.2388,11.6338],[7.2411,11.6294],[7.253,11.6278],[7.259,11.623],[7.2611,11.62],[7.2606,11.6138],[7.2666,11.6108],[7.2682,11.6064],[7.285,11.6005],[7.2851,11.5992],[7.291,11.5986],[7.3019,11.602],[7.3043,11.6002],[7.306,11.5963],[7.3135,11.5963],[7.314,11.5909],[7.3172,11.586],[7.3223,11.5842],[7.3256,11.5853],[7.3302,11.5934],[7.3387,11.5936],[7.3414,11.5958],[7.34,11.5984],[7.3397,11.6034],[7.3334,11.6075],[7.3273,11.6085],[7.3252,11.6067],[7.3198,11.6084],[7.3175,11.6152],[7.3193,11.621],[7.3253,11.6244],[7.3247,11.6289],[7.325,11.6348],[7.3233,11.6406],[7.3236,11.6424],[7.3283,11.6442]]]},"properties":{"name":"TAFOKI","state":"20","code":"20/13/05"}},{"type":"Feature","geometry":{"type":"Polygon","coordinates":[[[7.2826,11.8232],[7.2777,11.8213],[7.2739,11.8219],[7.2723,11.8206],[7.2675,11.8228],[7.2654,11.8283],[7.2633,11.8272],[7.2568,11.819],[7.2508,11.8154],[7.248,11.817],[7.2472,11.8137],[7.2479,11.8072],[7.2437,11.8016],[7.2356,11.7985],[7.2377,11.7922],[7.236,11.7899],[7.2325,11.7891],[7.23,11.7903],[7.2278,11.7891],[7.2232,11.7898],[7.2211,11.7915],[7.2145,11.7899],[7.2093,11.7934],[7.2033,11.7935],[7.1972,11.7945],[7.1962,11.7978],[7.1916,11.7984],[7.1884,11.8031],[7.1854,11.8052],[7.1816,11.8101],[7.181,11.8131],[7.1755,11.8142],[7.1707,11.8083],[7.1669,11.8066],[7.1646,11.8069],[7.1522,11.8113],[7.1473,11.811],[7.1416,11.8068],[7.1322,11.8069],[7.131,11.8047],[7.1313,11.8001],[7.1339,11.792],[7.1335,11.7891],[7.1378,11.7846],[7.1399,11.7809],[7.1397,11.7782],[7.1378,11.7732],[7.1387,11.7699],[7.1357,11.7656],[7.1349,11.7611],[7.1358,11.7591],[7.1338,11.7542],[7.1352,11.7522],[7.1338,11.7461],[7.1348,11.7442],[7.1407,11.7393],[7.1433,11.7315],[7.1454,11.728],[7.148,11.7265],[7.1489,11.7219],[7.1545,11.7182],[7.1568,11.7188],[7.162,11.7168],[7.1644,11.7177],[7.1666,11.7116],[7.1694,11.7091],[7.1729,11.7032],[7.1779,11.7],[7.1753,11.6924],[7.1756,11.689],[7.1767,11.6872],[7.1856,11.6841],[7.1932,11.6851],[7.196,11.6875],[7.1975,11.6906],[7.1972,11.698],[7.1986,11.7015],[7.2009,11.7037],[7.206,11.7062],[7.2083,11.7029],[7.2147,11.7006],[7.2183,11.7036],[7.2255,11.702],[7.228,11.703],[7.2342,11.7024],[7.2363,11.7055],[7.244,11.7034],[7.2458,11.6999],[7.2483,11.7013],[7.248,11.7072],[7.2489,11.7118],[7.2539,11.7166],[7.2561,11.7238],[7.2604,11.7273],[7.267,11.7308],[7.2685,11.7342],[7.2716,11.7347],[7.2791,11.7413],[7.2833,11.7438],[7.2845,11.7531],[7.2896,11.7585],[7.2882,11.762],[7.2888,11.7664],[7.2943,11.7684],[7.2962,11.7712],[7.3004,11.7739],[7.3025,11.777],[7.3011,11.7809],[7.3017,11.7842],[7.3005,11.7906],[7.2987,11.7924],[7.2995,11.7951],[7.2987,11.7987],[7.2985,11.8048],[7.3003,11.8062],[7.299,11.8105],[7.2949,11.8133],[7.2889,11.82],[7.2826,11.8232]]]},"properties":{"name":"RUWAN GODIYA","state":"20","code":"20/13/06"}},{"type":"Feature","geometry":{"type":"Polygon","coordinates":[[[7.3015,11.8608],[7.3036,11.8635],[7.3031,11.8694],[7.2978,11.873],[7.2859,11.8821],[7.2855,11.8848],[7.2784,11.8917],[7.2785,11.8969],[7.2749,11.9023],[7.2704,11.9048],[7.2671,11.911],[7.2621,11.9155],[7.2562,11.9225],[7.2568,11.9278],[7.2533,11.9289],[7.2464,11.9324],[7.236,11.9215],[7.2264,11.9135],[7.2171,11.9129],[7.2053,11.9085],[7.206,11.9069],[7.1998,11.9005],[7.1931,11.9007],[7.191,11.9037],[7.1916,11.9068],[7.1825,11.9095],[7.1714,11.9106],[7.165,11.909],[7.1458,11.9124],[7.1408,11.9113],[7.1447,11.8873],[7.1465,11.8825],[7.1462,11.8659],[7.145,11.859],[7.1407,11.8485],[7.1465,11.8437],[7.1448,11.8386],[7.1455,11.8321],[7.1393,11.8297],[7.1359,11.8293],[7.1329,11.8248],[7.132,11.8205],[7.1329,11.811],[7.1322,11.8069],[7.1416,11.8068],[7.1473,11.811],[7.1522,11.8113],[7.1646,11.8069],[7.1669,11.8066],[7.1707,11.8083],[7.1755,11.8142],[7.181,11.8131],[7.1816,11.8101],[7.1854,11.8052],[7.1884,11.8031],[7.1916,11.7984],[7.1962,11.7978],[7.1972,11.7945],[7.2033,11.7935],[7.2093,11.7934],[7.2145,11.7899],[7.2211,11.7915],[7.2232,11.7898],[7.2278,11.7891],[7.23,11.7903],[7.2325,11.7891],[7.236,11.7899],[7.2377,11.7922],[7.2356,11.7985],[7.2437,11.8016],[7.2479,11.8072],[7.2472,11.8137],[7.248,11.817],[7.2508,11.8154],[7.2568,11.819],[7.2633,11.8272],[7.2654,11.8283],[7.2675,11.8228],[7.2723,11.8206],[7.2739,11.8219],[7.2777,11.8213],[7.2826,11.8232],[7.2845,11.8261],[7.2883,11.8265],[7.2921,11.8291],[7.296,11.8305],[7.2923,11.8371],[7.2926,11.84],[7.2952,11.8475],[7.2944,11.8554],[7.2996,11.8559],[7.2994,11.8581],[7.3015,11.8608]]]},"properties":{"name":"YARMALAMAI","state":"20","code":"20/13/07"}},{"type":"Feature","geometry":{"type":"Polygon","coordinates":[[[7.0012,11.8113],[6.9937,11.811],[6.9878,11.8102],[6.9857,11.8124],[6.9838,11.8102],[6.9777,11.8081],[6.9734,11.8032],[6.9636,11.8044],[6.9565,11.8026],[6.9527,11.8003],[6.9507,11.8024],[6.9457,11.8013],[6.9453,11.7994],[6.9405,11.796],[6.9344,11.7949],[6.9333,11.7934],[6.9286,11.7929],[6.9253,11.791],[6.9225,11.7874],[6.9174,11.7859],[6.9124,11.7853],[6.9187,11.7795],[6.9197,11.7778],[6.9195,11.7733],[6.9238,11.7729],[6.9261,11.768],[6.929,11.7662],[6.9295,11.7617],[6.9331,11.7569],[6.9345,11.7525],[6.9381,11.7507],[6.9423,11.7512],[6.948,11.7464],[6.9537,11.7386],[6.9569,11.7312],[6.9633,11.7283],[6.9669,11.7256],[6.9705,11.7191],[6.9706,11.7168],[6.9786,11.7118],[6.9833,11.7109],[6.9876,11.7081],[6.9949,11.7058],[7.0012,11.7017],[7.0025,11.6971],[7.0064,11.6978],[7.0118,11.6951],[7.0177,11.6943],[7.0183,11.6919],[7.0218,11.6897],[7.0248,11.6896],[7.0284,11.6878],[7.0346,11.6785],[7.0367,11.6768],[7.0437,11.6759],[7.0491,11.6733],[7.0568,11.672],[7.0667,11.6772],[7.0689,11.6791],[7.0738,11.6767],[7.077,11.6772],[7.0816,11.6838],[7.0818,11.6875],[7.0802,11.6911],[7.0767,11.6941],[7.0789,11.6972],[7.0801,11.7009],[7.0836,11.7055],[7.0818,11.7111],[7.0779,11.7205],[7.0739,11.7207],[7.0737,11.7265],[7.0714,11.7272],[7.0692,11.7306],[7.0676,11.7366],[7.0647,11.7378],[7.0636,11.7434],[7.0613,11.7463],[7.0523,11.7463],[7.0504,11.749],[7.0502,11.7544],[7.0474,11.7584],[7.0451,11.7633],[7.0377,11.7705],[7.0335,11.7734],[7.0325,11.7767],[7.0299,11.7791],[7.0256,11.7789],[7.019,11.7757],[7.0145,11.7765],[7.0087,11.782],[7.0033,11.7893],[7.0039,11.7924],[7.0017,11.7988],[7.0021,11.8006],[7.0006,11.8057],[7.0012,11.8113]]]},"properties":{"name":"FASKARI","state":"20","code":"20/13/08"}},{"type":"Feature","geometry":{"type":"Polygon","coordinates":[[[6.9124,11.7853],[6.9099,11.7858],[6.9022,11.7989],[6.9004,11.7939],[6.9022,11.789],[6.8961,11.7875],[6.8954,11.7834],[6.8926,11.7797],[6.892,11.7762],[6.8897,11.7716],[6.8862,11.7613],[6.8825,11.7584],[6.8831,11.7554],[6.8858,11.7523],[6.8856,11.7482],[6.884,11.7447],[6.8855,11.7354],[6.8844,11.7256],[6.884,11.7168],[6.8808,11.7109],[6.8812,11.7056],[6.8744,11.6907],[6.8743,11.6868],[6.8691,11.6817],[6.869,11.6785],[6.8658,11.663],[6.8552,11.6419],[6.852,11.6207],[6.8544,11.5952],[6.8568,11.589],[6.8674,11.5776],[6.8761,11.5744],[6.8861,11.567],[6.904,11.5532],[6.9073,11.5296],[6.9032,11.5198],[6.8959,11.5052],[6.9037,11.4851],[6.9086,11.4912],[6.9123,11.4908],[6.9178,11.4966],[6.9244,11.4979],[6.9257,11.4975],[6.9344,11.501],[6.9413,11.5023],[6.944,11.5046],[6.9496,11.5062],[6.9559,11.5043],[6.9598,11.5051],[6.9645,11.5086],[6.9681,11.5147],[6.9726,11.5167],[6.9779,11.5203],[6.9798,11.5237],[6.9832,11.525],[6.989,11.5297],[7.0045,11.5347],[7.0073,11.536],[7.0095,11.5459],[7.0141,11.5549],[7.0163,11.5559],[7.0201,11.5643],[7.0218,11.5651],[7.0237,11.5618],[7.0269,11.5647],[7.0296,11.5698],[7.0363,11.5715],[7.0385,11.5755],[7.0379,11.578],[7.0404,11.5802],[7.0433,11.5869],[7.0448,11.5874],[7.0479,11.5957],[7.0507,11.5985],[7.0479,11.6008],[7.0452,11.5998],[7.0423,11.6013],[7.0398,11.6058],[7.0328,11.604],[7.0285,11.6056],[7.0277,11.6118],[7.0283,11.6211],[7.0271,11.6237],[7.0321,11.6268],[7.0391,11.6331],[7.0381,11.6364],[7.0322,11.6383],[7.0288,11.6436],[7.0266,11.6455],[7.0323,11.6509],[7.0356,11.6578],[7.0386,11.6589],[7.0412,11.6582],[7.0429,11.6618],[7.0463,11.6662],[7.0491,11.6733],[7.0437,11.6759],[7.0367,11.6768],[7.0346,11.6785],[7.0284,11.6878],[7.0248,11.6896],[7.0218,11.6897],[7.0183,11.6919],[7.0177,11.6943],[7.0118,11.6951],[7.0064,11.6978],[7.0025,11.6971],[7.0012,11.7017],[6.9949,11.7058],[6.9876,11.7081],[6.9833,11.7109],[6.9786,11.7118],[6.9706,11.7168],[6.9705,11.7191],[6.9669,11.7256],[6.9633,11.7283],[6.9569,11.7312],[6.9537,11.7386],[6.948,11.7464],[6.9423,11.7512],[6.9381,11.7507],[6.9345,11.7525],[6.9331,11.7569],[6.9295,11.7617],[6.929,11.7662],[6.9261,11.768],[6.9238,11.7729],[6.9195,11.7733],[6.9197,11.7778],[6.9187,11.7795],[6.9124,11.7853]]]},"properties":{"name":"SABONLAYI/GALADIMA","state":"20","code":"20/13/09"}},{"type":"Feature","geometry":{"type":"Polygon","coordinates":[[[7.1756,11.5742],[7.1781,11.5793],[7.1765,11.5829],[7.1754,11.5879],[7.1755,11.5953],[7.1747,11.5969],[7.1731,11.5987],[7.1684,11.5991],[7.1619,11.6012],[7.1554,11.5998],[7.153,11.5961],[7.1509,11.5964],[7.1469,11.5945],[7.1451,11.595],[7.1392,11.5932],[7.1347,11.5969],[7.135,11.6041],[7.1318,11.6029],[7.1222,11.6092],[7.1182,11.6094],[7.1155,11.612],[7.1099,11.6233],[7.1067,11.6248],[7.1034,11.6282],[7.1002,11.631],[7.0908,11.6368],[7.0869,11.6366],[7.0796,11.6442],[7.0744,11.6437],[7.0726,11.651],[7.068,11.6568],[7.0678,11.6623],[7.0629,11.6638],[7.0609,11.6655],[7.0592,11.6695],[7.0568,11.672],[7.0491,11.6733],[7.0463,11.6662],[7.0429,11.6618],[7.0412,11.6582],[7.0386,11.6589],[7.0356,11.6578],[7.0323,11.6509],[7.0266,11.6455],[7.0288,11.6436],[7.0322,11.6383],[7.0381,11.6364],[7.0391,11.6331],[7.0321,11.6268],[7.0271,11.6237],[7.0283,11.6211],[7.0277,11.6118],[7.0285,11.6056],[7.0328,11.604],[7.0398,11.6058],[7.0423,11.6013],[7.0452,11.5998],[7.0479,11.6008],[7.0507,11.5985],[7.0479,11.5957],[7.0448,11.5874],[7.0433,11.5869],[7.0404,11.5802],[7.0379,11.578],[7.0385,11.5755],[7.0363,11.5715],[7.0296,11.5698],[7.0269,11.5647],[7.0237,11.5618],[7.0218,11.5651],[7.0201,11.5643],[7.0163,11.5559],[7.0141,11.5549],[7.0095,11.5459],[7.0073,11.536],[7.0129,11.5353],[7.0149,11.5338],[7.022,11.5306],[7.0255,11.5274],[7.0284,11.527],[7.0362,11.5317],[7.0406,11.5336],[7.0405,11.5376],[7.0419,11.5401],[7.0416,11.5465],[7.0461,11.5511],[7.0515,11.553],[7.0584,11.5495],[7.0613,11.5467],[7.063,11.553],[7.0631,11.5572],[7.0667,11.5622],[7.0762,11.5572],[7.08,11.5571],[7.085,11.5605],[7.0898,11.5557],[7.0955,11.5545],[7.1017,11.5562],[7.1073,11.5531],[7.1082,11.549],[7.1109,11.5489],[7.1163,11.5459],[7.1248,11.5457],[7.1307,11.5484],[7.1284,11.5535],[7.1267,11.5591],[7.1278,11.5605],[7.1241,11.5637],[7.1227,11.569],[7.129,11.5759],[7.1317,11.5805],[7.1351,11.582],[7.14,11.5796],[7.1439,11.5759],[7.152,11.5792],[7.1576,11.5799],[7.1596,11.5827],[7.1618,11.583],[7.1638,11.5785],[7.1663,11.5754],[7.17,11.5751],[7.1692,11.5726],[7.1756,11.5742]]]},"properties":{"name":"MAIGORA","state":"20","code":"20/13/10"}},{"type":"Feature","geometry":{"type":"Polygon","coordinates":[[[7.3275,11.5152],[7.321,11.5176],[7.3179,11.5164],[7.3164,11.5204],[7.3159,11.528],[7.3101,11.5267],[7.3135,11.5194],[7.3152,11.5097],[7.3165,11.5038],[7.3184,11.5036],[7.3218,11.5101],[7.3275,11.5152]]]},"properties":{"name":"DANDUTSE","state":"20","code":"20/14/01"}},{"type":"Feature","geometry":{"type":"Polygon","coordinates":[[[7.3279,11.5312],[7.3211,11.5383],[7.3146,11.5363],[7.3166,11.5327],[7.3159,11.528],[7.3164,11.5204],[7.3179,11.5164],[7.321,11.5176],[7.3275,11.5152],[7.3284,11.5129],[7.3344,11.5115],[7.3387,11.5146],[7.3403,11.5174],[7.3321,11.5241],[7.3279,11.5312]]]},"properties":{"name":"SABON GARI","state":"20","code":"20/14/02"}},{"type":"Feature","geometry":{"type":"Polygon","coordinates":[[[7.3159,11.528],[7.3166,11.5327],[7.3146,11.5363],[7.3095,11.5415],[7.3061,11.5372],[7.3056,11.5334],[7.3101,11.5267],[7.3159,11.528]]]},"properties":{"name":"UNGUWAR RABIU","state":"20","code":"20/14/03"}},{"type":"Feature","geometry":{"type":"Polygon","coordinates":[[[7.3101,11.5267],[7.3009,11.5217],[7.3077,11.5087],[7.3152,11.5097],[7.3135,11.5194],[7.3101,11.5267]]]},"properties":{"name":"UNG IBRAHIM","state":"20","code":"20/14/04"}},{"type":"Feature","geometry":{"type":"Polygon","coordinates":[[[7.3056,11.5334],[7.3016,11.5313],[7.2984,11.5374],[7.2944,11.5363],[7.2979,11.5273],[7.3009,11.5217],[7.3101,11.5267],[7.3056,11.5334]]]},"properties":{"name":"UNGUWAR MUSA","state":"20","code":"20/14/05"}},{"type":"Feature","geometry":{"type":"Polygon","coordinates":[[[7.2446,11.5073],[7.2428,11.5112],[7.2436,11.5148],[7.2425,11.5175],[7.2526,11.5165],[7.2582,11.5175],[7.2598,11.5211],[7.2573,11.5217],[7.2519,11.532],[7.253,11.5353],[7.2515,11.5427],[7.2519,11.5472],[7.2538,11.553],[7.2566,11.5554],[7.2558,11.5659],[7.2559,11.573],[7.2587,11.5795],[7.2552,11.582],[7.2499,11.5832],[7.2469,11.5861],[7.2435,11.5856],[7.2356,11.589],[7.2325,11.5891],[7.2278,11.5852],[7.2237,11.5835],[7.2155,11.5887],[7.2051,11.5885],[7.1989,11.5848],[7.1961,11.586],[7.1916,11.5899],[7.1891,11.5946],[7.1827,11.5958],[7.1804,11.5941],[7.1755,11.5953],[7.1754,11.5879],[7.1765,11.5829],[7.1781,11.5793],[7.1756,11.5742],[7.1767,11.5717],[7.1759,11.5685],[7.1734,11.5663],[7.1718,11.5626],[7.1725,11.5547],[7.1741,11.5521],[7.175,11.5472],[7.1773,11.543],[7.1759,11.5384],[7.1726,11.5332],[7.1779,11.5304],[7.1825,11.5241],[7.1815,11.5209],[7.1838,11.5166],[7.1866,11.5147],[7.1889,11.5096],[7.1833,11.5006],[7.1878,11.4992],[7.1931,11.5004],[7.2019,11.4985],[7.2047,11.4968],[7.2049,11.4938],[7.2018,11.4925],[7.2032,11.4866],[7.2114,11.4869],[7.214,11.4858],[7.2163,11.4807],[7.2218,11.4811],[7.2256,11.4802],[7.2248,11.4731],[7.2307,11.4679],[7.2312,11.4647],[7.2305,11.4593],[7.233,11.4622],[7.2388,11.4667],[7.2473,11.4694],[7.2448,11.4731],[7.2454,11.4772],[7.2477,11.4789],[7.2456,11.4818],[7.2468,11.4851],[7.2408,11.488],[7.2406,11.4925],[7.2359,11.4963],[7.2374,11.5041],[7.2387,11.5039],[7.2446,11.5073]]]},"properties":{"name":"DUKKE","state":"20","code":"20/14/06"}},{"type":"Feature","geometry":{"type":"Polygon","coordinates":[[[7.3099,11.5598],[7.3047,11.5656],[7.3002,11.5693],[7.2922,11.5732],[7.284,11.5723],[7.2801,11.5754],[7.275,11.5758],[7.2728,11.5769],[7.2668,11.5754],[7.2633,11.5779],[7.2604,11.5778],[7.2587,11.5795],[7.2559,11.573],[7.2558,11.5659],[7.2566,11.5554],[7.2538,11.553],[7.2519,11.5472],[7.2515,11.5427],[7.253,11.5353],[7.2519,11.532],[7.2573,11.5217],[7.2598,11.5211],[7.2582,11.5175],[7.2526,11.5165],[7.2425,11.5175],[7.2436,11.5148],[7.2428,11.5112],[7.2446,11.5073],[7.2507,11.505],[7.2513,11.5025],[7.2502,11.497],[7.2558,11.4909],[7.2604,11.4886],[7.2609,11.4841],[7.2635,11.4804],[7.2686,11.4821],[7.2738,11.4797],[7.2789,11.4836],[7.2788,11.4869],[7.2841,11.4911],[7.284,11.4944],[7.2914,11.4931],[7.2955,11.4939],[7.2961,11.4993],[7.3009,11.5006],[7.3031,11.5039],[7.3074,11.5066],[7.3077,11.5087],[7.3009,11.5217],[7.2979,11.5273],[7.2944,11.5363],[7.2984,11.5374],[7.3016,11.5313],[7.3056,11.5334],[7.3061,11.5372],[7.3095,11.5415],[7.3146,11.5363],[7.3211,11.5383],[7.3279,11.5312],[7.3309,11.5346],[7.332,11.5394],[7.3281,11.5438],[7.3266,11.55],[7.327,11.554],[7.3222,11.5569],[7.3196,11.5554],[7.3156,11.5565],[7.3117,11.5554],[7.3099,11.5598]]]},"properties":{"name":"MAKERA","state":"20","code":"20/14/07"}},{"type":"Feature","geometry":{"type":"Polygon","coordinates":[[[7.3417,11.5146],[7.3426,11.5109],[7.3481,11.5064],[7.3516,11.496],[7.3495,11.4894],[7.3459,11.4847],[7.341,11.4825],[7.3403,11.4804],[7.3469,11.4728],[7.3451,11.4675],[7.3403,11.4662],[7.3339,11.4617],[7.333,11.4577],[7.3314,11.4565],[7.3284,11.451],[7.3291,11.4472],[7.3334,11.4407],[7.3379,11.4403],[7.3425,11.4388],[7.3466,11.4301],[7.3465,11.4251],[7.3426,11.4206],[7.3439,11.4168],[7.3429,11.411],[7.34,11.409],[7.3437,11.4065],[7.3424,11.4005],[7.3438,11.3994],[7.3461,11.3941],[7.3466,11.3903],[7.3515,11.3911],[7.3644,11.3855],[7.3694,11.3899],[7.3699,11.3949],[7.3648,11.4005],[7.3641,11.4059],[7.3681,11.4122],[7.3699,11.4124],[7.3739,11.4092],[7.3781,11.408],[7.3822,11.4107],[7.3853,11.411],[7.3873,11.416],[7.3872,11.4197],[7.3902,11.4231],[7.3898,11.426],[7.3872,11.4329],[7.3892,11.4385],[7.3876,11.4478],[7.386,11.4531],[7.3897,11.4525],[7.3919,11.4579],[7.3905,11.4611],[7.3903,11.4666],[7.3859,11.4747],[7.3875,11.4838],[7.393,11.4907],[7.3938,11.4968],[7.3953,11.4988],[7.3965,11.5047],[7.3996,11.5073],[7.4004,11.511],[7.3978,11.5195],[7.4,11.522],[7.4023,11.5268],[7.3914,11.5306],[7.3907,11.5268],[7.3886,11.5254],[7.3864,11.5214],[7.3808,11.5211],[7.3768,11.5219],[7.3736,11.5189],[7.373,11.517],[7.3683,11.5176],[7.3661,11.5205],[7.3593,11.5186],[7.3594,11.5143],[7.3503,11.5138],[7.3445,11.5167],[7.3417,11.5146]]]},"properties":{"name":"GOYA","state":"20","code":"20/14/08"}},{"type":"Feature","geometry":{"type":"Polygon","coordinates":[[[7.3387,11.5146],[7.3344,11.5115],[7.3284,11.5129],[7.3275,11.5152],[7.3218,11.5101],[7.3184,11.5036],[7.3165,11.5038],[7.3152,11.5097],[7.3077,11.5087],[7.3074,11.5066],[7.3031,11.5039],[7.3009,11.5006],[7.2961,11.4993],[7.2955,11.4939],[7.2914,11.4931],[7.284,11.4944],[7.2841,11.4911],[7.2788,11.4869],[7.2789,11.4836],[7.2738,11.4797],[7.2753,11.4768],[7.2775,11.4764],[7.2841,11.4773],[7.2813,11.4704],[7.281,11.4661],[7.2787,11.4605],[7.2796,11.4598],[7.2849,11.4667],[7.2912,11.472],[7.2929,11.4675],[7.2945,11.467],[7.2959,11.4608],[7.295,11.4568],[7.3012,11.4546],[7.3047,11.4544],[7.3082,11.4505],[7.3082,11.4476],[7.3122,11.4463],[7.3139,11.442],[7.316,11.4397],[7.3185,11.4322],[7.3141,11.4231],[7.3184,11.4152],[7.3194,11.4135],[7.3255,11.4149],[7.3275,11.4124],[7.3298,11.4069],[7.3299,11.4037],[7.3323,11.3977],[7.3341,11.3959],[7.3353,11.3896],[7.3418,11.3857],[7.3466,11.3903],[7.3461,11.3941],[7.3438,11.3994],[7.3424,11.4005],[7.3437,11.4065],[7.34,11.409],[7.3429,11.411],[7.3439,11.4168],[7.3426,11.4206],[7.3465,11.4251],[7.3466,11.4301],[7.3425,11.4388],[7.3379,11.4403],[7.3334,11.4407],[7.3291,11.4472],[7.3284,11.451],[7.3314,11.4565],[7.333,11.4577],[7.3339,11.4617],[7.3403,11.4662],[7.3451,11.4675],[7.3469,11.4728],[7.3403,11.4804],[7.341,11.4825],[7.3459,11.4847],[7.3495,11.4894],[7.3516,11.496],[7.3481,11.5064],[7.3426,11.5109],[7.3417,11.5146],[7.3387,11.5146]]]},"properties":{"name":"MAI GAMJI","state":"20","code":"20/14/09"}},{"type":"Feature","geometry":{"type":"Polygon","coordinates":[[[7.3067,11.3741],[7.3058,11.3698],[7.3003,11.3599],[7.2936,11.3549],[7.2944,11.3497],[7.304,11.3401],[7.3047,11.3376],[7.3114,11.3323],[7.3106,11.3284],[7.3059,11.3222],[7.3087,11.3148],[7.3152,11.3126],[7.3197,11.3097],[7.3252,11.3117],[7.3337,11.3103],[7.3408,11.3112],[7.3458,11.3134],[7.3444,11.3184],[7.3568,11.3196],[7.3633,11.3196],[7.3663,11.3208],[7.364,11.3234],[7.3627,11.3272],[7.3575,11.3285],[7.3547,11.3302],[7.3531,11.3339],[7.3495,11.3382],[7.3375,11.3447],[7.336,11.3477],[7.3301,11.3534],[7.3302,11.3572],[7.3324,11.3645],[7.3317,11.3679],[7.3353,11.3728],[7.3401,11.3752],[7.3423,11.3783],[7.3418,11.3857],[7.3353,11.3896],[7.3341,11.3959],[7.3323,11.3977],[7.3299,11.4037],[7.3298,11.4069],[7.3275,11.4124],[7.3255,11.4149],[7.3194,11.4135],[7.3184,11.4152],[7.3132,11.4119],[7.3102,11.4049],[7.3086,11.403],[7.2995,11.4058],[7.2912,11.4068],[7.2899,11.4056],[7.2889,11.3989],[7.2955,11.3945],[7.2947,11.3923],[7.2956,11.3855],[7.2966,11.383],[7.301,11.379],[7.3038,11.3782],[7.3067,11.3741]]]},"properties":{"name":"MASKA","state":"20","code":"20/14/10"}},{"type":"Feature","geometry":{"type":"Polygon","coordinates":[[[7.3982,11.3631],[7.3866,11.3693],[7.3813,11.3693],[7.3839,11.3764],[7.3839,11.3795],[7.3796,11.3821],[7.3779,11.3876],[7.3753,11.3877],[7.3694,11.3899],[7.3644,11.3855],[7.3515,11.3911],[7.3466,11.3903],[7.3418,11.3857],[7.3423,11.3783],[7.3401,11.3752],[7.3353,11.3728],[7.3317,11.3679],[7.3324,11.3645],[7.3302,11.3572],[7.3301,11.3534],[7.336,11.3477],[7.3375,11.3447],[7.3495,11.3382],[7.3531,11.3339],[7.3547,11.3302],[7.3575,11.3285],[7.3627,11.3272],[7.364,11.3234],[7.3663,11.3208],[7.3633,11.3196],[7.3568,11.3196],[7.3444,11.3184],[7.3458,11.3134],[7.3408,11.3112],[7.3337,11.3103],[7.3252,11.3117],[7.3197,11.3097],[7.3152,11.3126],[7.3096,11.3083],[7.3066,11.3051],[7.3062,11.3021],[7.3087,11.2981],[7.3082,11.2934],[7.3027,11.2883],[7.2951,11.2855],[7.2896,11.2843],[7.2939,11.2772],[7.2976,11.2736],[7.3066,11.2694],[7.3202,11.2651],[7.3299,11.2635],[7.3412,11.2624],[7.3504,11.2627],[7.3578,11.2643],[7.3633,11.2865],[7.3646,11.2903],[7.3643,11.2943],[7.3643,11.3113],[7.3666,11.3194],[7.3698,11.3263],[7.3733,11.3298],[7.3755,11.3359],[7.3755,11.3396],[7.3799,11.3419],[7.3795,11.3449],[7.384,11.3482],[7.3881,11.3564],[7.3959,11.36],[7.3982,11.3631]]]},"properties":{"name":"TUDUN IYA","state":"20","code":"20/14/11"}},{"type":"Feature","geometry":{"type":"Polygon","coordinates":[[[8.1169,12.7182],[8.1099,12.7202],[8.1074,12.7137],[8.1016,12.718],[8.0956,12.7185],[8.0893,12.7132],[8.0864,12.7121],[8.0821,12.7131],[8.0779,12.7167],[8.0781,12.7208],[8.0795,12.7259],[8.0725,12.7332],[8.063,12.7336],[8.0618,12.7363],[8.0624,12.742],[8.0563,12.7475],[8.0486,12.7471],[8.0434,12.7461],[8.0389,12.7404],[8.0399,12.7375],[8.0418,12.7341],[8.0377,12.729],[8.0374,12.7239],[8.0364,12.7214],[8.0326,12.7173],[8.0326,12.715],[8.03,12.7126],[8.028,12.709],[8.0296,12.7073],[8.0299,12.7023],[8.029,12.6974],[8.0257,12.6962],[8.0303,12.6901],[8.0344,12.6792],[8.0376,12.6776],[8.0438,12.6806],[8.0486,12.6812],[8.053,12.6828],[8.0614,12.6789],[8.0669,12.6797],[8.0713,12.6834],[8.0721,12.6848],[8.0785,12.6847],[8.0818,12.6872],[8.0846,12.6869],[8.0874,12.6839],[8.0919,12.6886],[8.0947,12.6882],[8.0958,12.6918],[8.1019,12.6889],[8.1045,12.6956],[8.1075,12.6948],[8.1108,12.6964],[8.1132,12.7012],[8.1181,12.7011],[8.1171,12.7061],[8.1186,12.7155],[8.1169,12.7182]]]},"properties":{"name":"DUGUL","state":"20","code":"20/15/01"}},{"type":"Feature","geometry":{"type":"Polygon","coordinates":[[[8.1169,12.7182],[8.12,12.7216],[8.1211,12.7261],[8.1195,12.7297],[8.1148,12.7321],[8.1146,12.7364],[8.1171,12.7401],[8.1136,12.7458],[8.1141,12.7497],[8.1167,12.7511],[8.1169,12.7571],[8.1217,12.7586],[8.1224,12.7626],[8.1166,12.7662],[8.1158,12.7697],[8.1117,12.7736],[8.1074,12.7732],[8.0999,12.765],[8.0943,12.7677],[8.0853,12.7702],[8.0797,12.7686],[8.0737,12.766],[8.0642,12.7675],[8.0648,12.7622],[8.0629,12.7588],[8.0616,12.7531],[8.0563,12.7475],[8.0624,12.742],[8.0618,12.7363],[8.063,12.7336],[8.0725,12.7332],[8.0795,12.7259],[8.0781,12.7208],[8.0779,12.7167],[8.0821,12.7131],[8.0864,12.7121],[8.0893,12.7132],[8.0956,12.7185],[8.1016,12.718],[8.1074,12.7137],[8.1099,12.7202],[8.1169,12.7182]]]},"properties":{"name":"YANDOMA","state":"20","code":"20/15/02"}},{"type":"Feature","geometry":{"type":"Polygon","coordinates":[[[8.0376,12.6776],[8.0396,12.6672],[8.0415,12.663],[8.0394,12.6591],[8.0368,12.6576],[8.0312,12.6527],[8.0288,12.6498],[8.0225,12.6567],[8.0201,12.6557],[8.0228,12.6513],[8.0213,12.6497],[8.0183,12.6516],[8.0174,12.649],[8.0087,12.6522],[8.0014,12.6492],[8.0015,12.6464],[8.009,12.6349],[8.0178,12.6286],[8.0228,12.6309],[8.0284,12.6349],[8.0326,12.6364],[8.0357,12.6285],[8.0451,12.6256],[8.047,12.6198],[8.0475,12.6154],[8.0534,12.6141],[8.0556,12.616],[8.0617,12.6144],[8.0672,12.6101],[8.0702,12.6105],[8.0717,12.6045],[8.0762,12.6016],[8.0808,12.6036],[8.0861,12.6008],[8.0897,12.6041],[8.0912,12.6078],[8.0932,12.607],[8.0971,12.6086],[8.1007,12.6131],[8.0997,12.6156],[8.0955,12.6175],[8.0942,12.62],[8.0893,12.6221],[8.0914,12.6283],[8.0908,12.6353],[8.0843,12.6368],[8.081,12.6401],[8.0791,12.64],[8.0718,12.6466],[8.0701,12.6473],[8.0712,12.6579],[8.0735,12.6588],[8.0766,12.6633],[8.0808,12.6656],[8.0783,12.6705],[8.0778,12.6734],[8.0743,12.6776],[8.0713,12.6834],[8.0669,12.6797],[8.0614,12.6789],[8.053,12.6828],[8.0486,12.6812],[8.0438,12.6806],[8.0376,12.6776]]]},"properties":{"name":"INGAWA","state":"20","code":"20/15/03"}},{"type":"Feature","geometry":{"type":"Polygon","coordinates":[[[8.192,12.7349],[8.1875,12.7445],[8.1848,12.7561],[8.1802,12.7561],[8.1721,12.7511],[8.1671,12.7567],[8.1639,12.7621],[8.1625,12.7625],[8.162,12.767],[8.1602,12.7729],[8.1549,12.7858],[8.1525,12.7946],[8.1507,12.7989],[8.145,12.8005],[8.1346,12.799],[8.1326,12.8045],[8.1347,12.806],[8.1315,12.8078],[8.127,12.812],[8.1183,12.8029],[8.115,12.8025],[8.1088,12.8034],[8.1083,12.8009],[8.1039,12.796],[8.1011,12.7949],[8.1046,12.791],[8.1063,12.791],[8.1084,12.7868],[8.1121,12.776],[8.1117,12.7736],[8.1158,12.7697],[8.1166,12.7662],[8.1224,12.7626],[8.1217,12.7586],[8.1294,12.7585],[8.1338,12.7567],[8.1343,12.7544],[8.1369,12.7517],[8.1358,12.7475],[8.1389,12.7439],[8.1411,12.7385],[8.145,12.7338],[8.1463,12.7253],[8.1475,12.7221],[8.1539,12.724],[8.1592,12.7267],[8.1633,12.7271],[8.1668,12.729],[8.1903,12.7334],[8.192,12.7349]]]},"properties":{"name":"AGAYAWA","state":"20","code":"20/15/04"}},{"type":"Feature","geometry":{"type":"Polygon","coordinates":[[[7.9862,12.5764],[7.9889,12.5753],[7.9867,12.5668],[7.9883,12.5643],[7.9943,12.5594],[7.9994,12.5613],[8.0024,12.5567],[8.0018,12.5512],[8.0039,12.5468],[8.0101,12.5481],[8.0147,12.5521],[8.0179,12.5517],[8.0224,12.5562],[8.0282,12.5565],[8.032,12.5637],[8.0322,12.5671],[8.0419,12.574],[8.0406,12.5782],[8.0439,12.5823],[8.0486,12.5809],[8.0535,12.5823],[8.0531,12.5846],[8.0584,12.5901],[8.0614,12.5915],[8.0644,12.5911],[8.0712,12.5885],[8.0754,12.589],[8.0769,12.5926],[8.0762,12.6016],[8.0717,12.6045],[8.0702,12.6105],[8.0672,12.6101],[8.0617,12.6144],[8.0556,12.616],[8.0534,12.6141],[8.0475,12.6154],[8.047,12.6198],[8.0451,12.6256],[8.0357,12.6285],[8.0326,12.6364],[8.0284,12.6349],[8.0228,12.6309],[8.0178,12.6286],[8.009,12.6349],[8.0019,12.6298],[7.9934,12.6292],[7.9906,12.6321],[7.9897,12.6388],[7.984,12.6405],[7.9792,12.643],[7.9745,12.6439],[7.9698,12.6475],[7.9632,12.6493],[7.9597,12.6518],[7.9565,12.6465],[7.9558,12.6401],[7.9563,12.6328],[7.9583,12.6286],[7.9635,12.6278],[7.9687,12.6282],[7.9762,12.6263],[7.9801,12.6226],[7.9912,12.6203],[7.9986,12.6203],[7.9949,12.6117],[7.9946,12.6088],[7.9922,12.5989],[7.9902,12.5977],[7.9867,12.5933],[7.9885,12.5877],[7.9855,12.5858],[7.985,12.5802],[7.9862,12.5764]]]},"properties":{"name":"JOBE/KANDAWA","state":"20","code":"20/15/05"}},{"type":"Feature","geometry":{"type":"Polygon","coordinates":[[[7.9597,12.6518],[7.9632,12.6493],[7.9698,12.6475],[7.9745,12.6439],[7.9792,12.643],[7.984,12.6405],[7.9897,12.6388],[7.9906,12.6321],[7.9934,12.6292],[8.0019,12.6298],[8.009,12.6349],[8.0015,12.6464],[8.0014,12.6492],[8.0087,12.6522],[8.0174,12.649],[8.0183,12.6516],[8.0213,12.6497],[8.0228,12.6513],[8.0201,12.6557],[8.0225,12.6567],[8.0288,12.6498],[8.0312,12.6527],[8.0368,12.6576],[8.0394,12.6591],[8.0415,12.663],[8.0396,12.6672],[8.0376,12.6776],[8.0344,12.6792],[8.0303,12.6901],[8.0257,12.6962],[8.029,12.6974],[8.0299,12.7023],[8.0296,12.7073],[8.028,12.709],[8.03,12.7126],[8.0326,12.715],[8.0326,12.7173],[8.0364,12.7214],[8.0374,12.7239],[8.0377,12.729],[8.0418,12.7341],[8.0399,12.7375],[8.0312,12.7337],[8.026,12.7344],[8.0236,12.7334],[8.0222,12.7304],[8.0189,12.7279],[8.0222,12.7223],[8.0181,12.7176],[8.0198,12.7119],[8.0164,12.7068],[8.0062,12.7095],[8.0002,12.7124],[8.0002,12.7146],[7.9964,12.718],[7.9936,12.7238],[7.9922,12.7292],[7.9896,12.7338],[7.9919,12.7369],[7.992,12.743],[7.9906,12.7463],[7.9784,12.7428],[7.9727,12.7416],[7.9671,12.742],[7.9621,12.7389],[7.9605,12.7338],[7.9625,12.732],[7.9637,12.7268],[7.9673,12.7176],[7.9606,12.7112],[7.9597,12.7077],[7.9631,12.7021],[7.9581,12.693],[7.9607,12.6866],[7.956,12.6826],[7.9561,12.6815],[7.9572,12.6794],[7.96,12.68],[7.9609,12.6767],[7.9638,12.672],[7.961,12.6685],[7.9612,12.66],[7.9597,12.6518]]]},"properties":{"name":"KURFEJI/YANKAURA","state":"20","code":"20/15/06"}},{"type":"Feature","geometry":{"type":"Polygon","coordinates":[[[8.0762,12.6016],[8.0769,12.5926],[8.0754,12.589],[8.0712,12.5885],[8.0644,12.5911],[8.0614,12.5915],[8.0584,12.5901],[8.0531,12.5846],[8.0535,12.5823],[8.0486,12.5809],[8.0439,12.5823],[8.0406,12.5782],[8.0419,12.574],[8.0415,12.5699],[8.0382,12.5662],[8.0395,12.5593],[8.0349,12.5561],[8.0344,12.5518],[8.0363,12.5486],[8.0335,12.5414],[8.0381,12.5394],[8.0412,12.5357],[8.0437,12.5349],[8.0465,12.536],[8.0503,12.5338],[8.0518,12.5357],[8.0544,12.5351],[8.0586,12.537],[8.0624,12.5417],[8.0651,12.5417],[8.0683,12.5392],[8.0669,12.5355],[8.0666,12.5307],[8.0615,12.5285],[8.0621,12.5233],[8.0567,12.5171],[8.0587,12.5073],[8.0578,12.502],[8.0588,12.4973],[8.0569,12.4896],[8.0534,12.4884],[8.0562,12.4827],[8.0606,12.4776],[8.0623,12.4691],[8.0692,12.4611],[8.0733,12.4625],[8.0802,12.4635],[8.0824,12.4685],[8.0917,12.4756],[8.0933,12.4798],[8.0973,12.4836],[8.1098,12.4879],[8.1128,12.4876],[8.1162,12.4918],[8.1214,12.4927],[8.1239,12.4966],[8.1221,12.4994],[8.1234,12.503],[8.1197,12.5081],[8.1249,12.5172],[8.1202,12.5212],[8.1129,12.5207],[8.1091,12.5229],[8.1102,12.5296],[8.1095,12.5378],[8.1094,12.5446],[8.1107,12.5478],[8.1149,12.5538],[8.114,12.559],[8.1148,12.5619],[8.1079,12.5621],[8.1054,12.5635],[8.1017,12.5631],[8.097,12.5615],[8.0896,12.5651],[8.0893,12.5726],[8.096,12.5728],[8.0998,12.5771],[8.0971,12.5799],[8.091,12.5827],[8.0911,12.5864],[8.0898,12.589],[8.0867,12.5907],[8.0892,12.5945],[8.0861,12.6008],[8.0808,12.6036],[8.0762,12.6016]]]},"properties":{"name":"MANOMAWA/KAFI","state":"20","code":"20/15/07"}},{"type":"Feature","geometry":{"type":"Polygon","coordinates":[[[8.1485,12.4397],[8.1567,12.4403],[8.1588,12.4473],[8.165,12.4514],[8.1622,12.4624],[8.1629,12.4745],[8.1688,12.4817],[8.1717,12.4925],[8.179,12.4964],[8.1827,12.5012],[8.1904,12.5052],[8.1871,12.5077],[8.1835,12.5066],[8.1802,12.5102],[8.1809,12.5134],[8.1776,12.5182],[8.1743,12.5195],[8.1778,12.5273],[8.176,12.5296],[8.178,12.5328],[8.1756,12.537],[8.177,12.5383],[8.1766,12.5425],[8.1779,12.545],[8.1657,12.5489],[8.162,12.5479],[8.1533,12.5391],[8.1471,12.5422],[8.1411,12.5426],[8.1348,12.542],[8.1324,12.5406],[8.1256,12.5406],[8.1199,12.5432],[8.1167,12.546],[8.1149,12.5538],[8.1107,12.5478],[8.1094,12.5446],[8.1095,12.5378],[8.1102,12.5296],[8.1091,12.5229],[8.1129,12.5207],[8.1202,12.5212],[8.1249,12.5172],[8.1197,12.5081],[8.1234,12.503],[8.1221,12.4994],[8.1239,12.4966],[8.1214,12.4927],[8.1162,12.4918],[8.1128,12.4876],[8.1098,12.4879],[8.0973,12.4836],[8.0933,12.4798],[8.0917,12.4756],[8.0824,12.4685],[8.0802,12.4635],[8.0733,12.4625],[8.0692,12.4611],[8.0623,12.4691],[8.0606,12.4776],[8.0562,12.4827],[8.0517,12.478],[8.0483,12.4766],[8.0473,12.4706],[8.0482,12.4681],[8.0446,12.4664],[8.0508,12.4585],[8.0489,12.4545],[8.0479,12.4481],[8.0453,12.4435],[8.0449,12.4405],[8.0424,12.4383],[8.0431,12.4337],[8.0467,12.4314],[8.0509,12.4273],[8.0515,12.4255],[8.0445,12.4245],[8.0406,12.4247],[8.0415,12.4181],[8.0467,12.4119],[8.0552,12.4172],[8.0786,12.4175],[8.1082,12.4164],[8.1121,12.4208],[8.1302,12.4412],[8.1485,12.4397]]]},"properties":{"name":"BIDORE/YAYA","state":"20","code":"20/15/08"}},{"type":"Feature","geometry":{"type":"Polygon","coordinates":[[[8.1827,12.6441],[8.1821,12.6518],[8.1532,12.6554],[8.1507,12.6512],[8.1439,12.6455],[8.1319,12.6468],[8.1283,12.6452],[8.1288,12.6415],[8.1315,12.634],[8.1322,12.6294],[8.1422,12.6283],[8.143,12.6242],[8.1402,12.6205],[8.1408,12.6179],[8.1393,12.6093],[8.1359,12.6093],[8.1346,12.6062],[8.1348,12.6028],[8.132,12.5946],[8.132,12.592],[8.1286,12.5914],[8.1223,12.5862],[8.1204,12.5813],[8.1208,12.5769],[8.1197,12.5733],[8.1171,12.5693],[8.1183,12.5676],[8.1148,12.5619],[8.114,12.559],[8.1149,12.5538],[8.1167,12.546],[8.1199,12.5432],[8.1256,12.5406],[8.1324,12.5406],[8.1348,12.542],[8.1411,12.5426],[8.1471,12.5422],[8.1533,12.5391],[8.162,12.5479],[8.1657,12.5489],[8.1779,12.545],[8.1793,12.5489],[8.1797,12.5547],[8.1812,12.5581],[8.1814,12.5617],[8.1799,12.5641],[8.1856,12.5655],[8.1948,12.5676],[8.2283,12.5847],[8.2324,12.5849],[8.2361,12.5912],[8.2417,12.5925],[8.2438,12.5946],[8.2462,12.5944],[8.2415,12.6025],[8.24,12.6094],[8.2376,12.614],[8.2322,12.6116],[8.2199,12.6163],[8.2082,12.6196],[8.2028,12.622],[8.1904,12.624],[8.191,12.6276],[8.1853,12.6299],[8.1835,12.6352],[8.1827,12.6441]]]},"properties":{"name":"BARERUWA/RURUMA","state":"20","code":"20/15/09"}},{"type":"Feature","geometry":{"type":"Polygon","coordinates":[[[8.1613,12.6883],[8.1543,12.6884],[8.1529,12.6903],[8.1476,12.6891],[8.1417,12.6895],[8.1391,12.6875],[8.1392,12.6838],[8.1326,12.6794],[8.1294,12.6752],[8.1268,12.6747],[8.1197,12.6712],[8.1143,12.673],[8.1112,12.6701],[8.1082,12.6697],[8.1054,12.6732],[8.1053,12.6762],[8.1036,12.6783],[8.1019,12.6889],[8.0958,12.6918],[8.0947,12.6882],[8.0919,12.6886],[8.0874,12.6839],[8.0846,12.6869],[8.0818,12.6872],[8.0785,12.6847],[8.0721,12.6848],[8.0713,12.6834],[8.0743,12.6776],[8.0778,12.6734],[8.0783,12.6705],[8.0808,12.6656],[8.0766,12.6633],[8.0735,12.6588],[8.0712,12.6579],[8.0701,12.6473],[8.0718,12.6466],[8.0791,12.64],[8.081,12.6401],[8.0843,12.6368],[8.0908,12.6353],[8.0914,12.6283],[8.0893,12.6221],[8.0942,12.62],[8.0955,12.6175],[8.0997,12.6156],[8.1007,12.6131],[8.0971,12.6086],[8.0932,12.607],[8.0912,12.6078],[8.0897,12.6041],[8.0861,12.6008],[8.0892,12.5945],[8.0867,12.5907],[8.0898,12.589],[8.0911,12.5864],[8.091,12.5827],[8.0971,12.5799],[8.0998,12.5771],[8.096,12.5728],[8.0893,12.5726],[8.0896,12.5651],[8.097,12.5615],[8.1017,12.5631],[8.1054,12.5635],[8.1079,12.5621],[8.1148,12.5619],[8.1183,12.5676],[8.1171,12.5693],[8.1197,12.5733],[8.1208,12.5769],[8.1204,12.5813],[8.1223,12.5862],[8.1286,12.5914],[8.132,12.592],[8.132,12.5946],[8.1348,12.6028],[8.1346,12.6062],[8.1359,12.6093],[8.1393,12.6093],[8.1408,12.6179],[8.1402,12.6205],[8.143,12.6242],[8.1422,12.6283],[8.1322,12.6294],[8.1315,12.634],[8.1288,12.6415],[8.1283,12.6452],[8.1319,12.6468],[8.1439,12.6455],[8.1507,12.6512],[8.1532,12.6554],[8.1585,12.6632],[8.1604,12.6671],[8.1602,12.676],[8.1622,12.6832],[8.1613,12.6883]]]},"properties":{"name":"DAUNAKA/B.KWARI","state":"20","code":"20/15/10"}},{"type":"Feature","geometry":{"type":"Polygon","coordinates":[[[8.1475,12.7221],[8.1463,12.7253],[8.145,12.7338],[8.1411,12.7385],[8.1389,12.7439],[8.1358,12.7475],[8.1369,12.7517],[8.1343,12.7544],[8.1338,12.7567],[8.1294,12.7585],[8.1217,12.7586],[8.1169,12.7571],[8.1167,12.7511],[8.1141,12.7497],[8.1136,12.7458],[8.1171,12.7401],[8.1146,12.7364],[8.1148,12.7321],[8.1195,12.7297],[8.1211,12.7261],[8.12,12.7216],[8.1169,12.7182],[8.1186,12.7155],[8.1171,12.7061],[8.1181,12.7011],[8.1132,12.7012],[8.1108,12.6964],[8.1075,12.6948],[8.1045,12.6956],[8.1019,12.6889],[8.1036,12.6783],[8.1053,12.6762],[8.1054,12.6732],[8.1082,12.6697],[8.1112,12.6701],[8.1143,12.673],[8.1197,12.6712],[8.1268,12.6747],[8.1294,12.6752],[8.1326,12.6794],[8.1392,12.6838],[8.1391,12.6875],[8.1417,12.6895],[8.1476,12.6891],[8.1529,12.6903],[8.1543,12.6884],[8.1613,12.6883],[8.1613,12.6921],[8.1641,12.6961],[8.1615,12.6973],[8.1544,12.6972],[8.1526,12.7009],[8.1488,12.7021],[8.1433,12.7153],[8.1445,12.7213],[8.1475,12.7221]]]},"properties":{"name":"DARA","state":"20","code":"20/15/11"}},{"type":"Feature","geometry":{"type":"Polygon","coordinates":[[[7.2905,13.0224],[7.2889,13.0262],[7.2908,13.0301],[7.2993,13.0329],[7.2988,13.0375],[7.301,13.0386],[7.3011,13.0454],[7.3048,13.0487],[7.3083,13.0487],[7.3126,13.0513],[7.3162,13.0552],[7.3124,13.0603],[7.308,13.0606],[7.3053,13.0667],[7.2976,13.0705],[7.2897,13.0736],[7.2866,13.0773],[7.2806,13.0814],[7.2785,13.0857],[7.2735,13.0875],[7.2708,13.0858],[7.2642,13.0865],[7.2581,13.0893],[7.2489,13.0898],[7.2476,13.0888],[7.2372,13.0869],[7.2372,13.0829],[7.2356,13.0773],[7.2358,13.0742],[7.23,13.0759],[7.2252,13.0739],[7.228,13.073],[7.2291,13.07],[7.2279,13.068],[7.2211,13.0683],[7.2197,13.0637],[7.2149,13.0626],[7.2134,13.0599],[7.2096,13.0568],[7.2037,13.0553],[7.2035,13.0517],[7.2021,13.0483],[7.2019,13.0421],[7.2031,13.032],[7.202,13.0277],[7.2091,13.0241],[7.2114,13.0239],[7.2142,13.0309],[7.2193,13.0317],[7.2205,13.03],[7.2257,13.028],[7.2298,13.0289],[7.2382,13.026],[7.2457,13.0253],[7.2479,13.0235],[7.25,13.0261],[7.2547,13.0281],[7.257,13.0251],[7.2639,13.0238],[7.2645,13.0222],[7.2691,13.0238],[7.2738,13.0228],[7.2796,13.0226],[7.282,13.0247],[7.2863,13.0227],[7.2905,13.0224]]]},"properties":{"name":"FARFARU","state":"20","code":"20/16/01"}},{"type":"Feature","geometry":{"type":"Polygon","coordinates":[[[7.3717,12.996],[7.3783,12.995],[7.3835,12.995],[7.3866,12.9939],[7.3885,12.9981],[7.3891,13.002],[7.4002,13.0114],[7.4001,13.0159],[7.3988,13.0192],[7.398,13.0256],[7.3994,13.0285],[7.4004,13.0341],[7.4038,13.0379],[7.4033,13.0434],[7.4043,13.0469],[7.3995,13.0527],[7.3972,13.0595],[7.3944,13.0631],[7.3941,13.0679],[7.3927,13.0703],[7.3931,13.075],[7.3907,13.0774],[7.3905,13.0806],[7.3919,13.0833],[7.3898,13.0867],[7.3869,13.0882],[7.386,13.0955],[7.383,13.099],[7.3519,13.1026],[7.3473,13.0967],[7.3436,13.0934],[7.3441,13.0906],[7.3474,13.0863],[7.3504,13.0809],[7.3485,13.0782],[7.3444,13.0773],[7.336,13.0783],[7.3358,13.0746],[7.3335,13.0736],[7.3313,13.0693],[7.3234,13.0673],[7.3247,13.0633],[7.3311,13.0593],[7.334,13.0594],[7.3415,13.0538],[7.346,13.0513],[7.3472,13.0477],[7.3485,13.0376],[7.3478,13.0347],[7.344,13.0292],[7.3401,13.0277],[7.3364,13.0248],[7.3299,13.0241],[7.3282,13.0225],[7.3226,13.0214],[7.3204,13.0223],[7.3156,13.0207],[7.3107,13.0214],[7.3086,13.0201],[7.304,13.0218],[7.2985,13.0202],[7.2905,13.0224],[7.2863,13.0227],[7.282,13.0247],[7.2796,13.0226],[7.2738,13.0228],[7.2691,13.0238],[7.2645,13.0222],[7.2639,13.0238],[7.257,13.0251],[7.2547,13.0281],[7.25,13.0261],[7.2479,13.0235],[7.2523,13.0188],[7.2594,13.0131],[7.2654,13.0094],[7.2705,13.0079],[7.2784,13.0028],[7.2912,13.0022],[7.2992,13.0049],[7.3074,13.0027],[7.3119,13.0026],[7.3163,13.005],[7.3227,13.0036],[7.3269,13.004],[7.3285,13.0012],[7.3319,13.0004],[7.3408,13.0008],[7.3449,12.9972],[7.3525,12.9942],[7.3622,13.0004],[7.3649,12.9999],[7.3701,12.9963],[7.3717,12.996]]]},"properties":{"name":"YANGAIYA","state":"20","code":"20/16/02"}},{"type":"Feature","geometry":{"type":"Polygon","coordinates":[[[7.2372,13.0869],[7.2309,13.0891],[7.2261,13.0885],[7.2258,13.091],[7.2211,13.0963],[7.2224,13.0975],[7.2193,13.0991],[7.2085,13.0952],[7.2094,13.086],[7.2138,13.0833],[7.2152,13.0802],[7.2192,13.0756],[7.2252,13.0739],[7.23,13.0759],[7.2358,13.0742],[7.2356,13.0773],[7.2372,13.0829],[7.2372,13.0869]]]},"properties":{"name":"JIBIA A","state":"20","code":"20/16/03"}},{"type":"Feature","geometry":{"type":"Polygon","coordinates":[[[7.2489,13.0898],[7.2475,13.0985],[7.2431,13.1015],[7.2326,13.0996],[7.2296,13.1002],[7.2224,13.0975],[7.2211,13.0963],[7.2258,13.091],[7.2261,13.0885],[7.2309,13.0891],[7.2372,13.0869],[7.2476,13.0888],[7.2489,13.0898]]]},"properties":{"name":"JIBIA B","state":"20","code":"20/16/04"}},{"type":"Feature","geometry":{"type":"Polygon","coordinates":[[[7.2905,13.0224],[7.2985,13.0202],[7.304,13.0218],[7.3086,13.0201],[7.3107,13.0214],[7.3156,13.0207],[7.3204,13.0223],[7.3226,13.0214],[7.3282,13.0225],[7.3299,13.0241],[7.3364,13.0248],[7.3401,13.0277],[7.344,13.0292],[7.3478,13.0347],[7.3485,13.0376],[7.3472,13.0477],[7.346,13.0513],[7.3415,13.0538],[7.334,13.0594],[7.3311,13.0593],[7.3247,13.0633],[7.3234,13.0673],[7.3313,13.0693],[7.3335,13.0736],[7.3358,13.0746],[7.336,13.0783],[7.3444,13.0773],[7.3485,13.0782],[7.3504,13.0809],[7.3474,13.0863],[7.3441,13.0906],[7.3436,13.0934],[7.3473,13.0967],[7.3519,13.1026],[7.3106,13.1073],[7.2632,13.1245],[7.2494,13.1253],[7.2253,13.1285],[7.2291,13.1256],[7.2298,13.1222],[7.2272,13.1171],[7.2197,13.1136],[7.2191,13.1074],[7.2205,13.105],[7.2253,13.1017],[7.2296,13.1002],[7.2326,13.0996],[7.2431,13.1015],[7.2475,13.0985],[7.2489,13.0898],[7.2581,13.0893],[7.2642,13.0865],[7.2708,13.0858],[7.2735,13.0875],[7.2785,13.0857],[7.2806,13.0814],[7.2866,13.0773],[7.2897,13.0736],[7.2976,13.0705],[7.3053,13.0667],[7.308,13.0606],[7.3124,13.0603],[7.3162,13.0552],[7.3126,13.0513],[7.3083,13.0487],[7.3048,13.0487],[7.3011,13.0454],[7.301,13.0386],[7.2988,13.0375],[7.2993,13.0329],[7.2908,13.0301],[7.2889,13.0262],[7.2905,13.0224]]]},"properties":{"name":"MAZANYA/MAGAMA","state":"20","code":"20/16/05"}},{"type":"Feature","geometry":{"type":"Polygon","coordinates":[[[7.1198,12.8685],[7.1129,12.872],[7.1066,12.8762],[7.0994,12.8782],[7.0971,12.88],[7.0966,12.8872],[7.0995,12.8988],[7.0997,12.9039],[7.1018,12.9069],[7.1036,12.9137],[7.105,12.9234],[7.1094,12.9203],[7.1156,12.9219],[7.121,12.922],[7.1267,12.9231],[7.1282,12.9249],[7.1298,12.9318],[7.1325,12.9379],[7.1354,12.9409],[7.1393,12.9416],[7.146,12.9443],[7.1471,12.9464],[7.1509,12.9481],[7.1509,12.9505],[7.157,12.9524],[7.1644,12.9581],[7.1641,12.9617],[7.1703,12.9687],[7.1731,12.9725],[7.1703,12.9764],[7.1652,12.981],[7.1664,12.9855],[7.1729,12.9874],[7.1784,12.9918],[7.1839,12.9974],[7.1854,13.0008],[7.1897,13.001],[7.1905,13.0057],[7.1894,13.008],[7.1866,13.0081],[7.1795,13.0114],[7.1758,13.0141],[7.1725,13.0194],[7.1732,13.0278],[7.1693,13.0315],[7.1667,13.029],[7.1625,13.0267],[7.1601,13.0364],[7.1588,13.0362],[7.1465,13.0406],[7.1415,13.0412],[7.1216,13.0205],[7.0529,13.0001],[7.05,13],[7.0513,12.9955],[7.0517,12.9896],[7.049,12.9868],[7.0505,12.9814],[7.0502,12.9703],[7.0487,12.9687],[7.0498,12.9646],[7.0493,12.9612],[7.0566,12.9555],[7.0597,12.952],[7.0562,12.9439],[7.0522,12.9433],[7.0509,12.9417],[7.052,12.9382],[7.0492,12.9347],[7.051,12.9326],[7.0551,12.9304],[7.0597,12.9191],[7.0621,12.9191],[7.0614,12.9128],[7.0654,12.9126],[7.0653,12.9057],[7.0639,12.9031],[7.0654,12.8975],[7.0662,12.8896],[7.0651,12.8857],[7.0664,12.8817],[7.065,12.8772],[7.0649,12.8595],[7.0634,12.8479],[7.0633,12.8381],[7.0686,12.8322],[7.0619,12.827],[7.0561,12.8233],[7.0665,12.8106],[7.0664,12.8],[7.0604,12.7617],[7.0607,12.7398],[7.0722,12.7403],[7.0766,12.7441],[7.0819,12.7459],[7.0831,12.7484],[7.0905,12.7517],[7.0947,12.7559],[7.1034,12.7595],[7.1033,12.7637],[7.1043,12.7685],[7.1063,12.773],[7.1067,12.7821],[7.1088,12.7856],[7.1147,12.7901],[7.117,12.7961],[7.115,12.8035],[7.1157,12.8058],[7.1143,12.8103],[7.1109,12.8171],[7.1121,12.8223],[7.1123,12.8305],[7.1116,12.8324],[7.1174,12.8455],[7.1188,12.8469],[7.119,12.8569],[7.1207,12.8648],[7.1198,12.8685]]]},"properties":{"name":"G/BAURE/MALLAMAWA","state":"20","code":"20/16/06"}},{"type":"Feature","geometry":{"type":"Polygon","coordinates":[[[7.2479,13.0235],[7.2457,13.0253],[7.2382,13.026],[7.2298,13.0289],[7.2257,13.028],[7.2205,13.03],[7.2193,13.0317],[7.2142,13.0309],[7.2114,13.0239],[7.2091,13.0241],[7.202,13.0277],[7.2031,13.032],[7.2019,13.0421],[7.2021,13.0483],[7.2035,13.0517],[7.2037,13.0553],[7.2096,13.0568],[7.2134,13.0599],[7.2149,13.0626],[7.2197,13.0637],[7.2211,13.0683],[7.2279,13.068],[7.2291,13.07],[7.228,13.073],[7.2252,13.0739],[7.2192,13.0756],[7.2152,13.0802],[7.2138,13.0833],[7.2094,13.086],[7.2085,13.0952],[7.2193,13.0991],[7.2224,13.0975],[7.2296,13.1002],[7.2253,13.1017],[7.2205,13.105],[7.2191,13.1074],[7.2197,13.1136],[7.2272,13.1171],[7.2298,13.1222],[7.2291,13.1256],[7.2253,13.1285],[7.2216,13.1291],[7.1517,13.0523],[7.1415,13.0412],[7.1465,13.0406],[7.1588,13.0362],[7.1601,13.0364],[7.1625,13.0267],[7.1667,13.029],[7.1693,13.0315],[7.1732,13.0278],[7.1725,13.0194],[7.1758,13.0141],[7.1795,13.0114],[7.1866,13.0081],[7.1894,13.008],[7.1905,13.0057],[7.1897,13.001],[7.1931,13.0017],[7.2008,12.9998],[7.2065,13.0016],[7.2148,13.006],[7.2187,13.0056],[7.2262,13.0071],[7.2266,13.0086],[7.2335,13.0138],[7.2392,13.0159],[7.2418,13.0159],[7.2465,13.0187],[7.2479,13.0235]]]},"properties":{"name":"FARU","state":"20","code":"20/16/07"}},{"type":"Feature","geometry":{"type":"Polygon","coordinates":[[[7.5577,12.9687],[7.5614,12.976],[7.5583,12.9792],[7.5542,12.988],[7.5553,12.9902],[7.5606,12.9938],[7.5622,12.9965],[7.5617,13.0008],[7.5582,13.0036],[7.5603,13.0065],[7.565,13.0077],[7.5685,13.0064],[7.5738,13.0088],[7.5718,13.012],[7.5668,13.0095],[7.5656,13.0126],[7.5699,13.0155],[7.5682,13.018],[7.5605,13.0237],[7.5523,13.0297],[7.5509,13.0325],[7.5485,13.0318],[7.5406,13.0351],[7.5341,13.0284],[7.5277,13.0241],[7.5263,13.0213],[7.5177,13.0219],[7.5137,13.0233],[7.5121,13.0253],[7.508,13.0238],[7.5045,13.019],[7.498,13.0163],[7.4964,13.0124],[7.4985,13.0104],[7.5002,13.0006],[7.4976,12.9913],[7.4932,12.99],[7.4914,12.9935],[7.4858,12.9916],[7.4781,12.9921],[7.4767,12.9935],[7.4698,12.996],[7.463,12.9923],[7.4551,12.9916],[7.4514,12.99],[7.4479,12.9906],[7.4376,12.9868],[7.4293,12.9851],[7.4255,12.9856],[7.4204,12.9843],[7.4162,12.988],[7.4133,12.9883],[7.4039,12.9836],[7.401,12.9834],[7.3932,12.9742],[7.3937,12.9688],[7.3965,12.9574],[7.3984,12.9522],[7.401,12.9485],[7.4006,12.9463],[7.4032,12.9447],[7.4042,12.9424],[7.4119,12.9434],[7.4155,12.9427],[7.4155,12.9369],[7.4166,12.9347],[7.4202,12.9319],[7.4212,12.9289],[7.429,12.9223],[7.4306,12.9216],[7.4281,12.9144],[7.4354,12.9145],[7.4374,12.9177],[7.4363,12.9233],[7.4417,12.926],[7.4517,12.9279],[7.4534,12.9332],[7.4594,12.9332],[7.465,12.9348],[7.467,12.9363],[7.4702,12.9347],[7.4737,12.9355],[7.4777,12.9396],[7.4771,12.944],[7.47,12.9538],[7.4757,12.9575],[7.4786,12.9606],[7.4811,12.9604],[7.4874,12.9556],[7.4935,12.9583],[7.4986,12.9579],[7.5023,12.9601],[7.5041,12.9656],[7.5094,12.9673],[7.5142,12.9636],[7.5182,12.9622],[7.5213,12.9592],[7.5253,12.9609],[7.5276,12.9662],[7.5329,12.9656],[7.5382,12.9683],[7.5451,12.97],[7.5535,12.9698],[7.5577,12.9687]]]},"properties":{"name":"BUGAJE","state":"20","code":"20/16/08"}},{"type":"Feature","geometry":{"type":"Polygon","coordinates":[[[7.4281,12.9144],[7.4306,12.9216],[7.429,12.9223],[7.4212,12.9289],[7.4202,12.9319],[7.4166,12.9347],[7.4155,12.9369],[7.4155,12.9427],[7.4119,12.9434],[7.4042,12.9424],[7.4032,12.9447],[7.4006,12.9463],[7.401,12.9485],[7.3984,12.9522],[7.3965,12.9574],[7.3937,12.9688],[7.3932,12.9742],[7.401,12.9834],[7.4039,12.9836],[7.4133,12.9883],[7.4162,12.988],[7.4204,12.9843],[7.4255,12.9856],[7.4293,12.9851],[7.4376,12.9868],[7.4479,12.9906],[7.4514,12.99],[7.4551,12.9916],[7.463,12.9923],[7.4698,12.996],[7.4767,12.9935],[7.4781,12.9921],[7.4858,12.9916],[7.4914,12.9935],[7.4932,12.99],[7.4976,12.9913],[7.5002,13.0006],[7.4985,13.0104],[7.4964,13.0124],[7.498,13.0163],[7.5045,13.019],[7.508,13.0238],[7.5121,13.0253],[7.5087,13.0294],[7.5025,13.0304],[7.4993,13.0327],[7.4954,13.0338],[7.493,13.036],[7.4881,13.0368],[7.4852,13.0424],[7.4796,13.0414],[7.4729,13.0433],[7.4685,13.0429],[7.4643,13.041],[7.4579,13.0363],[7.4559,13.0369],[7.4511,13.0318],[7.4433,13.0286],[7.4415,13.0324],[7.4327,13.0359],[7.4309,13.0392],[7.4299,13.0457],[7.4154,13.0464],[7.4097,13.048],[7.4043,13.0469],[7.4033,13.0434],[7.4038,13.0379],[7.4004,13.0341],[7.3994,13.0285],[7.398,13.0256],[7.3988,13.0192],[7.4001,13.0159],[7.4002,13.0114],[7.3891,13.002],[7.3885,12.9981],[7.3866,12.9939],[7.3835,12.995],[7.3783,12.995],[7.3717,12.996],[7.3712,12.9894],[7.3746,12.9861],[7.3795,12.9831],[7.3825,12.9835],[7.3848,12.9795],[7.3839,12.9739],[7.386,12.9669],[7.3874,12.9644],[7.3849,12.9621],[7.3825,12.957],[7.3833,12.9528],[7.3864,12.9532],[7.3896,12.9562],[7.3961,12.9479],[7.3952,12.9423],[7.3979,12.9333],[7.3935,12.9254],[7.3974,12.9211],[7.3997,12.9148],[7.3981,12.9126],[7.3993,12.9085],[7.3958,12.9001],[7.3979,12.8973],[7.3974,12.8925],[7.4021,12.8953],[7.4069,12.8925],[7.412,12.8933],[7.4146,12.8956],[7.417,12.8997],[7.4199,12.9024],[7.4251,12.9022],[7.4248,12.9051],[7.4227,12.9112],[7.4244,12.9142],[7.4281,12.9144]]]},"properties":{"name":"GANGARA","state":"20","code":"20/16/09"}},{"type":"Feature","geometry":{"type":"Polygon","coordinates":[[[7.644,13.137],[7.6416,13.138],[7.6385,13.1431],[7.638,13.15],[7.6402,13.1531],[7.6386,13.1572],[7.6379,13.1691],[7.6398,13.1735],[7.6421,13.1746],[7.6438,13.1807],[7.6486,13.188],[7.6479,13.1931],[7.6459,13.1993],[7.6409,13.201],[7.6403,13.2029],[7.6332,13.2043],[7.6383,13.2101],[7.6344,13.213],[7.6326,13.2161],[7.6343,13.2267],[7.6326,13.2296],[7.6252,13.226],[7.6102,13.2178],[7.5901,13.2058],[7.5654,13.1901],[7.5478,13.1791],[7.5274,13.1677],[7.4781,13.138],[7.4822,13.1328],[7.4847,13.1262],[7.4822,13.1209],[7.4713,13.1119],[7.4687,13.1102],[7.4678,13.1025],[7.4721,13.0965],[7.4785,13.0953],[7.4832,13.0914],[7.4886,13.0896],[7.4892,13.0846],[7.4947,13.0904],[7.502,13.0881],[7.5046,13.0897],[7.5091,13.0975],[7.5134,13.0962],[7.5174,13.0933],[7.5196,13.0897],[7.5231,13.0892],[7.5258,13.0902],[7.5286,13.0934],[7.5347,13.0944],[7.5389,13.0995],[7.5416,13.1077],[7.5437,13.1101],[7.5449,13.1164],[7.5492,13.1168],[7.5535,13.116],[7.5565,13.1139],[7.5588,13.1148],[7.5589,13.1066],[7.5611,13.1022],[7.5601,13.0989],[7.5607,13.0924],[7.5605,13.0875],[7.5616,13.0838],[7.565,13.0778],[7.565,13.0721],[7.5668,13.0692],[7.5691,13.0685],[7.5714,13.0655],[7.5773,13.0604],[7.5803,13.0587],[7.583,13.0625],[7.5827,13.0648],[7.5859,13.0681],[7.5923,13.0722],[7.5946,13.0781],[7.5934,13.0814],[7.5939,13.0858],[7.5969,13.0889],[7.5972,13.0921],[7.5993,13.0973],[7.5968,13.0985],[7.5948,13.1043],[7.5948,13.1074],[7.6029,13.1092],[7.6064,13.1092],[7.6087,13.1112],[7.6136,13.1122],[7.6246,13.1104],[7.6285,13.1124],[7.6337,13.1111],[7.636,13.1174],[7.6359,13.1196],[7.6388,13.1246],[7.6397,13.1292],[7.6436,13.1337],[7.644,13.137]]]},"properties":{"name":"RIKO","state":"20","code":"20/16/10"}},{"type":"Feature","geometry":{"type":"Polygon","coordinates":[[[7.4043,13.0469],[7.4097,13.048],[7.4154,13.0464],[7.4299,13.0457],[7.4309,13.0392],[7.4327,13.0359],[7.4415,13.0324],[7.4433,13.0286],[7.4511,13.0318],[7.4559,13.0369],[7.4579,13.0363],[7.4643,13.041],[7.4685,13.0429],[7.4729,13.0433],[7.4796,13.0414],[7.4852,13.0424],[7.4881,13.0368],[7.493,13.036],[7.4954,13.0338],[7.4993,13.0327],[7.5025,13.0304],[7.5087,13.0294],[7.5121,13.0253],[7.5137,13.0233],[7.5177,13.0219],[7.5263,13.0213],[7.5277,13.0241],[7.5341,13.0284],[7.5406,13.0351],[7.5485,13.0318],[7.5509,13.0325],[7.5523,13.0297],[7.5605,13.0237],[7.5626,13.0252],[7.5653,13.0306],[7.5639,13.0364],[7.5661,13.042],[7.5675,13.0427],[7.5744,13.0421],[7.5797,13.0431],[7.5835,13.0387],[7.5844,13.0439],[7.5799,13.0527],[7.5809,13.0564],[7.5803,13.0587],[7.5773,13.0604],[7.5714,13.0655],[7.5691,13.0685],[7.5668,13.0692],[7.565,13.0721],[7.565,13.0778],[7.5616,13.0838],[7.5605,13.0875],[7.5607,13.0924],[7.5601,13.0989],[7.5611,13.1022],[7.5589,13.1066],[7.5588,13.1148],[7.5565,13.1139],[7.5535,13.116],[7.5492,13.1168],[7.5449,13.1164],[7.5437,13.1101],[7.5416,13.1077],[7.5389,13.0995],[7.5347,13.0944],[7.5286,13.0934],[7.5258,13.0902],[7.5231,13.0892],[7.5196,13.0897],[7.5174,13.0933],[7.5134,13.0962],[7.5091,13.0975],[7.5046,13.0897],[7.502,13.0881],[7.4947,13.0904],[7.4892,13.0846],[7.4886,13.0896],[7.4832,13.0914],[7.4785,13.0953],[7.4721,13.0965],[7.4678,13.1025],[7.4687,13.1102],[7.4713,13.1119],[7.4822,13.1209],[7.4847,13.1262],[7.4822,13.1328],[7.4781,13.138],[7.4394,13.1149],[7.405,13.1035],[7.3889,13.0983],[7.383,13.099],[7.386,13.0955],[7.3869,13.0882],[7.3898,13.0867],[7.3919,13.0833],[7.3905,13.0806],[7.3907,13.0774],[7.3931,13.075],[7.3927,13.0703],[7.3941,13.0679],[7.3944,13.0631],[7.3972,13.0595],[7.3995,13.0527],[7.4043,13.0469]]]},"properties":{"name":"KUSA","state":"20","code":"20/16/11"}},{"type":"Feature","geometry":{"type":"Polygon","coordinates":[[[7.7098,11.8321],[7.7004,11.8366],[7.6949,11.8359],[7.6871,11.8307],[7.6829,11.8302],[7.6779,11.8264],[7.6776,11.8227],[7.6785,11.8181],[7.6829,11.8165],[7.6865,11.8141],[7.6892,11.815],[7.6902,11.8113],[7.6928,11.8109],[7.6973,11.8068],[7.6961,11.8029],[7.6916,11.7996],[7.6829,11.7974],[7.6778,11.7941],[7.6771,11.7911],[7.6736,11.7886],[7.6685,11.7867],[7.6722,11.782],[7.6756,11.7809],[7.6774,11.7761],[7.6744,11.7725],[7.6759,11.7701],[7.6809,11.7655],[7.682,11.7624],[7.677,11.7593],[7.6781,11.7554],[7.6726,11.7508],[7.669,11.7494],[7.6639,11.7489],[7.6646,11.7418],[7.6644,11.7357],[7.6608,11.7307],[7.6538,11.7269],[7.6515,11.7209],[7.6608,11.7086],[7.6677,11.71],[7.6709,11.7069],[7.6763,11.7099],[7.6847,11.7099],[7.689,11.7079],[7.6955,11.7102],[7.6995,11.7177],[7.7018,11.7172],[7.7016,11.7143],[7.7071,11.7085],[7.7095,11.7072],[7.7119,11.7026],[7.7089,11.6943],[7.7148,11.6861],[7.7173,11.6857],[7.7207,11.6752],[7.7252,11.6703],[7.7257,11.6666],[7.7358,11.6678],[7.738,11.6703],[7.7411,11.6686],[7.7428,11.6707],[7.7404,11.6769],[7.7429,11.6772],[7.7505,11.6739],[7.7553,11.667],[7.759,11.6654],[7.7611,11.6615],[7.7614,11.6547],[7.7648,11.6493],[7.7656,11.6465],[7.7732,11.6468],[7.7766,11.65],[7.7742,11.6557],[7.7756,11.6583],[7.7813,11.6593],[7.7846,11.6626],[7.7846,11.6645],[7.7881,11.6664],[7.7824,11.6725],[7.7827,11.6784],[7.7903,11.6787],[7.795,11.6813],[7.7996,11.6823],[7.8042,11.6864],[7.8069,11.6875],[7.8054,11.6934],[7.801,11.6971],[7.8008,11.7002],[7.8022,11.7061],[7.798,11.7147],[7.7974,11.7177],[7.7893,11.7168],[7.7841,11.7184],[7.7827,11.7212],[7.7795,11.7239],[7.7669,11.7294],[7.7659,11.7281],[7.7554,11.7239],[7.7515,11.72],[7.7476,11.7209],[7.743,11.7195],[7.7379,11.7192],[7.7352,11.7161],[7.731,11.7144],[7.727,11.7181],[7.7264,11.7206],[7.724,11.7223],[7.7236,11.7253],[7.7213,11.7273],[7.7215,11.7305],[7.724,11.7312],[7.7291,11.7368],[7.7307,11.7395],[7.7314,11.7455],[7.7348,11.7472],[7.7348,11.7492],[7.7395,11.7601],[7.7397,11.7644],[7.7383,11.7705],[7.7351,11.7747],[7.74,11.7792],[7.7442,11.7816],[7.7438,11.7898],[7.7386,11.7927],[7.7339,11.7908],[7.7288,11.7909],[7.7258,11.7936],[7.721,11.8003],[7.7201,11.8041],[7.7109,11.8039],[7.7097,11.809],[7.7075,11.8137],[7.7028,11.817],[7.7072,11.8237],[7.7098,11.8321]]]},"properties":{"name":"YARTALATA/RIGOJI","state":"20","code":"20/17/01"}},{"type":"Feature","geometry":{"type":"Polygon","coordinates":[[[7.6767,11.4865],[7.6656,11.4921],[7.6619,11.495],[7.6619,11.4975],[7.6541,11.5034],[7.6517,11.4976],[7.6515,11.4946],[7.6531,11.4898],[7.6514,11.4865],[7.6493,11.4858],[7.6472,11.4821],[7.6436,11.4818],[7.6377,11.48],[7.6359,11.4845],[7.6332,11.4859],[7.6322,11.4884],[7.6327,11.494],[7.6249,11.4944],[7.6213,11.5004],[7.6232,11.5048],[7.6225,11.5082],[7.6241,11.5108],[7.6244,11.5156],[7.6273,11.5193],[7.6304,11.5266],[7.6308,11.5313],[7.6224,11.5353],[7.6222,11.5402],[7.6266,11.5484],[7.6266,11.5545],[7.6289,11.5576],[7.6259,11.5594],[7.6213,11.5561],[7.6162,11.5569],[7.6147,11.5589],[7.6102,11.5602],[7.6054,11.5594],[7.601,11.5606],[7.597,11.5642],[7.5945,11.5678],[7.5902,11.5714],[7.5846,11.5734],[7.5846,11.5758],[7.5822,11.5795],[7.5732,11.5756],[7.5678,11.5721],[7.5646,11.5709],[7.5656,11.5686],[7.5722,11.5642],[7.5735,11.5627],[7.5729,11.5546],[7.5703,11.5541],[7.5692,11.5506],[7.5731,11.5467],[7.5769,11.5453],[7.5742,11.5392],[7.5737,11.5327],[7.5781,11.5326],[7.5771,11.5287],[7.5772,11.5224],[7.5795,11.5197],[7.5794,11.5146],[7.5839,11.5093],[7.5888,11.509],[7.5862,11.5063],[7.5854,11.5033],[7.5821,11.4983],[7.588,11.495],[7.5945,11.4961],[7.5973,11.4956],[7.5998,11.4976],[7.6037,11.496],[7.6085,11.4956],[7.61,11.4918],[7.618,11.4869],[7.618,11.4842],[7.6212,11.4798],[7.621,11.4777],[7.6276,11.4779],[7.635,11.4749],[7.6392,11.4724],[7.639,11.47],[7.6481,11.4695],[7.6501,11.4718],[7.6525,11.4696],[7.6565,11.4574],[7.6523,11.4538],[7.6439,11.4511],[7.6385,11.448],[7.6382,11.4424],[7.6344,11.4382],[7.6358,11.4341],[7.636,11.4263],[7.637,11.4246],[7.6361,11.4156],[7.6389,11.4095],[7.6381,11.4065],[7.646,11.4021],[7.6512,11.4009],[7.6603,11.4015],[7.663,11.4056],[7.6649,11.4061],[7.6675,11.4074],[7.6715,11.4165],[7.6786,11.4215],[7.6799,11.4248],[7.6828,11.4261],[7.6877,11.4253],[7.6921,11.4282],[7.6949,11.429],[7.6952,11.4315],[7.6931,11.434],[7.694,11.454],[7.6921,11.4605],[7.6874,11.4696],[7.6828,11.4758],[7.6752,11.4833],[7.6767,11.4865]]]},"properties":{"name":"DUTSIN KURA/KANYA","state":"20","code":"20/17/02"}},{"type":"Feature","geometry":{"type":"Polygon","coordinates":[[[7.6515,11.7209],[7.6477,11.7192],[7.6448,11.7157],[7.6432,11.7105],[7.6386,11.7077],[7.6357,11.7049],[7.6304,11.6944],[7.629,11.6881],[7.6281,11.6801],[7.6305,11.6725],[7.6343,11.6703],[7.6303,11.6648],[7.6301,11.6626],[7.6333,11.6604],[7.6353,11.657],[7.6384,11.6573],[7.6435,11.6556],[7.6426,11.6526],[7.6448,11.6468],[7.6485,11.6452],[7.6536,11.6492],[7.6546,11.6511],[7.6616,11.654],[7.6648,11.6503],[7.6666,11.6453],[7.6745,11.643],[7.6779,11.6462],[7.6804,11.6451],[7.6871,11.646],[7.6882,11.6444],[7.6874,11.6355],[7.6905,11.6331],[7.6951,11.6333],[7.6977,11.6351],[7.6987,11.6381],[7.7016,11.6424],[7.7075,11.647],[7.7156,11.6496],[7.7209,11.6524],[7.7231,11.6555],[7.7249,11.6612],[7.7263,11.663],[7.7257,11.6666],[7.7252,11.6703],[7.7207,11.6752],[7.7173,11.6857],[7.7148,11.6861],[7.7089,11.6943],[7.7119,11.7026],[7.7095,11.7072],[7.7071,11.7085],[7.7016,11.7143],[7.7018,11.7172],[7.6995,11.7177],[7.6955,11.7102],[7.689,11.7079],[7.6847,11.7099],[7.6763,11.7099],[7.6709,11.7069],[7.6677,11.71],[7.6608,11.7086],[7.6515,11.7209]]]},"properties":{"name":"KAFUR","state":"20","code":"20/17/03"}},{"type":"Feature","geometry":{"type":"Polygon","coordinates":[[[7.7395,11.6168],[7.7313,11.6237],[7.7321,11.6253],[7.7292,11.6288],[7.7296,11.6317],[7.7261,11.6327],[7.7213,11.6357],[7.7228,11.6399],[7.7235,11.6477],[7.7209,11.6524],[7.7156,11.6496],[7.7075,11.647],[7.7016,11.6424],[7.6987,11.6381],[7.6977,11.6351],[7.6951,11.6333],[7.6905,11.6331],[7.6874,11.6355],[7.6882,11.6444],[7.6871,11.646],[7.6804,11.6451],[7.6779,11.6462],[7.6745,11.643],[7.6666,11.6453],[7.6648,11.6503],[7.6616,11.654],[7.6546,11.6511],[7.6536,11.6492],[7.6485,11.6452],[7.6448,11.6468],[7.6426,11.6526],[7.6435,11.6556],[7.6384,11.6573],[7.6353,11.657],[7.6333,11.6604],[7.6301,11.6626],[7.6303,11.6648],[7.6343,11.6703],[7.6305,11.6725],[7.6281,11.6801],[7.629,11.6881],[7.6304,11.6944],[7.6357,11.7049],[7.6386,11.7077],[7.6358,11.7088],[7.6326,11.7083],[7.6303,11.7096],[7.6255,11.7078],[7.6193,11.7091],[7.6135,11.7076],[7.61,11.7026],[7.6104,11.6958],[7.608,11.6945],[7.5998,11.695],[7.592,11.6902],[7.5939,11.6867],[7.5946,11.6793],[7.5968,11.6757],[7.5954,11.6693],[7.5965,11.668],[7.5965,11.6618],[7.5986,11.6587],[7.6022,11.6502],[7.6057,11.648],[7.6046,11.6445],[7.6064,11.6425],[7.6072,11.6414],[7.6102,11.6312],[7.6171,11.6229],[7.6207,11.6199],[7.6208,11.6164],[7.6193,11.6144],[7.6195,11.6103],[7.6172,11.6093],[7.6184,11.6027],[7.6198,11.5998],[7.6252,11.595],[7.6284,11.5911],[7.6328,11.5878],[7.6319,11.5856],[7.635,11.5808],[7.6352,11.5769],[7.643,11.5697],[7.648,11.574],[7.6534,11.574],[7.6561,11.5752],[7.6602,11.5743],[7.664,11.5762],[7.6671,11.5822],[7.6693,11.5846],[7.6776,11.5865],[7.688,11.5923],[7.6928,11.5925],[7.6987,11.5877],[7.7006,11.5882],[7.7049,11.5924],[7.7069,11.595],[7.7106,11.5974],[7.7181,11.5996],[7.7215,11.5997],[7.722,11.6034],[7.7365,11.6086],[7.7395,11.6168]]]},"properties":{"name":"MASARI","state":"20","code":"20/17/04"}},{"type":"Feature","geometry":{"type":"Polygon","coordinates":[[[7.5499,11.6251],[7.552,11.619],[7.5514,11.6155],[7.5543,11.6138],[7.5668,11.6253],[7.5663,11.6272],[7.5717,11.6309],[7.5746,11.6354],[7.58,11.6359],[7.5825,11.6334],[7.5862,11.6316],[7.5891,11.6335],[7.5933,11.6305],[7.5963,11.6296],[7.6061,11.6294],[7.6042,11.6351],[7.6064,11.6425],[7.6046,11.6445],[7.6057,11.648],[7.6022,11.6502],[7.5986,11.6587],[7.5965,11.6618],[7.5965,11.668],[7.5954,11.6693],[7.5968,11.6757],[7.5946,11.6793],[7.5939,11.6867],[7.592,11.6902],[7.5855,11.6965],[7.5835,11.7053],[7.5818,11.7076],[7.5807,11.7137],[7.5792,11.7153],[7.5784,11.7204],[7.5794,11.7256],[7.5738,11.7319],[7.5722,11.7359],[7.5673,11.741],[7.5615,11.7399],[7.5566,11.7398],[7.5526,11.7376],[7.5493,11.7306],[7.5464,11.7291],[7.5441,11.7257],[7.5407,11.724],[7.5403,11.7182],[7.5434,11.7087],[7.5471,11.7074],[7.5463,11.6995],[7.5444,11.696],[7.5444,11.6918],[7.5409,11.6884],[7.5405,11.6855],[7.5337,11.6819],[7.5311,11.679],[7.5353,11.6755],[7.5356,11.6712],[7.5347,11.6668],[7.5371,11.6635],[7.5353,11.657],[7.541,11.6552],[7.5431,11.6558],[7.547,11.652],[7.5509,11.6508],[7.5518,11.6462],[7.5567,11.6411],[7.5528,11.6343],[7.5528,11.6273],[7.5499,11.6251]]]},"properties":{"name":"YARI BORI","state":"20","code":"20/17/05"}},{"type":"Feature","geometry":{"type":"Polygon","coordinates":[[[7.7185,11.569],[7.7169,11.5717],[7.7132,11.5732],[7.7068,11.5822],[7.7053,11.586],[7.7049,11.5924],[7.7006,11.5882],[7.6987,11.5877],[7.6928,11.5925],[7.688,11.5923],[7.6776,11.5865],[7.6693,11.5846],[7.6671,11.5822],[7.664,11.5762],[7.6602,11.5743],[7.6561,11.5752],[7.6534,11.574],[7.648,11.574],[7.643,11.5697],[7.6411,11.5657],[7.6385,11.5631],[7.6374,11.5596],[7.6334,11.5531],[7.6289,11.5576],[7.6266,11.5545],[7.6266,11.5484],[7.6222,11.5402],[7.6224,11.5353],[7.6308,11.5313],[7.6304,11.5266],[7.6273,11.5193],[7.6244,11.5156],[7.6241,11.5108],[7.6225,11.5082],[7.6232,11.5048],[7.6213,11.5004],[7.6249,11.4944],[7.6327,11.494],[7.6322,11.4884],[7.6332,11.4859],[7.6359,11.4845],[7.6377,11.48],[7.6436,11.4818],[7.6472,11.4821],[7.6493,11.4858],[7.6514,11.4865],[7.6531,11.4898],[7.6515,11.4946],[7.6517,11.4976],[7.6541,11.5034],[7.6619,11.4975],[7.6619,11.495],[7.6656,11.4921],[7.6767,11.4865],[7.6794,11.4922],[7.6801,11.5066],[7.6826,11.5112],[7.6827,11.5171],[7.6862,11.5181],[7.6818,11.5251],[7.698,11.5354],[7.6997,11.5416],[7.7036,11.5425],[7.7112,11.549],[7.7169,11.5634],[7.7185,11.569]]]},"properties":{"name":"SABUWAR KASA","state":"20","code":"20/17/06"}},{"type":"Feature","geometry":{"type":"Polygon","coordinates":[[[7.5099,11.4882],[7.5102,11.4827],[7.5073,11.4787],[7.5025,11.4738],[7.5011,11.4704],[7.5013,11.4662],[7.5036,11.46],[7.502,11.4565],[7.5005,11.4471],[7.4948,11.4429],[7.4841,11.44],[7.483,11.435],[7.4846,11.4302],[7.4879,11.4258],[7.4924,11.4255],[7.4994,11.4227],[7.5018,11.4249],[7.5067,11.4271],[7.5127,11.4331],[7.517,11.4326],[7.5217,11.4355],[7.5299,11.4356],[7.5419,11.4382],[7.5447,11.4379],[7.5427,11.4306],[7.5443,11.4273],[7.5496,11.4249],[7.5527,11.4212],[7.5586,11.4105],[7.5664,11.4098],[7.569,11.4111],[7.575,11.4168],[7.5803,11.4191],[7.5833,11.418],[7.5863,11.4114],[7.5864,11.4095],[7.5891,11.4049],[7.5888,11.4003],[7.5868,11.3997],[7.5884,11.3913],[7.5878,11.3891],[7.5952,11.3882],[7.598,11.3916],[7.6025,11.394],[7.6029,11.3983],[7.6069,11.4012],[7.6096,11.4048],[7.6141,11.4075],[7.618,11.4121],[7.6235,11.4112],[7.6261,11.4141],[7.6288,11.415],[7.6361,11.4156],[7.637,11.4246],[7.636,11.4263],[7.6358,11.4341],[7.6344,11.4382],[7.6382,11.4424],[7.6385,11.448],[7.6439,11.4511],[7.6523,11.4538],[7.6565,11.4574],[7.6525,11.4696],[7.6501,11.4718],[7.6481,11.4695],[7.639,11.47],[7.6392,11.4724],[7.635,11.4749],[7.6276,11.4779],[7.621,11.4777],[7.6212,11.4798],[7.618,11.4842],[7.618,11.4869],[7.61,11.4918],[7.6085,11.4956],[7.6037,11.496],[7.5998,11.4976],[7.5973,11.4956],[7.5945,11.4961],[7.588,11.495],[7.5821,11.4983],[7.5784,11.4985],[7.5761,11.501],[7.5704,11.5052],[7.5683,11.5079],[7.565,11.506],[7.5585,11.5113],[7.5539,11.512],[7.5493,11.5108],[7.5479,11.5071],[7.5433,11.5014],[7.5333,11.5],[7.5268,11.4895],[7.5189,11.4906],[7.5099,11.4882]]]},"properties":{"name":"GOZAKI","state":"20","code":"20/17/07"}},{"type":"Feature","geometry":{"type":"Polygon","coordinates":[[[7.8599,11.7729],[7.8513,11.7709],[7.8505,11.7767],[7.8483,11.7822],[7.8415,11.7849],[7.8395,11.7826],[7.8381,11.777],[7.8345,11.7768],[7.832,11.7744],[7.8285,11.7733],[7.8246,11.7754],[7.8196,11.7735],[7.8206,11.7697],[7.8194,11.7681],[7.8034,11.7692],[7.7937,11.769],[7.7956,11.7639],[7.791,11.7615],[7.7862,11.7613],[7.7807,11.7633],[7.7806,11.7698],[7.7753,11.7713],[7.7728,11.7702],[7.7664,11.7711],[7.7588,11.7737],[7.7539,11.774],[7.7483,11.7725],[7.7476,11.7693],[7.7516,11.7699],[7.7534,11.7687],[7.7549,11.765],[7.7536,11.7631],[7.7448,11.7648],[7.7397,11.7644],[7.7395,11.7601],[7.7348,11.7492],[7.7348,11.7472],[7.7314,11.7455],[7.7307,11.7395],[7.7291,11.7368],[7.724,11.7312],[7.7215,11.7305],[7.7213,11.7273],[7.7236,11.7253],[7.724,11.7223],[7.7264,11.7206],[7.727,11.7181],[7.731,11.7144],[7.7352,11.7161],[7.7379,11.7192],[7.743,11.7195],[7.7476,11.7209],[7.7515,11.72],[7.7554,11.7239],[7.7659,11.7281],[7.7669,11.7294],[7.7795,11.7239],[7.7827,11.7212],[7.7841,11.7184],[7.7893,11.7168],[7.7974,11.7177],[7.7972,11.7281],[7.798,11.7297],[7.8023,11.7298],[7.8051,11.7278],[7.8112,11.7281],[7.8122,11.7315],[7.8258,11.7315],[7.8302,11.7337],[7.8333,11.7337],[7.8351,11.7279],[7.842,11.7195],[7.8467,11.7176],[7.8491,11.7178],[7.8533,11.7152],[7.857,11.714],[7.8595,11.7108],[7.8631,11.7126],[7.8678,11.7169],[7.8656,11.719],[7.8631,11.7252],[7.8567,11.7301],[7.8607,11.7357],[7.8634,11.7413],[7.8676,11.7431],[7.8691,11.7459],[7.8694,11.75],[7.8676,11.7564],[7.8608,11.762],[7.8599,11.7729]]]},"properties":{"name":"DANTUTTURE","state":"20","code":"20/17/08"}},{"type":"Feature","geometry":{"type":"Polygon","coordinates":[[[7.8676,11.7431],[7.8634,11.7413],[7.8607,11.7357],[7.8567,11.7301],[7.8631,11.7252],[7.8656,11.719],[7.8678,11.7169],[7.8631,11.7126],[7.8595,11.7108],[7.857,11.714],[7.8533,11.7152],[7.8491,11.7178],[7.8467,11.7176],[7.842,11.7195],[7.8351,11.7279],[7.8333,11.7337],[7.8302,11.7337],[7.8258,11.7315],[7.8122,11.7315],[7.8112,11.7281],[7.8051,11.7278],[7.8023,11.7298],[7.798,11.7297],[7.7972,11.7281],[7.7974,11.7177],[7.798,11.7147],[7.8022,11.7061],[7.8008,11.7002],[7.801,11.6971],[7.8054,11.6934],[7.8069,11.6875],[7.8042,11.6864],[7.7996,11.6823],[7.795,11.6813],[7.7903,11.6787],[7.7827,11.6784],[7.7824,11.6725],[7.7881,11.6664],[7.7846,11.6645],[7.7846,11.6626],[7.7813,11.6593],[7.7756,11.6583],[7.7742,11.6557],[7.7766,11.65],[7.7732,11.6468],[7.7656,11.6465],[7.7648,11.6493],[7.7614,11.6547],[7.7611,11.6615],[7.759,11.6654],[7.7553,11.667],[7.7505,11.6739],[7.7429,11.6772],[7.7404,11.6769],[7.7428,11.6707],[7.7411,11.6686],[7.738,11.6703],[7.7358,11.6678],[7.7257,11.6666],[7.7263,11.663],[7.7249,11.6612],[7.7231,11.6555],[7.7209,11.6524],[7.7235,11.6477],[7.7228,11.6399],[7.7213,11.6357],[7.7261,11.6327],[7.7296,11.6317],[7.7292,11.6288],[7.7321,11.6253],[7.7313,11.6237],[7.7395,11.6168],[7.7455,11.6194],[7.7582,11.6237],[7.7669,11.6286],[7.7792,11.6301],[7.7868,11.6298],[7.7933,11.6255],[7.7965,11.6254],[7.7979,11.6306],[7.805,11.6344],[7.8079,11.6345],[7.8144,11.6381],[7.8202,11.6349],[7.8282,11.6359],[7.8324,11.6319],[7.8397,11.6322],[7.8412,11.6329],[7.8449,11.6418],[7.8478,11.6444],[7.8516,11.6456],[7.8538,11.6483],[7.8578,11.6497],[7.866,11.6489],[7.866,11.6527],[7.8699,11.6584],[7.8727,11.6585],[7.8789,11.6544],[7.8818,11.6536],[7.8892,11.6551],[7.8917,11.655],[7.897,11.6489],[7.901,11.6496],[7.9023,11.6532],[7.9009,11.6615],[7.8929,11.6647],[7.8919,11.6675],[7.8977,11.6745],[7.8944,11.679],[7.8953,11.6833],[7.8916,11.6911],[7.8961,11.6944],[7.8966,11.6967],[7.8883,11.7072],[7.8826,11.7084],[7.8778,11.7113],[7.8768,11.7181],[7.8753,11.7213],[7.8676,11.7431]]]},"properties":{"name":"MAHUTA","state":"20","code":"20/17/09"}},{"type":"Feature","geometry":{"type":"Polygon","coordinates":[[[7.8531,11.8239],[7.8476,11.8223],[7.8422,11.8242],[7.8371,11.8221],[7.8345,11.8219],[7.8284,11.8308],[7.8265,11.8305],[7.8228,11.8345],[7.8177,11.8336],[7.8156,11.8285],[7.8101,11.83],[7.809,11.8288],[7.8049,11.8301],[7.804,11.8321],[7.7961,11.8349],[7.7946,11.8361],[7.7898,11.8367],[7.7889,11.8382],[7.7844,11.8378],[7.7749,11.8426],[7.7747,11.8476],[7.771,11.8494],[7.7687,11.8489],[7.7663,11.8514],[7.7551,11.8475],[7.7512,11.8471],[7.7455,11.8487],[7.7362,11.8496],[7.7329,11.8467],[7.727,11.8472],[7.7208,11.8485],[7.717,11.8468],[7.7169,11.8434],[7.7133,11.8357],[7.7098,11.8321],[7.7072,11.8237],[7.7028,11.817],[7.7075,11.8137],[7.7097,11.809],[7.7109,11.8039],[7.7201,11.8041],[7.721,11.8003],[7.7258,11.7936],[7.7288,11.7909],[7.7339,11.7908],[7.7386,11.7927],[7.7438,11.7898],[7.7442,11.7816],[7.74,11.7792],[7.7351,11.7747],[7.7383,11.7705],[7.7397,11.7644],[7.7448,11.7648],[7.7536,11.7631],[7.7549,11.765],[7.7534,11.7687],[7.7516,11.7699],[7.7476,11.7693],[7.7483,11.7725],[7.7539,11.774],[7.7588,11.7737],[7.7664,11.7711],[7.7728,11.7702],[7.7753,11.7713],[7.7806,11.7698],[7.7807,11.7633],[7.7862,11.7613],[7.791,11.7615],[7.7956,11.7639],[7.7937,11.769],[7.8034,11.7692],[7.8194,11.7681],[7.8206,11.7697],[7.8196,11.7735],[7.8246,11.7754],[7.8285,11.7733],[7.832,11.7744],[7.8345,11.7768],[7.8381,11.777],[7.8395,11.7826],[7.8415,11.7849],[7.8483,11.7822],[7.8505,11.7767],[7.8513,11.7709],[7.8599,11.7729],[7.8587,11.7838],[7.8575,11.7949],[7.855,11.8019],[7.8555,11.8109],[7.8553,11.8173],[7.8531,11.8239]]]},"properties":{"name":"GAMZAGO","state":"20","code":"20/17/10"}},{"type":"Feature","geometry":{"type":"Polygon","coordinates":[[[7.717,13.0397],[7.7165,13.0423],[7.7104,13.0492],[7.71,13.0516],[7.7038,13.055],[7.7035,13.0589],[7.6991,13.0575],[7.6978,13.0636],[7.6967,13.0743],[7.6986,13.0818],[7.692,13.0859],[7.6955,13.0914],[7.6956,13.0932],[7.6914,13.0946],[7.692,13.0966],[7.6994,13.0982],[7.6959,13.1033],[7.6903,13.1092],[7.6931,13.116],[7.6887,13.1206],[7.6853,13.1162],[7.6804,13.1158],[7.6753,13.1137],[7.6721,13.1171],[7.6703,13.1156],[7.666,13.1174],[7.6609,13.1167],[7.6576,13.1187],[7.6573,13.1223],[7.658,13.1289],[7.656,13.1319],[7.6491,13.1375],[7.644,13.137],[7.6436,13.1337],[7.6397,13.1292],[7.6388,13.1246],[7.6359,13.1196],[7.636,13.1174],[7.6337,13.1111],[7.6285,13.1124],[7.6246,13.1104],[7.6136,13.1122],[7.6087,13.1112],[7.6064,13.1092],[7.6029,13.1092],[7.5948,13.1074],[7.5948,13.1043],[7.5968,13.0985],[7.5993,13.0973],[7.5972,13.0921],[7.5969,13.0889],[7.5939,13.0858],[7.5934,13.0814],[7.5946,13.0781],[7.5923,13.0722],[7.5859,13.0681],[7.5827,13.0648],[7.583,13.0625],[7.5803,13.0587],[7.5809,13.0564],[7.5799,13.0527],[7.5844,13.0439],[7.5876,13.0456],[7.5887,13.0485],[7.5935,13.05],[7.5986,13.0502],[7.6041,13.0536],[7.6084,13.059],[7.6107,13.0593],[7.6195,13.0576],[7.6272,13.0573],[7.6336,13.0543],[7.6362,13.0545],[7.6449,13.0594],[7.6433,13.0636],[7.6427,13.069],[7.6414,13.0707],[7.6413,13.0793],[7.6428,13.084],[7.649,13.0822],[7.6513,13.0828],[7.6582,13.0784],[7.6599,13.0716],[7.6644,13.0704],[7.6672,13.0636],[7.6728,13.0567],[7.6755,13.0547],[7.6733,13.0488],[7.6713,13.0469],[7.6693,13.0379],[7.6694,13.0274],[7.6704,13.0251],[7.6764,13.029],[7.679,13.0314],[7.6835,13.0299],[7.6854,13.0319],[7.6907,13.0285],[7.6901,13.0216],[7.6948,13.0232],[7.6958,13.0251],[7.7059,13.0259],[7.707,13.027],[7.7097,13.0341],[7.7147,13.0353],[7.7141,13.0378],[7.717,13.0397]]]},"properties":{"name":"YANDAKI","state":"20","code":"20/18/01"}},{"type":"Feature","geometry":{"type":"Polygon","coordinates":[[[7.8494,13.2693],[7.8445,13.2664],[7.8403,13.2627],[7.8389,13.2634],[7.8346,13.2615],[7.8296,13.2618],[7.8252,13.2599],[7.8178,13.2612],[7.8096,13.2671],[7.8058,13.2666],[7.803,13.2641],[7.8,13.2659],[7.7967,13.2643],[7.7931,13.269],[7.7875,13.2702],[7.7838,13.2687],[7.7782,13.2688],[7.7761,13.2678],[7.7721,13.2722],[7.7672,13.2738],[7.7641,13.2715],[7.7638,13.2686],[7.7578,13.2695],[7.7563,13.268],[7.7522,13.2713],[7.7468,13.272],[7.7376,13.2649],[7.7359,13.2536],[7.731,13.2522],[7.7281,13.2551],[7.7254,13.2517],[7.7219,13.2533],[7.7183,13.252],[7.7143,13.2476],[7.7106,13.2474],[7.706,13.2458],[7.7075,13.2381],[7.7086,13.2365],[7.7071,13.2264],[7.7122,13.2223],[7.7134,13.2198],[7.7128,13.2137],[7.7097,13.2127],[7.7093,13.2075],[7.7107,13.2003],[7.7092,13.1998],[7.7097,13.195],[7.7132,13.1945],[7.7137,13.19],[7.7158,13.1883],[7.72,13.1873],[7.7214,13.1829],[7.7242,13.1828],[7.7302,13.1788],[7.7356,13.1835],[7.741,13.1842],[7.7449,13.1856],[7.7507,13.1894],[7.7545,13.1965],[7.7625,13.1932],[7.7654,13.1965],[7.7693,13.1976],[7.7716,13.1995],[7.7701,13.2056],[7.7691,13.2067],[7.7703,13.2117],[7.7724,13.2139],[7.7732,13.217],[7.7721,13.2206],[7.7735,13.2234],[7.7759,13.2245],[7.7809,13.2238],[7.7909,13.2243],[7.7984,13.2174],[7.803,13.216],[7.8046,13.214],[7.8127,13.2107],[7.8151,13.2081],[7.8218,13.2055],[7.823,13.2087],[7.8262,13.21],[7.8298,13.2136],[7.8298,13.2172],[7.8324,13.2224],[7.8347,13.2233],[7.838,13.2268],[7.8483,13.2265],[7.8527,13.2318],[7.8535,13.2351],[7.861,13.2362],[7.8601,13.241],[7.859,13.2425],[7.8526,13.2461],[7.8545,13.2531],[7.8585,13.256],[7.8593,13.2579],[7.8541,13.2629],[7.8524,13.2676],[7.8494,13.2693]]]},"properties":{"name":"DANKABA","state":"20","code":"20/18/02"}},{"type":"Feature","geometry":{"type":"Polygon","coordinates":[[[7.7507,13.1894],[7.7544,13.1853],[7.7571,13.1841],[7.7618,13.18],[7.763,13.1829],[7.7687,13.1851],[7.7735,13.1857],[7.7861,13.1884],[7.7923,13.1873],[7.7947,13.1822],[7.7952,13.1784],[7.7922,13.1762],[7.7889,13.1771],[7.7842,13.1734],[7.7773,13.1742],[7.7729,13.1718],[7.7727,13.1681],[7.775,13.1663],[7.7815,13.1652],[7.785,13.1628],[7.7919,13.1645],[7.7966,13.169],[7.8025,13.1683],[7.8073,13.1664],[7.8103,13.1672],[7.8147,13.1651],[7.8228,13.1649],[7.8258,13.1659],[7.8299,13.1646],[7.8317,13.167],[7.8371,13.1711],[7.8421,13.1722],[7.8639,13.1781],[7.8725,13.181],[7.8745,13.1836],[7.8792,13.1814],[7.8792,13.1855],[7.8772,13.1888],[7.8774,13.1931],[7.8754,13.1977],[7.8764,13.1993],[7.8829,13.1973],[7.888,13.1988],[7.8899,13.2011],[7.8886,13.2051],[7.881,13.21],[7.8773,13.2117],[7.8761,13.2091],[7.8758,13.2044],[7.8657,13.2019],[7.8635,13.2006],[7.8611,13.2026],[7.8565,13.2],[7.8465,13.2019],[7.8437,13.2055],[7.8432,13.2086],[7.8513,13.2142],[7.8524,13.2134],[7.8561,13.2168],[7.8583,13.2173],[7.8631,13.2148],[7.8714,13.2166],[7.8711,13.2219],[7.8638,13.2251],[7.8593,13.226],[7.8556,13.2245],[7.8512,13.2241],[7.8483,13.2265],[7.838,13.2268],[7.8347,13.2233],[7.8324,13.2224],[7.8298,13.2172],[7.8298,13.2136],[7.8262,13.21],[7.823,13.2087],[7.8218,13.2055],[7.8151,13.2081],[7.8127,13.2107],[7.8046,13.214],[7.803,13.216],[7.7984,13.2174],[7.7909,13.2243],[7.7809,13.2238],[7.7759,13.2245],[7.7735,13.2234],[7.7721,13.2206],[7.7732,13.217],[7.7724,13.2139],[7.7703,13.2117],[7.7691,13.2067],[7.7701,13.2056],[7.7716,13.1995],[7.7693,13.1976],[7.7654,13.1965],[7.7625,13.1932],[7.7545,13.1965],[7.7507,13.1894]]]},"properties":{"name":"ABDALLAWA","state":"20","code":"20/18/03"}},{"type":"Feature","geometry":{"type":"Polygon","coordinates":[[[7.8483,13.2265],[7.8512,13.2241],[7.8556,13.2245],[7.8593,13.226],[7.8638,13.2251],[7.8711,13.2219],[7.8714,13.2166],[7.8631,13.2148],[7.8583,13.2173],[7.8561,13.2168],[7.8524,13.2134],[7.8513,13.2142],[7.8432,13.2086],[7.8437,13.2055],[7.8465,13.2019],[7.8565,13.2],[7.8611,13.2026],[7.8635,13.2006],[7.8657,13.2019],[7.8758,13.2044],[7.8761,13.2091],[7.8773,13.2117],[7.881,13.21],[7.8886,13.2051],[7.8899,13.2011],[7.888,13.1988],[7.8829,13.1973],[7.8764,13.1993],[7.8754,13.1977],[7.8774,13.1931],[7.8772,13.1888],[7.8792,13.1855],[7.8792,13.1814],[7.8745,13.1836],[7.8725,13.181],[7.8639,13.1781],[7.8421,13.1722],[7.8371,13.1711],[7.8317,13.167],[7.8299,13.1646],[7.8341,13.1605],[7.8375,13.1552],[7.8363,13.1485],[7.8375,13.147],[7.8444,13.1478],[7.8486,13.1506],[7.855,13.1492],[7.858,13.1494],[7.862,13.1458],[7.8623,13.14],[7.8633,13.1362],[7.8665,13.1379],[7.8734,13.1366],[7.8767,13.1373],[7.8774,13.1337],[7.881,13.1314],[7.8821,13.1284],[7.8815,13.1254],[7.8836,13.1237],[7.8891,13.1229],[7.8901,13.1205],[7.8976,13.1235],[7.8941,13.1324],[7.8915,13.1357],[7.9034,13.1425],[7.9136,13.1402],[7.9183,13.1427],[7.9186,13.1455],[7.9157,13.1507],[7.9155,13.1529],[7.9129,13.1566],[7.9124,13.1616],[7.9172,13.1647],[7.92,13.1704],[7.928,13.1698],[7.9318,13.172],[7.9342,13.1793],[7.9419,13.1864],[7.9402,13.1881],[7.9388,13.193],[7.9385,13.1976],[7.9364,13.1996],[7.9381,13.2028],[7.9373,13.2059],[7.9383,13.2129],[7.9447,13.2144],[7.9456,13.2162],[7.9456,13.2219],[7.9445,13.2286],[7.9447,13.2332],[7.9414,13.236],[7.9332,13.2379],[7.9274,13.2383],[7.92,13.2377],[7.9176,13.2353],[7.91,13.2318],[7.9057,13.2363],[7.9019,13.2382],[7.9,13.2458],[7.8984,13.248],[7.8904,13.248],[7.8897,13.2462],[7.8804,13.2463],[7.8786,13.2484],[7.8711,13.2511],[7.866,13.2452],[7.8643,13.2449],[7.8601,13.241],[7.861,13.2362],[7.8535,13.2351],[7.8527,13.2318],[7.8483,13.2265]]]},"properties":{"name":"BAAWA","state":"20","code":"20/18/04"}},{"type":"Feature","geometry":{"type":"Polygon","coordinates":[[[7.8375,13.147],[7.8345,13.1456],[7.8312,13.142],[7.8221,13.1395],[7.8217,13.1355],[7.8148,13.1276],[7.8113,13.1288],[7.8078,13.1278],[7.8009,13.1208],[7.7988,13.1225],[7.7943,13.1195],[7.7872,13.1203],[7.7847,13.1165],[7.7833,13.1103],[7.7837,13.1057],[7.7775,13.1005],[7.774,13.1021],[7.7729,13.0999],[7.7696,13.1001],[7.7628,13.1002],[7.7586,13.0992],[7.7579,13.0934],[7.7524,13.0869],[7.7546,13.0834],[7.7533,13.0801],[7.7546,13.0754],[7.7494,13.0708],[7.7556,13.0692],[7.7574,13.0647],[7.7608,13.0619],[7.7637,13.0652],[7.771,13.0654],[7.7728,13.0631],[7.7699,13.0589],[7.7646,13.0562],[7.7627,13.0517],[7.7636,13.0495],[7.7583,13.0432],[7.7597,13.0343],[7.762,13.0313],[7.7666,13.0273],[7.775,13.0326],[7.7775,13.0355],[7.7767,13.043],[7.7828,13.0412],[7.7861,13.0418],[7.788,13.0448],[7.791,13.0472],[7.792,13.0526],[7.7949,13.0533],[7.7993,13.0562],[7.8042,13.0579],[7.8083,13.0623],[7.8085,13.0652],[7.8138,13.0795],[7.8168,13.0801],[7.8173,13.0832],[7.8237,13.0883],[7.8295,13.0884],[7.8343,13.0863],[7.8364,13.0844],[7.8405,13.0833],[7.8432,13.0858],[7.8418,13.0926],[7.8438,13.0961],[7.8475,13.0967],[7.854,13.1001],[7.8577,13.0939],[7.8594,13.0929],[7.8661,13.0954],[7.8659,13.0984],[7.8696,13.1029],[7.8754,13.1031],[7.8804,13.1021],[7.8834,13.1065],[7.8848,13.1124],[7.8894,13.1171],[7.8901,13.1205],[7.8891,13.1229],[7.8836,13.1237],[7.8815,13.1254],[7.8821,13.1284],[7.881,13.1314],[7.8774,13.1337],[7.8767,13.1373],[7.8734,13.1366],[7.8665,13.1379],[7.8633,13.1362],[7.8623,13.14],[7.862,13.1458],[7.858,13.1494],[7.855,13.1492],[7.8486,13.1506],[7.8444,13.1478],[7.8375,13.147]]]},"properties":{"name":"GAFIYA","state":"20","code":"20/18/05"}},{"type":"Feature","geometry":{"type":"Polygon","coordinates":[[[7.6887,13.1206],[7.6864,13.1241],[7.6898,13.1306],[7.6929,13.1301],[7.6951,13.1325],[7.6986,13.1336],[7.7,13.1374],[7.6985,13.1399],[7.7008,13.1427],[7.706,13.1471],[7.7106,13.1496],[7.7123,13.156],[7.7184,13.1537],[7.7249,13.1561],[7.7251,13.1502],[7.7264,13.1488],[7.7308,13.1493],[7.7336,13.1522],[7.739,13.1532],[7.743,13.1502],[7.7467,13.1524],[7.749,13.1517],[7.7547,13.1448],[7.7579,13.1382],[7.7637,13.1346],[7.7617,13.1311],[7.7658,13.1294],[7.7694,13.125],[7.7734,13.1216],[7.7696,13.1001],[7.7729,13.0999],[7.774,13.1021],[7.7775,13.1005],[7.7837,13.1057],[7.7833,13.1103],[7.7847,13.1165],[7.7872,13.1203],[7.7943,13.1195],[7.7988,13.1225],[7.8009,13.1208],[7.8078,13.1278],[7.8113,13.1288],[7.8148,13.1276],[7.8217,13.1355],[7.8221,13.1395],[7.8312,13.142],[7.8345,13.1456],[7.8375,13.147],[7.8363,13.1485],[7.8375,13.1552],[7.8341,13.1605],[7.8299,13.1646],[7.8258,13.1659],[7.8228,13.1649],[7.8147,13.1651],[7.8103,13.1672],[7.8073,13.1664],[7.8025,13.1683],[7.7966,13.169],[7.7919,13.1645],[7.785,13.1628],[7.7815,13.1652],[7.775,13.1663],[7.7727,13.1681],[7.7729,13.1718],[7.7773,13.1742],[7.7842,13.1734],[7.7889,13.1771],[7.7922,13.1762],[7.7952,13.1784],[7.7947,13.1822],[7.7923,13.1873],[7.7861,13.1884],[7.7735,13.1857],[7.7687,13.1851],[7.763,13.1829],[7.7618,13.18],[7.7571,13.1841],[7.7544,13.1853],[7.7507,13.1894],[7.7449,13.1856],[7.741,13.1842],[7.7356,13.1835],[7.7302,13.1788],[7.7242,13.1828],[7.7214,13.1829],[7.72,13.1873],[7.7158,13.1883],[7.7137,13.19],[7.7132,13.1945],[7.7097,13.195],[7.7032,13.1904],[7.7003,13.1874],[7.7001,13.184],[7.6958,13.178],[7.6959,13.1748],[7.703,13.1762],[7.707,13.1762],[7.7101,13.1731],[7.7072,13.1657],[7.7011,13.1604],[7.7011,13.1569],[7.7034,13.1522],[7.7001,13.1492],[7.6971,13.1494],[7.6958,13.1518],[7.6901,13.15],[7.6857,13.1507],[7.6817,13.15],[7.6837,13.1437],[7.6781,13.1412],[7.6769,13.1375],[7.6728,13.1383],[7.6684,13.1379],[7.6671,13.1356],[7.6615,13.132],[7.658,13.1289],[7.6573,13.1223],[7.6576,13.1187],[7.6609,13.1167],[7.666,13.1174],[7.6703,13.1156],[7.6721,13.1171],[7.6753,13.1137],[7.6804,13.1158],[7.6853,13.1162],[7.6887,13.1206]]]},"properties":{"name":"GIRKA","state":"20","code":"20/18/06"}},{"type":"Feature","geometry":{"type":"Polygon","coordinates":[[[7.7696,13.1001],[7.7734,13.1216],[7.7694,13.125],[7.7658,13.1294],[7.7617,13.1311],[7.7637,13.1346],[7.7579,13.1382],[7.7547,13.1448],[7.749,13.1517],[7.7467,13.1524],[7.743,13.1502],[7.739,13.1532],[7.7336,13.1522],[7.7308,13.1493],[7.7264,13.1488],[7.7251,13.1502],[7.7249,13.1561],[7.7184,13.1537],[7.7123,13.156],[7.7106,13.1496],[7.706,13.1471],[7.7008,13.1427],[7.6985,13.1399],[7.7,13.1374],[7.7016,13.1352],[7.706,13.137],[7.7063,13.1345],[7.7093,13.1323],[7.71,13.13],[7.7184,13.1266],[7.7179,13.1239],[7.7207,13.1177],[7.7185,13.1174],[7.7179,13.1126],[7.7189,13.1108],[7.7239,13.1076],[7.7274,13.1033],[7.7273,13.0986],[7.7227,13.0923],[7.7228,13.0903],[7.7276,13.086],[7.7304,13.0845],[7.7325,13.0748],[7.7311,13.0698],[7.7352,13.0695],[7.7339,13.0656],[7.7398,13.0619],[7.7464,13.064],[7.748,13.0661],[7.7517,13.0674],[7.7494,13.0708],[7.7546,13.0754],[7.7533,13.0801],[7.7546,13.0834],[7.7524,13.0869],[7.7579,13.0934],[7.7586,13.0992],[7.7628,13.1002],[7.7696,13.1001]]]},"properties":{"name":"KAITA","state":"20","code":"20/18/07"}},{"type":"Feature","geometry":{"type":"Polygon","coordinates":[[[7.7242,13.0399],[7.7277,13.0401],[7.7351,13.0482],[7.7393,13.0486],[7.7423,13.0428],[7.7412,13.0371],[7.7415,13.0303],[7.7455,13.0308],[7.7544,13.0305],[7.7591,13.0288],[7.7597,13.0343],[7.7583,13.0432],[7.7636,13.0495],[7.7627,13.0517],[7.7646,13.0562],[7.7699,13.0589],[7.7728,13.0631],[7.771,13.0654],[7.7637,13.0652],[7.7608,13.0619],[7.7574,13.0647],[7.7556,13.0692],[7.7494,13.0708],[7.7517,13.0674],[7.748,13.0661],[7.7464,13.064],[7.7398,13.0619],[7.7339,13.0656],[7.7352,13.0695],[7.7311,13.0698],[7.7325,13.0748],[7.7304,13.0845],[7.7276,13.086],[7.7228,13.0903],[7.7227,13.0923],[7.7273,13.0986],[7.7274,13.1033],[7.7239,13.1076],[7.7189,13.1108],[7.7179,13.1126],[7.7185,13.1174],[7.7207,13.1177],[7.7179,13.1239],[7.7184,13.1266],[7.71,13.13],[7.7093,13.1323],[7.7063,13.1345],[7.706,13.137],[7.7016,13.1352],[7.7,13.1374],[7.6986,13.1336],[7.6951,13.1325],[7.6929,13.1301],[7.6898,13.1306],[7.6864,13.1241],[7.6887,13.1206],[7.6931,13.116],[7.6903,13.1092],[7.6959,13.1033],[7.6994,13.0982],[7.692,13.0966],[7.6914,13.0946],[7.6956,13.0932],[7.6955,13.0914],[7.692,13.0859],[7.6986,13.0818],[7.6967,13.0743],[7.6978,13.0636],[7.6991,13.0575],[7.7035,13.0589],[7.7038,13.055],[7.71,13.0516],[7.7104,13.0492],[7.7165,13.0423],[7.717,13.0397],[7.721,13.0414],[7.7242,13.0399]]]},"properties":{"name":"YANHOHO","state":"20","code":"20/18/08"}},{"type":"Feature","geometry":{"type":"Polygon","coordinates":[[[7.8494,13.2693],[7.8381,13.2766],[7.8311,13.2814],[7.829,13.2851],[7.8242,13.2876],[7.8225,13.2901],[7.8163,13.293],[7.8164,13.2952],[7.8142,13.2981],[7.8145,13.3012],[7.8106,13.3098],[7.8153,13.3148],[7.8154,13.3199],[7.8189,13.324],[7.8199,13.327],[7.8227,13.3271],[7.8173,13.3326],[7.8186,13.3394],[7.8181,13.3421],[7.8158,13.3423],[7.8099,13.3396],[7.7956,13.3306],[7.7838,13.3252],[7.7744,13.3204],[7.765,13.3126],[7.7513,13.3058],[7.7401,13.2998],[7.7275,13.2918],[7.7023,13.2768],[7.6942,13.2703],[7.6823,13.2625],[7.679,13.2596],[7.6886,13.253],[7.6957,13.2542],[7.7007,13.254],[7.7015,13.2514],[7.701,13.2477],[7.706,13.2458],[7.7106,13.2474],[7.7143,13.2476],[7.7183,13.252],[7.7219,13.2533],[7.7254,13.2517],[7.7281,13.2551],[7.731,13.2522],[7.7359,13.2536],[7.7376,13.2649],[7.7468,13.272],[7.7522,13.2713],[7.7563,13.268],[7.7578,13.2695],[7.7638,13.2686],[7.7641,13.2715],[7.7672,13.2738],[7.7721,13.2722],[7.7761,13.2678],[7.7782,13.2688],[7.7838,13.2687],[7.7875,13.2702],[7.7931,13.269],[7.7967,13.2643],[7.8,13.2659],[7.803,13.2641],[7.8058,13.2666],[7.8096,13.2671],[7.8178,13.2612],[7.8252,13.2599],[7.8296,13.2618],[7.8346,13.2615],[7.8389,13.2634],[7.8403,13.2627],[7.8445,13.2664],[7.8494,13.2693]]]},"properties":{"name":"DANKAMA","state":"20","code":"20/18/09"}},{"type":"Feature","geometry":{"type":"Polygon","coordinates":[[[7.644,13.137],[7.6491,13.1375],[7.656,13.1319],[7.658,13.1289],[7.6615,13.132],[7.6671,13.1356],[7.6684,13.1379],[7.6728,13.1383],[7.6769,13.1375],[7.6781,13.1412],[7.6837,13.1437],[7.6817,13.15],[7.6857,13.1507],[7.6901,13.15],[7.6958,13.1518],[7.6971,13.1494],[7.7001,13.1492],[7.7034,13.1522],[7.7011,13.1569],[7.7011,13.1604],[7.7072,13.1657],[7.7101,13.1731],[7.707,13.1762],[7.703,13.1762],[7.6959,13.1748],[7.6958,13.178],[7.7001,13.184],[7.7003,13.1874],[7.7032,13.1904],[7.7097,13.195],[7.7092,13.1998],[7.7107,13.2003],[7.7093,13.2075],[7.7097,13.2127],[7.7128,13.2137],[7.7134,13.2198],[7.7122,13.2223],[7.7071,13.2264],[7.7086,13.2365],[7.7075,13.2381],[7.706,13.2458],[7.701,13.2477],[7.7015,13.2514],[7.7007,13.254],[7.6957,13.2542],[7.6886,13.253],[7.679,13.2596],[7.6684,13.25],[7.6609,13.2442],[7.6326,13.2296],[7.6343,13.2267],[7.6326,13.2161],[7.6344,13.213],[7.6383,13.2101],[7.6332,13.2043],[7.6403,13.2029],[7.6409,13.201],[7.6459,13.1993],[7.6479,13.1931],[7.6486,13.188],[7.6438,13.1807],[7.6421,13.1746],[7.6398,13.1735],[7.6379,13.1691],[7.6386,13.1572],[7.6402,13.1531],[7.638,13.15],[7.6385,13.1431],[7.6416,13.138],[7.644,13.137]]]},"properties":{"name":"MATSAI","state":"20","code":"20/18/10"}},{"type":"Feature","geometry":{"type":"Polygon","coordinates":[[[7.3878,11.8238],[7.3913,11.8239],[7.3931,11.8221],[7.3936,11.8189],[7.3972,11.8188],[7.3988,11.817],[7.4,11.8116],[7.4065,11.8115],[7.4075,11.8086],[7.4115,11.807],[7.4163,11.8029],[7.4182,11.8026],[7.4226,11.808],[7.4275,11.8129],[7.4239,11.8149],[7.4173,11.8201],[7.4144,11.8261],[7.4196,11.8326],[7.4203,11.8369],[7.4241,11.8401],[7.4219,11.8442],[7.4174,11.8489],[7.4184,11.8538],[7.4234,11.8615],[7.4251,11.8678],[7.4247,11.8696],[7.4266,11.8754],[7.4239,11.8773],[7.4226,11.8834],[7.4203,11.8894],[7.4218,11.8922],[7.4158,11.898],[7.4145,11.9013],[7.4092,11.9065],[7.404,11.9082],[7.4002,11.9104],[7.3963,11.917],[7.3967,11.922],[7.3982,11.9251],[7.3939,11.926],[7.3895,11.9311],[7.3862,11.9303],[7.3811,11.9316],[7.3781,11.9371],[7.3782,11.9415],[7.3745,11.9456],[7.3645,11.9443],[7.3608,11.9426],[7.3603,11.9408],[7.3593,11.9378],[7.3562,11.936],[7.3559,11.9332],[7.3523,11.9285],[7.3521,11.9263],[7.3484,11.9239],[7.3518,11.913],[7.3542,11.9073],[7.3599,11.906],[7.3644,11.9016],[7.3623,11.8966],[7.354,11.8933],[7.3471,11.8879],[7.3429,11.8751],[7.3407,11.8778],[7.3383,11.8779],[7.3351,11.8758],[7.3285,11.8758],[7.3232,11.8801],[7.3171,11.8809],[7.3107,11.8807],[7.3073,11.8784],[7.3064,11.874],[7.3031,11.8694],[7.3036,11.8635],[7.3015,11.8608],[7.3025,11.8571],[7.3079,11.852],[7.311,11.8515],[7.3147,11.8544],[7.3203,11.8533],[7.3288,11.8464],[7.3316,11.8461],[7.3344,11.8436],[7.3392,11.8442],[7.3411,11.8431],[7.3435,11.8388],[7.3467,11.8354],[7.3495,11.835],[7.3513,11.8366],[7.3545,11.8307],[7.3601,11.8289],[7.364,11.8231],[7.3671,11.8215],[7.372,11.8222],[7.3766,11.8244],[7.3808,11.8226],[7.383,11.8204],[7.3857,11.8234],[7.3878,11.8238]]]},"properties":{"name":"GATAKAWA S/GARI/MABAI","state":"20","code":"20/19/01"}},{"type":"Feature","geometry":{"type":"Polygon","coordinates":[[[7.1305,12.0679],[7.1317,12.0649],[7.1376,12.0619],[7.1414,12.0651],[7.1435,12.064],[7.1457,12.0568],[7.1473,12.0475],[7.1503,12.039],[7.1487,12.033],[7.1533,12.0296],[7.1539,12.0256],[7.16,12.022],[7.1642,12.0217],[7.1705,12.0203],[7.1716,12.0143],[7.1765,12.0084],[7.1804,12.0079],[7.186,12.002],[7.192,12.0015],[7.1969,11.9984],[7.1976,11.9913],[7.1988,11.9902],[7.2082,11.988],[7.2108,11.9855],[7.2119,11.9797],[7.2095,11.9759],[7.211,11.9699],[7.2111,11.9642],[7.2139,11.9624],[7.2205,11.9609],[7.2198,11.9514],[7.2223,11.9496],[7.2255,11.9522],[7.2379,11.9455],[7.2438,11.9389],[7.2464,11.9324],[7.2533,11.9289],[7.2568,11.9278],[7.2562,11.9225],[7.2621,11.9155],[7.2671,11.911],[7.2704,11.9048],[7.2749,11.9023],[7.2785,11.8969],[7.2784,11.8917],[7.2855,11.8848],[7.2859,11.8821],[7.2978,11.873],[7.3031,11.8694],[7.3064,11.874],[7.3073,11.8784],[7.3107,11.8807],[7.3171,11.8809],[7.3232,11.8801],[7.3285,11.8758],[7.3351,11.8758],[7.3383,11.8779],[7.3407,11.8778],[7.3429,11.8751],[7.3471,11.8879],[7.354,11.8933],[7.3623,11.8966],[7.3644,11.9016],[7.3599,11.906],[7.3542,11.9073],[7.3518,11.913],[7.3484,11.9239],[7.3521,11.9263],[7.3523,11.9285],[7.3559,11.9332],[7.3562,11.936],[7.3593,11.9378],[7.3603,11.9408],[7.3517,11.9435],[7.3317,11.9474],[7.3286,11.953],[7.3264,11.9662],[7.3198,11.9669],[7.3142,11.9643],[7.3055,11.9636],[7.3013,11.9641],[7.2983,11.9693],[7.2951,11.9715],[7.2921,11.9777],[7.2886,11.9804],[7.2876,11.9889],[7.2836,11.9948],[7.2879,11.9995],[7.2927,12.0018],[7.3001,12.0036],[7.3039,12.0079],[7.3038,12.0107],[7.3067,12.0182],[7.3138,12.0228],[7.3158,12.0234],[7.3203,12.0217],[7.3273,12.0208],[7.3371,12.0233],[7.34,12.0321],[7.343,12.0318],[7.3441,12.0353],[7.3437,12.0395],[7.3455,12.042],[7.3445,12.0465],[7.3454,12.0538],[7.3425,12.0575],[7.3419,12.0615],[7.3426,12.0662],[7.3413,12.0702],[7.3375,12.0715],[7.3333,12.0759],[7.3307,12.0757],[7.3251,12.0734],[7.3211,12.0705],[7.3196,12.0729],[7.3144,12.0714],[7.309,12.0735],[7.3,12.0707],[7.2834,12.0692],[7.277,12.0631],[7.2725,12.0616],[7.2674,12.0584],[7.2604,12.0549],[7.2459,12.0521],[7.235,12.0528],[7.2115,12.055],[7.2058,12.054],[7.2037,12.0595],[7.2006,12.0618],[7.1949,12.0696],[7.1849,12.0721],[7.1786,12.0782],[7.1711,12.0786],[7.1674,12.0793],[7.1663,12.0771],[7.1523,12.0731],[7.1512,12.0711],[7.1436,12.0706],[7.1416,12.0681],[7.139,12.0702],[7.1305,12.0679]]]},"properties":{"name":"ZANGO/ZABARO","state":"20","code":"20/19/02"}},{"type":"Feature","geometry":{"type":"Polygon","coordinates":[[[7.4572,12.1181],[7.4526,12.1232],[7.4509,12.1238],[7.4442,12.1314],[7.443,12.1349],[7.4368,12.1409],[7.4306,12.1459],[7.4277,12.1497],[7.4277,12.152],[7.4245,12.1549],[7.4199,12.1498],[7.4166,12.1473],[7.4101,12.1446],[7.3978,12.1433],[7.3967,12.1423],[7.3891,12.1405],[7.3871,12.1418],[7.3903,12.1316],[7.3892,12.1232],[7.3865,12.1216],[7.3826,12.1228],[7.379,12.1268],[7.3723,12.1254],[7.3726,12.1214],[7.3648,12.1211],[7.3605,12.1236],[7.3511,12.1227],[7.3505,12.1193],[7.3522,12.1169],[7.3546,12.1064],[7.3497,12.1003],[7.3515,12.0965],[7.3459,12.0885],[7.3402,12.0859],[7.3348,12.0819],[7.3333,12.0759],[7.3375,12.0715],[7.3413,12.0702],[7.3426,12.0662],[7.3419,12.0615],[7.3425,12.0575],[7.3454,12.0538],[7.3445,12.0465],[7.3455,12.042],[7.3437,12.0395],[7.3441,12.0353],[7.343,12.0318],[7.34,12.0321],[7.3371,12.0233],[7.3273,12.0208],[7.3203,12.0217],[7.3158,12.0234],[7.3138,12.0228],[7.3067,12.0182],[7.3038,12.0107],[7.3039,12.0079],[7.3001,12.0036],[7.2927,12.0018],[7.2879,11.9995],[7.2836,11.9948],[7.2876,11.9889],[7.2886,11.9804],[7.2921,11.9777],[7.2951,11.9715],[7.2983,11.9693],[7.3013,11.9641],[7.3055,11.9636],[7.3142,11.9643],[7.3198,11.9669],[7.3264,11.9662],[7.3286,11.953],[7.3317,11.9474],[7.3517,11.9435],[7.3603,11.9408],[7.3608,11.9426],[7.3645,11.9443],[7.3745,11.9456],[7.3788,11.9492],[7.3806,11.9522],[7.3868,11.9526],[7.3848,11.9589],[7.3863,11.961],[7.3835,11.9686],[7.3857,11.9736],[7.3846,11.9778],[7.3825,11.9779],[7.3773,11.9818],[7.3785,11.9881],[7.377,11.992],[7.3732,11.9983],[7.3741,11.9991],[7.3711,12.0046],[7.3691,12.0115],[7.3669,12.0141],[7.3663,12.0176],[7.3641,12.0228],[7.3624,12.0246],[7.3601,12.0307],[7.3547,12.036],[7.3526,12.043],[7.3525,12.0476],[7.3502,12.0476],[7.3496,12.0522],[7.3506,12.0535],[7.3509,12.0633],[7.3555,12.0638],[7.3577,12.0608],[7.3609,12.0607],[7.366,12.0536],[7.3695,12.0542],[7.3708,12.0514],[7.3769,12.049],[7.3771,12.0451],[7.382,12.048],[7.3904,12.0439],[7.388,12.0415],[7.3902,12.0395],[7.3948,12.0415],[7.3956,12.0378],[7.399,12.0366],[7.4065,12.037],[7.411,12.0435],[7.4155,12.043],[7.4183,12.0459],[7.4206,12.0463],[7.4234,12.0499],[7.4258,12.0513],[7.4292,12.0561],[7.4326,12.0589],[7.4367,12.058],[7.4382,12.0603],[7.4455,12.0632],[7.448,12.0654],[7.4433,12.0688],[7.4445,12.0739],[7.4426,12.0797],[7.4446,12.0825],[7.4453,12.0893],[7.4443,12.0944],[7.447,12.0982],[7.453,12.1046],[7.4548,12.1101],[7.4577,12.1145],[7.4572,12.1181]]]},"properties":{"name":"PAUWA A&B","state":"20","code":"20/19/03"}},{"type":"Feature","geometry":{"type":"Polygon","coordinates":[[[7.6378,11.8981],[7.6321,11.9013],[7.6267,11.9001],[7.6239,11.896],[7.6171,11.8947],[7.6144,11.8986],[7.6103,11.8971],[7.605,11.8917],[7.6005,11.8909],[7.598,11.8895],[7.5988,11.8835],[7.602,11.8804],[7.6011,11.8709],[7.6027,11.8695],[7.5966,11.8597],[7.593,11.8553],[7.5842,11.8513],[7.5788,11.8521],[7.5764,11.8504],[7.5736,11.8566],[7.5709,11.8607],[7.5659,11.8606],[7.564,11.8616],[7.5568,11.8607],[7.5508,11.8585],[7.5487,11.8626],[7.55,11.8656],[7.5457,11.8692],[7.5432,11.8726],[7.5381,11.8713],[7.5359,11.866],[7.532,11.8659],[7.5311,11.8688],[7.5247,11.8694],[7.5193,11.8641],[7.5199,11.861],[7.5187,11.8543],[7.5166,11.8491],[7.5213,11.8468],[7.5234,11.8447],[7.5159,11.8348],[7.5169,11.8321],[7.5205,11.8288],[7.5229,11.8212],[7.5252,11.8204],[7.5319,11.8145],[7.5375,11.8176],[7.541,11.8223],[7.5459,11.8211],[7.5489,11.8184],[7.5541,11.8178],[7.5575,11.8189],[7.5609,11.8219],[7.5671,11.822],[7.5669,11.8175],[7.573,11.8154],[7.5763,11.8154],[7.5802,11.8176],[7.5836,11.8163],[7.5847,11.8144],[7.5921,11.8129],[7.5975,11.8157],[7.5976,11.8183],[7.5996,11.8223],[7.6004,11.8264],[7.6022,11.829],[7.6016,11.8323],[7.6054,11.8402],[7.6086,11.8387],[7.6168,11.8369],[7.6219,11.8378],[7.6257,11.8333],[7.6284,11.8342],[7.6374,11.8335],[7.6386,11.8375],[7.6449,11.8475],[7.6417,11.8532],[7.641,11.8612],[7.6392,11.8668],[7.6415,11.8721],[7.646,11.876],[7.6488,11.88],[7.6482,11.8822],[7.6428,11.8842],[7.6419,11.89],[7.6374,11.8958],[7.6378,11.8981]]]},"properties":{"name":"KUKASHEKA","state":"20","code":"20/19/04"}},{"type":"Feature","geometry":{"type":"Polygon","coordinates":[[[7.6378,11.8981],[7.6397,11.9019],[7.6378,11.91],[7.639,11.9105],[7.6346,11.9122],[7.6327,11.9114],[7.6267,11.915],[7.6261,11.9176],[7.6224,11.9204],[7.6177,11.9209],[7.6149,11.924],[7.6072,11.9263],[7.6066,11.9302],[7.6045,11.9331],[7.6022,11.9333],[7.5972,11.9313],[7.5937,11.9338],[7.59,11.9343],[7.5783,11.9394],[7.5762,11.9451],[7.5773,11.9488],[7.5764,11.958],[7.5712,11.9591],[7.5648,11.9633],[7.5624,11.9614],[7.5599,11.9616],[7.5573,11.9585],[7.555,11.961],[7.5524,11.9616],[7.5494,11.96],[7.5447,11.9627],[7.5397,11.9631],[7.5369,11.9611],[7.5357,11.9649],[7.5304,11.966],[7.5285,11.9641],[7.5255,11.9645],[7.5262,11.9618],[7.524,11.954],[7.5219,11.952],[7.5246,11.95],[7.5305,11.9489],[7.532,11.9458],[7.5387,11.9396],[7.5407,11.9389],[7.5421,11.9313],[7.54,11.9241],[7.5404,11.923],[7.5359,11.919],[7.5379,11.9141],[7.5372,11.9063],[7.5392,11.9041],[7.5376,11.901],[7.5402,11.8933],[7.5405,11.8873],[7.5375,11.8849],[7.5318,11.8836],[7.5267,11.8831],[7.5285,11.8768],[7.5323,11.8722],[7.5311,11.8688],[7.532,11.8659],[7.5359,11.866],[7.5381,11.8713],[7.5432,11.8726],[7.5457,11.8692],[7.55,11.8656],[7.5487,11.8626],[7.5508,11.8585],[7.5568,11.8607],[7.564,11.8616],[7.5659,11.8606],[7.5709,11.8607],[7.5736,11.8566],[7.5764,11.8504],[7.5788,11.8521],[7.5842,11.8513],[7.593,11.8553],[7.5966,11.8597],[7.6027,11.8695],[7.6011,11.8709],[7.602,11.8804],[7.5988,11.8835],[7.598,11.8895],[7.6005,11.8909],[7.605,11.8917],[7.6103,11.8971],[7.6144,11.8986],[7.6171,11.8947],[7.6239,11.896],[7.6267,11.9001],[7.6321,11.9013],[7.6378,11.8981]]]},"properties":{"name":"HURYA","state":"20","code":"20/19/05"}},{"type":"Feature","geometry":{"type":"Polygon","coordinates":[[[7.4218,11.8922],[7.4252,11.8962],[7.424,11.8993],[7.424,11.9041],[7.4228,11.9093],[7.4205,11.9125],[7.4197,11.9181],[7.4249,11.9194],[7.4276,11.9267],[7.431,11.9268],[7.4385,11.9251],[7.4427,11.9249],[7.4506,11.923],[7.4561,11.9204],[7.4605,11.9205],[7.4649,11.9227],[7.4729,11.922],[7.4771,11.9225],[7.4836,11.9188],[7.4837,11.9171],[7.4803,11.9122],[7.477,11.9115],[7.4719,11.9069],[7.4687,11.9068],[7.4611,11.9046],[7.4572,11.8987],[7.4587,11.8953],[7.4648,11.8936],[7.4673,11.8914],[7.4705,11.8908],[7.4699,11.8861],[7.4717,11.8797],[7.4763,11.8729],[7.477,11.8693],[7.4794,11.8645],[7.4868,11.8663],[7.4928,11.8602],[7.4961,11.86],[7.4988,11.8634],[7.4956,11.8715],[7.4912,11.879],[7.4913,11.8812],[7.4891,11.8876],[7.4916,11.8924],[7.4913,11.8963],[7.494,11.906],[7.4931,11.9082],[7.4904,11.9204],[7.4847,11.9271],[7.485,11.9291],[7.4814,11.9312],[7.4752,11.9322],[7.4703,11.9354],[7.4682,11.9382],[7.469,11.9436],[7.4673,11.9495],[7.462,11.9539],[7.4589,11.9555],[7.4561,11.9549],[7.4527,11.9561],[7.45,11.9612],[7.4434,11.9658],[7.4391,11.9637],[7.4358,11.9638],[7.4326,11.962],[7.4294,11.9647],[7.4263,11.9602],[7.4168,11.9622],[7.4139,11.9551],[7.4121,11.9531],[7.4062,11.9529],[7.3994,11.9512],[7.3951,11.9491],[7.3868,11.9526],[7.3806,11.9522],[7.3788,11.9492],[7.3745,11.9456],[7.3782,11.9415],[7.3781,11.9371],[7.3811,11.9316],[7.3862,11.9303],[7.3895,11.9311],[7.3939,11.926],[7.3982,11.9251],[7.3967,11.922],[7.3963,11.917],[7.4002,11.9104],[7.404,11.9082],[7.4092,11.9065],[7.4145,11.9013],[7.4158,11.898],[7.4218,11.8922]]]},"properties":{"name":"KANKARA A&B","state":"20","code":"20/19/06"}},{"type":"Feature","geometry":{"type":"Polygon","coordinates":[[[7.3072,12.152],[7.3013,12.1535],[7.2961,12.1524],[7.293,12.1497],[7.2903,12.1536],[7.2874,12.1538],[7.2806,12.1511],[7.2801,12.1485],[7.2715,12.147],[7.2692,12.1453],[7.2583,12.1481],[7.2541,12.141],[7.2555,12.1372],[7.2575,12.1281],[7.2564,12.1253],[7.2596,12.1227],[7.2632,12.1215],[7.267,12.1176],[7.2609,12.1131],[7.259,12.1099],[7.2569,12.1108],[7.2541,12.1088],[7.2533,12.1064],[7.2543,12.1033],[7.251,12.1027],[7.2484,12.1003],[7.2419,12.0994],[7.2344,12.0968],[7.232,12.094],[7.2288,12.0933],[7.2258,12.0961],[7.2183,12.094],[7.2097,12.095],[7.207,12.0969],[7.2035,12.0964],[7.1959,12.093],[7.1928,12.0943],[7.1895,12.0916],[7.1779,12.0894],[7.1775,12.0874],[7.1715,12.0863],[7.1679,12.0818],[7.1674,12.0793],[7.1711,12.0786],[7.1786,12.0782],[7.1849,12.0721],[7.1949,12.0696],[7.2006,12.0618],[7.2037,12.0595],[7.2058,12.054],[7.2115,12.055],[7.235,12.0528],[7.2459,12.0521],[7.2604,12.0549],[7.2674,12.0584],[7.2725,12.0616],[7.277,12.0631],[7.2834,12.0692],[7.3,12.0707],[7.309,12.0735],[7.3144,12.0714],[7.3196,12.0729],[7.3211,12.0705],[7.3251,12.0734],[7.3307,12.0757],[7.3333,12.0759],[7.3348,12.0819],[7.3402,12.0859],[7.3459,12.0885],[7.3515,12.0965],[7.3497,12.1003],[7.3546,12.1064],[7.3522,12.1169],[7.3505,12.1193],[7.3511,12.1227],[7.346,12.125],[7.3454,12.1284],[7.3397,12.1332],[7.336,12.135],[7.331,12.1447],[7.3196,12.1499],[7.3138,12.148],[7.3091,12.149],[7.3072,12.152]]]},"properties":{"name":"GARAGI","state":"20","code":"20/19/07"}},{"type":"Feature","geometry":{"type":"Polygon","coordinates":[[[7.5311,11.8688],[7.5323,11.8722],[7.5285,11.8768],[7.5267,11.8831],[7.5318,11.8836],[7.5375,11.8849],[7.5405,11.8873],[7.5402,11.8933],[7.5376,11.901],[7.5392,11.9041],[7.5372,11.9063],[7.5379,11.9141],[7.5359,11.919],[7.5404,11.923],[7.54,11.9241],[7.5421,11.9313],[7.5407,11.9389],[7.5387,11.9396],[7.532,11.9458],[7.5305,11.9489],[7.5246,11.95],[7.5219,11.952],[7.524,11.954],[7.5262,11.9618],[7.5255,11.9645],[7.5206,11.9656],[7.5146,11.9655],[7.5098,11.958],[7.5074,11.9565],[7.5031,11.9515],[7.4998,11.9508],[7.4977,11.9472],[7.4979,11.9422],[7.495,11.9401],[7.4902,11.9349],[7.4895,11.9329],[7.485,11.9291],[7.4847,11.9271],[7.4904,11.9204],[7.4931,11.9082],[7.494,11.906],[7.4913,11.8963],[7.4916,11.8924],[7.4891,11.8876],[7.4913,11.8812],[7.4912,11.879],[7.4956,11.8715],[7.4988,11.8634],[7.4961,11.86],[7.4928,11.8602],[7.4868,11.8663],[7.4794,11.8645],[7.4751,11.8586],[7.4719,11.856],[7.4736,11.8515],[7.4782,11.8472],[7.4785,11.8447],[7.4734,11.8415],[7.4705,11.8375],[7.4664,11.8343],[7.4652,11.8307],[7.4683,11.8299],[7.4741,11.8262],[7.474,11.8198],[7.4701,11.8165],[7.4692,11.8114],[7.4642,11.809],[7.4625,11.8065],[7.4638,11.799],[7.4597,11.7978],[7.4658,11.7932],[7.4699,11.7965],[7.4729,11.7949],[7.4771,11.7972],[7.4809,11.7971],[7.4864,11.8007],[7.4903,11.8],[7.4955,11.7979],[7.4971,11.7961],[7.5119,11.7941],[7.5156,11.7926],[7.5189,11.795],[7.5178,11.8022],[7.5193,11.8053],[7.5224,11.8079],[7.5292,11.8099],[7.5319,11.8145],[7.5252,11.8204],[7.5229,11.8212],[7.5205,11.8288],[7.5169,11.8321],[7.5159,11.8348],[7.5234,11.8447],[7.5213,11.8468],[7.5166,11.8491],[7.5187,11.8543],[7.5199,11.861],[7.5193,11.8641],[7.5247,11.8694],[7.5311,11.8688]]]},"properties":{"name":"BURDUGAU","state":"20","code":"20/19/08"}},{"type":"Feature","geometry":{"type":"Polygon","coordinates":[[[7.4577,12.1145],[7.4548,12.1101],[7.453,12.1046],[7.447,12.0982],[7.4443,12.0944],[7.4453,12.0893],[7.4446,12.0825],[7.4426,12.0797],[7.4445,12.0739],[7.4433,12.0688],[7.448,12.0654],[7.4455,12.0632],[7.4382,12.0603],[7.4367,12.058],[7.4326,12.0589],[7.4292,12.0561],[7.4258,12.0513],[7.4234,12.0499],[7.4206,12.0463],[7.4183,12.0459],[7.4155,12.043],[7.411,12.0435],[7.4065,12.037],[7.4077,12.0353],[7.415,12.0345],[7.4178,12.0311],[7.4203,12.032],[7.4312,12.0258],[7.4348,12.0265],[7.4446,12.0206],[7.447,12.0204],[7.4476,12.0163],[7.4518,12.0156],[7.4525,12.0131],[7.46,12.0077],[7.4649,12.0091],[7.4679,12.0115],[7.4754,12.0085],[7.4766,12.0066],[7.4736,11.9868],[7.475,11.9839],[7.4812,11.9832],[7.4827,11.9795],[7.4892,11.9798],[7.4925,11.9785],[7.4969,11.9799],[7.4976,11.9768],[7.5007,11.9775],[7.5064,11.9753],[7.51,11.9749],[7.5158,11.982],[7.518,11.9871],[7.5225,11.9915],[7.5268,11.9924],[7.53,11.9908],[7.535,11.9925],[7.5389,11.9953],[7.5403,11.9984],[7.5437,12.0007],[7.5456,12.0045],[7.5463,12.0109],[7.5435,12.0143],[7.5475,12.0169],[7.5532,12.0158],[7.5602,12.0187],[7.5611,12.0214],[7.5633,12.022],[7.5626,12.0257],[7.5634,12.0297],[7.5591,12.0316],[7.5547,12.0324],[7.5558,12.0366],[7.5564,12.045],[7.5445,12.0461],[7.5405,12.0486],[7.5358,12.0464],[7.5323,12.0458],[7.5307,12.0416],[7.524,12.0403],[7.5224,12.0366],[7.5183,12.0343],[7.5121,12.0326],[7.5066,12.0379],[7.5038,12.0414],[7.5111,12.0479],[7.5101,12.0494],[7.5107,12.0544],[7.5125,12.0584],[7.5096,12.0721],[7.5067,12.0708],[7.4985,12.0724],[7.4924,12.0721],[7.4922,12.0759],[7.49,12.0839],[7.4909,12.0881],[7.4848,12.0949],[7.4831,12.0957],[7.4834,12.1006],[7.4762,12.1023],[7.4712,12.1047],[7.4681,12.1079],[7.4622,12.1097],[7.4577,12.1145]]]},"properties":{"name":"WAWAR KAZA","state":"20","code":"20/19/09"}},{"type":"Feature","geometry":{"type":"Polygon","coordinates":[[[7.3868,11.9526],[7.3951,11.9491],[7.3994,11.9512],[7.4062,11.9529],[7.4121,11.9531],[7.4139,11.9551],[7.4168,11.9622],[7.4263,11.9602],[7.4294,11.9647],[7.4326,11.962],[7.4358,11.9638],[7.4391,11.9637],[7.4434,11.9658],[7.45,11.9612],[7.4527,11.9561],[7.4561,11.9549],[7.4589,11.9555],[7.462,11.9539],[7.4673,11.9495],[7.469,11.9436],[7.4682,11.9382],[7.4703,11.9354],[7.4752,11.9322],[7.4814,11.9312],[7.485,11.9291],[7.4895,11.9329],[7.4902,11.9349],[7.495,11.9401],[7.4979,11.9422],[7.4977,11.9472],[7.4998,11.9508],[7.5031,11.9515],[7.5074,11.9565],[7.5098,11.958],[7.5146,11.9655],[7.5206,11.9656],[7.5192,11.9692],[7.515,11.9711],[7.5147,11.9733],[7.51,11.9749],[7.5064,11.9753],[7.5007,11.9775],[7.4976,11.9768],[7.4969,11.9799],[7.4925,11.9785],[7.4892,11.9798],[7.4827,11.9795],[7.4812,11.9832],[7.475,11.9839],[7.4736,11.9868],[7.4766,12.0066],[7.4754,12.0085],[7.4679,12.0115],[7.4649,12.0091],[7.46,12.0077],[7.4525,12.0131],[7.4518,12.0156],[7.4476,12.0163],[7.447,12.0204],[7.4446,12.0206],[7.4348,12.0265],[7.4312,12.0258],[7.4203,12.032],[7.4178,12.0311],[7.415,12.0345],[7.4077,12.0353],[7.4065,12.037],[7.399,12.0366],[7.3956,12.0378],[7.3948,12.0415],[7.3902,12.0395],[7.388,12.0415],[7.3904,12.0439],[7.382,12.048],[7.3771,12.0451],[7.3769,12.049],[7.3708,12.0514],[7.3695,12.0542],[7.366,12.0536],[7.3609,12.0607],[7.3577,12.0608],[7.3555,12.0638],[7.3509,12.0633],[7.3506,12.0535],[7.3496,12.0522],[7.3502,12.0476],[7.3525,12.0476],[7.3526,12.043],[7.3547,12.036],[7.3601,12.0307],[7.3624,12.0246],[7.3641,12.0228],[7.3663,12.0176],[7.3669,12.0141],[7.3691,12.0115],[7.3711,12.0046],[7.3741,11.9991],[7.3732,11.9983],[7.377,11.992],[7.3785,11.9881],[7.3773,11.9818],[7.3825,11.9779],[7.3846,11.9778],[7.3857,11.9736],[7.3835,11.9686],[7.3863,11.961],[7.3848,11.9589],[7.3868,11.9526]]]},"properties":{"name":"DAN MURABU","state":"20","code":"20/19/10"}},{"type":"Feature","geometry":{"type":"Polygon","coordinates":[[[7.4182,11.8026],[7.4225,11.8009],[7.4296,11.7991],[7.4329,11.7993],[7.4359,11.7969],[7.4413,11.7959],[7.4447,11.7945],[7.4471,11.7965],[7.4565,11.7985],[7.4597,11.7978],[7.4638,11.799],[7.4625,11.8065],[7.4642,11.809],[7.4692,11.8114],[7.4701,11.8165],[7.474,11.8198],[7.4741,11.8262],[7.4683,11.8299],[7.4652,11.8307],[7.4664,11.8343],[7.4705,11.8375],[7.4734,11.8415],[7.4785,11.8447],[7.4782,11.8472],[7.4736,11.8515],[7.4719,11.856],[7.4751,11.8586],[7.4794,11.8645],[7.477,11.8693],[7.4763,11.8729],[7.4717,11.8797],[7.4699,11.8861],[7.4705,11.8908],[7.4673,11.8914],[7.4648,11.8936],[7.4587,11.8953],[7.4572,11.8987],[7.4611,11.9046],[7.4687,11.9068],[7.4719,11.9069],[7.477,11.9115],[7.4803,11.9122],[7.4837,11.9171],[7.4836,11.9188],[7.4771,11.9225],[7.4729,11.922],[7.4649,11.9227],[7.4605,11.9205],[7.4561,11.9204],[7.4506,11.923],[7.4427,11.9249],[7.4385,11.9251],[7.431,11.9268],[7.4276,11.9267],[7.4249,11.9194],[7.4197,11.9181],[7.4205,11.9125],[7.4228,11.9093],[7.424,11.9041],[7.424,11.8993],[7.4252,11.8962],[7.4218,11.8922],[7.4203,11.8894],[7.4226,11.8834],[7.4239,11.8773],[7.4266,11.8754],[7.4247,11.8696],[7.4251,11.8678],[7.4234,11.8615],[7.4184,11.8538],[7.4174,11.8489],[7.4219,11.8442],[7.4241,11.8401],[7.4203,11.8369],[7.4196,11.8326],[7.4144,11.8261],[7.4173,11.8201],[7.4239,11.8149],[7.4275,11.8129],[7.4226,11.808],[7.4182,11.8026]]]},"properties":{"name":"DAN'MAIDAKI","state":"20","code":"20/19/11"}},{"type":"Feature","geometry":{"type":"Polygon","coordinates":[[[7.8237,12.557],[7.8165,12.5604],[7.8141,12.565],[7.8118,12.5632],[7.8082,12.5626],[7.8039,12.5633],[7.8019,12.5647],[7.7975,12.5642],[7.796,12.5625],[7.7966,12.5566],[7.7966,12.5496],[7.7953,12.547],[7.7967,12.5452],[7.8047,12.5438],[7.8084,12.545],[7.8108,12.5372],[7.8193,12.537],[7.8237,12.5349],[7.8294,12.5356],[7.8311,12.5348],[7.8325,12.5387],[7.8296,12.5457],[7.8296,12.5502],[7.8237,12.557]]]},"properties":{"name":"GALADIMA 'A'","state":"20","code":"20/20/01"}},{"type":"Feature","geometry":{"type":"Polygon","coordinates":[[[7.8311,12.5348],[7.8345,12.5278],[7.8357,12.5268],[7.8385,12.5202],[7.8411,12.5177],[7.8438,12.5126],[7.8465,12.51],[7.8526,12.5097],[7.8547,12.5108],[7.8574,12.5096],[7.8627,12.5099],[7.8635,12.5114],[7.8687,12.5129],[7.8684,12.5086],[7.8669,12.5052],[7.8677,12.5018],[7.8724,12.4988],[7.8735,12.495],[7.8778,12.495],[7.8843,12.4899],[7.8878,12.4882],[7.8922,12.4962],[7.8888,12.5011],[7.8903,12.5035],[7.8934,12.5035],[7.8977,12.5124],[7.9046,12.5129],[7.9005,12.5181],[7.9002,12.5251],[7.9026,12.5301],[7.903,12.5354],[7.8912,12.5395],[7.8874,12.5367],[7.8723,12.5324],[7.8637,12.5322],[7.8516,12.5337],[7.8479,12.5416],[7.8327,12.5582],[7.8379,12.5618],[7.8436,12.5602],[7.8484,12.5602],[7.8583,12.5635],[7.8641,12.5662],[7.8621,12.5699],[7.8619,12.573],[7.8635,12.5792],[7.8615,12.588],[7.8504,12.5889],[7.8456,12.5869],[7.8442,12.5851],[7.8401,12.5761],[7.8366,12.5718],[7.8362,12.5684],[7.8313,12.5644],[7.8294,12.5602],[7.8267,12.5579],[7.8237,12.557],[7.8296,12.5502],[7.8296,12.5457],[7.8325,12.5387],[7.8311,12.5348]]]},"properties":{"name":"GALADIMA 'B'","state":"20","code":"20/20/02"}},{"type":"Feature","geometry":{"type":"Polygon","coordinates":[[[7.7356,12.4542],[7.7406,12.4536],[7.746,12.452],[7.7536,12.4511],[7.7578,12.4481],[7.7572,12.444],[7.7623,12.4388],[7.7674,12.4396],[7.7708,12.4371],[7.779,12.4342],[7.7836,12.4306],[7.7882,12.4299],[7.7908,12.4269],[7.7867,12.4224],[7.7853,12.413],[7.7867,12.4082],[7.7914,12.4026],[7.7941,12.4038],[7.7943,12.4101],[7.7951,12.4138],[7.797,12.4156],[7.8023,12.4186],[7.8007,12.4254],[7.8012,12.4301],[7.8005,12.4346],[7.8068,12.4376],[7.8096,12.4383],[7.8036,12.4435],[7.8014,12.4467],[7.7979,12.4486],[7.7944,12.4471],[7.792,12.4481],[7.7893,12.4453],[7.7869,12.4453],[7.7871,12.4489],[7.7887,12.4511],[7.7839,12.4554],[7.7853,12.4584],[7.7896,12.4592],[7.7894,12.4642],[7.7838,12.4699],[7.7801,12.4697],[7.7759,12.4731],[7.7721,12.4746],[7.7652,12.4748],[7.7607,12.4759],[7.7602,12.4812],[7.7569,12.4863],[7.7555,12.4901],[7.7577,12.4936],[7.7637,12.4919],[7.767,12.4932],[7.7631,12.4998],[7.7708,12.5014],[7.7717,12.5024],[7.7702,12.5085],[7.7768,12.5145],[7.7758,12.5173],[7.7751,12.5258],[7.7816,12.5291],[7.7847,12.5298],[7.788,12.5287],[7.7941,12.5292],[7.796,12.5319],[7.7993,12.5323],[7.8058,12.531],[7.8101,12.5313],[7.8108,12.5372],[7.8084,12.545],[7.8047,12.5438],[7.7967,12.5452],[7.7953,12.547],[7.7966,12.5496],[7.7966,12.5566],[7.796,12.5625],[7.7908,12.5638],[7.7849,12.5675],[7.777,12.5696],[7.7759,12.5709],[7.7702,12.5709],[7.7673,12.5687],[7.7547,12.5732],[7.7453,12.5742],[7.744,12.5704],[7.7383,12.571],[7.7347,12.5736],[7.7306,12.5727],[7.724,12.5723],[7.7222,12.5735],[7.7223,12.5701],[7.7201,12.566],[7.7188,12.5586],[7.7245,12.5609],[7.7324,12.5583],[7.7369,12.5594],[7.7392,12.5523],[7.7424,12.5455],[7.7453,12.5429],[7.7447,12.5342],[7.7463,12.5296],[7.7463,12.5242],[7.7521,12.5208],[7.7546,12.5149],[7.7533,12.5128],[7.748,12.5103],[7.7425,12.5102],[7.7398,12.5128],[7.7307,12.5109],[7.7296,12.5045],[7.7283,12.5032],[7.7208,12.5043],[7.7192,12.5025],[7.7188,12.4985],[7.7172,12.4956],[7.718,12.4885],[7.7208,12.4846],[7.7207,12.4816],[7.7225,12.4783],[7.7222,12.476],[7.7244,12.4728],[7.7304,12.4664],[7.7347,12.4651],[7.7358,12.4595],[7.7356,12.4542]]]},"properties":{"name":"KAFINSOLI","state":"20","code":"20/20/03"}},{"type":"Feature","geometry":{"type":"Polygon","coordinates":[[[7.8108,12.5372],[7.8101,12.5313],[7.8058,12.531],[7.7993,12.5323],[7.796,12.5319],[7.7941,12.5292],[7.788,12.5287],[7.7847,12.5298],[7.7816,12.5291],[7.7751,12.5258],[7.7758,12.5173],[7.7768,12.5145],[7.7702,12.5085],[7.7717,12.5024],[7.7708,12.5014],[7.7631,12.4998],[7.767,12.4932],[7.7637,12.4919],[7.7577,12.4936],[7.7555,12.4901],[7.7569,12.4863],[7.7602,12.4812],[7.7607,12.4759],[7.7652,12.4748],[7.7721,12.4746],[7.7759,12.4731],[7.7801,12.4697],[7.7838,12.4699],[7.7894,12.4642],[7.7896,12.4592],[7.7853,12.4584],[7.7839,12.4554],[7.7887,12.4511],[7.7871,12.4489],[7.7869,12.4453],[7.7893,12.4453],[7.792,12.4481],[7.7944,12.4471],[7.7979,12.4486],[7.8014,12.4467],[7.8035,12.4469],[7.8063,12.4497],[7.8051,12.453],[7.8082,12.4587],[7.8119,12.4623],[7.8165,12.4638],[7.8194,12.47],[7.824,12.4724],[7.829,12.4722],[7.8311,12.4705],[7.8378,12.4766],[7.8483,12.4771],[7.8515,12.4796],[7.8576,12.4777],[7.8596,12.4759],[7.8622,12.476],[7.8645,12.4813],[7.8657,12.4879],[7.8722,12.4906],[7.8735,12.495],[7.8724,12.4988],[7.8677,12.5018],[7.8669,12.5052],[7.8684,12.5086],[7.8687,12.5129],[7.8635,12.5114],[7.8627,12.5099],[7.8574,12.5096],[7.8547,12.5108],[7.8526,12.5097],[7.8465,12.51],[7.8438,12.5126],[7.8411,12.5177],[7.8385,12.5202],[7.8357,12.5268],[7.8345,12.5278],[7.8311,12.5348],[7.8294,12.5356],[7.8237,12.5349],[7.8193,12.537],[7.8108,12.5372]]]},"properties":{"name":"TAFASHIYA/NASARAWA","state":"20","code":"20/20/04"}},{"type":"Feature","geometry":{"type":"Polygon","coordinates":[[[7.637,12.4274],[7.64,12.4259],[7.6379,12.4199],[7.6341,12.4148],[7.6328,12.4081],[7.6371,12.4059],[7.6343,12.402],[7.6343,12.3981],[7.6362,12.3921],[7.63,12.3883],[7.6303,12.3825],[7.6277,12.38],[7.6262,12.3724],[7.6218,12.3668],[7.618,12.3664],[7.6165,12.3622],[7.615,12.3613],[7.6166,12.3574],[7.6163,12.3502],[7.6175,12.3489],[7.6242,12.3495],[7.6282,12.3478],[7.6323,12.3476],[7.6353,12.3448],[7.6393,12.3451],[7.6428,12.3485],[7.6555,12.3483],[7.658,12.3535],[7.657,12.3575],[7.6552,12.36],[7.6565,12.3629],[7.6633,12.3619],[7.6664,12.3607],[7.6706,12.3655],[7.6785,12.3662],[7.6789,12.3635],[7.688,12.3607],[7.6927,12.3615],[7.6924,12.3576],[7.696,12.3542],[7.7008,12.3529],[7.7025,12.3513],[7.7079,12.363],[7.7105,12.3644],[7.7155,12.3554],[7.7154,12.3535],[7.7209,12.3498],[7.7238,12.3533],[7.7288,12.3554],[7.7377,12.3566],[7.7407,12.3552],[7.7443,12.3564],[7.7459,12.3598],[7.7488,12.361],[7.7491,12.3632],[7.7534,12.3644],[7.7568,12.3705],[7.7557,12.3721],[7.7605,12.3776],[7.7642,12.3768],[7.7694,12.3774],[7.772,12.3755],[7.7746,12.3754],[7.7778,12.3811],[7.7812,12.3823],[7.7848,12.3822],[7.792,12.3846],[7.7904,12.3882],[7.7885,12.3994],[7.7914,12.4026],[7.7867,12.4082],[7.7853,12.413],[7.7867,12.4224],[7.7908,12.4269],[7.7882,12.4299],[7.7836,12.4306],[7.779,12.4342],[7.7708,12.4371],[7.7674,12.4396],[7.7623,12.4388],[7.7572,12.444],[7.7578,12.4481],[7.7536,12.4511],[7.746,12.452],[7.7406,12.4536],[7.7356,12.4542],[7.7324,12.4544],[7.7302,12.4469],[7.7253,12.4454],[7.7221,12.442],[7.7224,12.4388],[7.7247,12.4344],[7.7238,12.4285],[7.7177,12.4244],[7.711,12.4224],[7.7086,12.416],[7.7095,12.4114],[7.7063,12.4068],[7.7008,12.4046],[7.7004,12.3973],[7.7023,12.3953],[7.6996,12.3921],[7.7014,12.3879],[7.7044,12.3777],[7.7023,12.3758],[7.6993,12.3763],[7.6866,12.3833],[7.6821,12.3869],[7.6812,12.3922],[7.6797,12.3959],[7.6827,12.4031],[7.6841,12.4085],[7.6828,12.411],[7.6779,12.413],[7.6738,12.4156],[7.6671,12.4139],[7.66,12.4191],[7.6543,12.4162],[7.6525,12.418],[7.6524,12.4219],[7.654,12.4283],[7.6397,12.4291],[7.637,12.4274]]]},"properties":{"name":"KUNDURU/GYAZA","state":"20","code":"20/20/05"}},{"type":"Feature","geometry":{"type":"Polygon","coordinates":[[[7.8071,12.6268],[7.8059,12.6267],[7.8045,12.6278],[7.7914,12.6222],[7.7863,12.6218],[7.7846,12.6196],[7.7771,12.6172],[7.7717,12.6166],[7.7669,12.6104],[7.7639,12.6086],[7.7596,12.608],[7.7551,12.6128],[7.7509,12.6156],[7.7496,12.6153],[7.7392,12.6181],[7.7343,12.6153],[7.7283,12.6151],[7.7249,12.6173],[7.7192,12.6158],[7.7134,12.6127],[7.7147,12.6076],[7.7121,12.5996],[7.7092,12.5943],[7.7099,12.593],[7.7086,12.5864],[7.71,12.5815],[7.7164,12.5796],[7.7173,12.5783],[7.7216,12.5778],[7.7222,12.5735],[7.724,12.5723],[7.7306,12.5727],[7.7347,12.5736],[7.7383,12.571],[7.744,12.5704],[7.7453,12.5742],[7.7547,12.5732],[7.7673,12.5687],[7.7702,12.5709],[7.7759,12.5709],[7.777,12.5696],[7.7849,12.5675],[7.7908,12.5638],[7.796,12.5625],[7.7975,12.5642],[7.8019,12.5647],[7.8039,12.5633],[7.8082,12.5626],[7.8118,12.5632],[7.8141,12.565],[7.8165,12.5604],[7.8237,12.557],[7.8267,12.5579],[7.8294,12.5602],[7.8313,12.5644],[7.8362,12.5684],[7.8366,12.5718],[7.8401,12.5761],[7.8442,12.5851],[7.8456,12.5869],[7.8504,12.5889],[7.8615,12.588],[7.8635,12.5792],[7.8619,12.573],[7.8621,12.5699],[7.8641,12.5662],[7.8702,12.5656],[7.8736,12.5643],[7.8782,12.5648],[7.8808,12.5661],[7.8805,12.5702],[7.8844,12.575],[7.8861,12.5792],[7.8835,12.5802],[7.8961,12.5937],[7.8962,12.6014],[7.8929,12.6031],[7.8898,12.6069],[7.8864,12.6062],[7.8795,12.6094],[7.8761,12.6074],[7.872,12.6021],[7.8701,12.6017],[7.8607,12.6033],[7.8593,12.6102],[7.8606,12.6137],[7.8585,12.6171],[7.8494,12.6203],[7.8436,12.6255],[7.8393,12.6268],[7.8252,12.6194],[7.8182,12.6219],[7.8104,12.6229],[7.8071,12.6268]]]},"properties":{"name":"KAFIN DANGI/FAKUWA","state":"20","code":"20/20/06"}},{"type":"Feature","geometry":{"type":"Polygon","coordinates":[[[7.7407,12.3552],[7.7393,12.3525],[7.7332,12.3467],[7.7312,12.3421],[7.7279,12.3374],[7.7262,12.3316],[7.7229,12.3315],[7.7142,12.3267],[7.7122,12.322],[7.7118,12.3177],[7.7077,12.3104],[7.7102,12.3069],[7.7162,12.3057],[7.7172,12.3031],[7.729,12.3033],[7.7355,12.3028],[7.7416,12.3071],[7.7437,12.307],[7.7489,12.3047],[7.758,12.3028],[7.761,12.3044],[7.7659,12.3031],[7.7731,12.3022],[7.7743,12.296],[7.7788,12.2917],[7.7807,12.285],[7.7858,12.282],[7.786,12.2734],[7.789,12.2696],[7.7942,12.2692],[7.7988,12.2665],[7.8082,12.2645],[7.8126,12.2624],[7.8205,12.2666],[7.8251,12.2651],[7.8285,12.2661],[7.8317,12.279],[7.8334,12.2822],[7.8325,12.2847],[7.8332,12.2914],[7.8283,12.297],[7.8277,12.3],[7.833,12.3081],[7.83,12.3112],[7.83,12.3148],[7.8321,12.3212],[7.826,12.3216],[7.819,12.3194],[7.8169,12.3154],[7.8134,12.3161],[7.8126,12.3192],[7.8082,12.3192],[7.8064,12.3139],[7.7995,12.3119],[7.7964,12.3139],[7.7968,12.3175],[7.791,12.3225],[7.7903,12.3288],[7.7866,12.3313],[7.7833,12.33],[7.7789,12.3245],[7.7656,12.3272],[7.7657,12.3289],[7.7626,12.3352],[7.7636,12.3397],[7.7629,12.3419],[7.768,12.3427],[7.7699,12.3447],[7.7694,12.3479],[7.7672,12.3496],[7.7682,12.3558],[7.7716,12.3581],[7.7724,12.3605],[7.769,12.3657],[7.769,12.368],[7.7746,12.3754],[7.772,12.3755],[7.7694,12.3774],[7.7642,12.3768],[7.7605,12.3776],[7.7557,12.3721],[7.7568,12.3705],[7.7534,12.3644],[7.7491,12.3632],[7.7488,12.361],[7.7459,12.3598],[7.7443,12.3564],[7.7407,12.3552]]]},"properties":{"name":"SUKUNTUNI","state":"20","code":"20/20/07"}},{"type":"Feature","geometry":{"type":"Polygon","coordinates":[[[7.873,12.2348],[7.8764,12.2352],[7.8781,12.2534],[7.8757,12.2574],[7.8749,12.2628],[7.87,12.2701],[7.8685,12.2705],[7.8647,12.2803],[7.877,12.2896],[7.885,12.2985],[7.8869,12.3114],[7.89,12.3218],[7.8898,12.3247],[7.8936,12.3305],[7.8981,12.3315],[7.8966,12.3347],[7.8901,12.3429],[7.8864,12.3412],[7.8811,12.3358],[7.8769,12.3395],[7.872,12.3421],[7.8629,12.3411],[7.8616,12.3362],[7.859,12.3293],[7.8551,12.3244],[7.8497,12.3227],[7.8488,12.3209],[7.8436,12.3209],[7.8371,12.3253],[7.8335,12.3269],[7.8314,12.3256],[7.8266,12.3291],[7.8265,12.3312],[7.8241,12.3381],[7.8071,12.34],[7.8068,12.3434],[7.8086,12.3496],[7.8055,12.3544],[7.8027,12.3553],[7.7964,12.3537],[7.7953,12.3579],[7.7968,12.3601],[7.7952,12.3636],[7.7965,12.3652],[7.7952,12.3659],[7.7914,12.3717],[7.7865,12.3759],[7.7848,12.3822],[7.7812,12.3823],[7.7778,12.3811],[7.7746,12.3754],[7.769,12.368],[7.769,12.3657],[7.7724,12.3605],[7.7716,12.3581],[7.7682,12.3558],[7.7672,12.3496],[7.7694,12.3479],[7.7699,12.3447],[7.768,12.3427],[7.7629,12.3419],[7.7636,12.3397],[7.7626,12.3352],[7.7657,12.3289],[7.7656,12.3272],[7.7789,12.3245],[7.7833,12.33],[7.7866,12.3313],[7.7903,12.3288],[7.791,12.3225],[7.7968,12.3175],[7.7964,12.3139],[7.7995,12.3119],[7.8064,12.3139],[7.8082,12.3192],[7.8126,12.3192],[7.8134,12.3161],[7.8169,12.3154],[7.819,12.3194],[7.826,12.3216],[7.8321,12.3212],[7.83,12.3148],[7.83,12.3112],[7.833,12.3081],[7.8277,12.3],[7.8283,12.297],[7.8332,12.2914],[7.8325,12.2847],[7.8334,12.2822],[7.8317,12.279],[7.8285,12.2661],[7.832,12.2633],[7.8343,12.2575],[7.8363,12.2547],[7.8378,12.248],[7.842,12.2485],[7.8454,12.2471],[7.8477,12.2436],[7.8534,12.2418],[7.8559,12.2383],[7.8561,12.2331],[7.8575,12.2322],[7.8632,12.2326],[7.873,12.2348]]]},"properties":{"name":"RIMAYE","state":"20","code":"20/20/08"}},{"type":"Feature","geometry":{"type":"Polygon","coordinates":[[[7.8961,12.5937],[7.8835,12.5802],[7.8861,12.5792],[7.8844,12.575],[7.8805,12.5702],[7.8808,12.5661],[7.8782,12.5648],[7.8736,12.5643],[7.8702,12.5656],[7.8641,12.5662],[7.8583,12.5635],[7.8484,12.5602],[7.8436,12.5602],[7.8379,12.5618],[7.8327,12.5582],[7.8479,12.5416],[7.8516,12.5337],[7.8637,12.5322],[7.8723,12.5324],[7.8874,12.5367],[7.8912,12.5395],[7.903,12.5354],[7.9056,12.5358],[7.9095,12.5344],[7.9132,12.5357],[7.9203,12.5349],[7.926,12.5356],[7.932,12.533],[7.9395,12.5334],[7.9428,12.5344],[7.9406,12.5381],[7.9375,12.5457],[7.9421,12.5492],[7.9463,12.5504],[7.9481,12.5525],[7.9492,12.5552],[7.9453,12.5577],[7.9455,12.5632],[7.9426,12.564],[7.9376,12.5626],[7.9319,12.5688],[7.9273,12.5696],[7.9273,12.574],[7.9236,12.5756],[7.9168,12.573],[7.9156,12.5682],[7.9085,12.5658],[7.9068,12.5673],[7.9057,12.5726],[7.8996,12.5773],[7.902,12.5809],[7.9061,12.5826],[7.9095,12.586],[7.903,12.5937],[7.8991,12.5909],[7.8961,12.5937]]]},"properties":{"name":"GACHI","state":"20","code":"20/20/09"}},{"type":"Feature","geometry":{"type":"MultiPolygon","coordinates":[[[[7.7914,12.4026],[7.7885,12.3994],[7.7904,12.3882],[7.792,12.3846],[7.7848,12.3822],[7.7865,12.3759],[7.7914,12.3717],[7.7952,12.3659],[7.7965,12.3652],[7.7972,12.3685],[7.8027,12.3666],[7.8035,12.3731],[7.8085,12.3726],[7.8127,12.3738],[7.8202,12.3798],[7.823,12.3841],[7.8365,12.3749],[7.8381,12.3695],[7.8378,12.3666],[7.842,12.3629],[7.8408,12.3562],[7.8411,12.3531],[7.846,12.3498],[7.8517,12.3497],[7.856,12.3509],[7.8615,12.3597],[7.8614,12.3646],[7.8694,12.3713],[7.8669,12.3753],[7.866,12.385],[7.8627,12.386],[7.8625,12.3921],[7.86,12.3964],[7.8615,12.4015],[7.8648,12.4034],[7.8675,12.4076],[7.8726,12.4112],[7.8767,12.4097],[7.8795,12.4138],[7.8816,12.4138],[7.8817,12.4179],[7.8804,12.4235],[7.8819,12.4263],[7.878,12.4271],[7.8726,12.4311],[7.8731,12.4351],[7.8782,12.4431],[7.8757,12.4464],[7.873,12.4475],[7.8689,12.4444],[7.8651,12.4441],[7.8604,12.4456],[7.857,12.4452],[7.8502,12.4536],[7.8474,12.4559],[7.8487,12.4594],[7.848,12.4725],[7.8483,12.4771],[7.8378,12.4766],[7.8311,12.4705],[7.829,12.4722],[7.824,12.4724],[7.8194,12.47],[7.8165,12.4638],[7.8119,12.4623],[7.8082,12.4587],[7.8051,12.453],[7.8063,12.4497],[7.8035,12.4469],[7.8014,12.4467],[7.8036,12.4435],[7.8096,12.4383],[7.8068,12.4376],[7.8005,12.4346],[7.8012,12.4301],[7.8007,12.4254],[7.8023,12.4186],[7.797,12.4156],[7.7951,12.4138],[7.7943,12.4101],[7.7941,12.4038],[7.7914,12.4026]]],[[[7.6555,12.3483],[7.6593,12.3479],[7.667,12.3408],[7.6702,12.3404],[7.6746,12.3361],[7.6779,12.3346],[7.6797,12.3319],[7.679,12.3249],[7.6861,12.3211],[7.6944,12.3187],[7.6994,12.3135],[7.7036,12.3113],[7.7077,12.3104],[7.7118,12.3177],[7.7122,12.322],[7.7142,12.3267],[7.7229,12.3315],[7.7262,12.3316],[7.7279,12.3374],[7.7312,12.3421],[7.7332,12.3467],[7.7393,12.3525],[7.7407,12.3552],[7.7377,12.3566],[7.7288,12.3554],[7.7238,12.3533],[7.7209,12.3498],[7.7154,12.3535],[7.7155,12.3554],[7.7105,12.3644],[7.7079,12.363],[7.7025,12.3513],[7.7008,12.3529],[7.696,12.3542],[7.6924,12.3576],[7.6927,12.3615],[7.688,12.3607],[7.6789,12.3635],[7.6785,12.3662],[7.6706,12.3655],[7.6664,12.3607],[7.6633,12.3619],[7.6565,12.3629],[7.6552,12.36],[7.657,12.3575],[7.658,12.3535],[7.6555,12.3483]]]]},"properties":{"name":"MAGAM/TSA","state":"20","code":"20/20/10"}},{"type":"Feature","geometry":{"type":"Polygon","coordinates":[[[7.6383,13.0094],[7.6258,13.0098],[7.6226,13.0109],[7.6211,13.0137],[7.6151,13.0127],[7.6096,13.0142],[7.6058,13.012],[7.6019,13.0085],[7.606,13.0025],[7.6048,12.9995],[7.6048,12.9948],[7.6025,12.9932],[7.5994,12.9934],[7.5991,12.9905],[7.6012,12.9879],[7.6059,12.9901],[7.6057,12.9937],[7.6148,12.9953],[7.6253,12.9992],[7.6328,12.9912],[7.6345,12.9904],[7.6351,12.9995],[7.6383,13.0011],[7.6371,13.005],[7.6396,13.0054],[7.6403,13.0087],[7.6383,13.0094]]]},"properties":{"name":"WAKILIN GABAS I","state":"20","code":"20/21/01"}},{"type":"Feature","geometry":{"type":"Polygon","coordinates":[[[7.6059,12.9901],[7.6074,12.9857],[7.6107,12.9837],[7.6134,12.9846],[7.6179,12.9803],[7.6191,12.9773],[7.6223,12.9781],[7.6267,12.9775],[7.6281,12.9714],[7.6333,12.9699],[7.6345,12.9718],[7.638,12.9729],[7.6359,12.9747],[7.6376,12.9775],[7.6339,12.984],[7.6345,12.9904],[7.6328,12.9912],[7.6253,12.9992],[7.6148,12.9953],[7.6057,12.9937],[7.6059,12.9901]]]},"properties":{"name":"WAKILIN GABAS II","state":"20","code":"20/21/02"}},{"type":"Feature","geometry":{"type":"Polygon","coordinates":[[[7.5835,13.0387],[7.5862,13.0361],[7.5875,13.0325],[7.5911,13.0281],[7.593,13.0198],[7.5953,13.0164],[7.5949,13.013],[7.5968,13.0117],[7.597,13.0017],[7.6009,13.0001],[7.5987,12.9962],[7.5994,12.9934],[7.6025,12.9932],[7.6048,12.9948],[7.6048,12.9995],[7.606,13.0025],[7.6019,13.0085],[7.6058,13.012],[7.6096,13.0142],[7.6151,13.0127],[7.6211,13.0137],[7.6226,13.0109],[7.6258,13.0098],[7.6383,13.0094],[7.6385,13.0227],[7.6384,13.0259],[7.6361,13.033],[7.6332,13.0375],[7.6353,13.04],[7.6351,13.0474],[7.6362,13.0545],[7.6336,13.0543],[7.6272,13.0573],[7.6195,13.0576],[7.6107,13.0593],[7.6084,13.059],[7.6041,13.0536],[7.5986,13.0502],[7.5935,13.05],[7.5887,13.0485],[7.5876,13.0456],[7.5844,13.0439],[7.5835,13.0387]]]},"properties":{"name":"KANGIWA","state":"20","code":"20/21/03"}},{"type":"Feature","geometry":{"type":"Polygon","coordinates":[[[7.5622,12.9965],[7.5654,12.9966],[7.5691,12.9995],[7.5756,12.9995],[7.5787,12.9974],[7.5787,12.9925],[7.586,12.9921],[7.5868,12.9889],[7.591,12.9888],[7.5924,12.9911],[7.5913,12.9954],[7.5898,12.9964],[7.5892,13.003],[7.5851,13.0057],[7.5837,13.0085],[7.5839,13.0152],[7.5829,13.0206],[7.579,13.0184],[7.5699,13.0155],[7.5656,13.0126],[7.5668,13.0095],[7.5718,13.012],[7.5738,13.0088],[7.5685,13.0064],[7.565,13.0077],[7.5603,13.0065],[7.5582,13.0036],[7.5617,13.0008],[7.5622,12.9965]]]},"properties":{"name":"WAKILIN YAMMA 1","state":"20","code":"20/21/04"}},{"type":"Feature","geometry":{"type":"Polygon","coordinates":[[[7.5803,12.9645],[7.5848,12.9703],[7.5872,12.9764],[7.5897,12.9801],[7.5915,12.9843],[7.5899,12.9862],[7.591,12.9888],[7.5868,12.9889],[7.586,12.9921],[7.5787,12.9925],[7.5787,12.9974],[7.5756,12.9995],[7.5691,12.9995],[7.5654,12.9966],[7.5622,12.9965],[7.5606,12.9938],[7.5553,12.9902],[7.5542,12.988],[7.5583,12.9792],[7.5614,12.976],[7.5577,12.9687],[7.5622,12.9692],[7.5685,12.9668],[7.5717,12.9664],[7.5744,12.9642],[7.5803,12.9645]]]},"properties":{"name":"WAKILIN YAMMA 1I","state":"20","code":"20/21/05"}},{"type":"Feature","geometry":{"type":"Polygon","coordinates":[[[7.591,12.9888],[7.5899,12.9862],[7.5915,12.9843],[7.5897,12.9801],[7.5973,12.9759],[7.601,12.9847],[7.5991,12.9905],[7.5924,12.9911],[7.591,12.9888]]]},"properties":{"name":"WAKILIN KUDU I","state":"20","code":"20/21/06"}},{"type":"Feature","geometry":{"type":"Polygon","coordinates":[[[7.6319,12.9579],[7.6416,12.9707],[7.638,12.9729],[7.6345,12.9718],[7.6333,12.9699],[7.6281,12.9714],[7.6267,12.9775],[7.6223,12.9781],[7.6191,12.9773],[7.6179,12.9803],[7.6134,12.9846],[7.6107,12.9837],[7.6074,12.9857],[7.6059,12.9901],[7.6012,12.9879],[7.5991,12.9905],[7.601,12.9847],[7.6152,12.9733],[7.6224,12.9682],[7.627,12.9634],[7.6319,12.9579]]]},"properties":{"name":"WAKILIN KUDU II","state":"20","code":"20/21/07"}},{"type":"Feature","geometry":{"type":"Polygon","coordinates":[[[7.5994,12.9934],[7.5987,12.9962],[7.6009,13.0001],[7.597,13.0017],[7.5951,13.0004],[7.5951,12.9969],[7.5913,12.9954],[7.5924,12.9911],[7.5991,12.9905],[7.5994,12.9934]]]},"properties":{"name":"WAKILIN AREWA (A)","state":"20","code":"20/21/08"}},{"type":"Feature","geometry":{"type":"Polygon","coordinates":[[[7.5699,13.0155],[7.579,13.0184],[7.5829,13.0206],[7.5839,13.0152],[7.5837,13.0085],[7.5851,13.0057],[7.5892,13.003],[7.5898,12.9964],[7.5913,12.9954],[7.5951,12.9969],[7.5951,13.0004],[7.597,13.0017],[7.5968,13.0117],[7.5949,13.013],[7.5953,13.0164],[7.593,13.0198],[7.5911,13.0281],[7.5875,13.0325],[7.5862,13.0361],[7.5835,13.0387],[7.5797,13.0431],[7.5744,13.0421],[7.5675,13.0427],[7.5661,13.042],[7.5639,13.0364],[7.5653,13.0306],[7.5626,13.0252],[7.5605,13.0237],[7.5682,13.018],[7.5699,13.0155]]]},"properties":{"name":"WAKILIN AREWA (B)","state":"20","code":"20/21/09"}},{"type":"Feature","geometry":{"type":"Polygon","coordinates":[[[7.6362,13.0545],[7.6351,13.0474],[7.6353,13.04],[7.6332,13.0375],[7.6361,13.033],[7.6384,13.0259],[7.6385,13.0227],[7.6429,13.0215],[7.6441,13.0103],[7.6477,13.0109],[7.6549,13.0099],[7.6581,13.0087],[7.6592,13.0122],[7.6644,13.0161],[7.6634,13.0218],[7.664,13.0233],[7.6617,13.028],[7.6605,13.0343],[7.6627,13.0361],[7.6693,13.0379],[7.6713,13.0469],[7.6733,13.0488],[7.6755,13.0547],[7.6728,13.0567],[7.6672,13.0636],[7.6644,13.0704],[7.6599,13.0716],[7.6582,13.0784],[7.6513,13.0828],[7.649,13.0822],[7.6428,13.084],[7.6413,13.0793],[7.6414,13.0707],[7.6427,13.069],[7.6433,13.0636],[7.6449,13.0594],[7.6362,13.0545]]]},"properties":{"name":"SHINKAFI 'A","state":"20","code":"20/21/10"}},{"type":"Feature","geometry":{"type":"Polygon","coordinates":[[[7.6707,12.9752],[7.6741,12.9821],[7.673,12.9865],[7.6664,12.9894],[7.6679,12.9938],[7.6707,12.9978],[7.6724,13.0025],[7.6764,13.0039],[7.6768,13.0087],[7.6826,13.0134],[7.6849,13.0122],[7.6928,13.0142],[7.6898,13.0173],[7.6901,13.0216],[7.6907,13.0285],[7.6854,13.0319],[7.6835,13.0299],[7.679,13.0314],[7.6764,13.029],[7.6704,13.0251],[7.6694,13.0274],[7.6693,13.0379],[7.6627,13.0361],[7.6605,13.0343],[7.6617,13.028],[7.664,13.0233],[7.6634,13.0218],[7.6644,13.0161],[7.6592,13.0122],[7.6581,13.0087],[7.6549,13.0099],[7.6477,13.0109],[7.6441,13.0103],[7.6429,13.0215],[7.6385,13.0227],[7.6383,13.0094],[7.6403,13.0087],[7.6396,13.0054],[7.6371,13.005],[7.6383,13.0011],[7.6351,12.9995],[7.6345,12.9904],[7.6339,12.984],[7.6376,12.9775],[7.6359,12.9747],[7.638,12.9729],[7.6416,12.9707],[7.6473,12.9663],[7.6498,12.9694],[7.6543,12.9687],[7.6589,12.9698],[7.6588,12.9746],[7.66,12.9765],[7.6707,12.9752]]]},"properties":{"name":"SHINKAFI 'B'","state":"20","code":"20/21/11"}},{"type":"Feature","geometry":{"type":"Polygon","coordinates":[[[7.6035,12.9527],[7.6118,12.9536],[7.6139,12.9544],[7.627,12.9634],[7.6224,12.9682],[7.6152,12.9733],[7.601,12.9847],[7.5973,12.9759],[7.5897,12.9801],[7.5872,12.9764],[7.5848,12.9703],[7.5803,12.9645],[7.5838,12.9625],[7.5854,12.9586],[7.5846,12.9557],[7.5911,12.9546],[7.5941,12.9504],[7.5981,12.9539],[7.6035,12.9527]]]},"properties":{"name":"WAKILI KUDU III","state":"20","code":"20/21/12"}},{"type":"Feature","geometry":{"type":"Polygon","coordinates":[[[7.4875,12.853],[7.4825,12.8583],[7.4777,12.8573],[7.4702,12.8636],[7.4661,12.8635],[7.4607,12.8601],[7.4586,12.8622],[7.4529,12.8612],[7.4504,12.8628],[7.4454,12.8599],[7.4412,12.8604],[7.4361,12.8584],[7.4291,12.8547],[7.4253,12.8577],[7.4218,12.8577],[7.4218,12.8602],[7.4179,12.8621],[7.4129,12.8606],[7.4138,12.8554],[7.42,12.8521],[7.421,12.8484],[7.4161,12.8404],[7.4167,12.8358],[7.4241,12.8349],[7.4256,12.8324],[7.4243,12.8262],[7.4261,12.8213],[7.4227,12.8163],[7.4187,12.8134],[7.4137,12.8136],[7.4161,12.8073],[7.413,12.8041],[7.413,12.8019],[7.4178,12.7991],[7.4242,12.7996],[7.4283,12.7941],[7.4333,12.7924],[7.4367,12.7945],[7.4391,12.7939],[7.4424,12.7907],[7.4447,12.787],[7.4422,12.7774],[7.4448,12.7732],[7.4506,12.775],[7.4578,12.7746],[7.4616,12.7769],[7.4663,12.7758],[7.4704,12.7769],[7.4767,12.7713],[7.4837,12.7722],[7.4879,12.7719],[7.4892,12.7751],[7.4941,12.7767],[7.4959,12.7733],[7.4955,12.7702],[7.5029,12.7661],[7.5003,12.7604],[7.5004,12.7553],[7.4963,12.7534],[7.4922,12.7541],[7.4911,12.7563],[7.4878,12.7567],[7.4844,12.7514],[7.4866,12.7447],[7.4888,12.7461],[7.4953,12.7447],[7.4969,12.7421],[7.5012,12.7406],[7.5047,12.7414],[7.5078,12.7396],[7.5106,12.7362],[7.5162,12.7323],[7.5171,12.7237],[7.5197,12.7244],[7.5231,12.7277],[7.5236,12.7316],[7.5214,12.7355],[7.5235,12.74],[7.5283,12.7437],[7.5296,12.7482],[7.5243,12.7553],[7.5212,12.7569],[7.5174,12.7573],[7.5185,12.764],[7.5141,12.7717],[7.5147,12.7753],[7.5141,12.783],[7.5117,12.7872],[7.5084,12.7957],[7.5099,12.798],[7.5077,12.8038],[7.5023,12.81],[7.4995,12.8112],[7.4956,12.8097],[7.4917,12.8112],[7.4869,12.8106],[7.4832,12.8117],[7.4786,12.8109],[7.4772,12.8133],[7.4776,12.8162],[7.4745,12.8219],[7.4745,12.8239],[7.4794,12.8245],[7.4849,12.8284],[7.4836,12.8321],[7.4807,12.8365],[7.4802,12.8398],[7.4819,12.8424],[7.4878,12.8442],[7.487,12.8487],[7.4875,12.853]]]},"properties":{"name":"TSAURI 'A'","state":"20","code":"20/22/01"}},{"type":"Feature","geometry":{"type":"Polygon","coordinates":[[[7.5171,12.7237],[7.5162,12.7323],[7.5106,12.7362],[7.5078,12.7396],[7.5047,12.7414],[7.5012,12.7406],[7.4969,12.7421],[7.4953,12.7447],[7.4888,12.7461],[7.4866,12.7447],[7.4844,12.7514],[7.4878,12.7567],[7.4911,12.7563],[7.4922,12.7541],[7.4963,12.7534],[7.5004,12.7553],[7.5003,12.7604],[7.5029,12.7661],[7.4955,12.7702],[7.4959,12.7733],[7.4941,12.7767],[7.4892,12.7751],[7.4879,12.7719],[7.4837,12.7722],[7.4767,12.7713],[7.4704,12.7769],[7.4663,12.7758],[7.4616,12.7769],[7.4578,12.7746],[7.4506,12.775],[7.4448,12.7732],[7.4422,12.7774],[7.4447,12.787],[7.4424,12.7907],[7.4391,12.7939],[7.4367,12.7945],[7.4333,12.7924],[7.4283,12.7941],[7.4242,12.7996],[7.4178,12.7991],[7.413,12.8019],[7.4099,12.8005],[7.4077,12.7957],[7.4052,12.7929],[7.4047,12.7901],[7.4057,12.7864],[7.404,12.7851],[7.4009,12.7779],[7.4025,12.7722],[7.4007,12.7693],[7.4022,12.7664],[7.3999,12.7566],[7.3959,12.7547],[7.3925,12.7512],[7.3932,12.7437],[7.3962,12.7362],[7.4,12.7298],[7.4051,12.7291],[7.4182,12.7232],[7.422,12.7225],[7.428,12.7245],[7.4322,12.7243],[7.4382,12.7199],[7.4408,12.7203],[7.4455,12.7227],[7.4581,12.7234],[7.4651,12.7249],[7.4676,12.7264],[7.4747,12.728],[7.4794,12.7275],[7.4836,12.7241],[7.4886,12.7216],[7.4959,12.7209],[7.4988,12.7182],[7.5013,12.7174],[7.5043,12.7188],[7.5098,12.7174],[7.5136,12.7191],[7.5171,12.7237]]]},"properties":{"name":"TSAURI 'B'","state":"20","code":"20/22/02"}},{"type":"Feature","geometry":{"type":"Polygon","coordinates":[[[7.5122,12.6861],[7.5089,12.6827],[7.5029,12.6784],[7.5001,12.6857],[7.4997,12.6921],[7.5019,12.6938],[7.5018,12.6986],[7.4951,12.7009],[7.4926,12.6999],[7.4829,12.6938],[7.4804,12.6881],[7.4832,12.6766],[7.4789,12.6759],[7.4725,12.6763],[7.4692,12.6712],[7.4606,12.667],[7.4571,12.6666],[7.4517,12.6626],[7.4485,12.665],[7.4463,12.6686],[7.4448,12.6682],[7.4368,12.6723],[7.4318,12.6702],[7.4262,12.6691],[7.4256,12.6629],[7.4268,12.6609],[7.4265,12.6533],[7.4302,12.6508],[7.4342,12.6541],[7.4394,12.6491],[7.4407,12.6424],[7.4388,12.6418],[7.4409,12.6377],[7.4446,12.6363],[7.4465,12.6378],[7.4527,12.6382],[7.4569,12.6346],[7.4556,12.6327],[7.4519,12.6323],[7.4529,12.6278],[7.4519,12.624],[7.4561,12.619],[7.4591,12.6145],[7.4625,12.6136],[7.4649,12.6106],[7.4662,12.6133],[7.4702,12.6182],[7.4758,12.6182],[7.4783,12.6226],[7.4803,12.6224],[7.4824,12.6254],[7.481,12.6276],[7.4809,12.6314],[7.478,12.6333],[7.4763,12.6397],[7.4768,12.6432],[7.4797,12.6482],[7.4856,12.6466],[7.4917,12.6495],[7.4989,12.6465],[7.5023,12.6458],[7.5043,12.6499],[7.5044,12.6566],[7.5118,12.6591],[7.5136,12.6629],[7.5131,12.6654],[7.5168,12.6675],[7.5179,12.6705],[7.5169,12.6742],[7.5145,12.6781],[7.5169,12.6837],[7.5122,12.6861]]]},"properties":{"name":"KURFI 'A'","state":"20","code":"20/22/03"}},{"type":"Feature","geometry":{"type":"Polygon","coordinates":[[[7.5136,12.7191],[7.5098,12.7174],[7.5043,12.7188],[7.5013,12.7174],[7.4988,12.7182],[7.4959,12.7209],[7.4886,12.7216],[7.4836,12.7241],[7.4794,12.7275],[7.4747,12.728],[7.4676,12.7264],[7.4651,12.7249],[7.4581,12.7234],[7.4455,12.7227],[7.4408,12.7203],[7.4382,12.7199],[7.4322,12.7243],[7.428,12.7245],[7.422,12.7225],[7.4182,12.7232],[7.4051,12.7291],[7.4,12.7298],[7.3987,12.7291],[7.4035,12.7222],[7.404,12.7176],[7.4001,12.7174],[7.3993,12.7151],[7.3996,12.7091],[7.3969,12.7079],[7.3968,12.7038],[7.3948,12.7002],[7.3859,12.7005],[7.3844,12.6919],[7.382,12.684],[7.3764,12.6805],[7.3767,12.6782],[7.383,12.6736],[7.3834,12.6714],[7.3861,12.6701],[7.3878,12.6646],[7.39,12.6613],[7.3878,12.6555],[7.389,12.6506],[7.3861,12.6459],[7.3904,12.6404],[7.3956,12.637],[7.4014,12.6382],[7.4123,12.6441],[7.4144,12.644],[7.4152,12.6386],[7.4206,12.6335],[7.4273,12.6318],[7.4303,12.6367],[7.4316,12.6361],[7.4361,12.6409],[7.4388,12.6418],[7.4407,12.6424],[7.4394,12.6491],[7.4342,12.6541],[7.4302,12.6508],[7.4265,12.6533],[7.4268,12.6609],[7.4256,12.6629],[7.4262,12.6691],[7.4318,12.6702],[7.4368,12.6723],[7.4448,12.6682],[7.4463,12.6686],[7.4485,12.665],[7.4517,12.6626],[7.4571,12.6666],[7.4606,12.667],[7.4692,12.6712],[7.4725,12.6763],[7.4789,12.6759],[7.4832,12.6766],[7.4804,12.6881],[7.4829,12.6938],[7.4926,12.6999],[7.4951,12.7009],[7.5018,12.6986],[7.5019,12.6938],[7.4997,12.6921],[7.5001,12.6857],[7.5029,12.6784],[7.5089,12.6827],[7.5122,12.6861],[7.5111,12.6877],[7.5149,12.693],[7.5242,12.6941],[7.5266,12.6984],[7.5242,12.7042],[7.5258,12.707],[7.5188,12.7097],[7.517,12.7135],[7.5179,12.717],[7.5169,12.7187],[7.5136,12.7191]]]},"properties":{"name":"KURFI 'B'","state":"20","code":"20/22/04"}},{"type":"Feature","geometry":{"type":"Polygon","coordinates":[[[7.6192,12.6191],[7.6151,12.6188],[7.6112,12.6197],[7.6081,12.6256],[7.6043,12.6286],[7.598,12.6281],[7.5906,12.6336],[7.5886,12.6364],[7.5876,12.641],[7.5824,12.6433],[7.5824,12.646],[7.5767,12.6472],[7.5794,12.6443],[7.5792,12.6406],[7.5775,12.6363],[7.5767,12.6304],[7.5782,12.6264],[7.576,12.6228],[7.5767,12.6156],[7.5763,12.6105],[7.5783,12.6043],[7.5767,12.6016],[7.5783,12.5968],[7.5719,12.5952],[7.5745,12.5865],[7.5768,12.5827],[7.5744,12.5782],[7.574,12.5742],[7.5707,12.5683],[7.5766,12.5599],[7.5772,12.556],[7.5819,12.5569],[7.5812,12.5613],[7.5858,12.5637],[7.5961,12.5612],[7.5994,12.5658],[7.6074,12.5674],[7.6122,12.5696],[7.6153,12.5696],[7.617,12.5706],[7.618,12.5756],[7.6167,12.5792],[7.6176,12.5831],[7.6201,12.5844],[7.6205,12.5925],[7.6221,12.5975],[7.6303,12.6018],[7.6339,12.6017],[7.638,12.606],[7.6364,12.6086],[7.6294,12.6137],[7.6273,12.6141],[7.6234,12.6183],[7.6192,12.6191]]]},"properties":{"name":"RAWAYAU 'A'","state":"20","code":"20/22/05"}},{"type":"Feature","geometry":{"type":"Polygon","coordinates":[[[7.5673,12.6495],[7.5638,12.644],[7.5631,12.6403],[7.5585,12.6381],[7.556,12.629],[7.5524,12.6273],[7.5481,12.6266],[7.547,12.6279],[7.5403,12.6312],[7.5387,12.6285],[7.5381,12.6193],[7.537,12.6167],[7.54,12.6133],[7.5439,12.6114],[7.5467,12.6079],[7.5398,12.6042],[7.5371,12.5999],[7.5398,12.5944],[7.5376,12.5874],[7.538,12.5805],[7.5322,12.5715],[7.5325,12.5643],[7.5346,12.5632],[7.5387,12.5636],[7.5417,12.5591],[7.5453,12.5601],[7.5459,12.5582],[7.5445,12.5539],[7.5437,12.5478],[7.547,12.5438],[7.5488,12.54],[7.5547,12.541],[7.559,12.5442],[7.5634,12.5446],[7.5654,12.5411],[7.571,12.539],[7.573,12.5423],[7.5753,12.5424],[7.5792,12.5463],[7.5791,12.5503],[7.5773,12.5528],[7.5772,12.556],[7.5766,12.5599],[7.5707,12.5683],[7.574,12.5742],[7.5744,12.5782],[7.5768,12.5827],[7.5745,12.5865],[7.5719,12.5952],[7.5783,12.5968],[7.5767,12.6016],[7.5783,12.6043],[7.5763,12.6105],[7.5767,12.6156],[7.576,12.6228],[7.5782,12.6264],[7.5767,12.6304],[7.5775,12.6363],[7.5792,12.6406],[7.5794,12.6443],[7.5767,12.6472],[7.5747,12.6481],[7.5707,12.6456],[7.5679,12.6473],[7.5673,12.6495]]]},"properties":{"name":"RAWAYAU 'B'","state":"20","code":"20/22/06"}},{"type":"Feature","geometry":{"type":"Polygon","coordinates":[[[7.5325,12.5643],[7.5322,12.5715],[7.538,12.5805],[7.5376,12.5874],[7.5398,12.5944],[7.5371,12.5999],[7.5398,12.6042],[7.5467,12.6079],[7.5439,12.6114],[7.54,12.6133],[7.537,12.6167],[7.5381,12.6193],[7.5387,12.6285],[7.5403,12.6312],[7.5409,12.6381],[7.5359,12.6413],[7.5336,12.6406],[7.5313,12.6364],[7.5287,12.6341],[7.5254,12.6341],[7.5221,12.6286],[7.5188,12.6342],[7.5129,12.6332],[7.5077,12.625],[7.5035,12.6262],[7.4997,12.6242],[7.4942,12.6233],[7.4903,12.6208],[7.4803,12.6224],[7.4783,12.6226],[7.4758,12.6182],[7.4702,12.6182],[7.4662,12.6133],[7.4649,12.6106],[7.4672,12.6031],[7.471,12.5998],[7.4717,12.5943],[7.4711,12.5869],[7.4733,12.5773],[7.477,12.574],[7.4812,12.5726],[7.4814,12.5688],[7.484,12.5634],[7.4832,12.5592],[7.4873,12.5556],[7.4924,12.5561],[7.4953,12.5528],[7.4991,12.5511],[7.5072,12.5522],[7.5076,12.5498],[7.5096,12.5553],[7.5164,12.5546],[7.518,12.5531],[7.5234,12.5543],[7.5255,12.5591],[7.5325,12.5643]]]},"properties":{"name":"BIRCHI","state":"20","code":"20/22/07"}},{"type":"Feature","geometry":{"type":"Polygon","coordinates":[[[7.5258,12.707],[7.5242,12.7042],[7.5266,12.6984],[7.5242,12.6941],[7.5149,12.693],[7.5111,12.6877],[7.5122,12.6861],[7.5169,12.6837],[7.5145,12.6781],[7.5169,12.6742],[7.5179,12.6705],[7.5168,12.6675],[7.5131,12.6654],[7.5136,12.6629],[7.5118,12.6591],[7.5044,12.6566],[7.5043,12.6499],[7.5023,12.6458],[7.4989,12.6465],[7.4917,12.6495],[7.4856,12.6466],[7.4797,12.6482],[7.4768,12.6432],[7.4763,12.6397],[7.478,12.6333],[7.4809,12.6314],[7.481,12.6276],[7.4824,12.6254],[7.4803,12.6224],[7.4903,12.6208],[7.4942,12.6233],[7.4997,12.6242],[7.5035,12.6262],[7.5077,12.625],[7.5129,12.6332],[7.5188,12.6342],[7.5221,12.6286],[7.5254,12.6341],[7.5287,12.6341],[7.5313,12.6364],[7.5336,12.6406],[7.5359,12.6413],[7.5409,12.6381],[7.5403,12.6312],[7.547,12.6279],[7.5481,12.6266],[7.5524,12.6273],[7.556,12.629],[7.5585,12.6381],[7.5631,12.6403],[7.5638,12.644],[7.5673,12.6495],[7.5675,12.6537],[7.5639,12.6576],[7.5623,12.6608],[7.5619,12.6646],[7.5637,12.6678],[7.5611,12.6709],[7.5532,12.6727],[7.5512,12.676],[7.5479,12.6769],[7.5454,12.6802],[7.5417,12.687],[7.5361,12.6906],[7.5333,12.6987],[7.534,12.7013],[7.5334,12.7039],[7.5258,12.707]]]},"properties":{"name":"BARKIYYA","state":"20","code":"20/22/08"}},{"type":"Feature","geometry":{"type":"Polygon","coordinates":[[[7.484,12.5634],[7.4814,12.5688],[7.4812,12.5726],[7.477,12.574],[7.4733,12.5773],[7.4711,12.5869],[7.4717,12.5943],[7.471,12.5998],[7.4672,12.6031],[7.4647,12.6013],[7.4631,12.5979],[7.4585,12.5942],[7.4564,12.5884],[7.45,12.5931],[7.4429,12.5886],[7.4347,12.5928],[7.4274,12.5883],[7.4252,12.5922],[7.4209,12.5922],[7.4165,12.5968],[7.4152,12.5945],[7.4074,12.5922],[7.4025,12.5901],[7.4002,12.5876],[7.3967,12.5862],[7.4003,12.5788],[7.3996,12.5753],[7.4013,12.5708],[7.4,12.5655],[7.3951,12.5639],[7.3904,12.5638],[7.3836,12.5578],[7.3812,12.5525],[7.3852,12.5483],[7.3859,12.5459],[7.3902,12.5416],[7.3972,12.5361],[7.3984,12.5319],[7.4001,12.53],[7.4062,12.5269],[7.4082,12.5245],[7.4136,12.5209],[7.4211,12.525],[7.4206,12.5295],[7.4241,12.53],[7.4303,12.5207],[7.4347,12.5202],[7.4377,12.5095],[7.4416,12.509],[7.4428,12.513],[7.4449,12.5159],[7.4504,12.5174],[7.4513,12.5218],[7.4542,12.5224],[7.4547,12.528],[7.4573,12.5309],[7.4576,12.5359],[7.4626,12.5407],[7.4636,12.5427],[7.4612,12.5469],[7.4643,12.5524],[7.4652,12.5597],[7.4681,12.5612],[7.473,12.5599],[7.4763,12.5603],[7.4789,12.5628],[7.484,12.5634]]]},"properties":{"name":"WURMA 'A'","state":"20","code":"20/22/09"}},{"type":"Feature","geometry":{"type":"Polygon","coordinates":[[[7.4388,12.6418],[7.4361,12.6409],[7.4316,12.6361],[7.4303,12.6367],[7.4273,12.6318],[7.4206,12.6335],[7.4152,12.6386],[7.4144,12.644],[7.4123,12.6441],[7.4014,12.6382],[7.3956,12.637],[7.3904,12.6404],[7.3861,12.6459],[7.3804,12.6443],[7.3771,12.6393],[7.3779,12.6359],[7.3838,12.6336],[7.3862,12.6289],[7.386,12.6236],[7.3879,12.6219],[7.3872,12.6157],[7.3819,12.6148],[7.3781,12.6089],[7.37,12.6056],[7.3683,12.6024],[7.3709,12.5971],[7.3704,12.5897],[7.3666,12.5866],[7.3664,12.5846],[7.3686,12.5813],[7.3694,12.5779],[7.3661,12.5725],[7.3669,12.5703],[7.3621,12.5675],[7.3681,12.562],[7.3718,12.5613],[7.3726,12.5563],[7.3775,12.553],[7.38,12.5535],[7.3812,12.5525],[7.3836,12.5578],[7.3904,12.5638],[7.3951,12.5639],[7.4,12.5655],[7.4013,12.5708],[7.3996,12.5753],[7.4003,12.5788],[7.3967,12.5862],[7.4002,12.5876],[7.4025,12.5901],[7.4074,12.5922],[7.4152,12.5945],[7.4165,12.5968],[7.4209,12.5922],[7.4252,12.5922],[7.4274,12.5883],[7.4347,12.5928],[7.4429,12.5886],[7.45,12.5931],[7.4564,12.5884],[7.4585,12.5942],[7.4631,12.5979],[7.4647,12.6013],[7.4672,12.6031],[7.4649,12.6106],[7.4625,12.6136],[7.4591,12.6145],[7.4561,12.619],[7.4519,12.624],[7.4529,12.6278],[7.4519,12.6323],[7.4556,12.6327],[7.4569,12.6346],[7.4527,12.6382],[7.4465,12.6378],[7.4446,12.6363],[7.4409,12.6377],[7.4388,12.6418]]]},"properties":{"name":"WURMA 'B'","state":"20","code":"20/22/10"}},{"type":"Feature","geometry":{"type":"Polygon","coordinates":[[[7.9859,12.4806],[7.9806,12.4814],[7.9762,12.4832],[7.9721,12.4822],[7.9648,12.4758],[7.9557,12.4816],[7.95,12.4829],[7.9439,12.4827],[7.9419,12.4848],[7.9392,12.4851],[7.9376,12.4874],[7.9312,12.4882],[7.9275,12.4857],[7.9301,12.4802],[7.9348,12.4781],[7.9388,12.4704],[7.9437,12.465],[7.937,12.4622],[7.9355,12.4598],[7.9351,12.4513],[7.9362,12.4465],[7.9384,12.4435],[7.9398,12.4394],[7.9371,12.4379],[7.9372,12.4346],[7.9396,12.431],[7.9452,12.4308],[7.9452,12.4278],[7.9478,12.4222],[7.9453,12.4178],[7.9501,12.4149],[7.9542,12.4226],[7.9533,12.4233],[7.9523,12.4333],[7.9582,12.435],[7.9671,12.4326],[7.9651,12.4383],[7.9724,12.4449],[7.9727,12.4468],[7.9771,12.4481],[7.9814,12.4476],[7.9833,12.4498],[7.9861,12.4504],[7.9864,12.4535],[7.9912,12.4614],[7.9952,12.4634],[7.998,12.4675],[7.997,12.4761],[7.996,12.4779],[7.9874,12.4787],[7.9859,12.4806]]]},"properties":{"name":"KUSADA","state":"20","code":"20/23/01"}},{"type":"Feature","geometry":{"type":"Polygon","coordinates":[[[7.9319,12.5688],[7.9376,12.5626],[7.9426,12.564],[7.9455,12.5632],[7.9453,12.5577],[7.9492,12.5552],[7.9481,12.5525],[7.9514,12.5476],[7.9485,12.5451],[7.9472,12.5388],[7.9481,12.5361],[7.9514,12.5358],[7.9576,12.5383],[7.9603,12.5379],[7.9622,12.5398],[7.9682,12.5396],[7.9743,12.5419],[7.9787,12.5413],[7.9813,12.5379],[7.9798,12.5311],[7.991,12.5261],[8.002,12.5251],[8.0035,12.529],[8.0036,12.533],[8.0019,12.536],[8.0092,12.5373],[8.0085,12.5421],[8.0101,12.5481],[8.0039,12.5468],[8.0018,12.5512],[8.0024,12.5567],[7.9994,12.5613],[7.9943,12.5594],[7.9883,12.5643],[7.9867,12.5668],[7.9889,12.5753],[7.9862,12.5764],[7.9799,12.5733],[7.9803,12.5707],[7.9751,12.5645],[7.9707,12.5657],[7.9681,12.5691],[7.9677,12.5735],[7.9628,12.578],[7.9607,12.5824],[7.964,12.5893],[7.9561,12.5933],[7.9538,12.5971],[7.9498,12.5969],[7.9443,12.5918],[7.9382,12.5837],[7.9394,12.5811],[7.935,12.5783],[7.9354,12.5721],[7.9319,12.5688]]]},"properties":{"name":"DUDUNNI","state":"20","code":"20/23/02"}},{"type":"Feature","geometry":{"type":"Polygon","coordinates":[[[8.0534,12.4884],[8.0446,12.4894],[8.0406,12.4872],[8.0341,12.487],[8.0316,12.491],[8.0223,12.4953],[8.0191,12.4982],[8.0154,12.4982],[8.0125,12.4942],[8.0075,12.4949],[8.006,12.497],[8.0084,12.4995],[8.0073,12.5027],[8.0052,12.5039],[8.0073,12.5102],[8.0125,12.5149],[8.011,12.5217],[8.0111,12.5288],[8.0036,12.533],[8.0035,12.529],[8.002,12.5251],[7.991,12.5261],[7.9798,12.5311],[7.9813,12.5379],[7.9787,12.5413],[7.9743,12.5419],[7.9682,12.5396],[7.9622,12.5398],[7.9603,12.5379],[7.962,12.5344],[7.9637,12.5344],[7.9644,12.5292],[7.9624,12.5281],[7.9632,12.5244],[7.9614,12.5206],[7.9664,12.5214],[7.9703,12.5249],[7.9727,12.5227],[7.9763,12.5229],[7.9761,12.519],[7.9805,12.514],[7.9823,12.5101],[7.9868,12.5087],[7.9884,12.5039],[7.9935,12.5033],[7.9926,12.5003],[7.9888,12.4961],[7.9912,12.4912],[7.9872,12.486],[7.9859,12.4806],[7.9874,12.4787],[7.996,12.4779],[7.997,12.4761],[7.998,12.4675],[7.9952,12.4634],[7.9912,12.4614],[7.9864,12.4535],[7.9861,12.4504],[7.9888,12.4485],[7.9921,12.4488],[7.9978,12.4458],[7.999,12.4386],[8.0031,12.4397],[8.0051,12.4427],[8.0078,12.4406],[8.012,12.4414],[8.0115,12.4457],[8.0102,12.4476],[8.0101,12.4516],[8.0186,12.4518],[8.0247,12.4534],[8.0286,12.4529],[8.0315,12.4551],[8.0322,12.4592],[8.0301,12.4635],[8.0338,12.4667],[8.0395,12.4676],[8.0446,12.4664],[8.0482,12.4681],[8.0473,12.4706],[8.0483,12.4766],[8.0517,12.478],[8.0562,12.4827],[8.0534,12.4884]]]},"properties":{"name":"KAIKAI","state":"20","code":"20/23/03"}},{"type":"Feature","geometry":{"type":"Polygon","coordinates":[[[8.0101,12.5481],[8.0085,12.5421],[8.0092,12.5373],[8.0019,12.536],[8.0036,12.533],[8.0111,12.5288],[8.011,12.5217],[8.0125,12.5149],[8.0073,12.5102],[8.0052,12.5039],[8.0073,12.5027],[8.0084,12.4995],[8.006,12.497],[8.0075,12.4949],[8.0125,12.4942],[8.0154,12.4982],[8.0191,12.4982],[8.0223,12.4953],[8.0316,12.491],[8.0341,12.487],[8.0406,12.4872],[8.0446,12.4894],[8.0534,12.4884],[8.0569,12.4896],[8.0588,12.4973],[8.0578,12.502],[8.0587,12.5073],[8.0567,12.5171],[8.0621,12.5233],[8.0615,12.5285],[8.0666,12.5307],[8.0669,12.5355],[8.0683,12.5392],[8.0651,12.5417],[8.0624,12.5417],[8.0586,12.537],[8.0544,12.5351],[8.0518,12.5357],[8.0503,12.5338],[8.0465,12.536],[8.0437,12.5349],[8.0412,12.5357],[8.0381,12.5394],[8.0335,12.5414],[8.0363,12.5486],[8.0344,12.5518],[8.0349,12.5561],[8.0395,12.5593],[8.0382,12.5662],[8.0415,12.5699],[8.0419,12.574],[8.0322,12.5671],[8.032,12.5637],[8.0282,12.5565],[8.0224,12.5562],[8.0179,12.5517],[8.0147,12.5521],[8.0101,12.5481]]]},"properties":{"name":"MAWASHI","state":"20","code":"20/23/04"}},{"type":"Feature","geometry":{"type":"Polygon","coordinates":[[[7.9046,12.5129],[7.9121,12.5078],[7.9113,12.5012],[7.9142,12.4938],[7.9167,12.4937],[7.9186,12.4904],[7.9192,12.4837],[7.9226,12.4832],[7.9275,12.4857],[7.9312,12.4882],[7.9376,12.4874],[7.9392,12.4851],[7.9419,12.4848],[7.9439,12.4827],[7.95,12.4829],[7.9557,12.4816],[7.9648,12.4758],[7.9721,12.4822],[7.9762,12.4832],[7.9806,12.4814],[7.9859,12.4806],[7.9872,12.486],[7.9912,12.4912],[7.9888,12.4961],[7.9926,12.5003],[7.9935,12.5033],[7.9884,12.5039],[7.9868,12.5087],[7.9823,12.5101],[7.9805,12.514],[7.9761,12.519],[7.9763,12.5229],[7.9727,12.5227],[7.9703,12.5249],[7.9664,12.5214],[7.9614,12.5206],[7.9632,12.5244],[7.9624,12.5281],[7.9644,12.5292],[7.9637,12.5344],[7.962,12.5344],[7.9603,12.5379],[7.9576,12.5383],[7.9514,12.5358],[7.9481,12.5361],[7.9472,12.5388],[7.9485,12.5451],[7.9514,12.5476],[7.9481,12.5525],[7.9463,12.5504],[7.9421,12.5492],[7.9375,12.5457],[7.9406,12.5381],[7.9428,12.5344],[7.9395,12.5334],[7.932,12.533],[7.926,12.5356],[7.9203,12.5349],[7.9132,12.5357],[7.9095,12.5344],[7.9056,12.5358],[7.903,12.5354],[7.9026,12.5301],[7.9002,12.5251],[7.9005,12.5181],[7.9046,12.5129]]]},"properties":{"name":"BOKO","state":"20","code":"20/23/05"}},{"type":"Feature","geometry":{"type":"Polygon","coordinates":[[[7.8735,12.495],[7.8722,12.4906],[7.8657,12.4879],[7.8645,12.4813],[7.8622,12.476],[7.8596,12.4759],[7.8576,12.4777],[7.8515,12.4796],[7.8483,12.4771],[7.848,12.4725],[7.8487,12.4594],[7.8474,12.4559],[7.8502,12.4536],[7.857,12.4452],[7.8604,12.4456],[7.8651,12.4441],[7.8689,12.4444],[7.873,12.4475],[7.8757,12.4464],[7.8782,12.4431],[7.8731,12.4351],[7.8726,12.4311],[7.878,12.4271],[7.8819,12.4263],[7.8804,12.4235],[7.8817,12.4179],[7.8816,12.4138],[7.8838,12.4145],[7.886,12.4092],[7.8936,12.4103],[7.9006,12.4078],[7.9023,12.403],[7.9077,12.4025],[7.9139,12.404],[7.9181,12.403],[7.9224,12.4036],[7.9292,12.3995],[7.9341,12.4042],[7.9383,12.412],[7.9397,12.4155],[7.9453,12.4178],[7.9478,12.4222],[7.9452,12.4278],[7.9452,12.4308],[7.9396,12.431],[7.9372,12.4346],[7.9371,12.4379],[7.9398,12.4394],[7.9384,12.4435],[7.9362,12.4465],[7.9351,12.4513],[7.9355,12.4598],[7.937,12.4622],[7.9437,12.465],[7.9388,12.4704],[7.9348,12.4781],[7.9301,12.4802],[7.9275,12.4857],[7.9226,12.4832],[7.9192,12.4837],[7.9186,12.4904],[7.9167,12.4937],[7.9142,12.4938],[7.9113,12.5012],[7.9121,12.5078],[7.9046,12.5129],[7.8977,12.5124],[7.8934,12.5035],[7.8903,12.5035],[7.8888,12.5011],[7.8922,12.4962],[7.8878,12.4882],[7.8843,12.4899],[7.8778,12.495],[7.8735,12.495]]]},"properties":{"name":"KOFA","state":"20","code":"20/23/06"}},{"type":"Feature","geometry":{"type":"Polygon","coordinates":[[[8.0337,12.396],[8.036,12.4002],[8.0306,12.4021],[8.0206,12.4146],[8.0211,12.4209],[8.0176,12.4207],[8.0154,12.4247],[8.0149,12.429],[8.0124,12.4335],[8.0067,12.4332],[8.0008,12.4307],[8.0005,12.4278],[8.0021,12.424],[7.9951,12.4207],[7.9888,12.4231],[7.9866,12.4183],[7.9886,12.4155],[7.9921,12.4142],[7.9934,12.4068],[7.9894,12.4063],[7.9868,12.4076],[7.9821,12.4077],[7.9786,12.4045],[7.9686,12.4098],[7.9658,12.4145],[7.9705,12.422],[7.9752,12.4261],[7.9766,12.426],[7.9818,12.43],[7.9799,12.4342],[7.9816,12.4437],[7.9814,12.4476],[7.9771,12.4481],[7.9727,12.4468],[7.9724,12.4449],[7.9651,12.4383],[7.9671,12.4326],[7.9582,12.435],[7.9523,12.4333],[7.9533,12.4233],[7.9542,12.4226],[7.9501,12.4149],[7.9453,12.4178],[7.9397,12.4155],[7.9383,12.412],[7.9421,12.4085],[7.9431,12.4049],[7.9455,12.4035],[7.9527,12.3968],[7.9569,12.394],[7.9617,12.3889],[7.965,12.3873],[7.9668,12.3889],[7.9744,12.3881],[7.9737,12.3856],[7.9748,12.3827],[7.9791,12.3812],[7.9819,12.3752],[7.9838,12.3719],[7.9873,12.3728],[7.9934,12.3813],[7.9988,12.3841],[7.9993,12.3888],[8.0024,12.3936],[8.013,12.3947],[8.0302,12.3954],[8.0337,12.396]]]},"properties":{"name":"BAURANYA 'A'","state":"20","code":"20/23/07"}},{"type":"Feature","geometry":{"type":"Polygon","coordinates":[[[8.0467,12.4119],[8.0415,12.4181],[8.0406,12.4247],[8.0445,12.4245],[8.0515,12.4255],[8.0509,12.4273],[8.0467,12.4314],[8.0431,12.4337],[8.0424,12.4383],[8.0449,12.4405],[8.0453,12.4435],[8.0479,12.4481],[8.0489,12.4545],[8.0508,12.4585],[8.0446,12.4664],[8.0395,12.4676],[8.0338,12.4667],[8.0301,12.4635],[8.0322,12.4592],[8.0315,12.4551],[8.0286,12.4529],[8.0247,12.4534],[8.0186,12.4518],[8.0101,12.4516],[8.0102,12.4476],[8.0115,12.4457],[8.012,12.4414],[8.0078,12.4406],[8.0051,12.4427],[8.0031,12.4397],[7.999,12.4386],[7.9978,12.4458],[7.9921,12.4488],[7.9888,12.4485],[7.9861,12.4504],[7.9833,12.4498],[7.9814,12.4476],[7.9816,12.4437],[7.9799,12.4342],[7.9818,12.43],[7.9766,12.426],[7.9752,12.4261],[7.9705,12.422],[7.9658,12.4145],[7.9686,12.4098],[7.9786,12.4045],[7.9821,12.4077],[7.9868,12.4076],[7.9894,12.4063],[7.9934,12.4068],[7.9921,12.4142],[7.9886,12.4155],[7.9866,12.4183],[7.9888,12.4231],[7.9951,12.4207],[8.0021,12.424],[8.0005,12.4278],[8.0008,12.4307],[8.0067,12.4332],[8.0124,12.4335],[8.0149,12.429],[8.0154,12.4247],[8.0176,12.4207],[8.0211,12.4209],[8.0206,12.4146],[8.0306,12.4021],[8.036,12.4002],[8.0401,12.4011],[8.0445,12.4095],[8.0467,12.4119]]]},"properties":{"name":"BAURANYA 'B'","state":"20","code":"20/23/08"}},{"type":"Feature","geometry":{"type":"Polygon","coordinates":[[[7.9819,12.3752],[7.9791,12.3812],[7.9748,12.3827],[7.9737,12.3856],[7.9744,12.3881],[7.9668,12.3889],[7.965,12.3873],[7.9617,12.3889],[7.9569,12.394],[7.9527,12.3968],[7.9455,12.4035],[7.9431,12.4049],[7.9421,12.4085],[7.9383,12.412],[7.9341,12.4042],[7.9292,12.3995],[7.9224,12.4036],[7.9181,12.403],[7.9139,12.404],[7.9077,12.4025],[7.9023,12.403],[7.9011,12.3975],[7.9009,12.3917],[7.8939,12.3914],[7.8915,12.3893],[7.8921,12.3653],[7.9019,12.3632],[7.9048,12.3607],[7.9092,12.3626],[7.9141,12.3627],[7.916,12.3599],[7.9129,12.3586],[7.9099,12.3516],[7.908,12.3499],[7.9104,12.347],[7.9211,12.3364],[7.9226,12.3367],[7.9337,12.3444],[7.9449,12.3492],[7.9487,12.3479],[7.9511,12.3519],[7.9535,12.3582],[7.9568,12.3617],[7.9626,12.365],[7.9681,12.3628],[7.9715,12.3655],[7.9724,12.3686],[7.9758,12.3712],[7.9807,12.3729],[7.9819,12.3752]]]},"properties":{"name":"YASHE 'A","state":"20","code":"20/23/09"}},{"type":"Feature","geometry":{"type":"Polygon","coordinates":[[[7.9211,12.3364],[7.9104,12.347],[7.908,12.3499],[7.9099,12.3516],[7.9129,12.3586],[7.916,12.3599],[7.9141,12.3627],[7.9092,12.3626],[7.9048,12.3607],[7.9019,12.3632],[7.8921,12.3653],[7.8915,12.3893],[7.8939,12.3914],[7.9009,12.3917],[7.9011,12.3975],[7.9023,12.403],[7.9006,12.4078],[7.8936,12.4103],[7.886,12.4092],[7.8838,12.4145],[7.8816,12.4138],[7.8795,12.4138],[7.8767,12.4097],[7.8726,12.4112],[7.8675,12.4076],[7.8648,12.4034],[7.8615,12.4015],[7.86,12.3964],[7.8625,12.3921],[7.8627,12.386],[7.866,12.385],[7.8669,12.3753],[7.8694,12.3713],[7.8614,12.3646],[7.8615,12.3597],[7.856,12.3509],[7.8517,12.3497],[7.846,12.3498],[7.8411,12.3531],[7.8408,12.3562],[7.842,12.3629],[7.8378,12.3666],[7.8381,12.3695],[7.8365,12.3749],[7.823,12.3841],[7.8202,12.3798],[7.8127,12.3738],[7.8085,12.3726],[7.8035,12.3731],[7.8027,12.3666],[7.7972,12.3685],[7.7965,12.3652],[7.7952,12.3636],[7.7968,12.3601],[7.7953,12.3579],[7.7964,12.3537],[7.8027,12.3553],[7.8055,12.3544],[7.8086,12.3496],[7.8068,12.3434],[7.8071,12.34],[7.8241,12.3381],[7.8265,12.3312],[7.8266,12.3291],[7.8314,12.3256],[7.8335,12.3269],[7.8371,12.3253],[7.8436,12.3209],[7.8488,12.3209],[7.8497,12.3227],[7.8551,12.3244],[7.859,12.3293],[7.8616,12.3362],[7.8629,12.3411],[7.872,12.3421],[7.8769,12.3395],[7.8811,12.3358],[7.8864,12.3412],[7.8901,12.3429],[7.8966,12.3347],[7.8981,12.3315],[7.9014,12.3322],[7.9087,12.3293],[7.9129,12.3318],[7.9182,12.333],[7.9211,12.3364]]]},"properties":{"name":"YASHE 'B'","state":"20","code":"20/23/10"}},{"type":"Feature","geometry":{"type":"Polygon","coordinates":[[[8.1631,13.2611],[8.1515,13.2734],[8.1408,13.2785],[8.1296,13.2822],[8.126,13.284],[8.1222,13.2847],[8.1171,13.2868],[8.114,13.2892],[8.1014,13.2957],[8.0938,13.3011],[8.0815,13.3064],[8.0797,13.3086],[8.0692,13.3138],[8.0578,13.3122],[8.0592,13.3102],[8.0592,13.3054],[8.0578,13.3023],[8.0597,13.2962],[8.0678,13.2855],[8.0687,13.2807],[8.0722,13.2801],[8.0727,13.2773],[8.0702,13.2759],[8.0742,13.27],[8.0751,13.2651],[8.0835,13.2544],[8.0836,13.2432],[8.0852,13.2391],[8.086,13.2316],[8.0891,13.2301],[8.0939,13.233],[8.0958,13.2361],[8.1002,13.2381],[8.1031,13.2406],[8.1024,13.2468],[8.1034,13.2493],[8.1072,13.2487],[8.1123,13.2504],[8.1134,13.2455],[8.1204,13.2406],[8.1253,13.2417],[8.1296,13.2439],[8.1363,13.2421],[8.1362,13.2468],[8.1462,13.248],[8.148,13.2516],[8.1564,13.2511],[8.1583,13.2521],[8.1631,13.2611]]]},"properties":{"name":"BUMBUM 'A'","state":"20","code":"20/24/01"}},{"type":"Feature","geometry":{"type":"Polygon","coordinates":[[[8.0891,13.2301],[8.0922,13.2284],[8.0923,13.2259],[8.0903,13.2229],[8.0919,13.2181],[8.0969,13.2138],[8.0978,13.2057],[8.1048,13.2003],[8.1041,13.198],[8.1072,13.1964],[8.1091,13.1912],[8.1093,13.1863],[8.1132,13.1823],[8.1143,13.1748],[8.1169,13.172],[8.1195,13.1733],[8.122,13.1709],[8.1268,13.1698],[8.1313,13.1666],[8.1375,13.1674],[8.1468,13.1736],[8.1501,13.1778],[8.1546,13.179],[8.1553,13.1804],[8.1629,13.1831],[8.1634,13.1888],[8.165,13.1918],[8.1688,13.1908],[8.1711,13.1951],[8.1754,13.1974],[8.1745,13.2022],[8.1716,13.2006],[8.1683,13.2024],[8.1646,13.2014],[8.1639,13.2038],[8.1614,13.2051],[8.1621,13.2077],[8.1688,13.2084],[8.1734,13.2129],[8.1754,13.2134],[8.1773,13.2169],[8.1853,13.2197],[8.1883,13.2195],[8.1938,13.2235],[8.1952,13.2268],[8.1947,13.2302],[8.1913,13.2317],[8.1824,13.2415],[8.1764,13.2467],[8.1631,13.2611],[8.1583,13.2521],[8.1564,13.2511],[8.148,13.2516],[8.1462,13.248],[8.1362,13.2468],[8.1363,13.2421],[8.1296,13.2439],[8.1253,13.2417],[8.1204,13.2406],[8.1134,13.2455],[8.1123,13.2504],[8.1072,13.2487],[8.1034,13.2493],[8.1024,13.2468],[8.1031,13.2406],[8.1002,13.2381],[8.0958,13.2361],[8.0939,13.233],[8.0891,13.2301]]]},"properties":{"name":"BUMBUM 'B'","state":"20","code":"20/24/02"}},{"type":"Feature","geometry":{"type":"Polygon","coordinates":[[[8.1959,13.0268],[8.1925,13.0303],[8.1887,13.0407],[8.1953,13.0431],[8.1949,13.0461],[8.1964,13.0511],[8.2055,13.0569],[8.2051,13.0632],[8.2038,13.0685],[8.2061,13.0719],[8.2062,13.0752],[8.209,13.081],[8.2067,13.0846],[8.2073,13.0891],[8.209,13.0931],[8.2136,13.0914],[8.2242,13.0914],[8.232,13.0972],[8.2313,13.0992],[8.2371,13.1062],[8.2355,13.109],[8.2316,13.1083],[8.2266,13.1121],[8.2237,13.111],[8.2217,13.1123],[8.2204,13.116],[8.2156,13.1167],[8.215,13.1196],[8.2192,13.1249],[8.2102,13.1261],[8.2038,13.1242],[8.2018,13.1243],[8.2018,13.1305],[8.1965,13.1348],[8.194,13.1411],[8.1921,13.1422],[8.1893,13.1388],[8.1821,13.1374],[8.1799,13.136],[8.1772,13.1367],[8.1738,13.1343],[8.1772,13.1299],[8.1776,13.1261],[8.1745,13.1211],[8.1758,13.1177],[8.1741,13.1158],[8.1781,13.1095],[8.1778,13.107],[8.1708,13.1059],[8.1698,13.1023],[8.1679,13.0996],[8.169,13.097],[8.1681,13.0924],[8.1616,13.0851],[8.1562,13.0817],[8.1531,13.0774],[8.1559,13.0733],[8.159,13.0655],[8.1573,13.0616],[8.1611,13.0521],[8.1604,13.0471],[8.1616,13.0459],[8.1605,13.0352],[8.161,13.0305],[8.1643,13.0269],[8.1651,13.0238],[8.1682,13.0205],[8.171,13.0131],[8.1734,13.0104],[8.1766,13.0094],[8.1829,13.0115],[8.1874,13.0221],[8.192,13.0232],[8.1959,13.0268]]]},"properties":{"name":"DANYASHE","state":"20","code":"20/24/03"}},{"type":"Feature","geometry":{"type":"Polygon","coordinates":[[[8.2317,13.1812],[8.2279,13.1798],[8.2283,13.1846],[8.2231,13.1839],[8.2207,13.186],[8.2174,13.1863],[8.2132,13.1845],[8.2131,13.1767],[8.2122,13.1744],[8.2154,13.1696],[8.221,13.1674],[8.2322,13.1753],[8.229,13.1512],[8.2269,13.147],[8.2342,13.1452],[8.237,13.1462],[8.2386,13.1493],[8.24,13.1549],[8.2376,13.1583],[8.2405,13.1607],[8.2428,13.1678],[8.2448,13.1714],[8.2416,13.1755],[8.2446,13.1763],[8.2453,13.1795],[8.2416,13.1823],[8.2375,13.1805],[8.2359,13.182],[8.2317,13.1812]]]},"properties":{"name":"MAI'ADUA 'A'","state":"20","code":"20/24/04"}},{"type":"Feature","geometry":{"type":"Polygon","coordinates":[[[8.24,13.1549],[8.2474,13.1521],[8.2528,13.1508],[8.2592,13.152],[8.2691,13.1532],[8.2708,13.1521],[8.2796,13.1489],[8.2819,13.1471],[8.2889,13.1466],[8.2897,13.1508],[8.2954,13.152],[8.2996,13.1504],[8.3051,13.1554],[8.3069,13.1596],[8.2885,13.173],[8.2833,13.177],[8.2705,13.1956],[8.2495,13.2139],[8.2384,13.2152],[8.2382,13.2124],[8.2361,13.2103],[8.2366,13.2074],[8.2325,13.1982],[8.2362,13.1906],[8.235,13.1879],[8.2307,13.1844],[8.2317,13.1812],[8.2359,13.182],[8.2375,13.1805],[8.2416,13.1823],[8.2453,13.1795],[8.2446,13.1763],[8.2416,13.1755],[8.2448,13.1714],[8.2428,13.1678],[8.2405,13.1607],[8.2376,13.1583],[8.24,13.1549]]]},"properties":{"name":"MAI'ADUA 'B'","state":"20","code":"20/24/05"}},{"type":"Feature","geometry":{"type":"Polygon","coordinates":[[[8.1688,13.1908],[8.1725,13.1894],[8.1752,13.187],[8.1805,13.1896],[8.1848,13.1929],[8.1864,13.1909],[8.1904,13.1891],[8.1904,13.1853],[8.1928,13.183],[8.1931,13.1786],[8.1894,13.1724],[8.1903,13.1699],[8.1961,13.1635],[8.1989,13.1638],[8.2049,13.1659],[8.2061,13.1707],[8.2122,13.1744],[8.2131,13.1767],[8.2132,13.1845],[8.2174,13.1863],[8.2207,13.186],[8.2231,13.1839],[8.2283,13.1846],[8.2279,13.1798],[8.2317,13.1812],[8.2307,13.1844],[8.235,13.1879],[8.2362,13.1906],[8.2325,13.1982],[8.2366,13.2074],[8.2361,13.2103],[8.2382,13.2124],[8.2384,13.2152],[8.221,13.22],[8.2125,13.2233],[8.203,13.2264],[8.1947,13.2302],[8.1952,13.2268],[8.1938,13.2235],[8.1883,13.2195],[8.1853,13.2197],[8.1773,13.2169],[8.1754,13.2134],[8.1734,13.2129],[8.1688,13.2084],[8.1621,13.2077],[8.1614,13.2051],[8.1639,13.2038],[8.1646,13.2014],[8.1683,13.2024],[8.1716,13.2006],[8.1745,13.2022],[8.1754,13.1974],[8.1711,13.1951],[8.1688,13.1908]]]},"properties":{"name":"MAI'ADUA 'C'","state":"20","code":"20/24/06"}},{"type":"Feature","geometry":{"type":"Polygon","coordinates":[[[8.3114,13.0545],[8.3054,13.0682],[8.3022,13.0794],[8.298,13.0795],[8.2982,13.0824],[8.2958,13.0846],[8.2894,13.0875],[8.2841,13.0843],[8.2831,13.0818],[8.2756,13.0801],[8.273,13.0782],[8.2735,13.0719],[8.2676,13.064],[8.2651,13.0641],[8.2621,13.0691],[8.2579,13.0725],[8.2417,13.0708],[8.238,13.0748],[8.2349,13.0738],[8.2297,13.077],[8.2222,13.0752],[8.2166,13.0704],[8.2135,13.0718],[8.2114,13.0707],[8.2061,13.0719],[8.2038,13.0685],[8.2051,13.0632],[8.2055,13.0569],[8.1964,13.0511],[8.1949,13.0461],[8.1953,13.0431],[8.1887,13.0407],[8.1925,13.0303],[8.1959,13.0268],[8.2045,13.028],[8.2096,13.0253],[8.2138,13.0255],[8.215,13.0223],[8.2138,13.0169],[8.2083,13.0143],[8.2092,13.0102],[8.2075,13.007],[8.2039,13.0048],[8.2048,13.0011],[8.2076,12.9998],[8.2167,12.9996],[8.2192,13.001],[8.2254,13.0008],[8.232,13.004],[8.2364,13.0074],[8.2411,13.0124],[8.2423,13.0183],[8.2484,13.02],[8.2499,13.0214],[8.2568,13.0245],[8.2625,13.0306],[8.2662,13.0317],[8.2697,13.0284],[8.2704,13.0255],[8.2754,13.0216],[8.2802,13.0223],[8.2868,13.0251],[8.2882,13.0288],[8.2923,13.0322],[8.2923,13.0383],[8.2961,13.0412],[8.2971,13.0442],[8.3037,13.0474],[8.3136,13.0494],[8.3114,13.0545]]]},"properties":{"name":"MAI KONI 'A'","state":"20","code":"20/24/07"}},{"type":"Feature","geometry":{"type":"Polygon","coordinates":[[[8.2061,13.0719],[8.2114,13.0707],[8.2135,13.0718],[8.2166,13.0704],[8.2222,13.0752],[8.2297,13.077],[8.2349,13.0738],[8.238,13.0748],[8.2417,13.0708],[8.2579,13.0725],[8.2621,13.0691],[8.2651,13.0641],[8.2676,13.064],[8.2735,13.0719],[8.273,13.0782],[8.2756,13.0801],[8.2831,13.0818],[8.2841,13.0843],[8.2894,13.0875],[8.294,13.0946],[8.2895,13.1023],[8.2843,13.107],[8.2794,13.1069],[8.2744,13.1126],[8.2715,13.1128],[8.2699,13.1158],[8.2702,13.1188],[8.2755,13.12],[8.2753,13.1286],[8.2701,13.132],[8.2663,13.1379],[8.2678,13.1429],[8.2698,13.1452],[8.2687,13.1483],[8.2708,13.1521],[8.2691,13.1532],[8.2592,13.152],[8.2528,13.1508],[8.2535,13.1446],[8.2522,13.1405],[8.2536,13.138],[8.2525,13.1353],[8.2486,13.1349],[8.2448,13.1333],[8.2419,13.1345],[8.2376,13.1308],[8.2297,13.1332],[8.2254,13.1328],[8.2242,13.13],[8.2192,13.1249],[8.215,13.1196],[8.2156,13.1167],[8.2204,13.116],[8.2217,13.1123],[8.2237,13.111],[8.2266,13.1121],[8.2316,13.1083],[8.2355,13.109],[8.2371,13.1062],[8.2313,13.0992],[8.232,13.0972],[8.2242,13.0914],[8.2136,13.0914],[8.209,13.0931],[8.2073,13.0891],[8.2067,13.0846],[8.209,13.081],[8.2062,13.0752],[8.2061,13.0719]]]},"properties":{"name":"MAI KONI 'B'","state":"20","code":"20/24/08"}},{"type":"Feature","geometry":{"type":"Polygon","coordinates":[[[8.1169,13.172],[8.1196,13.169],[8.1218,13.1629],[8.1201,13.16],[8.122,13.1557],[8.1239,13.149],[8.1216,13.1465],[8.1208,13.1419],[8.1195,13.1406],[8.119,13.1338],[8.1178,13.1284],[8.1152,13.1249],[8.115,13.1147],[8.1168,13.1115],[8.1217,13.109],[8.1247,13.1081],[8.1271,13.1059],[8.1287,13.1022],[8.1337,13.0972],[8.1343,13.0936],[8.138,13.0924],[8.1409,13.0879],[8.1401,13.0856],[8.1418,13.082],[8.145,13.0831],[8.1531,13.0774],[8.1562,13.0817],[8.1616,13.0851],[8.1681,13.0924],[8.169,13.097],[8.1679,13.0996],[8.1698,13.1023],[8.1708,13.1059],[8.1778,13.107],[8.1781,13.1095],[8.1741,13.1158],[8.1758,13.1177],[8.1745,13.1211],[8.1776,13.1261],[8.1772,13.1299],[8.1738,13.1343],[8.1772,13.1367],[8.1799,13.136],[8.1821,13.1374],[8.1893,13.1388],[8.1921,13.1422],[8.194,13.1411],[8.1965,13.1348],[8.2018,13.1305],[8.2018,13.1243],[8.2038,13.1242],[8.2102,13.1261],[8.2192,13.1249],[8.2242,13.13],[8.2254,13.1328],[8.2297,13.1332],[8.2376,13.1308],[8.2419,13.1345],[8.2448,13.1333],[8.2486,13.1349],[8.2525,13.1353],[8.2536,13.138],[8.2522,13.1405],[8.2535,13.1446],[8.2528,13.1508],[8.2474,13.1521],[8.24,13.1549],[8.2386,13.1493],[8.237,13.1462],[8.2342,13.1452],[8.2269,13.147],[8.229,13.1512],[8.2322,13.1753],[8.221,13.1674],[8.2154,13.1696],[8.2122,13.1744],[8.2061,13.1707],[8.2049,13.1659],[8.1989,13.1638],[8.1961,13.1635],[8.1903,13.1699],[8.1894,13.1724],[8.1931,13.1786],[8.1928,13.183],[8.1904,13.1853],[8.1904,13.1891],[8.1864,13.1909],[8.1848,13.1929],[8.1805,13.1896],[8.1752,13.187],[8.1725,13.1894],[8.1688,13.1908],[8.165,13.1918],[8.1634,13.1888],[8.1629,13.1831],[8.1553,13.1804],[8.1546,13.179],[8.1501,13.1778],[8.1468,13.1736],[8.1375,13.1674],[8.1313,13.1666],[8.1268,13.1698],[8.122,13.1709],[8.1195,13.1733],[8.1169,13.172]]]},"properties":{"name":"NATSALLE","state":"20","code":"20/24/09"}},{"type":"Feature","geometry":{"type":"Polygon","coordinates":[[[8.3402,13.0576],[8.3499,13.0601],[8.3529,13.0579],[8.3564,13.0577],[8.3568,13.0557],[8.3613,13.0543],[8.3636,13.0515],[8.3655,13.0452],[8.365,13.04],[8.3629,13.0371],[8.3624,13.0292],[8.3664,13.0242],[8.3682,13.0191],[8.3731,13.0169],[8.3763,13.0177],[8.3813,13.0208],[8.3888,13.0212],[8.3964,13.0246],[8.3978,13.0267],[8.4054,13.0301],[8.4114,13.035],[8.4089,13.0434],[8.4131,13.0476],[8.4142,13.0509],[8.4198,13.0549],[8.4215,13.0587],[8.4162,13.0572],[8.4128,13.0629],[8.3997,13.0791],[8.3777,13.0959],[8.3616,13.1077],[8.3496,13.1219],[8.3179,13.1463],[8.3172,13.1517],[8.3069,13.1596],[8.3051,13.1554],[8.2996,13.1504],[8.2954,13.152],[8.2897,13.1508],[8.2889,13.1466],[8.2819,13.1471],[8.2796,13.1489],[8.2708,13.1521],[8.2687,13.1483],[8.2698,13.1452],[8.2678,13.1429],[8.2663,13.1379],[8.2701,13.132],[8.2753,13.1286],[8.2755,13.12],[8.2702,13.1188],[8.2699,13.1158],[8.2715,13.1128],[8.2744,13.1126],[8.2794,13.1069],[8.2843,13.107],[8.2895,13.1023],[8.294,13.0946],[8.2894,13.0875],[8.2958,13.0846],[8.2982,13.0824],[8.298,13.0795],[8.3022,13.0794],[8.3054,13.0682],[8.3114,13.0545],[8.3158,13.0572],[8.3254,13.057],[8.3361,13.0563],[8.3402,13.0576]]]},"properties":{"name":"KOZA","state":"20","code":"20/24/10"}},{"type":"Feature","geometry":{"type":"Polygon","coordinates":[[[7.6555,11.759],[7.6535,11.7658],[7.65,11.7724],[7.6498,11.7791],[7.6464,11.781],[7.6456,11.7829],[7.6392,11.7864],[7.6414,11.7916],[7.642,11.7955],[7.6379,11.8057],[7.6351,11.802],[7.6291,11.796],[7.6177,11.7879],[7.6145,11.7875],[7.6097,11.7903],[7.6092,11.7919],[7.6038,11.7917],[7.6013,11.7847],[7.5952,11.7842],[7.5893,11.7804],[7.5829,11.7802],[7.5734,11.7849],[7.5706,11.7846],[7.5689,11.782],[7.5689,11.7779],[7.5735,11.7729],[7.5776,11.771],[7.5805,11.7655],[7.5842,11.7642],[7.5908,11.7647],[7.5955,11.7686],[7.6062,11.7658],[7.6102,11.7658],[7.6159,11.7639],[7.6184,11.7607],[7.62,11.7563],[7.6184,11.7535],[7.6201,11.7465],[7.6246,11.744],[7.6299,11.736],[7.6316,11.7363],[7.635,11.7413],[7.6388,11.744],[7.6389,11.7472],[7.6442,11.752],[7.6457,11.7578],[7.6555,11.759]]]},"properties":{"name":"MALUM FASHI 'A'","state":"20","code":"20/25/01"}},{"type":"Feature","geometry":{"type":"Polygon","coordinates":[[[7.573,11.8154],[7.5706,11.8151],[7.5685,11.8095],[7.572,11.8054],[7.5719,11.8013],[7.5691,11.798],[7.5664,11.7895],[7.5706,11.7846],[7.5734,11.7849],[7.5829,11.7802],[7.5893,11.7804],[7.5952,11.7842],[7.6013,11.7847],[7.6038,11.7917],[7.6092,11.7919],[7.6097,11.7903],[7.6145,11.7875],[7.6177,11.7879],[7.6291,11.796],[7.6351,11.802],[7.6288,11.8083],[7.6231,11.8074],[7.6211,11.8058],[7.614,11.8084],[7.6112,11.8064],[7.6017,11.8017],[7.6,11.8031],[7.5977,11.8115],[7.5975,11.8157],[7.5921,11.8129],[7.5847,11.8144],[7.5836,11.8163],[7.5802,11.8176],[7.5763,11.8154],[7.573,11.8154]]]},"properties":{"name":"MALUM FASHI 'B'","state":"20","code":"20/25/02"}},{"type":"Feature","geometry":{"type":"Polygon","coordinates":[[[7.418,11.7871],[7.4257,11.7849],[7.4334,11.7854],[7.4362,11.7839],[7.4417,11.7838],[7.4428,11.7813],[7.4401,11.776],[7.4354,11.7736],[7.4403,11.7637],[7.4427,11.7635],[7.4462,11.7656],[7.448,11.7681],[7.4515,11.7694],[7.4554,11.7737],[7.4578,11.7745],[7.4661,11.775],[7.473,11.7779],[7.4761,11.7771],[7.4759,11.7693],[7.4804,11.7632],[7.4842,11.7639],[7.4887,11.7661],[7.4982,11.7652],[7.5051,11.7655],[7.5169,11.7629],[7.5228,11.7597],[7.5232,11.7567],[7.5268,11.7536],[7.5299,11.753],[7.5329,11.7542],[7.5404,11.7513],[7.5419,11.7493],[7.5413,11.7441],[7.5427,11.743],[7.5496,11.7425],[7.5526,11.7376],[7.5566,11.7398],[7.5615,11.7399],[7.5673,11.741],[7.5667,11.7471],[7.5672,11.752],[7.5752,11.76],[7.5774,11.7637],[7.5805,11.7655],[7.5776,11.771],[7.5735,11.7729],[7.5689,11.7779],[7.5689,11.782],[7.5706,11.7846],[7.5664,11.7895],[7.5691,11.798],[7.5719,11.8013],[7.572,11.8054],[7.5685,11.8095],[7.5706,11.8151],[7.573,11.8154],[7.5669,11.8175],[7.5671,11.822],[7.5609,11.8219],[7.5575,11.8189],[7.5541,11.8178],[7.5489,11.8184],[7.5459,11.8211],[7.541,11.8223],[7.5375,11.8176],[7.5319,11.8145],[7.5292,11.8099],[7.5224,11.8079],[7.5193,11.8053],[7.5178,11.8022],[7.5189,11.795],[7.5156,11.7926],[7.5119,11.7941],[7.4971,11.7961],[7.4955,11.7979],[7.4903,11.8],[7.4864,11.8007],[7.4809,11.7971],[7.4771,11.7972],[7.4729,11.7949],[7.4699,11.7965],[7.4658,11.7932],[7.4597,11.7978],[7.4565,11.7985],[7.4471,11.7965],[7.4447,11.7945],[7.4413,11.7959],[7.4359,11.7969],[7.4329,11.7993],[7.4296,11.7991],[7.4225,11.8009],[7.4182,11.8026],[7.4158,11.7984],[7.418,11.7871]]]},"properties":{"name":"YABA","state":"20","code":"20/25/03"}},{"type":"Feature","geometry":{"type":"Polygon","coordinates":[[[7.6639,11.7489],[7.663,11.7534],[7.6585,11.7559],[7.6555,11.759],[7.6457,11.7578],[7.6442,11.752],[7.6389,11.7472],[7.6388,11.744],[7.635,11.7413],[7.6316,11.7363],[7.6299,11.736],[7.6246,11.744],[7.6201,11.7465],[7.6184,11.7535],[7.62,11.7563],[7.6184,11.7607],[7.6159,11.7639],[7.6102,11.7658],[7.6062,11.7658],[7.5955,11.7686],[7.5908,11.7647],[7.5842,11.7642],[7.5805,11.7655],[7.5774,11.7637],[7.5752,11.76],[7.5672,11.752],[7.5667,11.7471],[7.5673,11.741],[7.5722,11.7359],[7.5738,11.7319],[7.5794,11.7256],[7.5784,11.7204],[7.5792,11.7153],[7.5807,11.7137],[7.5818,11.7076],[7.5835,11.7053],[7.5855,11.6965],[7.592,11.6902],[7.5998,11.695],[7.608,11.6945],[7.6104,11.6958],[7.61,11.7026],[7.6135,11.7076],[7.6193,11.7091],[7.6255,11.7078],[7.6303,11.7096],[7.6326,11.7083],[7.6358,11.7088],[7.6386,11.7077],[7.6432,11.7105],[7.6448,11.7157],[7.6477,11.7192],[7.6515,11.7209],[7.6538,11.7269],[7.6608,11.7307],[7.6644,11.7357],[7.6646,11.7418],[7.6639,11.7489]]]},"properties":{"name":"RAWAN SANYI","state":"20","code":"20/25/04"}},{"type":"Feature","geometry":{"type":"Polygon","coordinates":[[[7.5353,11.657],[7.5371,11.6635],[7.5347,11.6668],[7.5356,11.6712],[7.5353,11.6755],[7.5311,11.679],[7.5337,11.6819],[7.5405,11.6855],[7.5409,11.6884],[7.5444,11.6918],[7.5444,11.696],[7.5463,11.6995],[7.5471,11.7074],[7.5434,11.7087],[7.5403,11.7182],[7.5407,11.724],[7.5441,11.7257],[7.5464,11.7291],[7.5493,11.7306],[7.5526,11.7376],[7.5496,11.7425],[7.5427,11.743],[7.5413,11.7441],[7.5419,11.7493],[7.5404,11.7513],[7.5329,11.7542],[7.5299,11.753],[7.5268,11.7536],[7.5232,11.7567],[7.5228,11.7597],[7.5169,11.7629],[7.5051,11.7655],[7.4982,11.7652],[7.4887,11.7661],[7.4842,11.7639],[7.4804,11.7632],[7.4759,11.7693],[7.4761,11.7771],[7.473,11.7779],[7.4661,11.775],[7.4578,11.7745],[7.4554,11.7737],[7.4515,11.7694],[7.448,11.7681],[7.4462,11.7656],[7.4427,11.7635],[7.4403,11.7637],[7.4354,11.7736],[7.4401,11.776],[7.4428,11.7813],[7.4417,11.7838],[7.4362,11.7839],[7.4334,11.7854],[7.4257,11.7849],[7.418,11.7871],[7.419,11.7825],[7.4176,11.7773],[7.4178,11.7745],[7.414,11.7707],[7.4198,11.7641],[7.4223,11.7573],[7.4249,11.7551],[7.4248,11.7518],[7.427,11.7474],[7.4273,11.7444],[7.43,11.7426],[7.4319,11.7372],[7.4352,11.7345],[7.4358,11.7306],[7.4381,11.7274],[7.437,11.7244],[7.4369,11.7177],[7.438,11.7155],[7.4425,11.7133],[7.4429,11.7069],[7.4438,11.7043],[7.449,11.6987],[7.4615,11.6982],[7.4667,11.6924],[7.4706,11.6863],[7.4712,11.6831],[7.4744,11.6832],[7.4755,11.6814],[7.4798,11.6793],[7.4872,11.6771],[7.4903,11.6721],[7.4913,11.6682],[7.4964,11.6696],[7.4999,11.6685],[7.503,11.6673],[7.5096,11.6703],[7.5166,11.6693],[7.5204,11.6695],[7.5245,11.665],[7.5272,11.6591],[7.5335,11.6557],[7.5353,11.657]]]},"properties":{"name":"KARFI","state":"20","code":"20/25/05"}},{"type":"Feature","geometry":{"type":"Polygon","coordinates":[[[7.6779,11.8264],[7.6725,11.829],[7.6702,11.8326],[7.6625,11.8397],[7.6585,11.8448],[7.6502,11.8448],[7.6449,11.8475],[7.6386,11.8375],[7.6374,11.8335],[7.6284,11.8342],[7.6257,11.8333],[7.6219,11.8378],[7.6168,11.8369],[7.6086,11.8387],[7.6054,11.8402],[7.6016,11.8323],[7.6022,11.829],[7.6004,11.8264],[7.5996,11.8223],[7.5976,11.8183],[7.5975,11.8157],[7.5977,11.8115],[7.6,11.8031],[7.6017,11.8017],[7.6112,11.8064],[7.614,11.8084],[7.6211,11.8058],[7.6231,11.8074],[7.6288,11.8083],[7.6351,11.802],[7.6379,11.8057],[7.642,11.7955],[7.6414,11.7916],[7.6392,11.7864],[7.6456,11.7829],[7.6464,11.781],[7.6498,11.7791],[7.65,11.7724],[7.6535,11.7658],[7.6555,11.759],[7.6585,11.7559],[7.663,11.7534],[7.6639,11.7489],[7.669,11.7494],[7.6726,11.7508],[7.6781,11.7554],[7.677,11.7593],[7.682,11.7624],[7.6809,11.7655],[7.6759,11.7701],[7.6744,11.7725],[7.6774,11.7761],[7.6756,11.7809],[7.6722,11.782],[7.6685,11.7867],[7.6736,11.7886],[7.6771,11.7911],[7.6778,11.7941],[7.6829,11.7974],[7.6916,11.7996],[7.6961,11.8029],[7.6973,11.8068],[7.6928,11.8109],[7.6902,11.8113],[7.6892,11.815],[7.6865,11.8141],[7.6829,11.8165],[7.6785,11.8181],[7.6776,11.8227],[7.6779,11.8264]]]},"properties":{"name":"BORIN DAWA","state":"20","code":"20/25/06"}},{"type":"Feature","geometry":{"type":"Polygon","coordinates":[[[7.7004,11.8366],[7.7,11.8437],[7.694,11.8498],[7.6918,11.8529],[7.6962,11.8555],[7.6948,11.8582],[7.6936,11.864],[7.6931,11.8703],[7.6919,11.8721],[7.6923,11.8787],[7.6874,11.8852],[7.6887,11.8871],[7.6908,11.8944],[7.6911,11.899],[7.6923,11.9003],[7.6919,11.9072],[7.699,11.9125],[7.6957,11.9146],[7.6957,11.9171],[7.6895,11.9163],[7.6863,11.9236],[7.6848,11.9291],[7.6823,11.9321],[7.6811,11.9359],[7.6783,11.9368],[7.6744,11.9332],[7.6658,11.9297],[7.6647,11.9257],[7.6613,11.9183],[7.6591,11.9157],[7.6544,11.9123],[7.6486,11.9135],[7.639,11.9105],[7.6378,11.91],[7.6397,11.9019],[7.6378,11.8981],[7.6374,11.8958],[7.6419,11.89],[7.6428,11.8842],[7.6482,11.8822],[7.6488,11.88],[7.646,11.876],[7.6415,11.8721],[7.6392,11.8668],[7.641,11.8612],[7.6417,11.8532],[7.6449,11.8475],[7.6502,11.8448],[7.6585,11.8448],[7.6625,11.8397],[7.6702,11.8326],[7.6725,11.829],[7.6779,11.8264],[7.6829,11.8302],[7.6871,11.8307],[7.6949,11.8359],[7.7004,11.8366]]]},"properties":{"name":"YARMAMA","state":"20","code":"20/25/07"}},{"type":"Feature","geometry":{"type":"Polygon","coordinates":[[[7.8293,11.9686],[7.8238,11.9686],[7.8148,11.9669],[7.8119,11.9682],[7.8089,11.9664],[7.8013,11.966],[7.8,11.9669],[7.7961,11.9733],[7.7932,11.9739],[7.7895,11.9705],[7.7809,11.9699],[7.7756,11.9739],[7.7739,11.9712],[7.7682,11.9682],[7.7657,11.9684],[7.7622,11.9712],[7.7558,11.9704],[7.7523,11.9682],[7.746,11.9714],[7.744,11.9732],[7.7406,11.9719],[7.7397,11.9674],[7.7417,11.9599],[7.741,11.956],[7.7438,11.9562],[7.7467,11.9539],[7.747,11.9492],[7.7457,11.9458],[7.7472,11.9396],[7.7443,11.9351],[7.7409,11.9317],[7.7375,11.9318],[7.7351,11.9336],[7.7311,11.9343],[7.7188,11.93],[7.7155,11.9278],[7.7105,11.9288],[7.7076,11.9282],[7.7074,11.9249],[7.7049,11.9226],[7.7004,11.9208],[7.7025,11.9128],[7.699,11.9125],[7.6919,11.9072],[7.6923,11.9003],[7.6911,11.899],[7.6908,11.8944],[7.6887,11.8871],[7.6874,11.8852],[7.6923,11.8787],[7.6919,11.8721],[7.6931,11.8703],[7.6936,11.864],[7.6948,11.8582],[7.6962,11.8555],[7.6918,11.8529],[7.694,11.8498],[7.7,11.8437],[7.7004,11.8366],[7.7098,11.8321],[7.7133,11.8357],[7.7169,11.8434],[7.717,11.8468],[7.7208,11.8485],[7.727,11.8472],[7.7329,11.8467],[7.7362,11.8496],[7.7455,11.8487],[7.7512,11.8471],[7.7551,11.8475],[7.7663,11.8514],[7.7659,11.8551],[7.7627,11.8607],[7.7592,11.864],[7.7587,11.8696],[7.7613,11.881],[7.761,11.8839],[7.7626,11.8878],[7.7635,11.8934],[7.7722,11.8921],[7.7739,11.8971],[7.7736,11.9004],[7.7754,11.9028],[7.7823,11.905],[7.7839,11.9004],[7.7864,11.901],[7.7891,11.8971],[7.7935,11.9003],[7.7951,11.8993],[7.7999,11.901],[7.8027,11.8975],[7.8036,11.8935],[7.8095,11.8961],[7.8142,11.8949],[7.8172,11.8916],[7.8203,11.8952],[7.8206,11.9004],[7.8278,11.8992],[7.8302,11.8974],[7.8349,11.896],[7.8397,11.891],[7.8422,11.8924],[7.8478,11.8913],[7.8477,11.8933],[7.8437,11.9019],[7.8295,11.922],[7.8286,11.9309],[7.8286,11.9389],[7.8274,11.9465],[7.8262,11.9533],[7.8318,11.964],[7.8334,11.9697],[7.8293,11.9686]]]},"properties":{"name":"GORAR DANSAKA","state":"20","code":"20/25/08"}},{"type":"Feature","geometry":{"type":"Polygon","coordinates":[[[7.8614,12.013],[7.8576,12.0119],[7.8528,12.0125],[7.8478,12.0157],[7.8448,12.0147],[7.8377,12.0105],[7.8348,12.0165],[7.8344,12.0205],[7.829,12.0206],[7.8254,12.0217],[7.8192,12.0181],[7.8096,12.0206],[7.8089,12.0142],[7.8023,12.0159],[7.7975,12.015],[7.7981,12.0175],[7.7925,12.0167],[7.7865,12.0118],[7.7815,12.0106],[7.7775,12.0107],[7.7728,12.0121],[7.7655,12.0086],[7.7641,12.005],[7.7615,12.0032],[7.7567,12.0032],[7.7542,12.0056],[7.7488,12.0071],[7.7426,12.006],[7.7419,12.0002],[7.7395,11.9968],[7.7387,11.9918],[7.737,11.9869],[7.7326,11.9856],[7.7293,11.9822],[7.7296,11.9788],[7.7319,11.9746],[7.7406,11.9719],[7.744,11.9732],[7.746,11.9714],[7.7523,11.9682],[7.7558,11.9704],[7.7622,11.9712],[7.7657,11.9684],[7.7682,11.9682],[7.7739,11.9712],[7.7756,11.9739],[7.7809,11.9699],[7.7895,11.9705],[7.7932,11.9739],[7.7961,11.9733],[7.8,11.9669],[7.8013,11.966],[7.8089,11.9664],[7.8119,11.9682],[7.8148,11.9669],[7.8238,11.9686],[7.8293,11.9686],[7.8347,11.9802],[7.8422,11.9912],[7.8423,11.9939],[7.8556,12.0002],[7.8586,12.0045],[7.8614,12.013]]]},"properties":{"name":"DANSARAI","state":"20","code":"20/25/09"}},{"type":"Feature","geometry":{"type":"Polygon","coordinates":[[[7.8573,11.8521],[7.8604,11.8635],[7.8629,11.8689],[7.8641,11.8738],[7.8628,11.8742],[7.8554,11.8815],[7.8482,11.8861],[7.8478,11.8913],[7.8422,11.8924],[7.8397,11.891],[7.8349,11.896],[7.8302,11.8974],[7.8278,11.8992],[7.8206,11.9004],[7.8203,11.8952],[7.8172,11.8916],[7.8142,11.8949],[7.8095,11.8961],[7.8036,11.8935],[7.8027,11.8975],[7.7999,11.901],[7.7951,11.8993],[7.7935,11.9003],[7.7891,11.8971],[7.7864,11.901],[7.7839,11.9004],[7.7823,11.905],[7.7754,11.9028],[7.7736,11.9004],[7.7739,11.8971],[7.7722,11.8921],[7.7635,11.8934],[7.7626,11.8878],[7.761,11.8839],[7.7613,11.881],[7.7587,11.8696],[7.7592,11.864],[7.7627,11.8607],[7.7659,11.8551],[7.7663,11.8514],[7.7687,11.8489],[7.771,11.8494],[7.7747,11.8476],[7.7749,11.8426],[7.7844,11.8378],[7.7889,11.8382],[7.7898,11.8367],[7.7946,11.8361],[7.7961,11.8349],[7.804,11.8321],[7.8049,11.8301],[7.809,11.8288],[7.8101,11.83],[7.8156,11.8285],[7.8177,11.8336],[7.8228,11.8345],[7.8265,11.8305],[7.8284,11.8308],[7.8345,11.8219],[7.8371,11.8221],[7.8422,11.8242],[7.8476,11.8223],[7.8531,11.8239],[7.8549,11.8333],[7.8523,11.836],[7.8552,11.8425],[7.8573,11.8521]]]},"properties":{"name":"MAKAURACHI","state":"20","code":"20/25/10"}},{"type":"Feature","geometry":{"type":"Polygon","coordinates":[[[7.699,11.9125],[7.7025,11.9128],[7.7004,11.9208],[7.7049,11.9226],[7.7074,11.9249],[7.7076,11.9282],[7.7105,11.9288],[7.7155,11.9278],[7.7188,11.93],[7.7311,11.9343],[7.7351,11.9336],[7.7375,11.9318],[7.7409,11.9317],[7.7443,11.9351],[7.7472,11.9396],[7.7457,11.9458],[7.747,11.9492],[7.7467,11.9539],[7.7438,11.9562],[7.741,11.956],[7.7417,11.9599],[7.7397,11.9674],[7.7406,11.9719],[7.7319,11.9746],[7.7296,11.9788],[7.7293,11.9822],[7.7326,11.9856],[7.737,11.9869],[7.7387,11.9918],[7.7395,11.9968],[7.7419,12.0002],[7.7426,12.006],[7.741,12.0077],[7.7394,12.0141],[7.7394,12.0174],[7.7375,12.0203],[7.7335,12.0226],[7.7314,12.0254],[7.728,12.0265],[7.7224,12.0324],[7.7311,12.0391],[7.7317,12.0434],[7.7258,12.0468],[7.7251,12.0506],[7.728,12.0545],[7.7309,12.0562],[7.7324,12.0601],[7.7279,12.0614],[7.7199,12.0616],[7.7144,12.0603],[7.7109,12.0587],[7.7095,12.0504],[7.7072,12.0419],[7.6957,12.0423],[7.6947,12.0368],[7.6954,12.0355],[7.6881,12.0266],[7.6925,12.0193],[7.6872,12.0084],[7.6827,11.9978],[7.6827,11.9957],[7.6753,11.9963],[7.6705,11.9955],[7.6679,11.996],[7.6648,12.0027],[7.6601,12.0032],[7.6554,11.9981],[7.6493,11.9945],[7.6508,11.991],[7.6535,11.9889],[7.6516,11.9863],[7.6513,11.9825],[7.6343,11.9827],[7.6299,11.979],[7.6242,11.9724],[7.6165,11.957],[7.6199,11.9523],[7.6279,11.9505],[7.6291,11.9469],[7.6263,11.9436],[7.626,11.9361],[7.6274,11.9351],[7.6349,11.9362],[7.6422,11.9299],[7.6443,11.9273],[7.6483,11.926],[7.6499,11.9273],[7.6566,11.9296],[7.6658,11.9297],[7.6744,11.9332],[7.6783,11.9368],[7.6811,11.9359],[7.6823,11.9321],[7.6848,11.9291],[7.6863,11.9236],[7.6895,11.9163],[7.6957,11.9171],[7.6957,11.9146],[7.699,11.9125]]]},"properties":{"name":"DAYI","state":"20","code":"20/25/11"}},{"type":"Feature","geometry":{"type":"Polygon","coordinates":[[[7.639,11.9105],[7.6486,11.9135],[7.6544,11.9123],[7.6591,11.9157],[7.6613,11.9183],[7.6647,11.9257],[7.6658,11.9297],[7.6566,11.9296],[7.6499,11.9273],[7.6483,11.926],[7.6443,11.9273],[7.6422,11.9299],[7.6349,11.9362],[7.6274,11.9351],[7.626,11.9361],[7.6263,11.9436],[7.6291,11.9469],[7.6279,11.9505],[7.6199,11.9523],[7.6165,11.957],[7.6242,11.9724],[7.6299,11.979],[7.6343,11.9827],[7.6513,11.9825],[7.6516,11.9863],[7.6535,11.9889],[7.6508,11.991],[7.6493,11.9945],[7.6554,11.9981],[7.6601,12.0032],[7.6648,12.0027],[7.6679,11.996],[7.6705,11.9955],[7.6753,11.9963],[7.6827,11.9957],[7.6827,11.9978],[7.6872,12.0084],[7.6925,12.0193],[7.6881,12.0266],[7.6954,12.0355],[7.6947,12.0368],[7.6957,12.0423],[7.6932,12.0439],[7.6856,12.0459],[7.6842,12.0516],[7.6777,12.05],[7.6758,12.0504],[7.6712,12.0473],[7.6711,12.0538],[7.6696,12.0556],[7.6674,12.0613],[7.6659,12.0623],[7.66,12.0618],[7.6524,12.0635],[7.6488,12.0582],[7.6499,12.0559],[7.6452,12.0515],[7.6403,12.0541],[7.6355,12.0427],[7.6316,12.0456],[7.6275,12.0451],[7.6252,12.0433],[7.6221,12.0461],[7.6186,12.047],[7.6154,12.0501],[7.612,12.0443],[7.6112,12.0405],[7.6126,12.0391],[7.6093,12.035],[7.6081,12.0303],[7.6079,12.0222],[7.6107,12.0199],[7.6148,12.0147],[7.6187,12.0122],[7.6206,12.0095],[7.6188,12.0048],[7.6146,12.0005],[7.6137,11.9964],[7.6164,11.9929],[7.6133,11.9866],[7.6104,11.9855],[7.6097,11.9788],[7.6043,11.9749],[7.6022,11.9711],[7.6003,11.962],[7.5959,11.9586],[7.591,11.9592],[7.5816,11.9572],[7.5764,11.958],[7.5773,11.9488],[7.5762,11.9451],[7.5783,11.9394],[7.59,11.9343],[7.5937,11.9338],[7.5972,11.9313],[7.6022,11.9333],[7.6045,11.9331],[7.6066,11.9302],[7.6072,11.9263],[7.6149,11.924],[7.6177,11.9209],[7.6224,11.9204],[7.6261,11.9176],[7.6267,11.915],[7.6327,11.9114],[7.6346,11.9122],[7.639,11.9105]]]},"properties":{"name":"NA-ALMA","state":"20","code":"20/25/12"}},{"type":"Feature","geometry":{"type":"Polygon","coordinates":[[[8.0225,12.8298],[8.0247,12.828],[8.0246,12.8244],[8.0273,12.8199],[8.0306,12.8176],[8.0348,12.8177],[8.0346,12.8124],[8.0397,12.8057],[8.0495,12.809],[8.0607,12.8065],[8.0633,12.8079],[8.0649,12.8132],[8.0668,12.8145],[8.0702,12.8116],[8.073,12.8044],[8.0772,12.8038],[8.0817,12.8109],[8.0896,12.8117],[8.0934,12.8139],[8.0937,12.8191],[8.0927,12.8224],[8.0938,12.826],[8.0971,12.8279],[8.0957,12.8306],[8.0947,12.8362],[8.0961,12.8398],[8.0956,12.8424],[8.0929,12.8442],[8.0917,12.8472],[8.0937,12.8554],[8.0976,12.8593],[8.0972,12.8618],[8.0881,12.8699],[8.0832,12.8687],[8.0789,12.8658],[8.0765,12.8668],[8.0757,12.8726],[8.0726,12.8745],[8.0735,12.8793],[8.0829,12.8798],[8.0843,12.883],[8.0887,12.8881],[8.0906,12.898],[8.0829,12.9005],[8.0878,12.9065],[8.0902,12.9121],[8.0938,12.9155],[8.0975,12.9164],[8.093,12.9157],[8.0869,12.9173],[8.0868,12.9232],[8.0807,12.9264],[8.0781,12.9255],[8.0717,12.9266],[8.0733,12.9361],[8.0656,12.9384],[8.0638,12.9405],[8.0571,12.94],[8.0553,12.9325],[8.0511,12.9206],[8.047,12.921],[8.0447,12.92],[8.0434,12.9161],[8.0379,12.9161],[8.0358,12.9194],[8.029,12.9186],[8.0234,12.9221],[8.0191,12.9232],[8.0141,12.9219],[8.0085,12.923],[8.0038,12.9221],[7.9996,12.9149],[8.0003,12.9106],[7.9986,12.9079],[7.9946,12.9079],[7.993,12.9061],[7.9896,12.9056],[7.9892,12.9016],[7.9946,12.8969],[7.995,12.8943],[8.0002,12.8911],[7.9986,12.8887],[7.997,12.8831],[7.9934,12.8788],[7.9946,12.876],[7.9999,12.8711],[8.0024,12.8702],[8.0077,12.873],[8.0115,12.871],[8.0145,12.8712],[8.0178,12.8695],[8.0157,12.8607],[8.021,12.8565],[8.0189,12.8456],[8.0144,12.8454],[8.0137,12.842],[8.017,12.839],[8.0215,12.8368],[8.0225,12.8298]]]},"properties":{"name":"BUJAWA/GEWAYAU","state":"20","code":"20/26/01"}},{"type":"Feature","geometry":{"type":"Polygon","coordinates":[[[7.9625,12.732],[7.9605,12.7338],[7.9621,12.7389],[7.9671,12.742],[7.9727,12.7416],[7.9784,12.7428],[7.9906,12.7463],[7.992,12.743],[7.9919,12.7369],[7.9896,12.7338],[7.9922,12.7292],[7.9936,12.7238],[7.9964,12.718],[8.0002,12.7146],[8.0002,12.7124],[8.0062,12.7095],[8.0164,12.7068],[8.0198,12.7119],[8.0181,12.7176],[8.0222,12.7223],[8.0189,12.7279],[8.0222,12.7304],[8.0236,12.7334],[8.026,12.7344],[8.0312,12.7337],[8.0399,12.7375],[8.0389,12.7404],[8.0434,12.7461],[8.0486,12.7471],[8.0563,12.7475],[8.0616,12.7531],[8.0629,12.7588],[8.0648,12.7622],[8.0642,12.7675],[8.0737,12.766],[8.0797,12.7686],[8.0853,12.7702],[8.0943,12.7677],[8.0999,12.765],[8.1074,12.7732],[8.1117,12.7736],[8.1121,12.776],[8.1084,12.7868],[8.1063,12.791],[8.1046,12.791],[8.1011,12.7949],[8.1039,12.796],[8.1083,12.8009],[8.1088,12.8034],[8.1117,12.8073],[8.1108,12.8092],[8.1125,12.8123],[8.1055,12.8165],[8.0959,12.8132],[8.0934,12.8139],[8.0896,12.8117],[8.0817,12.8109],[8.0772,12.8038],[8.073,12.8044],[8.0702,12.8116],[8.0668,12.8145],[8.0649,12.8132],[8.0633,12.8079],[8.0607,12.8065],[8.0495,12.809],[8.0397,12.8057],[8.0346,12.8124],[8.0348,12.8177],[8.0306,12.8176],[8.0273,12.8199],[8.0246,12.8244],[8.0247,12.828],[8.0225,12.8298],[8.0196,12.8262],[8.0121,12.8242],[8.0014,12.8253],[8.0041,12.8181],[8.0082,12.8131],[8.0088,12.8096],[8.0071,12.8054],[8.0053,12.8012],[8.0036,12.7915],[7.9989,12.7867],[7.9978,12.7839],[7.9994,12.7798],[8.0066,12.7729],[8.0072,12.7678],[8.0063,12.7651],[8.0021,12.76],[7.9993,12.7597],[7.9894,12.7538],[7.9866,12.7556],[7.9801,12.7566],[7.972,12.7531],[7.9654,12.7526],[7.9582,12.7541],[7.9547,12.7531],[7.9484,12.7533],[7.9428,12.751],[7.9372,12.75],[7.9281,12.7525],[7.9241,12.748],[7.9256,12.7462],[7.9282,12.7376],[7.9304,12.7344],[7.9338,12.7338],[7.9386,12.7255],[7.9434,12.7259],[7.9468,12.7225],[7.9551,12.7214],[7.9562,12.7224],[7.961,12.7314],[7.9625,12.732]]]},"properties":{"name":"DUWAN/MAKAU","state":"20","code":"20/26/02"}},{"type":"Feature","geometry":{"type":"Polygon","coordinates":[[[7.9012,12.8196],[7.9045,12.824],[7.9092,12.826],[7.9118,12.8253],[7.9161,12.8223],[7.9159,12.8203],[7.9214,12.8183],[7.9289,12.8266],[7.9228,12.8303],[7.9216,12.8335],[7.9157,12.8397],[7.911,12.8419],[7.911,12.8443],[7.9054,12.8483],[7.8992,12.8478],[7.8924,12.8459],[7.8871,12.8465],[7.8884,12.8557],[7.8872,12.8621],[7.8907,12.8668],[7.8861,12.8703],[7.8799,12.8706],[7.8759,12.8694],[7.8722,12.8661],[7.867,12.8632],[7.8639,12.8636],[7.8606,12.8623],[7.8544,12.8558],[7.8626,12.8474],[7.8584,12.8431],[7.8589,12.8396],[7.8577,12.8343],[7.8635,12.8309],[7.869,12.8298],[7.8709,12.82],[7.8733,12.8173],[7.8774,12.8212],[7.8795,12.8191],[7.8851,12.8185],[7.8834,12.823],[7.8866,12.8234],[7.8913,12.8225],[7.8937,12.8208],[7.8949,12.8161],[7.8998,12.8164],[7.9012,12.8196]]]},"properties":{"name":"MANI","state":"20","code":"20/26/03"}},{"type":"Feature","geometry":{"type":"Polygon","coordinates":[[[7.9054,12.8483],[7.9018,12.8514],[7.8993,12.8579],[7.8989,12.8612],[7.8969,12.8666],[7.8949,12.8697],[7.8951,12.8739],[7.8987,12.8818],[7.8951,12.8865],[7.8961,12.8883],[7.9006,12.8873],[7.9083,12.8909],[7.9076,12.8932],[7.9007,12.9013],[7.8971,12.9017],[7.8937,12.9053],[7.8874,12.9065],[7.8854,12.9087],[7.8829,12.9079],[7.8767,12.9082],[7.8749,12.9136],[7.8699,12.9146],[7.8686,12.9163],[7.8641,12.9183],[7.8619,12.9128],[7.8599,12.9109],[7.8642,12.9055],[7.8665,12.904],[7.8624,12.8987],[7.8596,12.897],[7.8587,12.8945],[7.856,12.8951],[7.856,12.8897],[7.8576,12.8861],[7.861,12.8821],[7.8596,12.8774],[7.8614,12.8772],[7.8633,12.8706],[7.867,12.8695],[7.8722,12.8661],[7.8759,12.8694],[7.8799,12.8706],[7.8861,12.8703],[7.8907,12.8668],[7.8872,12.8621],[7.8884,12.8557],[7.8871,12.8465],[7.8924,12.8459],[7.8992,12.8478],[7.9054,12.8483]]]},"properties":{"name":"BAGIWA","state":"20","code":"20/26/04"}},{"type":"Feature","geometry":{"type":"Polygon","coordinates":[[[7.8986,12.9841],[7.8951,12.9843],[7.8874,12.983],[7.8827,12.9865],[7.883,12.9916],[7.8859,12.9993],[7.8879,13.0076],[7.8884,13.0126],[7.8832,13.0136],[7.8825,13.012],[7.8769,13.0068],[7.8653,13.0119],[7.8591,13.0116],[7.8507,13.0102],[7.8456,13.0102],[7.8421,13.0074],[7.8385,13.0069],[7.8367,13.0047],[7.833,13.0058],[7.8243,12.9998],[7.816,13.0038],[7.8147,13.0069],[7.81,13.0083],[7.8048,13.0128],[7.8032,13.0167],[7.7965,13.0214],[7.7951,13.0238],[7.7932,13.0218],[7.7928,13.0181],[7.795,13.0116],[7.7936,13.0092],[7.7927,13.0031],[7.7948,13.0016],[7.7939,12.9976],[7.7943,12.9898],[7.7924,12.9862],[7.7939,12.9811],[7.7966,12.9775],[7.7939,12.9729],[7.7954,12.9698],[7.7974,12.9622],[7.7978,12.958],[7.8006,12.9561],[7.808,12.9551],[7.8088,12.9502],[7.8069,12.9458],[7.8091,12.9366],[7.8022,12.9354],[7.7997,12.9319],[7.8011,12.9255],[7.805,12.9234],[7.81,12.9221],[7.8113,12.9208],[7.8201,12.9197],[7.8269,12.9136],[7.8316,12.9127],[7.8372,12.9134],[7.8419,12.9166],[7.8484,12.9223],[7.8509,12.9229],[7.8583,12.9224],[7.8599,12.9263],[7.8631,12.9273],[7.8696,12.9257],[7.8791,12.9205],[7.88,12.9224],[7.8848,12.9251],[7.8909,12.9318],[7.8977,12.9302],[7.9005,12.9322],[7.8996,12.9376],[7.9025,12.9444],[7.9069,12.9492],[7.9075,12.9559],[7.9053,12.9589],[7.9038,12.9734],[7.9012,12.9762],[7.9007,12.9796],[7.8986,12.9841]]]},"properties":{"name":"TSAGEM/TAKUSHEYI","state":"20","code":"20/26/05"}},{"type":"Feature","geometry":{"type":"Polygon","coordinates":[[[8.0038,12.9221],[7.9991,12.9295],[7.9991,12.9315],[7.9928,12.9326],[7.9856,12.9299],[7.9778,12.9303],[7.9731,12.9288],[7.9711,12.9304],[7.9654,12.9297],[7.9647,12.9312],[7.9604,12.9329],[7.955,12.933],[7.9542,12.9274],[7.955,12.9226],[7.9584,12.9214],[7.9573,12.9184],[7.9541,12.9164],[7.9508,12.9158],[7.945,12.9188],[7.9382,12.9188],[7.938,12.9226],[7.9447,12.9313],[7.9463,12.9373],[7.9425,12.9403],[7.9396,12.9447],[7.9415,12.9503],[7.938,12.9531],[7.9338,12.9549],[7.9355,12.9584],[7.9284,12.9602],[7.9241,12.9581],[7.9195,12.9575],[7.9136,12.958],[7.9075,12.9559],[7.9069,12.9492],[7.9025,12.9444],[7.8996,12.9376],[7.9005,12.9322],[7.8977,12.9302],[7.8909,12.9318],[7.8848,12.9251],[7.88,12.9224],[7.8791,12.9205],[7.8696,12.9257],[7.8631,12.9273],[7.8599,12.9263],[7.8583,12.9224],[7.8641,12.9183],[7.8686,12.9163],[7.8699,12.9146],[7.8749,12.9136],[7.8767,12.9082],[7.8829,12.9079],[7.8854,12.9087],[7.8874,12.9065],[7.8937,12.9053],[7.8971,12.9017],[7.9007,12.9013],[7.9076,12.8932],[7.9083,12.8909],[7.9107,12.8898],[7.911,12.8872],[7.9156,12.8881],[7.9199,12.884],[7.9204,12.8805],[7.9237,12.8744],[7.9271,12.873],[7.9281,12.8704],[7.9319,12.8716],[7.9357,12.8759],[7.9384,12.8766],[7.9431,12.8747],[7.9466,12.8745],[7.9505,12.876],[7.9564,12.8733],[7.9623,12.8766],[7.9686,12.8745],[7.9727,12.8746],[7.9768,12.8783],[7.9796,12.8832],[7.9872,12.8853],[7.9891,12.8942],[7.9855,12.8977],[7.9836,12.9014],[7.9854,12.9057],[7.9896,12.9056],[7.993,12.9061],[7.9946,12.9079],[7.9986,12.9079],[8.0003,12.9106],[7.9996,12.9149],[8.0038,12.9221]]]},"properties":{"name":"HAMCHETA","state":"20","code":"20/26/06"}},{"type":"Feature","geometry":{"type":"Polygon","coordinates":[[[7.8641,12.9183],[7.8583,12.9224],[7.8509,12.9229],[7.8484,12.9223],[7.8419,12.9166],[7.8372,12.9134],[7.8316,12.9127],[7.8269,12.9136],[7.8201,12.9197],[7.8113,12.9208],[7.81,12.9221],[7.805,12.9234],[7.8011,12.9255],[7.7937,12.9264],[7.787,12.9263],[7.7845,12.9223],[7.7822,12.921],[7.7851,12.9103],[7.7822,12.9077],[7.7791,12.9028],[7.7809,12.8952],[7.7746,12.8937],[7.7691,12.8885],[7.7652,12.8866],[7.766,12.8836],[7.7674,12.8815],[7.7649,12.8784],[7.7681,12.8763],[7.7686,12.8723],[7.7724,12.8713],[7.7738,12.8641],[7.7774,12.8615],[7.7786,12.8585],[7.7809,12.8597],[7.7882,12.8668],[7.7851,12.8726],[7.7867,12.8762],[7.7893,12.8787],[7.7923,12.8792],[7.7993,12.8755],[7.803,12.8744],[7.8054,12.8719],[7.8116,12.8755],[7.8181,12.8739],[7.8229,12.8702],[7.8251,12.8665],[7.8272,12.8653],[7.8376,12.8661],[7.8404,12.8678],[7.846,12.866],[7.8484,12.8662],[7.8497,12.8688],[7.8552,12.87],[7.8597,12.8728],[7.8596,12.8774],[7.861,12.8821],[7.8576,12.8861],[7.856,12.8897],[7.856,12.8951],[7.8587,12.8945],[7.8596,12.897],[7.8624,12.8987],[7.8665,12.904],[7.8642,12.9055],[7.8599,12.9109],[7.8619,12.9128],[7.8641,12.9183]]]},"properties":{"name":"KWATTA","state":"20","code":"20/26/07"}},{"type":"Feature","geometry":{"type":"Polygon","coordinates":[[[7.8851,12.8185],[7.8795,12.8191],[7.8774,12.8212],[7.8733,12.8173],[7.8709,12.82],[7.869,12.8298],[7.8635,12.8309],[7.8577,12.8343],[7.8589,12.8396],[7.8584,12.8431],[7.8626,12.8474],[7.8544,12.8558],[7.8606,12.8623],[7.8639,12.8636],[7.867,12.8632],[7.8722,12.8661],[7.867,12.8695],[7.8633,12.8706],[7.8614,12.8772],[7.8596,12.8774],[7.8597,12.8728],[7.8552,12.87],[7.8497,12.8688],[7.8484,12.8662],[7.846,12.866],[7.8404,12.8678],[7.8376,12.8661],[7.8272,12.8653],[7.8251,12.8665],[7.8229,12.8702],[7.8181,12.8739],[7.8116,12.8755],[7.8054,12.8719],[7.803,12.8744],[7.7993,12.8755],[7.7923,12.8792],[7.7893,12.8787],[7.7867,12.8762],[7.7851,12.8726],[7.7882,12.8668],[7.7946,12.8641],[7.7982,12.86],[7.8083,12.8571],[7.8091,12.8541],[7.8148,12.8498],[7.8162,12.8443],[7.8228,12.845],[7.8262,12.8439],[7.8312,12.8449],[7.8355,12.8353],[7.8404,12.8364],[7.8449,12.8316],[7.8497,12.8302],[7.8544,12.8313],[7.8575,12.8291],[7.8574,12.8259],[7.8601,12.8246],[7.8591,12.8203],[7.857,12.8199],[7.8502,12.8161],[7.8518,12.8101],[7.8498,12.8042],[7.8436,12.802],[7.8442,12.7971],[7.8481,12.7946],[7.8517,12.7885],[7.856,12.7907],[7.8574,12.793],[7.8615,12.7933],[7.8649,12.7914],[7.8746,12.7924],[7.8765,12.795],[7.8806,12.7924],[7.8834,12.7954],[7.8891,12.7973],[7.8891,12.8041],[7.8859,12.8052],[7.887,12.8126],[7.8851,12.8185]]]},"properties":{"name":"MACHIKA","state":"20","code":"20/26/08"}},{"type":"Feature","geometry":{"type":"Polygon","coordinates":[[[7.8432,13.0858],[7.8431,13.0825],[7.8389,13.0745],[7.8329,13.0668],[7.8311,13.06],[7.8299,13.0486],[7.83,13.0415],[7.8287,13.0403],[7.8184,13.0394],[7.8139,13.0403],[7.8111,13.0386],[7.8073,13.0332],[7.8026,13.032],[7.7988,13.0272],[7.7951,13.0238],[7.7965,13.0214],[7.8032,13.0167],[7.8048,13.0128],[7.81,13.0083],[7.8147,13.0069],[7.816,13.0038],[7.8243,12.9998],[7.833,13.0058],[7.8367,13.0047],[7.8385,13.0069],[7.8421,13.0074],[7.8456,13.0102],[7.8507,13.0102],[7.8591,13.0116],[7.8653,13.0119],[7.8769,13.0068],[7.8825,13.012],[7.8832,13.0136],[7.8884,13.0126],[7.8879,13.0076],[7.8859,12.9993],[7.883,12.9916],[7.8827,12.9865],[7.8874,12.983],[7.8951,12.9843],[7.8986,12.9841],[7.9023,12.9875],[7.9021,12.9936],[7.9041,13.0006],[7.9031,13.0048],[7.9047,13.0065],[7.9036,13.0113],[7.9018,13.0123],[7.8976,13.018],[7.9002,13.024],[7.8903,13.0239],[7.8848,13.03],[7.8821,13.0311],[7.8752,13.0302],[7.8731,13.0363],[7.8722,13.042],[7.8762,13.0459],[7.8787,13.0497],[7.8803,13.056],[7.8735,13.0603],[7.8708,13.0607],[7.8694,13.0647],[7.8721,13.071],[7.8714,13.0752],[7.8725,13.0771],[7.8709,13.0806],[7.8684,13.0822],[7.8703,13.0858],[7.8628,13.0895],[7.8594,13.0929],[7.8577,13.0939],[7.854,13.1001],[7.8475,13.0967],[7.8438,13.0961],[7.8418,13.0926],[7.8432,13.0858]]]},"properties":{"name":"MUDURU","state":"20","code":"20/26/09"}},{"type":"Feature","geometry":{"type":"Polygon","coordinates":[[[8.0144,12.8454],[8.0189,12.8456],[8.021,12.8565],[8.0157,12.8607],[8.0178,12.8695],[8.0145,12.8712],[8.0115,12.871],[8.0077,12.873],[8.0024,12.8702],[7.9999,12.8711],[7.9946,12.876],[7.9934,12.8788],[7.997,12.8831],[7.9986,12.8887],[8.0002,12.8911],[7.995,12.8943],[7.9946,12.8969],[7.9892,12.9016],[7.9896,12.9056],[7.9854,12.9057],[7.9836,12.9014],[7.9855,12.8977],[7.9891,12.8942],[7.9872,12.8853],[7.9796,12.8832],[7.9768,12.8783],[7.9727,12.8746],[7.9686,12.8745],[7.9623,12.8766],[7.9564,12.8733],[7.9505,12.876],[7.9466,12.8745],[7.9431,12.8747],[7.9384,12.8766],[7.9357,12.8759],[7.9319,12.8716],[7.9281,12.8704],[7.9271,12.873],[7.9237,12.8744],[7.9204,12.8805],[7.9199,12.884],[7.9156,12.8881],[7.911,12.8872],[7.9107,12.8898],[7.9083,12.8909],[7.9006,12.8873],[7.8961,12.8883],[7.8951,12.8865],[7.8987,12.8818],[7.8951,12.8739],[7.8949,12.8697],[7.8969,12.8666],[7.8989,12.8612],[7.8993,12.8579],[7.9018,12.8514],[7.9054,12.8483],[7.911,12.8443],[7.911,12.8419],[7.9157,12.8397],[7.9216,12.8335],[7.9228,12.8303],[7.9289,12.8266],[7.9325,12.8296],[7.9344,12.8335],[7.9378,12.8359],[7.9389,12.8382],[7.9364,12.8476],[7.9435,12.8494],[7.9503,12.8481],[7.9537,12.8481],[7.9559,12.8522],[7.965,12.8535],[7.9667,12.8508],[7.9727,12.8447],[7.9757,12.8404],[7.9793,12.8396],[7.9853,12.8443],[7.9864,12.8485],[7.9897,12.8484],[7.9957,12.8464],[7.9989,12.8469],[8.0081,12.8408],[8.0144,12.8454]]]},"properties":{"name":"MAGAMI","state":"20","code":"20/26/10"}},{"type":"Feature","geometry":{"type":"Polygon","coordinates":[[[7.8227,12.7908],[7.8284,12.7908],[7.8321,12.7947],[7.836,12.7947],[7.8385,12.8003],[7.8436,12.802],[7.8498,12.8042],[7.8518,12.8101],[7.8502,12.8161],[7.857,12.8199],[7.8591,12.8203],[7.8601,12.8246],[7.8574,12.8259],[7.8575,12.8291],[7.8544,12.8313],[7.8497,12.8302],[7.8449,12.8316],[7.8404,12.8364],[7.8355,12.8353],[7.8312,12.8449],[7.8262,12.8439],[7.8228,12.845],[7.8162,12.8443],[7.8148,12.8498],[7.8091,12.8541],[7.8083,12.8571],[7.7982,12.86],[7.7946,12.8641],[7.7882,12.8668],[7.7809,12.8597],[7.7786,12.8585],[7.7779,12.8565],[7.7805,12.8535],[7.7803,12.849],[7.783,12.8427],[7.7887,12.844],[7.7941,12.8474],[7.7974,12.8418],[7.7938,12.8392],[7.7934,12.8365],[7.7969,12.8337],[7.7922,12.8286],[7.7937,12.8268],[7.7976,12.8279],[7.8025,12.8244],[7.8074,12.824],[7.8115,12.8208],[7.8093,12.8171],[7.8109,12.8142],[7.8134,12.8136],[7.8159,12.8108],[7.8159,12.8063],[7.8177,12.8046],[7.818,12.7982],[7.8206,12.7947],[7.8229,12.7941],[7.8227,12.7908]]]},"properties":{"name":"JANI","state":"20","code":"20/26/11"}},{"type":"Feature","geometry":{"type":"Polygon","coordinates":[[[8.0533,12.9763],[8.0497,12.9809],[8.0546,12.987],[8.0549,12.9927],[8.0516,12.998],[8.0571,13.0011],[8.0603,12.9998],[8.0651,13.0028],[8.0661,13.0093],[8.0648,13.0093],[8.0573,13.0078],[8.0521,13.0091],[8.0465,13.0047],[8.0448,13.002],[8.0417,12.9999],[8.0395,12.9941],[8.037,12.992],[8.0351,12.9855],[8.0332,12.9843],[8.0267,12.9846],[8.0249,12.9811],[8.0204,12.9768],[8.0224,12.9632],[8.0196,12.9592],[8.0154,12.9617],[8.0127,12.9601],[8.0097,12.9558],[8.0075,12.9565],[7.9995,12.955],[7.9941,12.9525],[7.9902,12.9569],[7.9905,12.9639],[7.9891,12.9666],[7.984,12.9656],[7.9817,12.967],[7.9713,12.97],[7.9668,12.9688],[7.9621,12.9716],[7.9617,12.9823],[7.963,12.9877],[7.9603,12.9887],[7.9592,12.9922],[7.9542,12.9967],[7.9557,13.0008],[7.9524,13.0011],[7.9465,12.9989],[7.9416,12.9994],[7.9352,12.9958],[7.9304,13.0017],[7.9269,13.0014],[7.9195,12.9981],[7.9153,12.9986],[7.9114,13.0018],[7.9076,13.0026],[7.9047,13.0065],[7.9031,13.0048],[7.9041,13.0006],[7.9021,12.9936],[7.9023,12.9875],[7.8986,12.9841],[7.9007,12.9796],[7.9012,12.9762],[7.9038,12.9734],[7.9053,12.9589],[7.9075,12.9559],[7.9136,12.958],[7.9195,12.9575],[7.9241,12.9581],[7.9284,12.9602],[7.9355,12.9584],[7.9338,12.9549],[7.938,12.9531],[7.9415,12.9503],[7.9396,12.9447],[7.9425,12.9403],[7.9463,12.9373],[7.9447,12.9313],[7.938,12.9226],[7.9382,12.9188],[7.945,12.9188],[7.9508,12.9158],[7.9541,12.9164],[7.9573,12.9184],[7.9584,12.9214],[7.955,12.9226],[7.9542,12.9274],[7.955,12.933],[7.9604,12.9329],[7.9647,12.9312],[7.9654,12.9297],[7.9711,12.9304],[7.9731,12.9288],[7.9778,12.9303],[7.9856,12.9299],[7.9928,12.9326],[7.9991,12.9315],[7.9991,12.9295],[8.0038,12.9221],[8.0085,12.923],[8.0141,12.9219],[8.0191,12.9232],[8.0234,12.9221],[8.029,12.9186],[8.0358,12.9194],[8.0379,12.9161],[8.0434,12.9161],[8.0447,12.92],[8.047,12.921],[8.0511,12.9206],[8.0553,12.9325],[8.0571,12.94],[8.0638,12.9405],[8.0647,12.9469],[8.0605,12.9486],[8.0579,12.9516],[8.0555,12.9564],[8.0522,12.9564],[8.0481,12.9578],[8.051,12.9627],[8.0518,12.9705],[8.0533,12.9763]]]},"properties":{"name":"MASHI","state":"20","code":"20/27/01"}},{"type":"Feature","geometry":{"type":"Polygon","coordinates":[[[7.9047,13.0065],[7.9076,13.0026],[7.9114,13.0018],[7.9153,12.9986],[7.9195,12.9981],[7.9269,13.0014],[7.9304,13.0017],[7.9352,12.9958],[7.9416,12.9994],[7.9465,12.9989],[7.9524,13.0011],[7.9557,13.0008],[7.961,13.0037],[7.9676,13.0011],[7.9694,13.0072],[7.9681,13.0108],[7.97,13.0166],[7.9751,13.0197],[7.9775,13.0227],[7.9832,13.0165],[7.9874,13.018],[7.9881,13.0201],[7.9922,13.0228],[7.9923,13.0249],[7.995,13.0272],[7.9993,13.0284],[7.999,13.0337],[8.0009,13.0371],[7.9996,13.0432],[8.0021,13.0504],[8.0016,13.0522],[8.0044,13.0592],[8.0085,13.0598],[8.0112,13.0629],[8.0112,13.0685],[8.0059,13.0701],[8.0032,13.0698],[8.002,13.0773],[8.003,13.0783],[8.0002,13.0784],[7.9976,13.0756],[7.9909,13.0715],[7.9843,13.0743],[7.974,13.072],[7.9728,13.0673],[7.9731,13.0583],[7.969,13.0564],[7.9624,13.0555],[7.9586,13.0606],[7.9506,13.0693],[7.9581,13.0788],[7.9571,13.0849],[7.9585,13.0875],[7.9616,13.0893],[7.9647,13.0948],[7.9559,13.1055],[7.9491,13.105],[7.9398,13.1071],[7.934,13.1022],[7.9286,13.0995],[7.9268,13.1002],[7.9243,13.0972],[7.9256,13.0953],[7.9264,13.0906],[7.9307,13.0859],[7.9334,13.0818],[7.9336,13.0763],[7.931,13.0724],[7.9275,13.0716],[7.9247,13.069],[7.9194,13.0681],[7.9123,13.0647],[7.9053,13.065],[7.904,13.0662],[7.8967,13.0659],[7.8959,13.0626],[7.8971,13.0589],[7.903,13.0541],[7.9022,13.0483],[7.8982,13.0459],[7.8899,13.0499],[7.8831,13.0476],[7.8787,13.0497],[7.8762,13.0459],[7.8722,13.042],[7.8731,13.0363],[7.8752,13.0302],[7.8821,13.0311],[7.8848,13.03],[7.8903,13.0239],[7.9002,13.024],[7.8976,13.018],[7.9018,13.0123],[7.9036,13.0113],[7.9047,13.0065]]]},"properties":{"name":"JIGAWA","state":"20","code":"20/27/02"}},{"type":"Feature","geometry":{"type":"Polygon","coordinates":[[[7.8601,13.241],[7.8643,13.2449],[7.866,13.2452],[7.8711,13.2511],[7.8786,13.2484],[7.8804,13.2463],[7.8897,13.2462],[7.8904,13.248],[7.8984,13.248],[7.9,13.2458],[7.9019,13.2382],[7.9057,13.2363],[7.91,13.2318],[7.9176,13.2353],[7.92,13.2377],[7.9274,13.2383],[7.9332,13.2379],[7.9414,13.236],[7.9445,13.2396],[7.9474,13.2421],[7.9484,13.2451],[7.9449,13.25],[7.9442,13.2529],[7.9413,13.2571],[7.9399,13.263],[7.9398,13.2676],[7.9348,13.2695],[7.9355,13.279],[7.9369,13.2819],[7.9357,13.295],[7.9335,13.2995],[7.9365,13.3023],[7.9372,13.3105],[7.94,13.3184],[7.9353,13.3225],[7.9326,13.3231],[7.9313,13.3281],[7.9256,13.3296],[7.8971,13.33],[7.8925,13.3304],[7.8764,13.3352],[7.8704,13.3365],[7.854,13.3387],[7.8452,13.3414],[7.8257,13.3415],[7.8181,13.3421],[7.8186,13.3394],[7.8173,13.3326],[7.8227,13.3271],[7.8199,13.327],[7.8189,13.324],[7.8154,13.3199],[7.8153,13.3148],[7.8106,13.3098],[7.8145,13.3012],[7.8142,13.2981],[7.8164,13.2952],[7.8163,13.293],[7.8225,13.2901],[7.8242,13.2876],[7.829,13.2851],[7.8311,13.2814],[7.8381,13.2766],[7.8494,13.2693],[7.8524,13.2676],[7.8541,13.2629],[7.8593,13.2579],[7.8585,13.256],[7.8545,13.2531],[7.8526,13.2461],[7.859,13.2425],[7.8601,13.241]]]},"properties":{"name":"S/RIJIYA","state":"20","code":"20/27/03"}},{"type":"Feature","geometry":{"type":"Polygon","coordinates":[[[8.0578,13.3122],[8.0478,13.3109],[8.0234,13.3156],[8.0183,13.3169],[7.9957,13.3209],[7.9859,13.3228],[7.9685,13.3228],[7.9584,13.3234],[7.9413,13.3257],[7.9313,13.3281],[7.9326,13.3231],[7.9353,13.3225],[7.94,13.3184],[7.9372,13.3105],[7.9365,13.3023],[7.9335,13.2995],[7.9357,13.295],[7.9369,13.2819],[7.9355,13.279],[7.9348,13.2695],[7.9398,13.2676],[7.9399,13.263],[7.9413,13.2571],[7.9442,13.2529],[7.9449,13.25],[7.9484,13.2451],[7.9474,13.2421],[7.9445,13.2396],[7.9477,13.2364],[7.9535,13.2329],[7.9541,13.231],[7.9575,13.2304],[7.959,13.2286],[7.9647,13.2281],[7.9686,13.231],[7.973,13.2288],[7.9766,13.2334],[7.9864,13.2328],[7.988,13.232],[7.9953,13.2353],[7.9948,13.2285],[7.9953,13.2254],[7.9978,13.2215],[8.0017,13.2183],[8.0038,13.2178],[8.0081,13.2141],[8.0104,13.2139],[8.0164,13.2179],[8.018,13.2205],[8.0229,13.2236],[8.0263,13.2293],[8.0286,13.2297],[8.0331,13.233],[8.0349,13.2388],[8.0379,13.2434],[8.0434,13.2478],[8.0464,13.2474],[8.0523,13.2436],[8.0578,13.237],[8.0646,13.2362],[8.0687,13.2375],[8.0717,13.2408],[8.0751,13.2417],[8.079,13.2441],[8.0836,13.2432],[8.0835,13.2544],[8.0751,13.2651],[8.0742,13.27],[8.0702,13.2759],[8.0727,13.2773],[8.0722,13.2801],[8.0687,13.2807],[8.0678,13.2855],[8.0597,13.2962],[8.0578,13.3023],[8.0592,13.3054],[8.0592,13.3102],[8.0578,13.3122]]]},"properties":{"name":"BAMBLE","state":"20","code":"20/27/04"}},{"type":"Feature","geometry":{"type":"Polygon","coordinates":[[[8.0836,13.2432],[8.079,13.2441],[8.0751,13.2417],[8.0717,13.2408],[8.0687,13.2375],[8.0646,13.2362],[8.0621,13.2322],[8.0592,13.2323],[8.0523,13.2291],[8.0525,13.2241],[8.0487,13.2204],[8.0455,13.2197],[8.0415,13.2172],[8.0396,13.2174],[8.0375,13.2127],[8.0369,13.2073],[8.0385,13.2029],[8.0412,13.2008],[8.0437,13.201],[8.0515,13.2075],[8.057,13.2035],[8.0657,13.2],[8.0732,13.1955],[8.0775,13.1899],[8.0806,13.1907],[8.0856,13.188],[8.0852,13.1844],[8.0819,13.1831],[8.078,13.1797],[8.0787,13.1744],[8.075,13.1734],[8.0723,13.1693],[8.0704,13.1636],[8.0752,13.1578],[8.0762,13.1528],[8.0677,13.1473],[8.0637,13.1456],[8.0582,13.1526],[8.0537,13.1528],[8.0504,13.1508],[8.0431,13.1521],[8.0394,13.1475],[8.0361,13.1472],[8.031,13.1454],[8.0253,13.1423],[8.0242,13.1376],[8.0282,13.135],[8.0291,13.1325],[8.0329,13.127],[8.032,13.1243],[8.0292,13.1221],[8.0222,13.122],[8.0202,13.1243],[8.0071,13.1161],[8.0067,13.1138],[8.0022,13.1074],[8.0059,13.1038],[8.0115,13.1008],[8.0147,13.0957],[8.0151,13.0936],[8.0121,13.0843],[8.0185,13.0814],[8.0236,13.0826],[8.0243,13.0863],[8.0294,13.0877],[8.0333,13.0865],[8.039,13.0886],[8.0412,13.0906],[8.0463,13.0906],[8.0481,13.0999],[8.0535,13.1021],[8.0528,13.1047],[8.0546,13.1116],[8.0584,13.1162],[8.0601,13.1217],[8.0649,13.1269],[8.0712,13.1302],[8.0794,13.1266],[8.0828,13.1237],[8.0842,13.116],[8.0867,13.1135],[8.0794,13.1037],[8.0828,13.0977],[8.0902,13.0953],[8.0938,13.0954],[8.1003,13.0971],[8.1048,13.1013],[8.1089,13.1021],[8.1131,13.0997],[8.1183,13.1016],[8.1217,13.109],[8.1168,13.1115],[8.115,13.1147],[8.1152,13.1249],[8.1178,13.1284],[8.119,13.1338],[8.1195,13.1406],[8.1208,13.1419],[8.1216,13.1465],[8.1239,13.149],[8.122,13.1557],[8.1201,13.16],[8.1218,13.1629],[8.1196,13.169],[8.1169,13.172],[8.1143,13.1748],[8.1132,13.1823],[8.1093,13.1863],[8.1091,13.1912],[8.1072,13.1964],[8.1041,13.198],[8.1048,13.2003],[8.0978,13.2057],[8.0969,13.2138],[8.0919,13.2181],[8.0903,13.2229],[8.0923,13.2259],[8.0922,13.2284],[8.0891,13.2301],[8.086,13.2316],[8.0852,13.2391],[8.0836,13.2432]]]},"properties":{"name":"GALLU","state":"20","code":"20/27/05"}},{"type":"Feature","geometry":{"type":"Polygon","coordinates":[[[8.1605,13.0352],[8.1616,13.0459],[8.1604,13.0471],[8.1611,13.0521],[8.1573,13.0616],[8.159,13.0655],[8.1559,13.0733],[8.1531,13.0774],[8.145,13.0831],[8.1418,13.082],[8.1401,13.0856],[8.1409,13.0879],[8.138,13.0924],[8.1343,13.0936],[8.1337,13.0972],[8.1287,13.1022],[8.1271,13.1059],[8.1247,13.1081],[8.1217,13.109],[8.1183,13.1016],[8.1131,13.0997],[8.1089,13.1021],[8.1048,13.1013],[8.1003,13.0971],[8.0938,13.0954],[8.0902,13.0953],[8.0828,13.0977],[8.0813,13.095],[8.0825,13.0915],[8.0848,13.0898],[8.0827,13.086],[8.0818,13.0809],[8.0784,13.0784],[8.0722,13.0783],[8.0702,13.0734],[8.0655,13.0733],[8.0623,13.0717],[8.0571,13.0713],[8.0551,13.0683],[8.0551,13.0643],[8.0539,13.0613],[8.0494,13.0579],[8.0511,13.0552],[8.0564,13.0512],[8.0545,13.0452],[8.0565,13.043],[8.0571,13.0395],[8.0594,13.0344],[8.0616,13.0329],[8.0623,13.0274],[8.0642,13.0259],[8.064,13.023],[8.0656,13.0203],[8.0644,13.0159],[8.0648,13.0093],[8.0661,13.0093],[8.0735,13.0077],[8.0831,13.0065],[8.0889,13.0038],[8.0955,13.0055],[8.0983,13.008],[8.0983,13.0129],[8.0996,13.0172],[8.1039,13.0141],[8.108,13.0145],[8.116,13.0141],[8.1206,13.0151],[8.127,13.0126],[8.1295,13.0131],[8.1397,13.0197],[8.1519,13.0283],[8.1605,13.0352]]]},"properties":{"name":"SONKAYA","state":"20","code":"20/27/06"}},{"type":"Feature","geometry":{"type":"Polygon","coordinates":[[[8.0286,13.2297],[8.0359,13.2242],[8.0352,13.2235],[8.0362,13.2167],[8.031,13.2149],[8.0286,13.2096],[8.0268,13.2081],[8.0253,13.2031],[8.0176,13.2006],[8.0164,13.2017],[8.0051,13.1938],[8.007,13.1877],[8.0056,13.1851],[8.0021,13.1842],[8.001,13.1819],[7.998,13.1804],[7.9968,13.1752],[8,13.1659],[8.0002,13.1614],[7.9981,13.1567],[7.9958,13.142],[8.001,13.1377],[8.0026,13.1335],[8.0004,13.1319],[7.9992,13.1253],[7.9964,13.1248],[7.9907,13.1255],[7.9867,13.1231],[7.9874,13.1226],[7.9897,13.1144],[7.9899,13.1111],[7.9957,13.1059],[8.0022,13.1074],[8.0067,13.1138],[8.0071,13.1161],[8.0202,13.1243],[8.0222,13.122],[8.0292,13.1221],[8.032,13.1243],[8.0329,13.127],[8.0291,13.1325],[8.0282,13.135],[8.0242,13.1376],[8.0253,13.1423],[8.031,13.1454],[8.0361,13.1472],[8.0394,13.1475],[8.0431,13.1521],[8.0504,13.1508],[8.0537,13.1528],[8.0582,13.1526],[8.0637,13.1456],[8.0677,13.1473],[8.0762,13.1528],[8.0752,13.1578],[8.0704,13.1636],[8.0723,13.1693],[8.075,13.1734],[8.0787,13.1744],[8.078,13.1797],[8.0819,13.1831],[8.0852,13.1844],[8.0856,13.188],[8.0806,13.1907],[8.0775,13.1899],[8.0732,13.1955],[8.0657,13.2],[8.057,13.2035],[8.0515,13.2075],[8.0437,13.201],[8.0412,13.2008],[8.0385,13.2029],[8.0369,13.2073],[8.0375,13.2127],[8.0396,13.2174],[8.0415,13.2172],[8.0455,13.2197],[8.0487,13.2204],[8.0525,13.2241],[8.0523,13.2291],[8.0592,13.2323],[8.0621,13.2322],[8.0646,13.2362],[8.0578,13.237],[8.0523,13.2436],[8.0464,13.2474],[8.0434,13.2478],[8.0379,13.2434],[8.0349,13.2388],[8.0331,13.233],[8.0286,13.2297]]]},"properties":{"name":"DOGURU 'A'","state":"20","code":"20/27/07"}},{"type":"Feature","geometry":{"type":"Polygon","coordinates":[[[7.9953,13.2254],[7.9925,13.2228],[7.9877,13.2164],[7.9801,13.2142],[7.9789,13.2148],[7.9736,13.2123],[7.9712,13.1885],[7.9695,13.1607],[7.9719,13.1609],[7.9794,13.1565],[7.9877,13.1609],[7.9915,13.1592],[7.9943,13.1597],[7.9981,13.1567],[8.0002,13.1614],[8,13.1659],[7.9968,13.1752],[7.998,13.1804],[8.001,13.1819],[8.0021,13.1842],[8.0056,13.1851],[8.007,13.1877],[8.0051,13.1938],[8.0164,13.2017],[8.0176,13.2006],[8.0253,13.2031],[8.0268,13.2081],[8.0286,13.2096],[8.031,13.2149],[8.0362,13.2167],[8.0352,13.2235],[8.0359,13.2242],[8.0286,13.2297],[8.0263,13.2293],[8.0229,13.2236],[8.018,13.2205],[8.0164,13.2179],[8.0104,13.2139],[8.0081,13.2141],[8.0038,13.2178],[8.0017,13.2183],[7.9978,13.2215],[7.9953,13.2254]]]},"properties":{"name":"DOGURU 'B'","state":"20","code":"20/27/08"}},{"type":"Feature","geometry":{"type":"Polygon","coordinates":[[[8.0648,13.0093],[8.0644,13.0159],[8.0656,13.0203],[8.064,13.023],[8.0642,13.0259],[8.0623,13.0274],[8.0616,13.0329],[8.0594,13.0344],[8.0571,13.0395],[8.0565,13.043],[8.0545,13.0452],[8.0564,13.0512],[8.0511,13.0552],[8.0494,13.0579],[8.0539,13.0613],[8.0551,13.0643],[8.0551,13.0683],[8.0571,13.0713],[8.0623,13.0717],[8.0655,13.0733],[8.0702,13.0734],[8.0722,13.0783],[8.0784,13.0784],[8.0818,13.0809],[8.0827,13.086],[8.0848,13.0898],[8.0825,13.0915],[8.0813,13.095],[8.0828,13.0977],[8.0794,13.1037],[8.0867,13.1135],[8.0842,13.116],[8.0828,13.1237],[8.0794,13.1266],[8.0712,13.1302],[8.0649,13.1269],[8.0601,13.1217],[8.0584,13.1162],[8.0546,13.1116],[8.0528,13.1047],[8.0535,13.1021],[8.0481,13.0999],[8.0463,13.0906],[8.0412,13.0906],[8.039,13.0886],[8.0333,13.0865],[8.0294,13.0877],[8.0243,13.0863],[8.0236,13.0826],[8.0185,13.0814],[8.0121,13.0843],[8.003,13.0783],[8.002,13.0773],[8.0032,13.0698],[8.0059,13.0701],[8.0112,13.0685],[8.0112,13.0629],[8.0085,13.0598],[8.0044,13.0592],[8.0016,13.0522],[8.0021,13.0504],[7.9996,13.0432],[8.0009,13.0371],[7.999,13.0337],[7.9993,13.0284],[7.995,13.0272],[7.9923,13.0249],[7.9922,13.0228],[7.9881,13.0201],[7.9874,13.018],[7.9832,13.0165],[7.9775,13.0227],[7.9751,13.0197],[7.97,13.0166],[7.9681,13.0108],[7.9694,13.0072],[7.9676,13.0011],[7.961,13.0037],[7.9557,13.0008],[7.9542,12.9967],[7.9592,12.9922],[7.9603,12.9887],[7.963,12.9877],[7.9617,12.9823],[7.9621,12.9716],[7.9668,12.9688],[7.9713,12.97],[7.9817,12.967],[7.984,12.9656],[7.9891,12.9666],[7.9905,12.9639],[7.9902,12.9569],[7.9941,12.9525],[7.9995,12.955],[8.0075,12.9565],[8.0097,12.9558],[8.0127,12.9601],[8.0154,12.9617],[8.0196,12.9592],[8.0224,12.9632],[8.0204,12.9768],[8.0249,12.9811],[8.0267,12.9846],[8.0332,12.9843],[8.0351,12.9855],[8.037,12.992],[8.0395,12.9941],[8.0417,12.9999],[8.0448,13.002],[8.0465,13.0047],[8.0521,13.0091],[8.0573,13.0078],[8.0648,13.0093]]]},"properties":{"name":"KARAU","state":"20","code":"20/27/09"}},{"type":"Feature","geometry":{"type":"Polygon","coordinates":[[[7.8901,13.1205],[7.8894,13.1171],[7.8848,13.1124],[7.8834,13.1065],[7.8804,13.1021],[7.8754,13.1031],[7.8696,13.1029],[7.8659,13.0984],[7.8661,13.0954],[7.8594,13.0929],[7.8628,13.0895],[7.8703,13.0858],[7.8684,13.0822],[7.8709,13.0806],[7.8725,13.0771],[7.8714,13.0752],[7.8721,13.071],[7.8694,13.0647],[7.8708,13.0607],[7.8735,13.0603],[7.8803,13.056],[7.8787,13.0497],[7.8831,13.0476],[7.8899,13.0499],[7.8982,13.0459],[7.9022,13.0483],[7.903,13.0541],[7.8971,13.0589],[7.8959,13.0626],[7.8967,13.0659],[7.904,13.0662],[7.9053,13.065],[7.9123,13.0647],[7.9194,13.0681],[7.9247,13.069],[7.9275,13.0716],[7.931,13.0724],[7.9336,13.0763],[7.9334,13.0818],[7.9307,13.0859],[7.9264,13.0906],[7.9256,13.0953],[7.9243,13.0972],[7.9268,13.1002],[7.9286,13.0995],[7.934,13.1022],[7.9398,13.1071],[7.9491,13.105],[7.9559,13.1055],[7.9647,13.0948],[7.9616,13.0893],[7.9585,13.0875],[7.9571,13.0849],[7.9581,13.0788],[7.9506,13.0693],[7.9586,13.0606],[7.9624,13.0555],[7.969,13.0564],[7.9731,13.0583],[7.9728,13.0673],[7.974,13.072],[7.9843,13.0743],[7.9909,13.0715],[7.9976,13.0756],[8.0002,13.0784],[8.003,13.0783],[8.0121,13.0843],[8.0151,13.0936],[8.0147,13.0957],[8.0115,13.1008],[8.0059,13.1038],[8.0022,13.1074],[7.9957,13.1059],[7.9899,13.1111],[7.9897,13.1144],[7.9874,13.1226],[7.9867,13.1231],[7.9845,13.1257],[7.9811,13.1248],[7.9738,13.1257],[7.9631,13.1234],[7.9587,13.1236],[7.9504,13.1223],[7.9453,13.1242],[7.9422,13.1244],[7.9401,13.1294],[7.9405,13.1319],[7.9372,13.1351],[7.9346,13.135],[7.9325,13.1385],[7.9291,13.1403],[7.9204,13.1415],[7.9183,13.1427],[7.9136,13.1402],[7.9034,13.1425],[7.8915,13.1357],[7.8941,13.1324],[7.8976,13.1235],[7.8901,13.1205]]]},"properties":{"name":"TAMILO 'A'","state":"20","code":"20/27/10"}},{"type":"Feature","geometry":{"type":"Polygon","coordinates":[[[7.9183,13.1427],[7.9204,13.1415],[7.9291,13.1403],[7.9325,13.1385],[7.9346,13.135],[7.9372,13.1351],[7.9405,13.1319],[7.9401,13.1294],[7.9422,13.1244],[7.9453,13.1242],[7.9504,13.1223],[7.9587,13.1236],[7.9631,13.1234],[7.9738,13.1257],[7.9811,13.1248],[7.9845,13.1257],[7.9867,13.1231],[7.9907,13.1255],[7.9964,13.1248],[7.9992,13.1253],[8.0004,13.1319],[8.0026,13.1335],[8.001,13.1377],[7.9958,13.142],[7.9981,13.1567],[7.9943,13.1597],[7.9915,13.1592],[7.9877,13.1609],[7.9794,13.1565],[7.9719,13.1609],[7.9695,13.1607],[7.9712,13.1885],[7.9736,13.2123],[7.9789,13.2148],[7.9801,13.2142],[7.9877,13.2164],[7.9925,13.2228],[7.9953,13.2254],[7.9948,13.2285],[7.9953,13.2353],[7.988,13.232],[7.9864,13.2328],[7.9766,13.2334],[7.973,13.2288],[7.9686,13.231],[7.9647,13.2281],[7.959,13.2286],[7.9575,13.2304],[7.9541,13.231],[7.9535,13.2329],[7.9477,13.2364],[7.9445,13.2396],[7.9414,13.236],[7.9447,13.2332],[7.9445,13.2286],[7.9456,13.2219],[7.9456,13.2162],[7.9447,13.2144],[7.9383,13.2129],[7.9373,13.2059],[7.9381,13.2028],[7.9364,13.1996],[7.9385,13.1976],[7.9388,13.193],[7.9402,13.1881],[7.9419,13.1864],[7.9342,13.1793],[7.9318,13.172],[7.928,13.1698],[7.92,13.1704],[7.9172,13.1647],[7.9124,13.1616],[7.9129,13.1566],[7.9155,13.1529],[7.9157,13.1507],[7.9186,13.1455],[7.9183,13.1427]]]},"properties":{"name":"TAMILO 'B'","state":"20","code":"20/27/11"}},{"type":"Feature","geometry":{"type":"Polygon","coordinates":[[[7.7235,12.2438],[7.7203,12.2463],[7.7161,12.2467],[7.7137,12.2493],[7.7107,12.259],[7.7057,12.2576],[7.7017,12.2582],[7.6936,12.2543],[7.6905,12.2518],[7.6903,12.2463],[7.6913,12.2444],[7.6868,12.2397],[7.6805,12.2371],[7.6738,12.2357],[7.6666,12.235],[7.6574,12.2391],[7.6582,12.2422],[7.658,12.2487],[7.6555,12.2501],[7.6499,12.2492],[7.6437,12.2469],[7.6408,12.247],[7.6375,12.2396],[7.6296,12.237],[7.625,12.2375],[7.6292,12.2335],[7.6306,12.2286],[7.625,12.2249],[7.6223,12.2248],[7.621,12.221],[7.6281,12.2227],[7.6294,12.2217],[7.6344,12.2216],[7.6378,12.2239],[7.6433,12.2223],[7.6469,12.2193],[7.6547,12.2196],[7.6612,12.216],[7.6626,12.2102],[7.6672,12.1995],[7.6728,12.1953],[7.6752,12.1963],[7.6795,12.1935],[7.6853,12.1948],[7.6878,12.1988],[7.6955,12.2028],[7.6976,12.2007],[7.7022,12.1989],[7.7054,12.1995],[7.7095,12.202],[7.7146,12.204],[7.7144,12.2075],[7.7114,12.2115],[7.7136,12.2163],[7.7139,12.219],[7.7097,12.2236],[7.7168,12.2326],[7.7133,12.2356],[7.7174,12.237],[7.7171,12.2395],[7.7219,12.2402],[7.7235,12.2438]]]},"properties":{"name":"MATAZU 'A","state":"20","code":"20/28/01"}},{"type":"Feature","geometry":{"type":"Polygon","coordinates":[[[7.7107,12.259],[7.7115,12.2642],[7.7102,12.271],[7.7141,12.2733],[7.7166,12.2786],[7.7189,12.281],[7.7177,12.2859],[7.7182,12.2922],[7.7165,12.2972],[7.7146,12.2962],[7.7063,12.2979],[7.7058,12.2997],[7.7009,12.2993],[7.6987,12.2955],[7.6965,12.2968],[7.6907,12.2946],[7.6879,12.296],[7.682,12.2943],[7.6794,12.2928],[7.6809,12.2899],[7.6789,12.2814],[7.6705,12.2831],[7.6686,12.2857],[7.6624,12.2882],[7.6578,12.2809],[7.6587,12.2758],[7.6576,12.2702],[7.6618,12.2675],[7.6633,12.258],[7.6611,12.2503],[7.658,12.2487],[7.6582,12.2422],[7.6574,12.2391],[7.6666,12.235],[7.6738,12.2357],[7.6805,12.2371],[7.6868,12.2397],[7.6913,12.2444],[7.6903,12.2463],[7.6905,12.2518],[7.6936,12.2543],[7.7017,12.2582],[7.7057,12.2576],[7.7107,12.259]]]},"properties":{"name":"MATAZU 'B'","state":"20","code":"20/28/02"}},{"type":"Feature","geometry":{"type":"Polygon","coordinates":[[[7.5314,12.186],[7.5388,12.1839],[7.5422,12.1777],[7.546,12.1787],[7.5484,12.1809],[7.5522,12.1804],[7.5567,12.1824],[7.5574,12.1846],[7.5624,12.1845],[7.5638,12.1883],[7.5657,12.1891],[7.5762,12.1903],[7.5835,12.1852],[7.5877,12.1853],[7.5904,12.1869],[7.5969,12.1839],[7.5986,12.1819],[7.6026,12.18],[7.6057,12.1764],[7.6122,12.1766],[7.6148,12.178],[7.6191,12.178],[7.624,12.1761],[7.6257,12.1775],[7.6222,12.1801],[7.6163,12.1892],[7.6156,12.1921],[7.6185,12.1949],[7.6156,12.1999],[7.6166,12.2022],[7.6143,12.2071],[7.6118,12.2169],[7.6127,12.222],[7.6183,12.2192],[7.621,12.221],[7.6223,12.2248],[7.625,12.2249],[7.6306,12.2286],[7.6292,12.2335],[7.625,12.2375],[7.6219,12.2379],[7.6192,12.2399],[7.6164,12.244],[7.6129,12.2448],[7.6082,12.2485],[7.6035,12.2476],[7.601,12.246],[7.5981,12.2441],[7.5948,12.2453],[7.5917,12.2449],[7.5882,12.2461],[7.5767,12.2456],[7.5715,12.2481],[7.5675,12.2542],[7.565,12.2562],[7.5589,12.2584],[7.5527,12.2591],[7.5505,12.2577],[7.5427,12.2572],[7.5394,12.254],[7.5381,12.2506],[7.5426,12.2471],[7.5425,12.2445],[7.5396,12.2396],[7.5399,12.2339],[7.5359,12.2302],[7.535,12.2268],[7.5318,12.225],[7.5306,12.2197],[7.5328,12.2163],[7.5336,12.212],[7.5313,12.2073],[7.5304,12.1987],[7.5325,12.1948],[7.5314,12.186]]]},"properties":{"name":"MAZOJI 'A'","state":"20","code":"20/28/03"}},{"type":"Feature","geometry":{"type":"Polygon","coordinates":[[[7.5427,12.2572],[7.5505,12.2577],[7.5527,12.2591],[7.5589,12.2584],[7.565,12.2562],[7.5675,12.2542],[7.5715,12.2481],[7.5767,12.2456],[7.5882,12.2461],[7.5917,12.2449],[7.5948,12.2453],[7.5981,12.2441],[7.601,12.246],[7.602,12.2548],[7.6013,12.2587],[7.5958,12.2638],[7.5906,12.2764],[7.5876,12.2755],[7.5834,12.2801],[7.5821,12.2863],[7.5844,12.2902],[7.5725,12.2936],[7.5681,12.2926],[7.5641,12.2959],[7.5649,12.299],[7.5637,12.3053],[7.5578,12.3087],[7.5445,12.3202],[7.5386,12.3174],[7.5252,12.3095],[7.526,12.3044],[7.5306,12.3001],[7.5332,12.2941],[7.5346,12.2874],[7.5411,12.2831],[7.5417,12.2755],[7.5383,12.2677],[7.54,12.2635],[7.5429,12.2597],[7.5427,12.2572]]]},"properties":{"name":"MAZOJI 'B'","state":"20","code":"20/28/04"}},{"type":"Feature","geometry":{"type":"Polygon","coordinates":[[[7.5915,12.3549],[7.5843,12.3487],[7.5756,12.3478],[7.5699,12.346],[7.5668,12.3473],[7.5652,12.3494],[7.5613,12.3489],[7.5489,12.3554],[7.5464,12.3552],[7.5396,12.3595],[7.5327,12.3611],[7.5241,12.3617],[7.5199,12.3641],[7.5115,12.3673],[7.5107,12.365],[7.5163,12.3456],[7.5188,12.3429],[7.5205,12.3393],[7.5199,12.3367],[7.5165,12.3313],[7.5177,12.3294],[7.5178,12.3221],[7.5257,12.3179],[7.5244,12.3103],[7.5252,12.3095],[7.5386,12.3174],[7.5445,12.3202],[7.5578,12.3087],[7.5637,12.3053],[7.5649,12.299],[7.5641,12.2959],[7.5681,12.2926],[7.5725,12.2936],[7.5844,12.2902],[7.5821,12.2863],[7.5834,12.2801],[7.5876,12.2755],[7.5906,12.2764],[7.5958,12.2638],[7.6013,12.2587],[7.602,12.2548],[7.601,12.246],[7.6035,12.2476],[7.6082,12.2485],[7.6129,12.2448],[7.6164,12.244],[7.6192,12.2399],[7.6219,12.2379],[7.625,12.2375],[7.6296,12.237],[7.6375,12.2396],[7.6408,12.247],[7.6437,12.2469],[7.6499,12.2492],[7.6555,12.2501],[7.658,12.2487],[7.6611,12.2503],[7.6633,12.258],[7.6618,12.2675],[7.6576,12.2702],[7.6587,12.2758],[7.6578,12.2809],[7.6624,12.2882],[7.6686,12.2857],[7.6705,12.2831],[7.6789,12.2814],[7.6809,12.2899],[7.6794,12.2928],[7.6753,12.2939],[7.6728,12.296],[7.6732,12.3011],[7.6687,12.303],[7.6675,12.3074],[7.6712,12.3102],[7.667,12.3128],[7.6636,12.3177],[7.6701,12.3263],[7.6692,12.328],[7.6726,12.3321],[7.6779,12.3346],[7.6746,12.3361],[7.6702,12.3404],[7.667,12.3408],[7.6593,12.3479],[7.6555,12.3483],[7.6428,12.3485],[7.6393,12.3451],[7.6353,12.3448],[7.6323,12.3476],[7.6282,12.3478],[7.6242,12.3495],[7.6175,12.3489],[7.6169,12.3477],[7.6107,12.3429],[7.6095,12.343],[7.6054,12.3479],[7.602,12.3485],[7.6018,12.353],[7.597,12.355],[7.5915,12.3549]]]},"properties":{"name":"SAYAYA","state":"20","code":"20/28/05"}},{"type":"Feature","geometry":{"type":"Polygon","coordinates":[[[7.789,12.2696],[7.7868,12.2646],[7.7791,12.2629],[7.774,12.2641],[7.7692,12.2704],[7.7634,12.2702],[7.7575,12.2738],[7.7534,12.2692],[7.749,12.2658],[7.7478,12.2608],[7.7454,12.2575],[7.7419,12.2564],[7.7382,12.2526],[7.7324,12.25],[7.7289,12.2437],[7.7235,12.2438],[7.7219,12.2402],[7.7171,12.2395],[7.7174,12.237],[7.7133,12.2356],[7.7168,12.2326],[7.7097,12.2236],[7.7139,12.219],[7.7136,12.2163],[7.7114,12.2115],[7.7144,12.2075],[7.7146,12.204],[7.7192,12.2037],[7.7221,12.195],[7.7253,12.1937],[7.7234,12.1898],[7.7237,12.1819],[7.7351,12.1853],[7.7413,12.188],[7.743,12.1916],[7.7477,12.1935],[7.7562,12.1931],[7.7594,12.1949],[7.7632,12.1996],[7.7648,12.1997],[7.7722,12.2042],[7.7725,12.2063],[7.7756,12.2118],[7.7814,12.2109],[7.7838,12.2096],[7.7879,12.2105],[7.7921,12.2094],[7.7964,12.2116],[7.7978,12.2139],[7.7951,12.2221],[7.7851,12.2283],[7.7796,12.2306],[7.7757,12.2359],[7.7757,12.2407],[7.7779,12.243],[7.7786,12.2475],[7.7824,12.2515],[7.7861,12.2541],[7.788,12.2539],[7.7988,12.2665],[7.7942,12.2692],[7.789,12.2696]]]},"properties":{"name":"KOGARI","state":"20","code":"20/28/06"}},{"type":"Feature","geometry":{"type":"Polygon","coordinates":[[[7.5138,12.1039],[7.518,12.0995],[7.525,12.1018],[7.5311,12.0991],[7.5343,12.101],[7.5365,12.1063],[7.5426,12.1073],[7.5503,12.1067],[7.5531,12.1103],[7.5542,12.118],[7.5551,12.1195],[7.5533,12.1291],[7.5613,12.1289],[7.564,12.1239],[7.5709,12.1295],[7.5686,12.1335],[7.5694,12.136],[7.5732,12.1387],[7.5739,12.1406],[7.5724,12.1485],[7.5767,12.1511],[7.5798,12.1555],[7.5856,12.1601],[7.5943,12.1594],[7.5941,12.1543],[7.5976,12.1439],[7.6031,12.1441],[7.6044,12.146],[7.6116,12.1459],[7.6137,12.1507],[7.6185,12.1503],[7.6199,12.1474],[7.624,12.1426],[7.631,12.1426],[7.6335,12.1442],[7.6327,12.1469],[7.6258,12.1537],[7.6235,12.1552],[7.6239,12.1608],[7.6257,12.1655],[7.6251,12.167],[7.6256,12.1738],[7.6266,12.1757],[7.6257,12.1775],[7.624,12.1761],[7.6191,12.178],[7.6148,12.178],[7.6122,12.1766],[7.6057,12.1764],[7.6026,12.18],[7.5986,12.1819],[7.5969,12.1839],[7.5904,12.1869],[7.5877,12.1853],[7.5835,12.1852],[7.5762,12.1903],[7.5657,12.1891],[7.5638,12.1883],[7.5624,12.1845],[7.5574,12.1846],[7.5567,12.1824],[7.5522,12.1804],[7.5484,12.1809],[7.546,12.1787],[7.5422,12.1777],[7.5388,12.1839],[7.5314,12.186],[7.5303,12.1833],[7.5306,12.1796],[7.5336,12.1734],[7.5295,12.1657],[7.5293,12.1599],[7.5316,12.1555],[7.5331,12.1547],[7.5378,12.1482],[7.5413,12.1471],[7.544,12.1415],[7.5473,12.1389],[7.5506,12.1306],[7.5465,12.1276],[7.5446,12.128],[7.5331,12.128],[7.5344,12.1253],[7.5324,12.119],[7.5278,12.1161],[7.5264,12.1122],[7.5212,12.1068],[7.5138,12.1039]]]},"properties":{"name":"GWARJO","state":"20","code":"20/28/07"}},{"type":"Feature","geometry":{"type":"Polygon","coordinates":[[[7.7077,12.3104],[7.7036,12.3113],[7.6994,12.3135],[7.6944,12.3187],[7.6861,12.3211],[7.679,12.3249],[7.6797,12.3319],[7.6779,12.3346],[7.6726,12.3321],[7.6692,12.328],[7.6701,12.3263],[7.6636,12.3177],[7.667,12.3128],[7.6712,12.3102],[7.6675,12.3074],[7.6687,12.303],[7.6732,12.3011],[7.6728,12.296],[7.6753,12.2939],[7.6794,12.2928],[7.682,12.2943],[7.6879,12.296],[7.6907,12.2946],[7.6965,12.2968],[7.6987,12.2955],[7.7009,12.2993],[7.7058,12.2997],[7.7063,12.2979],[7.7146,12.2962],[7.7165,12.2972],[7.7182,12.2922],[7.7177,12.2859],[7.7189,12.281],[7.7166,12.2786],[7.7141,12.2733],[7.7102,12.271],[7.7115,12.2642],[7.7107,12.259],[7.7137,12.2493],[7.7161,12.2467],[7.7203,12.2463],[7.7235,12.2438],[7.7289,12.2437],[7.7324,12.25],[7.7382,12.2526],[7.7419,12.2564],[7.7454,12.2575],[7.7478,12.2608],[7.749,12.2658],[7.7534,12.2692],[7.7575,12.2738],[7.7634,12.2702],[7.7692,12.2704],[7.774,12.2641],[7.7791,12.2629],[7.7868,12.2646],[7.789,12.2696],[7.786,12.2734],[7.7858,12.282],[7.7807,12.285],[7.7788,12.2917],[7.7743,12.296],[7.7731,12.3022],[7.7659,12.3031],[7.761,12.3044],[7.758,12.3028],[7.7489,12.3047],[7.7437,12.307],[7.7416,12.3071],[7.7355,12.3028],[7.729,12.3033],[7.7172,12.3031],[7.7162,12.3057],[7.7102,12.3069],[7.7077,12.3104]]]},"properties":{"name":"KARADUWA","state":"20","code":"20/28/08"}},{"type":"Feature","geometry":{"type":"Polygon","coordinates":[[[7.6795,12.1935],[7.6773,12.1867],[7.6737,12.1836],[7.6706,12.1839],[7.6693,12.1879],[7.6658,12.1919],[7.6587,12.1954],[7.6529,12.1884],[7.6551,12.1878],[7.6562,12.185],[7.6542,12.1829],[7.6534,12.1792],[7.6562,12.1761],[7.6587,12.1761],[7.6587,12.1727],[7.6621,12.1731],[7.6628,12.168],[7.6606,12.1656],[7.6604,12.1603],[7.6578,12.1587],[7.6517,12.1611],[7.6495,12.1608],[7.6461,12.1635],[7.6404,12.164],[7.6387,12.1704],[7.6329,12.1737],[7.6266,12.1757],[7.6256,12.1738],[7.6251,12.167],[7.6257,12.1655],[7.6239,12.1608],[7.6235,12.1552],[7.6258,12.1537],[7.6327,12.1469],[7.6335,12.1442],[7.6353,12.1432],[7.6399,12.1439],[7.6457,12.1488],[7.6573,12.1478],[7.6592,12.1448],[7.6705,12.1526],[7.6677,12.1586],[7.6672,12.1658],[7.6731,12.1688],[7.6791,12.1668],[7.6813,12.168],[7.6855,12.1668],[7.6927,12.1557],[7.696,12.1524],[7.6984,12.1541],[7.7027,12.1548],[7.7089,12.1608],[7.7145,12.163],[7.7139,12.1665],[7.7162,12.1689],[7.7169,12.1741],[7.7199,12.1775],[7.7205,12.1811],[7.7237,12.1819],[7.7234,12.1898],[7.7253,12.1937],[7.7221,12.195],[7.7192,12.2037],[7.7146,12.204],[7.7095,12.202],[7.7054,12.1995],[7.7022,12.1989],[7.6976,12.2007],[7.6955,12.2028],[7.6878,12.1988],[7.6853,12.1948],[7.6795,12.1935]]]},"properties":{"name":"DISSI","state":"20","code":"20/28/09"}},{"type":"Feature","geometry":{"type":"Polygon","coordinates":[[[7.621,12.221],[7.6183,12.2192],[7.6127,12.222],[7.6118,12.2169],[7.6143,12.2071],[7.6166,12.2022],[7.6156,12.1999],[7.6185,12.1949],[7.6156,12.1921],[7.6163,12.1892],[7.6222,12.1801],[7.6257,12.1775],[7.6266,12.1757],[7.6329,12.1737],[7.6387,12.1704],[7.6404,12.164],[7.6461,12.1635],[7.6495,12.1608],[7.6517,12.1611],[7.6578,12.1587],[7.6604,12.1603],[7.6606,12.1656],[7.6628,12.168],[7.6621,12.1731],[7.6587,12.1727],[7.6587,12.1761],[7.6562,12.1761],[7.6534,12.1792],[7.6542,12.1829],[7.6562,12.185],[7.6551,12.1878],[7.6529,12.1884],[7.6587,12.1954],[7.6658,12.1919],[7.6693,12.1879],[7.6706,12.1839],[7.6737,12.1836],[7.6773,12.1867],[7.6795,12.1935],[7.6752,12.1963],[7.6728,12.1953],[7.6672,12.1995],[7.6626,12.2102],[7.6612,12.216],[7.6547,12.2196],[7.6469,12.2193],[7.6433,12.2223],[7.6378,12.2239],[7.6344,12.2216],[7.6294,12.2217],[7.6281,12.2227],[7.621,12.221]]]},"properties":{"name":"RINJIN IDI","state":"20","code":"20/28/10"}},{"type":"Feature","geometry":{"type":"Polygon","coordinates":[[[7.6659,12.0623],[7.6728,12.0671],[7.6806,12.0717],[7.6826,12.0803],[7.6846,12.0836],[7.6853,12.0873],[7.6836,12.0926],[7.6834,12.1021],[7.6845,12.1047],[7.6779,12.109],[7.6781,12.114],[7.6817,12.1147],[7.6853,12.1131],[7.6871,12.1204],[7.6927,12.1213],[7.6952,12.1228],[7.6991,12.1272],[7.6971,12.1352],[7.6942,12.1427],[7.6947,12.1499],[7.696,12.1524],[7.6927,12.1557],[7.6855,12.1668],[7.6813,12.168],[7.6791,12.1668],[7.6731,12.1688],[7.6672,12.1658],[7.6677,12.1586],[7.6705,12.1526],[7.6592,12.1448],[7.6573,12.1478],[7.6457,12.1488],[7.6399,12.1439],[7.6353,12.1432],[7.6335,12.1442],[7.631,12.1426],[7.624,12.1426],[7.623,12.1414],[7.6229,12.1351],[7.6206,12.1283],[7.6199,12.1234],[7.6225,12.1204],[7.6298,12.1176],[7.6288,12.1147],[7.6305,12.1128],[7.6292,12.1106],[7.6306,12.1079],[7.6237,12.1078],[7.6235,12.1031],[7.6202,12.0975],[7.6209,12.0921],[7.6253,12.0895],[7.6274,12.085],[7.6261,12.0764],[7.626,12.0734],[7.6305,12.0706],[7.6325,12.0682],[7.627,12.0608],[7.6293,12.0528],[7.6259,12.0516],[7.6184,12.0533],[7.6154,12.0501],[7.6186,12.047],[7.6221,12.0461],[7.6252,12.0433],[7.6275,12.0451],[7.6316,12.0456],[7.6355,12.0427],[7.6403,12.0541],[7.6452,12.0515],[7.6499,12.0559],[7.6488,12.0582],[7.6524,12.0635],[7.66,12.0618],[7.6659,12.0623]]]},"properties":{"name":"MUSAWA","state":"20","code":"20/29/01"}},{"type":"Feature","geometry":{"type":"Polygon","coordinates":[[[7.7351,12.1853],[7.7379,12.1836],[7.7397,12.1783],[7.7428,12.1753],[7.7498,12.1722],[7.7474,12.1666],[7.7496,12.1629],[7.7469,12.1574],[7.7471,12.1545],[7.7455,12.152],[7.7474,12.1517],[7.7527,12.1447],[7.756,12.1455],[7.7591,12.1444],[7.7719,12.1426],[7.7775,12.1458],[7.7819,12.1469],[7.7854,12.1539],[7.7864,12.1578],[7.79,12.1582],[7.791,12.1602],[7.7883,12.1618],[7.7901,12.1681],[7.7878,12.1689],[7.7871,12.1716],[7.7827,12.1711],[7.7806,12.1744],[7.7798,12.1811],[7.7822,12.1833],[7.78,12.1854],[7.7773,12.1908],[7.785,12.1927],[7.7835,12.197],[7.7924,12.2017],[7.7921,12.2094],[7.7879,12.2105],[7.7838,12.2096],[7.7814,12.2109],[7.7756,12.2118],[7.7725,12.2063],[7.7722,12.2042],[7.7648,12.1997],[7.7632,12.1996],[7.7594,12.1949],[7.7562,12.1931],[7.7477,12.1935],[7.743,12.1916],[7.7413,12.188],[7.7351,12.1853]]]},"properties":{"name":"JIKAMSHI","state":"20","code":"20/29/02"}},{"type":"Feature","geometry":{"type":"Polygon","coordinates":[[[7.7324,12.0601],[7.7339,12.0647],[7.7295,12.0669],[7.7255,12.0651],[7.7199,12.0705],[7.7122,12.0702],[7.7128,12.0754],[7.7161,12.0782],[7.7198,12.0841],[7.7174,12.0866],[7.7171,12.0905],[7.7153,12.0962],[7.712,12.1028],[7.7107,12.1139],[7.7125,12.1182],[7.7167,12.1166],[7.7202,12.1211],[7.7235,12.1186],[7.7279,12.1209],[7.7337,12.1201],[7.7358,12.1228],[7.7356,12.1269],[7.7321,12.1318],[7.7354,12.1388],[7.7429,12.1379],[7.7409,12.1483],[7.7437,12.1519],[7.7455,12.152],[7.7471,12.1545],[7.7469,12.1574],[7.7496,12.1629],[7.7474,12.1666],[7.7498,12.1722],[7.7428,12.1753],[7.7397,12.1783],[7.7379,12.1836],[7.7351,12.1853],[7.7237,12.1819],[7.7205,12.1811],[7.7199,12.1775],[7.7169,12.1741],[7.7162,12.1689],[7.7139,12.1665],[7.7145,12.163],[7.7089,12.1608],[7.7027,12.1548],[7.6984,12.1541],[7.696,12.1524],[7.6947,12.1499],[7.6942,12.1427],[7.6971,12.1352],[7.6991,12.1272],[7.6952,12.1228],[7.6927,12.1213],[7.6871,12.1204],[7.6853,12.1131],[7.6817,12.1147],[7.6781,12.114],[7.6779,12.109],[7.6845,12.1047],[7.6834,12.1021],[7.6836,12.0926],[7.6853,12.0873],[7.6846,12.0836],[7.6826,12.0803],[7.6806,12.0717],[7.6728,12.0671],[7.6659,12.0623],[7.6674,12.0613],[7.6696,12.0556],[7.6711,12.0538],[7.6712,12.0473],[7.6758,12.0504],[7.6777,12.05],[7.6842,12.0516],[7.6856,12.0459],[7.6932,12.0439],[7.6957,12.0423],[7.7072,12.0419],[7.7095,12.0504],[7.7109,12.0587],[7.7144,12.0603],[7.7199,12.0616],[7.7279,12.0614],[7.7324,12.0601]]]},"properties":{"name":"DANJANKU/KARACHI","state":"20","code":"20/29/03"}},{"type":"Feature","geometry":{"type":"Polygon","coordinates":[[[7.8628,12.1969],[7.8604,12.1993],[7.8517,12.2049],[7.8418,12.2058],[7.84,12.2012],[7.8357,12.1969],[7.8317,12.2002],[7.8261,12.2003],[7.8204,12.1994],[7.8189,12.203],[7.8161,12.2058],[7.8187,12.2111],[7.8159,12.2152],[7.812,12.2125],[7.8059,12.2143],[7.7986,12.2152],[7.7978,12.2139],[7.7964,12.2116],[7.7921,12.2094],[7.7924,12.2017],[7.7835,12.197],[7.785,12.1927],[7.7773,12.1908],[7.78,12.1854],[7.7822,12.1833],[7.7798,12.1811],[7.7806,12.1744],[7.7827,12.1711],[7.7871,12.1716],[7.7878,12.1689],[7.7901,12.1681],[7.7883,12.1618],[7.791,12.1602],[7.79,12.1582],[7.7948,12.1575],[7.7982,12.1603],[7.7996,12.1587],[7.8119,12.1563],[7.8137,12.1507],[7.8157,12.1424],[7.8129,12.1376],[7.8155,12.1326],[7.82,12.1285],[7.8183,12.1224],[7.8186,12.1188],[7.8239,12.12],[7.8344,12.1236],[7.8393,12.1264],[7.842,12.1313],[7.8461,12.1432],[7.8519,12.1473],[7.8552,12.148],[7.8566,12.1508],[7.8543,12.1567],[7.8585,12.1593],[7.86,12.1627],[7.8596,12.1695],[7.8558,12.1728],[7.8556,12.1761],[7.8595,12.1788],[7.86,12.1815],[7.8616,12.1892],[7.861,12.1933],[7.8628,12.1969]]]},"properties":{"name":"KIRA","state":"20","code":"20/29/04"}},{"type":"Feature","geometry":{"type":"Polygon","coordinates":[[[7.8777,12.0214],[7.8795,12.0233],[7.885,12.0243],[7.886,12.0284],[7.8804,12.031],[7.8749,12.036],[7.8798,12.0443],[7.8777,12.0502],[7.8757,12.0616],[7.8756,12.0651],[7.8724,12.0757],[7.8682,12.0826],[7.8699,12.0864],[7.8698,12.0902],[7.867,12.0931],[7.8695,12.0963],[7.8673,12.1014],[7.8676,12.1042],[7.8699,12.1098],[7.8713,12.1128],[7.8696,12.1155],[7.8642,12.1183],[7.8632,12.1216],[7.8632,12.132],[7.8648,12.1349],[7.8655,12.14],[7.8628,12.141],[7.8595,12.1444],[7.8571,12.1451],[7.8552,12.148],[7.8519,12.1473],[7.8461,12.1432],[7.842,12.1313],[7.8393,12.1264],[7.8344,12.1236],[7.8239,12.12],[7.8253,12.115],[7.8337,12.1114],[7.8375,12.112],[7.841,12.1082],[7.8432,12.1026],[7.8395,12.0964],[7.8373,12.0954],[7.8359,12.0917],[7.8318,12.087],[7.8238,12.0838],[7.8218,12.0844],[7.8189,12.079],[7.8155,12.0668],[7.8147,12.0578],[7.8179,12.0565],[7.8189,12.0497],[7.8149,12.0458],[7.8172,12.0428],[7.8243,12.0434],[7.8295,12.0396],[7.8311,12.0399],[7.8359,12.0367],[7.8399,12.0358],[7.8385,12.027],[7.8344,12.0205],[7.8348,12.0165],[7.8377,12.0105],[7.8448,12.0147],[7.8478,12.0157],[7.8528,12.0125],[7.8576,12.0119],[7.8614,12.013],[7.8731,12.0141],[7.8747,12.0182],[7.8777,12.0214]]]},"properties":{"name":"YARADAU/TABANNI","state":"20","code":"20/29/05"}},{"type":"Feature","geometry":{"type":"Polygon","coordinates":[[[7.5764,11.958],[7.5816,11.9572],[7.591,11.9592],[7.5959,11.9586],[7.6003,11.962],[7.6022,11.9711],[7.6043,11.9749],[7.6097,11.9788],[7.6104,11.9855],[7.6133,11.9866],[7.6164,11.9929],[7.6137,11.9964],[7.6146,12.0005],[7.6188,12.0048],[7.6206,12.0095],[7.6187,12.0122],[7.6148,12.0147],[7.6107,12.0199],[7.6079,12.0222],[7.6081,12.0303],[7.6093,12.035],[7.6126,12.0391],[7.6112,12.0405],[7.612,12.0443],[7.6154,12.0501],[7.6184,12.0533],[7.6259,12.0516],[7.6293,12.0528],[7.627,12.0608],[7.6325,12.0682],[7.6305,12.0706],[7.626,12.0734],[7.6261,12.0764],[7.6183,12.0758],[7.6113,12.082],[7.6089,12.0834],[7.603,12.0785],[7.5974,12.075],[7.5901,12.0734],[7.5937,12.0673],[7.5932,12.0631],[7.5942,12.0583],[7.5925,12.0533],[7.5932,12.0491],[7.5921,12.042],[7.594,12.0405],[7.5921,12.0379],[7.5856,12.0341],[7.5829,12.0353],[7.5786,12.0343],[7.5768,12.0318],[7.5725,12.0295],[7.5653,12.0317],[7.5634,12.0297],[7.5626,12.0257],[7.5633,12.022],[7.5611,12.0214],[7.5602,12.0187],[7.5532,12.0158],[7.5475,12.0169],[7.5435,12.0143],[7.5463,12.0109],[7.5456,12.0045],[7.5437,12.0007],[7.5403,11.9984],[7.5389,11.9953],[7.535,11.9925],[7.53,11.9908],[7.5268,11.9924],[7.5225,11.9915],[7.518,11.9871],[7.5158,11.982],[7.51,11.9749],[7.5147,11.9733],[7.515,11.9711],[7.5192,11.9692],[7.5206,11.9656],[7.5255,11.9645],[7.5285,11.9641],[7.5304,11.966],[7.5357,11.9649],[7.5369,11.9611],[7.5397,11.9631],[7.5447,11.9627],[7.5494,11.96],[7.5524,11.9616],[7.555,11.961],[7.5573,11.9585],[7.5599,11.9616],[7.5624,11.9614],[7.5648,11.9633],[7.5712,11.9591],[7.5764,11.958]]]},"properties":{"name":"TUGE","state":"20","code":"20/29/06"}},{"type":"Feature","geometry":{"type":"Polygon","coordinates":[[[7.8344,12.0205],[7.8385,12.027],[7.8399,12.0358],[7.8359,12.0367],[7.8311,12.0399],[7.8295,12.0396],[7.8243,12.0434],[7.8172,12.0428],[7.8149,12.0458],[7.8189,12.0497],[7.8179,12.0565],[7.8147,12.0578],[7.8155,12.0668],[7.8189,12.079],[7.8218,12.0844],[7.8238,12.0838],[7.8318,12.087],[7.8359,12.0917],[7.8373,12.0954],[7.8395,12.0964],[7.8432,12.1026],[7.841,12.1082],[7.8375,12.112],[7.8337,12.1114],[7.8253,12.115],[7.8239,12.12],[7.8186,12.1188],[7.8154,12.1149],[7.8122,12.113],[7.8104,12.1139],[7.8048,12.1121],[7.8014,12.1085],[7.7981,12.1086],[7.7902,12.1046],[7.7862,12.0972],[7.7869,12.0938],[7.7906,12.0948],[7.7918,12.0918],[7.7917,12.0882],[7.7949,12.084],[7.7982,12.0836],[7.7996,12.0774],[7.802,12.0769],[7.8016,12.0729],[7.8,12.0712],[7.799,12.067],[7.796,12.0656],[7.7933,12.0664],[7.7895,12.065],[7.7876,12.0693],[7.7855,12.0706],[7.782,12.0695],[7.779,12.0716],[7.7812,12.0738],[7.7839,12.0814],[7.7818,12.0847],[7.7795,12.0843],[7.7737,12.0856],[7.7717,12.0884],[7.7608,12.0887],[7.7556,12.0863],[7.7565,12.0844],[7.7559,12.0781],[7.7503,12.0718],[7.7475,12.0702],[7.7431,12.0708],[7.7364,12.0678],[7.7339,12.0647],[7.7324,12.0601],[7.7309,12.0562],[7.728,12.0545],[7.7251,12.0506],[7.7258,12.0468],[7.7317,12.0434],[7.7311,12.0391],[7.7224,12.0324],[7.728,12.0265],[7.7314,12.0254],[7.7335,12.0226],[7.7375,12.0203],[7.7394,12.0174],[7.7394,12.0141],[7.741,12.0077],[7.7426,12.006],[7.7488,12.0071],[7.7542,12.0056],[7.7567,12.0032],[7.7615,12.0032],[7.7641,12.005],[7.7655,12.0086],[7.7728,12.0121],[7.7775,12.0107],[7.7815,12.0106],[7.7865,12.0118],[7.7925,12.0167],[7.7981,12.0175],[7.7975,12.015],[7.8023,12.0159],[7.8089,12.0142],[7.8096,12.0206],[7.8192,12.0181],[7.8254,12.0217],[7.829,12.0206],[7.8344,12.0205]]]},"properties":{"name":"GINGIN","state":"20","code":"20/29/07"}},{"type":"Feature","geometry":{"type":"Polygon","coordinates":[[[7.7719,12.1426],[7.7712,12.1409],[7.7719,12.1353],[7.7691,12.1331],[7.7681,12.1297],[7.7704,12.1243],[7.7665,12.1163],[7.7648,12.1069],[7.7613,12.1052],[7.7596,12.0991],[7.7597,12.0963],[7.7615,12.092],[7.7608,12.0887],[7.7717,12.0884],[7.7737,12.0856],[7.7795,12.0843],[7.7818,12.0847],[7.7839,12.0814],[7.7812,12.0738],[7.779,12.0716],[7.782,12.0695],[7.7855,12.0706],[7.7876,12.0693],[7.7895,12.065],[7.7933,12.0664],[7.796,12.0656],[7.799,12.067],[7.8,12.0712],[7.8016,12.0729],[7.802,12.0769],[7.7996,12.0774],[7.7982,12.0836],[7.7949,12.084],[7.7917,12.0882],[7.7918,12.0918],[7.7906,12.0948],[7.7869,12.0938],[7.7862,12.0972],[7.7902,12.1046],[7.7981,12.1086],[7.8014,12.1085],[7.8048,12.1121],[7.8104,12.1139],[7.8122,12.113],[7.8154,12.1149],[7.8186,12.1188],[7.8183,12.1224],[7.82,12.1285],[7.8155,12.1326],[7.8129,12.1376],[7.8157,12.1424],[7.8137,12.1507],[7.8119,12.1563],[7.7996,12.1587],[7.7982,12.1603],[7.7948,12.1575],[7.79,12.1582],[7.7864,12.1578],[7.7854,12.1539],[7.7819,12.1469],[7.7775,12.1458],[7.7719,12.1426]]]},"properties":{"name":"KURKUJAN 'A'","state":"20","code":"20/29/08"}},{"type":"Feature","geometry":{"type":"Polygon","coordinates":[[[7.5096,12.0721],[7.5125,12.0584],[7.5107,12.0544],[7.5101,12.0494],[7.5111,12.0479],[7.5038,12.0414],[7.5066,12.0379],[7.5121,12.0326],[7.5183,12.0343],[7.5224,12.0366],[7.524,12.0403],[7.5307,12.0416],[7.5323,12.0458],[7.5358,12.0464],[7.5405,12.0486],[7.5445,12.0461],[7.5564,12.045],[7.5558,12.0366],[7.5547,12.0324],[7.5591,12.0316],[7.5634,12.0297],[7.5653,12.0317],[7.5725,12.0295],[7.5768,12.0318],[7.5786,12.0343],[7.5829,12.0353],[7.5856,12.0341],[7.5921,12.0379],[7.594,12.0405],[7.5921,12.042],[7.5932,12.0491],[7.5925,12.0533],[7.5942,12.0583],[7.5932,12.0631],[7.5937,12.0673],[7.5901,12.0734],[7.5974,12.075],[7.603,12.0785],[7.6089,12.0834],[7.6113,12.082],[7.6183,12.0758],[7.6261,12.0764],[7.6274,12.085],[7.6253,12.0895],[7.6209,12.0921],[7.6202,12.0975],[7.6235,12.1031],[7.6237,12.1078],[7.6306,12.1079],[7.6292,12.1106],[7.6305,12.1128],[7.6288,12.1147],[7.6298,12.1176],[7.6225,12.1204],[7.6199,12.1234],[7.6206,12.1283],[7.6229,12.1351],[7.623,12.1414],[7.624,12.1426],[7.6199,12.1474],[7.6185,12.1503],[7.6137,12.1507],[7.6116,12.1459],[7.6044,12.146],[7.6031,12.1441],[7.5976,12.1439],[7.5941,12.1543],[7.5943,12.1594],[7.5856,12.1601],[7.5798,12.1555],[7.5767,12.1511],[7.5724,12.1485],[7.5739,12.1406],[7.5732,12.1387],[7.5694,12.136],[7.5686,12.1335],[7.5709,12.1295],[7.564,12.1239],[7.5613,12.1289],[7.5533,12.1291],[7.5551,12.1195],[7.5542,12.118],[7.5531,12.1103],[7.5503,12.1067],[7.5426,12.1073],[7.5365,12.1063],[7.5343,12.101],[7.5311,12.0991],[7.525,12.1018],[7.518,12.0995],[7.5138,12.1039],[7.51,12.1053],[7.5089,12.1036],[7.5019,12.0994],[7.503,12.09],[7.506,12.0862],[7.5071,12.0821],[7.507,12.0776],[7.5096,12.0721]]]},"properties":{"name":"DANGANI","state":"20","code":"20/29/09"}},{"type":"Feature","geometry":{"type":"Polygon","coordinates":[[[7.8632,12.2326],[7.8575,12.2322],[7.8561,12.2331],[7.8559,12.2383],[7.8534,12.2418],[7.8477,12.2436],[7.8454,12.2471],[7.842,12.2485],[7.8378,12.248],[7.8363,12.2547],[7.8343,12.2575],[7.832,12.2633],[7.8285,12.2661],[7.8251,12.2651],[7.8205,12.2666],[7.8126,12.2624],[7.8082,12.2645],[7.7988,12.2665],[7.788,12.2539],[7.7861,12.2541],[7.7824,12.2515],[7.7786,12.2475],[7.7779,12.243],[7.7757,12.2407],[7.7757,12.2359],[7.7796,12.2306],[7.7851,12.2283],[7.7951,12.2221],[7.7978,12.2139],[7.7986,12.2152],[7.8059,12.2143],[7.812,12.2125],[7.8159,12.2152],[7.8187,12.2111],[7.8161,12.2058],[7.8189,12.203],[7.8204,12.1994],[7.8261,12.2003],[7.8317,12.2002],[7.8357,12.1969],[7.84,12.2012],[7.8418,12.2058],[7.8517,12.2049],[7.8604,12.1993],[7.8628,12.1969],[7.8643,12.2015],[7.8644,12.2097],[7.8696,12.216],[7.8708,12.2237],[7.8675,12.2266],[7.8632,12.2326]]]},"properties":{"name":"GARU","state":"20","code":"20/29/10"}},{"type":"Feature","geometry":{"type":"Polygon","coordinates":[[[7.7455,12.152],[7.7437,12.1519],[7.7409,12.1483],[7.7429,12.1379],[7.7354,12.1388],[7.7321,12.1318],[7.7356,12.1269],[7.7358,12.1228],[7.7337,12.1201],[7.7279,12.1209],[7.7235,12.1186],[7.7202,12.1211],[7.7167,12.1166],[7.7125,12.1182],[7.7107,12.1139],[7.712,12.1028],[7.7153,12.0962],[7.7171,12.0905],[7.7174,12.0866],[7.7198,12.0841],[7.7161,12.0782],[7.7128,12.0754],[7.7122,12.0702],[7.7199,12.0705],[7.7255,12.0651],[7.7295,12.0669],[7.7339,12.0647],[7.7364,12.0678],[7.7431,12.0708],[7.7475,12.0702],[7.7503,12.0718],[7.7559,12.0781],[7.7565,12.0844],[7.7556,12.0863],[7.7608,12.0887],[7.7615,12.092],[7.7597,12.0963],[7.7596,12.0991],[7.7613,12.1052],[7.7648,12.1069],[7.7665,12.1163],[7.7704,12.1243],[7.7681,12.1297],[7.7691,12.1331],[7.7719,12.1353],[7.7712,12.1409],[7.7719,12.1426],[7.7591,12.1444],[7.756,12.1455],[7.7527,12.1447],[7.7474,12.1517],[7.7455,12.152]]]},"properties":{"name":"KURKUJAN 'B'","state":"20","code":"20/29/11"}},{"type":"Feature","geometry":{"type":"Polygon","coordinates":[[[7.6689,12.8294],[7.6788,12.8298],[7.6881,12.815],[7.6953,12.8144],[7.7032,12.8148],[7.7059,12.8156],[7.709,12.8146],[7.7115,12.8156],[7.716,12.8143],[7.7213,12.8093],[7.7241,12.8109],[7.7272,12.8159],[7.7216,12.8202],[7.7171,12.825],[7.7136,12.8271],[7.7108,12.8331],[7.7123,12.8341],[7.7183,12.8345],[7.722,12.8312],[7.7263,12.8336],[7.7322,12.8337],[7.7328,12.8363],[7.7272,12.8477],[7.7239,12.8504],[7.7245,12.8528],[7.7229,12.856],[7.7232,12.86],[7.7247,12.8625],[7.7312,12.8655],[7.7365,12.8644],[7.7366,12.8732],[7.7388,12.878],[7.7389,12.8829],[7.7317,12.8828],[7.7294,12.8839],[7.7275,12.8789],[7.7261,12.8782],[7.7186,12.8777],[7.7155,12.8828],[7.7039,12.8786],[7.7012,12.8716],[7.7023,12.8685],[7.6989,12.8668],[7.698,12.8612],[7.6949,12.8555],[7.6928,12.8551],[7.6857,12.856],[7.6798,12.8583],[7.676,12.8532],[7.6746,12.8479],[7.6631,12.8501],[7.6584,12.8488],[7.6583,12.846],[7.6612,12.842],[7.6657,12.84],[7.668,12.8346],[7.6689,12.8294]]]},"properties":{"name":"RIMI","state":"20","code":"20/30/01"}},{"type":"Feature","geometry":{"type":"Polygon","coordinates":[[[7.6584,12.8488],[7.6631,12.8501],[7.6746,12.8479],[7.676,12.8532],[7.6798,12.8583],[7.6857,12.856],[7.6928,12.8551],[7.6949,12.8555],[7.698,12.8612],[7.6989,12.8668],[7.7023,12.8685],[7.7012,12.8716],[7.7039,12.8786],[7.6987,12.8843],[7.6942,12.8843],[7.6899,12.886],[7.6893,12.8877],[7.6807,12.8943],[7.6853,12.8986],[7.6939,12.8988],[7.6951,12.8935],[7.7008,12.8923],[7.7067,12.8988],[7.7103,12.9056],[7.7091,12.9133],[7.7063,12.9197],[7.7062,12.9219],[7.705,12.9248],[7.6976,12.9267],[7.6902,12.9233],[7.6854,12.9269],[7.6829,12.9234],[7.676,12.9223],[7.6703,12.9224],[7.6678,12.9237],[7.6632,12.9208],[7.6641,12.9187],[7.6689,12.9156],[7.6748,12.9107],[7.6756,12.909],[7.6685,12.9051],[7.6647,12.9007],[7.6556,12.8962],[7.6566,12.8935],[7.6557,12.8888],[7.6576,12.8848],[7.6554,12.8827],[7.6558,12.879],[7.6539,12.878],[7.6532,12.8727],[7.6502,12.8677],[7.651,12.8659],[7.6472,12.8606],[7.6495,12.8575],[7.6539,12.8541],[7.6584,12.8488]]]},"properties":{"name":"ABUKUR","state":"20","code":"20/30/02"}},{"type":"Feature","geometry":{"type":"Polygon","coordinates":[[[7.6177,12.7987],[7.6155,12.7941],[7.6157,12.7898],[7.614,12.7872],[7.607,12.7822],[7.6072,12.7788],[7.6024,12.7757],[7.601,12.7725],[7.5963,12.7686],[7.5899,12.7695],[7.586,12.7644],[7.5793,12.7609],[7.5746,12.7607],[7.5749,12.7504],[7.577,12.7483],[7.5763,12.7446],[7.5715,12.7396],[7.5662,12.7331],[7.5634,12.7275],[7.5657,12.7276],[7.585,12.7233],[7.5862,12.7265],[7.5888,12.7277],[7.5971,12.7272],[7.6027,12.7304],[7.6113,12.7307],[7.6128,12.7327],[7.6135,12.7414],[7.616,12.7441],[7.6204,12.7463],[7.6204,12.7484],[7.6224,12.7531],[7.6227,12.7572],[7.6276,12.7684],[7.6348,12.7676],[7.6402,12.7682],[7.6444,12.7698],[7.6471,12.7694],[7.6496,12.7714],[7.6492,12.7791],[7.6511,12.7837],[7.6517,12.7882],[7.6582,12.7889],[7.666,12.787],[7.6683,12.7898],[7.6747,12.7931],[7.6784,12.7921],[7.6847,12.7877],[7.6871,12.7867],[7.694,12.7778],[7.696,12.7827],[7.6986,12.7843],[7.7048,12.7923],[7.7093,12.7967],[7.7032,12.8014],[7.7011,12.8022],[7.7002,12.807],[7.6953,12.8144],[7.6881,12.815],[7.6788,12.8298],[7.6689,12.8294],[7.6679,12.8275],[7.6548,12.8282],[7.6516,12.8261],[7.6497,12.823],[7.6443,12.8196],[7.6417,12.8134],[7.6384,12.8121],[7.6363,12.8095],[7.6343,12.804],[7.6343,12.7942],[7.6305,12.7912],[7.6279,12.7953],[7.6203,12.7993],[7.6177,12.7987]]]},"properties":{"name":"MAJENGOBIR","state":"20","code":"20/30/03"}},{"type":"Feature","geometry":{"type":"Polygon","coordinates":[[[7.7937,12.8268],[7.7922,12.8286],[7.7969,12.8337],[7.7934,12.8365],[7.7938,12.8392],[7.7974,12.8418],[7.7941,12.8474],[7.7887,12.844],[7.783,12.8427],[7.7793,12.8409],[7.7731,12.8398],[7.7617,12.8403],[7.7558,12.8394],[7.747,12.8345],[7.7422,12.8291],[7.7383,12.8327],[7.7322,12.8337],[7.7263,12.8336],[7.722,12.8312],[7.7183,12.8345],[7.7123,12.8341],[7.7108,12.8331],[7.7136,12.8271],[7.7171,12.825],[7.7216,12.8202],[7.7272,12.8159],[7.7241,12.8109],[7.7213,12.8093],[7.716,12.8143],[7.7115,12.8156],[7.709,12.8146],[7.7059,12.8156],[7.7032,12.8148],[7.6953,12.8144],[7.7002,12.807],[7.7011,12.8022],[7.7032,12.8014],[7.7093,12.7967],[7.7048,12.7923],[7.6986,12.7843],[7.7012,12.7785],[7.704,12.7759],[7.704,12.7696],[7.7008,12.7689],[7.7026,12.7619],[7.7107,12.7637],[7.7134,12.7632],[7.7169,12.7598],[7.7205,12.7577],[7.7237,12.7578],[7.7253,12.7525],[7.7322,12.7546],[7.7372,12.7541],[7.7435,12.757],[7.7479,12.7572],[7.7531,12.7534],[7.7533,12.7507],[7.7572,12.7504],[7.7604,12.7519],[7.7658,12.7574],[7.7691,12.7582],[7.7726,12.7635],[7.7729,12.7667],[7.7641,12.7725],[7.7614,12.7772],[7.7596,12.7756],[7.7501,12.7782],[7.7501,12.7807],[7.7525,12.7846],[7.7536,12.7903],[7.7556,12.7903],[7.7581,12.7979],[7.7603,12.7982],[7.7645,12.7961],[7.7687,12.7968],[7.7768,12.806],[7.7783,12.8141],[7.7825,12.8146],[7.785,12.8125],[7.7898,12.8143],[7.7962,12.8196],[7.7987,12.8233],[7.7952,12.8245],[7.7937,12.8268]]]},"properties":{"name":"REMAWA/IYATAWA","state":"20","code":"20/30/04"}},{"type":"Feature","geometry":{"type":"Polygon","coordinates":[[[7.72,12.7422],[7.7155,12.7446],[7.7124,12.7481],[7.722,12.7504],[7.7253,12.7525],[7.7237,12.7578],[7.7205,12.7577],[7.7169,12.7598],[7.7134,12.7632],[7.7107,12.7637],[7.7026,12.7619],[7.7008,12.7689],[7.704,12.7696],[7.704,12.7759],[7.7012,12.7785],[7.6986,12.7843],[7.696,12.7827],[7.694,12.7778],[7.6871,12.7867],[7.6847,12.7877],[7.6784,12.7921],[7.6747,12.7931],[7.6683,12.7898],[7.666,12.787],[7.6582,12.7889],[7.6517,12.7882],[7.6511,12.7837],[7.6492,12.7791],[7.6496,12.7714],[7.6471,12.7694],[7.6444,12.7698],[7.6402,12.7682],[7.6348,12.7676],[7.6276,12.7684],[7.6227,12.7572],[7.6224,12.7531],[7.6204,12.7484],[7.6204,12.7463],[7.6228,12.7461],[7.6299,12.7424],[7.6361,12.7415],[7.6429,12.7434],[7.6526,12.7423],[7.6538,12.7392],[7.6577,12.7352],[7.6624,12.733],[7.6657,12.7282],[7.6695,12.7278],[7.6755,12.7168],[7.6818,12.7124],[7.6867,12.7109],[7.6885,12.7074],[7.6962,12.7121],[7.7025,12.7176],[7.7068,12.7181],[7.712,12.725],[7.7102,12.7292],[7.7088,12.7355],[7.7126,12.7355],[7.7167,12.741],[7.72,12.7422]]]},"properties":{"name":"KADANDANI","state":"20","code":"20/30/05"}},{"type":"Feature","geometry":{"type":"Polygon","coordinates":[[[7.785,12.8125],[7.7825,12.8146],[7.7783,12.8141],[7.7768,12.806],[7.7687,12.7968],[7.7645,12.7961],[7.7603,12.7982],[7.7581,12.7979],[7.7556,12.7903],[7.7536,12.7903],[7.7525,12.7846],[7.7501,12.7807],[7.7501,12.7782],[7.7596,12.7756],[7.7614,12.7772],[7.7641,12.7725],[7.7729,12.7667],[7.7726,12.7635],[7.7691,12.7582],[7.7658,12.7574],[7.7604,12.7519],[7.7572,12.7504],[7.7533,12.7507],[7.7531,12.7534],[7.7479,12.7572],[7.7435,12.757],[7.7372,12.7541],[7.7322,12.7546],[7.7253,12.7525],[7.722,12.7504],[7.7124,12.7481],[7.7155,12.7446],[7.72,12.7422],[7.7214,12.7384],[7.7242,12.7375],[7.7301,12.7326],[7.7322,12.7317],[7.7367,12.7265],[7.7447,12.7298],[7.747,12.7273],[7.7474,12.7237],[7.7505,12.7203],[7.7508,12.7145],[7.7522,12.7123],[7.7503,12.7089],[7.7494,12.705],[7.756,12.6997],[7.7612,12.7014],[7.7642,12.7036],[7.7717,12.7041],[7.7764,12.7067],[7.7764,12.6972],[7.778,12.6941],[7.7824,12.695],[7.7916,12.7017],[7.7888,12.7065],[7.7903,12.711],[7.7937,12.7126],[7.7901,12.7224],[7.7918,12.7258],[7.7896,12.7318],[7.7878,12.7341],[7.7891,12.7388],[7.7869,12.741],[7.7784,12.7432],[7.7756,12.7526],[7.7753,12.7552],[7.782,12.7559],[7.7881,12.7537],[7.7887,12.7576],[7.7929,12.7613],[7.7948,12.7607],[7.7965,12.7653],[7.7945,12.7695],[7.7911,12.7713],[7.7896,12.7685],[7.786,12.7664],[7.7816,12.768],[7.7836,12.7724],[7.7865,12.775],[7.7888,12.7812],[7.7883,12.7833],[7.7847,12.7874],[7.7824,12.7922],[7.7798,12.7953],[7.779,12.799],[7.7802,12.8013],[7.7792,12.8038],[7.785,12.8099],[7.785,12.8125]]]},"properties":{"name":"SABON GARIN/ALARAIN","state":"20","code":"20/30/06"}},{"type":"Feature","geometry":{"type":"Polygon","coordinates":[[[7.787,12.9263],[7.7877,12.9294],[7.7849,12.9383],[7.7819,12.9407],[7.7781,12.9406],[7.7749,12.9417],[7.7724,12.9412],[7.7732,12.9379],[7.7701,12.934],[7.7707,12.9321],[7.769,12.9257],[7.7577,12.9269],[7.7504,12.9325],[7.7434,12.9329],[7.7418,12.9342],[7.7379,12.9334],[7.7356,12.9346],[7.7287,12.9339],[7.726,12.93],[7.721,12.9296],[7.7171,12.9264],[7.7141,12.9256],[7.7098,12.9226],[7.7062,12.9219],[7.7063,12.9197],[7.7091,12.9133],[7.7107,12.9126],[7.7178,12.9049],[7.7156,12.8966],[7.7203,12.8921],[7.7267,12.8935],[7.7285,12.8911],[7.7342,12.894],[7.7374,12.8923],[7.7446,12.8847],[7.752,12.8839],[7.7574,12.8849],[7.7631,12.8847],[7.766,12.8836],[7.7652,12.8866],[7.7691,12.8885],[7.7746,12.8937],[7.7809,12.8952],[7.7791,12.9028],[7.7822,12.9077],[7.7851,12.9103],[7.7822,12.921],[7.7845,12.9223],[7.787,12.9263]]]},"properties":{"name":"TSAGERO","state":"20","code":"20/30/07"}},{"type":"Feature","geometry":{"type":"Polygon","coordinates":[[[7.766,12.8836],[7.7631,12.8847],[7.7574,12.8849],[7.752,12.8839],[7.7446,12.8847],[7.7374,12.8923],[7.7342,12.894],[7.7285,12.8911],[7.7267,12.8935],[7.7203,12.8921],[7.7156,12.8966],[7.7178,12.9049],[7.7107,12.9126],[7.7091,12.9133],[7.7103,12.9056],[7.7067,12.8988],[7.7008,12.8923],[7.6951,12.8935],[7.6939,12.8988],[7.6853,12.8986],[7.6807,12.8943],[7.6893,12.8877],[7.6899,12.886],[7.6942,12.8843],[7.6987,12.8843],[7.7039,12.8786],[7.7155,12.8828],[7.7186,12.8777],[7.7261,12.8782],[7.7275,12.8789],[7.7294,12.8839],[7.7317,12.8828],[7.7389,12.8829],[7.7388,12.878],[7.7366,12.8732],[7.7365,12.8644],[7.7312,12.8655],[7.7247,12.8625],[7.7232,12.86],[7.7229,12.856],[7.7245,12.8528],[7.7239,12.8504],[7.7272,12.8477],[7.7328,12.8363],[7.7322,12.8337],[7.7383,12.8327],[7.7422,12.8291],[7.747,12.8345],[7.7558,12.8394],[7.7617,12.8403],[7.7731,12.8398],[7.7793,12.8409],[7.783,12.8427],[7.7803,12.849],[7.7805,12.8535],[7.7779,12.8565],[7.7786,12.8585],[7.7774,12.8615],[7.7738,12.8641],[7.7724,12.8713],[7.7686,12.8723],[7.7681,12.8763],[7.7649,12.8784],[7.7674,12.8815],[7.766,12.8836]]]},"properties":{"name":"FARDAMI","state":"20","code":"20/30/08"}},{"type":"Feature","geometry":{"type":"Polygon","coordinates":[[[7.7594,12.9954],[7.759,12.998],[7.7635,13.0085],[7.7679,13.0132],[7.7688,13.0164],[7.7774,13.0162],[7.7775,13.0184],[7.7747,13.0217],[7.7706,13.0229],[7.7711,13.0249],[7.7775,13.0274],[7.7784,13.0225],[7.7861,13.019],[7.7888,13.019],[7.7932,13.0218],[7.7951,13.0238],[7.7988,13.0272],[7.8026,13.032],[7.8073,13.0332],[7.8111,13.0386],[7.8139,13.0403],[7.8184,13.0394],[7.8287,13.0403],[7.83,13.0415],[7.8299,13.0486],[7.8311,13.06],[7.8329,13.0668],[7.8389,13.0745],[7.8431,13.0825],[7.8432,13.0858],[7.8405,13.0833],[7.8364,13.0844],[7.8343,13.0863],[7.8295,13.0884],[7.8237,13.0883],[7.8173,13.0832],[7.8168,13.0801],[7.8138,13.0795],[7.8085,13.0652],[7.8083,13.0623],[7.8042,13.0579],[7.7993,13.0562],[7.7949,13.0533],[7.792,13.0526],[7.791,13.0472],[7.788,13.0448],[7.7861,13.0418],[7.7828,13.0412],[7.7767,13.043],[7.7775,13.0355],[7.775,13.0326],[7.7666,13.0273],[7.762,13.0313],[7.7597,13.0343],[7.7591,13.0288],[7.7544,13.0305],[7.7455,13.0308],[7.7415,13.0303],[7.7412,13.0371],[7.7423,13.0428],[7.7393,13.0486],[7.7351,13.0482],[7.7277,13.0401],[7.7242,13.0399],[7.7244,13.0339],[7.7199,13.0285],[7.7211,13.0264],[7.7198,13.0217],[7.7162,13.02],[7.7169,13.0147],[7.7166,13.0086],[7.7207,13.0073],[7.7261,13.0037],[7.7353,13.0063],[7.7446,13.0061],[7.744,13.0014],[7.7451,12.9987],[7.7482,12.996],[7.7559,12.9966],[7.7594,12.9954]]]},"properties":{"name":"MAKURDA","state":"20","code":"20/30/09"}},{"type":"Feature","geometry":{"type":"Polygon","coordinates":[[[7.6854,12.9269],[7.6902,12.9233],[7.6976,12.9267],[7.705,12.9248],[7.7062,12.9219],[7.7098,12.9226],[7.7141,12.9256],[7.7171,12.9264],[7.721,12.9296],[7.726,12.93],[7.7287,12.9339],[7.7356,12.9346],[7.7379,12.9334],[7.7418,12.9342],[7.7434,12.9329],[7.7504,12.9325],[7.7577,12.9269],[7.769,12.9257],[7.7707,12.9321],[7.7701,12.934],[7.7732,12.9379],[7.7724,12.9412],[7.7749,12.9417],[7.7781,12.9406],[7.7819,12.9407],[7.7849,12.9383],[7.7877,12.9294],[7.787,12.9263],[7.7937,12.9264],[7.8011,12.9255],[7.7997,12.9319],[7.8022,12.9354],[7.8091,12.9366],[7.8069,12.9458],[7.8088,12.9502],[7.808,12.9551],[7.8006,12.9561],[7.7978,12.958],[7.7974,12.9622],[7.7954,12.9698],[7.7939,12.9729],[7.7966,12.9775],[7.7939,12.9811],[7.7924,12.9862],[7.7943,12.9898],[7.7939,12.9976],[7.7948,13.0016],[7.7927,13.0031],[7.7936,13.0092],[7.795,13.0116],[7.7928,13.0181],[7.7932,13.0218],[7.7888,13.019],[7.7861,13.019],[7.7784,13.0225],[7.7775,13.0274],[7.7711,13.0249],[7.7706,13.0229],[7.7747,13.0217],[7.7775,13.0184],[7.7774,13.0162],[7.7688,13.0164],[7.7679,13.0132],[7.7635,13.0085],[7.759,12.998],[7.7594,12.9954],[7.7615,12.9932],[7.7583,12.9877],[7.7586,12.9853],[7.7539,12.982],[7.7536,12.9773],[7.7519,12.971],[7.7526,12.9658],[7.7519,12.9628],[7.7487,12.9575],[7.7481,12.9522],[7.7451,12.9531],[7.7412,12.9514],[7.7324,12.9509],[7.7294,12.9492],[7.7273,12.9519],[7.7268,12.9558],[7.7235,12.958],[7.7199,12.9572],[7.7138,12.953],[7.7019,12.9497],[7.6996,12.9476],[7.6922,12.9521],[7.6881,12.9501],[7.6867,12.9459],[7.6839,12.9436],[7.6855,12.9358],[7.6826,12.937],[7.6813,12.9359],[7.6854,12.9269]]]},"properties":{"name":"MASABO/KURABAU","state":"20","code":"20/30/10"}},{"type":"Feature","geometry":{"type":"Polygon","coordinates":[[[7.1556,11.1296],[7.1618,11.131],[7.1618,11.1334],[7.1643,11.1362],[7.1579,11.1429],[7.1525,11.1442],[7.1499,11.143],[7.1453,11.1452],[7.1442,11.1509],[7.1414,11.1573],[7.1403,11.1615],[7.1454,11.1662],[7.1498,11.1662],[7.1579,11.1686],[7.1636,11.1694],[7.1632,11.1751],[7.1662,11.1854],[7.1629,11.189],[7.1613,11.1941],[7.1575,11.1965],[7.1587,11.205],[7.1624,11.2096],[7.1604,11.2177],[7.1583,11.2203],[7.1569,11.2215],[7.1526,11.2182],[7.1497,11.217],[7.1374,11.2181],[7.1342,11.2141],[7.1271,11.2185],[7.1229,11.2133],[7.1187,11.2096],[7.1212,11.1976],[7.1148,11.1945],[7.11,11.1904],[7.1141,11.1847],[7.1157,11.181],[7.1199,11.1804],[7.1206,11.1732],[7.123,11.1678],[7.122,11.1614],[7.1187,11.1561],[7.1234,11.145],[7.1293,11.1382],[7.1334,11.1356],[7.1443,11.1301],[7.1521,11.1288],[7.1556,11.1296]]]},"properties":{"name":"SABUWA 'A'","state":"20","code":"20/31/01"}},{"type":"Feature","geometry":{"type":"Polygon","coordinates":[[[7.1187,11.1561],[7.122,11.1614],[7.123,11.1678],[7.1206,11.1732],[7.1199,11.1804],[7.1157,11.181],[7.1141,11.1847],[7.11,11.1904],[7.1148,11.1945],[7.1212,11.1976],[7.1187,11.2096],[7.1135,11.2124],[7.1125,11.2157],[7.1084,11.2175],[7.1034,11.218],[7.0985,11.2194],[7.0929,11.218],[7.0907,11.22],[7.0852,11.2197],[7.0807,11.223],[7.081,11.2268],[7.0749,11.2256],[7.0695,11.2226],[7.0678,11.2191],[7.0648,11.2184],[7.0613,11.2111],[7.0621,11.2073],[7.069,11.2033],[7.0767,11.1953],[7.0846,11.181],[7.0899,11.1748],[7.0958,11.1695],[7.1093,11.1625],[7.1187,11.1561]]]},"properties":{"name":"SABUWA 'B'","state":"20","code":"20/31/02"}},{"type":"Feature","geometry":{"type":"Polygon","coordinates":[[[7.1951,11.2542],[7.187,11.2565],[7.1822,11.2601],[7.1798,11.2584],[7.1806,11.2554],[7.179,11.2527],[7.1783,11.2439],[7.1755,11.2417],[7.1678,11.2409],[7.1638,11.238],[7.1591,11.2364],[7.1589,11.228],[7.1568,11.2252],[7.1583,11.2203],[7.1604,11.2177],[7.1624,11.2096],[7.1587,11.205],[7.1575,11.1965],[7.1613,11.1941],[7.1629,11.189],[7.1662,11.1854],[7.1632,11.1751],[7.1636,11.1694],[7.1579,11.1686],[7.1498,11.1662],[7.1454,11.1662],[7.1403,11.1615],[7.1414,11.1573],[7.1442,11.1509],[7.1453,11.1452],[7.1499,11.143],[7.1525,11.1442],[7.1579,11.1429],[7.1643,11.1362],[7.1618,11.1334],[7.1618,11.131],[7.173,11.1349],[7.1819,11.1404],[7.1859,11.142],[7.2003,11.1517],[7.201,11.1534],[7.2001,11.1732],[7.2065,11.1856],[7.2197,11.1942],[7.2185,11.1999],[7.2114,11.2024],[7.209,11.2068],[7.2066,11.2155],[7.2027,11.2222],[7.2006,11.2285],[7.199,11.2434],[7.1953,11.2522],[7.1951,11.2542]]]},"properties":{"name":"GAZARI","state":"20","code":"20/31/03"}},{"type":"Feature","geometry":{"type":"Polygon","coordinates":[[[7.0621,11.2073],[7.0613,11.2111],[7.0648,11.2184],[7.0678,11.2191],[7.0695,11.2226],[7.0749,11.2256],[7.081,11.2268],[7.0807,11.223],[7.0852,11.2197],[7.0907,11.22],[7.0929,11.218],[7.0985,11.2194],[7.1034,11.218],[7.1084,11.2175],[7.1125,11.2157],[7.1135,11.2124],[7.1187,11.2096],[7.1229,11.2133],[7.1271,11.2185],[7.1342,11.2141],[7.1374,11.2181],[7.1497,11.217],[7.1526,11.2182],[7.1569,11.2215],[7.1583,11.2203],[7.1568,11.2252],[7.1589,11.228],[7.1591,11.2364],[7.1638,11.238],[7.1678,11.2409],[7.1755,11.2417],[7.1783,11.2439],[7.179,11.2527],[7.1806,11.2554],[7.1798,11.2584],[7.1822,11.2601],[7.187,11.2565],[7.1951,11.2542],[7.1956,11.2577],[7.1936,11.2611],[7.1925,11.2662],[7.1905,11.2681],[7.1926,11.277],[7.1897,11.2787],[7.1811,11.2749],[7.1781,11.2785],[7.1791,11.2811],[7.1784,11.2859],[7.1806,11.2892],[7.1754,11.2906],[7.1716,11.2938],[7.1661,11.3031],[7.1609,11.3022],[7.1572,11.2981],[7.1536,11.2914],[7.1519,11.2907],[7.1453,11.2952],[7.1433,11.2992],[7.14,11.302],[7.137,11.3081],[7.1364,11.3141],[7.1326,11.3136],[7.1303,11.3068],[7.1258,11.3005],[7.1181,11.307],[7.1148,11.3077],[7.1108,11.3062],[7.1086,11.3036],[7.1058,11.2954],[7.1088,11.2902],[7.1029,11.2847],[7.097,11.2822],[7.0847,11.2827],[7.081,11.2774],[7.0809,11.272],[7.0773,11.2672],[7.0762,11.2589],[7.0807,11.2489],[7.0768,11.2446],[7.0704,11.2446],[7.0654,11.2408],[7.0649,11.2382],[7.0586,11.2329],[7.0526,11.237],[7.0464,11.237],[7.0479,11.2306],[7.0466,11.2272],[7.04,11.2203],[7.0411,11.2177],[7.0452,11.2143],[7.0464,11.2117],[7.0469,11.2048],[7.0584,11.2003],[7.0621,11.2073]]]},"properties":{"name":"MAIBAKKO","state":"20","code":"20/31/04"}},{"type":"Feature","geometry":{"type":"Polygon","coordinates":[[[7.0614,11.4356],[7.059,11.4336],[7.0602,11.4293],[7.0595,11.4261],[7.0605,11.423],[7.0569,11.4207],[7.0553,11.4167],[7.0529,11.4152],[7.0529,11.4107],[7.0511,11.4078],[7.0464,11.4065],[7.0424,11.4027],[7.0416,11.3993],[7.0419,11.3952],[7.0393,11.3938],[7.0361,11.3882],[7.0359,11.3759],[7.0433,11.3712],[7.0468,11.3696],[7.053,11.3741],[7.0571,11.3762],[7.0645,11.3788],[7.0719,11.3846],[7.0757,11.3833],[7.0784,11.3803],[7.078,11.3764],[7.0789,11.371],[7.0832,11.372],[7.0871,11.3694],[7.0959,11.3724],[7.0965,11.3667],[7.1015,11.3645],[7.1041,11.3608],[7.1142,11.3625],[7.1162,11.3723],[7.1142,11.3754],[7.1132,11.3821],[7.1085,11.3905],[7.1055,11.3919],[7.1028,11.3962],[7.1047,11.4038],[7.1067,11.408],[7.1114,11.4117],[7.1121,11.4137],[7.1095,11.4176],[7.1102,11.4217],[7.1072,11.4224],[7.1071,11.4262],[7.1043,11.4288],[7.1012,11.429],[7.095,11.4325],[7.0917,11.4262],[7.0887,11.4279],[7.0867,11.4338],[7.0795,11.4313],[7.0785,11.4297],[7.075,11.4325],[7.0614,11.4356]]]},"properties":{"name":"DAMARI","state":"20","code":"20/31/05"}},{"type":"Feature","geometry":{"type":"Polygon","coordinates":[[[7.1082,11.549],[7.1073,11.5531],[7.1017,11.5562],[7.0955,11.5545],[7.0898,11.5557],[7.085,11.5605],[7.08,11.5571],[7.0762,11.5572],[7.0667,11.5622],[7.0631,11.5572],[7.063,11.553],[7.0613,11.5467],[7.0584,11.5495],[7.0515,11.553],[7.0461,11.5511],[7.0416,11.5465],[7.0419,11.5401],[7.0405,11.5376],[7.0406,11.5336],[7.0362,11.5317],[7.0284,11.527],[7.0255,11.5274],[7.022,11.5306],[7.0149,11.5338],[7.0129,11.5353],[7.0073,11.536],[7.0045,11.5347],[6.989,11.5297],[6.9832,11.525],[6.9798,11.5237],[6.9779,11.5203],[6.9726,11.5167],[6.9681,11.5147],[6.9645,11.5086],[6.9701,11.509],[6.9769,11.5072],[6.986,11.5029],[6.989,11.5026],[6.9981,11.4995],[7.002,11.4972],[7.0079,11.4954],[7.011,11.4953],[7.0178,11.4933],[7.0239,11.4889],[7.037,11.4825],[7.0392,11.478],[7.0414,11.4711],[7.0486,11.4697],[7.0538,11.468],[7.0561,11.4655],[7.061,11.4627],[7.0783,11.4664],[7.0836,11.4637],[7.0928,11.4641],[7.0933,11.4618],[7.0973,11.4627],[7.103,11.4619],[7.1017,11.4661],[7.1021,11.4722],[7.1059,11.4752],[7.1104,11.4807],[7.1118,11.4845],[7.1088,11.4885],[7.1093,11.4926],[7.1059,11.4979],[7.1027,11.4979],[7.0953,11.5074],[7.0978,11.5094],[7.1017,11.5107],[7.1075,11.5104],[7.1052,11.5178],[7.1053,11.521],[7.1075,11.5226],[7.1067,11.527],[7.1035,11.5322],[7.1005,11.5328],[7.1038,11.5416],[7.1039,11.5448],[7.1082,11.549]]]},"properties":{"name":"MACHIKA","state":"20","code":"20/31/06"}},{"type":"Feature","geometry":{"type":"Polygon","coordinates":[[[7.0115,11.3528],[7.015,11.3581],[7.0161,11.366],[7.0181,11.3733],[7.0247,11.3694],[7.0312,11.3722],[7.0359,11.3759],[7.0361,11.3882],[7.0393,11.3938],[7.0419,11.3952],[7.0416,11.3993],[7.0424,11.4027],[7.0464,11.4065],[7.0511,11.4078],[7.0529,11.4107],[7.0529,11.4152],[7.0553,11.4167],[7.0569,11.4207],[7.0605,11.423],[7.0595,11.4261],[7.0602,11.4293],[7.059,11.4336],[7.0614,11.4356],[7.063,11.4402],[7.0688,11.45],[7.0693,11.452],[7.0766,11.4507],[7.0818,11.4548],[7.0844,11.4542],[7.0865,11.4574],[7.0921,11.459],[7.0933,11.4618],[7.0928,11.4641],[7.0836,11.4637],[7.0783,11.4664],[7.061,11.4627],[7.0561,11.4655],[7.0538,11.468],[7.0486,11.4697],[7.0414,11.4711],[7.0392,11.478],[7.037,11.4825],[7.0239,11.4889],[7.0178,11.4933],[7.011,11.4953],[7.0079,11.4954],[7.002,11.4972],[6.9981,11.4995],[6.989,11.5026],[6.986,11.5029],[6.9769,11.5072],[6.9701,11.509],[6.9645,11.5086],[6.9598,11.5051],[6.9559,11.5043],[6.9496,11.5062],[6.944,11.5046],[6.9413,11.5023],[6.9344,11.501],[6.9257,11.4975],[6.9244,11.4979],[6.9178,11.4966],[6.9123,11.4908],[6.9086,11.4912],[6.9037,11.4851],[6.9073,11.4751],[6.9007,11.4587],[6.8934,11.4458],[6.8869,11.4312],[6.8861,11.4173],[6.8869,11.3962],[6.8876,11.3897],[6.8894,11.3836],[6.8953,11.3813],[6.898,11.3841],[6.911,11.385],[6.9193,11.3849],[6.924,11.3825],[6.9345,11.3754],[6.9403,11.3742],[6.9496,11.3659],[6.959,11.3611],[6.9613,11.3588],[6.9684,11.3575],[6.9755,11.3574],[6.9814,11.3596],[6.9885,11.3607],[6.9956,11.3606],[7.0062,11.3618],[7.0115,11.3528]]]},"properties":{"name":"DUGUN MU'AZU","state":"20","code":"20/31/07"}},{"type":"Feature","geometry":{"type":"Polygon","coordinates":[[[7.1187,11.4371],[7.1155,11.4342],[7.11,11.4309],[7.1071,11.4262],[7.1072,11.4224],[7.1102,11.4217],[7.1095,11.4176],[7.1121,11.4137],[7.1114,11.4117],[7.1067,11.408],[7.1047,11.4038],[7.1028,11.3962],[7.1055,11.3919],[7.1085,11.3905],[7.1132,11.3821],[7.1142,11.3754],[7.1162,11.3723],[7.1142,11.3625],[7.1041,11.3608],[7.1015,11.3645],[7.0965,11.3667],[7.0959,11.3724],[7.0871,11.3694],[7.0871,11.3622],[7.0833,11.3587],[7.0821,11.3564],[7.078,11.3545],[7.0742,11.3512],[7.0752,11.3477],[7.0791,11.3412],[7.0815,11.3394],[7.0825,11.3347],[7.0841,11.3324],[7.0822,11.3279],[7.0765,11.3244],[7.0799,11.3207],[7.0803,11.3186],[7.0878,11.3117],[7.0935,11.3022],[7.0996,11.2972],[7.1058,11.2954],[7.1086,11.3036],[7.1108,11.3062],[7.1148,11.3077],[7.1181,11.307],[7.1258,11.3005],[7.1303,11.3068],[7.1326,11.3136],[7.1364,11.3141],[7.137,11.3081],[7.14,11.302],[7.1433,11.2992],[7.1453,11.2952],[7.1519,11.2907],[7.1536,11.2914],[7.1572,11.2981],[7.1609,11.3022],[7.1593,11.3052],[7.1534,11.3126],[7.152,11.3199],[7.1496,11.3239],[7.1496,11.3307],[7.1506,11.3353],[7.1447,11.3379],[7.1418,11.338],[7.1394,11.3415],[7.1368,11.3429],[7.1325,11.3507],[7.1339,11.3543],[7.1341,11.3607],[7.1303,11.3648],[7.1277,11.3713],[7.1271,11.3831],[7.1296,11.3851],[7.1319,11.3846],[7.1369,11.3864],[7.142,11.3813],[7.1446,11.3796],[7.1485,11.3825],[7.1491,11.3903],[7.1508,11.3945],[7.1524,11.3951],[7.1519,11.4032],[7.1478,11.4016],[7.1427,11.4018],[7.1361,11.4048],[7.136,11.4085],[7.1331,11.4129],[7.13,11.415],[7.1268,11.4139],[7.1226,11.4176],[7.1219,11.4195],[7.1249,11.4288],[7.1196,11.4321],[7.1187,11.4371]]]},"properties":{"name":"GAMJI","state":"20","code":"20/31/08"}},{"type":"Feature","geometry":{"type":"Polygon","coordinates":[[[7.0132,11.2176],[7.0258,11.2094],[7.0402,11.2048],[7.0469,11.2048],[7.0464,11.2117],[7.0452,11.2143],[7.0411,11.2177],[7.04,11.2203],[7.0466,11.2272],[7.0479,11.2306],[7.0464,11.237],[7.0526,11.237],[7.0586,11.2329],[7.0649,11.2382],[7.0654,11.2408],[7.0704,11.2446],[7.0768,11.2446],[7.0807,11.2489],[7.0762,11.2589],[7.0773,11.2672],[7.0809,11.272],[7.081,11.2774],[7.0847,11.2827],[7.097,11.2822],[7.1029,11.2847],[7.1088,11.2902],[7.1058,11.2954],[7.0996,11.2972],[7.0935,11.3022],[7.0878,11.3117],[7.0803,11.3186],[7.0799,11.3207],[7.0765,11.3244],[7.0718,11.3241],[7.0641,11.3204],[7.0642,11.3166],[7.0616,11.3128],[7.0609,11.3094],[7.0577,11.3047],[7.0543,11.3043],[7.0472,11.3109],[7.0386,11.3078],[7.0389,11.3056],[7.042,11.299],[7.0391,11.2944],[7.0334,11.2976],[7.0302,11.3008],[7.0256,11.2944],[7.0259,11.292],[7.0284,11.2889],[7.0288,11.2862],[7.0215,11.2806],[7.0197,11.278],[7.0134,11.2792],[7.0108,11.2755],[7.0082,11.2739],[7.0021,11.2724],[7.0001,11.2735],[6.994,11.2738],[6.9901,11.2762],[6.9841,11.2706],[6.9783,11.2637],[6.9724,11.2556],[6.9684,11.2477],[6.9677,11.2452],[6.9757,11.239],[6.984,11.2343],[6.9991,11.2268],[7.0132,11.2176]]]},"properties":{"name":"RAFIN IWA","state":"20","code":"20/31/09"}},{"type":"Feature","geometry":{"type":"Polygon","coordinates":[[[6.9901,11.2762],[6.994,11.2738],[7.0001,11.2735],[7.0021,11.2724],[7.0082,11.2739],[7.0108,11.2755],[7.0134,11.2792],[7.0197,11.278],[7.0215,11.2806],[7.0288,11.2862],[7.0284,11.2889],[7.0259,11.292],[7.0256,11.2944],[7.0302,11.3008],[7.0334,11.2976],[7.0391,11.2944],[7.042,11.299],[7.0389,11.3056],[7.0386,11.3078],[7.0472,11.3109],[7.0543,11.3043],[7.0577,11.3047],[7.0609,11.3094],[7.0616,11.3128],[7.0642,11.3166],[7.0641,11.3204],[7.0718,11.3241],[7.0765,11.3244],[7.0822,11.3279],[7.0841,11.3324],[7.0825,11.3347],[7.0815,11.3394],[7.0791,11.3412],[7.0752,11.3477],[7.0742,11.3512],[7.078,11.3545],[7.0821,11.3564],[7.0833,11.3587],[7.0871,11.3622],[7.0871,11.3694],[7.0832,11.372],[7.0789,11.371],[7.078,11.3764],[7.0784,11.3803],[7.0757,11.3833],[7.0719,11.3846],[7.0645,11.3788],[7.0571,11.3762],[7.053,11.3741],[7.0468,11.3696],[7.0433,11.3712],[7.0359,11.3759],[7.0312,11.3722],[7.0247,11.3694],[7.0181,11.3733],[7.0161,11.366],[7.015,11.3581],[7.0115,11.3528],[7.0136,11.3492],[7.0134,11.346],[7.0099,11.3474],[7.0082,11.3408],[7.0096,11.3309],[7.0087,11.3146],[7.0076,11.311],[7.0087,11.3044],[7.0087,11.2938],[7.0028,11.288],[6.997,11.2811],[6.9901,11.2762]]]},"properties":{"name":"SAYAU","state":"20","code":"20/31/10"}},{"type":"Feature","geometry":{"type":"Polygon","coordinates":[[[7.4139,12.4343],[7.4117,12.4336],[7.4027,12.4246],[7.3916,12.4272],[7.3846,12.433],[7.3819,12.4345],[7.3768,12.4242],[7.37,12.4181],[7.3719,12.4162],[7.3662,12.4124],[7.3604,12.4106],[7.3506,12.4064],[7.3463,12.4059],[7.3419,12.404],[7.3367,12.3987],[7.3361,12.3966],[7.3381,12.392],[7.3375,12.3879],[7.3436,12.3808],[7.3438,12.3788],[7.3475,12.3715],[7.3489,12.3702],[7.3384,12.3577],[7.3378,12.3525],[7.3388,12.3409],[7.3426,12.3346],[7.3425,12.3289],[7.3441,12.3257],[7.3524,12.3272],[7.3583,12.3303],[7.361,12.3346],[7.3682,12.3334],[7.3703,12.3359],[7.3711,12.3403],[7.3744,12.3415],[7.3814,12.341],[7.3845,12.3415],[7.3863,12.3436],[7.3921,12.3411],[7.3929,12.336],[7.3954,12.335],[7.4014,12.336],[7.4051,12.3395],[7.408,12.3469],[7.4129,12.348],[7.4173,12.3543],[7.4101,12.3575],[7.4086,12.3624],[7.4088,12.3705],[7.4127,12.3753],[7.4117,12.3787],[7.4138,12.3794],[7.4135,12.3829],[7.4149,12.3873],[7.4166,12.3891],[7.4183,12.3937],[7.4215,12.3958],[7.4203,12.4016],[7.4237,12.4052],[7.4209,12.4119],[7.4221,12.4135],[7.4194,12.4162],[7.4203,12.4201],[7.4197,12.4257],[7.4139,12.4343]]]},"properties":{"name":"SAFANA","state":"20","code":"20/32/01"}},{"type":"Feature","geometry":{"type":"Polygon","coordinates":[[[7.4182,12.4489],[7.4167,12.451],[7.4175,12.4541],[7.4123,12.4571],[7.4087,12.4639],[7.4041,12.4667],[7.4021,12.4702],[7.4002,12.4711],[7.3996,12.4748],[7.3974,12.476],[7.3959,12.4824],[7.3978,12.4828],[7.4002,12.4881],[7.4008,12.4972],[7.4001,12.4995],[7.4035,12.5009],[7.4085,12.4981],[7.4109,12.4953],[7.4144,12.4951],[7.421,12.5036],[7.4182,12.5059],[7.4168,12.5087],[7.4132,12.51],[7.4094,12.5097],[7.4063,12.516],[7.4041,12.5186],[7.4068,12.5206],[7.4136,12.5209],[7.4082,12.5245],[7.4062,12.5269],[7.4001,12.53],[7.3984,12.5319],[7.3972,12.5361],[7.3902,12.5416],[7.3859,12.5459],[7.3852,12.5483],[7.3812,12.5525],[7.38,12.5535],[7.3786,12.5502],[7.371,12.5496],[7.3648,12.5447],[7.3608,12.5439],[7.3568,12.5475],[7.3512,12.5537],[7.3466,12.5554],[7.3438,12.553],[7.333,12.5578],[7.3273,12.5555],[7.3246,12.5508],[7.3184,12.5521],[7.3115,12.5584],[7.3036,12.5602],[7.2988,12.5621],[7.2903,12.5609],[7.2879,12.5634],[7.286,12.5673],[7.2842,12.5677],[7.2781,12.5745],[7.2773,12.5772],[7.2739,12.575],[7.2703,12.5686],[7.2674,12.5593],[7.2659,12.5582],[7.2639,12.5482],[7.2662,12.5446],[7.2648,12.5403],[7.2622,12.5359],[7.2622,12.5291],[7.259,12.5249],[7.2653,12.5226],[7.27,12.5245],[7.2739,12.5251],[7.276,12.5218],[7.2847,12.5153],[7.285,12.5132],[7.2949,12.5106],[7.2964,12.5086],[7.3006,12.507],[7.3128,12.5091],[7.3143,12.5099],[7.3169,12.5171],[7.3221,12.5192],[7.3256,12.5217],[7.3272,12.5253],[7.3368,12.5324],[7.3426,12.5281],[7.3426,12.5209],[7.341,12.5146],[7.3389,12.5121],[7.3398,12.5066],[7.3425,12.5066],[7.3489,12.5022],[7.3548,12.5016],[7.3555,12.4962],[7.3529,12.4947],[7.3492,12.4906],[7.3507,12.4885],[7.3507,12.485],[7.3532,12.4823],[7.3512,12.4762],[7.3473,12.4724],[7.3455,12.4725],[7.3429,12.4693],[7.3409,12.47],[7.3366,12.4677],[7.336,12.4631],[7.3398,12.4567],[7.34,12.4532],[7.3428,12.4491],[7.3449,12.4443],[7.3476,12.4429],[7.3471,12.4403],[7.3522,12.432],[7.3602,12.4255],[7.3562,12.4185],[7.3588,12.4168],[7.3604,12.4106],[7.3662,12.4124],[7.3719,12.4162],[7.37,12.4181],[7.3768,12.4242],[7.3819,12.4345],[7.3846,12.433],[7.3916,12.4272],[7.4027,12.4246],[7.4117,12.4336],[7.4139,12.4343],[7.4114,12.4401],[7.4144,12.4446],[7.4141,12.4474],[7.4182,12.4489]]]},"properties":{"name":"TSASKIYA","state":"20","code":"20/32/02"}},{"type":"Feature","geometry":{"type":"Polygon","coordinates":[[[7.3604,12.4106],[7.3588,12.4168],[7.3562,12.4185],[7.3602,12.4255],[7.3522,12.432],[7.3471,12.4403],[7.3476,12.4429],[7.3449,12.4443],[7.3428,12.4491],[7.34,12.4532],[7.3398,12.4567],[7.336,12.4631],[7.3366,12.4677],[7.3409,12.47],[7.3429,12.4693],[7.3455,12.4725],[7.3473,12.4724],[7.3512,12.4762],[7.3532,12.4823],[7.3507,12.485],[7.3507,12.4885],[7.3492,12.4906],[7.3529,12.4947],[7.3555,12.4962],[7.3548,12.5016],[7.3489,12.5022],[7.3425,12.5066],[7.3398,12.5066],[7.3389,12.5121],[7.341,12.5146],[7.3426,12.5209],[7.3426,12.5281],[7.3368,12.5324],[7.3272,12.5253],[7.3256,12.5217],[7.3221,12.5192],[7.3169,12.5171],[7.3143,12.5099],[7.3128,12.5091],[7.3006,12.507],[7.2964,12.5086],[7.2949,12.5106],[7.285,12.5132],[7.2847,12.5153],[7.276,12.5218],[7.2739,12.5251],[7.27,12.5245],[7.2653,12.5226],[7.259,12.5249],[7.2517,12.5243],[7.2451,12.5213],[7.2414,12.5204],[7.2375,12.5171],[7.2298,12.5159],[7.2257,12.5104],[7.2218,12.509],[7.2153,12.5082],[7.2089,12.5053],[7.2065,12.5055],[7.2026,12.5029],[7.1996,12.4974],[7.1954,12.4952],[7.1912,12.4913],[7.1891,12.4859],[7.1843,12.4786],[7.1805,12.4765],[7.1765,12.4725],[7.1763,12.47],[7.1739,12.4659],[7.1739,12.4597],[7.1699,12.4562],[7.1673,12.4559],[7.1654,12.4531],[7.1743,12.4472],[7.1852,12.4325],[7.1864,12.43],[7.1893,12.4282],[7.1933,12.4234],[7.2001,12.4203],[7.2065,12.4142],[7.2068,12.4098],[7.2156,12.4041],[7.2187,12.3991],[7.2217,12.3963],[7.2227,12.3935],[7.2298,12.3897],[7.2326,12.3868],[7.2383,12.3856],[7.2411,12.3818],[7.2467,12.3791],[7.2478,12.3776],[7.2568,12.379],[7.2587,12.3781],[7.264,12.3781],[7.2684,12.3733],[7.2706,12.373],[7.2751,12.3754],[7.2782,12.3721],[7.2823,12.3695],[7.2841,12.371],[7.2906,12.373],[7.2925,12.3751],[7.2952,12.3752],[7.3029,12.3772],[7.3044,12.3788],[7.3158,12.3849],[7.318,12.3877],[7.3236,12.3861],[7.3329,12.3854],[7.3375,12.3879],[7.3381,12.392],[7.3361,12.3966],[7.3367,12.3987],[7.3419,12.404],[7.3463,12.4059],[7.3506,12.4064],[7.3604,12.4106]]]},"properties":{"name":"RUNKA 'A'","state":"20","code":"20/32/03"}},{"type":"Feature","geometry":{"type":"Polygon","coordinates":[[[7.2051,12.684],[7.21,12.6779],[7.2121,12.6739],[7.2151,12.671],[7.2122,12.6673],[7.2114,12.6641],[7.2138,12.6607],[7.2148,12.6573],[7.2103,12.6558],[7.2116,12.6497],[7.2165,12.6522],[7.2223,12.6531],[7.2248,12.653],[7.2273,12.6549],[7.2408,12.6617],[7.2491,12.6597],[7.2537,12.6631],[7.2579,12.6646],[7.2613,12.6616],[7.2645,12.6612],[7.2656,12.6591],[7.2708,12.6585],[7.2815,12.66],[7.2869,12.6577],[7.2923,12.6572],[7.2957,12.6656],[7.2995,12.6694],[7.2965,12.6768],[7.2933,12.6788],[7.2906,12.679],[7.2833,12.6841],[7.2742,12.6945],[7.2747,12.7017],[7.2736,12.7049],[7.2674,12.7049],[7.2628,12.7017],[7.2606,12.7012],[7.2569,12.697],[7.2534,12.6957],[7.2487,12.6962],[7.2407,12.6925],[7.2387,12.6933],[7.2319,12.692],[7.2276,12.693],[7.2274,12.6906],[7.2211,12.6879],[7.2125,12.6908],[7.2114,12.692],[7.2071,12.6914],[7.2051,12.684]]]},"properties":{"name":"BABBAN DUHU 'A'","state":"20","code":"20/32/04"}},{"type":"Feature","geometry":{"type":"Polygon","coordinates":[[[7.0144,12.6957],[6.989,12.6734],[7.035,12.6614],[7.0393,12.6587],[7.0445,12.6589],[7.0463,12.65],[7.0472,12.6377],[7.046,12.6196],[7.0516,12.587],[7.0502,12.5752],[7.0552,12.5765],[7.0584,12.5761],[7.0609,12.5795],[7.0686,12.5823],[7.0836,12.5838],[7.0901,12.5839],[7.0948,12.587],[7.0992,12.5876],[7.1077,12.5939],[7.1133,12.5996],[7.1192,12.6008],[7.1233,12.6086],[7.1312,12.6165],[7.1329,12.6202],[7.1401,12.6177],[7.1454,12.6174],[7.1555,12.6195],[7.1612,12.6191],[7.1632,12.6199],[7.1673,12.6184],[7.1697,12.6156],[7.1749,12.6142],[7.1816,12.6162],[7.1844,12.6212],[7.1883,12.6258],[7.1895,12.629],[7.1895,12.6332],[7.1932,12.6396],[7.1998,12.6415],[7.2083,12.6481],[7.2116,12.6497],[7.2103,12.6558],[7.2148,12.6573],[7.2138,12.6607],[7.2114,12.6641],[7.2122,12.6673],[7.2151,12.671],[7.2121,12.6739],[7.21,12.6779],[7.2051,12.684],[7.1974,12.6841],[7.1945,12.6807],[7.1923,12.6799],[7.184,12.6798],[7.1823,12.6783],[7.181,12.6744],[7.182,12.6687],[7.174,12.6629],[7.1695,12.6618],[7.1587,12.6613],[7.1533,12.6634],[7.1497,12.6631],[7.146,12.6573],[7.1421,12.6555],[7.1386,12.6572],[7.1354,12.6621],[7.1292,12.6624],[7.126,12.6668],[7.1197,12.6737],[7.1101,12.6788],[7.1064,12.6794],[7.1017,12.6832],[7.0928,12.6835],[7.0869,12.6891],[7.0762,12.6926],[7.0721,12.6912],[7.0658,12.6922],[7.0639,12.6939],[7.0551,12.6962],[7.0478,12.6953],[7.0347,12.6965],[7.0321,12.6948],[7.0264,12.695],[7.0166,12.6961],[7.0144,12.6957]]]},"properties":{"name":"BABBAN DUHU 'B'","state":"20","code":"20/32/05"}},{"type":"Feature","geometry":{"type":"Polygon","coordinates":[[[7.2971,12.3129],[7.3001,12.3145],[7.3007,12.3187],[7.3023,12.3224],[7.3051,12.3229],[7.3112,12.3196],[7.3151,12.3193],[7.3176,12.3221],[7.322,12.323],[7.3281,12.3203],[7.3356,12.3202],[7.3382,12.3252],[7.3412,12.3254],[7.3441,12.3257],[7.3425,12.3289],[7.3426,12.3346],[7.3388,12.3409],[7.3378,12.3525],[7.3384,12.3577],[7.3489,12.3702],[7.3475,12.3715],[7.3438,12.3788],[7.3436,12.3808],[7.3375,12.3879],[7.3329,12.3854],[7.3236,12.3861],[7.318,12.3877],[7.3158,12.3849],[7.3044,12.3788],[7.3029,12.3772],[7.2952,12.3752],[7.2925,12.3751],[7.2906,12.373],[7.2841,12.371],[7.2823,12.3695],[7.2782,12.3721],[7.2751,12.3754],[7.2706,12.373],[7.2684,12.3733],[7.264,12.3781],[7.2587,12.3781],[7.2568,12.379],[7.2478,12.3776],[7.2467,12.3791],[7.2411,12.3818],[7.2383,12.3856],[7.2326,12.3868],[7.2298,12.3897],[7.2227,12.3935],[7.2217,12.3963],[7.2187,12.3991],[7.2156,12.4041],[7.2068,12.4098],[7.2065,12.4142],[7.2001,12.4203],[7.1933,12.4234],[7.1893,12.4282],[7.1864,12.43],[7.1852,12.4325],[7.1743,12.4472],[7.1654,12.4531],[7.1606,12.4508],[7.154,12.4506],[7.1486,12.4441],[7.1443,12.4422],[7.1385,12.4416],[7.1318,12.4371],[7.1226,12.4343],[7.1153,12.4335],[7.1088,12.4303],[7.1106,12.4268],[7.1093,12.4237],[7.1085,12.4178],[7.1056,12.4121],[7.103,12.409],[7.1001,12.4027],[7.1008,12.3982],[7.1001,12.3937],[7.098,12.3876],[7.1023,12.3899],[7.1064,12.3895],[7.1095,12.3862],[7.1133,12.3857],[7.1149,12.3833],[7.1241,12.3731],[7.1307,12.3752],[7.1329,12.3711],[7.131,12.3658],[7.1321,12.3636],[7.1392,12.362],[7.1444,12.3583],[7.1494,12.358],[7.1503,12.3564],[7.1555,12.3527],[7.1657,12.3517],[7.1731,12.3488],[7.1801,12.3522],[7.191,12.3502],[7.201,12.3421],[7.2078,12.3415],[7.2151,12.3435],[7.2203,12.3376],[7.2255,12.3359],[7.2324,12.3399],[7.2338,12.3428],[7.2387,12.346],[7.2424,12.3453],[7.2542,12.3461],[7.2641,12.3476],[7.265,12.3459],[7.2633,12.3409],[7.2712,12.3406],[7.2723,12.3358],[7.2784,12.3327],[7.2785,12.3283],[7.28,12.3218],[7.2919,12.3156],[7.2971,12.3129]]]},"properties":{"name":"RUNKA 'B'","state":"20","code":"20/32/06"}},{"type":"Feature","geometry":{"type":"Polygon","coordinates":[[[7.2965,12.6768],[7.2995,12.6694],[7.3049,12.6669],[7.3048,12.6626],[7.3075,12.6592],[7.3149,12.6542],[7.3159,12.6517],[7.3191,12.649],[7.3199,12.6456],[7.3219,12.6433],[7.3298,12.6417],[7.3377,12.6377],[7.3408,12.6386],[7.341,12.6344],[7.3424,12.6295],[7.344,12.6283],[7.3408,12.6253],[7.3412,12.623],[7.3387,12.6209],[7.3396,12.6153],[7.3378,12.6108],[7.3389,12.6095],[7.3366,12.6015],[7.3368,12.5988],[7.3392,12.5967],[7.3388,12.59],[7.3395,12.5865],[7.3448,12.5834],[7.3461,12.5806],[7.3516,12.5772],[7.3522,12.5749],[7.3621,12.5675],[7.3669,12.5703],[7.3661,12.5725],[7.3694,12.5779],[7.3686,12.5813],[7.3664,12.5846],[7.3666,12.5866],[7.3704,12.5897],[7.3709,12.5971],[7.3683,12.6024],[7.37,12.6056],[7.3781,12.6089],[7.3819,12.6148],[7.3872,12.6157],[7.3879,12.6219],[7.386,12.6236],[7.3862,12.6289],[7.3838,12.6336],[7.3779,12.6359],[7.3771,12.6393],[7.3804,12.6443],[7.3861,12.6459],[7.389,12.6506],[7.3878,12.6555],[7.39,12.6613],[7.3878,12.6646],[7.3861,12.6701],[7.3834,12.6714],[7.383,12.6736],[7.3767,12.6782],[7.3764,12.6805],[7.3729,12.6836],[7.366,12.683],[7.3607,12.6921],[7.3568,12.693],[7.3529,12.6886],[7.3494,12.688],[7.3447,12.69],[7.3397,12.6895],[7.3374,12.6911],[7.3341,12.6897],[7.3294,12.6896],[7.3284,12.6829],[7.3246,12.6806],[7.3213,12.6814],[7.3161,12.6808],[7.3146,12.6797],[7.3108,12.6813],[7.3071,12.6811],[7.3039,12.6826],[7.2993,12.6805],[7.2965,12.6768]]]},"properties":{"name":"ZAKKA 'A'","state":"20","code":"20/32/07"}},{"type":"Feature","geometry":{"type":"Polygon","coordinates":[[[7.3621,12.5675],[7.3522,12.5749],[7.3516,12.5772],[7.3461,12.5806],[7.3448,12.5834],[7.3395,12.5865],[7.3388,12.59],[7.3392,12.5967],[7.3368,12.5988],[7.3366,12.6015],[7.3389,12.6095],[7.3378,12.6108],[7.3396,12.6153],[7.3387,12.6209],[7.3412,12.623],[7.3408,12.6253],[7.344,12.6283],[7.3424,12.6295],[7.341,12.6344],[7.3408,12.6386],[7.3377,12.6377],[7.3298,12.6417],[7.3219,12.6433],[7.3199,12.6456],[7.3067,12.6422],[7.3064,12.638],[7.3004,12.6358],[7.2948,12.6327],[7.2932,12.6284],[7.2878,12.6271],[7.2878,12.6246],[7.2911,12.6229],[7.288,12.6159],[7.2856,12.6125],[7.289,12.6086],[7.2885,12.604],[7.287,12.6017],[7.2828,12.6035],[7.2739,12.6017],[7.2717,12.5973],[7.2651,12.6003],[7.2643,12.6022],[7.2604,12.6025],[7.2536,12.5947],[7.2479,12.5947],[7.2449,12.5938],[7.2397,12.596],[7.2343,12.5956],[7.2326,12.5934],[7.2309,12.5853],[7.2293,12.5817],[7.2338,12.5806],[7.2374,12.5785],[7.2385,12.5759],[7.2393,12.5639],[7.2358,12.5522],[7.2339,12.5509],[7.2338,12.5465],[7.235,12.5423],[7.2342,12.5378],[7.2366,12.529],[7.2414,12.5204],[7.2451,12.5213],[7.2517,12.5243],[7.259,12.5249],[7.2622,12.5291],[7.2622,12.5359],[7.2648,12.5403],[7.2662,12.5446],[7.2639,12.5482],[7.2659,12.5582],[7.2674,12.5593],[7.2703,12.5686],[7.2739,12.575],[7.2773,12.5772],[7.2781,12.5745],[7.2842,12.5677],[7.286,12.5673],[7.2879,12.5634],[7.2903,12.5609],[7.2988,12.5621],[7.3036,12.5602],[7.3115,12.5584],[7.3184,12.5521],[7.3246,12.5508],[7.3273,12.5555],[7.333,12.5578],[7.3438,12.553],[7.3466,12.5554],[7.3512,12.5537],[7.3568,12.5475],[7.3608,12.5439],[7.3648,12.5447],[7.371,12.5496],[7.3786,12.5502],[7.38,12.5535],[7.3775,12.553],[7.3726,12.5563],[7.3718,12.5613],[7.3681,12.562],[7.3621,12.5675]]]},"properties":{"name":"ZAKKA 'B'","state":"20","code":"20/32/08"}},{"type":"Feature","geometry":{"type":"Polygon","coordinates":[[[7.2223,12.6531],[7.2222,12.6482],[7.2183,12.6459],[7.2182,12.6372],[7.2206,12.631],[7.2209,12.6242],[7.2237,12.6205],[7.2242,12.6174],[7.2224,12.6087],[7.226,12.5995],[7.2328,12.5977],[7.2343,12.5956],[7.2397,12.596],[7.2449,12.5938],[7.2479,12.5947],[7.2536,12.5947],[7.2604,12.6025],[7.2643,12.6022],[7.2651,12.6003],[7.2717,12.5973],[7.2739,12.6017],[7.2828,12.6035],[7.287,12.6017],[7.2885,12.604],[7.289,12.6086],[7.2856,12.6125],[7.288,12.6159],[7.2911,12.6229],[7.2878,12.6246],[7.2878,12.6271],[7.2932,12.6284],[7.2948,12.6327],[7.3004,12.6358],[7.3064,12.638],[7.3067,12.6422],[7.3199,12.6456],[7.3191,12.649],[7.3159,12.6517],[7.3149,12.6542],[7.3075,12.6592],[7.3048,12.6626],[7.3049,12.6669],[7.2995,12.6694],[7.2957,12.6656],[7.2923,12.6572],[7.2869,12.6577],[7.2815,12.66],[7.2708,12.6585],[7.2656,12.6591],[7.2645,12.6612],[7.2613,12.6616],[7.2579,12.6646],[7.2537,12.6631],[7.2491,12.6597],[7.2408,12.6617],[7.2273,12.6549],[7.2248,12.653],[7.2223,12.6531]]]},"properties":{"name":"BAURE 'A'","state":"20","code":"20/32/09"}},{"type":"Feature","geometry":{"type":"Polygon","coordinates":[[[7.1088,12.4303],[7.1153,12.4335],[7.1226,12.4343],[7.1318,12.4371],[7.1385,12.4416],[7.1443,12.4422],[7.1486,12.4441],[7.154,12.4506],[7.1606,12.4508],[7.1654,12.4531],[7.1673,12.4559],[7.1699,12.4562],[7.1739,12.4597],[7.1739,12.4659],[7.1763,12.47],[7.1765,12.4725],[7.1805,12.4765],[7.1843,12.4786],[7.1891,12.4859],[7.1912,12.4913],[7.1954,12.4952],[7.1996,12.4974],[7.2026,12.5029],[7.2065,12.5055],[7.2089,12.5053],[7.2153,12.5082],[7.2218,12.509],[7.2257,12.5104],[7.2298,12.5159],[7.2375,12.5171],[7.2414,12.5204],[7.2366,12.529],[7.2342,12.5378],[7.235,12.5423],[7.2338,12.5465],[7.2339,12.5509],[7.2358,12.5522],[7.2393,12.5639],[7.2385,12.5759],[7.2374,12.5785],[7.2338,12.5806],[7.2293,12.5817],[7.2309,12.5853],[7.2326,12.5934],[7.2343,12.5956],[7.2328,12.5977],[7.226,12.5995],[7.2224,12.6087],[7.2242,12.6174],[7.2237,12.6205],[7.2209,12.6242],[7.2206,12.631],[7.2182,12.6372],[7.2183,12.6459],[7.2222,12.6482],[7.2223,12.6531],[7.2165,12.6522],[7.2116,12.6497],[7.2083,12.6481],[7.1998,12.6415],[7.1932,12.6396],[7.1895,12.6332],[7.1895,12.629],[7.1883,12.6258],[7.1844,12.6212],[7.1816,12.6162],[7.1749,12.6142],[7.1697,12.6156],[7.1673,12.6184],[7.1632,12.6199],[7.1612,12.6191],[7.1555,12.6195],[7.1454,12.6174],[7.1401,12.6177],[7.1329,12.6202],[7.1312,12.6165],[7.1233,12.6086],[7.1192,12.6008],[7.1133,12.5996],[7.1077,12.5939],[7.0992,12.5876],[7.0948,12.587],[7.0901,12.5839],[7.0836,12.5838],[7.0686,12.5823],[7.0609,12.5795],[7.0584,12.5761],[7.0552,12.5765],[7.0502,12.5752],[7.0521,12.5534],[7.0512,12.5399],[7.0537,12.5293],[7.0537,12.5163],[7.0594,12.4886],[7.0599,12.4808],[7.0648,12.4407],[7.0664,12.4414],[7.0774,12.441],[7.0828,12.4424],[7.0874,12.4418],[7.0943,12.4388],[7.1057,12.4309],[7.1088,12.4303]]]},"properties":{"name":"BAURE 'B'","state":"20","code":"20/32/10"}},{"type":"Feature","geometry":{"type":"Polygon","coordinates":[[[8.3441,12.9256],[8.3524,12.9267],[8.3629,12.9354],[8.3667,12.9405],[8.3766,12.9445],[8.3772,12.9355],[8.3788,12.9324],[8.3792,12.9276],[8.3772,12.9216],[8.3776,12.9168],[8.3767,12.9121],[8.3795,12.9111],[8.3823,12.9107],[8.3881,12.9156],[8.3944,12.9219],[8.3976,12.9236],[8.4017,12.9236],[8.4067,12.9251],[8.4089,12.9294],[8.4054,12.9351],[8.4075,12.9397],[8.4052,12.9419],[8.4021,12.9423],[8.3996,12.9508],[8.3971,12.9555],[8.3957,12.9559],[8.3956,12.9622],[8.405,12.9628],[8.4027,12.9688],[8.406,12.9744],[8.4114,12.9773],[8.4106,12.9813],[8.4071,12.9916],[8.4011,12.9934],[8.3938,12.9924],[8.3884,12.9926],[8.3792,12.9872],[8.3812,12.9784],[8.3726,12.9731],[8.369,12.9734],[8.3668,12.976],[8.3634,12.9778],[8.3559,12.9773],[8.3504,12.971],[8.3511,12.9688],[8.3489,12.9627],[8.346,12.9585],[8.3433,12.9585],[8.3363,12.9561],[8.3386,12.9412],[8.3442,12.9379],[8.3441,12.9256]]]},"properties":{"name":"SANDAMU","state":"20","code":"20/33/01"}},{"type":"Feature","geometry":{"type":"Polygon","coordinates":[[[8.3381,12.9847],[8.3396,12.9837],[8.3416,12.9739],[8.3504,12.971],[8.3559,12.9773],[8.3634,12.9778],[8.3668,12.976],[8.369,12.9734],[8.3726,12.9731],[8.3812,12.9784],[8.3792,12.9872],[8.3772,12.9882],[8.3768,12.9928],[8.3747,12.9991],[8.3748,13.0024],[8.3696,13.0012],[8.3669,12.9991],[8.3623,13.0043],[8.3588,13.0068],[8.3519,13.0077],[8.3508,13.0071],[8.3489,13.0016],[8.3458,12.9969],[8.3479,12.9913],[8.3469,12.989],[8.3393,12.9882],[8.3381,12.9847]]]},"properties":{"name":"KARKARKU","state":"20","code":"20/33/02"}},{"type":"Feature","geometry":{"type":"Polygon","coordinates":[[[8.3588,13.0068],[8.3623,13.0043],[8.3669,12.9991],[8.3696,13.0012],[8.3748,13.0024],[8.3747,12.9991],[8.3768,12.9928],[8.3772,12.9882],[8.3792,12.9872],[8.3884,12.9926],[8.3938,12.9924],[8.4011,12.9934],[8.4071,12.9916],[8.4106,12.9813],[8.4114,12.9773],[8.4158,12.9753],[8.4155,12.9682],[8.4169,12.9668],[8.4178,12.9614],[8.4221,12.96],[8.4238,12.9609],[8.4232,12.9662],[8.4245,12.9694],[8.4186,12.9753],[8.4214,12.9756],[8.4275,12.9732],[8.4343,12.9737],[8.4378,12.9754],[8.4411,12.9784],[8.4371,12.9819],[8.4376,12.989],[8.4356,12.9929],[8.4267,12.9974],[8.4185,13],[8.4194,13.0078],[8.4238,13.0115],[8.4219,13.0151],[8.4235,13.0206],[8.419,13.0222],[8.4173,13.0239],[8.4151,13.0289],[8.4114,13.035],[8.4054,13.0301],[8.3978,13.0267],[8.3964,13.0246],[8.3888,13.0212],[8.3813,13.0208],[8.3763,13.0177],[8.3731,13.0169],[8.3682,13.0191],[8.3674,13.0174],[8.362,13.0129],[8.3588,13.0068]]]},"properties":{"name":"KWASARAWA","state":"20","code":"20/33/03"}},{"type":"Feature","geometry":{"type":"Polygon","coordinates":[[[8.251,12.8802],[8.2537,12.8749],[8.2567,12.8724],[8.2588,12.8689],[8.2646,12.8698],[8.2678,12.8714],[8.2717,12.8705],[8.2778,12.8705],[8.2821,12.8668],[8.2859,12.8669],[8.2883,12.8643],[8.2913,12.8592],[8.2947,12.8563],[8.2993,12.8613],[8.3069,12.8604],[8.3187,12.8628],[8.3242,12.8663],[8.3216,12.8706],[8.3109,12.8757],[8.3088,12.883],[8.3157,12.8872],[8.3204,12.8892],[8.3205,12.8934],[8.3189,12.8988],[8.3161,12.9012],[8.3107,12.908],[8.3044,12.91],[8.3027,12.9097],[8.2977,12.9127],[8.2932,12.9087],[8.2882,12.9054],[8.2868,12.9036],[8.2826,12.9036],[8.2792,12.9032],[8.2752,12.9056],[8.272,12.9053],[8.2684,12.9008],[8.2638,12.8982],[8.2608,12.8923],[8.2544,12.8864],[8.2534,12.8831],[8.251,12.8802]]]},"properties":{"name":"DANEJI 'A'","state":"20","code":"20/33/04"}},{"type":"Feature","geometry":{"type":"Polygon","coordinates":[[[8.2871,12.8291],[8.2923,12.8291],[8.3003,12.831],[8.321,12.8336],[8.3212,12.8356],[8.3252,12.8386],[8.3263,12.8429],[8.3302,12.8446],[8.3314,12.8535],[8.3247,12.8596],[8.3255,12.8625],[8.3242,12.8663],[8.3187,12.8628],[8.3069,12.8604],[8.2993,12.8613],[8.2947,12.8563],[8.2913,12.8592],[8.2883,12.8643],[8.2859,12.8669],[8.2821,12.8668],[8.2778,12.8705],[8.2717,12.8705],[8.2718,12.8681],[8.2691,12.8656],[8.2648,12.8572],[8.2612,12.8566],[8.251,12.8493],[8.2482,12.8498],[8.2446,12.8463],[8.2426,12.8414],[8.2395,12.8389],[8.2395,12.8339],[8.2383,12.8321],[8.24,12.8261],[8.245,12.8279],[8.2606,12.8301],[8.2754,12.8292],[8.2871,12.8291]]]},"properties":{"name":"DANEJI 'B'","state":"20","code":"20/33/05"}},{"type":"Feature","geometry":{"type":"Polygon","coordinates":[[[8.3795,12.9111],[8.3743,12.9069],[8.3696,12.9042],[8.3712,12.9029],[8.3722,12.8971],[8.3719,12.8932],[8.374,12.8927],[8.3772,12.8886],[8.3795,12.8872],[8.3795,12.8823],[8.3867,12.8747],[8.3875,12.8729],[8.3957,12.8718],[8.3992,12.8693],[8.4045,12.868],[8.4091,12.8677],[8.4128,12.875],[8.4207,12.882],[8.4274,12.8853],[8.4308,12.8853],[8.4347,12.8872],[8.4352,12.8898],[8.4385,12.892],[8.4412,12.8922],[8.4409,12.895],[8.442,12.9027],[8.4318,12.9045],[8.4272,12.9012],[8.4217,12.9025],[8.4177,12.9051],[8.4181,12.9082],[8.4203,12.9141],[8.4226,12.9174],[8.4206,12.9184],[8.4168,12.918],[8.409,12.9224],[8.4067,12.9251],[8.4017,12.9236],[8.3976,12.9236],[8.3944,12.9219],[8.3881,12.9156],[8.3823,12.9107],[8.3795,12.9111]]]},"properties":{"name":"FAGO 'A'","state":"20","code":"20/33/06"}},{"type":"Feature","geometry":{"type":"Polygon","coordinates":[[[8.4614,12.823],[8.4698,12.8281],[8.4853,12.832],[8.4944,12.8331],[8.4969,12.8403],[8.4904,12.8454],[8.4808,12.8385],[8.4741,12.8454],[8.4672,12.846],[8.4669,12.852],[8.4658,12.855],[8.4622,12.8593],[8.4647,12.8642],[8.461,12.8697],[8.4568,12.8737],[8.4568,12.8774],[8.4518,12.882],[8.4519,12.8846],[8.4487,12.889],[8.4412,12.8922],[8.4385,12.892],[8.4352,12.8898],[8.4347,12.8872],[8.4308,12.8853],[8.4274,12.8853],[8.4207,12.882],[8.4128,12.875],[8.4091,12.8677],[8.4045,12.868],[8.3992,12.8693],[8.3996,12.8614],[8.3966,12.8551],[8.393,12.8508],[8.3911,12.846],[8.3938,12.8426],[8.3985,12.8437],[8.3982,12.8397],[8.3993,12.8331],[8.3983,12.8259],[8.4065,12.8244],[8.4077,12.8215],[8.4108,12.8192],[8.4137,12.8194],[8.4167,12.815],[8.4222,12.8158],[8.4255,12.8197],[8.4354,12.8152],[8.4441,12.8161],[8.4523,12.819],[8.4614,12.823]]]},"properties":{"name":"FAGO 'B'","state":"20","code":"20/33/07"}},{"type":"Feature","geometry":{"type":"Polygon","coordinates":[[[8.3189,12.8988],[8.3205,12.8934],[8.3204,12.8892],[8.3157,12.8872],[8.3088,12.883],[8.3109,12.8757],[8.3216,12.8706],[8.3242,12.8663],[8.3268,12.8677],[8.3325,12.868],[8.3403,12.8755],[8.3453,12.8738],[8.3516,12.8783],[8.3536,12.8761],[8.3578,12.8764],[8.357,12.8722],[8.3574,12.8681],[8.3592,12.8674],[8.3621,12.8627],[8.3684,12.8616],[8.3739,12.8647],[8.3752,12.8668],[8.3788,12.8682],[8.3875,12.8729],[8.3867,12.8747],[8.3795,12.8823],[8.3795,12.8872],[8.3772,12.8886],[8.374,12.8927],[8.3719,12.8932],[8.3722,12.8971],[8.3712,12.9029],[8.3696,12.9042],[8.3743,12.9069],[8.3795,12.9111],[8.3767,12.9121],[8.3776,12.9168],[8.3772,12.9216],[8.3792,12.9276],[8.3788,12.9324],[8.3772,12.9355],[8.3766,12.9445],[8.3667,12.9405],[8.3629,12.9354],[8.3524,12.9267],[8.3441,12.9256],[8.3369,12.9174],[8.3335,12.9156],[8.3308,12.9119],[8.3286,12.9055],[8.3228,12.8997],[8.3189,12.8988]]]},"properties":{"name":"RADE 'A'","state":"20","code":"20/33/08"}},{"type":"Feature","geometry":{"type":"Polygon","coordinates":[[[8.3983,12.8259],[8.3993,12.8331],[8.3982,12.8397],[8.3985,12.8437],[8.3938,12.8426],[8.3911,12.846],[8.393,12.8508],[8.3966,12.8551],[8.3996,12.8614],[8.3992,12.8693],[8.3957,12.8718],[8.3875,12.8729],[8.3788,12.8682],[8.3752,12.8668],[8.3739,12.8647],[8.3684,12.8616],[8.3621,12.8627],[8.3592,12.8674],[8.3574,12.8681],[8.357,12.8722],[8.3578,12.8764],[8.3536,12.8761],[8.3516,12.8783],[8.3453,12.8738],[8.3403,12.8755],[8.3325,12.868],[8.3268,12.8677],[8.3242,12.8663],[8.3255,12.8625],[8.3247,12.8596],[8.3314,12.8535],[8.3302,12.8446],[8.3263,12.8429],[8.3252,12.8386],[8.3212,12.8356],[8.321,12.8336],[8.3375,12.836],[8.3468,12.8299],[8.3524,12.8255],[8.3598,12.8239],[8.3706,12.8255],[8.3746,12.8251],[8.3901,12.8253],[8.3949,12.8262],[8.3983,12.8259]]]},"properties":{"name":"RADE 'B'","state":"20","code":"20/33/09"}},{"type":"Feature","geometry":{"type":"Polygon","coordinates":[[[8.442,12.9027],[8.4457,12.9057],[8.4495,12.9072],[8.4556,12.9083],[8.4589,12.911],[8.4624,12.9126],[8.4647,12.9229],[8.4536,12.9282],[8.4489,12.9323],[8.447,12.9369],[8.4479,12.9422],[8.4459,12.945],[8.4457,12.9476],[8.4427,12.9506],[8.4383,12.9503],[8.4319,12.9468],[8.43,12.9413],[8.4322,12.9386],[8.4325,12.935],[8.4286,12.9317],[8.4281,12.9274],[8.4261,12.923],[8.4206,12.9184],[8.4226,12.9174],[8.4203,12.9141],[8.4181,12.9082],[8.4177,12.9051],[8.4217,12.9025],[8.4272,12.9012],[8.4318,12.9045],[8.442,12.9027]]]},"properties":{"name":"KATSAYAL","state":"20","code":"20/33/10"}},{"type":"Feature","geometry":{"type":"Polygon","coordinates":[[[8.4067,12.9251],[8.409,12.9224],[8.4168,12.918],[8.4206,12.9184],[8.4261,12.923],[8.4281,12.9274],[8.4286,12.9317],[8.4325,12.935],[8.4322,12.9386],[8.43,12.9413],[8.4319,12.9468],[8.4383,12.9503],[8.4427,12.9506],[8.4457,12.9476],[8.4459,12.945],[8.4479,12.9422],[8.447,12.9369],[8.4489,12.9323],[8.4536,12.9282],[8.4647,12.9229],[8.4691,12.9245],[8.4723,12.9272],[8.4721,12.9305],[8.4699,12.9328],[8.4668,12.9335],[8.4589,12.9414],[8.4569,12.9485],[8.4589,12.9544],[8.4504,12.9568],[8.4476,12.9659],[8.4462,12.9667],[8.4458,12.9753],[8.4411,12.9784],[8.4378,12.9754],[8.4343,12.9737],[8.4275,12.9732],[8.4214,12.9756],[8.4186,12.9753],[8.4245,12.9694],[8.4232,12.9662],[8.4238,12.9609],[8.4221,12.96],[8.4178,12.9614],[8.4169,12.9668],[8.4155,12.9682],[8.4158,12.9753],[8.4114,12.9773],[8.406,12.9744],[8.4027,12.9688],[8.405,12.9628],[8.3956,12.9622],[8.3957,12.9559],[8.3971,12.9555],[8.3996,12.9508],[8.4021,12.9423],[8.4052,12.9419],[8.4075,12.9397],[8.4054,12.9351],[8.4089,12.9294],[8.4067,12.9251]]]},"properties":{"name":"KAGARE","state":"20","code":"20/33/11"}},{"type":"Feature","geometry":{"type":"Polygon","coordinates":[[[8.6357,12.9696],[8.6296,12.9843],[8.625,12.9893],[8.6163,13.0005],[8.6071,13.0114],[8.5968,13.0233],[8.5851,13.0285],[8.5683,13.0379],[8.5556,13.0491],[8.5485,13.0457],[8.5432,13.042],[8.5415,13.0375],[8.5412,13.0325],[8.5399,13.0321],[8.5392,13.0283],[8.5346,13.023],[8.5309,13.0163],[8.5309,13.0082],[8.5337,13.0073],[8.537,13.0004],[8.538,12.9945],[8.5516,12.9921],[8.5573,12.9895],[8.5681,12.9828],[8.5734,12.9818],[8.5794,12.9853],[8.5842,12.9919],[8.5888,12.9943],[8.5912,12.994],[8.5934,12.9904],[8.596,12.9891],[8.5994,12.9823],[8.6032,12.9805],[8.6013,12.9778],[8.6011,12.9749],[8.5991,12.9704],[8.602,12.9673],[8.6075,12.9607],[8.6162,12.9608],[8.62,12.9655],[8.6276,12.9666],[8.6313,12.9685],[8.6357,12.9696]]]},"properties":{"name":"YARDAJE","state":"20","code":"20/34/01"}},{"type":"Feature","geometry":{"type":"Polygon","coordinates":[[[8.538,12.9945],[8.5379,12.9911],[8.5403,12.9876],[8.5407,12.9803],[8.5392,12.9699],[8.5348,12.9684],[8.5318,12.9663],[8.5373,12.9614],[8.5403,12.9617],[8.546,12.9608],[8.5497,12.9623],[8.56,12.9601],[8.5629,12.9561],[8.563,12.9538],[8.5565,12.9447],[8.555,12.9415],[8.5555,12.9387],[8.5586,12.9363],[8.5581,12.9317],[8.5655,12.9308],[8.5689,12.929],[8.5756,12.9347],[8.5881,12.9336],[8.59,12.9299],[8.588,12.9287],[8.583,12.9233],[8.5891,12.9206],[8.5931,12.9206],[8.5941,12.9187],[8.6031,12.9221],[8.6124,12.9193],[8.6163,12.9222],[8.6068,12.9303],[8.6057,12.9329],[8.6073,12.9371],[8.6109,12.94],[8.6083,12.9466],[8.6087,12.9503],[8.6035,12.9491],[8.5986,12.9511],[8.6003,12.9554],[8.5989,12.9621],[8.602,12.9673],[8.5991,12.9704],[8.6011,12.9749],[8.6013,12.9778],[8.6032,12.9805],[8.5994,12.9823],[8.596,12.9891],[8.5934,12.9904],[8.5912,12.994],[8.5888,12.9943],[8.5842,12.9919],[8.5794,12.9853],[8.5734,12.9818],[8.5681,12.9828],[8.5573,12.9895],[8.5516,12.9921],[8.538,12.9945]]]},"properties":{"name":"KANDA","state":"20","code":"20/34/02"}},{"type":"Feature","geometry":{"type":"Polygon","coordinates":[[[8.5556,13.0491],[8.5492,13.055],[8.537,13.0564],[8.533,13.0587],[8.5022,13.0742],[8.4937,13.0753],[8.4787,13.0744],[8.4718,13.0735],[8.4723,13.07],[8.4692,13.0662],[8.4707,13.0617],[8.4679,13.0514],[8.4689,13.0487],[8.472,13.0472],[8.4775,13.0399],[8.4774,13.0361],[8.4814,13.0332],[8.489,13.0242],[8.4965,13.0296],[8.5042,13.0371],[8.5092,13.0394],[8.5132,13.0381],[8.5176,13.0384],[8.5199,13.0374],[8.526,13.0376],[8.5314,13.0339],[8.5399,13.0321],[8.5412,13.0325],[8.5415,13.0375],[8.5432,13.042],[8.5485,13.0457],[8.5556,13.0491]]]},"properties":{"name":"ZANGO","state":"20","code":"20/34/03"}},{"type":"Feature","geometry":{"type":"Polygon","coordinates":[[[8.5399,13.0321],[8.5314,13.0339],[8.526,13.0376],[8.5199,13.0374],[8.5176,13.0384],[8.5132,13.0381],[8.5092,13.0394],[8.5042,13.0371],[8.4965,13.0296],[8.489,13.0242],[8.4884,13.0219],[8.4803,13.0147],[8.4756,13.0147],[8.4739,13.0092],[8.469,13.0048],[8.4681,13.0022],[8.4642,12.999],[8.4653,12.9895],[8.4711,12.9876],[8.4738,12.981],[8.4794,12.9788],[8.4849,12.974],[8.4899,12.9714],[8.487,12.9662],[8.4854,12.9596],[8.485,12.9546],[8.4904,12.9564],[8.4963,12.9559],[8.4996,12.9588],[8.5047,12.9603],[8.508,12.956],[8.5148,12.9571],[8.5182,12.9568],[8.5227,12.962],[8.5225,12.9663],[8.5289,12.9679],[8.5318,12.9663],[8.5348,12.9684],[8.5392,12.9699],[8.5407,12.9803],[8.5403,12.9876],[8.5379,12.9911],[8.538,12.9945],[8.537,13.0004],[8.5337,13.0073],[8.5309,13.0082],[8.5309,13.0163],[8.5346,13.023],[8.5392,13.0283],[8.5399,13.0321]]]},"properties":{"name":"SARA","state":"20","code":"20/34/04"}},{"type":"Feature","geometry":{"type":"Polygon","coordinates":[[[8.4114,13.035],[8.4151,13.0289],[8.4173,13.0239],[8.419,13.0222],[8.4235,13.0206],[8.4219,13.0151],[8.4238,13.0115],[8.4194,13.0078],[8.4185,13],[8.4267,12.9974],[8.4356,12.9929],[8.4376,12.989],[8.4371,12.9819],[8.4411,12.9784],[8.4458,12.9753],[8.4462,12.9667],[8.4476,12.9659],[8.4504,12.9568],[8.4589,12.9544],[8.4616,12.9555],[8.47,12.9546],[8.4757,12.9527],[8.4793,12.9529],[8.485,12.9546],[8.4854,12.9596],[8.487,12.9662],[8.4899,12.9714],[8.4849,12.974],[8.4794,12.9788],[8.4738,12.981],[8.4711,12.9876],[8.4653,12.9895],[8.4642,12.999],[8.4681,13.0022],[8.469,13.0048],[8.4739,13.0092],[8.4756,13.0147],[8.4803,13.0147],[8.4884,13.0219],[8.489,13.0242],[8.4814,13.0332],[8.4774,13.0361],[8.4775,13.0399],[8.472,13.0472],[8.4689,13.0487],[8.4679,13.0514],[8.4707,13.0617],[8.4692,13.0662],[8.4723,13.07],[8.4718,13.0735],[8.4656,13.0726],[8.4624,13.0709],[8.4511,13.0674],[8.4215,13.0587],[8.4198,13.0549],[8.4142,13.0509],[8.4131,13.0476],[8.4089,13.0434],[8.4114,13.035]]]},"properties":{"name":"DARGAGE","state":"20","code":"20/34/05"}},{"type":"Feature","geometry":{"type":"Polygon","coordinates":[[[8.5318,12.9663],[8.5289,12.9679],[8.5225,12.9663],[8.5227,12.962],[8.5182,12.9568],[8.5148,12.9571],[8.508,12.956],[8.5047,12.9603],[8.4996,12.9588],[8.4963,12.9559],[8.4904,12.9564],[8.485,12.9546],[8.4793,12.9529],[8.4757,12.9527],[8.4754,12.9449],[8.4821,12.9433],[8.4914,12.9379],[8.502,12.9338],[8.5073,12.9275],[8.5092,12.9239],[8.516,12.9264],[8.5196,12.9285],[8.5265,12.9245],[8.5321,12.9225],[8.5336,12.9186],[8.5319,12.9145],[8.5276,12.9124],[8.526,12.9094],[8.5234,12.9082],[8.5265,12.9039],[8.5262,12.8952],[8.5285,12.8919],[8.5325,12.89],[8.5348,12.8923],[8.5374,12.8918],[8.5422,12.8958],[8.5442,12.8992],[8.5472,12.8993],[8.5531,12.9019],[8.5569,12.9053],[8.5597,12.9049],[8.5689,12.9058],[8.5683,12.9114],[8.5715,12.9138],[8.5723,12.9178],[8.5739,12.9199],[8.5689,12.929],[8.5655,12.9308],[8.5581,12.9317],[8.5586,12.9363],[8.5555,12.9387],[8.555,12.9415],[8.5565,12.9447],[8.563,12.9538],[8.5629,12.9561],[8.56,12.9601],[8.5497,12.9623],[8.546,12.9608],[8.5403,12.9617],[8.5373,12.9614],[8.5318,12.9663]]]},"properties":{"name":"ROGOGO/CIDARI","state":"20","code":"20/34/06"}},{"type":"Feature","geometry":{"type":"Polygon","coordinates":[[[8.5473,12.8413],[8.5531,12.8443],[8.5541,12.846],[8.5522,12.8495],[8.5478,12.8616],[8.5509,12.8661],[8.5565,12.8697],[8.5539,12.8728],[8.5538,12.8762],[8.5516,12.8821],[8.5499,12.8824],[8.5477,12.8876],[8.5419,12.8872],[8.5361,12.8895],[8.5325,12.89],[8.5285,12.8919],[8.5262,12.8952],[8.5265,12.9039],[8.5234,12.9082],[8.526,12.9094],[8.5276,12.9124],[8.5319,12.9145],[8.5336,12.9186],[8.5321,12.9225],[8.5265,12.9245],[8.5196,12.9285],[8.516,12.9264],[8.5092,12.9239],[8.5073,12.9275],[8.502,12.9338],[8.4914,12.9379],[8.4821,12.9433],[8.4754,12.9449],[8.4757,12.9527],[8.47,12.9546],[8.4616,12.9555],[8.4589,12.9544],[8.4569,12.9485],[8.4589,12.9414],[8.4668,12.9335],[8.4699,12.9328],[8.4721,12.9305],[8.4723,12.9272],[8.4691,12.9245],[8.4647,12.9229],[8.4624,12.9126],[8.4589,12.911],[8.4556,12.9083],[8.4495,12.9072],[8.4457,12.9057],[8.442,12.9027],[8.4409,12.895],[8.4412,12.8922],[8.4487,12.889],[8.4519,12.8846],[8.4518,12.882],[8.4568,12.8774],[8.4568,12.8737],[8.461,12.8697],[8.4647,12.8642],[8.4622,12.8593],[8.4658,12.855],[8.4669,12.852],[8.4672,12.846],[8.4741,12.8454],[8.4808,12.8385],[8.4904,12.8454],[8.4969,12.8403],[8.4944,12.8331],[8.5021,12.8338],[8.5148,12.8329],[8.5163,12.8374],[8.5217,12.8412],[8.5274,12.8441],[8.5345,12.8438],[8.5368,12.8424],[8.5461,12.8421],[8.5473,12.8413]]]},"properties":{"name":"GARNI","state":"20","code":"20/34/07"}},{"type":"Feature","geometry":{"type":"MultiPolygon","coordinates":[[[[8.602,12.9673],[8.5989,12.9621],[8.6003,12.9554],[8.5986,12.9511],[8.6035,12.9491],[8.6087,12.9503],[8.6083,12.9466],[8.6109,12.94],[8.6073,12.9371],[8.6057,12.9329],[8.6068,12.9303],[8.6163,12.9222],[8.6207,12.9203],[8.6241,12.9129],[8.6248,12.9077],[8.6267,12.9047],[8.6263,12.8975],[8.6278,12.8988],[8.6334,12.9001],[8.6396,12.9059],[8.6476,12.9071],[8.6514,12.9097],[8.6506,12.9206],[8.6471,12.9254],[8.6439,12.9275],[8.6428,12.9308],[8.6427,12.9365],[8.6438,12.9393],[8.6475,12.9427],[8.6459,12.9435],[8.6396,12.9577],[8.6357,12.9696],[8.6313,12.9685],[8.6276,12.9666],[8.62,12.9655],[8.6162,12.9608],[8.6075,12.9607],[8.602,12.9673]]],[[[8.5689,12.929],[8.5739,12.9199],[8.5796,12.9207],[8.583,12.9233],[8.588,12.9287],[8.59,12.9299],[8.5881,12.9336],[8.5756,12.9347],[8.5689,12.929]]]]},"properties":{"name":"GWAMBA","state":"20","code":"20/34/08"}},{"type":"Feature","geometry":{"type":"Polygon","coordinates":[[[8.722,12.8681],[8.7242,12.8746],[8.7216,12.8829],[8.717,12.8825],[8.71,12.8858],[8.706,12.89],[8.7112,12.8913],[8.7159,12.8996],[8.7156,12.906],[8.7118,12.9166],[8.7029,12.9189],[8.6597,12.9364],[8.6475,12.9427],[8.6438,12.9393],[8.6427,12.9365],[8.6428,12.9308],[8.6439,12.9275],[8.6471,12.9254],[8.6506,12.9206],[8.6514,12.9097],[8.6476,12.9071],[8.6396,12.9059],[8.6334,12.9001],[8.6278,12.8988],[8.6263,12.8975],[8.6233,12.8912],[8.6246,12.8869],[8.6249,12.8826],[8.6266,12.8805],[8.6308,12.8797],[8.641,12.8789],[8.6486,12.8818],[8.6516,12.8805],[8.6579,12.8809],[8.6636,12.8775],[8.6653,12.8701],[8.6718,12.8573],[8.6724,12.8553],[8.6766,12.8558],[8.6821,12.8548],[8.685,12.8565],[8.6893,12.8546],[8.6913,12.8612],[8.693,12.864],[8.7006,12.8647],[8.7041,12.861],[8.7048,12.8497],[8.7108,12.847],[8.7146,12.8473],[8.7166,12.8491],[8.7193,12.8549],[8.722,12.8681]]]},"properties":{"name":"KAWARIN KUDI","state":"20","code":"20/34/09"}},{"type":"Feature","geometry":{"type":"Polygon","coordinates":[[[8.6249,12.8826],[8.6246,12.8869],[8.6233,12.8912],[8.6263,12.8975],[8.6267,12.9047],[8.6248,12.9077],[8.6241,12.9129],[8.6207,12.9203],[8.6163,12.9222],[8.6124,12.9193],[8.6031,12.9221],[8.5941,12.9187],[8.5931,12.9206],[8.5891,12.9206],[8.583,12.9233],[8.5796,12.9207],[8.5739,12.9199],[8.5723,12.9178],[8.5715,12.9138],[8.5683,12.9114],[8.5689,12.9058],[8.5597,12.9049],[8.5569,12.9053],[8.5531,12.9019],[8.5472,12.8993],[8.5442,12.8992],[8.5422,12.8958],[8.5374,12.8918],[8.5348,12.8923],[8.5325,12.89],[8.5361,12.8895],[8.5419,12.8872],[8.5477,12.8876],[8.5499,12.8824],[8.5516,12.8821],[8.5538,12.8762],[8.5539,12.8728],[8.5565,12.8697],[8.5509,12.8661],[8.5597,12.8645],[8.5639,12.8656],[8.5663,12.8652],[8.5707,12.8618],[8.5739,12.8626],[8.5745,12.8656],[8.5856,12.869],[8.5905,12.8691],[8.598,12.8705],[8.6018,12.8689],[8.606,12.8707],[8.6068,12.874],[8.6122,12.8767],[8.6244,12.8816],[8.6249,12.8826]]]},"properties":{"name":"KAWARIN MALAWAMAI","state":"20","code":"20/34/10"}}]}