{"type":"FeatureCollection","features":[{"type":"Feature","geometry":{"type":"Polygon","coordinates":[[[4.489,12.2839],[4.4852,12.2859],[4.4811,12.2866],[4.4763,12.2887],[4.4668,12.288],[4.4652,12.2845],[4.4645,12.2798],[4.4623,12.2754],[4.4715,12.2743],[4.4781,12.2724],[4.4806,12.276],[4.4837,12.2782],[4.4867,12.2835],[4.489,12.2839]]]},"properties":{"name":"ALIERO DANGALADIMA I","state":"21","code":"21/01/01"}},{"type":"Feature","geometry":{"type":"Polygon","coordinates":[[[4.4623,12.2754],[4.4599,12.2751],[4.4557,12.2699],[4.4499,12.2577],[4.4411,12.259],[4.4412,12.2706],[4.4435,12.2745],[4.4436,12.2768],[4.438,12.2761],[4.4356,12.2752],[4.425,12.2769],[4.4216,12.2764],[4.4269,12.2649],[4.43,12.2633],[4.4328,12.2595],[4.4262,12.2518],[4.4238,12.2456],[4.425,12.2451],[4.4336,12.2371],[4.4353,12.2323],[4.4374,12.2321],[4.4403,12.2282],[4.4424,12.2233],[4.4469,12.2259],[4.4477,12.2287],[4.4548,12.2388],[4.4657,12.2308],[4.4675,12.2271],[4.4699,12.2249],[4.4745,12.2276],[4.481,12.2301],[4.485,12.2391],[4.4886,12.24],[4.4949,12.2394],[4.4895,12.244],[4.4869,12.2493],[4.4781,12.2724],[4.4715,12.2743],[4.4623,12.2754]]]},"properties":{"name":"ALIERO DANGALADIMA II","state":"21","code":"21/01/02"}},{"type":"Feature","geometry":{"type":"Polygon","coordinates":[[[4.489,12.2839],[4.4938,12.2862],[4.4983,12.293],[4.5029,12.2939],[4.5103,12.2967],[4.5036,12.3024],[4.5047,12.3053],[4.5086,12.3061],[4.5066,12.3131],[4.5078,12.3152],[4.5049,12.3179],[4.5028,12.3165],[4.4865,12.3069],[4.4733,12.2966],[4.4675,12.2933],[4.4588,12.2897],[4.4536,12.2867],[4.4495,12.2829],[4.446,12.2785],[4.4436,12.2768],[4.4435,12.2745],[4.4412,12.2706],[4.4411,12.259],[4.4499,12.2577],[4.4557,12.2699],[4.4599,12.2751],[4.4623,12.2754],[4.4645,12.2798],[4.4652,12.2845],[4.4668,12.288],[4.4763,12.2887],[4.4811,12.2866],[4.4852,12.2859],[4.489,12.2839]]]},"properties":{"name":"ALIERO S/FADA I","state":"21","code":"21/01/03"}},{"type":"Feature","geometry":{"type":"Polygon","coordinates":[[[4.4436,12.2768],[4.446,12.2785],[4.4495,12.2829],[4.4536,12.2867],[4.4588,12.2897],[4.4675,12.2933],[4.4733,12.2966],[4.4865,12.3069],[4.5028,12.3165],[4.4997,12.3231],[4.4964,12.3256],[4.494,12.3295],[4.4854,12.3282],[4.4765,12.3239],[4.4728,12.3242],[4.4692,12.3301],[4.4645,12.3328],[4.4628,12.3373],[4.4566,12.3459],[4.4543,12.3503],[4.4474,12.3506],[4.4403,12.3529],[4.4364,12.3595],[4.4314,12.3582],[4.4259,12.3577],[4.4193,12.3537],[4.4131,12.3507],[4.4083,12.3513],[4.4081,12.3496],[4.4027,12.3456],[4.3983,12.3453],[4.3932,12.3432],[4.3871,12.3423],[4.3854,12.3434],[4.373,12.3483],[4.3692,12.3483],[4.37,12.339],[4.369,12.3311],[4.3671,12.3279],[4.3704,12.3228],[4.3738,12.3148],[4.3734,12.3038],[4.3756,12.3053],[4.3791,12.3053],[4.3826,12.308],[4.3854,12.3082],[4.3949,12.3134],[4.4003,12.3214],[4.4061,12.3238],[4.4098,12.3275],[4.4123,12.3317],[4.415,12.3331],[4.4196,12.3304],[4.4214,12.3264],[4.4203,12.3187],[4.4226,12.3115],[4.4265,12.3036],[4.4259,12.2983],[4.4319,12.2938],[4.4357,12.293],[4.4388,12.2833],[4.438,12.2761],[4.4436,12.2768]]]},"properties":{"name":"ALIERO S/FADA II","state":"21","code":"21/01/04"}},{"type":"Feature","geometry":{"type":"Polygon","coordinates":[[[4.4216,12.2764],[4.4174,12.2762],[4.4079,12.2707],[4.4057,12.2673],[4.4028,12.2658],[4.4031,12.258],[4.4058,12.2549],[4.4081,12.2548],[4.4105,12.2521],[4.4107,12.2486],[4.4205,12.2446],[4.4238,12.2456],[4.4262,12.2518],[4.4328,12.2595],[4.43,12.2633],[4.4269,12.2649],[4.4216,12.2764]]]},"properties":{"name":"DANWARAI","state":"21","code":"21/01/05"}},{"type":"Feature","geometry":{"type":"Polygon","coordinates":[[[4.5029,12.2939],[4.5053,12.2868],[4.5047,12.2821],[4.5057,12.2731],[4.5087,12.2691],[4.5139,12.2687],[4.5195,12.2693],[4.5259,12.2669],[4.5295,12.2634],[4.5349,12.2666],[4.5401,12.2681],[4.5398,12.2728],[4.5362,12.2783],[4.5391,12.2798],[4.5386,12.2853],[4.5395,12.2878],[4.5424,12.2904],[4.5409,12.2963],[4.5397,12.3071],[4.5366,12.314],[4.5388,12.3153],[4.5402,12.3186],[4.5381,12.3262],[4.5392,12.3334],[4.5349,12.341],[4.5328,12.3429],[4.5183,12.3457],[4.5135,12.349],[4.5098,12.3499],[4.5057,12.3521],[4.5039,12.3504],[4.5024,12.3455],[4.4984,12.3367],[4.4959,12.3342],[4.494,12.3295],[4.4964,12.3256],[4.4997,12.3231],[4.5028,12.3165],[4.5049,12.3179],[4.5078,12.3152],[4.5066,12.3131],[4.5086,12.3061],[4.5047,12.3053],[4.5036,12.3024],[4.5103,12.2967],[4.5029,12.2939]]]},"properties":{"name":"JIGA BIRNI","state":"21","code":"21/01/06"}},{"type":"Feature","geometry":{"type":"Polygon","coordinates":[[[4.4781,12.2724],[4.4869,12.2493],[4.4895,12.244],[4.4949,12.2394],[4.5017,12.241],[4.504,12.2459],[4.5099,12.2439],[4.5152,12.2398],[4.5262,12.2393],[4.5282,12.242],[4.525,12.2458],[4.5233,12.2504],[4.5211,12.2514],[4.5237,12.2558],[4.5492,12.2508],[4.5504,12.2692],[4.552,12.2842],[4.5571,12.2898],[4.5548,12.293],[4.5492,12.3017],[4.5444,12.3062],[4.5388,12.3153],[4.5366,12.314],[4.5397,12.3071],[4.5409,12.2963],[4.5424,12.2904],[4.5395,12.2878],[4.5386,12.2853],[4.5391,12.2798],[4.5362,12.2783],[4.5398,12.2728],[4.5401,12.2681],[4.5349,12.2666],[4.5295,12.2634],[4.5259,12.2669],[4.5195,12.2693],[4.5139,12.2687],[4.5087,12.2691],[4.5057,12.2731],[4.5047,12.2821],[4.5053,12.2868],[4.5029,12.2939],[4.4983,12.293],[4.4938,12.2862],[4.489,12.2839],[4.4867,12.2835],[4.4837,12.2782],[4.4806,12.276],[4.4781,12.2724]]]},"properties":{"name":"JIGA MAKERA","state":"21","code":"21/01/07"}},{"type":"Feature","geometry":{"type":"Polygon","coordinates":[[[4.494,12.3295],[4.4959,12.3342],[4.4984,12.3367],[4.5024,12.3455],[4.5039,12.3504],[4.5057,12.3521],[4.5059,12.355],[4.5022,12.358],[4.5009,12.3604],[4.5007,12.3672],[4.4984,12.3693],[4.4985,12.3764],[4.4998,12.3795],[4.4971,12.3858],[4.4979,12.3891],[4.4933,12.3966],[4.4834,12.3978],[4.4814,12.3989],[4.4693,12.403],[4.4666,12.4016],[4.462,12.402],[4.4597,12.396],[4.4542,12.395],[4.4475,12.3891],[4.4493,12.3834],[4.4484,12.3736],[4.4491,12.3698],[4.4562,12.3609],[4.4543,12.3503],[4.4566,12.3459],[4.4628,12.3373],[4.4645,12.3328],[4.4692,12.3301],[4.4728,12.3242],[4.4765,12.3239],[4.4854,12.3282],[4.494,12.3295]]]},"properties":{"name":"KASHIN ZAMA","state":"21","code":"21/01/08"}},{"type":"Feature","geometry":{"type":"Polygon","coordinates":[[[4.438,12.2761],[4.4388,12.2833],[4.4357,12.293],[4.4319,12.2938],[4.4259,12.2983],[4.4265,12.3036],[4.4226,12.3115],[4.4203,12.3187],[4.4214,12.3264],[4.4196,12.3304],[4.415,12.3331],[4.4123,12.3317],[4.4098,12.3275],[4.4061,12.3238],[4.4003,12.3214],[4.3949,12.3134],[4.3854,12.3082],[4.3826,12.308],[4.3791,12.3053],[4.3832,12.2973],[4.3834,12.2818],[4.3846,12.2802],[4.3837,12.2756],[4.3892,12.2761],[4.3961,12.2694],[4.3986,12.2654],[4.4028,12.2658],[4.4057,12.2673],[4.4079,12.2707],[4.4174,12.2762],[4.4216,12.2764],[4.425,12.2769],[4.4356,12.2752],[4.438,12.2761]]]},"properties":{"name":"RAFIN BAUNA","state":"21","code":"21/01/09"}},{"type":"Feature","geometry":{"type":"Polygon","coordinates":[[[4.4543,12.3503],[4.4562,12.3609],[4.4491,12.3698],[4.4484,12.3736],[4.4493,12.3834],[4.4475,12.3891],[4.4542,12.395],[4.4597,12.396],[4.462,12.402],[4.4567,12.4033],[4.4504,12.4057],[4.4363,12.4079],[4.4312,12.4117],[4.4269,12.4129],[4.4242,12.4123],[4.42,12.4087],[4.4154,12.4086],[4.4102,12.4103],[4.4036,12.4099],[4.3871,12.4132],[4.3816,12.416],[4.378,12.417],[4.3789,12.4145],[4.378,12.4103],[4.3788,12.4085],[4.3765,12.4052],[4.3776,12.4006],[4.385,12.3947],[4.3902,12.3928],[4.3922,12.3907],[4.3917,12.3843],[4.3934,12.382],[4.3934,12.379],[4.3952,12.3764],[4.3973,12.3697],[4.3963,12.3654],[4.3996,12.3601],[4.4052,12.355],[4.4078,12.3538],[4.4083,12.3513],[4.4131,12.3507],[4.4193,12.3537],[4.4259,12.3577],[4.4314,12.3582],[4.4364,12.3595],[4.4403,12.3529],[4.4474,12.3506],[4.4543,12.3503]]]},"properties":{"name":"SABIYAL","state":"21","code":"21/01/10"}},{"type":"Feature","geometry":{"type":"Polygon","coordinates":[[[4.1594,12.7591],[4.1568,12.7581],[4.1535,12.761],[4.1511,12.7604],[4.1466,12.7622],[4.1471,12.7645],[4.1444,12.7668],[4.144,12.7702],[4.1409,12.7742],[4.1366,12.7742],[4.131,12.7805],[4.1304,12.7841],[4.1264,12.7869],[4.1259,12.7886],[4.1296,12.7923],[4.1278,12.7958],[4.1243,12.796],[4.1227,12.7999],[4.1193,12.8024],[4.1193,12.8047],[4.1158,12.8047],[4.1138,12.8068],[4.1102,12.8064],[4.1081,12.8097],[4.1009,12.8144],[4.0982,12.819],[4.0978,12.8247],[4.1005,12.8312],[4.0999,12.8346],[4.0937,12.8352],[4.0898,12.8329],[4.086,12.8319],[4.082,12.839],[4.0771,12.8437],[4.0737,12.8491],[4.0672,12.8535],[4.061,12.859],[4.0591,12.8625],[4.0563,12.8738],[4.0537,12.874],[4.0458,12.8787],[4.0418,12.8792],[4.0348,12.8839],[4.0213,12.8687],[4.0174,12.8623],[4.0101,12.8464],[4.0057,12.84],[3.9833,12.8177],[3.9794,12.8098],[3.9848,12.8117],[3.9912,12.8093],[3.9952,12.8054],[4.0012,12.8051],[4.0038,12.8038],[4.0096,12.7966],[4.0151,12.792],[4.0174,12.7883],[4.0238,12.7848],[4.0282,12.7795],[4.0256,12.7688],[4.0232,12.7668],[4.0205,12.7617],[4.0208,12.7565],[4.0229,12.7497],[4.0227,12.7477],[4.0183,12.7461],[4.0151,12.743],[4.0112,12.7372],[4.008,12.7354],[3.9998,12.7349],[3.9869,12.7435],[3.9824,12.7478],[3.9744,12.7395],[3.9729,12.7341],[3.9735,12.7327],[3.9717,12.7262],[3.9743,12.7223],[3.9802,12.7158],[3.9824,12.7114],[3.9847,12.7098],[3.9863,12.7031],[3.9893,12.6998],[3.9918,12.6922],[3.9999,12.6918],[4.0032,12.6926],[4.0079,12.6891],[4.0091,12.6858],[4.0121,12.6824],[4.0135,12.6742],[4.0159,12.6686],[4.0216,12.662],[4.0261,12.661],[4.0267,12.6556],[4.0307,12.6502],[4.0356,12.6432],[4.0378,12.6348],[4.0372,12.6285],[4.0389,12.6236],[4.0444,12.6219],[4.0483,12.6219],[4.0588,12.6176],[4.0572,12.6146],[4.0562,12.6101],[4.0532,12.6049],[4.0533,12.6027],[4.0492,12.5994],[4.0499,12.5968],[4.0543,12.5907],[4.0609,12.5825],[4.0676,12.5762],[4.0688,12.5724],[4.0728,12.5744],[4.085,12.5787],[4.0892,12.5784],[4.0945,12.5805],[4.0974,12.5826],[4.0996,12.5867],[4.1072,12.5927],[4.1161,12.5926],[4.1245,12.5964],[4.126,12.6009],[4.1327,12.6036],[4.1352,12.6094],[4.1388,12.6105],[4.1442,12.6215],[4.1486,12.6262],[4.1584,12.646],[4.1627,12.6464],[4.1652,12.6447],[4.1706,12.6441],[4.1745,12.646],[4.1831,12.6463],[4.1881,12.6479],[4.1928,12.6465],[4.1977,12.6478],[4.1978,12.6564],[4.2016,12.6655],[4.2012,12.6685],[4.2065,12.687],[4.2067,12.6921],[4.2091,12.6989],[4.214,12.7019],[4.216,12.702],[4.2202,12.7046],[4.2253,12.7064],[4.2276,12.7081],[4.2316,12.7088],[4.2348,12.706],[4.2468,12.7039],[4.2546,12.7039],[4.2565,12.7046],[4.261,12.6977],[4.2745,12.6897],[4.2806,12.6872],[4.2878,12.6867],[4.2916,12.6938],[4.2922,12.6995],[4.2973,12.7045],[4.2995,12.7145],[4.3031,12.72],[4.3015,12.7239],[4.2961,12.7235],[4.2944,12.7272],[4.295,12.7315],[4.2978,12.7357],[4.2985,12.7384],[4.2972,12.7443],[4.298,12.7459],[4.2946,12.7477],[4.29,12.7487],[4.2872,12.7511],[4.2848,12.751],[4.2844,12.7549],[4.2823,12.7574],[4.2691,12.7657],[4.2602,12.7654],[4.2573,12.7682],[4.251,12.7642],[4.2465,12.7672],[4.2404,12.7667],[4.2322,12.7712],[4.2305,12.7712],[4.2273,12.7753],[4.2219,12.7766],[4.2197,12.7756],[4.2159,12.7714],[4.2149,12.7685],[4.2154,12.7654],[4.2123,12.7639],[4.2085,12.765],[4.2048,12.7633],[4.2059,12.761],[4.2021,12.7579],[4.1995,12.7598],[4.197,12.765],[4.1903,12.7642],[4.1887,12.7596],[4.1853,12.7606],[4.1841,12.7563],[4.1804,12.7551],[4.1777,12.7589],[4.1752,12.7572],[4.1739,12.7541],[4.1668,12.7541],[4.1636,12.7565],[4.1597,12.7559],[4.1594,12.7591]]]},"properties":{"name":"BUI","state":"21","code":"21/02/01"}},{"type":"Feature","geometry":{"type":"Polygon","coordinates":[[[3.8744,12.5575],[3.872,12.5566],[3.8706,12.5535],[3.8649,12.5518],[3.863,12.55],[3.8544,12.5477],[3.8443,12.544],[3.8403,12.542],[3.8407,12.535],[3.8397,12.5327],[3.8357,12.5291],[3.8347,12.5263],[3.8321,12.5252],[3.825,12.5259],[3.8187,12.5258],[3.8112,12.5225],[3.8085,12.5232],[3.8049,12.5225],[3.7951,12.515],[3.7896,12.5122],[3.7898,12.5079],[3.789,12.5021],[3.7835,12.4969],[3.7812,12.4967],[3.7791,12.4909],[3.7749,12.4867],[3.7733,12.482],[3.77,12.4809],[3.7656,12.4835],[3.7584,12.4809],[3.7528,12.4801],[3.7469,12.4806],[3.7437,12.4755],[3.7412,12.4636],[3.7432,12.4571],[3.7426,12.4549],[3.7374,12.4525],[3.7418,12.4457],[3.7452,12.4417],[3.7407,12.4323],[3.7402,12.4301],[3.7497,12.4223],[3.7521,12.4191],[3.757,12.4177],[3.7626,12.4183],[3.7677,12.42],[3.7702,12.412],[3.7699,12.409],[3.7723,12.4045],[3.7707,12.3999],[3.771,12.3946],[3.7723,12.3918],[3.7761,12.3915],[3.7816,12.3866],[3.7835,12.3827],[3.7812,12.372],[3.7843,12.3644],[3.789,12.3606],[3.7953,12.3655],[3.8021,12.3655],[3.8054,12.3667],[3.8149,12.3674],[3.8188,12.3688],[3.8277,12.369],[3.8333,12.3707],[3.8356,12.3704],[3.8347,12.3734],[3.8357,12.3812],[3.8373,12.3837],[3.8429,12.3856],[3.8478,12.39],[3.8434,12.3949],[3.8385,12.3973],[3.8379,12.4006],[3.8298,12.4056],[3.8298,12.4075],[3.8331,12.4101],[3.839,12.4121],[3.8411,12.4154],[3.8476,12.4163],[3.8541,12.4187],[3.8622,12.4186],[3.8633,12.4256],[3.8663,12.428],[3.873,12.4266],[3.8781,12.4276],[3.8847,12.4268],[3.8883,12.428],[3.8906,12.431],[3.8956,12.4343],[3.899,12.4394],[3.9008,12.4434],[3.9032,12.441],[3.9042,12.4375],[3.9105,12.4397],[3.9133,12.4418],[3.9193,12.4424],[3.9206,12.4486],[3.9222,12.4496],[3.9254,12.4558],[3.9351,12.4626],[3.937,12.4695],[3.9397,12.4738],[3.9414,12.4734],[3.9434,12.4666],[3.9461,12.4656],[3.9483,12.4557],[3.9498,12.4538],[3.9534,12.4542],[3.9554,12.4559],[3.9624,12.4566],[3.9701,12.462],[3.977,12.4642],[3.9807,12.4646],[3.9863,12.4738],[3.9837,12.4821],[3.9769,12.4871],[3.9762,12.4907],[3.9738,12.4923],[3.9697,12.5021],[3.9659,12.5052],[3.963,12.5063],[3.9625,12.5119],[3.9634,12.5138],[3.9635,12.5189],[3.9585,12.5182],[3.9538,12.5192],[3.9515,12.521],[3.9433,12.5204],[3.9389,12.5207],[3.9355,12.5199],[3.9329,12.5207],[3.9255,12.5212],[3.9205,12.5227],[3.9194,12.5265],[3.9134,12.5267],[3.9097,12.5249],[3.9032,12.5241],[3.8978,12.5274],[3.8954,12.5319],[3.8924,12.5351],[3.8887,12.5364],[3.8851,12.5418],[3.8828,12.5434],[3.8781,12.5522],[3.8752,12.5545],[3.8744,12.5575]]]},"properties":{"name":"CHIBIKE","state":"21","code":"21/02/02"}},{"type":"Feature","geometry":{"type":"Polygon","coordinates":[[[4.0307,12.6502],[4.0267,12.6475],[4.011,12.6434],[4.0045,12.6402],[3.9934,12.6319],[3.9863,12.6277],[3.9769,12.6241],[3.9711,12.6214],[3.9483,12.608],[3.9495,12.6061],[3.9548,12.6025],[3.9498,12.5959],[3.9495,12.5899],[3.9473,12.5895],[3.9411,12.5832],[3.9357,12.5816],[3.9314,12.575],[3.9326,12.5698],[3.9265,12.5627],[3.9231,12.5603],[3.9225,12.5536],[3.9155,12.5519],[3.9126,12.5527],[3.9054,12.5488],[3.9009,12.5477],[3.8986,12.5436],[3.8969,12.5381],[3.8924,12.5351],[3.8954,12.5319],[3.8978,12.5274],[3.9032,12.5241],[3.9097,12.5249],[3.9134,12.5267],[3.9194,12.5265],[3.9205,12.5227],[3.9255,12.5212],[3.9329,12.5207],[3.9355,12.5199],[3.9389,12.5207],[3.9433,12.5204],[3.9515,12.521],[3.9538,12.5192],[3.9585,12.5182],[3.9635,12.5189],[3.9666,12.5222],[3.9764,12.5287],[3.9792,12.5295],[3.9799,12.5327],[3.9833,12.5365],[3.9897,12.5405],[3.9948,12.5393],[4.0009,12.5386],[4.0028,12.5373],[4.0133,12.5362],[4.0189,12.5393],[4.0236,12.5407],[4.0366,12.5424],[4.0454,12.5474],[4.0475,12.5508],[4.0511,12.5522],[4.0594,12.5537],[4.0638,12.5568],[4.0647,12.565],[4.0675,12.5689],[4.0688,12.5724],[4.0676,12.5762],[4.0609,12.5825],[4.0543,12.5907],[4.0499,12.5968],[4.0492,12.5994],[4.0533,12.6027],[4.0532,12.6049],[4.0562,12.6101],[4.0572,12.6146],[4.0588,12.6176],[4.0483,12.6219],[4.0444,12.6219],[4.0389,12.6236],[4.0372,12.6285],[4.0378,12.6348],[4.0356,12.6432],[4.0307,12.6502]]]},"properties":{"name":"GORUN DIKKO","state":"21","code":"21/02/04"}},{"type":"Feature","geometry":{"type":"Polygon","coordinates":[[[3.8644,12.6159],[3.8688,12.6176],[3.8704,12.6196],[3.8791,12.6261],[3.8742,12.6291],[3.8771,12.6348],[3.8792,12.6365],[3.8818,12.6423],[3.8849,12.6439],[3.8852,12.6462],[3.8929,12.6462],[3.895,12.6483],[3.8975,12.653],[3.8927,12.6551],[3.8916,12.6615],[3.8867,12.6684],[3.8803,12.673],[3.8757,12.6755],[3.8611,12.6728],[3.8573,12.6716],[3.8547,12.6793],[3.8523,12.6822],[3.8448,12.6785],[3.8424,12.6762],[3.7739,12.6258],[3.7029,12.565],[3.704,12.5648],[3.7112,12.5629],[3.7201,12.5616],[3.7244,12.5597],[3.7279,12.5597],[3.7289,12.5568],[3.7314,12.5561],[3.7373,12.5567],[3.7464,12.5548],[3.7566,12.5552],[3.7612,12.556],[3.7645,12.5586],[3.7704,12.5605],[3.7758,12.5603],[3.7849,12.559],[3.7884,12.5572],[3.7911,12.5608],[3.7983,12.567],[3.801,12.568],[3.8071,12.5719],[3.8108,12.5724],[3.8186,12.5763],[3.8175,12.5809],[3.8195,12.5831],[3.825,12.5837],[3.826,12.5861],[3.8256,12.5905],[3.8296,12.5993],[3.8303,12.605],[3.8348,12.609],[3.8404,12.6183],[3.8455,12.6181],[3.8494,12.616],[3.8543,12.616],[3.8588,12.6177],[3.8644,12.6159]]]},"properties":{"name":"FALDE","state":"21","code":"21/02/05"}},{"type":"Feature","geometry":{"type":"Polygon","coordinates":[[[3.9794,12.8098],[3.9735,12.7928],[3.9617,12.7767],[3.956,12.7683],[3.9487,12.7545],[3.9438,12.7497],[3.9418,12.7467],[3.9194,12.7315],[3.9161,12.7287],[3.8952,12.715],[3.8816,12.7054],[3.8608,12.6871],[3.8523,12.6822],[3.8547,12.6793],[3.8573,12.6716],[3.8611,12.6728],[3.8757,12.6755],[3.8803,12.673],[3.8867,12.6684],[3.8916,12.6615],[3.8927,12.6551],[3.8975,12.653],[3.895,12.6483],[3.8929,12.6462],[3.8852,12.6462],[3.8849,12.6439],[3.8818,12.6423],[3.8792,12.6365],[3.8771,12.6348],[3.8742,12.6291],[3.8791,12.6261],[3.8704,12.6196],[3.8688,12.6176],[3.8644,12.6159],[3.8652,12.6115],[3.8684,12.6085],[3.8733,12.6015],[3.8748,12.5976],[3.8815,12.5991],[3.8834,12.6005],[3.886,12.596],[3.8886,12.5958],[3.892,12.593],[3.8941,12.589],[3.9024,12.5837],[3.9064,12.5791],[3.9058,12.5747],[3.9032,12.5711],[3.8989,12.5691],[3.8935,12.5685],[3.8905,12.5645],[3.8855,12.5639],[3.8829,12.5608],[3.8744,12.5575],[3.8752,12.5545],[3.8781,12.5522],[3.8828,12.5434],[3.8851,12.5418],[3.8887,12.5364],[3.8924,12.5351],[3.8969,12.5381],[3.8986,12.5436],[3.9009,12.5477],[3.9054,12.5488],[3.9126,12.5527],[3.9155,12.5519],[3.9225,12.5536],[3.9231,12.5603],[3.9265,12.5627],[3.9326,12.5698],[3.9314,12.575],[3.9357,12.5816],[3.9411,12.5832],[3.9473,12.5895],[3.9495,12.5899],[3.9498,12.5959],[3.9548,12.6025],[3.9495,12.6061],[3.9483,12.608],[3.9711,12.6214],[3.9769,12.6241],[3.9863,12.6277],[3.9934,12.6319],[4.0045,12.6402],[4.011,12.6434],[4.0267,12.6475],[4.0307,12.6502],[4.0267,12.6556],[4.0261,12.661],[4.0216,12.662],[4.0159,12.6686],[4.0135,12.6742],[4.0121,12.6824],[4.0091,12.6858],[4.0079,12.6891],[4.0032,12.6926],[3.9999,12.6918],[3.9918,12.6922],[3.9893,12.6998],[3.9863,12.7031],[3.9847,12.7098],[3.9824,12.7114],[3.9802,12.7158],[3.9743,12.7223],[3.9717,12.7262],[3.9735,12.7327],[3.9729,12.7341],[3.9744,12.7395],[3.9824,12.7478],[3.9869,12.7435],[3.9998,12.7349],[4.008,12.7354],[4.0112,12.7372],[4.0151,12.743],[4.0183,12.7461],[4.0227,12.7477],[4.0229,12.7497],[4.0208,12.7565],[4.0205,12.7617],[4.0232,12.7668],[4.0256,12.7688],[4.0282,12.7795],[4.0238,12.7848],[4.0174,12.7883],[4.0151,12.792],[4.0096,12.7966],[4.0038,12.8038],[4.0012,12.8051],[3.9952,12.8054],[3.9912,12.8093],[3.9848,12.8117],[3.9794,12.8098]]]},"properties":{"name":"FESKE/JAFFEJI","state":"21","code":"21/02/06"}},{"type":"Feature","geometry":{"type":"Polygon","coordinates":[[[3.7469,12.4806],[3.7443,12.4863],[3.7432,12.4915],[3.7434,12.4961],[3.741,12.5008],[3.7408,12.5065],[3.7433,12.5094],[3.7377,12.5153],[3.7371,12.5173],[3.7328,12.5219],[3.7314,12.5222],[3.7292,12.5291],[3.7229,12.5364],[3.72,12.544],[3.7188,12.5491],[3.7167,12.5502],[3.712,12.5566],[3.7091,12.5584],[3.7037,12.5637],[3.704,12.5648],[3.7029,12.565],[3.6535,12.5227],[3.6503,12.4018],[3.6566,12.3463],[3.6667,12.2589],[3.647,12.2124],[3.6317,12.1196],[3.6366,12.1218],[3.641,12.1284],[3.6448,12.1286],[3.6484,12.1325],[3.6533,12.1348],[3.6556,12.1372],[3.6612,12.1357],[3.6631,12.1363],[3.6695,12.1353],[3.6761,12.1387],[3.6793,12.1372],[3.6825,12.1379],[3.6921,12.1373],[3.6967,12.1425],[3.6966,12.1481],[3.6985,12.1499],[3.705,12.1493],[3.7108,12.1506],[3.7159,12.1498],[3.7194,12.1503],[3.7253,12.1487],[3.7247,12.1462],[3.7272,12.1403],[3.7274,12.1341],[3.7293,12.1308],[3.7325,12.1228],[3.7269,12.1168],[3.7253,12.1105],[3.7253,12.0967],[3.7219,12.0939],[3.7227,12.0905],[3.7213,12.0881],[3.7235,12.0798],[3.7215,12.0741],[3.7215,12.0705],[3.7323,12.0755],[3.737,12.0794],[3.7436,12.0805],[3.7506,12.0865],[3.7535,12.087],[3.7566,12.0907],[3.769,12.0962],[3.7736,12.1011],[3.7806,12.1044],[3.7837,12.1024],[3.7912,12.1031],[3.8009,12.107],[3.8005,12.1123],[3.7979,12.1189],[3.7944,12.1249],[3.7946,12.1296],[3.7923,12.1364],[3.7985,12.1435],[3.7994,12.1468],[3.8027,12.1503],[3.8082,12.152],[3.8149,12.1551],[3.8195,12.1578],[3.8216,12.1631],[3.8123,12.1636],[3.808,12.1649],[3.8035,12.1629],[3.7947,12.1614],[3.7919,12.1627],[3.7873,12.1616],[3.7781,12.1659],[3.7761,12.1651],[3.7703,12.166],[3.7668,12.1684],[3.7707,12.1718],[3.7713,12.1767],[3.7757,12.1762],[3.7799,12.1794],[3.7828,12.1841],[3.7859,12.1857],[3.7885,12.1913],[3.7905,12.1928],[3.79,12.1953],[3.7916,12.1994],[3.794,12.2013],[3.7943,12.2055],[3.7912,12.2093],[3.7941,12.2171],[3.7966,12.2218],[3.8009,12.2218],[3.8026,12.2238],[3.8036,12.2278],[3.8096,12.2305],[3.8151,12.2346],[3.8207,12.242],[3.8218,12.2422],[3.8243,12.2543],[3.8223,12.2563],[3.8238,12.2587],[3.8286,12.2611],[3.8325,12.2645],[3.8301,12.2726],[3.8299,12.2754],[3.8322,12.2783],[3.8372,12.2826],[3.8382,12.287],[3.8409,12.2885],[3.8436,12.2941],[3.8426,12.3006],[3.8409,12.3051],[3.838,12.3082],[3.8358,12.3084],[3.8376,12.3128],[3.84,12.3143],[3.8414,12.3174],[3.8394,12.3205],[3.8384,12.3248],[3.8346,12.3273],[3.8313,12.3379],[3.832,12.3416],[3.8344,12.3465],[3.8338,12.3501],[3.8348,12.3527],[3.8332,12.3571],[3.8343,12.3596],[3.8337,12.3634],[3.8354,12.3663],[3.8355,12.37],[3.8356,12.3704],[3.8333,12.3707],[3.8277,12.369],[3.8188,12.3688],[3.8149,12.3674],[3.8054,12.3667],[3.8021,12.3655],[3.7953,12.3655],[3.789,12.3606],[3.7843,12.3644],[3.7812,12.372],[3.7835,12.3827],[3.7816,12.3866],[3.7761,12.3915],[3.7723,12.3918],[3.771,12.3946],[3.7707,12.3999],[3.7723,12.4045],[3.7699,12.409],[3.7702,12.412],[3.7677,12.42],[3.7626,12.4183],[3.757,12.4177],[3.7521,12.4191],[3.7497,12.4223],[3.7402,12.4301],[3.7407,12.4323],[3.7452,12.4417],[3.7418,12.4457],[3.7374,12.4525],[3.7426,12.4549],[3.7432,12.4571],[3.7412,12.4636],[3.7437,12.4755],[3.7469,12.4806]]]},"properties":{"name":"GUMUMDAI/RAFIN TSAKA","state":"21","code":"21/02/07"}},{"type":"Feature","geometry":{"type":"Polygon","coordinates":[[[3.8744,12.5575],[3.8829,12.5608],[3.8855,12.5639],[3.8905,12.5645],[3.8935,12.5685],[3.8989,12.5691],[3.9032,12.5711],[3.9058,12.5747],[3.9064,12.5791],[3.9024,12.5837],[3.8941,12.589],[3.892,12.593],[3.8886,12.5958],[3.886,12.596],[3.8834,12.6005],[3.8815,12.5991],[3.8748,12.5976],[3.8733,12.6015],[3.8684,12.6085],[3.8652,12.6115],[3.8644,12.6159],[3.8588,12.6177],[3.8543,12.616],[3.8494,12.616],[3.8455,12.6181],[3.8404,12.6183],[3.8348,12.609],[3.8303,12.605],[3.8296,12.5993],[3.8256,12.5905],[3.826,12.5861],[3.825,12.5837],[3.8195,12.5831],[3.8175,12.5809],[3.8186,12.5763],[3.8108,12.5724],[3.8071,12.5719],[3.801,12.568],[3.7983,12.567],[3.7911,12.5608],[3.7884,12.5572],[3.7849,12.559],[3.7758,12.5603],[3.7704,12.5605],[3.7645,12.5586],[3.7612,12.556],[3.7566,12.5552],[3.7464,12.5548],[3.7373,12.5567],[3.7314,12.5561],[3.7289,12.5568],[3.7279,12.5597],[3.7244,12.5597],[3.7201,12.5616],[3.7112,12.5629],[3.704,12.5648],[3.7037,12.5637],[3.7091,12.5584],[3.712,12.5566],[3.7167,12.5502],[3.7188,12.5491],[3.72,12.544],[3.7229,12.5364],[3.7292,12.5291],[3.7314,12.5222],[3.7328,12.5219],[3.7371,12.5173],[3.7377,12.5153],[3.7433,12.5094],[3.7408,12.5065],[3.741,12.5008],[3.7434,12.4961],[3.7432,12.4915],[3.7443,12.4863],[3.7469,12.4806],[3.7528,12.4801],[3.7584,12.4809],[3.7656,12.4835],[3.77,12.4809],[3.7733,12.482],[3.7749,12.4867],[3.7791,12.4909],[3.7812,12.4967],[3.7835,12.4969],[3.789,12.5021],[3.7898,12.5079],[3.7896,12.5122],[3.7951,12.515],[3.8049,12.5225],[3.8085,12.5232],[3.8112,12.5225],[3.8187,12.5258],[3.825,12.5259],[3.8321,12.5252],[3.8347,12.5263],[3.8357,12.5291],[3.8397,12.5327],[3.8407,12.535],[3.8403,12.542],[3.8443,12.544],[3.8544,12.5477],[3.863,12.55],[3.8649,12.5518],[3.8706,12.5535],[3.872,12.5566],[3.8744,12.5575]]]},"properties":{"name":"KANGIWA","state":"21","code":"21/02/08"}},{"type":"Feature","geometry":{"type":"Polygon","coordinates":[[[4.1594,12.7591],[4.1616,12.7641],[4.1628,12.7696],[4.163,12.7743],[4.1682,12.7785],[4.1732,12.7859],[4.1716,12.7868],[4.1647,12.7953],[4.1569,12.7988],[4.1541,12.8019],[4.1484,12.8015],[4.1505,12.8054],[4.1492,12.8114],[4.1497,12.815],[4.1425,12.8231],[4.1399,12.8249],[4.1307,12.8269],[4.1334,12.829],[4.1349,12.8334],[4.1439,12.8364],[4.1492,12.8434],[4.1513,12.8444],[4.1572,12.845],[4.158,12.8539],[4.1625,12.8654],[4.1613,12.8745],[4.1626,12.8828],[4.161,12.8852],[4.1612,12.8895],[4.1561,12.8997],[4.1561,12.9047],[4.1619,12.9077],[4.1672,12.9088],[4.1689,12.9101],[4.1767,12.9121],[4.1799,12.9148],[4.1837,12.9154],[4.1884,12.9225],[4.1901,12.9263],[4.1997,12.9214],[4.2056,12.9197],[4.2104,12.9205],[4.2167,12.9195],[4.2243,12.922],[4.2276,12.9221],[4.232,12.9205],[4.239,12.9221],[4.2424,12.9253],[4.2473,12.9245],[4.2539,12.9259],[4.2568,12.9276],[4.2605,12.9228],[4.267,12.9168],[4.2709,12.9115],[4.274,12.9105],[4.2763,12.9073],[4.282,12.9028],[4.2852,12.9017],[4.2874,12.8992],[4.293,12.9027],[4.2987,12.9088],[4.3014,12.9094],[4.306,12.9138],[4.3093,12.9191],[4.3131,12.9224],[4.3199,12.9225],[4.3237,12.921],[4.3255,12.9181],[4.3293,12.9154],[4.3314,12.9158],[4.3363,12.9145],[4.346,12.9142],[4.3436,12.9081],[4.3454,12.9053],[4.3492,12.903],[4.3513,12.9044],[4.3591,12.898],[4.3656,12.8951],[4.3672,12.8914],[4.3717,12.8945],[4.3761,12.8959],[4.3825,12.8961],[4.3849,12.8995],[4.3906,12.9013],[4.3936,12.8985],[4.3994,12.897],[4.4021,12.8991],[4.4083,12.8991],[4.411,12.901],[4.4137,12.9008],[4.4175,12.8984],[4.418,12.9008],[4.4168,12.9082],[4.4147,12.9104],[4.4097,12.9221],[4.405,12.9278],[4.4029,12.9339],[4.4006,12.9349],[4.3971,12.9387],[4.3948,12.945],[4.3896,12.9513],[4.3872,12.9559],[4.3868,12.959],[4.3834,12.9627],[4.3871,12.9628],[4.3889,12.9644],[4.3896,12.9682],[4.3843,12.9701],[4.3768,12.9765],[4.3727,12.9756],[4.3693,12.9771],[4.3708,12.9792],[4.3686,12.9818],[4.3646,12.9822],[4.363,12.9836],[4.3611,12.9894],[4.3636,12.9935],[4.3634,12.9976],[4.3688,12.999],[4.3732,13.0024],[4.3695,13.0059],[4.3703,13.0109],[4.3667,13.015],[4.3663,13.0181],[4.3632,13.0224],[4.3622,13.0296],[4.3599,13.0322],[4.3596,13.0377],[4.3568,13.0462],[4.3551,13.048],[4.3563,13.0533],[4.3537,13.0576],[4.3552,13.0623],[4.3533,13.069],[4.3546,13.0723],[4.3515,13.0757],[4.3479,13.082],[4.347,13.086],[4.34,13.0981],[4.3393,13.1017],[4.3297,13.107],[4.3292,13.108],[4.3224,13.1105],[4.3168,13.1117],[4.3138,13.1107],[4.3078,13.1117],[4.2935,13.1089],[4.2896,13.1101],[4.2867,13.1086],[4.2811,13.1081],[4.274,13.1098],[4.2719,13.1093],[4.2643,13.1104],[4.2569,13.1133],[4.2518,13.1111],[4.2473,13.1082],[4.2424,13.1069],[4.2392,13.1072],[4.2347,13.1031],[4.2247,13.1102],[4.2184,13.1108],[4.2154,13.1099],[4.2112,13.1115],[4.2096,13.1108],[4.203,13.113],[4.1955,13.1126],[4.189,13.1156],[4.1793,13.1174],[4.176,13.1198],[4.173,13.1196],[4.1658,13.1149],[4.1601,13.1097],[4.1551,13.1077],[4.1453,13.1072],[4.1386,13.1027],[4.1303,13.1052],[4.1282,13.0956],[4.1255,13.0856],[4.121,13.0645],[4.114,13.0329],[4.1051,12.994],[4.1035,12.9877],[4.0914,12.9771],[4.0901,12.9721],[4.0869,12.965],[4.0821,12.9571],[4.0701,12.9399],[4.065,12.929],[4.0538,12.8998],[4.0422,12.8904],[4.039,12.8887],[4.0348,12.8839],[4.0418,12.8792],[4.0458,12.8787],[4.0537,12.874],[4.0563,12.8738],[4.0591,12.8625],[4.061,12.859],[4.0672,12.8535],[4.0737,12.8491],[4.0771,12.8437],[4.082,12.839],[4.086,12.8319],[4.0898,12.8329],[4.0937,12.8352],[4.0999,12.8346],[4.1005,12.8312],[4.0978,12.8247],[4.0982,12.819],[4.1009,12.8144],[4.1081,12.8097],[4.1102,12.8064],[4.1138,12.8068],[4.1158,12.8047],[4.1193,12.8047],[4.1193,12.8024],[4.1227,12.7999],[4.1243,12.796],[4.1278,12.7958],[4.1296,12.7923],[4.1259,12.7886],[4.1264,12.7869],[4.1304,12.7841],[4.131,12.7805],[4.1366,12.7742],[4.1409,12.7742],[4.144,12.7702],[4.1444,12.7668],[4.1471,12.7645],[4.1466,12.7622],[4.1511,12.7604],[4.1535,12.761],[4.1568,12.7581],[4.1594,12.7591]]]},"properties":{"name":"LAIMA/JANTULLU","state":"21","code":"21/02/09"}},{"type":"Feature","geometry":{"type":"Polygon","coordinates":[[[4.1837,12.9154],[4.1846,12.9124],[4.1878,12.907],[4.1908,12.9041],[4.1924,12.8992],[4.1951,12.8969],[4.1954,12.8926],[4.1995,12.8882],[4.2004,12.8831],[4.2052,12.877],[4.2093,12.874],[4.2099,12.8721],[4.2161,12.8746],[4.223,12.8728],[4.2274,12.8767],[4.2361,12.8781],[4.2383,12.8775],[4.2405,12.8796],[4.2455,12.8815],[4.2512,12.876],[4.2599,12.8736],[4.2619,12.8717],[4.2606,12.8408],[4.2605,12.8271],[4.2683,12.8179],[4.2749,12.8131],[4.2809,12.8166],[4.2819,12.8199],[4.2886,12.8221],[4.2945,12.8203],[4.2979,12.8183],[4.3041,12.8166],[4.3177,12.8088],[4.3198,12.8036],[4.318,12.8005],[4.3189,12.797],[4.317,12.7925],[4.3152,12.7908],[4.3148,12.7859],[4.3151,12.7796],[4.319,12.7728],[4.3189,12.7705],[4.3223,12.7668],[4.3268,12.764],[4.3276,12.7607],[4.3315,12.757],[4.3338,12.7529],[4.3383,12.7562],[4.343,12.758],[4.346,12.7605],[4.3509,12.7664],[4.3514,12.7705],[4.353,12.7726],[4.3531,12.7774],[4.3552,12.7803],[4.3574,12.7887],[4.3589,12.7915],[4.3598,12.7993],[4.3549,12.8033],[4.3545,12.8101],[4.3559,12.8119],[4.3565,12.8172],[4.3548,12.8213],[4.3557,12.8268],[4.3551,12.8325],[4.3567,12.8352],[4.3581,12.8449],[4.3567,12.852],[4.3616,12.8533],[4.3663,12.8563],[4.376,12.8558],[4.38,12.8579],[4.3878,12.857],[4.3924,12.8535],[4.4005,12.8492],[4.4143,12.8521],[4.418,12.8519],[4.4233,12.8556],[4.4279,12.86],[4.4327,12.8634],[4.4359,12.8668],[4.4387,12.8665],[4.4412,12.8696],[4.4416,12.8771],[4.441,12.8806],[4.4429,12.8895],[4.4456,12.8934],[4.4469,12.8982],[4.4466,12.9023],[4.4485,12.9109],[4.4477,12.9164],[4.4678,12.9304],[4.4675,12.9329],[4.4652,12.935],[4.4645,12.9402],[4.4701,12.9429],[4.4695,12.9472],[4.4729,12.9546],[4.4818,12.9622],[4.4839,12.9669],[4.4888,12.9729],[4.4937,12.9744],[4.4977,12.9776],[4.4987,12.9806],[4.496,12.9833],[4.4905,12.9909],[4.4839,12.9971],[4.4811,12.9978],[4.4791,13.0048],[4.4744,13.0081],[4.4701,13.0153],[4.4676,13.0176],[4.4656,13.0233],[4.461,13.0281],[4.4639,13.0281],[4.4701,13.0301],[4.4771,13.0341],[4.4876,13.0316],[4.4901,13.0317],[4.4915,13.0344],[4.4984,13.038],[4.5031,13.0378],[4.5095,13.0443],[4.5121,13.0484],[4.5126,13.0515],[4.516,13.0571],[4.5225,13.0628],[4.5248,13.0672],[4.5209,13.0743],[4.5214,13.0792],[4.5185,13.085],[4.5183,13.089],[4.5166,13.091],[4.5154,13.096],[4.5086,13.0939],[4.4982,13.0928],[4.4931,13.0938],[4.4914,13.0931],[4.4861,13.0942],[4.4833,13.0987],[4.4748,13.0954],[4.4724,13.0923],[4.4691,13.0909],[4.4659,13.0868],[4.4603,13.0834],[4.4509,13.0733],[4.4479,13.0648],[4.4413,13.0654],[4.4326,13.0684],[4.4287,13.0715],[4.4261,13.0766],[4.4226,13.08],[4.4212,13.0839],[4.4186,13.0876],[4.4129,13.0863],[4.4088,13.0828],[4.4057,13.0835],[4.4003,13.0801],[4.3974,13.0808],[4.3913,13.0794],[4.3869,13.0797],[4.3822,13.0785],[4.3758,13.0752],[4.3714,13.0755],[4.3675,13.0731],[4.3628,13.073],[4.3567,13.0716],[4.3546,13.0723],[4.3533,13.069],[4.3552,13.0623],[4.3537,13.0576],[4.3563,13.0533],[4.3551,13.048],[4.3568,13.0462],[4.3596,13.0377],[4.3599,13.0322],[4.3622,13.0296],[4.3632,13.0224],[4.3663,13.0181],[4.3667,13.015],[4.3703,13.0109],[4.3695,13.0059],[4.3732,13.0024],[4.3688,12.999],[4.3634,12.9976],[4.3636,12.9935],[4.3611,12.9894],[4.363,12.9836],[4.3646,12.9822],[4.3686,12.9818],[4.3708,12.9792],[4.3693,12.9771],[4.3727,12.9756],[4.3768,12.9765],[4.3843,12.9701],[4.3896,12.9682],[4.3889,12.9644],[4.3871,12.9628],[4.3834,12.9627],[4.3868,12.959],[4.3872,12.9559],[4.3896,12.9513],[4.3948,12.945],[4.3971,12.9387],[4.4006,12.9349],[4.4029,12.9339],[4.405,12.9278],[4.4097,12.9221],[4.4147,12.9104],[4.4168,12.9082],[4.418,12.9008],[4.4175,12.8984],[4.4137,12.9008],[4.411,12.901],[4.4083,12.8991],[4.4021,12.8991],[4.3994,12.897],[4.3936,12.8985],[4.3906,12.9013],[4.3849,12.8995],[4.3825,12.8961],[4.3761,12.8959],[4.3717,12.8945],[4.3672,12.8914],[4.3656,12.8951],[4.3591,12.898],[4.3513,12.9044],[4.3492,12.903],[4.3454,12.9053],[4.3436,12.9081],[4.346,12.9142],[4.3363,12.9145],[4.3314,12.9158],[4.3293,12.9154],[4.3255,12.9181],[4.3237,12.921],[4.3199,12.9225],[4.3131,12.9224],[4.3093,12.9191],[4.306,12.9138],[4.3014,12.9094],[4.2987,12.9088],[4.293,12.9027],[4.2874,12.8992],[4.2852,12.9017],[4.282,12.9028],[4.2763,12.9073],[4.274,12.9105],[4.2709,12.9115],[4.267,12.9168],[4.2605,12.9228],[4.2568,12.9276],[4.2539,12.9259],[4.2473,12.9245],[4.2424,12.9253],[4.239,12.9221],[4.232,12.9205],[4.2276,12.9221],[4.2243,12.922],[4.2167,12.9195],[4.2104,12.9205],[4.2056,12.9197],[4.1997,12.9214],[4.1901,12.9263],[4.1884,12.9225],[4.1837,12.9154]]]},"properties":{"name":"SARKA/DANTSOHO","state":"21","code":"21/02/10"}},{"type":"Feature","geometry":{"type":"Polygon","coordinates":[[[4.298,12.7459],[4.2999,12.749],[4.2996,12.7515],[4.3084,12.7496],[4.3118,12.7497],[4.3194,12.7479],[4.3277,12.7438],[4.3296,12.7449],[4.3338,12.7529],[4.3315,12.757],[4.3276,12.7607],[4.3268,12.764],[4.3223,12.7668],[4.3189,12.7705],[4.319,12.7728],[4.3151,12.7796],[4.3148,12.7859],[4.3152,12.7908],[4.317,12.7925],[4.3189,12.797],[4.318,12.8005],[4.3198,12.8036],[4.3177,12.8088],[4.3041,12.8166],[4.2979,12.8183],[4.2945,12.8203],[4.2886,12.8221],[4.2819,12.8199],[4.2809,12.8166],[4.2749,12.8131],[4.2683,12.8179],[4.2605,12.8271],[4.2606,12.8408],[4.2619,12.8717],[4.2599,12.8736],[4.2512,12.876],[4.2455,12.8815],[4.2405,12.8796],[4.2383,12.8775],[4.2361,12.8781],[4.2274,12.8767],[4.223,12.8728],[4.2161,12.8746],[4.2099,12.8721],[4.2093,12.874],[4.2052,12.877],[4.2004,12.8831],[4.1995,12.8882],[4.1954,12.8926],[4.1951,12.8969],[4.1924,12.8992],[4.1908,12.9041],[4.1878,12.907],[4.1846,12.9124],[4.1837,12.9154],[4.1799,12.9148],[4.1767,12.9121],[4.1689,12.9101],[4.1672,12.9088],[4.1619,12.9077],[4.1561,12.9047],[4.1561,12.8997],[4.1612,12.8895],[4.161,12.8852],[4.1626,12.8828],[4.1613,12.8745],[4.1625,12.8654],[4.158,12.8539],[4.1572,12.845],[4.1513,12.8444],[4.1492,12.8434],[4.1439,12.8364],[4.1349,12.8334],[4.1334,12.829],[4.1307,12.8269],[4.1399,12.8249],[4.1425,12.8231],[4.1497,12.815],[4.1492,12.8114],[4.1505,12.8054],[4.1484,12.8015],[4.1541,12.8019],[4.1569,12.7988],[4.1647,12.7953],[4.1716,12.7868],[4.1732,12.7859],[4.1682,12.7785],[4.163,12.7743],[4.1628,12.7696],[4.1616,12.7641],[4.1594,12.7591],[4.1597,12.7559],[4.1636,12.7565],[4.1668,12.7541],[4.1739,12.7541],[4.1752,12.7572],[4.1777,12.7589],[4.1804,12.7551],[4.1841,12.7563],[4.1853,12.7606],[4.1887,12.7596],[4.1903,12.7642],[4.197,12.765],[4.1995,12.7598],[4.2021,12.7579],[4.2059,12.761],[4.2048,12.7633],[4.2085,12.765],[4.2123,12.7639],[4.2154,12.7654],[4.2149,12.7685],[4.2159,12.7714],[4.2197,12.7756],[4.2219,12.7766],[4.2273,12.7753],[4.2305,12.7712],[4.2322,12.7712],[4.2404,12.7667],[4.2465,12.7672],[4.251,12.7642],[4.2573,12.7682],[4.2602,12.7654],[4.2691,12.7657],[4.2823,12.7574],[4.2844,12.7549],[4.2848,12.751],[4.2872,12.7511],[4.29,12.7487],[4.2946,12.7477],[4.298,12.7459]]]},"properties":{"name":"YELDU","state":"21","code":"21/02/11"}},{"type":"Feature","geometry":{"type":"Polygon","coordinates":[[[4.4937,12.6279],[4.4897,12.6326],[4.4849,12.6348],[4.4806,12.6383],[4.4708,12.638],[4.4692,12.6427],[4.4652,12.6463],[4.4618,12.6478],[4.4597,12.6511],[4.454,12.6562],[4.4528,12.6599],[4.4471,12.6637],[4.4409,12.6652],[4.4393,12.6588],[4.4304,12.6587],[4.4264,12.6545],[4.42,12.6571],[4.4196,12.6524],[4.4181,12.6515],[4.4141,12.6536],[4.4095,12.6539],[4.4043,12.6481],[4.4043,12.6459],[4.4009,12.6438],[4.396,12.637],[4.3983,12.6343],[4.3958,12.6327],[4.3956,12.6244],[4.3863,12.6227],[4.3865,12.6191],[4.3844,12.6161],[4.3847,12.6115],[4.3826,12.6111],[4.3777,12.6128],[4.3736,12.6071],[4.3753,12.6031],[4.371,12.5991],[4.3707,12.5948],[4.365,12.5883],[4.3655,12.5834],[4.3684,12.582],[4.3692,12.5766],[4.3712,12.5754],[4.3686,12.5716],[4.3645,12.571],[4.3609,12.5716],[4.3601,12.5747],[4.3563,12.5776],[4.3533,12.5774],[4.3525,12.5711],[4.3559,12.5659],[4.3515,12.5638],[4.3534,12.5596],[4.3521,12.5566],[4.3435,12.5509],[4.3488,12.5469],[4.35,12.543],[4.3464,12.5372],[4.3462,12.5346],[4.3487,12.525],[4.3474,12.5209],[4.35,12.5209],[4.3542,12.5182],[4.3547,12.5155],[4.3581,12.5128],[4.342,12.5055],[4.3435,12.5012],[4.3394,12.5],[4.343,12.4845],[4.3492,12.4878],[4.3504,12.4906],[4.3581,12.4884],[4.3632,12.488],[4.3666,12.4866],[4.3721,12.4878],[4.3728,12.4945],[4.372,12.4966],[4.3737,12.4995],[4.3756,12.5095],[4.3784,12.5164],[4.3787,12.5205],[4.3801,12.5223],[4.38,12.5292],[4.3757,12.5314],[4.3757,12.5345],[4.3802,12.5382],[4.3786,12.5403],[4.3831,12.5426],[4.3817,12.5467],[4.3834,12.5481],[4.3892,12.5467],[4.3909,12.5483],[4.3908,12.5528],[4.3943,12.5533],[4.3959,12.5559],[4.396,12.5604],[4.3979,12.5611],[4.4061,12.5616],[4.4096,12.5595],[4.4114,12.562],[4.4168,12.5588],[4.423,12.557],[4.4268,12.5569],[4.4438,12.5589],[4.4438,12.5601],[4.4505,12.5684],[4.4533,12.5709],[4.453,12.5792],[4.4555,12.5794],[4.4608,12.5861],[4.4596,12.5948],[4.4597,12.6014],[4.4573,12.6031],[4.4546,12.6089],[4.453,12.6149],[4.4575,12.6203],[4.4631,12.6238],[4.4662,12.6232],[4.4699,12.6207],[4.4729,12.6172],[4.4788,12.6211],[4.4818,12.6238],[4.4872,12.625],[4.4937,12.6279]]]},"properties":{"name":"ALWASA/GOTOMO","state":"21","code":"21/03/01"}},{"type":"Feature","geometry":{"type":"Polygon","coordinates":[[[4.525,12.7429],[4.5254,12.7461],[4.5193,12.746],[4.5163,12.7411],[4.5111,12.7419],[4.5094,12.7362],[4.5143,12.7345],[4.5151,12.7302],[4.5028,12.7188],[4.4945,12.7148],[4.492,12.7103],[4.4923,12.7076],[4.4961,12.7014],[4.4964,12.6974],[4.4941,12.6927],[4.5035,12.6891],[4.5074,12.6946],[4.5128,12.705],[4.5213,12.7253],[4.5226,12.7295],[4.525,12.7429]]]},"properties":{"name":"DIKKO","state":"21","code":"21/03/02"}},{"type":"Feature","geometry":{"type":"Polygon","coordinates":[[[4.4937,12.6279],[4.4995,12.6281],[4.504,12.6266],[4.5095,12.6274],[4.5182,12.6276],[4.5226,12.6407],[4.5264,12.6432],[4.5307,12.648],[4.538,12.6506],[4.5375,12.654],[4.5424,12.6554],[4.5449,12.6548],[4.5506,12.6553],[4.553,12.6538],[4.5561,12.6467],[4.56,12.6447],[4.5649,12.6439],[4.5672,12.647],[4.5673,12.6505],[4.5713,12.6534],[4.5743,12.6539],[4.5799,12.6572],[4.5823,12.6627],[4.5842,12.6652],[4.577,12.67],[4.5765,12.6715],[4.5718,12.674],[4.5675,12.6741],[4.5665,12.6786],[4.5615,12.6835],[4.5555,12.6856],[4.5482,12.6861],[4.5414,12.6912],[4.5344,12.7004],[4.5277,12.6972],[4.5153,12.694],[4.5074,12.6946],[4.5035,12.6891],[4.4941,12.6927],[4.4964,12.6974],[4.4961,12.7014],[4.4923,12.7076],[4.492,12.7103],[4.4945,12.7148],[4.5028,12.7188],[4.5151,12.7302],[4.5143,12.7345],[4.5094,12.7362],[4.5111,12.7419],[4.5069,12.7437],[4.5067,12.7453],[4.4997,12.7485],[4.5006,12.7459],[4.4964,12.7448],[4.4942,12.7405],[4.4947,12.7377],[4.4925,12.7344],[4.4884,12.7324],[4.4813,12.7269],[4.4787,12.7273],[4.4775,12.7244],[4.4744,12.7176],[4.4729,12.7177],[4.4717,12.7126],[4.4688,12.7102],[4.4666,12.7063],[4.4607,12.704],[4.4616,12.7008],[4.4565,12.6927],[4.457,12.6892],[4.4551,12.6887],[4.454,12.685],[4.4514,12.6814],[4.4472,12.6803],[4.4463,12.6759],[4.4478,12.672],[4.4466,12.67],[4.443,12.6684],[4.4409,12.6652],[4.4471,12.6637],[4.4528,12.6599],[4.454,12.6562],[4.4597,12.6511],[4.4618,12.6478],[4.4652,12.6463],[4.4692,12.6427],[4.4708,12.638],[4.4806,12.6383],[4.4849,12.6348],[4.4897,12.6326],[4.4937,12.6279]]]},"properties":{"name":"FELANDE","state":"21","code":"21/03/03"}},{"type":"Feature","geometry":{"type":"Polygon","coordinates":[[[4.5254,12.7461],[4.5255,12.752],[4.5283,12.7532],[4.528,12.7557],[4.5299,12.76],[4.5347,12.761],[4.5408,12.766],[4.5448,12.767],[4.5501,12.77],[4.5543,12.7755],[4.5576,12.7736],[4.5605,12.7747],[4.5625,12.7783],[4.5534,12.7851],[4.5472,12.7873],[4.5454,12.791],[4.54,12.7934],[4.5351,12.7904],[4.5343,12.7853],[4.5299,12.7844],[4.5244,12.7881],[4.5242,12.786],[4.5198,12.7794],[4.5151,12.7778],[4.5139,12.7732],[4.5094,12.7685],[4.5008,12.7668],[4.4881,12.7761],[4.4843,12.7725],[4.4781,12.7687],[4.4722,12.7628],[4.4716,12.759],[4.4656,12.756],[4.4642,12.7484],[4.4619,12.7462],[4.4593,12.7458],[4.4573,12.7384],[4.4612,12.7361],[4.4676,12.7345],[4.4754,12.7309],[4.4759,12.7268],[4.4775,12.7244],[4.4787,12.7273],[4.4813,12.7269],[4.4884,12.7324],[4.4925,12.7344],[4.4947,12.7377],[4.4942,12.7405],[4.4964,12.7448],[4.5006,12.7459],[4.4997,12.7485],[4.5067,12.7453],[4.5069,12.7437],[4.5111,12.7419],[4.5163,12.7411],[4.5193,12.746],[4.5254,12.7461]]]},"properties":{"name":"GALADIMA","state":"21","code":"21/03/04"}},{"type":"Feature","geometry":{"type":"Polygon","coordinates":[[[4.3863,12.6227],[4.3818,12.6253],[4.3829,12.6336],[4.3874,12.6371],[4.3826,12.6411],[4.3843,12.6443],[4.3887,12.6457],[4.3894,12.6498],[4.3917,12.6519],[4.3945,12.6512],[4.3985,12.6545],[4.4004,12.6578],[4.3987,12.6614],[4.3939,12.6668],[4.3929,12.6707],[4.3841,12.6754],[4.3757,12.6757],[4.3744,12.6776],[4.3711,12.6777],[4.3671,12.6801],[4.3582,12.6801],[4.3527,12.6819],[4.3474,12.6853],[4.3446,12.6839],[4.341,12.685],[4.3361,12.6812],[4.3257,12.6761],[4.3137,12.6732],[4.315,12.662],[4.3142,12.6562],[4.3188,12.6519],[4.3191,12.65],[4.3227,12.6478],[4.3246,12.6448],[4.3281,12.6427],[4.3355,12.6422],[4.3409,12.6393],[4.3426,12.6352],[4.3451,12.6327],[4.3444,12.6266],[4.346,12.6214],[4.3486,12.62],[4.3481,12.6175],[4.3451,12.6137],[4.345,12.6106],[4.3416,12.6075],[4.3407,12.6047],[4.3424,12.6005],[4.3421,12.5976],[4.3374,12.5926],[4.3342,12.5928],[4.3318,12.5906],[4.3297,12.591],[4.3298,12.582],[4.3312,12.5781],[4.3354,12.5761],[4.3497,12.5716],[4.3525,12.5711],[4.3533,12.5774],[4.3563,12.5776],[4.3601,12.5747],[4.3609,12.5716],[4.3645,12.571],[4.3686,12.5716],[4.3712,12.5754],[4.3692,12.5766],[4.3684,12.582],[4.3655,12.5834],[4.365,12.5883],[4.3707,12.5948],[4.371,12.5991],[4.3753,12.6031],[4.3736,12.6071],[4.3777,12.6128],[4.3826,12.6111],[4.3847,12.6115],[4.3844,12.6161],[4.3865,12.6191],[4.3863,12.6227]]]},"properties":{"name":"GULMA","state":"21","code":"21/03/05"}},{"type":"Feature","geometry":{"type":"Polygon","coordinates":[[[4.5074,12.6946],[4.5153,12.694],[4.5277,12.6972],[4.5344,12.7004],[4.5414,12.6912],[4.5482,12.6861],[4.5555,12.6856],[4.5615,12.6835],[4.5665,12.6786],[4.5675,12.6741],[4.5718,12.674],[4.5765,12.6715],[4.577,12.67],[4.5842,12.6652],[4.5882,12.6636],[4.5921,12.6599],[4.5983,12.6574],[4.6052,12.6532],[4.6089,12.653],[4.6124,12.6556],[4.619,12.6574],[4.6213,12.6561],[4.6232,12.6529],[4.6261,12.6515],[4.6306,12.6539],[4.6361,12.6491],[4.6352,12.6468],[4.6378,12.6408],[4.6368,12.636],[4.6389,12.6309],[4.6394,12.6269],[4.6462,12.6284],[4.6549,12.6281],[4.6577,12.6261],[4.6641,12.6268],[4.6689,12.6259],[4.6714,12.629],[4.6755,12.6297],[4.6805,12.6339],[4.6842,12.6355],[4.6895,12.6406],[4.6954,12.6442],[4.6975,12.6478],[4.7026,12.6489],[4.7075,12.6489],[4.7116,12.6466],[4.7144,12.6436],[4.7185,12.6448],[4.7263,12.6443],[4.7344,12.6443],[4.7413,12.6466],[4.7528,12.6433],[4.7319,12.6721],[4.7303,12.7018],[4.7316,12.7066],[4.7364,12.7181],[4.7324,12.7172],[4.7248,12.7186],[4.7204,12.7186],[4.7163,12.7174],[4.7123,12.7178],[4.707,12.7086],[4.7014,12.7034],[4.6979,12.7032],[4.6907,12.7046],[4.6827,12.7039],[4.673,12.705],[4.6655,12.7052],[4.6541,12.7096],[4.6371,12.715],[4.6371,12.717],[4.6318,12.7167],[4.6232,12.7191],[4.6142,12.7203],[4.6072,12.7233],[4.5942,12.7313],[4.5845,12.7352],[4.5827,12.7364],[4.5748,12.7443],[4.5715,12.7486],[4.564,12.7552],[4.5616,12.7498],[4.5526,12.7484],[4.5458,12.7506],[4.5407,12.749],[4.5379,12.7466],[4.5399,12.7442],[4.542,12.7442],[4.5429,12.7352],[4.5417,12.7285],[4.5396,12.7277],[4.5329,12.7276],[4.5263,12.7302],[4.5226,12.7295],[4.5213,12.7253],[4.5128,12.705],[4.5074,12.6946]]]},"properties":{"name":"GWAZANGE/KISAWA/U GYAGA","state":"21","code":"21/03/06"}},{"type":"Feature","geometry":{"type":"Polygon","coordinates":[[[4.525,12.7429],[4.5301,12.7423],[4.5304,12.744],[4.5277,12.7495],[4.5348,12.7532],[4.5443,12.7573],[4.5487,12.7582],[4.5489,12.7627],[4.5505,12.767],[4.5501,12.77],[4.5448,12.767],[4.5408,12.766],[4.5347,12.761],[4.5299,12.76],[4.528,12.7557],[4.5283,12.7532],[4.5255,12.752],[4.5254,12.7461],[4.525,12.7429]]]},"properties":{"name":"KOKANI NORTH","state":"21","code":"21/03/07"}},{"type":"Feature","geometry":{"type":"Polygon","coordinates":[[[4.5226,12.7295],[4.5263,12.7302],[4.5329,12.7276],[4.5396,12.7277],[4.5417,12.7285],[4.5429,12.7352],[4.542,12.7442],[4.5399,12.7442],[4.5379,12.7466],[4.5407,12.749],[4.5458,12.7506],[4.5526,12.7484],[4.5616,12.7498],[4.564,12.7552],[4.5568,12.7583],[4.5487,12.7582],[4.5443,12.7573],[4.5348,12.7532],[4.5277,12.7495],[4.5304,12.744],[4.5301,12.7423],[4.525,12.7429],[4.5226,12.7295]]]},"properties":{"name":"KOKANI SOUTH","state":"21","code":"21/03/08"}},{"type":"Feature","geometry":{"type":"Polygon","coordinates":[[[4.3574,12.7887],[4.3691,12.7866],[4.3779,12.7837],[4.3859,12.7799],[4.3966,12.7736],[4.3973,12.7713],[4.3949,12.7661],[4.3936,12.7612],[4.3942,12.7576],[4.3982,12.7561],[4.4019,12.7526],[4.4119,12.7471],[4.4167,12.7471],[4.4223,12.7442],[4.4282,12.7429],[4.4309,12.7473],[4.4318,12.7531],[4.4338,12.756],[4.4336,12.7604],[4.4351,12.7637],[4.436,12.7693],[4.4421,12.7671],[4.4515,12.7682],[4.4574,12.7675],[4.4591,12.7691],[4.4624,12.7688],[4.467,12.7722],[4.4683,12.7753],[4.4711,12.7777],[4.4733,12.7741],[4.4781,12.7687],[4.4843,12.7725],[4.4881,12.7761],[4.5008,12.7668],[4.5094,12.7685],[4.5139,12.7732],[4.5151,12.7778],[4.5198,12.7794],[4.5242,12.786],[4.5244,12.7881],[4.5299,12.7844],[4.5343,12.7853],[4.5351,12.7904],[4.54,12.7934],[4.5374,12.7949],[4.5358,12.7978],[4.5274,12.8072],[4.5263,12.8024],[4.5232,12.8011],[4.5203,12.8075],[4.5185,12.8168],[4.5165,12.8188],[4.5082,12.8185],[4.5065,12.8228],[4.5043,12.8254],[4.5054,12.8302],[4.5056,12.8349],[4.507,12.8385],[4.5022,12.8408],[4.494,12.8426],[4.4874,12.8394],[4.482,12.8357],[4.4802,12.8374],[4.4786,12.8425],[4.4777,12.8485],[4.4786,12.8527],[4.4728,12.8552],[4.4697,12.8537],[4.4641,12.8537],[4.4553,12.8567],[4.4517,12.859],[4.4412,12.8696],[4.4387,12.8665],[4.4359,12.8668],[4.4327,12.8634],[4.4279,12.86],[4.4233,12.8556],[4.418,12.8519],[4.4143,12.8521],[4.4005,12.8492],[4.3924,12.8535],[4.3878,12.857],[4.38,12.8579],[4.376,12.8558],[4.3663,12.8563],[4.3616,12.8533],[4.3567,12.852],[4.3581,12.8449],[4.3567,12.8352],[4.3551,12.8325],[4.3557,12.8268],[4.3548,12.8213],[4.3565,12.8172],[4.3559,12.8119],[4.3545,12.8101],[4.3549,12.8033],[4.3598,12.7993],[4.3589,12.7915],[4.3574,12.7887]]]},"properties":{"name":"LAILABA","state":"21","code":"21/03/09"}},{"type":"Feature","geometry":{"type":"Polygon","coordinates":[[[4.1977,12.6478],[4.2026,12.6438],[4.212,12.6415],[4.2157,12.6375],[4.2166,12.6324],[4.2205,12.6265],[4.2205,12.619],[4.2227,12.61],[4.2193,12.6041],[4.2228,12.5969],[4.2227,12.5953],[4.2255,12.591],[4.2324,12.5882],[4.2423,12.5884],[4.251,12.5804],[4.2505,12.5759],[4.2478,12.5711],[4.2487,12.5677],[4.2477,12.5641],[4.2477,12.5598],[4.2494,12.559],[4.2532,12.5612],[4.2663,12.5562],[4.2692,12.5537],[4.2782,12.5519],[4.2822,12.5525],[4.2858,12.5503],[4.29,12.5459],[4.2973,12.5395],[4.2982,12.5459],[4.303,12.5511],[4.2995,12.5564],[4.2964,12.5585],[4.2898,12.5606],[4.2842,12.5669],[4.2808,12.5679],[4.2821,12.5711],[4.288,12.5734],[4.2881,12.5781],[4.2894,12.583],[4.2966,12.5833],[4.2996,12.5846],[4.3,12.5869],[4.3038,12.5854],[4.3199,12.582],[4.3312,12.5781],[4.3298,12.582],[4.3297,12.591],[4.3318,12.5906],[4.3342,12.5928],[4.3374,12.5926],[4.3421,12.5976],[4.3424,12.6005],[4.3407,12.6047],[4.3416,12.6075],[4.345,12.6106],[4.3451,12.6137],[4.3481,12.6175],[4.3486,12.62],[4.346,12.6214],[4.3444,12.6266],[4.3451,12.6327],[4.3426,12.6352],[4.3409,12.6393],[4.3355,12.6422],[4.3281,12.6427],[4.3246,12.6448],[4.3227,12.6478],[4.3191,12.65],[4.3188,12.6519],[4.3142,12.6562],[4.315,12.662],[4.3137,12.6732],[4.312,12.6718],[4.3089,12.6737],[4.3027,12.6801],[4.2991,12.6813],[4.2878,12.6867],[4.2806,12.6872],[4.2745,12.6897],[4.261,12.6977],[4.2565,12.7046],[4.2546,12.7039],[4.2468,12.7039],[4.2348,12.706],[4.2316,12.7088],[4.2276,12.7081],[4.2253,12.7064],[4.2202,12.7046],[4.216,12.702],[4.214,12.7019],[4.2091,12.6989],[4.2067,12.6921],[4.2065,12.687],[4.2012,12.6685],[4.2016,12.6655],[4.1978,12.6564],[4.1977,12.6478]]]},"properties":{"name":"SAUWA/KAURAR SANI","state":"21","code":"21/03/10"}},{"type":"Feature","geometry":{"type":"Polygon","coordinates":[[[4.2878,12.6867],[4.2991,12.6813],[4.3027,12.6801],[4.3089,12.6737],[4.312,12.6718],[4.3137,12.6732],[4.3257,12.6761],[4.3361,12.6812],[4.341,12.685],[4.3446,12.6839],[4.3474,12.6853],[4.3527,12.6819],[4.3582,12.6801],[4.3671,12.6801],[4.3711,12.6777],[4.3744,12.6776],[4.3757,12.6757],[4.3841,12.6754],[4.3929,12.6707],[4.3939,12.6668],[4.3987,12.6614],[4.4004,12.6578],[4.3985,12.6545],[4.3945,12.6512],[4.3917,12.6519],[4.3894,12.6498],[4.3887,12.6457],[4.3843,12.6443],[4.3826,12.6411],[4.3874,12.6371],[4.3829,12.6336],[4.3818,12.6253],[4.3863,12.6227],[4.3956,12.6244],[4.3958,12.6327],[4.3983,12.6343],[4.396,12.637],[4.4009,12.6438],[4.4043,12.6459],[4.4043,12.6481],[4.4095,12.6539],[4.4141,12.6536],[4.4181,12.6515],[4.4196,12.6524],[4.42,12.6571],[4.4264,12.6545],[4.4304,12.6587],[4.4393,12.6588],[4.4409,12.6652],[4.443,12.6684],[4.4466,12.67],[4.4478,12.672],[4.4463,12.6759],[4.4472,12.6803],[4.4514,12.6814],[4.454,12.685],[4.4551,12.6887],[4.457,12.6892],[4.4565,12.6927],[4.4616,12.7008],[4.4607,12.704],[4.4666,12.7063],[4.4688,12.7102],[4.4717,12.7126],[4.4729,12.7177],[4.4744,12.7176],[4.4775,12.7244],[4.4759,12.7268],[4.4754,12.7309],[4.4676,12.7345],[4.4612,12.7361],[4.4573,12.7384],[4.4593,12.7458],[4.4619,12.7462],[4.4642,12.7484],[4.4656,12.756],[4.4716,12.759],[4.4722,12.7628],[4.4781,12.7687],[4.4733,12.7741],[4.4711,12.7777],[4.4683,12.7753],[4.467,12.7722],[4.4624,12.7688],[4.4591,12.7691],[4.4574,12.7675],[4.4515,12.7682],[4.4421,12.7671],[4.436,12.7693],[4.4351,12.7637],[4.4336,12.7604],[4.4338,12.756],[4.4318,12.7531],[4.4309,12.7473],[4.4282,12.7429],[4.4223,12.7442],[4.4167,12.7471],[4.4119,12.7471],[4.4019,12.7526],[4.3982,12.7561],[4.3942,12.7576],[4.3936,12.7612],[4.3949,12.7661],[4.3973,12.7713],[4.3966,12.7736],[4.3859,12.7799],[4.3779,12.7837],[4.3691,12.7866],[4.3574,12.7887],[4.3552,12.7803],[4.3531,12.7774],[4.353,12.7726],[4.3514,12.7705],[4.3509,12.7664],[4.346,12.7605],[4.343,12.758],[4.3383,12.7562],[4.3338,12.7529],[4.3296,12.7449],[4.3277,12.7438],[4.3194,12.7479],[4.3118,12.7497],[4.3084,12.7496],[4.2996,12.7515],[4.2999,12.749],[4.298,12.7459],[4.2972,12.7443],[4.2985,12.7384],[4.2978,12.7357],[4.295,12.7315],[4.2944,12.7272],[4.2961,12.7235],[4.3015,12.7239],[4.3031,12.72],[4.2995,12.7145],[4.2973,12.7045],[4.2922,12.6995],[4.2916,12.6938],[4.2878,12.6867]]]},"properties":{"name":"TUNGAR ZAZZAGAWA/RUMBUKI/SARKAWA","state":"21","code":"21/03/11"}},{"type":"Feature","geometry":{"type":"Polygon","coordinates":[[[4.6061,12.8829],[4.5978,12.8911],[4.596,12.894],[4.5771,12.9021],[4.5676,12.907],[4.5512,12.916],[4.551,12.906],[4.5485,12.9001],[4.5506,12.8959],[4.5548,12.8951],[4.5625,12.8902],[4.5641,12.885],[4.5687,12.8824],[4.5706,12.8792],[4.5748,12.8796],[4.58,12.8724],[4.5813,12.8679],[4.585,12.863],[4.5869,12.8584],[4.5936,12.8605],[4.5973,12.8635],[4.5987,12.8679],[4.597,12.8748],[4.5993,12.8773],[4.6041,12.879],[4.6061,12.8829]]]},"properties":{"name":"AUGIE NORTH","state":"21","code":"21/04/01"}},{"type":"Feature","geometry":{"type":"Polygon","coordinates":[[[4.6061,12.8829],[4.6085,12.8827],[4.6114,12.8846],[4.6141,12.8886],[4.6149,12.8919],[4.6197,12.8929],[4.6205,12.8966],[4.6174,12.9004],[4.6193,12.9075],[4.6222,12.9123],[4.622,12.9164],[4.6237,12.9191],[4.6226,12.9239],[4.6236,12.9258],[4.6177,12.9274],[4.6134,12.927],[4.6081,12.9326],[4.6069,12.935],[4.6027,12.9388],[4.5903,12.9462],[4.5879,12.9453],[4.5815,12.9457],[4.5755,12.9489],[4.5671,12.9495],[4.5576,12.9561],[4.5455,12.956],[4.541,12.9564],[4.5369,12.9503],[4.5411,12.9437],[4.5447,12.9418],[4.5459,12.9314],[4.5502,12.9276],[4.5498,12.923],[4.5523,12.9184],[4.5512,12.916],[4.5676,12.907],[4.5771,12.9021],[4.596,12.894],[4.5978,12.8911],[4.6061,12.8829]]]},"properties":{"name":"AUGIE SOUTH","state":"21","code":"21/04/02"}},{"type":"Feature","geometry":{"type":"MultiPolygon","coordinates":[[[[4.5625,12.7783],[4.5705,12.7808],[4.5677,12.7874],[4.5719,12.7894],[4.5714,12.7921],[4.5759,12.7934],[4.5813,12.7968],[4.5842,12.8035],[4.5809,12.8061],[4.5815,12.8135],[4.5856,12.8143],[4.586,12.8168],[4.5882,12.8183],[4.5881,12.8229],[4.5861,12.8257],[4.5862,12.8383],[4.5858,12.8434],[4.5839,12.8459],[4.5841,12.8536],[4.5875,12.857],[4.5869,12.8584],[4.585,12.863],[4.5813,12.8679],[4.58,12.8724],[4.5748,12.8796],[4.5706,12.8792],[4.5662,12.8741],[4.5628,12.8726],[4.5506,12.873],[4.5466,12.8671],[4.5441,12.8656],[4.5448,12.8631],[4.5513,12.8578],[4.551,12.8552],[4.5538,12.8474],[4.556,12.8392],[4.5544,12.8382],[4.5542,12.8345],[4.5607,12.8304],[4.5609,12.827],[4.5588,12.8245],[4.5596,12.8205],[4.557,12.8173],[4.5522,12.8142],[4.5502,12.8092],[4.5482,12.8119],[4.5433,12.814],[4.5385,12.8105],[4.5352,12.8113],[4.5306,12.8101],[4.5274,12.8072],[4.5358,12.7978],[4.5374,12.7949],[4.54,12.7934],[4.5454,12.791],[4.5472,12.7873],[4.5534,12.7851],[4.5625,12.7783]]],[[[4.6236,12.9258],[4.6263,12.9287],[4.6255,12.934],[4.6289,12.9396],[4.6283,12.9413],[4.6303,12.9454],[4.6342,12.9501],[4.6365,12.9543],[4.6327,12.9559],[4.6233,12.9574],[4.6201,12.9597],[4.6176,12.9596],[4.612,12.9572],[4.6039,12.9591],[4.5995,12.959],[4.5943,12.9617],[4.593,12.9662],[4.5844,12.9679],[4.5762,12.9681],[4.5718,12.9705],[4.5637,12.9703],[4.5622,12.9691],[4.5523,12.9688],[4.5443,12.9626],[4.5431,12.9586],[4.541,12.9564],[4.5455,12.956],[4.5576,12.9561],[4.5671,12.9495],[4.5755,12.9489],[4.5815,12.9457],[4.5879,12.9453],[4.5903,12.9462],[4.6027,12.9388],[4.6069,12.935],[4.6081,12.9326],[4.6134,12.927],[4.6177,12.9274],[4.6236,12.9258]]]]},"properties":{"name":"BAGAYE/MERA","state":"21","code":"21/04/03"}},{"type":"Feature","geometry":{"type":"Polygon","coordinates":[[[4.7702,12.8608],[4.7592,12.8744],[4.7449,12.8888],[4.7421,12.8845],[4.7393,12.8832],[4.7376,12.8773],[4.735,12.872],[4.7315,12.8702],[4.7294,12.8659],[4.7272,12.8646],[4.7214,12.864],[4.713,12.8608],[4.7084,12.86],[4.7017,12.862],[4.6903,12.861],[4.6818,12.8594],[4.6756,12.8543],[4.6735,12.8534],[4.668,12.8593],[4.6677,12.8616],[4.6643,12.8629],[4.6672,12.8563],[4.6669,12.8513],[4.6685,12.8486],[4.6688,12.8446],[4.6675,12.8384],[4.6654,12.8364],[4.6568,12.8377],[4.6543,12.839],[4.6493,12.8272],[4.6458,12.8209],[4.6468,12.8163],[4.6441,12.8099],[4.6409,12.807],[4.6413,12.7973],[4.6427,12.7974],[4.6562,12.8034],[4.6605,12.8045],[4.6642,12.8043],[4.6655,12.802],[4.6648,12.7965],[4.6685,12.7834],[4.6701,12.7806],[4.6707,12.774],[4.67,12.7706],[4.6721,12.7724],[4.6745,12.7778],[4.6773,12.7806],[4.6791,12.7921],[4.6811,12.7937],[4.6848,12.7998],[4.69,12.803],[4.6922,12.8058],[4.6952,12.8073],[4.6921,12.8113],[4.6947,12.817],[4.6957,12.824],[4.6982,12.8314],[4.7022,12.8324],[4.7052,12.8376],[4.7078,12.8405],[4.7114,12.839],[4.7142,12.8359],[4.7196,12.837],[4.7189,12.84],[4.7251,12.8371],[4.7259,12.8353],[4.7351,12.8383],[4.7378,12.8364],[4.7418,12.8353],[4.7443,12.8308],[4.7484,12.8292],[4.7509,12.831],[4.7561,12.8262],[4.7556,12.8203],[4.7566,12.8148],[4.7619,12.8046],[4.764,12.796],[4.7662,12.7922],[4.7702,12.7891],[4.7758,12.7903],[4.7884,12.7969],[4.8036,12.8031],[4.8063,12.8042],[4.8068,12.8195],[4.7743,12.8557],[4.7702,12.8608]]]},"properties":{"name":"BAYAWA NORTH","state":"21","code":"21/04/04"}},{"type":"Feature","geometry":{"type":"Polygon","coordinates":[[[4.7364,12.7181],[4.74,12.727],[4.7436,12.7373],[4.7465,12.7432],[4.7529,12.7567],[4.7572,12.7646],[4.7603,12.7725],[4.7702,12.7891],[4.7662,12.7922],[4.764,12.796],[4.7619,12.8046],[4.7566,12.8148],[4.7556,12.8203],[4.7561,12.8262],[4.7509,12.831],[4.7484,12.8292],[4.7443,12.8308],[4.7418,12.8353],[4.7378,12.8364],[4.7351,12.8383],[4.7259,12.8353],[4.7251,12.8371],[4.7189,12.84],[4.7196,12.837],[4.7142,12.8359],[4.7114,12.839],[4.7078,12.8405],[4.7052,12.8376],[4.7022,12.8324],[4.6982,12.8314],[4.6957,12.824],[4.6947,12.817],[4.6921,12.8113],[4.6952,12.8073],[4.6922,12.8058],[4.69,12.803],[4.6848,12.7998],[4.6811,12.7937],[4.6791,12.7921],[4.6773,12.7806],[4.6745,12.7778],[4.6721,12.7724],[4.67,12.7706],[4.6683,12.7682],[4.6716,12.7666],[4.6797,12.7645],[4.6819,12.7594],[4.6812,12.7574],[4.6847,12.7545],[4.6872,12.7475],[4.6859,12.7436],[4.6865,12.7312],[4.6879,12.7266],[4.6874,12.723],[4.6819,12.7177],[4.6786,12.7125],[4.6655,12.7052],[4.673,12.705],[4.6827,12.7039],[4.6907,12.7046],[4.6979,12.7032],[4.7014,12.7034],[4.707,12.7086],[4.7123,12.7178],[4.7163,12.7174],[4.7204,12.7186],[4.7248,12.7186],[4.7324,12.7172],[4.7364,12.7181]]]},"properties":{"name":"BAYAWA SOUTH","state":"21","code":"21/04/05"}},{"type":"Feature","geometry":{"type":"Polygon","coordinates":[[[4.7449,12.8888],[4.7405,12.8933],[4.7126,12.9075],[4.7063,12.9124],[4.7014,12.918],[4.6979,12.9234],[4.698,12.9267],[4.6954,12.9318],[4.6903,12.9358],[4.6844,12.9347],[4.6807,12.9318],[4.6746,12.9304],[4.6699,12.926],[4.665,12.9263],[4.6615,12.9235],[4.6571,12.9234],[4.6568,12.9209],[4.6541,12.9198],[4.6563,12.9151],[4.658,12.9146],[4.6541,12.9077],[4.6623,12.9056],[4.665,12.9019],[4.6625,12.9011],[4.6627,12.8971],[4.661,12.892],[4.6617,12.888],[4.6574,12.8835],[4.6586,12.882],[4.6541,12.8788],[4.6507,12.8774],[4.6456,12.8777],[4.64,12.8763],[4.6388,12.8748],[4.6409,12.8678],[4.643,12.8673],[4.6439,12.8641],[4.6472,12.8611],[4.6507,12.8633],[4.6556,12.8647],[4.6643,12.8629],[4.6677,12.8616],[4.668,12.8593],[4.6735,12.8534],[4.6756,12.8543],[4.6818,12.8594],[4.6903,12.861],[4.7017,12.862],[4.7084,12.86],[4.713,12.8608],[4.7214,12.864],[4.7272,12.8646],[4.7294,12.8659],[4.7315,12.8702],[4.735,12.872],[4.7376,12.8773],[4.7393,12.8832],[4.7421,12.8845],[4.7449,12.8888]]]},"properties":{"name":"BIRNIN TUDU/GUDALE","state":"21","code":"21/04/06"}},{"type":"Feature","geometry":{"type":"Polygon","coordinates":[[[4.5869,12.8584],[4.5875,12.857],[4.5841,12.8536],[4.5839,12.8459],[4.5858,12.8434],[4.5862,12.8383],[4.5861,12.8257],[4.5881,12.8229],[4.5882,12.8183],[4.5906,12.817],[4.5942,12.8197],[4.593,12.8236],[4.5967,12.8265],[4.5971,12.8311],[4.5988,12.8328],[4.6121,12.831],[4.615,12.83],[4.6242,12.8222],[4.6279,12.8228],[4.6291,12.8283],[4.6351,12.828],[4.6396,12.8269],[4.645,12.8227],[4.6458,12.8209],[4.6493,12.8272],[4.6543,12.839],[4.6568,12.8377],[4.6654,12.8364],[4.6675,12.8384],[4.6688,12.8446],[4.6685,12.8486],[4.6669,12.8513],[4.6672,12.8563],[4.6643,12.8629],[4.6556,12.8647],[4.6507,12.8633],[4.6472,12.8611],[4.6439,12.8641],[4.643,12.8673],[4.6409,12.8678],[4.6388,12.8748],[4.64,12.8763],[4.6456,12.8777],[4.6507,12.8774],[4.6541,12.8788],[4.6586,12.882],[4.6574,12.8835],[4.6617,12.888],[4.661,12.892],[4.6627,12.8971],[4.6625,12.9011],[4.665,12.9019],[4.6623,12.9056],[4.6541,12.9077],[4.658,12.9146],[4.6563,12.9151],[4.6541,12.9198],[4.6568,12.9209],[4.6571,12.9234],[4.6615,12.9235],[4.665,12.9263],[4.6699,12.926],[4.6746,12.9304],[4.6807,12.9318],[4.6844,12.9347],[4.6903,12.9358],[4.6872,12.9386],[4.6579,12.9442],[4.6462,12.9486],[4.6474,12.9454],[4.6435,12.9438],[4.6408,12.9399],[4.6358,12.9373],[4.6333,12.9326],[4.6339,12.9315],[4.6294,12.9258],[4.6292,12.9199],[4.6272,12.9171],[4.622,12.9164],[4.6222,12.9123],[4.6193,12.9075],[4.6174,12.9004],[4.6205,12.8966],[4.6197,12.8929],[4.6149,12.8919],[4.6141,12.8886],[4.6114,12.8846],[4.6085,12.8827],[4.6061,12.8829],[4.6041,12.879],[4.5993,12.8773],[4.597,12.8748],[4.5987,12.8679],[4.5973,12.8635],[4.5936,12.8605],[4.5869,12.8584]]]},"properties":{"name":"BUBUCE","state":"21","code":"21/04/07"}},{"type":"Feature","geometry":{"type":"Polygon","coordinates":[[[4.4839,12.9669],[4.4909,12.9631],[4.496,12.9627],[4.4994,12.9609],[4.5024,12.9607],[4.5054,12.9589],[4.51,12.9592],[4.5158,12.9571],[4.5204,12.9581],[4.5233,12.9557],[4.5292,12.953],[4.5329,12.9527],[4.5369,12.9503],[4.541,12.9564],[4.5431,12.9586],[4.5443,12.9626],[4.5523,12.9688],[4.5622,12.9691],[4.5637,12.9703],[4.5718,12.9705],[4.5762,12.9681],[4.5844,12.9679],[4.593,12.9662],[4.5943,12.9617],[4.5995,12.959],[4.6039,12.9591],[4.612,12.9572],[4.6176,12.9596],[4.6201,12.9597],[4.6233,12.9574],[4.6327,12.9559],[4.6365,12.9543],[4.6342,12.9501],[4.6303,12.9454],[4.6283,12.9413],[4.6289,12.9396],[4.6255,12.934],[4.6263,12.9287],[4.6236,12.9258],[4.6226,12.9239],[4.6237,12.9191],[4.622,12.9164],[4.6272,12.9171],[4.6292,12.9199],[4.6294,12.9258],[4.6339,12.9315],[4.6333,12.9326],[4.6358,12.9373],[4.6408,12.9399],[4.6435,12.9438],[4.6474,12.9454],[4.6462,12.9486],[4.6483,12.9506],[4.6495,12.9541],[4.6524,12.9543],[4.6545,12.9567],[4.6568,12.9568],[4.6607,12.9595],[4.6612,12.9648],[4.6594,12.9689],[4.6634,12.9705],[4.6657,12.9696],[4.6662,12.9735],[4.6704,12.9755],[4.6747,12.9803],[4.6806,12.9803],[4.678,12.9882],[4.6778,12.9991],[4.6867,13.0061],[4.7026,13.0258],[4.7068,13.03],[4.7153,13.0384],[4.7166,13.0409],[4.7212,13.0452],[4.7247,13.0495],[4.7302,13.0532],[4.7263,13.0545],[4.7172,13.0618],[4.7028,13.0727],[4.7022,13.0732],[4.683,13.0789],[4.6232,13.0703],[4.623,13.0701],[4.5568,13.1102],[4.5515,13.1041],[4.5426,13.1029],[4.5399,13.0987],[4.5389,13.095],[4.5327,13.0899],[4.5288,13.0856],[4.5254,13.0872],[4.5194,13.093],[4.5154,13.096],[4.5166,13.091],[4.5183,13.089],[4.5185,13.085],[4.5214,13.0792],[4.5209,13.0743],[4.5248,13.0672],[4.5225,13.0628],[4.516,13.0571],[4.5126,13.0515],[4.5121,13.0484],[4.5095,13.0443],[4.5031,13.0378],[4.4984,13.038],[4.4915,13.0344],[4.4901,13.0317],[4.4876,13.0316],[4.4771,13.0341],[4.4701,13.0301],[4.4639,13.0281],[4.461,13.0281],[4.4656,13.0233],[4.4676,13.0176],[4.4701,13.0153],[4.4744,13.0081],[4.4791,13.0048],[4.4811,12.9978],[4.4839,12.9971],[4.4905,12.9909],[4.496,12.9833],[4.4987,12.9806],[4.4977,12.9776],[4.4937,12.9744],[4.4888,12.9729],[4.4839,12.9669]]]},"properties":{"name":"DUNDAYE/KWAIDO/ZAGI/ILLELA","state":"21","code":"21/04/08"}},{"type":"Feature","geometry":{"type":"Polygon","coordinates":[[[4.5501,12.77],[4.5505,12.767],[4.5489,12.7627],[4.5487,12.7582],[4.5568,12.7583],[4.564,12.7552],[4.5715,12.7486],[4.5748,12.7443],[4.5827,12.7364],[4.5845,12.7352],[4.5942,12.7313],[4.6072,12.7233],[4.6142,12.7203],[4.6232,12.7191],[4.6318,12.7167],[4.6371,12.717],[4.6371,12.715],[4.6541,12.7096],[4.6655,12.7052],[4.6786,12.7125],[4.6819,12.7177],[4.6874,12.723],[4.6879,12.7266],[4.6865,12.7312],[4.6859,12.7436],[4.6872,12.7475],[4.6847,12.7545],[4.6812,12.7574],[4.6819,12.7594],[4.6797,12.7645],[4.6716,12.7666],[4.6683,12.7682],[4.67,12.7706],[4.6707,12.774],[4.6701,12.7806],[4.6685,12.7834],[4.6648,12.7965],[4.6655,12.802],[4.6642,12.8043],[4.6605,12.8045],[4.6562,12.8034],[4.6427,12.7974],[4.6413,12.7973],[4.6409,12.807],[4.6441,12.8099],[4.6468,12.8163],[4.6458,12.8209],[4.645,12.8227],[4.6396,12.8269],[4.6351,12.828],[4.6291,12.8283],[4.6279,12.8228],[4.6242,12.8222],[4.615,12.83],[4.6121,12.831],[4.5988,12.8328],[4.5971,12.8311],[4.5967,12.8265],[4.593,12.8236],[4.5942,12.8197],[4.5906,12.817],[4.5882,12.8183],[4.586,12.8168],[4.5856,12.8143],[4.5815,12.8135],[4.5809,12.8061],[4.5842,12.8035],[4.5813,12.7968],[4.5759,12.7934],[4.5714,12.7921],[4.5719,12.7894],[4.5677,12.7874],[4.5705,12.7808],[4.5625,12.7783],[4.5605,12.7747],[4.5576,12.7736],[4.5543,12.7755],[4.5501,12.77]]]},"properties":{"name":"TIGGI/AWADE","state":"21","code":"21/04/09"}},{"type":"Feature","geometry":{"type":"Polygon","coordinates":[[[4.4412,12.8696],[4.4517,12.859],[4.4553,12.8567],[4.4641,12.8537],[4.4697,12.8537],[4.4728,12.8552],[4.4786,12.8527],[4.4777,12.8485],[4.4786,12.8425],[4.4802,12.8374],[4.482,12.8357],[4.4874,12.8394],[4.494,12.8426],[4.5022,12.8408],[4.507,12.8385],[4.5056,12.8349],[4.5054,12.8302],[4.5043,12.8254],[4.5065,12.8228],[4.5082,12.8185],[4.5165,12.8188],[4.5185,12.8168],[4.5203,12.8075],[4.5232,12.8011],[4.5263,12.8024],[4.5274,12.8072],[4.5306,12.8101],[4.5352,12.8113],[4.5385,12.8105],[4.5433,12.814],[4.5482,12.8119],[4.5502,12.8092],[4.5522,12.8142],[4.557,12.8173],[4.5596,12.8205],[4.5588,12.8245],[4.5609,12.827],[4.5607,12.8304],[4.5542,12.8345],[4.5544,12.8382],[4.556,12.8392],[4.5538,12.8474],[4.551,12.8552],[4.5513,12.8578],[4.5448,12.8631],[4.5441,12.8656],[4.5466,12.8671],[4.5506,12.873],[4.5628,12.8726],[4.5662,12.8741],[4.5706,12.8792],[4.5687,12.8824],[4.5641,12.885],[4.5625,12.8902],[4.5548,12.8951],[4.5506,12.8959],[4.5485,12.9001],[4.551,12.906],[4.5512,12.916],[4.5523,12.9184],[4.5498,12.923],[4.5502,12.9276],[4.5459,12.9314],[4.5447,12.9418],[4.5411,12.9437],[4.5369,12.9503],[4.5329,12.9527],[4.5292,12.953],[4.5233,12.9557],[4.5204,12.9581],[4.5158,12.9571],[4.51,12.9592],[4.5054,12.9589],[4.5024,12.9607],[4.4994,12.9609],[4.496,12.9627],[4.4909,12.9631],[4.4839,12.9669],[4.4818,12.9622],[4.4729,12.9546],[4.4695,12.9472],[4.4701,12.9429],[4.4645,12.9402],[4.4652,12.935],[4.4675,12.9329],[4.4678,12.9304],[4.4477,12.9164],[4.4485,12.9109],[4.4466,12.9023],[4.4469,12.8982],[4.4456,12.8934],[4.4429,12.8895],[4.441,12.8806],[4.4416,12.8771],[4.4412,12.8696]]]},"properties":{"name":"YOLA","state":"21","code":"21/04/10"}},{"type":"Feature","geometry":{"type":"Polygon","coordinates":[[[4.3165,11.4073],[4.3102,11.4107],[4.3062,11.4154],[4.3029,11.4162],[4.2946,11.4157],[4.2914,11.4175],[4.289,11.4217],[4.2831,11.4241],[4.2801,11.4263],[4.2748,11.4268],[4.2708,11.4282],[4.2634,11.432],[4.2602,11.4322],[4.2544,11.434],[4.2486,11.4372],[4.247,11.4327],[4.2444,11.4318],[4.2425,11.428],[4.2439,11.4242],[4.2421,11.423],[4.2392,11.4255],[4.2369,11.4248],[4.2349,11.422],[4.2298,11.4232],[4.2285,11.4204],[4.2248,11.4162],[4.2194,11.4144],[4.2156,11.4113],[4.2089,11.409],[4.1988,11.413],[4.1961,11.4177],[4.1966,11.4209],[4.1991,11.4214],[4.2028,11.4202],[4.2045,11.4249],[4.1995,11.4324],[4.2,11.4406],[4.1963,11.4458],[4.1881,11.4515],[4.1843,11.4531],[4.1832,11.4508],[4.1755,11.4477],[4.1687,11.442],[4.1666,11.4383],[4.1694,11.4275],[4.17,11.4228],[4.1659,11.4205],[4.1603,11.4147],[4.1603,11.4094],[4.1578,11.4067],[4.1501,11.4045],[4.1481,11.4093],[4.1448,11.4106],[4.1423,11.4095],[4.1404,11.4059],[4.1372,11.4067],[4.1346,11.4109],[4.1318,11.4107],[4.1301,11.4085],[4.1308,11.4034],[4.1287,11.4027],[4.1259,11.4076],[4.1239,11.4072],[4.1212,11.4039],[4.119,11.4033],[4.1198,11.3919],[4.1208,11.3849],[4.1232,11.3766],[4.1283,11.3723],[4.1335,11.3693],[4.1416,11.3658],[4.1553,11.3552],[4.1744,11.3423],[4.1783,11.332],[4.1814,11.3177],[4.1824,11.311],[4.1885,11.3098],[4.1883,11.3119],[4.1904,11.3167],[4.1904,11.3211],[4.1959,11.329],[4.1952,11.335],[4.1905,11.3448],[4.1927,11.3506],[4.1934,11.3547],[4.2,11.3622],[4.2033,11.3612],[4.2065,11.3619],[4.2105,11.3589],[4.2166,11.3582],[4.2236,11.3543],[4.2245,11.3567],[4.2271,11.3578],[4.2323,11.3629],[4.235,11.3562],[4.24,11.3541],[4.2443,11.3535],[4.2484,11.3585],[4.2574,11.3614],[4.2594,11.3683],[4.2605,11.3726],[4.2676,11.3727],[4.2711,11.3752],[4.276,11.3766],[4.2781,11.376],[4.2855,11.3814],[4.2969,11.384],[4.2996,11.3867],[4.3089,11.391],[4.3144,11.3991],[4.317,11.4016],[4.316,11.4032],[4.3165,11.4073]]]},"properties":{"name":"BAGUDO/TUGA","state":"21","code":"21/05/01"}},{"type":"Feature","geometry":{"type":"Polygon","coordinates":[[[4.1843,11.4531],[4.184,11.456],[4.1861,11.4642],[4.1898,11.4652],[4.1979,11.4703],[4.2019,11.4692],[4.2003,11.4761],[4.2014,11.4796],[4.2001,11.4876],[4.1991,11.4898],[4.2011,11.4935],[4.2007,11.4965],[4.1973,11.4954],[4.1927,11.4915],[4.1879,11.485],[4.1852,11.4838],[4.1811,11.4842],[4.1735,11.4884],[4.1708,11.4914],[4.1666,11.4894],[4.1668,11.4856],[4.1644,11.4796],[4.1608,11.4779],[4.1563,11.4744],[4.15,11.4769],[4.1453,11.4757],[4.1418,11.4729],[4.1387,11.4732],[4.1304,11.4783],[4.127,11.4788],[4.1224,11.4811],[4.1239,11.4844],[4.1202,11.4878],[4.1155,11.4934],[4.1126,11.4943],[4.1085,11.4897],[4.1038,11.4901],[4.1002,11.4953],[4.0956,11.4977],[4.0934,11.5013],[4.0961,11.5081],[4.0945,11.5125],[4.0799,11.5196],[4.0779,11.5231],[4.0772,11.5285],[4.0758,11.5314],[4.0717,11.5344],[4.0688,11.5388],[4.0585,11.5349],[4.054,11.5389],[4.0472,11.5436],[4.0441,11.5436],[4.0403,11.5413],[4.0407,11.5393],[4.0375,11.535],[4.0336,11.5342],[4.0296,11.5378],[4.0181,11.5402],[4.006,11.5435],[4.0065,11.5333],[4.0038,11.5282],[4.0006,11.5265],[3.9955,11.5197],[3.9972,11.51],[3.9969,11.5061],[3.9926,11.5045],[3.9899,11.4943],[3.9877,11.4932],[3.9917,11.4885],[4.0062,11.4811],[4.0158,11.4783],[4.0241,11.4778],[4.0275,11.4758],[4.0418,11.4658],[4.0486,11.4595],[4.0543,11.4581],[4.0599,11.4589],[4.07,11.4589],[4.0754,11.4575],[4.0802,11.4552],[4.0847,11.4505],[4.0868,11.4466],[4.0891,11.4396],[4.0914,11.4351],[4.0945,11.4316],[4.1023,11.4249],[4.1117,11.4199],[4.116,11.4164],[4.1182,11.413],[4.119,11.4033],[4.1212,11.4039],[4.1239,11.4072],[4.1259,11.4076],[4.1287,11.4027],[4.1308,11.4034],[4.1301,11.4085],[4.1318,11.4107],[4.1346,11.4109],[4.1372,11.4067],[4.1404,11.4059],[4.1423,11.4095],[4.1448,11.4106],[4.1481,11.4093],[4.1501,11.4045],[4.1578,11.4067],[4.1603,11.4094],[4.1603,11.4147],[4.1659,11.4205],[4.17,11.4228],[4.1694,11.4275],[4.1666,11.4383],[4.1687,11.442],[4.1755,11.4477],[4.1832,11.4508],[4.1843,11.4531]]]},"properties":{"name":"BAHINDI/BOKI-DOMA","state":"21","code":"21/05/02"}},{"type":"Feature","geometry":{"type":"Polygon","coordinates":[[[3.6391,11.5502],[3.6326,11.5527],[3.6279,11.5502],[3.6242,11.5494],[3.6205,11.5457],[3.6175,11.5447],[3.6145,11.5419],[3.6115,11.5411],[3.6087,11.5373],[3.6047,11.5359],[3.6014,11.5297],[3.5942,11.5272],[3.5902,11.5215],[3.5875,11.5213],[3.5816,11.5178],[3.577,11.5139],[3.571,11.5132],[3.5673,11.5141],[3.5648,11.5118],[3.559,11.5112],[3.5531,11.5136],[3.5489,11.5122],[3.5458,11.5126],[3.5399,11.5115],[3.5375,11.5134],[3.5191,11.4059],[3.5006,11.2973],[3.5616,11.2446],[3.6406,11.1765],[3.6958,11.1289],[3.7021,11.1323],[3.7052,11.135],[3.7069,11.1339],[3.7133,11.1348],[3.72,11.1317],[3.7297,11.1317],[3.7247,11.1235],[3.7229,11.1177],[3.7206,11.1021],[3.7204,11.0792],[3.7195,11.0752],[3.7198,11.0654],[3.7182,11.0572],[3.7155,11.0493],[3.7162,11.0376],[3.714,11.0272],[3.7233,11.0274],[3.7301,11.0287],[3.7341,11.0308],[3.7373,11.0338],[3.7437,11.0384],[3.7483,11.0398],[3.752,11.0448],[3.7562,11.0485],[3.7555,11.0569],[3.758,11.0651],[3.7628,11.0695],[3.7611,11.073],[3.7611,11.0768],[3.7642,11.0823],[3.7655,11.0829],[3.7699,11.0793],[3.7794,11.0749],[3.7819,11.0751],[3.7896,11.0725],[3.7924,11.0725],[3.7963,11.0693],[3.8,11.0726],[3.7969,11.0749],[3.7979,11.0773],[3.7935,11.0825],[3.7985,11.0879],[3.8033,11.0913],[3.8074,11.091],[3.8107,11.0921],[3.8144,11.0983],[3.8183,11.1014],[3.8181,11.105],[3.8153,11.1042],[3.8102,11.1064],[3.8077,11.112],[3.81,11.1141],[3.8094,11.1165],[3.8033,11.1187],[3.8092,11.1235],[3.8036,11.1297],[3.8028,11.1327],[3.8044,11.1357],[3.8007,11.1383],[3.7966,11.1369],[3.79,11.1381],[3.7896,11.1435],[3.7825,11.1464],[3.7789,11.1463],[3.7776,11.1489],[3.7796,11.1553],[3.7826,11.16],[3.7951,11.1675],[3.7975,11.1728],[3.7949,11.1827],[3.7961,11.1899],[3.7958,11.1923],[3.8044,11.1997],[3.8069,11.2043],[3.8031,11.208],[3.804,11.215],[3.8107,11.2225],[3.8134,11.2283],[3.816,11.2284],[3.8226,11.2304],[3.8355,11.229],[3.8491,11.229],[3.8496,11.2313],[3.8462,11.2355],[3.8464,11.2454],[3.8497,11.2522],[3.8477,11.2564],[3.8431,11.2566],[3.8408,11.2596],[3.841,11.2617],[3.8465,11.2665],[3.8548,11.2679],[3.8576,11.2712],[3.857,11.2748],[3.8538,11.278],[3.8514,11.2778],[3.8464,11.2814],[3.8423,11.2818],[3.8366,11.2808],[3.8312,11.2821],[3.8248,11.2851],[3.8217,11.2835],[3.8185,11.2852],[3.8137,11.2848],[3.8051,11.2875],[3.7965,11.2893],[3.7908,11.2893],[3.7842,11.2928],[3.7806,11.2929],[3.7663,11.2968],[3.7635,11.3004],[3.7529,11.3034],[3.7491,11.305],[3.7444,11.3085],[3.7411,11.3085],[3.7369,11.3118],[3.7325,11.3125],[3.7274,11.3161],[3.7187,11.3182],[3.713,11.318],[3.7084,11.319],[3.7005,11.319],[3.6975,11.3203],[3.6944,11.3237],[3.6981,11.3259],[3.7007,11.33],[3.7047,11.3336],[3.7026,11.3354],[3.7,11.3402],[3.7039,11.3425],[3.7036,11.3443],[3.7064,11.35],[3.7051,11.3569],[3.7031,11.3571],[3.701,11.3603],[3.6981,11.3609],[3.6965,11.3651],[3.6937,11.3682],[3.6884,11.3692],[3.678,11.3742],[3.6744,11.3819],[3.6692,11.3872],[3.6689,11.3923],[3.6698,11.396],[3.6688,11.4018],[3.6659,11.4068],[3.6669,11.411],[3.6615,11.4132],[3.66,11.4168],[3.6577,11.4186],[3.6557,11.4226],[3.6532,11.4236],[3.6526,11.433],[3.6546,11.4346],[3.6555,11.4419],[3.6564,11.4438],[3.6567,11.4551],[3.6576,11.4641],[3.6547,11.4642],[3.6519,11.4621],[3.649,11.4655],[3.6503,11.4709],[3.6472,11.4844],[3.649,11.488],[3.6505,11.495],[3.653,11.4999],[3.6549,11.5008],[3.6565,11.5048],[3.6606,11.5106],[3.6569,11.5193],[3.654,11.5217],[3.6531,11.5251],[3.6504,11.5275],[3.6477,11.5322],[3.6412,11.5364],[3.6394,11.5431],[3.6391,11.5502]]]},"properties":{"name":"BANI/TSAMIYA/KALI","state":"21","code":"21/05/03"}},{"type":"Feature","geometry":{"type":"Polygon","coordinates":[[[3.8538,11.278],[3.8539,11.2803],[3.8578,11.2831],[3.8608,11.2873],[3.861,11.2898],[3.8586,11.2946],[3.8578,11.2987],[3.863,11.3033],[3.8695,11.3039],[3.8706,11.3062],[3.8674,11.3112],[3.8712,11.3146],[3.8745,11.3151],[3.8763,11.3203],[3.8794,11.3223],[3.885,11.3201],[3.8864,11.3209],[3.8891,11.3298],[3.8923,11.3337],[3.8961,11.3364],[3.8986,11.3368],[3.9015,11.3434],[3.9016,11.3463],[3.9041,11.3491],[3.9043,11.3527],[3.9088,11.3551],[3.9159,11.3552],[3.9188,11.36],[3.9181,11.3689],[3.9196,11.3729],[3.9252,11.3721],[3.9291,11.3743],[3.9333,11.3753],[3.9375,11.379],[3.9395,11.3821],[3.9386,11.3907],[3.9398,11.3944],[3.9434,11.4001],[3.945,11.4076],[3.9443,11.4096],[3.9379,11.4184],[3.9347,11.417],[3.9333,11.4195],[3.9339,11.433],[3.9388,11.4329],[3.9421,11.4343],[3.9428,11.4394],[3.9362,11.442],[3.9341,11.4442],[3.9314,11.4518],[3.9338,11.4529],[3.9388,11.4519],[3.9427,11.4523],[3.9471,11.4552],[3.9499,11.4602],[3.9495,11.4629],[3.9536,11.4677],[3.9553,11.4796],[3.958,11.4895],[3.9616,11.4864],[3.964,11.4866],[3.9635,11.492],[3.9659,11.4914],[3.9666,11.4949],[3.9741,11.4927],[3.9772,11.4951],[3.98,11.4933],[3.9848,11.4994],[3.979,11.5034],[3.9606,11.514],[3.9548,11.5152],[3.9548,11.5174],[3.948,11.5205],[3.9433,11.5219],[3.9379,11.5221],[3.9282,11.5212],[3.9232,11.5215],[3.9191,11.5243],[3.9143,11.5287],[3.9103,11.531],[3.9062,11.5305],[3.8941,11.5328],[3.8901,11.5369],[3.8888,11.5402],[3.8827,11.5461],[3.8796,11.5467],[3.8731,11.5505],[3.8701,11.5506],[3.8609,11.5522],[3.853,11.5555],[3.8495,11.5599],[3.8434,11.5644],[3.8414,11.5597],[3.8418,11.555],[3.8373,11.5434],[3.828,11.5326],[3.8213,11.5262],[3.8166,11.5234],[3.8153,11.521],[3.811,11.5164],[3.8104,11.5125],[3.8117,11.507],[3.8106,11.5038],[3.8053,11.5083],[3.8016,11.5095],[3.7906,11.5172],[3.7837,11.5189],[3.7789,11.5208],[3.7738,11.5264],[3.7688,11.5273],[3.7645,11.5253],[3.7603,11.5245],[3.7575,11.5257],[3.7525,11.5251],[3.7502,11.5236],[3.7456,11.5229],[3.741,11.5309],[3.7365,11.5358],[3.7351,11.5387],[3.7314,11.5404],[3.7261,11.5444],[3.716,11.5507],[3.7171,11.5546],[3.716,11.5578],[3.7173,11.5622],[3.7206,11.5665],[3.7207,11.5696],[3.7191,11.5743],[3.7221,11.5763],[3.7186,11.58],[3.7096,11.576],[3.7075,11.5757],[3.7051,11.5725],[3.6991,11.5733],[3.695,11.5773],[3.6896,11.5757],[3.677,11.5764],[3.675,11.5712],[3.6752,11.5691],[3.6713,11.5682],[3.6698,11.5659],[3.6649,11.5635],[3.657,11.5566],[3.6498,11.5553],[3.6468,11.5528],[3.6407,11.5522],[3.6391,11.5502],[3.6394,11.5431],[3.6412,11.5364],[3.6477,11.5322],[3.6504,11.5275],[3.6531,11.5251],[3.654,11.5217],[3.6569,11.5193],[3.6606,11.5106],[3.6565,11.5048],[3.6549,11.5008],[3.653,11.4999],[3.6505,11.495],[3.649,11.488],[3.6472,11.4844],[3.6503,11.4709],[3.649,11.4655],[3.6519,11.4621],[3.6547,11.4642],[3.6576,11.4641],[3.6567,11.4551],[3.6564,11.4438],[3.6555,11.4419],[3.6546,11.4346],[3.6526,11.433],[3.6532,11.4236],[3.6557,11.4226],[3.6577,11.4186],[3.66,11.4168],[3.6615,11.4132],[3.6669,11.411],[3.6659,11.4068],[3.6688,11.4018],[3.6698,11.396],[3.6689,11.3923],[3.6692,11.3872],[3.6744,11.3819],[3.678,11.3742],[3.6884,11.3692],[3.6937,11.3682],[3.6965,11.3651],[3.6981,11.3609],[3.701,11.3603],[3.7031,11.3571],[3.7051,11.3569],[3.7064,11.35],[3.7036,11.3443],[3.7039,11.3425],[3.7,11.3402],[3.7026,11.3354],[3.7047,11.3336],[3.7007,11.33],[3.6981,11.3259],[3.6944,11.3237],[3.6975,11.3203],[3.7005,11.319],[3.7084,11.319],[3.713,11.318],[3.7187,11.3182],[3.7274,11.3161],[3.7325,11.3125],[3.7369,11.3118],[3.7411,11.3085],[3.7444,11.3085],[3.7491,11.305],[3.7529,11.3034],[3.7635,11.3004],[3.7663,11.2968],[3.7806,11.2929],[3.7842,11.2928],[3.7908,11.2893],[3.7965,11.2893],[3.8051,11.2875],[3.8137,11.2848],[3.8185,11.2852],[3.8217,11.2835],[3.8248,11.2851],[3.8312,11.2821],[3.8366,11.2808],[3.8423,11.2818],[3.8464,11.2814],[3.8514,11.2778],[3.8538,11.278]]]},"properties":{"name":"ILLO/SABON/GARI/YANTAU","state":"21","code":"21/05/04"}},{"type":"Feature","geometry":{"type":"Polygon","coordinates":[[[4.119,11.4033],[4.1182,11.413],[4.116,11.4164],[4.1117,11.4199],[4.1023,11.4249],[4.0945,11.4316],[4.0914,11.4351],[4.0891,11.4396],[4.0868,11.4466],[4.0847,11.4505],[4.0802,11.4552],[4.0754,11.4575],[4.07,11.4589],[4.0599,11.4589],[4.0543,11.4581],[4.0486,11.4595],[4.0418,11.4658],[4.0275,11.4758],[4.0241,11.4778],[4.0158,11.4783],[4.0062,11.4811],[3.9917,11.4885],[3.9877,11.4932],[3.9848,11.4994],[3.98,11.4933],[3.9772,11.4951],[3.9741,11.4927],[3.9666,11.4949],[3.9659,11.4914],[3.9635,11.492],[3.964,11.4866],[3.9616,11.4864],[3.958,11.4895],[3.9553,11.4796],[3.9536,11.4677],[3.9495,11.4629],[3.9499,11.4602],[3.9471,11.4552],[3.9427,11.4523],[3.9388,11.4519],[3.9338,11.4529],[3.9314,11.4518],[3.9341,11.4442],[3.9362,11.442],[3.9428,11.4394],[3.9421,11.4343],[3.9388,11.4329],[3.9339,11.433],[3.9333,11.4195],[3.9347,11.417],[3.9379,11.4184],[3.9443,11.4096],[3.945,11.4076],[3.9434,11.4001],[3.9398,11.3944],[3.9386,11.3907],[3.9395,11.3821],[3.9375,11.379],[3.9333,11.3753],[3.9291,11.3743],[3.9252,11.3721],[3.9196,11.3729],[3.9181,11.3689],[3.9188,11.36],[3.9159,11.3552],[3.9088,11.3551],[3.9043,11.3527],[3.9041,11.3491],[3.9016,11.3463],[3.9015,11.3434],[3.8986,11.3368],[3.8961,11.3364],[3.8923,11.3337],[3.8891,11.3298],[3.8864,11.3209],[3.885,11.3201],[3.8794,11.3223],[3.8763,11.3203],[3.8745,11.3151],[3.8712,11.3146],[3.8674,11.3112],[3.8706,11.3062],[3.8695,11.3039],[3.863,11.3033],[3.8578,11.2987],[3.8586,11.2946],[3.861,11.2898],[3.8608,11.2873],[3.8578,11.2831],[3.8539,11.2803],[3.8538,11.278],[3.857,11.2748],[3.8576,11.2712],[3.8548,11.2679],[3.8465,11.2665],[3.841,11.2617],[3.8408,11.2596],[3.8431,11.2566],[3.8477,11.2564],[3.8497,11.2522],[3.8464,11.2454],[3.8462,11.2355],[3.8496,11.2313],[3.8491,11.229],[3.8355,11.229],[3.8226,11.2304],[3.816,11.2284],[3.8134,11.2283],[3.8107,11.2225],[3.804,11.215],[3.8031,11.208],[3.8069,11.2043],[3.8044,11.1997],[3.7958,11.1923],[3.7961,11.1899],[3.7949,11.1827],[3.7975,11.1728],[3.7951,11.1675],[3.7826,11.16],[3.7796,11.1553],[3.7776,11.1489],[3.7789,11.1463],[3.7825,11.1464],[3.7896,11.1435],[3.79,11.1381],[3.7966,11.1369],[3.8007,11.1383],[3.8044,11.1357],[3.8028,11.1327],[3.8036,11.1297],[3.8092,11.1235],[3.8033,11.1187],[3.8094,11.1165],[3.81,11.1141],[3.8077,11.112],[3.8102,11.1064],[3.8153,11.1042],[3.8181,11.105],[3.8183,11.1014],[3.8144,11.0983],[3.8107,11.0921],[3.8074,11.091],[3.8033,11.0913],[3.7985,11.0879],[3.7935,11.0825],[3.7979,11.0773],[3.7969,11.0749],[3.8,11.0726],[3.7963,11.0693],[3.7924,11.0725],[3.7896,11.0725],[3.7819,11.0751],[3.7794,11.0749],[3.7699,11.0793],[3.7655,11.0829],[3.7642,11.0823],[3.7611,11.0768],[3.7611,11.073],[3.7628,11.0695],[3.758,11.0651],[3.7555,11.0569],[3.7562,11.0485],[3.752,11.0448],[3.7483,11.0398],[3.7437,11.0384],[3.7373,11.0338],[3.7341,11.0308],[3.7301,11.0287],[3.7233,11.0274],[3.714,11.0272],[3.7275,11.0222],[3.7343,11.0181],[3.7385,11.0148],[3.7454,11.0069],[3.7488,11.0013],[3.7508,10.9965],[3.7755,10.9285],[3.7734,10.9203],[3.8023,10.9461],[3.857,10.9448],[3.9328,10.943],[3.9531,10.9657],[3.993,11.0165],[3.998,11.0179],[4.0684,11.022],[4.0792,11.0238],[4.1004,11.0263],[4.1649,11.0246],[4.1853,11.0245],[4.1836,11.0301],[4.1792,11.0314],[4.1796,11.0369],[4.1769,11.0429],[4.1768,11.0457],[4.1742,11.0567],[4.1745,11.06],[4.1763,11.063],[4.1786,11.0785],[4.178,11.0834],[4.1744,11.0919],[4.1751,11.1048],[4.1743,11.1103],[4.1755,11.1136],[4.1735,11.117],[4.1747,11.13],[4.175,11.1383],[4.1757,11.139],[4.1711,11.1511],[4.1705,11.1573],[4.1719,11.1613],[4.179,11.1674],[4.1736,11.1776],[4.1753,11.1842],[4.1773,11.1883],[4.1773,11.1926],[4.1753,11.1958],[4.17,11.1969],[4.1657,11.1988],[4.1652,11.2049],[4.1622,11.2062],[4.1599,11.212],[4.1673,11.2189],[4.1693,11.2237],[4.1655,11.2354],[4.1653,11.2405],[4.1626,11.245],[4.1591,11.2575],[4.1598,11.2611],[4.1568,11.2676],[4.1525,11.2718],[4.1535,11.2748],[4.1553,11.2871],[4.158,11.2899],[4.1601,11.2952],[4.1645,11.2964],[4.1648,11.3008],[4.1676,11.3052],[4.1668,11.3084],[4.1683,11.3163],[4.1664,11.3193],[4.1686,11.3261],[4.1721,11.33],[4.1783,11.332],[4.1744,11.3423],[4.1553,11.3552],[4.1416,11.3658],[4.1335,11.3693],[4.1283,11.3723],[4.1232,11.3766],[4.1208,11.3849],[4.1198,11.3919],[4.119,11.4033]]]},"properties":{"name":"KAOJE/GWAMBA","state":"21","code":"21/05/05"}},{"type":"Feature","geometry":{"type":"Polygon","coordinates":[[[4.2019,11.4692],[4.2078,11.4682],[4.2126,11.4716],[4.2172,11.4696],[4.231,11.4659],[4.2396,11.4765],[4.2442,11.474],[4.2519,11.4762],[4.254,11.4781],[4.2591,11.4794],[4.2602,11.4825],[4.265,11.4814],[4.2719,11.4818],[4.2741,11.4793],[4.2766,11.4799],[4.2807,11.4775],[4.286,11.4782],[4.289,11.4761],[4.2953,11.4747],[4.2962,11.478],[4.2998,11.484],[4.3033,11.4915],[4.3063,11.4911],[4.3127,11.4867],[4.3167,11.486],[4.3237,11.4818],[4.3254,11.4796],[4.3287,11.4788],[4.3383,11.4741],[4.3416,11.4747],[4.3403,11.4792],[4.3391,11.4881],[4.3378,11.4909],[4.339,11.4955],[4.347,11.5014],[4.3509,11.5067],[4.3565,11.5081],[4.3596,11.5114],[4.3658,11.5124],[4.3718,11.5097],[4.3757,11.5071],[4.3833,11.5061],[4.3871,11.5081],[4.3879,11.5102],[4.3943,11.5127],[4.3952,11.5169],[4.3948,11.5206],[4.3969,11.5231],[4.3971,11.534],[4.3957,11.5414],[4.3966,11.5448],[4.4029,11.5565],[4.4043,11.56],[4.4017,11.5609],[4.3956,11.5594],[4.3923,11.5671],[4.3877,11.5694],[4.3832,11.5696],[4.3822,11.5715],[4.3714,11.5756],[4.3662,11.5756],[4.361,11.58],[4.3591,11.5802],[4.3556,11.5803],[4.3514,11.5818],[4.3457,11.5779],[4.34,11.576],[4.3298,11.5767],[4.3268,11.576],[4.3169,11.5766],[4.3067,11.5817],[4.3032,11.5816],[4.2954,11.5857],[4.2912,11.5854],[4.284,11.5884],[4.2814,11.5951],[4.2772,11.5985],[4.2742,11.5995],[4.2729,11.6046],[4.271,11.6068],[4.2671,11.6073],[4.2592,11.6062],[4.2555,11.6039],[4.2527,11.6005],[4.252,11.598],[4.2492,11.596],[4.2404,11.5864],[4.2378,11.579],[4.2325,11.5709],[4.233,11.5669],[4.2322,11.5601],[4.2299,11.558],[4.2233,11.537],[4.2187,11.5373],[4.2165,11.5403],[4.2166,11.5441],[4.2193,11.5481],[4.2198,11.5517],[4.2142,11.5565],[4.2109,11.558],[4.207,11.5662],[4.2052,11.5658],[4.2003,11.5568],[4.198,11.5574],[4.1964,11.5544],[4.1913,11.5493],[4.1871,11.5464],[4.1823,11.5415],[4.1763,11.5389],[4.1693,11.5346],[4.1693,11.5315],[4.1711,11.5274],[4.1723,11.522],[4.1792,11.5168],[4.1865,11.5082],[4.1886,11.5081],[4.1938,11.5057],[4.1986,11.5056],[4.2025,11.5029],[4.2027,11.4976],[4.2007,11.4965],[4.2011,11.4935],[4.1991,11.4898],[4.2001,11.4876],[4.2014,11.4796],[4.2003,11.4761],[4.2019,11.4692]]]},"properties":{"name":"KENDE/KURGU","state":"21","code":"21/05/06"}},{"type":"Feature","geometry":{"type":"Polygon","coordinates":[[[4.1783,11.332],[4.1721,11.33],[4.1686,11.3261],[4.1664,11.3193],[4.1683,11.3163],[4.1668,11.3084],[4.1676,11.3052],[4.1648,11.3008],[4.1645,11.2964],[4.1601,11.2952],[4.158,11.2899],[4.1553,11.2871],[4.1535,11.2748],[4.1525,11.2718],[4.1568,11.2676],[4.1598,11.2611],[4.1591,11.2575],[4.1626,11.245],[4.1653,11.2405],[4.1655,11.2354],[4.1693,11.2237],[4.1673,11.2189],[4.1599,11.212],[4.1622,11.2062],[4.1652,11.2049],[4.1657,11.1988],[4.17,11.1969],[4.1753,11.1958],[4.1773,11.1926],[4.1773,11.1883],[4.1753,11.1842],[4.1736,11.1776],[4.179,11.1674],[4.1719,11.1613],[4.1705,11.1573],[4.1711,11.1511],[4.1757,11.139],[4.175,11.1383],[4.1747,11.13],[4.1735,11.117],[4.1755,11.1136],[4.1743,11.1103],[4.1751,11.1048],[4.1744,11.0919],[4.178,11.0834],[4.1786,11.0785],[4.1763,11.063],[4.1745,11.06],[4.1742,11.0567],[4.1768,11.0457],[4.1769,11.0429],[4.1796,11.0369],[4.1792,11.0314],[4.1836,11.0301],[4.1853,11.0245],[4.2149,11.0222],[4.2254,11.0193],[4.2439,11.024],[4.2484,11.0235],[4.2512,11.0247],[4.2671,11.0253],[4.2656,11.019],[4.266,11.012],[4.2637,11.0082],[4.2619,11.0028],[4.2589,10.998],[4.2566,10.9903],[4.2637,10.9829],[4.2633,10.9767],[4.2696,10.9694],[4.2751,10.9609],[4.2772,10.9544],[4.3016,10.9487],[4.3192,10.9503],[4.3211,10.9589],[4.3199,10.9673],[4.3154,10.9732],[4.315,10.977],[4.3171,10.9832],[4.3205,10.9897],[4.3236,10.9938],[4.3313,11.0048],[4.3309,11.0089],[4.3282,11.0117],[4.3253,11.0185],[4.326,11.0239],[4.3241,11.0254],[4.3242,11.0303],[4.3222,11.033],[4.3229,11.0348],[4.3206,11.0372],[4.3174,11.0433],[4.3143,11.0513],[4.3141,11.0574],[4.3148,11.0617],[4.3123,11.0663],[4.3131,11.0751],[4.3124,11.077],[4.3153,11.0821],[4.3119,11.0913],[4.3098,11.0947],[4.3084,11.0999],[4.306,11.1011],[4.3029,11.1105],[4.3025,11.1147],[4.2998,11.1217],[4.2994,11.1328],[4.3025,11.1442],[4.3058,11.148],[4.3092,11.1506],[4.311,11.1541],[4.3144,11.1566],[4.3211,11.1572],[4.3274,11.1593],[4.3314,11.1579],[4.3363,11.1626],[4.3376,11.1669],[4.3354,11.1692],[4.3351,11.1721],[4.3391,11.174],[4.3392,11.177],[4.3364,11.1831],[4.3294,11.1746],[4.3231,11.1729],[4.3172,11.1739],[4.3108,11.1784],[4.3014,11.1878],[4.2911,11.1989],[4.2871,11.2016],[4.2818,11.2037],[4.2676,11.2031],[4.2628,11.205],[4.2606,11.2079],[4.2599,11.213],[4.2607,11.2167],[4.2641,11.2234],[4.2649,11.2284],[4.2632,11.2352],[4.2563,11.2415],[4.2508,11.2482],[4.2483,11.2521],[4.2461,11.2587],[4.2454,11.2661],[4.2439,11.2712],[4.2413,11.2729],[4.2321,11.2735],[4.2206,11.2716],[4.2149,11.2724],[4.2122,11.2741],[4.2046,11.2809],[4.1944,11.287],[4.1893,11.2921],[4.1845,11.3017],[4.1824,11.311],[4.1814,11.3177],[4.1783,11.332]]]},"properties":{"name":"LAFAGU/GANTE","state":"21","code":"21/05/07"}},{"type":"Feature","geometry":{"type":"Polygon","coordinates":[[[3.6391,11.5502],[3.6407,11.5522],[3.6468,11.5528],[3.6498,11.5553],[3.657,11.5566],[3.6649,11.5635],[3.6698,11.5659],[3.6713,11.5682],[3.6752,11.5691],[3.675,11.5712],[3.677,11.5764],[3.6896,11.5757],[3.695,11.5773],[3.6991,11.5733],[3.7051,11.5725],[3.7075,11.5757],[3.7096,11.576],[3.7186,11.58],[3.7221,11.5763],[3.7191,11.5743],[3.7207,11.5696],[3.7206,11.5665],[3.7173,11.5622],[3.716,11.5578],[3.7171,11.5546],[3.716,11.5507],[3.7261,11.5444],[3.7314,11.5404],[3.7351,11.5387],[3.7365,11.5358],[3.741,11.5309],[3.7456,11.5229],[3.7502,11.5236],[3.7525,11.5251],[3.7575,11.5257],[3.7603,11.5245],[3.7645,11.5253],[3.7688,11.5273],[3.7738,11.5264],[3.7789,11.5208],[3.7837,11.5189],[3.7906,11.5172],[3.8016,11.5095],[3.8053,11.5083],[3.8106,11.5038],[3.8117,11.507],[3.8104,11.5125],[3.811,11.5164],[3.8153,11.521],[3.8166,11.5234],[3.8213,11.5262],[3.828,11.5326],[3.8373,11.5434],[3.8418,11.555],[3.8414,11.5597],[3.8434,11.5644],[3.8349,11.5673],[3.827,11.5682],[3.8209,11.5695],[3.8125,11.573],[3.8057,11.5753],[3.7989,11.5787],[3.7941,11.584],[3.7959,11.5874],[3.7929,11.5899],[3.7922,11.5931],[3.7869,11.5939],[3.7851,11.5963],[3.7858,11.6001],[3.7831,11.6031],[3.7779,11.6044],[3.7717,11.6024],[3.7694,11.6057],[3.7688,11.6107],[3.7654,11.6119],[3.7635,11.6102],[3.7605,11.6129],[3.7572,11.6144],[3.7545,11.6121],[3.7517,11.6148],[3.7477,11.6208],[3.7478,11.6234],[3.7454,11.6288],[3.7423,11.6262],[3.7289,11.6286],[3.7246,11.6315],[3.7222,11.6348],[3.7198,11.6356],[3.7165,11.6396],[3.71,11.6409],[3.704,11.6449],[3.701,11.6479],[3.6945,11.6488],[3.6905,11.6524],[3.6821,11.6549],[3.6803,11.657],[3.6746,11.653],[3.6686,11.6556],[3.6648,11.6553],[3.6635,11.662],[3.6645,11.6679],[3.6602,11.6711],[3.6592,11.6764],[3.6557,11.678],[3.6518,11.6784],[3.6488,11.6762],[3.647,11.6728],[3.6402,11.6729],[3.6378,11.6775],[3.6378,11.6796],[3.6416,11.6899],[3.6379,11.6926],[3.6372,11.696],[3.6292,11.7029],[3.6291,11.7065],[3.6268,11.7077],[3.6095,11.6938],[3.6019,11.697],[3.596,11.7014],[3.5524,11.6009],[3.5375,11.5134],[3.5399,11.5115],[3.5458,11.5126],[3.5489,11.5122],[3.5531,11.5136],[3.559,11.5112],[3.5648,11.5118],[3.5673,11.5141],[3.571,11.5132],[3.577,11.5139],[3.5816,11.5178],[3.5875,11.5213],[3.5902,11.5215],[3.5942,11.5272],[3.6014,11.5297],[3.6047,11.5359],[3.6087,11.5373],[3.6115,11.5411],[3.6145,11.5419],[3.6175,11.5447],[3.6205,11.5457],[3.6242,11.5494],[3.6279,11.5502],[3.6326,11.5527],[3.6391,11.5502]]]},"properties":{"name":"LOLO/GIRIS","state":"21","code":"21/05/08"}},{"type":"Feature","geometry":{"type":"Polygon","coordinates":[[[4.3165,11.4073],[4.323,11.4048],[4.3284,11.405],[4.3324,11.4012],[4.3346,11.4029],[4.3411,11.4046],[4.3475,11.4055],[4.356,11.4051],[4.3632,11.407],[4.3689,11.4071],[4.3706,11.4082],[4.3762,11.4064],[4.3776,11.405],[4.3842,11.4101],[4.3868,11.4158],[4.3885,11.4174],[4.3928,11.4237],[4.3833,11.4318],[4.3826,11.4365],[4.3844,11.4429],[4.3858,11.4444],[4.3871,11.4539],[4.3896,11.4577],[4.3927,11.4603],[4.3919,11.4649],[4.3873,11.4768],[4.3867,11.4823],[4.3888,11.4883],[4.3883,11.4924],[4.3858,11.5002],[4.3833,11.5061],[4.3757,11.5071],[4.3718,11.5097],[4.3658,11.5124],[4.3596,11.5114],[4.3565,11.5081],[4.3509,11.5067],[4.347,11.5014],[4.339,11.4955],[4.3378,11.4909],[4.3391,11.4881],[4.3403,11.4792],[4.3416,11.4747],[4.3383,11.4741],[4.3287,11.4788],[4.3254,11.4796],[4.3237,11.4818],[4.3167,11.486],[4.3127,11.4867],[4.3063,11.4911],[4.3033,11.4915],[4.2998,11.484],[4.2962,11.478],[4.2953,11.4747],[4.289,11.4761],[4.286,11.4782],[4.2807,11.4775],[4.2766,11.4799],[4.2741,11.4793],[4.2719,11.4818],[4.265,11.4814],[4.2602,11.4825],[4.2591,11.4794],[4.254,11.4781],[4.2519,11.4762],[4.2442,11.474],[4.2396,11.4765],[4.231,11.4659],[4.2172,11.4696],[4.2126,11.4716],[4.2078,11.4682],[4.2019,11.4692],[4.1979,11.4703],[4.1898,11.4652],[4.1861,11.4642],[4.184,11.456],[4.1843,11.4531],[4.1881,11.4515],[4.1963,11.4458],[4.2,11.4406],[4.1995,11.4324],[4.2045,11.4249],[4.2028,11.4202],[4.1991,11.4214],[4.1966,11.4209],[4.1961,11.4177],[4.1988,11.413],[4.2089,11.409],[4.2156,11.4113],[4.2194,11.4144],[4.2248,11.4162],[4.2285,11.4204],[4.2298,11.4232],[4.2349,11.422],[4.2369,11.4248],[4.2392,11.4255],[4.2421,11.423],[4.2439,11.4242],[4.2425,11.428],[4.2444,11.4318],[4.247,11.4327],[4.2486,11.4372],[4.2544,11.434],[4.2602,11.4322],[4.2634,11.432],[4.2708,11.4282],[4.2748,11.4268],[4.2801,11.4263],[4.2831,11.4241],[4.289,11.4217],[4.2914,11.4175],[4.2946,11.4157],[4.3029,11.4162],[4.3062,11.4154],[4.3102,11.4107],[4.3165,11.4073]]]},"properties":{"name":"MATSINKA/GEZA","state":"21","code":"21/05/09"}},{"type":"Feature","geometry":{"type":"Polygon","coordinates":[[[4.2592,11.6062],[4.2578,11.609],[4.2537,11.6109],[4.2503,11.6154],[4.2485,11.6211],[4.243,11.6233],[4.2379,11.6291],[4.2353,11.6356],[4.232,11.6396],[4.2315,11.6469],[4.2277,11.6539],[4.227,11.6579],[4.2249,11.6592],[4.2207,11.6591],[4.2183,11.6574],[4.2146,11.6576],[4.2114,11.6639],[4.2168,11.6704],[4.2127,11.6737],[4.2089,11.6735],[4.206,11.6709],[4.2038,11.665],[4.2058,11.6626],[4.2038,11.6598],[4.2014,11.6597],[4.1956,11.662],[4.1939,11.6574],[4.1987,11.6538],[4.1988,11.651],[4.1945,11.6464],[4.188,11.6479],[4.1853,11.6432],[4.1807,11.6421],[4.1784,11.6453],[4.1736,11.6445],[4.1691,11.6448],[4.1681,11.6491],[4.1645,11.6489],[4.1587,11.6506],[4.1578,11.6535],[4.1534,11.6543],[4.1512,11.6567],[4.1475,11.6566],[4.1437,11.6613],[4.1351,11.6582],[4.1269,11.6579],[4.1215,11.6565],[4.119,11.6581],[4.1099,11.6557],[4.1022,11.6544],[4.1034,11.6465],[4.106,11.6396],[4.1062,11.6348],[4.1076,11.6327],[4.1087,11.6274],[4.1093,11.6164],[4.1108,11.6098],[4.1129,11.6078],[4.1195,11.6045],[4.1255,11.6035],[4.1292,11.5998],[4.1303,11.5975],[4.1345,11.5962],[4.1384,11.5928],[4.1425,11.5957],[4.1453,11.6032],[4.1501,11.6067],[4.1544,11.6085],[4.1619,11.6095],[4.1698,11.6119],[4.1727,11.6122],[4.175,11.6089],[4.1818,11.6073],[4.185,11.6021],[4.1886,11.6052],[4.193,11.6034],[4.1938,11.6006],[4.1918,11.5966],[4.1954,11.5908],[4.1952,11.5855],[4.1967,11.5796],[4.1962,11.5761],[4.1983,11.5669],[4.2006,11.5649],[4.2053,11.5675],[4.207,11.5662],[4.2109,11.558],[4.2142,11.5565],[4.2198,11.5517],[4.2193,11.5481],[4.2166,11.5441],[4.2165,11.5403],[4.2187,11.5373],[4.2233,11.537],[4.2299,11.558],[4.2322,11.5601],[4.233,11.5669],[4.2325,11.5709],[4.2378,11.579],[4.2404,11.5864],[4.2492,11.596],[4.252,11.598],[4.2527,11.6005],[4.2555,11.6039],[4.2592,11.6062]]]},"properties":{"name":"SHARABI/KWANGUWAI","state":"21","code":"21/05/10"}},{"type":"Feature","geometry":{"type":"Polygon","coordinates":[[[4.2007,11.4965],[4.2027,11.4976],[4.2025,11.5029],[4.1986,11.5056],[4.1938,11.5057],[4.1886,11.5081],[4.1865,11.5082],[4.1792,11.5168],[4.1723,11.522],[4.1711,11.5274],[4.1693,11.5315],[4.1693,11.5346],[4.1763,11.5389],[4.1823,11.5415],[4.1871,11.5464],[4.1913,11.5493],[4.1964,11.5544],[4.198,11.5574],[4.2003,11.5568],[4.2052,11.5658],[4.207,11.5662],[4.2053,11.5675],[4.2006,11.5649],[4.1983,11.5669],[4.1962,11.5761],[4.1967,11.5796],[4.1952,11.5855],[4.1954,11.5908],[4.1918,11.5966],[4.1938,11.6006],[4.193,11.6034],[4.1886,11.6052],[4.185,11.6021],[4.1818,11.6073],[4.175,11.6089],[4.1727,11.6122],[4.1698,11.6119],[4.1619,11.6095],[4.1544,11.6085],[4.1501,11.6067],[4.1453,11.6032],[4.1425,11.5957],[4.1384,11.5928],[4.1345,11.5962],[4.1303,11.5975],[4.1292,11.5998],[4.1255,11.6035],[4.1195,11.6045],[4.1129,11.6078],[4.1108,11.6098],[4.0996,11.6121],[4.0968,11.612],[4.0874,11.603],[4.0765,11.5973],[4.074,11.5969],[4.0691,11.5918],[4.0632,11.591],[4.061,11.587],[4.0622,11.5809],[4.0606,11.578],[4.0598,11.5724],[4.0498,11.5759],[4.0442,11.5701],[4.0394,11.573],[4.0334,11.5687],[4.0259,11.5686],[4.0216,11.5654],[4.0183,11.5608],[4.0178,11.5571],[4.0147,11.5546],[4.0095,11.5531],[4.006,11.5435],[4.0181,11.5402],[4.0296,11.5378],[4.0336,11.5342],[4.0375,11.535],[4.0407,11.5393],[4.0403,11.5413],[4.0441,11.5436],[4.0472,11.5436],[4.054,11.5389],[4.0585,11.5349],[4.0688,11.5388],[4.0717,11.5344],[4.0758,11.5314],[4.0772,11.5285],[4.0779,11.5231],[4.0799,11.5196],[4.0945,11.5125],[4.0961,11.5081],[4.0934,11.5013],[4.0956,11.4977],[4.1002,11.4953],[4.1038,11.4901],[4.1085,11.4897],[4.1126,11.4943],[4.1155,11.4934],[4.1202,11.4878],[4.1239,11.4844],[4.1224,11.4811],[4.127,11.4788],[4.1304,11.4783],[4.1387,11.4732],[4.1418,11.4729],[4.1453,11.4757],[4.15,11.4769],[4.1563,11.4744],[4.1608,11.4779],[4.1644,11.4796],[4.1668,11.4856],[4.1666,11.4894],[4.1708,11.4914],[4.1735,11.4884],[4.1811,11.4842],[4.1852,11.4838],[4.1879,11.485],[4.1927,11.4915],[4.1973,11.4954],[4.2007,11.4965]]]},"properties":{"name":"ZAGGA/KWASARA","state":"21","code":"21/05/11"}},{"type":"Feature","geometry":{"type":"Polygon","coordinates":[[[4.2461,12.4331],[4.2444,12.4379],[4.2429,12.4469],[4.2422,12.4548],[4.2364,12.4534],[4.2333,12.4618],[4.2334,12.4648],[4.2282,12.4663],[4.2261,12.4685],[4.2166,12.4641],[4.2102,12.4645],[4.204,12.4624],[4.1992,12.4633],[4.1944,12.4609],[4.1964,12.4595],[4.2001,12.4538],[4.1944,12.4396],[4.1938,12.4343],[4.1958,12.4163],[4.2016,12.4167],[4.2048,12.415],[4.2107,12.4166],[4.2166,12.4206],[4.2178,12.4236],[4.2236,12.4274],[4.2273,12.4275],[4.2294,12.424],[4.2339,12.4228],[4.2374,12.4245],[4.2404,12.4296],[4.2461,12.4331]]]},"properties":{"name":"NASSARAWA - I","state":"21","code":"21/06/01"}},{"type":"Feature","geometry":{"type":"Polygon","coordinates":[[[4.1944,12.4609],[4.1879,12.4605],[4.1817,12.4578],[4.1782,12.455],[4.1766,12.4558],[4.1723,12.4548],[4.1706,12.4513],[4.1684,12.4496],[4.1656,12.4509],[4.1607,12.4515],[4.1567,12.4533],[4.1563,12.4497],[4.1572,12.4452],[4.1559,12.4391],[4.153,12.4366],[4.1519,12.434],[4.1444,12.4285],[4.1338,12.4227],[4.1318,12.4185],[4.1288,12.4168],[4.1291,12.412],[4.1279,12.4103],[4.1279,12.4061],[4.129,12.403],[4.1286,12.3974],[4.1319,12.3919],[4.1314,12.3901],[4.1339,12.3782],[4.1403,12.3778],[4.1426,12.3763],[4.1507,12.3759],[4.1562,12.3761],[4.1594,12.3822],[4.1611,12.3835],[4.1669,12.3838],[4.1704,12.387],[4.1787,12.3909],[4.1812,12.3915],[4.1783,12.3943],[4.1773,12.398],[4.1748,12.4019],[4.1764,12.4048],[4.182,12.4095],[4.1896,12.4075],[4.1917,12.405],[4.1953,12.4062],[4.1965,12.4102],[4.1958,12.4163],[4.1938,12.4343],[4.1944,12.4396],[4.2001,12.4538],[4.1964,12.4595],[4.1944,12.4609]]]},"properties":{"name":"NASSARAWA II","state":"21","code":"21/06/02"}},{"type":"Feature","geometry":{"type":"Polygon","coordinates":[[[4.2261,12.4685],[4.2262,12.4753],[4.2239,12.4774],[4.223,12.4804],[4.2167,12.4812],[4.2172,12.4848],[4.2128,12.4864],[4.2103,12.4856],[4.2048,12.4882],[4.1994,12.4814],[4.192,12.4813],[4.1911,12.4795],[4.192,12.4729],[4.1899,12.4721],[4.1896,12.4689],[4.1928,12.4684],[4.194,12.4664],[4.1944,12.4609],[4.1992,12.4633],[4.204,12.4624],[4.2102,12.4645],[4.2166,12.4641],[4.2261,12.4685]]]},"properties":{"name":"BIRNIN KEBBI MARAFA","state":"21","code":"21/06/03"}},{"type":"Feature","geometry":{"type":"Polygon","coordinates":[[[4.1944,12.4609],[4.194,12.4664],[4.1928,12.4684],[4.1896,12.4689],[4.1899,12.4721],[4.192,12.4729],[4.1911,12.4795],[4.1885,12.4824],[4.1836,12.4826],[4.1763,12.4851],[4.1735,12.4831],[4.1735,12.4798],[4.1739,12.4771],[4.1824,12.4756],[4.1836,12.4736],[4.1735,12.4696],[4.1749,12.4668],[4.1754,12.4607],[4.1766,12.4558],[4.1782,12.455],[4.1817,12.4578],[4.1879,12.4605],[4.1944,12.4609]]]},"properties":{"name":"BIRNIN KEBBI DANGALADIMA","state":"21","code":"21/06/04"}},{"type":"Feature","geometry":{"type":"Polygon","coordinates":[[[4.1766,12.4558],[4.1754,12.4607],[4.1749,12.4668],[4.1735,12.4696],[4.1836,12.4736],[4.1824,12.4756],[4.1739,12.4771],[4.1735,12.4798],[4.171,12.4809],[4.1712,12.5022],[4.1719,12.503],[4.1777,12.5175],[4.1827,12.5209],[4.179,12.5251],[4.1867,12.5319],[4.187,12.5351],[4.1799,12.542],[4.1759,12.5418],[4.1728,12.5403],[4.1725,12.5369],[4.1746,12.5342],[4.1712,12.5333],[4.1674,12.5303],[4.164,12.5293],[4.1599,12.5261],[4.1503,12.5246],[4.1466,12.5193],[4.1404,12.5192],[4.1365,12.5208],[4.1327,12.5193],[4.1288,12.5191],[4.1252,12.5156],[4.124,12.5125],[4.1218,12.5074],[4.1069,12.5006],[4.1075,12.4959],[4.0987,12.4855],[4.0952,12.4859],[4.0911,12.4882],[4.0889,12.4854],[4.0889,12.4808],[4.0852,12.4769],[4.083,12.4792],[4.0777,12.4806],[4.0684,12.4799],[4.0612,12.4692],[4.0621,12.4659],[4.0614,12.4591],[4.0599,12.455],[4.0461,12.451],[4.0436,12.4477],[4.0422,12.444],[4.0437,12.4404],[4.0419,12.4363],[4.0529,12.429],[4.0569,12.427],[4.0607,12.4239],[4.066,12.4242],[4.0739,12.4218],[4.0784,12.4231],[4.0795,12.4213],[4.0872,12.4172],[4.0902,12.4142],[4.0928,12.4101],[4.0903,12.4051],[4.0912,12.3995],[4.1006,12.39],[4.1043,12.3853],[4.1102,12.3792],[4.1125,12.3734],[4.1151,12.3688],[4.1181,12.3673],[4.1243,12.3712],[4.1277,12.3725],[4.1339,12.3782],[4.1314,12.3901],[4.1319,12.3919],[4.1286,12.3974],[4.129,12.403],[4.1279,12.4061],[4.1279,12.4103],[4.1291,12.412],[4.1288,12.4168],[4.1318,12.4185],[4.1338,12.4227],[4.1444,12.4285],[4.1519,12.434],[4.153,12.4366],[4.1559,12.4391],[4.1572,12.4452],[4.1563,12.4497],[4.1567,12.4533],[4.1607,12.4515],[4.1656,12.4509],[4.1684,12.4496],[4.1706,12.4513],[4.1723,12.4548],[4.1766,12.4558]]]},"properties":{"name":"KOLA /TARASA","state":"21","code":"21/06/05"}},{"type":"Feature","geometry":{"type":"Polygon","coordinates":[[[4.124,12.5125],[4.1224,12.514],[4.1139,12.5298],[4.1103,12.5285],[4.1083,12.5347],[4.101,12.5381],[4.0965,12.5384],[4.0901,12.5378],[4.0867,12.5391],[4.0773,12.5403],[4.0682,12.5392],[4.0675,12.5349],[4.0646,12.533],[4.0683,12.5243],[4.0706,12.5202],[4.0762,12.515],[4.0799,12.5095],[4.0758,12.5044],[4.0743,12.5004],[4.0795,12.4967],[4.0839,12.4921],[4.087,12.4843],[4.0889,12.4854],[4.0911,12.4882],[4.0952,12.4859],[4.0987,12.4855],[4.1075,12.4959],[4.1069,12.5006],[4.1218,12.5074],[4.124,12.5125]]]},"properties":{"name":"MAKERA","state":"21","code":"21/06/06"}},{"type":"Feature","geometry":{"type":"Polygon","coordinates":[[[4.0688,12.5724],[4.0675,12.5689],[4.0647,12.565],[4.0638,12.5568],[4.0594,12.5537],[4.064,12.5478],[4.0646,12.5446],[4.0682,12.5392],[4.0773,12.5403],[4.0867,12.5391],[4.0901,12.5378],[4.0965,12.5384],[4.101,12.5381],[4.1083,12.5347],[4.1103,12.5285],[4.1139,12.5298],[4.1224,12.514],[4.124,12.5125],[4.1252,12.5156],[4.1288,12.5191],[4.1327,12.5193],[4.1365,12.5208],[4.1404,12.5192],[4.1466,12.5193],[4.1503,12.5246],[4.1599,12.5261],[4.164,12.5293],[4.1674,12.5303],[4.1712,12.5333],[4.1746,12.5342],[4.1725,12.5369],[4.1728,12.5403],[4.1759,12.5418],[4.1799,12.542],[4.1788,12.5458],[4.1785,12.5547],[4.1812,12.5548],[4.1902,12.5515],[4.1938,12.5533],[4.1953,12.5586],[4.1975,12.5609],[4.2022,12.5622],[4.2061,12.5672],[4.2119,12.5699],[4.2112,12.5726],[4.2185,12.5757],[4.2215,12.5762],[4.2238,12.5733],[4.2236,12.5691],[4.2245,12.566],[4.2221,12.5623],[4.2267,12.5621],[4.2302,12.5607],[4.2319,12.5651],[4.2354,12.5667],[4.2387,12.5698],[4.2368,12.575],[4.2396,12.5825],[4.2393,12.5851],[4.2423,12.5884],[4.2324,12.5882],[4.2255,12.591],[4.2227,12.5953],[4.2228,12.5969],[4.2193,12.6041],[4.2227,12.61],[4.2205,12.619],[4.2205,12.6265],[4.2166,12.6324],[4.2157,12.6375],[4.212,12.6415],[4.2026,12.6438],[4.1977,12.6478],[4.1928,12.6465],[4.1881,12.6479],[4.1831,12.6463],[4.1745,12.646],[4.1706,12.6441],[4.1652,12.6447],[4.1627,12.6464],[4.1584,12.646],[4.1486,12.6262],[4.1442,12.6215],[4.1388,12.6105],[4.1352,12.6094],[4.1327,12.6036],[4.126,12.6009],[4.1245,12.5964],[4.1161,12.5926],[4.1072,12.5927],[4.0996,12.5867],[4.0974,12.5826],[4.0945,12.5805],[4.0892,12.5784],[4.085,12.5787],[4.0728,12.5744],[4.0688,12.5724]]]},"properties":{"name":"MAURIDA /KARYO/UNG. MIJIN-NANA","state":"21","code":"21/06/07"}},{"type":"Feature","geometry":{"type":"Polygon","coordinates":[[[4.2461,12.4331],[4.2545,12.4333],[4.2618,12.4298],[4.2651,12.4303],[4.268,12.4328],[4.2706,12.4328],[4.2744,12.4303],[4.2823,12.4288],[4.2867,12.4242],[4.29,12.4251],[4.2905,12.4347],[4.2949,12.4385],[4.2958,12.4418],[4.2992,12.4437],[4.3033,12.4488],[4.3035,12.4568],[4.301,12.4579],[4.3001,12.4615],[4.2954,12.466],[4.2917,12.4682],[4.2869,12.4644],[4.2848,12.4636],[4.2822,12.4653],[4.2807,12.4696],[4.2817,12.4728],[4.2817,12.4782],[4.2839,12.4828],[4.2796,12.4823],[4.2787,12.4847],[4.2748,12.4878],[4.2732,12.4921],[4.2649,12.4939],[4.264,12.4917],[4.259,12.4902],[4.2569,12.4881],[4.2499,12.4897],[4.2446,12.4883],[4.2413,12.4892],[4.2404,12.4868],[4.2354,12.4846],[4.2331,12.4856],[4.2301,12.4847],[4.2259,12.4884],[4.2225,12.485],[4.2172,12.4848],[4.2167,12.4812],[4.223,12.4804],[4.2239,12.4774],[4.2262,12.4753],[4.2261,12.4685],[4.2282,12.4663],[4.2334,12.4648],[4.2333,12.4618],[4.2364,12.4534],[4.2422,12.4548],[4.2429,12.4469],[4.2444,12.4379],[4.2461,12.4331]]]},"properties":{"name":"GWADANGAJI","state":"21","code":"21/06/08"}},{"type":"Feature","geometry":{"type":"Polygon","coordinates":[[[4.3394,12.5],[4.3382,12.5039],[4.3327,12.5009],[4.3268,12.499],[4.3241,12.5006],[4.3205,12.5085],[4.3195,12.5157],[4.3206,12.5193],[4.3197,12.5214],[4.3238,12.5229],[4.3268,12.5222],[4.3271,12.5274],[4.3255,12.5299],[4.318,12.5308],[4.3141,12.5325],[4.3114,12.5318],[4.3056,12.5356],[4.3045,12.5375],[4.2973,12.5395],[4.29,12.5459],[4.2858,12.5503],[4.2822,12.5525],[4.2782,12.5519],[4.2692,12.5537],[4.2662,12.5457],[4.2676,12.5415],[4.2659,12.5403],[4.2665,12.5354],[4.2647,12.5302],[4.2651,12.5265],[4.2615,12.5227],[4.2616,12.5185],[4.2642,12.5158],[4.2648,12.5078],[4.2667,12.5009],[4.2685,12.4984],[4.2646,12.4968],[4.2649,12.4939],[4.2732,12.4921],[4.2748,12.4878],[4.2787,12.4847],[4.2796,12.4823],[4.2839,12.4828],[4.2817,12.4782],[4.2817,12.4728],[4.2807,12.4696],[4.2822,12.4653],[4.2848,12.4636],[4.2869,12.4644],[4.2917,12.4682],[4.2954,12.466],[4.3001,12.4615],[4.301,12.4579],[4.3035,12.4568],[4.3033,12.4488],[4.3074,12.4485],[4.31,12.4494],[4.3148,12.4494],[4.319,12.4469],[4.3228,12.4515],[4.3301,12.4541],[4.3335,12.4547],[4.3365,12.4565],[4.3409,12.4572],[4.3426,12.46],[4.3441,12.4661],[4.3447,12.4721],[4.343,12.4845],[4.3394,12.5]]]},"properties":{"name":"ZAURO","state":"21","code":"21/06/09"}},{"type":"Feature","geometry":{"type":"Polygon","coordinates":[[[4.2423,12.5884],[4.2393,12.5851],[4.2396,12.5825],[4.2368,12.575],[4.2387,12.5698],[4.2354,12.5667],[4.2319,12.5651],[4.2302,12.5607],[4.2267,12.5621],[4.2221,12.5623],[4.2245,12.566],[4.2236,12.5691],[4.2238,12.5733],[4.2215,12.5762],[4.2185,12.5757],[4.2112,12.5726],[4.2119,12.5699],[4.2061,12.5672],[4.2022,12.5622],[4.1975,12.5609],[4.1953,12.5586],[4.1938,12.5533],[4.1902,12.5515],[4.1812,12.5548],[4.1785,12.5547],[4.1788,12.5458],[4.1799,12.542],[4.187,12.5351],[4.1867,12.5319],[4.179,12.5251],[4.1827,12.5209],[4.1777,12.5175],[4.1719,12.503],[4.1712,12.5022],[4.171,12.4809],[4.1735,12.4798],[4.1735,12.4831],[4.1763,12.4851],[4.1836,12.4826],[4.1885,12.4824],[4.1911,12.4795],[4.192,12.4813],[4.1994,12.4814],[4.2048,12.4882],[4.2103,12.4856],[4.2128,12.4864],[4.2172,12.4848],[4.2225,12.485],[4.2259,12.4884],[4.2301,12.4847],[4.2331,12.4856],[4.2354,12.4846],[4.2404,12.4868],[4.2413,12.4892],[4.2446,12.4883],[4.2499,12.4897],[4.2569,12.4881],[4.259,12.4902],[4.264,12.4917],[4.2649,12.4939],[4.2646,12.4968],[4.2685,12.4984],[4.2667,12.5009],[4.2648,12.5078],[4.2642,12.5158],[4.2616,12.5185],[4.2615,12.5227],[4.2651,12.5265],[4.2647,12.5302],[4.2665,12.5354],[4.2659,12.5403],[4.2676,12.5415],[4.2662,12.5457],[4.2692,12.5537],[4.2663,12.5562],[4.2532,12.5612],[4.2494,12.559],[4.2477,12.5598],[4.2477,12.5641],[4.2487,12.5677],[4.2478,12.5711],[4.2505,12.5759],[4.251,12.5804],[4.2423,12.5884]]]},"properties":{"name":"GAWASU","state":"21","code":"21/06/10"}},{"type":"Feature","geometry":{"type":"Polygon","coordinates":[[[4.1958,12.4163],[4.1965,12.4102],[4.1953,12.4062],[4.1917,12.405],[4.1896,12.4075],[4.182,12.4095],[4.1764,12.4048],[4.1748,12.4019],[4.1773,12.398],[4.1783,12.3943],[4.1812,12.3915],[4.1864,12.3913],[4.1904,12.3867],[4.1959,12.3855],[4.1998,12.386],[4.2003,12.382],[4.2047,12.385],[4.2078,12.3843],[4.2116,12.3817],[4.2155,12.3822],[4.2167,12.3792],[4.2166,12.3626],[4.2222,12.3582],[4.2282,12.3573],[4.2326,12.3549],[4.232,12.3516],[4.2274,12.3501],[4.2258,12.3423],[4.228,12.3403],[4.2291,12.3369],[4.2315,12.3343],[4.2353,12.3327],[4.2371,12.3307],[4.2436,12.3326],[4.248,12.3385],[4.2543,12.3368],[4.2608,12.3338],[4.2636,12.3342],[4.2648,12.3304],[4.2677,12.3264],[4.2691,12.3228],[4.2794,12.3195],[4.282,12.3242],[4.288,12.3261],[4.2912,12.328],[4.2984,12.3279],[4.3004,12.3264],[4.3029,12.3276],[4.3083,12.326],[4.3104,12.3264],[4.316,12.3237],[4.3219,12.3227],[4.3255,12.3196],[4.3287,12.3217],[4.3327,12.3218],[4.3372,12.3247],[4.3388,12.3244],[4.3435,12.3276],[4.3463,12.3276],[4.3517,12.3297],[4.3538,12.3315],[4.3524,12.3345],[4.3537,12.3389],[4.3523,12.3408],[4.347,12.3431],[4.3444,12.3473],[4.3423,12.3484],[4.3356,12.346],[4.3224,12.3493],[4.318,12.3494],[4.3111,12.3527],[4.309,12.3518],[4.3057,12.356],[4.3008,12.3567],[4.2983,12.359],[4.2977,12.3625],[4.2987,12.3664],[4.3023,12.3703],[4.3036,12.3752],[4.3102,12.3772],[4.3143,12.3802],[4.3188,12.3898],[4.3264,12.3969],[4.3273,12.4005],[4.3297,12.4023],[4.3322,12.4066],[4.33,12.415],[4.324,12.412],[4.32,12.4166],[4.3143,12.4172],[4.3016,12.4187],[4.2996,12.4201],[4.299,12.4241],[4.2935,12.4277],[4.29,12.4251],[4.2867,12.4242],[4.2823,12.4288],[4.2744,12.4303],[4.2706,12.4328],[4.268,12.4328],[4.2651,12.4303],[4.2618,12.4298],[4.2545,12.4333],[4.2461,12.4331],[4.2404,12.4296],[4.2374,12.4245],[4.2339,12.4228],[4.2294,12.424],[4.2273,12.4275],[4.2236,12.4274],[4.2178,12.4236],[4.2166,12.4206],[4.2107,12.4166],[4.2048,12.415],[4.2016,12.4167],[4.1958,12.4163]]]},"properties":{"name":"KARDI/YAMAMA","state":"21","code":"21/06/11"}},{"type":"Feature","geometry":{"type":"MultiPolygon","coordinates":[[[[4.4666,12.4016],[4.4639,12.4101],[4.4612,12.4123],[4.4567,12.4211],[4.4552,12.4269],[4.4483,12.4289],[4.4426,12.4342],[4.4375,12.4451],[4.4409,12.4514],[4.4403,12.4562],[4.4438,12.4603],[4.4455,12.467],[4.4456,12.4706],[4.4436,12.4754],[4.4329,12.4789],[4.423,12.4757],[4.4173,12.4759],[4.3999,12.4718],[4.3922,12.4674],[4.3881,12.4661],[4.3835,12.4666],[4.3828,12.464],[4.3824,12.4554],[4.3748,12.4562],[4.3737,12.4537],[4.3702,12.4504],[4.3673,12.4494],[4.3674,12.4429],[4.3659,12.4377],[4.3681,12.4343],[4.3669,12.4311],[4.3659,12.4239],[4.3693,12.4166],[4.378,12.417],[4.3816,12.416],[4.3871,12.4132],[4.4036,12.4099],[4.4102,12.4103],[4.4154,12.4086],[4.42,12.4087],[4.4242,12.4123],[4.4269,12.4129],[4.4312,12.4117],[4.4363,12.4079],[4.4504,12.4057],[4.4567,12.4033],[4.462,12.402],[4.4666,12.4016]]],[[[4.29,12.4251],[4.2935,12.4277],[4.299,12.4241],[4.2996,12.4201],[4.3016,12.4187],[4.3143,12.4172],[4.3148,12.4203],[4.3136,12.423],[4.3139,12.428],[4.3195,12.4359],[4.319,12.4389],[4.322,12.4439],[4.319,12.4469],[4.3148,12.4494],[4.31,12.4494],[4.3074,12.4485],[4.3033,12.4488],[4.2992,12.4437],[4.2958,12.4418],[4.2949,12.4385],[4.2905,12.4347],[4.29,12.4251]]]]},"properties":{"name":"LAGGA","state":"21","code":"21/06/12"}},{"type":"Feature","geometry":{"type":"Polygon","coordinates":[[[4.4083,12.3513],[4.4078,12.3538],[4.4052,12.355],[4.3996,12.3601],[4.3963,12.3654],[4.3973,12.3697],[4.3952,12.3764],[4.3934,12.379],[4.3934,12.382],[4.3917,12.3843],[4.3922,12.3907],[4.3902,12.3928],[4.385,12.3947],[4.3776,12.4006],[4.3765,12.4052],[4.3788,12.4085],[4.378,12.4103],[4.3789,12.4145],[4.378,12.417],[4.3693,12.4166],[4.3659,12.4239],[4.3669,12.4311],[4.3681,12.4343],[4.3659,12.4377],[4.3674,12.4429],[4.3673,12.4494],[4.3702,12.4504],[4.3737,12.4537],[4.3748,12.4562],[4.3824,12.4554],[4.3828,12.464],[4.3835,12.4666],[4.3834,12.4722],[4.3795,12.4788],[4.3765,12.4804],[4.3721,12.4878],[4.3666,12.4866],[4.3632,12.488],[4.3581,12.4884],[4.3504,12.4906],[4.3492,12.4878],[4.343,12.4845],[4.3447,12.4721],[4.3441,12.4661],[4.3426,12.46],[4.3409,12.4572],[4.3365,12.4565],[4.3335,12.4547],[4.3301,12.4541],[4.3228,12.4515],[4.319,12.4469],[4.322,12.4439],[4.319,12.4389],[4.3195,12.4359],[4.3139,12.428],[4.3136,12.423],[4.3148,12.4203],[4.3143,12.4172],[4.32,12.4166],[4.324,12.412],[4.33,12.415],[4.3322,12.4066],[4.3297,12.4023],[4.3273,12.4005],[4.3264,12.3969],[4.3188,12.3898],[4.3143,12.3802],[4.3102,12.3772],[4.3036,12.3752],[4.3023,12.3703],[4.2987,12.3664],[4.2977,12.3625],[4.2983,12.359],[4.3008,12.3567],[4.3057,12.356],[4.309,12.3518],[4.3111,12.3527],[4.318,12.3494],[4.3224,12.3493],[4.3356,12.346],[4.3423,12.3484],[4.3444,12.3473],[4.347,12.3431],[4.3523,12.3408],[4.3537,12.3389],[4.3547,12.3399],[4.3575,12.347],[4.36,12.3507],[4.3641,12.3485],[4.3692,12.3483],[4.373,12.3483],[4.3854,12.3434],[4.3871,12.3423],[4.3932,12.3432],[4.3983,12.3453],[4.4027,12.3456],[4.4081,12.3496],[4.4083,12.3513]]]},"properties":{"name":"GULUMBE","state":"21","code":"21/06/13"}},{"type":"Feature","geometry":{"type":"Polygon","coordinates":[[[4.3525,12.5711],[4.3497,12.5716],[4.3354,12.5761],[4.3312,12.5781],[4.3199,12.582],[4.3038,12.5854],[4.3,12.5869],[4.2996,12.5846],[4.2966,12.5833],[4.2894,12.583],[4.2881,12.5781],[4.288,12.5734],[4.2821,12.5711],[4.2808,12.5679],[4.2842,12.5669],[4.2898,12.5606],[4.2964,12.5585],[4.2995,12.5564],[4.303,12.5511],[4.2982,12.5459],[4.2973,12.5395],[4.3045,12.5375],[4.3056,12.5356],[4.3114,12.5318],[4.3141,12.5325],[4.318,12.5308],[4.3255,12.5299],[4.3271,12.5274],[4.3268,12.5222],[4.3238,12.5229],[4.3197,12.5214],[4.3206,12.5193],[4.3195,12.5157],[4.3205,12.5085],[4.3241,12.5006],[4.3268,12.499],[4.3327,12.5009],[4.3382,12.5039],[4.3394,12.5],[4.3435,12.5012],[4.342,12.5055],[4.3581,12.5128],[4.3547,12.5155],[4.3542,12.5182],[4.35,12.5209],[4.3474,12.5209],[4.3487,12.525],[4.3462,12.5346],[4.3464,12.5372],[4.35,12.543],[4.3488,12.5469],[4.3435,12.5509],[4.3521,12.5566],[4.3534,12.5596],[4.3515,12.5638],[4.3559,12.5659],[4.3525,12.5711]]]},"properties":{"name":"AMBURSA","state":"21","code":"21/06/14"}},{"type":"Feature","geometry":{"type":"Polygon","coordinates":[[[4.3721,12.4878],[4.3765,12.4804],[4.3795,12.4788],[4.3834,12.4722],[4.3835,12.4666],[4.3881,12.4661],[4.3922,12.4674],[4.3999,12.4718],[4.4173,12.4759],[4.423,12.4757],[4.4329,12.4789],[4.4436,12.4754],[4.4488,12.4853],[4.4536,12.4868],[4.4606,12.4869],[4.4674,12.4891],[4.4694,12.4912],[4.4711,12.4971],[4.4689,12.5037],[4.4665,12.5063],[4.4644,12.5177],[4.4643,12.5229],[4.4633,12.5249],[4.4582,12.5272],[4.4522,12.5318],[4.4516,12.5341],[4.4447,12.5405],[4.4408,12.5459],[4.4465,12.5543],[4.4438,12.5589],[4.4268,12.5569],[4.423,12.557],[4.4168,12.5588],[4.4114,12.562],[4.4096,12.5595],[4.4061,12.5616],[4.3979,12.5611],[4.396,12.5604],[4.3959,12.5559],[4.3943,12.5533],[4.3908,12.5528],[4.3909,12.5483],[4.3892,12.5467],[4.3834,12.5481],[4.3817,12.5467],[4.3831,12.5426],[4.3786,12.5403],[4.3802,12.5382],[4.3757,12.5345],[4.3757,12.5314],[4.38,12.5292],[4.3801,12.5223],[4.3787,12.5205],[4.3784,12.5164],[4.3756,12.5095],[4.3737,12.4995],[4.372,12.4966],[4.3728,12.4945],[4.3721,12.4878]]]},"properties":{"name":"UJARIYO","state":"21","code":"21/06/15"}},{"type":"Feature","geometry":{"type":"Polygon","coordinates":[[[4.0235,12.1047],[4.0223,12.1115],[4.0187,12.1128],[4.0191,12.1147],[4.0172,12.1182],[4.0138,12.1195],[4.013,12.1247],[4.0161,12.1253],[4.0181,12.1292],[4.014,12.134],[4.0137,12.1365],[4.0056,12.1335],[4.0024,12.1332],[3.9933,12.138],[3.9851,12.139],[3.9799,12.1357],[3.9747,12.1345],[3.9696,12.1388],[3.964,12.145],[3.9619,12.1454],[3.9585,12.1431],[3.9553,12.1392],[3.9508,12.1368],[3.9481,12.1341],[3.941,12.1317],[3.9411,12.1274],[3.9377,12.1247],[3.9352,12.1206],[3.9303,12.1184],[3.9285,12.1049],[3.9298,12.1015],[3.9296,12.0926],[3.9337,12.0866],[3.9338,12.0811],[3.9328,12.0781],[3.938,12.0766],[3.9415,12.0772],[3.9474,12.0759],[3.9533,12.0709],[3.9541,12.0674],[3.9509,12.0622],[3.9517,12.0544],[3.95,12.0516],[3.9499,12.0451],[3.9467,12.0424],[3.9472,12.0395],[3.9523,12.0416],[3.9599,12.0416],[3.9615,12.044],[3.9661,12.0448],[3.9704,12.0456],[3.9747,12.0454],[3.9763,12.0513],[3.98,12.0522],[3.9823,12.054],[3.9901,12.0534],[3.994,12.054],[4.0049,12.058],[3.995,12.0683],[3.9934,12.0739],[4.0133,12.0837],[4.016,12.0807],[4.0187,12.0807],[4.0164,12.0862],[4.0132,12.0909],[4.0159,12.0954],[4.0235,12.1047]]]},"properties":{"name":"BUNZA MARAFA","state":"21","code":"21/07/01"}},{"type":"Feature","geometry":{"type":"Polygon","coordinates":[[[3.9661,12.0448],[3.9662,12.0395],[3.9672,12.0361],[3.9642,12.0301],[3.969,12.0283],[3.9717,12.0257],[3.9773,12.0229],[3.9776,12.0181],[3.9758,12.0145],[3.9843,12.0132],[3.9878,12.0091],[3.9916,12.0091],[3.9993,12.0127],[4.0027,12.0153],[4.0047,12.0284],[4.0097,12.0292],[4.0257,12.0268],[4.0292,12.0256],[4.0372,12.029],[4.0432,12.0345],[4.0397,12.0384],[4.0387,12.0416],[4.0406,12.0432],[4.0398,12.0473],[4.0367,12.0495],[4.0373,12.0558],[4.0399,12.058],[4.0377,12.0597],[4.0365,12.0711],[4.0388,12.0748],[4.0364,12.0773],[4.0369,12.0798],[4.0352,12.0824],[4.0304,12.0828],[4.0317,12.0862],[4.029,12.0895],[4.0245,12.0909],[4.0256,12.097],[4.0235,12.1047],[4.0159,12.0954],[4.0132,12.0909],[4.0164,12.0862],[4.0187,12.0807],[4.016,12.0807],[4.0133,12.0837],[3.9934,12.0739],[3.995,12.0683],[4.0049,12.058],[3.994,12.054],[3.9901,12.0534],[3.9823,12.054],[3.98,12.0522],[3.9763,12.0513],[3.9747,12.0454],[3.9704,12.0456],[3.9661,12.0448]]]},"properties":{"name":"BUNZA DANGALADIMA","state":"21","code":"21/07/02"}},{"type":"Feature","geometry":{"type":"Polygon","coordinates":[[[3.8009,12.107],[3.8028,12.104],[3.8025,12.1019],[3.8053,12.0966],[3.8091,12.0928],[3.8148,12.0923],[3.8165,12.0905],[3.8179,12.0856],[3.8217,12.0801],[3.8254,12.0773],[3.8264,12.0724],[3.8294,12.0725],[3.8324,12.0742],[3.8332,12.0783],[3.8363,12.0842],[3.8362,12.0877],[3.8386,12.0923],[3.8441,12.0976],[3.8447,12.1004],[3.8511,12.1039],[3.8583,12.1041],[3.866,12.1088],[3.8738,12.1099],[3.8791,12.1023],[3.8836,12.0917],[3.8855,12.0899],[3.8877,12.0854],[3.8863,12.075],[3.8906,12.0749],[3.8943,12.0731],[3.8991,12.0745],[3.903,12.0731],[3.922,12.0732],[3.9278,12.077],[3.9304,12.0763],[3.9328,12.0781],[3.9338,12.0811],[3.9337,12.0866],[3.9296,12.0926],[3.9298,12.1015],[3.9285,12.1049],[3.9303,12.1184],[3.9352,12.1206],[3.9377,12.1247],[3.9411,12.1274],[3.941,12.1317],[3.9481,12.1341],[3.9508,12.1368],[3.9553,12.1392],[3.9585,12.1431],[3.9619,12.1454],[3.9595,12.1504],[3.9606,12.1529],[3.9586,12.1613],[3.9541,12.1668],[3.9465,12.1734],[3.9459,12.1767],[3.9434,12.1793],[3.9434,12.1815],[3.9377,12.1835],[3.9301,12.1842],[3.9288,12.1901],[3.9271,12.1948],[3.9239,12.1997],[3.9239,12.2016],[3.9165,12.2006],[3.9115,12.1972],[3.9067,12.1972],[3.9049,12.1998],[3.9014,12.2091],[3.8985,12.2117],[3.8947,12.2199],[3.8911,12.2217],[3.8899,12.2247],[3.884,12.2242],[3.8805,12.223],[3.878,12.2253],[3.8728,12.2267],[3.869,12.2331],[3.8679,12.2368],[3.8648,12.2389],[3.8608,12.25],[3.8552,12.2487],[3.8523,12.2457],[3.8476,12.2444],[3.8395,12.2453],[3.8366,12.2451],[3.8292,12.2418],[3.8218,12.2422],[3.8207,12.242],[3.8151,12.2346],[3.8096,12.2305],[3.8036,12.2278],[3.8026,12.2238],[3.8009,12.2218],[3.7966,12.2218],[3.7941,12.2171],[3.7912,12.2093],[3.7943,12.2055],[3.794,12.2013],[3.7916,12.1994],[3.79,12.1953],[3.7905,12.1928],[3.7885,12.1913],[3.7859,12.1857],[3.7828,12.1841],[3.7799,12.1794],[3.7757,12.1762],[3.7713,12.1767],[3.7707,12.1718],[3.7668,12.1684],[3.7703,12.166],[3.7761,12.1651],[3.7781,12.1659],[3.7873,12.1616],[3.7919,12.1627],[3.7947,12.1614],[3.8035,12.1629],[3.808,12.1649],[3.8123,12.1636],[3.8216,12.1631],[3.8195,12.1578],[3.8149,12.1551],[3.8082,12.152],[3.8027,12.1503],[3.7994,12.1468],[3.7985,12.1435],[3.7923,12.1364],[3.7946,12.1296],[3.7944,12.1249],[3.7979,12.1189],[3.8005,12.1123],[3.8009,12.107]]]},"properties":{"name":"GWADE","state":"21","code":"21/07/03"}},{"type":"Feature","geometry":{"type":"Polygon","coordinates":[[[4.0235,12.1047],[4.0256,12.097],[4.0245,12.0909],[4.029,12.0895],[4.0317,12.0862],[4.0304,12.0828],[4.0352,12.0824],[4.0369,12.0798],[4.0364,12.0773],[4.0388,12.0748],[4.0365,12.0711],[4.0377,12.0597],[4.0399,12.058],[4.0373,12.0558],[4.0367,12.0495],[4.0398,12.0473],[4.0406,12.0432],[4.045,12.0437],[4.0457,12.0475],[4.0494,12.0487],[4.0479,12.0517],[4.0495,12.0545],[4.0532,12.0567],[4.0547,12.0607],[4.0546,12.0642],[4.0585,12.0739],[4.067,12.0822],[4.0668,12.0853],[4.0701,12.0899],[4.0667,12.1044],[4.0648,12.1097],[4.0674,12.1157],[4.0628,12.1171],[4.0609,12.1202],[4.0597,12.1279],[4.0618,12.1293],[4.0655,12.1359],[4.0686,12.1386],[4.0699,12.1416],[4.0728,12.1446],[4.0747,12.1494],[4.0792,12.1545],[4.0807,12.1622],[4.078,12.165],[4.0786,12.1669],[4.0884,12.1733],[4.0914,12.1743],[4.0928,12.1787],[4.0963,12.1816],[4.0967,12.1856],[4.0954,12.188],[4.0889,12.1938],[4.0824,12.1961],[4.0767,12.1989],[4.0723,12.2027],[4.0689,12.2029],[4.0649,12.1979],[4.0619,12.1967],[4.0588,12.1916],[4.0592,12.1861],[4.0568,12.1809],[4.0602,12.1776],[4.0615,12.1715],[4.0635,12.1671],[4.0548,12.1623],[4.0486,12.1549],[4.0429,12.1508],[4.0365,12.1489],[4.0328,12.1465],[4.0337,12.1425],[4.0315,12.1384],[4.0314,12.1354],[4.0342,12.1329],[4.0349,12.1283],[4.0367,12.1246],[4.0347,12.1211],[4.0375,12.1189],[4.0369,12.1144],[4.0279,12.1099],[4.0235,12.1047]]]},"properties":{"name":"MAIDAHINI","state":"21","code":"21/07/04"}},{"type":"Feature","geometry":{"type":"Polygon","coordinates":[[[4.0546,12.0642],[4.0596,12.0604],[4.0632,12.0588],[4.0664,12.055],[4.0688,12.0593],[4.0734,12.0591],[4.0766,12.0625],[4.0803,12.0611],[4.081,12.065],[4.0797,12.0683],[4.0815,12.0723],[4.0851,12.0727],[4.0892,12.0718],[4.0939,12.0728],[4.0959,12.0743],[4.0989,12.0729],[4.1012,12.0657],[4.1001,12.0613],[4.1073,12.0629],[4.1078,12.065],[4.1141,12.0685],[4.1158,12.0748],[4.1147,12.0868],[4.1046,12.091],[4.1007,12.0899],[4.0989,12.0922],[4.0985,12.0956],[4.1022,12.0993],[4.1019,12.1008],[4.0976,12.1038],[4.1004,12.1048],[4.1006,12.1089],[4.0981,12.113],[4.1002,12.1179],[4.1059,12.1169],[4.1093,12.118],[4.1101,12.1202],[4.1171,12.1178],[4.1197,12.1197],[4.1208,12.1223],[4.125,12.1234],[4.1261,12.1251],[4.1251,12.1304],[4.1292,12.1295],[4.1325,12.1366],[4.1317,12.139],[4.1283,12.1409],[4.1283,12.1456],[4.1236,12.1456],[4.1206,12.1476],[4.1226,12.1507],[4.1209,12.1555],[4.1208,12.1591],[4.1171,12.1607],[4.1176,12.1648],[4.1148,12.1673],[4.112,12.1662],[4.1092,12.1632],[4.1,12.1633],[4.0936,12.162],[4.0807,12.1622],[4.0792,12.1545],[4.0747,12.1494],[4.0728,12.1446],[4.0699,12.1416],[4.0686,12.1386],[4.0655,12.1359],[4.0618,12.1293],[4.0597,12.1279],[4.0609,12.1202],[4.0628,12.1171],[4.0674,12.1157],[4.0648,12.1097],[4.0667,12.1044],[4.0701,12.0899],[4.0668,12.0853],[4.067,12.0822],[4.0585,12.0739],[4.0546,12.0642]]]},"properties":{"name":"RAHA","state":"21","code":"21/07/05"}},{"type":"Feature","geometry":{"type":"Polygon","coordinates":[[[4.0807,12.1622],[4.0936,12.162],[4.1,12.1633],[4.1092,12.1632],[4.112,12.1662],[4.1148,12.1673],[4.1154,12.1703],[4.1177,12.171],[4.118,12.1735],[4.1224,12.1763],[4.1304,12.1842],[4.1312,12.1908],[4.1385,12.1985],[4.1391,12.2015],[4.1465,12.206],[4.1468,12.2119],[4.141,12.2148],[4.137,12.2202],[4.1409,12.2223],[4.1418,12.2256],[4.1441,12.2275],[4.144,12.2297],[4.1463,12.2351],[4.1504,12.2343],[4.1576,12.2307],[4.1668,12.2367],[4.1658,12.2377],[4.1632,12.2456],[4.159,12.2493],[4.156,12.2502],[4.152,12.2538],[4.1506,12.2568],[4.1484,12.2688],[4.1489,12.2728],[4.143,12.2702],[4.1409,12.268],[4.1384,12.2679],[4.1336,12.2643],[4.1263,12.2675],[4.1017,12.2273],[4.0824,12.1961],[4.0889,12.1938],[4.0954,12.188],[4.0967,12.1856],[4.0963,12.1816],[4.0928,12.1787],[4.0914,12.1743],[4.0884,12.1733],[4.0786,12.1669],[4.078,12.165],[4.0807,12.1622]]]},"properties":{"name":"SABON BIRNI","state":"21","code":"21/07/06"}},{"type":"Feature","geometry":{"type":"Polygon","coordinates":[[[4.0235,12.1047],[4.0279,12.1099],[4.0369,12.1144],[4.0375,12.1189],[4.0347,12.1211],[4.0367,12.1246],[4.0349,12.1283],[4.0342,12.1329],[4.0314,12.1354],[4.0315,12.1384],[4.0337,12.1425],[4.0328,12.1465],[4.0296,12.1478],[4.028,12.1527],[4.0307,12.1538],[4.0313,12.1573],[4.0271,12.1601],[4.0225,12.1711],[4.0196,12.1734],[4.0176,12.1727],[4.014,12.1747],[4.0108,12.1702],[4.0082,12.1696],[4.0067,12.1718],[4.0062,12.1809],[4.0038,12.1828],[4.0084,12.1886],[4.0071,12.1909],[4.011,12.1918],[4.0099,12.1975],[4.0116,12.2009],[4.0114,12.2037],[4.0157,12.2104],[4.0131,12.2146],[4.0075,12.2192],[4.0048,12.2169],[4.0029,12.2186],[3.9991,12.2177],[3.9984,12.2211],[3.994,12.2212],[3.9881,12.2242],[3.9854,12.224],[3.985,12.2268],[3.981,12.2287],[3.978,12.2285],[3.9731,12.226],[3.9718,12.2232],[3.9665,12.2198],[3.9636,12.2208],[3.96,12.2241],[3.952,12.2287],[3.9461,12.2312],[3.9422,12.2287],[3.9438,12.2248],[3.9464,12.2226],[3.9485,12.2183],[3.9485,12.2146],[3.9498,12.2107],[3.9439,12.2073],[3.9361,12.1981],[3.9312,12.1937],[3.9288,12.1901],[3.9301,12.1842],[3.9377,12.1835],[3.9434,12.1815],[3.9434,12.1793],[3.9459,12.1767],[3.9465,12.1734],[3.9541,12.1668],[3.9586,12.1613],[3.9606,12.1529],[3.9595,12.1504],[3.9619,12.1454],[3.964,12.145],[3.9696,12.1388],[3.9747,12.1345],[3.9799,12.1357],[3.9851,12.139],[3.9933,12.138],[4.0024,12.1332],[4.0056,12.1335],[4.0137,12.1365],[4.014,12.134],[4.0181,12.1292],[4.0161,12.1253],[4.013,12.1247],[4.0138,12.1195],[4.0172,12.1182],[4.0191,12.1147],[4.0187,12.1128],[4.0223,12.1115],[4.0235,12.1047]]]},"properties":{"name":"SALWAI","state":"21","code":"21/07/07"}},{"type":"Feature","geometry":{"type":"Polygon","coordinates":[[[3.8356,12.3704],[3.8355,12.37],[3.8394,12.3686],[3.8465,12.3689],[3.8496,12.3672],[3.8594,12.3586],[3.8607,12.3583],[3.8639,12.3536],[3.8656,12.3483],[3.8682,12.3471],[3.8694,12.3444],[3.8686,12.3376],[3.8709,12.3348],[3.8731,12.3255],[3.8747,12.3231],[3.8814,12.3226],[3.8844,12.3207],[3.886,12.3181],[3.8901,12.3177],[3.9019,12.3204],[3.9084,12.3215],[3.9098,12.3263],[3.9129,12.3222],[3.9213,12.3205],[3.9258,12.3126],[3.9357,12.3041],[3.937,12.3042],[3.9539,12.3133],[3.9552,12.3186],[3.9569,12.3217],[3.9606,12.3214],[3.9654,12.3227],[3.9753,12.3188],[3.9784,12.3163],[3.9809,12.3159],[3.9836,12.313],[3.9901,12.3114],[3.9965,12.3091],[3.9971,12.3156],[3.9939,12.3163],[3.99,12.3207],[3.9895,12.3255],[3.9903,12.3277],[3.9881,12.3284],[3.9909,12.3326],[3.9881,12.3371],[3.9852,12.3387],[3.9869,12.3413],[3.98,12.3436],[3.9781,12.3455],[3.9776,12.3494],[3.9729,12.3546],[3.9722,12.3572],[3.976,12.3641],[3.9796,12.3651],[3.9797,12.3672],[3.9845,12.3688],[3.9859,12.3667],[3.9918,12.3704],[3.9915,12.3741],[3.9942,12.3794],[3.9942,12.3846],[3.9932,12.3863],[3.9943,12.3907],[4.0002,12.3964],[4.0082,12.4018],[4.0048,12.406],[4.0012,12.4079],[3.9985,12.4046],[3.9943,12.402],[3.9883,12.4004],[3.9837,12.4047],[3.983,12.4082],[3.9761,12.4096],[3.9708,12.4123],[3.967,12.4154],[3.9619,12.4135],[3.9586,12.4099],[3.9536,12.4064],[3.9452,12.4066],[3.9405,12.4118],[3.927,12.4095],[3.9181,12.4094],[3.9153,12.4074],[3.9062,12.411],[3.8994,12.4113],[3.8965,12.4124],[3.8935,12.4158],[3.8923,12.424],[3.8883,12.428],[3.8847,12.4268],[3.8781,12.4276],[3.873,12.4266],[3.8663,12.428],[3.8633,12.4256],[3.8622,12.4186],[3.8541,12.4187],[3.8476,12.4163],[3.8411,12.4154],[3.839,12.4121],[3.8331,12.4101],[3.8298,12.4075],[3.8298,12.4056],[3.8379,12.4006],[3.8385,12.3973],[3.8434,12.3949],[3.8478,12.39],[3.8429,12.3856],[3.8373,12.3837],[3.8357,12.3812],[3.8347,12.3734],[3.8356,12.3704]]]},"properties":{"name":"TILLI/HILEMA","state":"21","code":"21/07/08"}},{"type":"Feature","geometry":{"type":"Polygon","coordinates":[[[4.0824,12.1961],[4.1017,12.2273],[4.0978,12.235],[4.0975,12.2392],[4.0905,12.2456],[4.087,12.25],[4.0818,12.2507],[4.0752,12.2501],[4.0727,12.2508],[4.0696,12.2495],[4.0613,12.2423],[4.0582,12.243],[4.0464,12.238],[4.0446,12.236],[4.0426,12.231],[4.0395,12.229],[4.037,12.2296],[4.0317,12.2283],[4.0299,12.2294],[4.026,12.2268],[4.0195,12.2259],[4.0145,12.2218],[4.0099,12.2226],[4.0066,12.2218],[4.0075,12.2192],[4.0131,12.2146],[4.0157,12.2104],[4.0114,12.2037],[4.0116,12.2009],[4.0099,12.1975],[4.011,12.1918],[4.0071,12.1909],[4.0084,12.1886],[4.0038,12.1828],[4.0062,12.1809],[4.0067,12.1718],[4.0082,12.1696],[4.0108,12.1702],[4.014,12.1747],[4.0176,12.1727],[4.0196,12.1734],[4.0225,12.1711],[4.0271,12.1601],[4.0313,12.1573],[4.0307,12.1538],[4.028,12.1527],[4.0296,12.1478],[4.0328,12.1465],[4.0365,12.1489],[4.0429,12.1508],[4.0486,12.1549],[4.0548,12.1623],[4.0635,12.1671],[4.0615,12.1715],[4.0602,12.1776],[4.0568,12.1809],[4.0592,12.1861],[4.0588,12.1916],[4.0619,12.1967],[4.0649,12.1979],[4.0689,12.2029],[4.0723,12.2027],[4.0767,12.1989],[4.0824,12.1961]]]},"properties":{"name":"TUNGA","state":"21","code":"21/07/09"}},{"type":"Feature","geometry":{"type":"Polygon","coordinates":[[[3.8218,12.2422],[3.8292,12.2418],[3.8366,12.2451],[3.8395,12.2453],[3.8476,12.2444],[3.8523,12.2457],[3.8552,12.2487],[3.8608,12.25],[3.8648,12.2389],[3.8679,12.2368],[3.869,12.2331],[3.8728,12.2267],[3.878,12.2253],[3.8805,12.223],[3.884,12.2242],[3.8899,12.2247],[3.8911,12.2217],[3.8947,12.2199],[3.8985,12.2117],[3.9014,12.2091],[3.9049,12.1998],[3.9067,12.1972],[3.9115,12.1972],[3.9165,12.2006],[3.9239,12.2016],[3.9239,12.1997],[3.9271,12.1948],[3.9288,12.1901],[3.9312,12.1937],[3.9361,12.1981],[3.9439,12.2073],[3.9498,12.2107],[3.9485,12.2146],[3.9485,12.2183],[3.9464,12.2226],[3.9438,12.2248],[3.9422,12.2287],[3.9461,12.2312],[3.952,12.2287],[3.96,12.2241],[3.9636,12.2208],[3.9665,12.2198],[3.9718,12.2232],[3.9731,12.226],[3.978,12.2285],[3.981,12.2287],[3.985,12.2268],[3.9839,12.2325],[3.9819,12.2333],[3.9823,12.2369],[3.9839,12.2394],[3.9772,12.2413],[3.9763,12.2435],[3.9787,12.2461],[3.982,12.2472],[3.9817,12.2504],[3.9852,12.2532],[3.9864,12.2559],[3.9894,12.2541],[3.992,12.2571],[3.9954,12.2551],[3.9993,12.2596],[4.0035,12.2613],[4.0037,12.2667],[3.9974,12.2722],[3.9996,12.2736],[3.9991,12.2804],[3.9966,12.2836],[3.9956,12.2869],[3.9924,12.2901],[3.9921,12.2923],[3.9958,12.2963],[3.9958,12.2994],[3.9997,12.3031],[4.0004,12.3078],[3.9965,12.3091],[3.9901,12.3114],[3.9836,12.313],[3.9809,12.3159],[3.9784,12.3163],[3.9753,12.3188],[3.9654,12.3227],[3.9606,12.3214],[3.9569,12.3217],[3.9552,12.3186],[3.9539,12.3133],[3.937,12.3042],[3.9357,12.3041],[3.9258,12.3126],[3.9213,12.3205],[3.9129,12.3222],[3.9098,12.3263],[3.9084,12.3215],[3.9019,12.3204],[3.8901,12.3177],[3.886,12.3181],[3.8844,12.3207],[3.8814,12.3226],[3.8747,12.3231],[3.8731,12.3255],[3.8709,12.3348],[3.8686,12.3376],[3.8694,12.3444],[3.8682,12.3471],[3.8656,12.3483],[3.8639,12.3536],[3.8607,12.3583],[3.8594,12.3586],[3.8496,12.3672],[3.8465,12.3689],[3.8394,12.3686],[3.8355,12.37],[3.8354,12.3663],[3.8337,12.3634],[3.8343,12.3596],[3.8332,12.3571],[3.8348,12.3527],[3.8338,12.3501],[3.8344,12.3465],[3.832,12.3416],[3.8313,12.3379],[3.8346,12.3273],[3.8384,12.3248],[3.8394,12.3205],[3.8414,12.3174],[3.84,12.3143],[3.8376,12.3128],[3.8358,12.3084],[3.838,12.3082],[3.8409,12.3051],[3.8426,12.3006],[3.8436,12.2941],[3.8409,12.2885],[3.8382,12.287],[3.8372,12.2826],[3.8322,12.2783],[3.8299,12.2754],[3.8301,12.2726],[3.8325,12.2645],[3.8286,12.2611],[3.8238,12.2587],[3.8223,12.2563],[3.8243,12.2543],[3.8218,12.2422]]]},"properties":{"name":"ZOGRIMA","state":"21","code":"21/07/10"}},{"type":"Feature","geometry":{"type":"Polygon","coordinates":[[[3.8598,11.6387],[3.8517,11.6408],[3.8501,11.6462],[3.8523,11.648],[3.8579,11.6481],[3.8614,11.6553],[3.8647,11.6559],[3.8663,11.6576],[3.8678,11.6646],[3.8719,11.6678],[3.8736,11.6741],[3.8774,11.679],[3.8736,11.6788],[3.8682,11.6801],[3.8649,11.6835],[3.858,11.6848],[3.856,11.6862],[3.8523,11.6858],[3.8439,11.6908],[3.8387,11.6893],[3.8358,11.6868],[3.8298,11.687],[3.8274,11.6879],[3.8199,11.687],[3.816,11.6897],[3.8145,11.6929],[3.8097,11.693],[3.8047,11.6972],[3.8003,11.6988],[3.7951,11.702],[3.7882,11.7001],[3.7822,11.7016],[3.7773,11.7037],[3.7724,11.71],[3.772,11.7127],[3.7683,11.7148],[3.7669,11.7109],[3.7667,11.707],[3.7607,11.6988],[3.7563,11.6984],[3.7549,11.6962],[3.7576,11.6911],[3.7561,11.6828],[3.7525,11.6796],[3.7477,11.6794],[3.7439,11.6781],[3.7413,11.6788],[3.7407,11.6768],[3.7363,11.6716],[3.7304,11.6671],[3.7307,11.663],[3.7385,11.6616],[3.7426,11.6621],[3.7446,11.66],[3.7492,11.6595],[3.7507,11.6564],[3.7551,11.6609],[3.7561,11.6667],[3.7573,11.6689],[3.7573,11.6774],[3.762,11.6768],[3.7652,11.6779],[3.7729,11.6772],[3.7761,11.6728],[3.7825,11.6728],[3.7861,11.6688],[3.7895,11.6671],[3.7921,11.6626],[3.7933,11.6571],[3.7891,11.654],[3.7838,11.647],[3.7844,11.6438],[3.7865,11.6435],[3.7901,11.6403],[3.7947,11.6387],[3.7982,11.6407],[3.8013,11.6401],[3.8059,11.633],[3.8159,11.6331],[3.8191,11.63],[3.8248,11.6284],[3.8302,11.6297],[3.8414,11.6235],[3.8476,11.6285],[3.8516,11.6211],[3.8571,11.622],[3.8573,11.6269],[3.859,11.63],[3.8605,11.6362],[3.8598,11.6387]]]},"properties":{"name":"BANI ZUMBU","state":"21","code":"21/08/01"}},{"type":"Feature","geometry":{"type":"Polygon","coordinates":[[[3.7959,11.5874],[3.7974,11.5912],[3.8036,11.5922],[3.8095,11.591],[3.8187,11.587],[3.8302,11.5864],[3.8386,11.5869],[3.8456,11.586],[3.8484,11.5931],[3.8504,11.5939],[3.8542,11.5981],[3.8434,11.6023],[3.845,11.6079],[3.8399,11.6141],[3.8444,11.6219],[3.8414,11.6235],[3.8302,11.6297],[3.8248,11.6284],[3.8191,11.63],[3.8159,11.6331],[3.8059,11.633],[3.8013,11.6401],[3.7982,11.6407],[3.7947,11.6387],[3.7901,11.6403],[3.7865,11.6435],[3.7844,11.6438],[3.7838,11.647],[3.7891,11.654],[3.7933,11.6571],[3.7921,11.6626],[3.7895,11.6671],[3.7861,11.6688],[3.7825,11.6728],[3.7761,11.6728],[3.7729,11.6772],[3.7652,11.6779],[3.762,11.6768],[3.7573,11.6774],[3.7573,11.6689],[3.7561,11.6667],[3.7551,11.6609],[3.7507,11.6564],[3.7492,11.6595],[3.7446,11.66],[3.7426,11.6621],[3.7385,11.6616],[3.7307,11.663],[3.7304,11.6671],[3.7363,11.6716],[3.7407,11.6768],[3.7413,11.6788],[3.7388,11.6809],[3.7325,11.681],[3.7294,11.6838],[3.7319,11.6897],[3.7289,11.6891],[3.723,11.6899],[3.7198,11.6894],[3.7223,11.6854],[3.7213,11.6826],[3.7154,11.679],[3.7091,11.6731],[3.7027,11.672],[3.6985,11.676],[3.6922,11.6781],[3.689,11.6774],[3.6882,11.6827],[3.6929,11.6873],[3.6929,11.6911],[3.6915,11.6947],[3.6972,11.6985],[3.7038,11.701],[3.7068,11.7033],[3.707,11.7075],[3.6988,11.7159],[3.6988,11.7225],[3.6932,11.7238],[3.6928,11.7253],[3.6889,11.7279],[3.687,11.7305],[3.6844,11.73],[3.6822,11.7264],[3.6777,11.7244],[3.6749,11.7251],[3.6714,11.7195],[3.6691,11.7186],[3.6639,11.725],[3.661,11.726],[3.6564,11.7249],[3.6555,11.7227],[3.657,11.7144],[3.6514,11.7091],[3.6516,11.7008],[3.6539,11.6956],[3.6557,11.689],[3.6545,11.6849],[3.6502,11.6814],[3.6518,11.6784],[3.6557,11.678],[3.6592,11.6764],[3.6602,11.6711],[3.6645,11.6679],[3.6635,11.662],[3.6648,11.6553],[3.6686,11.6556],[3.6746,11.653],[3.6803,11.657],[3.6821,11.6549],[3.6905,11.6524],[3.6945,11.6488],[3.701,11.6479],[3.704,11.6449],[3.71,11.6409],[3.7165,11.6396],[3.7198,11.6356],[3.7222,11.6348],[3.7246,11.6315],[3.7289,11.6286],[3.7423,11.6262],[3.7454,11.6288],[3.7478,11.6234],[3.7477,11.6208],[3.7517,11.6148],[3.7545,11.6121],[3.7572,11.6144],[3.7605,11.6129],[3.7635,11.6102],[3.7654,11.6119],[3.7688,11.6107],[3.7694,11.6057],[3.7717,11.6024],[3.7779,11.6044],[3.7831,11.6031],[3.7858,11.6001],[3.7851,11.5963],[3.7869,11.5939],[3.7922,11.5931],[3.7929,11.5899],[3.7959,11.5874]]]},"properties":{"name":"BUMA","state":"21","code":"21/08/02"}},{"type":"Feature","geometry":{"type":"Polygon","coordinates":[[[3.6518,11.6784],[3.6502,11.6814],[3.6545,11.6849],[3.6557,11.689],[3.6539,11.6956],[3.6516,11.7008],[3.6514,11.7091],[3.657,11.7144],[3.6555,11.7227],[3.6564,11.7249],[3.661,11.726],[3.6639,11.725],[3.6691,11.7186],[3.6714,11.7195],[3.6749,11.7251],[3.6777,11.7244],[3.6822,11.7264],[3.6844,11.73],[3.687,11.7305],[3.6889,11.7279],[3.6928,11.7253],[3.6932,11.7238],[3.6988,11.7225],[3.705,11.7237],[3.7058,11.7267],[3.7058,11.7371],[3.6962,11.734],[3.6948,11.7367],[3.6956,11.7419],[3.6981,11.7452],[3.7001,11.7456],[3.7078,11.7501],[3.7117,11.7517],[3.7139,11.7583],[3.7139,11.7667],[3.7176,11.7706],[3.7201,11.7757],[3.7169,11.7785],[3.7094,11.7833],[3.7044,11.7886],[3.7024,11.7952],[3.7006,11.7972],[3.6941,11.7962],[3.6876,11.7965],[3.6855,11.7958],[3.6796,11.7904],[3.674,11.7881],[3.681,11.7547],[3.6268,11.7077],[3.6291,11.7065],[3.6292,11.7029],[3.6372,11.696],[3.6379,11.6926],[3.6416,11.6899],[3.6378,11.6796],[3.6378,11.6775],[3.6402,11.6729],[3.647,11.6728],[3.6488,11.6762],[3.6518,11.6784]]]},"properties":{"name":"DOLEKAINA","state":"21","code":"21/08/03"}},{"type":"Feature","geometry":{"type":"Polygon","coordinates":[[[3.8598,11.6387],[3.8628,11.6402],[3.8694,11.6403],[3.8734,11.6416],[3.8771,11.6381],[3.887,11.6439],[3.8857,11.6458],[3.88,11.6504],[3.883,11.6556],[3.8862,11.6546],[3.8942,11.6557],[3.8991,11.6501],[3.902,11.6489],[3.9063,11.6433],[3.9085,11.6422],[3.914,11.6376],[3.9164,11.6339],[3.9241,11.6317],[3.9272,11.6371],[3.9278,11.6421],[3.9312,11.6439],[3.9324,11.6422],[3.9394,11.642],[3.942,11.6403],[3.9521,11.6457],[3.9532,11.6385],[3.9563,11.6346],[3.9526,11.6263],[3.9512,11.6215],[3.9545,11.6214],[3.9576,11.6228],[3.9618,11.6222],[3.9664,11.6199],[3.9708,11.6187],[3.9755,11.6196],[3.9624,11.6316],[3.9697,11.6387],[3.9773,11.6443],[3.979,11.6497],[3.9765,11.6542],[3.9769,11.6573],[3.9813,11.6596],[3.9836,11.6632],[3.9827,11.6668],[3.9838,11.6705],[3.9874,11.6743],[3.989,11.6781],[3.9904,11.6901],[3.9925,11.6943],[3.9922,11.702],[3.9906,11.7071],[3.9918,11.7086],[3.9905,11.7123],[3.9951,11.7154],[3.9964,11.7184],[4.0023,11.7221],[3.9924,11.7228],[3.9857,11.7247],[3.9864,11.7276],[3.98,11.7302],[3.9782,11.7321],[3.9739,11.7338],[3.9688,11.7407],[3.9632,11.744],[3.9586,11.7421],[3.9533,11.7414],[3.9504,11.7421],[3.9479,11.7389],[3.9437,11.7391],[3.9442,11.7417],[3.9396,11.7434],[3.9374,11.7428],[3.9336,11.7343],[3.9272,11.7312],[3.9222,11.7309],[3.9255,11.7245],[3.9229,11.7228],[3.917,11.7238],[3.9154,11.7254],[3.9112,11.7265],[3.9072,11.7292],[3.9025,11.7301],[3.9015,11.7336],[3.8946,11.7391],[3.8885,11.7354],[3.8832,11.7362],[3.876,11.7301],[3.8725,11.7285],[3.8664,11.7291],[3.8606,11.7353],[3.8524,11.7449],[3.8482,11.7468],[3.8464,11.7517],[3.8404,11.7532],[3.8402,11.7567],[3.8379,11.7615],[3.8379,11.7669],[3.833,11.7726],[3.8299,11.7747],[3.8284,11.7743],[3.8245,11.7703],[3.824,11.7671],[3.8207,11.7632],[3.8181,11.7581],[3.8128,11.7537],[3.8093,11.7491],[3.8085,11.7431],[3.805,11.7396],[3.8067,11.732],[3.8022,11.7294],[3.7991,11.7236],[3.7963,11.7251],[3.7892,11.7237],[3.7854,11.7216],[3.7813,11.7223],[3.7729,11.7184],[3.7676,11.7179],[3.7683,11.7148],[3.772,11.7127],[3.7724,11.71],[3.7773,11.7037],[3.7822,11.7016],[3.7882,11.7001],[3.7951,11.702],[3.8003,11.6988],[3.8047,11.6972],[3.8097,11.693],[3.8145,11.6929],[3.816,11.6897],[3.8199,11.687],[3.8274,11.6879],[3.8298,11.687],[3.8358,11.6868],[3.8387,11.6893],[3.8439,11.6908],[3.8523,11.6858],[3.856,11.6862],[3.858,11.6848],[3.8649,11.6835],[3.8682,11.6801],[3.8736,11.6788],[3.8774,11.679],[3.8736,11.6741],[3.8719,11.6678],[3.8678,11.6646],[3.8663,11.6576],[3.8647,11.6559],[3.8614,11.6553],[3.8579,11.6481],[3.8523,11.648],[3.8501,11.6462],[3.8517,11.6408],[3.8598,11.6387]]]},"properties":{"name":"FANA","state":"21","code":"21/08/04"}},{"type":"Feature","geometry":{"type":"Polygon","coordinates":[[[3.6739,11.8512],[3.655,11.85],[3.6365,11.8466],[3.6337,11.8454],[3.6273,11.8444],[3.6293,11.831],[3.6628,11.814],[3.6671,11.821],[3.6666,11.8236],[3.6728,11.8295],[3.6705,11.8334],[3.6716,11.8368],[3.6708,11.8447],[3.6715,11.8478],[3.6739,11.8512]]]},"properties":{"name":"MAIHAUSAWA","state":"21","code":"21/08/05"}},{"type":"Feature","geometry":{"type":"Polygon","coordinates":[[[3.6317,12.1196],[3.6317,12.1193],[3.6717,12.0322],[3.6785,11.9765],[3.6622,11.9609],[3.6681,11.958],[3.674,11.9493],[3.6771,11.9474],[3.682,11.9398],[3.6875,11.936],[3.6909,11.9357],[3.6933,11.9326],[3.6956,11.9357],[3.7,11.9334],[3.7053,11.929],[3.7099,11.9217],[3.7097,11.9144],[3.7118,11.9047],[3.7119,11.9018],[3.7148,11.8969],[3.7136,11.8937],[3.7088,11.8905],[3.705,11.8915],[3.6988,11.8899],[3.6921,11.884],[3.6911,11.8794],[3.6861,11.875],[3.6867,11.8723],[3.6862,11.8638],[3.6826,11.8553],[3.6795,11.8534],[3.6797,11.8494],[3.6739,11.8512],[3.6715,11.8478],[3.6708,11.8447],[3.6716,11.8368],[3.6705,11.8334],[3.6728,11.8295],[3.6666,11.8236],[3.6671,11.821],[3.6628,11.814],[3.6692,11.8107],[3.674,11.7881],[3.6796,11.7904],[3.6855,11.7958],[3.6876,11.7965],[3.6941,11.7962],[3.7006,11.7972],[3.7024,11.7952],[3.7044,11.7886],[3.7094,11.7833],[3.7169,11.7785],[3.7201,11.7757],[3.7246,11.7786],[3.7309,11.7773],[3.7345,11.7809],[3.741,11.7843],[3.7515,11.7929],[3.7551,11.8001],[3.7607,11.8026],[3.7673,11.8011],[3.7789,11.7996],[3.7844,11.7976],[3.7884,11.7999],[3.795,11.8071],[3.7943,11.8129],[3.8027,11.8218],[3.8054,11.8228],[3.8102,11.8301],[3.8126,11.8308],[3.8181,11.8304],[3.8291,11.831],[3.8324,11.8319],[3.8371,11.8319],[3.8387,11.8346],[3.8381,11.8392],[3.8354,11.8478],[3.8299,11.8536],[3.8304,11.8564],[3.8293,11.86],[3.8265,11.8635],[3.8225,11.8659],[3.8231,11.8699],[3.8254,11.8745],[3.8279,11.8772],[3.8273,11.8805],[3.8283,11.8842],[3.8322,11.8902],[3.8333,11.8981],[3.8352,11.9002],[3.8388,11.8988],[3.8447,11.8934],[3.8475,11.894],[3.8505,11.891],[3.8546,11.8883],[3.8613,11.8857],[3.868,11.8822],[3.8705,11.8824],[3.8763,11.8806],[3.8845,11.8765],[3.8837,11.8734],[3.8845,11.8628],[3.8854,11.8613],[3.8954,11.8619],[3.907,11.8641],[3.9126,11.8632],[3.9147,11.8618],[3.9243,11.8618],[3.9303,11.8666],[3.9353,11.8688],[3.9432,11.8709],[3.9474,11.8763],[3.9509,11.8777],[3.9562,11.8778],[3.9568,11.8807],[3.9533,11.8852],[3.9505,11.8951],[3.9481,11.8957],[3.946,11.8994],[3.9423,11.9033],[3.9393,11.9038],[3.9339,11.9073],[3.9311,11.9072],[3.9258,11.911],[3.9253,11.9173],[3.9238,11.9194],[3.9161,11.9269],[3.9161,11.9342],[3.9078,11.9378],[3.9039,11.9372],[3.897,11.9399],[3.8949,11.9396],[3.8946,11.9464],[3.8961,11.9504],[3.8895,11.9517],[3.8868,11.9533],[3.8863,11.9569],[3.8839,11.96],[3.8826,11.9644],[3.8787,11.9671],[3.8762,11.9775],[3.8725,11.9801],[3.8688,11.9892],[3.8654,11.9912],[3.8635,11.9879],[3.8564,11.9842],[3.8549,11.9824],[3.8485,11.9806],[3.8365,11.9731],[3.8331,11.9722],[3.8311,11.9703],[3.8266,11.9689],[3.8216,11.9653],[3.8186,11.9659],[3.8148,11.9683],[3.8103,11.9694],[3.8071,11.9724],[3.7979,11.9789],[3.7895,11.9822],[3.786,11.9858],[3.7797,11.9945],[3.7781,12.0011],[3.7747,12.0049],[3.7713,12.0139],[3.769,12.0169],[3.769,12.0239],[3.763,12.0262],[3.7597,12.0302],[3.7563,12.0315],[3.7506,12.0354],[3.7415,12.0397],[3.736,12.0439],[3.7276,12.0476],[3.7231,12.0473],[3.7191,12.0487],[3.7166,12.0626],[3.7215,12.0705],[3.7215,12.0741],[3.7235,12.0798],[3.7213,12.0881],[3.7227,12.0905],[3.7219,12.0939],[3.7253,12.0967],[3.7253,12.1105],[3.7269,12.1168],[3.7325,12.1228],[3.7293,12.1308],[3.7274,12.1341],[3.7272,12.1403],[3.7247,12.1462],[3.7253,12.1487],[3.7194,12.1503],[3.7159,12.1498],[3.7108,12.1506],[3.705,12.1493],[3.6985,12.1499],[3.6966,12.1481],[3.6967,12.1425],[3.6921,12.1373],[3.6825,12.1379],[3.6793,12.1372],[3.6761,12.1387],[3.6695,12.1353],[3.6631,12.1363],[3.6612,12.1357],[3.6556,12.1372],[3.6533,12.1348],[3.6484,12.1325],[3.6448,12.1286],[3.641,12.1284],[3.6366,12.1218],[3.6317,12.1196]]]},"properties":{"name":"KYANGAKWAI","state":"21","code":"21/08/06"}},{"type":"Feature","geometry":{"type":"Polygon","coordinates":[[[3.7215,12.0705],[3.7166,12.0626],[3.7191,12.0487],[3.7231,12.0473],[3.7276,12.0476],[3.736,12.0439],[3.7415,12.0397],[3.7506,12.0354],[3.7563,12.0315],[3.7597,12.0302],[3.763,12.0262],[3.769,12.0239],[3.769,12.0169],[3.7713,12.0139],[3.7747,12.0049],[3.7781,12.0011],[3.7797,11.9945],[3.786,11.9858],[3.7895,11.9822],[3.7979,11.9789],[3.8071,11.9724],[3.8103,11.9694],[3.8148,11.9683],[3.8186,11.9659],[3.8216,11.9653],[3.8266,11.9689],[3.8311,11.9703],[3.8331,11.9722],[3.8365,11.9731],[3.8485,11.9806],[3.8549,11.9824],[3.8564,11.9842],[3.8635,11.9879],[3.8654,11.9912],[3.8688,11.9892],[3.8725,11.9801],[3.8762,11.9775],[3.8787,11.9671],[3.8826,11.9644],[3.8839,11.96],[3.8863,11.9569],[3.8868,11.9533],[3.8895,11.9517],[3.8961,11.9504],[3.8946,11.9464],[3.8949,11.9396],[3.897,11.9399],[3.9039,11.9372],[3.9078,11.9378],[3.9161,11.9342],[3.9161,11.9269],[3.9238,11.9194],[3.9253,11.9173],[3.9258,11.911],[3.9311,11.9072],[3.9339,11.9073],[3.9393,11.9038],[3.9423,11.9033],[3.946,11.8994],[3.9481,11.8957],[3.9505,11.8951],[3.9502,11.9015],[3.9534,11.9056],[3.9567,11.9169],[3.9568,11.9196],[3.9592,11.9227],[3.9631,11.9315],[3.9654,11.9347],[3.9666,11.9402],[3.9707,11.9435],[3.9697,11.9476],[3.9707,11.952],[3.969,11.9537],[3.9669,11.961],[3.9668,11.9644],[3.9642,11.9693],[3.9621,11.9704],[3.9615,11.9764],[3.9602,11.9785],[3.9601,11.9867],[3.9625,11.9879],[3.9661,11.987],[3.97,11.9876],[3.9819,11.9868],[3.9839,11.9902],[3.9828,11.9941],[3.9828,11.9987],[3.9852,12.0029],[3.9881,12.0052],[3.9878,12.0091],[3.9843,12.0132],[3.9758,12.0145],[3.9776,12.0181],[3.9773,12.0229],[3.9717,12.0257],[3.969,12.0283],[3.9642,12.0301],[3.9672,12.0361],[3.9662,12.0395],[3.9661,12.0448],[3.9615,12.044],[3.9599,12.0416],[3.9523,12.0416],[3.9472,12.0395],[3.9467,12.0424],[3.9499,12.0451],[3.95,12.0516],[3.9517,12.0544],[3.9509,12.0622],[3.9541,12.0674],[3.9533,12.0709],[3.9474,12.0759],[3.9415,12.0772],[3.938,12.0766],[3.9328,12.0781],[3.9304,12.0763],[3.9278,12.077],[3.922,12.0732],[3.903,12.0731],[3.8991,12.0745],[3.8943,12.0731],[3.8906,12.0749],[3.8863,12.075],[3.8877,12.0854],[3.8855,12.0899],[3.8836,12.0917],[3.8791,12.1023],[3.8738,12.1099],[3.866,12.1088],[3.8583,12.1041],[3.8511,12.1039],[3.8447,12.1004],[3.8441,12.0976],[3.8386,12.0923],[3.8362,12.0877],[3.8363,12.0842],[3.8332,12.0783],[3.8324,12.0742],[3.8294,12.0725],[3.8264,12.0724],[3.8254,12.0773],[3.8217,12.0801],[3.8179,12.0856],[3.8165,12.0905],[3.8148,12.0923],[3.8091,12.0928],[3.8053,12.0966],[3.8025,12.1019],[3.8028,12.104],[3.8009,12.107],[3.7912,12.1031],[3.7837,12.1024],[3.7806,12.1044],[3.7736,12.1011],[3.769,12.0962],[3.7566,12.0907],[3.7535,12.087],[3.7506,12.0865],[3.7436,12.0805],[3.737,12.0794],[3.7323,12.0755],[3.7215,12.0705]]]},"properties":{"name":"GEZA","state":"21","code":"21/08/07"}},{"type":"Feature","geometry":{"type":"Polygon","coordinates":[[[3.6739,11.8512],[3.6797,11.8494],[3.6795,11.8534],[3.6826,11.8553],[3.6862,11.8638],[3.6867,11.8723],[3.6861,11.875],[3.6911,11.8794],[3.6921,11.884],[3.6988,11.8899],[3.705,11.8915],[3.7088,11.8905],[3.7136,11.8937],[3.7148,11.8969],[3.7119,11.9018],[3.7118,11.9047],[3.7097,11.9144],[3.7099,11.9217],[3.7053,11.929],[3.7,11.9334],[3.6956,11.9357],[3.6933,11.9326],[3.6909,11.9357],[3.6875,11.936],[3.682,11.9398],[3.6771,11.9474],[3.674,11.9493],[3.6681,11.958],[3.6622,11.9609],[3.6198,11.9203],[3.6234,11.8695],[3.6273,11.8444],[3.6337,11.8454],[3.6365,11.8466],[3.655,11.85],[3.6739,11.8512]]]},"properties":{"name":"KAMBA / KAMBA","state":"21","code":"21/08/08"}},{"type":"Feature","geometry":{"type":"Polygon","coordinates":[[[3.7683,11.7148],[3.7676,11.7179],[3.7729,11.7184],[3.7813,11.7223],[3.7854,11.7216],[3.7892,11.7237],[3.7963,11.7251],[3.7991,11.7236],[3.8022,11.7294],[3.8067,11.732],[3.805,11.7396],[3.8085,11.7431],[3.8093,11.7491],[3.8128,11.7537],[3.8181,11.7581],[3.8207,11.7632],[3.824,11.7671],[3.8245,11.7703],[3.8284,11.7743],[3.8299,11.7747],[3.8288,11.779],[3.8265,11.7815],[3.82,11.7828],[3.8142,11.7879],[3.8117,11.7921],[3.7993,11.7972],[3.7933,11.7975],[3.7884,11.7999],[3.7844,11.7976],[3.7789,11.7996],[3.7673,11.8011],[3.7607,11.8026],[3.7551,11.8001],[3.7515,11.7929],[3.741,11.7843],[3.7345,11.7809],[3.7309,11.7773],[3.7246,11.7786],[3.7201,11.7757],[3.7176,11.7706],[3.7139,11.7667],[3.7139,11.7583],[3.7117,11.7517],[3.7078,11.7501],[3.7001,11.7456],[3.6981,11.7452],[3.6956,11.7419],[3.6948,11.7367],[3.6962,11.734],[3.7058,11.7371],[3.7058,11.7267],[3.705,11.7237],[3.6988,11.7225],[3.6988,11.7159],[3.707,11.7075],[3.7068,11.7033],[3.7038,11.701],[3.6972,11.6985],[3.6915,11.6947],[3.6929,11.6911],[3.6929,11.6873],[3.6882,11.6827],[3.689,11.6774],[3.6922,11.6781],[3.6985,11.676],[3.7027,11.672],[3.7091,11.6731],[3.7154,11.679],[3.7213,11.6826],[3.7223,11.6854],[3.7198,11.6894],[3.723,11.6899],[3.7289,11.6891],[3.7319,11.6897],[3.7294,11.6838],[3.7325,11.681],[3.7388,11.6809],[3.7413,11.6788],[3.7439,11.6781],[3.7477,11.6794],[3.7525,11.6796],[3.7561,11.6828],[3.7576,11.6911],[3.7549,11.6962],[3.7563,11.6984],[3.7607,11.6988],[3.7667,11.707],[3.7669,11.7109],[3.7683,11.7148]]]},"properties":{"name":"KWAKKWABA","state":"21","code":"21/08/09"}},{"type":"Feature","geometry":{"type":"Polygon","coordinates":[[[4.0023,11.7221],[4.0046,11.7223],[4.0061,11.7267],[4.0096,11.7321],[4.0197,11.7363],[4.0231,11.7361],[4.0243,11.7407],[4.0225,11.7417],[4.0197,11.7466],[4.0207,11.754],[4.0232,11.76],[4.0238,11.7668],[4.025,11.7722],[4.0237,11.7771],[4.0194,11.7804],[4.0172,11.785],[4.0116,11.7916],[4.009,11.7926],[4.0059,11.7976],[4.0031,11.7985],[4.0013,11.8017],[3.9968,11.8055],[3.9937,11.8104],[3.9851,11.804],[3.9792,11.7971],[3.9734,11.7942],[3.971,11.7989],[3.9683,11.7992],[3.9603,11.7975],[3.956,11.7997],[3.9522,11.7979],[3.9447,11.8001],[3.941,11.8001],[3.9385,11.8022],[3.9306,11.803],[3.9248,11.806],[3.9183,11.8048],[3.9133,11.8081],[3.9083,11.8089],[3.9046,11.8106],[3.8961,11.8053],[3.9032,11.7943],[3.9033,11.7867],[3.9063,11.7798],[3.9075,11.7788],[3.9031,11.7697],[3.8977,11.7616],[3.8955,11.7542],[3.8923,11.7505],[3.8927,11.7455],[3.8946,11.7391],[3.9015,11.7336],[3.9025,11.7301],[3.9072,11.7292],[3.9112,11.7265],[3.9154,11.7254],[3.917,11.7238],[3.9229,11.7228],[3.9255,11.7245],[3.9222,11.7309],[3.9272,11.7312],[3.9336,11.7343],[3.9374,11.7428],[3.9396,11.7434],[3.9442,11.7417],[3.9437,11.7391],[3.9479,11.7389],[3.9504,11.7421],[3.9533,11.7414],[3.9586,11.7421],[3.9632,11.744],[3.9688,11.7407],[3.9739,11.7338],[3.9782,11.7321],[3.98,11.7302],[3.9864,11.7276],[3.9857,11.7247],[3.9924,11.7228],[4.0023,11.7221]]]},"properties":{"name":"MAIGWAZA","state":"21","code":"21/08/10"}},{"type":"Feature","geometry":{"type":"Polygon","coordinates":[[[3.8946,11.7391],[3.8927,11.7455],[3.8923,11.7505],[3.8955,11.7542],[3.8977,11.7616],[3.9031,11.7697],[3.9075,11.7788],[3.9063,11.7798],[3.9033,11.7867],[3.9032,11.7943],[3.8961,11.8053],[3.9046,11.8106],[3.9083,11.8089],[3.9133,11.8081],[3.9183,11.8048],[3.9248,11.806],[3.9306,11.803],[3.9385,11.8022],[3.941,11.8001],[3.9447,11.8001],[3.9522,11.7979],[3.956,11.7997],[3.9603,11.7975],[3.9683,11.7992],[3.971,11.7989],[3.9718,11.8044],[3.972,11.8115],[3.9731,11.8168],[3.9701,11.8206],[3.9715,11.843],[3.9677,11.8462],[3.9693,11.8486],[3.9681,11.8587],[3.9658,11.8633],[3.9617,11.8667],[3.9619,11.8695],[3.9581,11.8739],[3.9562,11.8778],[3.9509,11.8777],[3.9474,11.8763],[3.9432,11.8709],[3.9353,11.8688],[3.9303,11.8666],[3.9243,11.8618],[3.9147,11.8618],[3.9126,11.8632],[3.907,11.8641],[3.8954,11.8619],[3.8854,11.8613],[3.8845,11.8628],[3.8837,11.8734],[3.8845,11.8765],[3.8763,11.8806],[3.8705,11.8824],[3.868,11.8822],[3.8613,11.8857],[3.8546,11.8883],[3.8505,11.891],[3.8475,11.894],[3.8447,11.8934],[3.8388,11.8988],[3.8352,11.9002],[3.8333,11.8981],[3.8322,11.8902],[3.8283,11.8842],[3.8273,11.8805],[3.8279,11.8772],[3.8254,11.8745],[3.8231,11.8699],[3.8225,11.8659],[3.8265,11.8635],[3.8293,11.86],[3.8304,11.8564],[3.8299,11.8536],[3.8354,11.8478],[3.8381,11.8392],[3.8387,11.8346],[3.8371,11.8319],[3.8324,11.8319],[3.8291,11.831],[3.8181,11.8304],[3.8126,11.8308],[3.8102,11.8301],[3.8054,11.8228],[3.8027,11.8218],[3.7943,11.8129],[3.795,11.8071],[3.7884,11.7999],[3.7933,11.7975],[3.7993,11.7972],[3.8117,11.7921],[3.8142,11.7879],[3.82,11.7828],[3.8265,11.7815],[3.8288,11.779],[3.8299,11.7747],[3.833,11.7726],[3.8379,11.7669],[3.8379,11.7615],[3.8402,11.7567],[3.8404,11.7532],[3.8464,11.7517],[3.8482,11.7468],[3.8524,11.7449],[3.8606,11.7353],[3.8664,11.7291],[3.8725,11.7285],[3.876,11.7301],[3.8832,11.7362],[3.8885,11.7354],[3.8946,11.7391]]]},"properties":{"name":"SHIKO","state":"21","code":"21/08/11"}},{"type":"Feature","geometry":{"type":"Polygon","coordinates":[[[5.1374,11.4557],[5.1304,11.4553],[5.1263,11.4542],[5.122,11.452],[5.1197,11.4494],[5.116,11.4492],[5.1079,11.4467],[5.101,11.4456],[5.0975,11.4458],[5.0954,11.4479],[5.0913,11.4489],[5.0876,11.4514],[5.085,11.4505],[5.0821,11.453],[5.0795,11.452],[5.076,11.4525],[5.0715,11.4504],[5.0645,11.4461],[5.0584,11.4412],[5.0544,11.4428],[5.0501,11.4413],[5.046,11.4431],[5.0424,11.4466],[5.0428,11.4503],[5.0397,11.4533],[5.0332,11.4486],[5.0299,11.4429],[5.0227,11.4362],[5.0197,11.4362],[5.0172,11.4386],[5.0133,11.4448],[5.0161,11.4488],[5.0162,11.4546],[5.0193,11.4597],[5.0221,11.4622],[5.022,11.4643],[5.0158,11.4644],[5.0149,11.4669],[5.0123,11.4682],[5.0132,11.4726],[5.0161,11.4752],[5.0179,11.4747],[5.0213,11.479],[5.0193,11.4903],[5.0179,11.4916],[5.0098,11.4898],[5.0076,11.4859],[5.0018,11.4836],[4.9966,11.4887],[4.9946,11.4895],[4.9895,11.4875],[4.9776,11.4861],[4.9715,11.4832],[4.9707,11.48],[4.962,11.4775],[4.9567,11.4857],[4.9528,11.4828],[4.9503,11.4824],[4.9465,11.4906],[4.9442,11.4903],[4.9427,11.4934],[4.9404,11.4941],[4.9384,11.4972],[4.9349,11.4939],[4.9321,11.4891],[4.9276,11.4866],[4.9265,11.4843],[4.927,11.48],[4.9242,11.4782],[4.9184,11.4771],[4.9151,11.4707],[4.9115,11.4662],[4.9095,11.4675],[4.9066,11.4664],[4.9042,11.4672],[4.9013,11.4642],[4.8981,11.4654],[4.8924,11.4599],[4.8852,11.4556],[4.8841,11.4505],[4.8768,11.4474],[4.8735,11.4474],[4.8664,11.4504],[4.8586,11.4553],[4.8555,11.4543],[4.8521,11.4479],[4.8516,11.4413],[4.8486,11.4387],[4.8454,11.4441],[4.8423,11.4454],[4.8393,11.4439],[4.8392,11.4409],[4.8355,11.4374],[4.8374,11.4335],[4.8374,11.4285],[4.8403,11.4274],[4.8442,11.4278],[4.8475,11.4262],[4.8521,11.4224],[4.8617,11.4215],[4.8634,11.4148],[4.8623,11.4103],[4.8635,11.403],[4.8691,11.3969],[4.8745,11.394],[4.872,11.3886],[4.8701,11.3871],[4.8715,11.3831],[4.8721,11.3778],[4.8786,11.3671],[4.8773,11.3709],[4.8817,11.3732],[4.8881,11.3782],[4.9001,11.39],[4.8997,11.3922],[4.9015,11.3958],[4.9015,11.4012],[4.907,11.4056],[4.9157,11.4057],[4.921,11.4115],[4.927,11.4072],[4.9328,11.4058],[4.9406,11.4081],[4.9424,11.4106],[4.9564,11.4098],[4.9591,11.4075],[4.9657,11.4038],[4.9664,11.3991],[4.9703,11.3962],[4.9719,11.3911],[4.9779,11.3881],[4.9843,11.3911],[4.9891,11.3881],[4.9919,11.3882],[4.9934,11.384],[4.9987,11.3783],[5.0032,11.3808],[5.0039,11.378],[5.0069,11.3725],[5.0115,11.3727],[5.0209,11.3764],[5.0263,11.3766],[5.0312,11.3793],[5.0323,11.382],[5.0308,11.3866],[5.0334,11.3915],[5.0356,11.3935],[5.0467,11.3895],[5.0513,11.3872],[5.0524,11.3851],[5.0575,11.3852],[5.0609,11.3869],[5.0651,11.3966],[5.0651,11.4006],[5.0732,11.4054],[5.0766,11.4018],[5.0853,11.4023],[5.0919,11.4003],[5.0976,11.3996],[5.0953,11.4048],[5.0984,11.4072],[5.102,11.4067],[5.1059,11.411],[5.1111,11.4116],[5.1131,11.4098],[5.1221,11.4069],[5.1296,11.4152],[5.1339,11.4185],[5.1327,11.4241],[5.1363,11.4295],[5.1411,11.4394],[5.1465,11.442],[5.1428,11.4462],[5.1419,11.4517],[5.1399,11.4551],[5.1374,11.4557]]]},"properties":{"name":"BAJIDA","state":"21","code":"21/09/01"}},{"type":"Feature","geometry":{"type":"Polygon","coordinates":[[[4.7651,11.7184],[4.7571,11.723],[4.7553,11.7211],[4.7504,11.7195],[4.7451,11.7214],[4.7435,11.7195],[4.7426,11.7152],[4.7385,11.7101],[4.7382,11.7074],[4.7334,11.7043],[4.7312,11.6998],[4.7211,11.6948],[4.7125,11.6912],[4.708,11.6921],[4.701,11.6906],[4.6969,11.692],[4.6947,11.6883],[4.6919,11.6859],[4.686,11.6862],[4.6821,11.6839],[4.6765,11.6819],[4.6727,11.6835],[4.671,11.6907],[4.6644,11.6944],[4.6607,11.6929],[4.6608,11.6883],[4.6598,11.6867],[4.6592,11.6786],[4.6693,11.6748],[4.6668,11.6676],[4.6411,11.671],[4.635,11.6723],[4.6321,11.6709],[4.6289,11.6681],[4.6231,11.6567],[4.6193,11.6556],[4.6153,11.6577],[4.5937,11.6554],[4.586,11.6549],[4.5699,11.6329],[4.5462,11.6344],[4.5483,11.6231],[4.551,11.6167],[4.5487,11.6108],[4.5475,11.5974],[4.5495,11.5961],[4.5542,11.5903],[4.5562,11.5866],[4.5592,11.5837],[4.5644,11.5858],[4.5691,11.5935],[4.5792,11.5985],[4.5822,11.5977],[4.5872,11.604],[4.5905,11.6057],[4.5969,11.6118],[4.601,11.6124],[4.6057,11.6102],[4.6126,11.613],[4.6181,11.6145],[4.6225,11.6207],[4.627,11.6256],[4.6296,11.6269],[4.6317,11.6247],[4.6415,11.617],[4.6524,11.6103],[4.6577,11.6015],[4.6601,11.6008],[4.6621,11.598],[4.672,11.595],[4.6748,11.5935],[4.6818,11.5921],[4.6852,11.594],[4.6879,11.6022],[4.6906,11.6042],[4.6926,11.6106],[4.6977,11.615],[4.7011,11.6227],[4.7063,11.6251],[4.7094,11.6243],[4.7117,11.6217],[4.7216,11.6143],[4.7229,11.611],[4.7261,11.6088],[4.7257,11.6061],[4.731,11.6053],[4.7356,11.6021],[4.7393,11.6068],[4.7373,11.6086],[4.7422,11.613],[4.7426,11.6206],[4.7412,11.624],[4.7406,11.6307],[4.7458,11.6334],[4.747,11.6381],[4.7459,11.6436],[4.7437,11.6501],[4.7461,11.6546],[4.7542,11.6615],[4.7574,11.6649],[4.7608,11.6661],[4.7649,11.67],[4.7683,11.6706],[4.7671,11.6745],[4.7742,11.6855],[4.7771,11.6882],[4.7783,11.691],[4.7863,11.6988],[4.7857,11.7041],[4.7855,11.7181],[4.7651,11.7184]]]},"properties":{"name":"BANGU/GARINISA","state":"21","code":"21/09/02"}},{"type":"Feature","geometry":{"type":"Polygon","coordinates":[[[5.0843,11.5612],[5.0782,11.5639],[5.0754,11.5669],[5.0705,11.5679],[5.0662,11.5712],[5.0655,11.5762],[5.0639,11.5788],[5.0622,11.5914],[5.0574,11.5902],[5.0544,11.5917],[5.0482,11.5908],[5.0465,11.5926],[5.0468,11.5972],[5.0402,11.6047],[5.0377,11.6032],[5.0315,11.6017],[5.0265,11.6031],[5.0247,11.6051],[5.0135,11.6095],[5.0015,11.6159],[5.0001,11.6199],[4.9965,11.6206],[4.9923,11.62],[4.9871,11.6232],[4.9821,11.6247],[4.979,11.6277],[4.9757,11.628],[4.9701,11.6256],[4.9681,11.63],[4.9704,11.6382],[4.9741,11.6456],[4.9741,11.6521],[4.977,11.6559],[4.9764,11.66],[4.9725,11.6626],[4.9635,11.6647],[4.9603,11.6669],[4.95,11.6644],[4.9415,11.6616],[4.931,11.662],[4.9272,11.6605],[4.9235,11.6571],[4.9193,11.6557],[4.9194,11.6515],[4.9301,11.6498],[4.9366,11.6443],[4.9416,11.6378],[4.9461,11.6366],[4.9469,11.6283],[4.9456,11.6235],[4.9458,11.6181],[4.9477,11.6104],[4.948,11.6054],[4.9498,11.6036],[4.9556,11.6022],[4.9609,11.6033],[4.9666,11.6061],[4.9674,11.5954],[4.9659,11.5917],[4.9611,11.5888],[4.9614,11.5854],[4.9645,11.5797],[4.9694,11.5835],[4.9785,11.5874],[4.9804,11.5898],[4.9835,11.5901],[4.989,11.5845],[4.9893,11.5791],[4.9912,11.5704],[4.9939,11.5704],[4.9985,11.5735],[5.0051,11.5632],[5.007,11.5589],[5.011,11.556],[5.0124,11.5534],[5.0115,11.5511],[5.0045,11.544],[4.9989,11.5429],[4.9923,11.536],[4.9946,11.5321],[5.0008,11.5263],[5.0019,11.5223],[5.0031,11.51],[5.0109,11.5105],[5.0139,11.5123],[5.0171,11.5124],[5.02,11.5161],[5.0235,11.519],[5.0303,11.5221],[5.0402,11.521],[5.0439,11.5166],[5.0504,11.518],[5.0517,11.5225],[5.0618,11.5266],[5.0639,11.5249],[5.0662,11.5268],[5.069,11.5259],[5.0702,11.529],[5.0723,11.5301],[5.0759,11.529],[5.0793,11.5298],[5.0835,11.528],[5.0893,11.5221],[5.0926,11.521],[5.0966,11.5213],[5.096,11.5188],[5.0985,11.516],[5.1015,11.5151],[5.1045,11.5126],[5.1067,11.5155],[5.1111,11.519],[5.1187,11.5185],[5.119,11.5224],[5.1147,11.5251],[5.1162,11.5281],[5.1158,11.5346],[5.1166,11.5361],[5.1155,11.5402],[5.1103,11.5464],[5.1072,11.5463],[5.1067,11.5493],[5.1011,11.5484],[5.096,11.5432],[5.0902,11.5421],[5.0882,11.5496],[5.0867,11.5523],[5.0857,11.5583],[5.0843,11.5612]]]},"properties":{"name":"BIRNIN TUDU","state":"21","code":"21/09/03"}},{"type":"Feature","geometry":{"type":"Polygon","coordinates":[[[4.9194,11.6515],[4.9168,11.6452],[4.9165,11.6417],[4.9177,11.6383],[4.9162,11.6356],[4.9149,11.628],[4.9097,11.6249],[4.9075,11.6248],[4.9009,11.6186],[4.8981,11.6153],[4.901,11.6126],[4.904,11.6078],[4.9063,11.6003],[4.9031,11.5931],[4.9007,11.5893],[4.8973,11.5882],[4.896,11.5859],[4.8903,11.5795],[4.8893,11.5773],[4.8868,11.5702],[4.8909,11.567],[4.8964,11.5568],[4.9026,11.5517],[4.9125,11.5515],[4.9148,11.5522],[4.9213,11.5522],[4.9229,11.5474],[4.9236,11.541],[4.926,11.5344],[4.9297,11.5321],[4.9325,11.5264],[4.9365,11.5239],[4.9414,11.5268],[4.9442,11.5306],[4.9442,11.5354],[4.9452,11.539],[4.949,11.5424],[4.9438,11.5461],[4.9488,11.5505],[4.9504,11.5537],[4.9548,11.5549],[4.9577,11.5567],[4.9647,11.5537],[4.969,11.5482],[4.9735,11.5462],[4.9763,11.5419],[4.9773,11.5386],[4.9832,11.5377],[4.986,11.5352],[4.9923,11.536],[4.9989,11.5429],[5.0045,11.544],[5.0115,11.5511],[5.0124,11.5534],[5.011,11.556],[5.007,11.5589],[5.0051,11.5632],[4.9985,11.5735],[4.9939,11.5704],[4.9912,11.5704],[4.9893,11.5791],[4.989,11.5845],[4.9835,11.5901],[4.9804,11.5898],[4.9785,11.5874],[4.9694,11.5835],[4.9645,11.5797],[4.9614,11.5854],[4.9611,11.5888],[4.9659,11.5917],[4.9674,11.5954],[4.9666,11.6061],[4.9609,11.6033],[4.9556,11.6022],[4.9498,11.6036],[4.948,11.6054],[4.9477,11.6104],[4.9458,11.6181],[4.9456,11.6235],[4.9469,11.6283],[4.9461,11.6366],[4.9416,11.6378],[4.9366,11.6443],[4.9301,11.6498],[4.9194,11.6515]]]},"properties":{"name":"MAHUTA","state":"21","code":"21/09/04"}},{"type":"Feature","geometry":{"type":"Polygon","coordinates":[[[4.9184,11.4771],[4.9126,11.4816],[4.9101,11.4855],[4.8973,11.4894],[4.891,11.4903],[4.8877,11.4934],[4.889,11.4983],[4.891,11.5],[4.8946,11.5056],[4.8952,11.5084],[4.8983,11.5135],[4.8976,11.5161],[4.8985,11.5206],[4.8915,11.5214],[4.8883,11.5256],[4.8903,11.533],[4.89,11.5403],[4.8947,11.5383],[4.8978,11.5456],[4.9026,11.5517],[4.8964,11.5568],[4.8909,11.567],[4.8868,11.5702],[4.8893,11.5773],[4.8692,11.5794],[4.863,11.5769],[4.8567,11.5712],[4.8556,11.567],[4.8584,11.5662],[4.8628,11.567],[4.8648,11.5617],[4.8576,11.5631],[4.8547,11.5652],[4.8479,11.5676],[4.8403,11.572],[4.8362,11.5734],[4.8305,11.5716],[4.8255,11.5676],[4.8218,11.5661],[4.824,11.5617],[4.8257,11.5561],[4.8277,11.553],[4.8268,11.55],[4.8279,11.5422],[4.8289,11.5397],[4.8352,11.5371],[4.8359,11.5333],[4.8294,11.5214],[4.8271,11.5182],[4.8373,11.5119],[4.8393,11.509],[4.8405,11.5042],[4.8435,11.5023],[4.8452,11.4992],[4.8478,11.4984],[4.8527,11.4944],[4.8498,11.4849],[4.8481,11.4826],[4.8459,11.4762],[4.8403,11.4682],[4.8364,11.4713],[4.8332,11.4723],[4.826,11.4761],[4.8216,11.4774],[4.8205,11.4746],[4.8168,11.4762],[4.8091,11.4773],[4.8045,11.4764],[4.7997,11.4741],[4.7969,11.4749],[4.7957,11.4725],[4.7985,11.4673],[4.799,11.4626],[4.8009,11.458],[4.8043,11.4559],[4.8064,11.4504],[4.8093,11.449],[4.8075,11.4444],[4.8015,11.4411],[4.7988,11.4428],[4.7938,11.4413],[4.791,11.4388],[4.7902,11.4362],[4.7855,11.4364],[4.7827,11.4382],[4.7727,11.4367],[4.7679,11.4383],[4.7648,11.4381],[4.7634,11.4361],[4.7612,11.4296],[4.7603,11.4198],[4.7595,11.4172],[4.7637,11.4113],[4.7669,11.4083],[4.7759,11.397],[4.7786,11.3969],[4.7787,11.3893],[4.7816,11.3863],[4.7793,11.3822],[4.777,11.3808],[4.7751,11.377],[4.7752,11.3743],[4.7733,11.3723],[4.7731,11.3694],[4.7759,11.3647],[4.7729,11.3628],[4.7734,11.3565],[4.7716,11.3526],[4.7746,11.3493],[4.7704,11.3457],[4.7724,11.3413],[4.769,11.3367],[4.7722,11.3292],[4.7695,11.3285],[4.771,11.3249],[4.7708,11.3212],[4.7721,11.3188],[4.7806,11.3218],[4.7887,11.3252],[4.797,11.3309],[4.8115,11.3403],[4.8156,11.3361],[4.8184,11.3393],[4.8232,11.3362],[4.83,11.3361],[4.837,11.3449],[4.8404,11.3509],[4.8476,11.3487],[4.8543,11.3514],[4.8543,11.3549],[4.8632,11.3578],[4.8674,11.3581],[4.87,11.3537],[4.8742,11.3529],[4.879,11.3548],[4.881,11.3582],[4.8832,11.3593],[4.8817,11.3643],[4.8786,11.3671],[4.8721,11.3778],[4.8715,11.3831],[4.8701,11.3871],[4.872,11.3886],[4.8745,11.394],[4.8691,11.3969],[4.8635,11.403],[4.8623,11.4103],[4.8634,11.4148],[4.8617,11.4215],[4.8521,11.4224],[4.8475,11.4262],[4.8442,11.4278],[4.8403,11.4274],[4.8374,11.4285],[4.8374,11.4335],[4.8355,11.4374],[4.8392,11.4409],[4.8393,11.4439],[4.8423,11.4454],[4.8454,11.4441],[4.8486,11.4387],[4.8516,11.4413],[4.8521,11.4479],[4.8555,11.4543],[4.8586,11.4553],[4.8664,11.4504],[4.8735,11.4474],[4.8768,11.4474],[4.8841,11.4505],[4.8852,11.4556],[4.8924,11.4599],[4.8981,11.4654],[4.9013,11.4642],[4.9042,11.4672],[4.9066,11.4664],[4.9095,11.4675],[4.9115,11.4662],[4.9151,11.4707],[4.9184,11.4771]]]},"properties":{"name":"GULBIN KUKA/MAIJARHULA","state":"21","code":"21/09/05"}},{"type":"Feature","geometry":{"type":"Polygon","coordinates":[[[4.7356,11.6021],[4.7347,11.5982],[4.7401,11.5972],[4.7482,11.5974],[4.7502,11.6005],[4.7575,11.6028],[4.7594,11.6053],[4.7641,11.6075],[4.7749,11.608],[4.778,11.6094],[4.784,11.609],[4.7893,11.6068],[4.7935,11.5993],[4.7953,11.5932],[4.7944,11.5881],[4.7976,11.5853],[4.7985,11.5827],[4.8026,11.5803],[4.8087,11.5733],[4.8096,11.57],[4.8116,11.5684],[4.8118,11.5648],[4.8218,11.5661],[4.8255,11.5676],[4.8305,11.5716],[4.8362,11.5734],[4.8403,11.572],[4.8479,11.5676],[4.8547,11.5652],[4.8576,11.5631],[4.8648,11.5617],[4.8628,11.567],[4.8584,11.5662],[4.8556,11.567],[4.8567,11.5712],[4.863,11.5769],[4.8692,11.5794],[4.8893,11.5773],[4.8903,11.5795],[4.896,11.5859],[4.8973,11.5882],[4.9007,11.5893],[4.9031,11.5931],[4.9063,11.6003],[4.904,11.6078],[4.901,11.6126],[4.8981,11.6153],[4.9009,11.6186],[4.9075,11.6248],[4.9097,11.6249],[4.9149,11.628],[4.9162,11.6356],[4.9177,11.6383],[4.9165,11.6417],[4.9168,11.6452],[4.9194,11.6515],[4.9193,11.6557],[4.9205,11.6581],[4.9189,11.6605],[4.9184,11.6646],[4.9189,11.6694],[4.921,11.6726],[4.922,11.6772],[4.9215,11.6797],[4.9233,11.6826],[4.9237,11.695],[4.9244,11.6965],[4.9226,11.7027],[4.9241,11.7074],[4.9261,11.7086],[4.9288,11.714],[4.928,11.7208],[4.9245,11.7231],[4.9151,11.7218],[4.914,11.7166],[4.9039,11.712],[4.8991,11.7087],[4.8939,11.7092],[4.8937,11.7113],[4.8897,11.7139],[4.8895,11.7193],[4.8924,11.7319],[4.8912,11.7375],[4.8927,11.7468],[4.8895,11.7502],[4.8839,11.7511],[4.8786,11.7502],[4.8748,11.7401],[4.8726,11.7382],[4.8731,11.7345],[4.8698,11.7338],[4.8615,11.7358],[4.8498,11.7351],[4.8485,11.7444],[4.844,11.7521],[4.8368,11.7533],[4.8327,11.752],[4.8316,11.7567],[4.8283,11.7592],[4.8236,11.76],[4.8208,11.7629],[4.8198,11.7669],[4.8152,11.7661],[4.8093,11.7596],[4.8026,11.7577],[4.7994,11.7494],[4.7948,11.7473],[4.7937,11.743],[4.7912,11.7409],[4.7849,11.7384],[4.7805,11.7396],[4.7772,11.7373],[4.7727,11.7374],[4.7683,11.739],[4.7615,11.7344],[4.7627,11.7301],[4.7657,11.7253],[4.7673,11.7204],[4.7651,11.7184],[4.7855,11.7181],[4.7857,11.7041],[4.7863,11.6988],[4.7783,11.691],[4.7771,11.6882],[4.7742,11.6855],[4.7671,11.6745],[4.7683,11.6706],[4.7649,11.67],[4.7608,11.6661],[4.7574,11.6649],[4.7542,11.6615],[4.7461,11.6546],[4.7437,11.6501],[4.7459,11.6436],[4.747,11.6381],[4.7458,11.6334],[4.7406,11.6307],[4.7412,11.624],[4.7426,11.6206],[4.7422,11.613],[4.7373,11.6086],[4.7393,11.6068],[4.7356,11.6021]]]},"properties":{"name":"INGA(BULU) MAIKENDE","state":"21","code":"21/09/06"}},{"type":"Feature","geometry":{"type":"Polygon","coordinates":[[[4.5592,11.5837],[4.5699,11.5737],[4.5541,11.5646],[4.542,11.5603],[4.5228,11.5303],[4.5155,11.5312],[4.4947,11.5326],[4.4829,11.532],[4.4838,11.5289],[4.492,11.5111],[4.4948,11.5024],[4.4963,11.5013],[4.5049,11.5002],[4.5064,11.4988],[4.509,11.4987],[4.5204,11.494],[4.525,11.4934],[4.533,11.4948],[4.5366,11.4948],[4.5362,11.5029],[4.5377,11.5097],[4.5402,11.5164],[4.5381,11.5218],[4.5405,11.524],[4.5437,11.5238],[4.5502,11.5252],[4.5521,11.527],[4.5553,11.5263],[4.5588,11.5236],[4.567,11.5205],[4.5704,11.5184],[4.5723,11.5218],[4.5796,11.5267],[4.5862,11.5288],[4.5908,11.536],[4.5944,11.5374],[4.6029,11.5371],[4.6101,11.5337],[4.6141,11.5328],[4.6183,11.5329],[4.6232,11.5307],[4.6262,11.5327],[4.6326,11.5303],[4.64,11.5326],[4.6429,11.5316],[4.646,11.5349],[4.6491,11.5332],[4.6536,11.5326],[4.6568,11.5311],[4.6626,11.5301],[4.6659,11.5265],[4.6719,11.5244],[4.6741,11.5226],[4.6797,11.5233],[4.684,11.5261],[4.6852,11.5287],[4.6864,11.5374],[4.6882,11.543],[4.6911,11.5458],[4.6936,11.5521],[4.6879,11.5553],[4.6893,11.5591],[4.6938,11.5653],[4.6894,11.5731],[4.6875,11.5796],[4.6843,11.5833],[4.6841,11.5879],[4.6818,11.5921],[4.6748,11.5935],[4.672,11.595],[4.6621,11.598],[4.6601,11.6008],[4.6577,11.6015],[4.6524,11.6103],[4.6415,11.617],[4.6317,11.6247],[4.6296,11.6269],[4.627,11.6256],[4.6225,11.6207],[4.6181,11.6145],[4.6126,11.613],[4.6057,11.6102],[4.601,11.6124],[4.5969,11.6118],[4.5905,11.6057],[4.5872,11.604],[4.5822,11.5977],[4.5792,11.5985],[4.5691,11.5935],[4.5644,11.5858],[4.5592,11.5837]]]},"properties":{"name":"KANGI","state":"21","code":"21/09/07"}},{"type":"Feature","geometry":{"type":"Polygon","coordinates":[[[5.1374,11.4557],[5.1369,11.4598],[5.1409,11.4622],[5.1436,11.4615],[5.1499,11.4639],[5.1536,11.4621],[5.1625,11.4645],[5.1644,11.4681],[5.1688,11.4736],[5.1656,11.4775],[5.1558,11.4802],[5.1533,11.4821],[5.1504,11.4846],[5.1442,11.4864],[5.1403,11.4891],[5.1407,11.4947],[5.1381,11.4936],[5.1366,11.497],[5.133,11.5014],[5.1339,11.5058],[5.1317,11.5063],[5.1219,11.5059],[5.1196,11.508],[5.1204,11.5125],[5.1187,11.5185],[5.1111,11.519],[5.1067,11.5155],[5.1045,11.5126],[5.1015,11.5151],[5.0985,11.516],[5.096,11.5188],[5.0966,11.5213],[5.0926,11.521],[5.0893,11.5221],[5.0835,11.528],[5.0793,11.5298],[5.0759,11.529],[5.0723,11.5301],[5.0702,11.529],[5.069,11.5259],[5.0662,11.5268],[5.0639,11.5249],[5.0618,11.5266],[5.0517,11.5225],[5.0504,11.518],[5.0439,11.5166],[5.0402,11.521],[5.0303,11.5221],[5.0235,11.519],[5.02,11.5161],[5.0171,11.5124],[5.0139,11.5123],[5.0109,11.5105],[5.0031,11.51],[5.0019,11.5223],[5.0008,11.5263],[4.9946,11.5321],[4.9923,11.536],[4.986,11.5352],[4.9832,11.5377],[4.9773,11.5386],[4.9763,11.5419],[4.9735,11.5462],[4.969,11.5482],[4.9647,11.5537],[4.9577,11.5567],[4.9548,11.5549],[4.9504,11.5537],[4.9488,11.5505],[4.9438,11.5461],[4.949,11.5424],[4.9452,11.539],[4.9442,11.5354],[4.9442,11.5306],[4.9414,11.5268],[4.9365,11.5239],[4.9325,11.5264],[4.9297,11.5321],[4.926,11.5344],[4.9236,11.541],[4.9229,11.5474],[4.9213,11.5522],[4.9148,11.5522],[4.9125,11.5515],[4.9026,11.5517],[4.8978,11.5456],[4.8947,11.5383],[4.89,11.5403],[4.8903,11.533],[4.8883,11.5256],[4.8915,11.5214],[4.8985,11.5206],[4.8976,11.5161],[4.8983,11.5135],[4.8952,11.5084],[4.8946,11.5056],[4.891,11.5],[4.889,11.4983],[4.8877,11.4934],[4.891,11.4903],[4.8973,11.4894],[4.9101,11.4855],[4.9126,11.4816],[4.9184,11.4771],[4.9242,11.4782],[4.927,11.48],[4.9265,11.4843],[4.9276,11.4866],[4.9321,11.4891],[4.9349,11.4939],[4.9384,11.4972],[4.9404,11.4941],[4.9427,11.4934],[4.9442,11.4903],[4.9465,11.4906],[4.9503,11.4824],[4.9528,11.4828],[4.9567,11.4857],[4.962,11.4775],[4.9707,11.48],[4.9715,11.4832],[4.9776,11.4861],[4.9895,11.4875],[4.9946,11.4895],[4.9966,11.4887],[5.0018,11.4836],[5.0076,11.4859],[5.0098,11.4898],[5.0179,11.4916],[5.0193,11.4903],[5.0213,11.479],[5.0179,11.4747],[5.0161,11.4752],[5.0132,11.4726],[5.0123,11.4682],[5.0149,11.4669],[5.0158,11.4644],[5.022,11.4643],[5.0221,11.4622],[5.0193,11.4597],[5.0162,11.4546],[5.0161,11.4488],[5.0133,11.4448],[5.0172,11.4386],[5.0197,11.4362],[5.0227,11.4362],[5.0299,11.4429],[5.0332,11.4486],[5.0397,11.4533],[5.0428,11.4503],[5.0424,11.4466],[5.046,11.4431],[5.0501,11.4413],[5.0544,11.4428],[5.0584,11.4412],[5.0645,11.4461],[5.0715,11.4504],[5.076,11.4525],[5.0795,11.452],[5.0821,11.453],[5.085,11.4505],[5.0876,11.4514],[5.0913,11.4489],[5.0954,11.4479],[5.0975,11.4458],[5.101,11.4456],[5.1079,11.4467],[5.116,11.4492],[5.1197,11.4494],[5.122,11.452],[5.1263,11.4542],[5.1304,11.4553],[5.1374,11.4557]]]},"properties":{"name":"FAKAI/ZUSSUN","state":"21","code":"21/09/08"}},{"type":"Feature","geometry":{"type":"Polygon","coordinates":[[[4.6818,11.5921],[4.6841,11.5879],[4.6843,11.5833],[4.6875,11.5796],[4.6894,11.5731],[4.6938,11.5653],[4.6893,11.5591],[4.6879,11.5553],[4.6936,11.5521],[4.6911,11.5458],[4.6882,11.543],[4.6864,11.5374],[4.6852,11.5287],[4.684,11.5261],[4.6797,11.5233],[4.6741,11.5226],[4.6719,11.5244],[4.6659,11.5265],[4.6626,11.5301],[4.6568,11.5311],[4.6536,11.5326],[4.6491,11.5332],[4.646,11.5349],[4.6429,11.5316],[4.64,11.5326],[4.6326,11.5303],[4.6262,11.5327],[4.6232,11.5307],[4.6183,11.5329],[4.6141,11.5328],[4.6146,11.5288],[4.6176,11.5249],[4.6233,11.5144],[4.6255,11.5117],[4.6271,11.5074],[4.6272,11.5014],[4.6289,11.4972],[4.6313,11.4947],[4.6338,11.4895],[4.6334,11.4854],[4.6343,11.4826],[4.6431,11.4815],[4.6469,11.4825],[4.6506,11.4808],[4.6525,11.4771],[4.6564,11.4746],[4.6604,11.4702],[4.6624,11.4652],[4.6647,11.4618],[4.6707,11.4612],[4.6769,11.4656],[4.6832,11.4663],[4.6857,11.465],[4.6897,11.4659],[4.6928,11.4711],[4.6951,11.473],[4.6993,11.4679],[4.7046,11.4632],[4.7061,11.4568],[4.7056,11.4545],[4.7091,11.4482],[4.7116,11.4417],[4.7156,11.4368],[4.718,11.4324],[4.7229,11.4308],[4.7244,11.4322],[4.724,11.4372],[4.7226,11.4407],[4.7269,11.442],[4.7352,11.4465],[4.7424,11.4481],[4.7472,11.4485],[4.7495,11.4461],[4.7539,11.446],[4.7603,11.4427],[4.7616,11.4379],[4.7634,11.4361],[4.7648,11.4381],[4.7679,11.4383],[4.7727,11.4367],[4.7827,11.4382],[4.7855,11.4364],[4.7902,11.4362],[4.791,11.4388],[4.7938,11.4413],[4.7988,11.4428],[4.8015,11.4411],[4.8075,11.4444],[4.8093,11.449],[4.8064,11.4504],[4.8043,11.4559],[4.8009,11.458],[4.799,11.4626],[4.7985,11.4673],[4.7957,11.4725],[4.7969,11.4749],[4.7997,11.4741],[4.8045,11.4764],[4.8091,11.4773],[4.8168,11.4762],[4.8205,11.4746],[4.8216,11.4774],[4.826,11.4761],[4.8332,11.4723],[4.8364,11.4713],[4.8403,11.4682],[4.8459,11.4762],[4.8481,11.4826],[4.8498,11.4849],[4.8527,11.4944],[4.8478,11.4984],[4.8452,11.4992],[4.8435,11.5023],[4.8405,11.5042],[4.8393,11.509],[4.8373,11.5119],[4.8271,11.5182],[4.8294,11.5214],[4.8359,11.5333],[4.8352,11.5371],[4.8289,11.5397],[4.8279,11.5422],[4.8268,11.55],[4.8277,11.553],[4.8257,11.5561],[4.824,11.5617],[4.8218,11.5661],[4.8118,11.5648],[4.8116,11.5684],[4.8096,11.57],[4.8087,11.5733],[4.8026,11.5803],[4.7985,11.5827],[4.7976,11.5853],[4.7944,11.5881],[4.7953,11.5932],[4.7935,11.5993],[4.7893,11.6068],[4.784,11.609],[4.778,11.6094],[4.7749,11.608],[4.7641,11.6075],[4.7594,11.6053],[4.7575,11.6028],[4.7502,11.6005],[4.7482,11.5974],[4.7401,11.5972],[4.7347,11.5982],[4.7356,11.6021],[4.731,11.6053],[4.7257,11.6061],[4.7261,11.6088],[4.7229,11.611],[4.7216,11.6143],[4.7117,11.6217],[4.7094,11.6243],[4.7063,11.6251],[4.7011,11.6227],[4.6977,11.615],[4.6926,11.6106],[4.6906,11.6042],[4.6879,11.6022],[4.6852,11.594],[4.6818,11.5921]]]},"properties":{"name":"MARAFA","state":"21","code":"21/09/09"}},{"type":"Feature","geometry":{"type":"Polygon","coordinates":[[[4.9001,11.39],[4.9133,11.3855],[4.9285,11.3762],[4.9358,11.3663],[4.9385,11.3641],[4.9443,11.3674],[4.9524,11.3693],[4.9589,11.3693],[4.9661,11.3621],[4.9709,11.3532],[4.9725,11.3476],[4.9725,11.3396],[4.981,11.3204],[4.9883,11.313],[4.9929,11.3114],[4.9923,11.3133],[4.9965,11.3238],[4.9999,11.3262],[5.0037,11.3276],[5.0096,11.3268],[5.0108,11.325],[5.0145,11.3266],[5.02,11.3265],[5.0228,11.3247],[5.024,11.3271],[5.0313,11.3303],[5.0421,11.3269],[5.0444,11.3167],[5.0424,11.3122],[5.048,11.3119],[5.0515,11.3085],[5.0558,11.3064],[5.0546,11.3024],[5.059,11.3011],[5.0628,11.303],[5.0658,11.3075],[5.0706,11.3073],[5.0739,11.3127],[5.0771,11.3137],[5.0819,11.3114],[5.0837,11.3128],[5.0888,11.3134],[5.0959,11.3176],[5.0964,11.3205],[5.0986,11.3213],[5.1008,11.3244],[5.1089,11.3223],[5.1102,11.3198],[5.1135,11.3182],[5.1178,11.319],[5.1192,11.3258],[5.1225,11.332],[5.1251,11.3343],[5.1296,11.3331],[5.1381,11.3379],[5.1408,11.3414],[5.1406,11.3437],[5.1434,11.3481],[5.1467,11.3518],[5.1507,11.3527],[5.1592,11.3525],[5.1591,11.3554],[5.1615,11.3601],[5.1593,11.3635],[5.1601,11.365],[5.1558,11.3731],[5.1517,11.3772],[5.1521,11.3795],[5.1548,11.3809],[5.1561,11.3857],[5.1602,11.3916],[5.1632,11.3934],[5.1682,11.3983],[5.1716,11.3956],[5.1773,11.3965],[5.1914,11.4033],[5.1998,11.4023],[5.204,11.4031],[5.2056,11.4081],[5.2075,11.4101],[5.2069,11.4178],[5.2056,11.4208],[5.2021,11.4227],[5.1944,11.4248],[5.1944,11.4269],[5.1914,11.4299],[5.1872,11.4309],[5.1804,11.4306],[5.1752,11.4331],[5.1726,11.4315],[5.1687,11.4328],[5.1637,11.4334],[5.1658,11.4297],[5.1511,11.4201],[5.1492,11.416],[5.1498,11.4141],[5.1441,11.4094],[5.1409,11.4129],[5.1384,11.4136],[5.1339,11.4185],[5.1296,11.4152],[5.1221,11.4069],[5.1131,11.4098],[5.1111,11.4116],[5.1059,11.411],[5.102,11.4067],[5.0984,11.4072],[5.0953,11.4048],[5.0976,11.3996],[5.0919,11.4003],[5.0853,11.4023],[5.0766,11.4018],[5.0732,11.4054],[5.0651,11.4006],[5.0651,11.3966],[5.0609,11.3869],[5.0575,11.3852],[5.0524,11.3851],[5.0513,11.3872],[5.0467,11.3895],[5.0356,11.3935],[5.0334,11.3915],[5.0308,11.3866],[5.0323,11.382],[5.0312,11.3793],[5.0263,11.3766],[5.0209,11.3764],[5.0115,11.3727],[5.0069,11.3725],[5.0039,11.378],[5.0032,11.3808],[4.9987,11.3783],[4.9934,11.384],[4.9919,11.3882],[4.9891,11.3881],[4.9843,11.3911],[4.9779,11.3881],[4.9719,11.3911],[4.9703,11.3962],[4.9664,11.3991],[4.9657,11.4038],[4.9591,11.4075],[4.9564,11.4098],[4.9424,11.4106],[4.9406,11.4081],[4.9328,11.4058],[4.927,11.4072],[4.921,11.4115],[4.9157,11.4057],[4.907,11.4056],[4.9015,11.4012],[4.9015,11.3958],[4.8997,11.3922],[4.9001,11.39]]]},"properties":{"name":"PENIN AMANA/PENIN GABA","state":"21","code":"21/09/10"}},{"type":"Feature","geometry":{"type":"MultiPolygon","coordinates":[[[[4.5182,12.6276],[4.523,12.6243],[4.5271,12.6225],[4.5305,12.6099],[4.533,12.604],[4.5398,12.6033],[4.542,12.604],[4.5484,12.6033],[4.5534,12.6036],[4.5564,12.5996],[4.5592,12.5925],[4.5626,12.5904],[4.5621,12.5876],[4.5572,12.5857],[4.5607,12.5788],[4.5661,12.5748],[4.5678,12.5722],[4.5706,12.5714],[4.577,12.5628],[4.5781,12.5578],[4.5819,12.5554],[4.5846,12.555],[4.5884,12.5515],[4.5947,12.5486],[4.6004,12.5495],[4.6046,12.5604],[4.6058,12.5651],[4.61,12.5646],[4.6107,12.5604],[4.6158,12.5571],[4.6247,12.5573],[4.631,12.5592],[4.639,12.5598],[4.6437,12.5644],[4.6456,12.563],[4.6541,12.5617],[4.6562,12.5633],[4.6578,12.5688],[4.6609,12.57],[4.6616,12.5729],[4.6614,12.5843],[4.6632,12.587],[4.6654,12.5977],[4.6648,12.5991],[4.6668,12.608],[4.6688,12.6115],[4.6671,12.6148],[4.6707,12.6215],[4.6689,12.6259],[4.6641,12.6268],[4.6577,12.6261],[4.6549,12.6281],[4.6462,12.6284],[4.6394,12.6269],[4.6384,12.6231],[4.6328,12.618],[4.6247,12.6128],[4.6215,12.6154],[4.6186,12.6156],[4.614,12.6115],[4.6066,12.6084],[4.5914,12.6071],[4.5865,12.6087],[4.5836,12.608],[4.5815,12.6122],[4.5763,12.6128],[4.5694,12.6149],[4.5628,12.6124],[4.5599,12.6208],[4.5563,12.6224],[4.5559,12.6284],[4.5606,12.6365],[4.567,12.6373],[4.5675,12.6397],[4.5649,12.6439],[4.56,12.6447],[4.5561,12.6467],[4.553,12.6538],[4.5506,12.6553],[4.5449,12.6548],[4.5424,12.6554],[4.5375,12.654],[4.538,12.6506],[4.5307,12.648],[4.5264,12.6432],[4.5226,12.6407],[4.5182,12.6276]]],[[[4.5349,12.341],[4.5451,12.3457],[4.5483,12.3505],[4.5545,12.3561],[4.5489,12.3609],[4.5465,12.3613],[4.5425,12.3646],[4.5414,12.3672],[4.545,12.3775],[4.5364,12.3878],[4.5373,12.3929],[4.5363,12.3972],[4.5365,12.402],[4.5331,12.4063],[4.5266,12.4069],[4.524,12.4062],[4.5176,12.4065],[4.5124,12.4121],[4.5087,12.4215],[4.493,12.4142],[4.4933,12.4098],[4.4951,12.406],[4.4986,12.4015],[4.4933,12.3966],[4.4979,12.3891],[4.4971,12.3858],[4.4998,12.3795],[4.4985,12.3764],[4.4984,12.3693],[4.5007,12.3672],[4.5009,12.3604],[4.5022,12.358],[4.5059,12.355],[4.5057,12.3521],[4.5098,12.3499],[4.5135,12.349],[4.5183,12.3457],[4.5328,12.3429],[4.5349,12.341]]]]},"properties":{"name":"CHEBERU/BADA","state":"21","code":"21/10/01"}},{"type":"Feature","geometry":{"type":"MultiPolygon","coordinates":[[[[4.4438,12.5589],[4.4465,12.5543],[4.4408,12.5459],[4.4447,12.5405],[4.4516,12.5341],[4.4522,12.5318],[4.4582,12.5272],[4.4633,12.5249],[4.4643,12.5229],[4.4644,12.5177],[4.4665,12.5063],[4.4689,12.5037],[4.4711,12.4971],[4.4759,12.4978],[4.4828,12.5009],[4.494,12.5016],[4.4964,12.5036],[4.5018,12.5048],[4.5078,12.5038],[4.5154,12.5053],[4.5214,12.5089],[4.5265,12.5136],[4.5338,12.5138],[4.5413,12.5172],[4.5442,12.5178],[4.5481,12.522],[4.5536,12.5215],[4.5629,12.5172],[4.5696,12.5168],[4.5714,12.5253],[4.5736,12.5312],[4.5771,12.5358],[4.5812,12.5396],[4.5884,12.5515],[4.5846,12.555],[4.5819,12.5554],[4.5781,12.5578],[4.577,12.5628],[4.5706,12.5714],[4.5678,12.5722],[4.5661,12.5748],[4.5607,12.5788],[4.5572,12.5857],[4.5621,12.5876],[4.5626,12.5904],[4.5592,12.5925],[4.5564,12.5996],[4.5534,12.6036],[4.5484,12.6033],[4.542,12.604],[4.5398,12.6033],[4.533,12.604],[4.5305,12.6099],[4.5271,12.6225],[4.523,12.6243],[4.5182,12.6276],[4.5095,12.6274],[4.504,12.6266],[4.4995,12.6281],[4.4937,12.6279],[4.4872,12.625],[4.4818,12.6238],[4.4788,12.6211],[4.4729,12.6172],[4.4699,12.6207],[4.4662,12.6232],[4.4631,12.6238],[4.4575,12.6203],[4.453,12.6149],[4.4546,12.6089],[4.4573,12.6031],[4.4597,12.6014],[4.4596,12.5948],[4.4608,12.5861],[4.4555,12.5794],[4.453,12.5792],[4.4533,12.5709],[4.4505,12.5684],[4.4438,12.5601],[4.4438,12.5589]]],[[[4.5649,12.6439],[4.5675,12.6397],[4.567,12.6373],[4.5606,12.6365],[4.5559,12.6284],[4.5563,12.6224],[4.5599,12.6208],[4.5628,12.6124],[4.5694,12.6149],[4.5763,12.6128],[4.5815,12.6122],[4.5836,12.608],[4.5865,12.6087],[4.5914,12.6071],[4.6066,12.6084],[4.614,12.6115],[4.6186,12.6156],[4.6215,12.6154],[4.6247,12.6128],[4.6328,12.618],[4.6384,12.6231],[4.6394,12.6269],[4.6389,12.6309],[4.6368,12.636],[4.6378,12.6408],[4.6352,12.6468],[4.6361,12.6491],[4.6306,12.6539],[4.6261,12.6515],[4.6232,12.6529],[4.6213,12.6561],[4.619,12.6574],[4.6124,12.6556],[4.6089,12.653],[4.6052,12.6532],[4.5983,12.6574],[4.5921,12.6599],[4.5882,12.6636],[4.5842,12.6652],[4.5823,12.6627],[4.5799,12.6572],[4.5743,12.6539],[4.5713,12.6534],[4.5673,12.6505],[4.5672,12.647],[4.5649,12.6439]]]]},"properties":{"name":"DALIJAN","state":"21","code":"21/10/02"}},{"type":"Feature","geometry":{"type":"Polygon","coordinates":[[[4.6688,12.4594],[4.6639,12.4593],[4.6527,12.4537],[4.6445,12.4523],[4.6455,12.4493],[4.6437,12.4395],[4.637,12.4398],[4.6352,12.4383],[4.6308,12.4384],[4.6229,12.4437],[4.6231,12.447],[4.6183,12.4469],[4.6125,12.4495],[4.6009,12.4492],[4.601,12.4395],[4.604,12.4343],[4.601,12.4327],[4.5986,12.4288],[4.5952,12.4268],[4.5931,12.4234],[4.5876,12.4228],[4.5939,12.4162],[4.589,12.4015],[4.5908,12.3981],[4.5967,12.4028],[4.6004,12.4019],[4.608,12.4109],[4.612,12.4138],[4.6298,12.4329],[4.6434,12.4256],[4.6564,12.4169],[4.6657,12.4113],[4.6721,12.4066],[4.6812,12.3966],[4.691,12.3999],[4.6903,12.4082],[4.6876,12.4103],[4.6851,12.4162],[4.6865,12.4198],[4.6931,12.4242],[4.699,12.4236],[4.7035,12.425],[4.7049,12.4267],[4.7093,12.4281],[4.7099,12.4314],[4.7078,12.4354],[4.7045,12.4388],[4.7017,12.438],[4.6987,12.4393],[4.6956,12.4388],[4.6889,12.4447],[4.6834,12.4482],[4.6796,12.4493],[4.6706,12.4588],[4.6688,12.4594]]]},"properties":{"name":"DODORU","state":"21","code":"21/10/03"}},{"type":"Feature","geometry":{"type":"Polygon","coordinates":[[[4.5388,12.3153],[4.5444,12.3062],[4.5492,12.3017],[4.5599,12.3048],[4.5765,12.333],[4.5925,12.3468],[4.5902,12.3638],[4.5864,12.3807],[4.5858,12.3889],[4.5878,12.3959],[4.5908,12.3981],[4.589,12.4015],[4.5939,12.4162],[4.5876,12.4228],[4.5729,12.4266],[4.5713,12.4305],[4.5707,12.4266],[4.5641,12.4218],[4.5606,12.4205],[4.5521,12.4208],[4.5474,12.4239],[4.5455,12.4238],[4.5379,12.4273],[4.5361,12.4249],[4.5304,12.4237],[4.5221,12.4204],[4.5173,12.4215],[4.5133,12.424],[4.5089,12.4295],[4.51,12.432],[4.5093,12.4402],[4.5031,12.4449],[4.5016,12.4475],[4.5015,12.4515],[4.495,12.4558],[4.4876,12.4586],[4.4812,12.4589],[4.472,12.4715],[4.4693,12.4738],[4.469,12.4771],[4.4669,12.4823],[4.4679,12.485],[4.4674,12.4891],[4.4606,12.4869],[4.4536,12.4868],[4.4488,12.4853],[4.4436,12.4754],[4.4456,12.4706],[4.4455,12.467],[4.4438,12.4603],[4.4403,12.4562],[4.4409,12.4514],[4.4375,12.4451],[4.4426,12.4342],[4.4483,12.4289],[4.4552,12.4269],[4.4567,12.4211],[4.4612,12.4123],[4.4639,12.4101],[4.4666,12.4016],[4.4693,12.403],[4.4814,12.3989],[4.4834,12.3978],[4.4933,12.3966],[4.4986,12.4015],[4.4951,12.406],[4.4933,12.4098],[4.493,12.4142],[4.5087,12.4215],[4.5124,12.4121],[4.5176,12.4065],[4.524,12.4062],[4.5266,12.4069],[4.5331,12.4063],[4.5365,12.402],[4.5363,12.3972],[4.5373,12.3929],[4.5364,12.3878],[4.545,12.3775],[4.5414,12.3672],[4.5425,12.3646],[4.5465,12.3613],[4.5489,12.3609],[4.5545,12.3561],[4.5483,12.3505],[4.5451,12.3457],[4.5349,12.341],[4.5392,12.3334],[4.5381,12.3262],[4.5402,12.3186],[4.5388,12.3153]]]},"properties":{"name":"GULMARE","state":"21","code":"21/10/04"}},{"type":"Feature","geometry":{"type":"Polygon","coordinates":[[[4.6004,12.5495],[4.6001,12.5458],[4.6037,12.5423],[4.608,12.5405],[4.619,12.5385],[4.6303,12.5357],[4.6308,12.5336],[4.6343,12.5336],[4.6354,12.5311],[4.6386,12.5304],[4.6402,12.5285],[4.6469,12.5304],[4.6519,12.5291],[4.65,12.5221],[4.6486,12.5122],[4.6448,12.5112],[4.6433,12.5071],[4.6429,12.5015],[4.644,12.4973],[4.6448,12.4868],[4.643,12.4838],[4.6412,12.4783],[4.6354,12.4721],[4.6358,12.4652],[4.6367,12.4622],[4.6356,12.4575],[4.6397,12.4538],[4.6409,12.4505],[4.6445,12.4523],[4.6527,12.4537],[4.6639,12.4593],[4.6688,12.4594],[4.6688,12.4619],[4.6713,12.4665],[4.6749,12.4707],[4.6811,12.4747],[4.6749,12.4817],[4.6706,12.491],[4.6683,12.4921],[4.6693,12.4978],[4.6729,12.4986],[4.6758,12.5028],[4.6812,12.5053],[4.6809,12.509],[4.6827,12.5138],[4.6795,12.5196],[4.6771,12.5225],[4.6723,12.5232],[4.67,12.525],[4.6665,12.5319],[4.6641,12.5391],[4.6599,12.5427],[4.6595,12.5468],[4.6628,12.553],[4.6638,12.5577],[4.6622,12.5626],[4.6624,12.5676],[4.6609,12.57],[4.6578,12.5688],[4.6562,12.5633],[4.6541,12.5617],[4.6456,12.563],[4.6437,12.5644],[4.639,12.5598],[4.631,12.5592],[4.6247,12.5573],[4.6158,12.5571],[4.6107,12.5604],[4.61,12.5646],[4.6058,12.5651],[4.6046,12.5604],[4.6004,12.5495]]]},"properties":{"name":"GWANDU MARAFA","state":"21","code":"21/10/05"}},{"type":"Feature","geometry":{"type":"Polygon","coordinates":[[[4.4674,12.4891],[4.4679,12.485],[4.4669,12.4823],[4.469,12.4771],[4.4693,12.4738],[4.472,12.4715],[4.4812,12.4589],[4.4876,12.4586],[4.495,12.4558],[4.5015,12.4515],[4.5016,12.4475],[4.5031,12.4449],[4.5093,12.4402],[4.51,12.432],[4.5089,12.4295],[4.5133,12.424],[4.5173,12.4215],[4.5221,12.4204],[4.5304,12.4237],[4.5361,12.4249],[4.5379,12.4273],[4.5455,12.4238],[4.5474,12.4239],[4.5521,12.4208],[4.5606,12.4205],[4.5641,12.4218],[4.5707,12.4266],[4.5713,12.4305],[4.5699,12.4341],[4.5714,12.4381],[4.5699,12.446],[4.5747,12.4485],[4.58,12.448],[4.584,12.4488],[4.5888,12.4515],[4.591,12.4517],[4.5974,12.4504],[4.6018,12.4604],[4.6021,12.4674],[4.5994,12.4721],[4.5999,12.4756],[4.6017,12.4772],[4.6039,12.4856],[4.6019,12.486],[4.593,12.4904],[4.5831,12.497],[4.5824,12.4989],[4.5757,12.5025],[4.5725,12.5088],[4.5701,12.5116],[4.5696,12.5168],[4.5629,12.5172],[4.5536,12.5215],[4.5481,12.522],[4.5442,12.5178],[4.5413,12.5172],[4.5338,12.5138],[4.5265,12.5136],[4.5214,12.5089],[4.5154,12.5053],[4.5078,12.5038],[4.5018,12.5048],[4.4964,12.5036],[4.494,12.5016],[4.4828,12.5009],[4.4759,12.4978],[4.4711,12.4971],[4.4694,12.4912],[4.4674,12.4891]]]},"properties":{"name":"KAMBAZA","state":"21","code":"21/10/07"}},{"type":"Feature","geometry":{"type":"Polygon","coordinates":[[[4.7951,12.556],[4.7947,12.5754],[4.7615,12.6304],[4.759,12.6287],[4.7549,12.6238],[4.7505,12.6223],[4.7496,12.6189],[4.746,12.6116],[4.7421,12.6065],[4.7386,12.5989],[4.7349,12.5939],[4.7341,12.5892],[4.7307,12.5831],[4.7289,12.5813],[4.728,12.5775],[4.7205,12.5653],[4.7202,12.5603],[4.7174,12.5578],[4.7145,12.5574],[4.712,12.5508],[4.7066,12.5451],[4.7022,12.5358],[4.7057,12.5306],[4.7029,12.5228],[4.7071,12.5214],[4.7061,12.5142],[4.7084,12.5134],[4.7128,12.5089],[4.718,12.5067],[4.7205,12.5123],[4.7235,12.5133],[4.7368,12.5101],[4.7412,12.5099],[4.7434,12.5075],[4.7461,12.5097],[4.7556,12.508],[4.7601,12.5117],[4.764,12.5119],[4.7678,12.5105],[4.7695,12.5116],[4.7723,12.5092],[4.7639,12.4983],[4.7606,12.4954],[4.7584,12.4911],[4.7544,12.4876],[4.7511,12.483],[4.7443,12.4791],[4.7401,12.4793],[4.7312,12.4766],[4.7309,12.4742],[4.734,12.4652],[4.7392,12.4654],[4.7397,12.46],[4.7414,12.4595],[4.7429,12.4532],[4.7459,12.4507],[4.7484,12.4504],[4.752,12.4471],[4.7562,12.4449],[4.7575,12.4496],[4.7694,12.4696],[4.7872,12.4779],[4.8031,12.4852],[4.8119,12.5036],[4.7959,12.5124],[4.7951,12.556]]]},"properties":{"name":"MARUDA","state":"21","code":"21/10/08"}},{"type":"Feature","geometry":{"type":"Polygon","coordinates":[[[4.691,12.3999],[4.703,12.3839],[4.703,12.3797],[4.7092,12.3649],[4.7132,12.3636],[4.7221,12.3632],[4.736,12.3638],[4.7398,12.3656],[4.7539,12.3639],[4.7538,12.3695],[4.7509,12.3894],[4.7518,12.3927],[4.7498,12.421],[4.7562,12.4449],[4.752,12.4471],[4.7484,12.4504],[4.7467,12.4418],[4.7477,12.4385],[4.7438,12.4389],[4.7423,12.4482],[4.7358,12.4524],[4.7347,12.4545],[4.7303,12.4551],[4.7192,12.4624],[4.7176,12.4593],[4.7109,12.4549],[4.7077,12.4548],[4.7058,12.4506],[4.7061,12.4456],[4.7046,12.4436],[4.7057,12.4407],[4.7045,12.4388],[4.7078,12.4354],[4.7099,12.4314],[4.7093,12.4281],[4.7049,12.4267],[4.7035,12.425],[4.699,12.4236],[4.6931,12.4242],[4.6865,12.4198],[4.6851,12.4162],[4.6876,12.4103],[4.6903,12.4082],[4.691,12.3999]]]},"properties":{"name":"MALISA","state":"21","code":"21/10/09"}},{"type":"Feature","geometry":{"type":"Polygon","coordinates":[[[4.6689,12.6259],[4.6707,12.6215],[4.6671,12.6148],[4.6688,12.6115],[4.6668,12.608],[4.6648,12.5991],[4.6654,12.5977],[4.6632,12.587],[4.6614,12.5843],[4.6616,12.5729],[4.6609,12.57],[4.6624,12.5676],[4.6622,12.5626],[4.6638,12.5577],[4.6628,12.553],[4.6595,12.5468],[4.6599,12.5427],[4.6641,12.5391],[4.6665,12.5319],[4.67,12.525],[4.6723,12.5232],[4.6771,12.5225],[4.6795,12.5196],[4.6827,12.5138],[4.6809,12.509],[4.6812,12.5053],[4.6758,12.5028],[4.6729,12.4986],[4.6693,12.4978],[4.6683,12.4921],[4.6706,12.491],[4.6749,12.4817],[4.6811,12.4747],[4.6749,12.4707],[4.6713,12.4665],[4.6688,12.4619],[4.6688,12.4594],[4.6706,12.4588],[4.6796,12.4493],[4.6834,12.4482],[4.6889,12.4447],[4.6956,12.4388],[4.6987,12.4393],[4.7017,12.438],[4.7045,12.4388],[4.7057,12.4407],[4.7046,12.4436],[4.7061,12.4456],[4.7058,12.4506],[4.7077,12.4548],[4.7109,12.4549],[4.7176,12.4593],[4.7192,12.4624],[4.7303,12.4551],[4.7347,12.4545],[4.7358,12.4524],[4.7423,12.4482],[4.7438,12.4389],[4.7477,12.4385],[4.7467,12.4418],[4.7484,12.4504],[4.7459,12.4507],[4.7429,12.4532],[4.7414,12.4595],[4.7397,12.46],[4.7392,12.4654],[4.734,12.4652],[4.7309,12.4742],[4.7312,12.4766],[4.7401,12.4793],[4.7443,12.4791],[4.7511,12.483],[4.7544,12.4876],[4.7584,12.4911],[4.7606,12.4954],[4.7639,12.4983],[4.7723,12.5092],[4.7695,12.5116],[4.7678,12.5105],[4.764,12.5119],[4.7601,12.5117],[4.7556,12.508],[4.7461,12.5097],[4.7434,12.5075],[4.7412,12.5099],[4.7368,12.5101],[4.7235,12.5133],[4.7205,12.5123],[4.718,12.5067],[4.7128,12.5089],[4.7084,12.5134],[4.7061,12.5142],[4.7071,12.5214],[4.7029,12.5228],[4.7057,12.5306],[4.7022,12.5358],[4.7066,12.5451],[4.712,12.5508],[4.7145,12.5574],[4.7174,12.5578],[4.7202,12.5603],[4.7205,12.5653],[4.728,12.5775],[4.7289,12.5813],[4.7307,12.5831],[4.7341,12.5892],[4.7349,12.5939],[4.7386,12.5989],[4.7421,12.6065],[4.746,12.6116],[4.7496,12.6189],[4.7505,12.6223],[4.7549,12.6238],[4.759,12.6287],[4.7615,12.6304],[4.7575,12.637],[4.7528,12.6433],[4.7413,12.6466],[4.7344,12.6443],[4.7263,12.6443],[4.7185,12.6448],[4.7144,12.6436],[4.7116,12.6466],[4.7075,12.6489],[4.7026,12.6489],[4.6975,12.6478],[4.6954,12.6442],[4.6895,12.6406],[4.6842,12.6355],[4.6805,12.6339],[4.6755,12.6297],[4.6714,12.629],[4.6689,12.6259]]]},"properties":{"name":"MASAMA KWASGARA","state":"21","code":"21/10/10"}},{"type":"Feature","geometry":{"type":"Polygon","coordinates":[[[4.4424,12.2233],[4.4414,12.2206],[4.4457,12.2116],[4.453,12.2021],[4.4569,12.1954],[4.4507,12.194],[4.4471,12.1982],[4.4429,12.1987],[4.4406,12.2022],[4.4385,12.2028],[4.4371,12.1964],[4.4373,12.1916],[4.4397,12.1875],[4.4387,12.1798],[4.4403,12.1734],[4.4396,12.1696],[4.4379,12.1682],[4.4297,12.1653],[4.4282,12.1642],[4.4168,12.1668],[4.4162,12.1645],[4.4188,12.1634],[4.4217,12.1481],[4.4257,12.1421],[4.4279,12.1367],[4.4277,12.1344],[4.4294,12.1307],[4.4285,12.1289],[4.4324,12.1272],[4.4323,12.1224],[4.4364,12.1176],[4.4414,12.1202],[4.4469,12.1214],[4.4552,12.1298],[4.4589,12.1291],[4.4646,12.1322],[4.469,12.1338],[4.4728,12.1339],[4.4723,12.1395],[4.4732,12.1434],[4.4767,12.1451],[4.4849,12.1509],[4.4894,12.1533],[4.4899,12.1573],[4.503,12.1579],[4.5433,12.1609],[4.5523,12.1584],[4.5528,12.1595],[4.5559,12.2129],[4.5621,12.23],[4.5303,12.2396],[4.5282,12.242],[4.5262,12.2393],[4.5152,12.2398],[4.5099,12.2439],[4.504,12.2459],[4.5017,12.241],[4.4949,12.2394],[4.4886,12.24],[4.485,12.2391],[4.481,12.2301],[4.4745,12.2276],[4.4699,12.2249],[4.4675,12.2271],[4.4657,12.2308],[4.4548,12.2388],[4.4477,12.2287],[4.4469,12.2259],[4.4424,12.2233]]]},"properties":{"name":"ALELU/GEHURU","state":"21","code":"21/11/01"}},{"type":"Feature","geometry":{"type":"Polygon","coordinates":[[[4.3424,12.1785],[4.337,12.1868],[4.3369,12.1931],[4.3393,12.1973],[4.3399,12.2009],[4.3454,12.2065],[4.3456,12.2128],[4.3442,12.2137],[4.3444,12.2177],[4.3388,12.2199],[4.3382,12.2166],[4.3347,12.2156],[4.3303,12.2169],[4.3286,12.2154],[4.3256,12.2166],[4.3225,12.2146],[4.3189,12.2183],[4.3163,12.2225],[4.312,12.2228],[4.3079,12.2277],[4.3053,12.2335],[4.3006,12.2377],[4.3005,12.242],[4.2971,12.2425],[4.2911,12.2422],[4.2842,12.2373],[4.2834,12.2342],[4.2849,12.2301],[4.2839,12.2235],[4.2845,12.2167],[4.2832,12.2124],[4.2783,12.2122],[4.2745,12.2138],[4.2695,12.2121],[4.269,12.216],[4.2647,12.2151],[4.2601,12.2129],[4.2527,12.2063],[4.2518,12.2027],[4.2479,12.1982],[4.244,12.1951],[4.2415,12.1916],[4.2407,12.1875],[4.2384,12.1863],[4.2339,12.1891],[4.2261,12.1952],[4.2202,12.1992],[4.216,12.1994],[4.2075,12.2052],[4.2047,12.2051],[4.2009,12.2074],[4.1996,12.2034],[4.1955,12.1987],[4.1873,12.1946],[4.1842,12.1924],[4.1799,12.1914],[4.1758,12.1884],[4.1725,12.1837],[4.1669,12.1805],[4.1651,12.1757],[4.1662,12.1705],[4.1704,12.1629],[4.1706,12.1575],[4.1684,12.1531],[4.176,12.1495],[4.1711,12.1417],[4.1673,12.1289],[4.1701,12.1249],[4.1696,12.1228],[4.1722,12.116],[4.1724,12.1085],[4.1751,12.1068],[4.1806,12.1104],[4.1886,12.108],[4.2003,12.1069],[4.2018,12.1091],[4.2116,12.1125],[4.2176,12.1165],[4.2175,12.1203],[4.2156,12.1255],[4.2151,12.1377],[4.2207,12.1371],[4.2217,12.1438],[4.2247,12.1577],[4.2271,12.1605],[4.2352,12.1622],[4.2396,12.162],[4.2411,12.1589],[4.2457,12.1569],[4.2517,12.1531],[4.2557,12.1539],[4.2595,12.1535],[4.2654,12.1561],[4.268,12.1584],[4.2723,12.158],[4.2857,12.1589],[4.2896,12.1599],[4.2972,12.1546],[4.3012,12.1538],[4.3033,12.15],[4.3079,12.1522],[4.3143,12.1591],[4.3268,12.17],[4.3333,12.1728],[4.3396,12.1775],[4.3424,12.1785]]]},"properties":{"name":"DANGAMAJI","state":"21","code":"21/11/02"}},{"type":"Feature","geometry":{"type":"Polygon","coordinates":[[[4.3692,12.3483],[4.3641,12.3485],[4.36,12.3507],[4.3575,12.347],[4.3547,12.3399],[4.3537,12.3389],[4.3524,12.3345],[4.3538,12.3315],[4.3517,12.3297],[4.3463,12.3276],[4.3435,12.3276],[4.3388,12.3244],[4.3372,12.3247],[4.3327,12.3218],[4.3287,12.3217],[4.3255,12.3196],[4.3219,12.3227],[4.316,12.3237],[4.3104,12.3264],[4.3083,12.326],[4.3029,12.3276],[4.3004,12.3264],[4.2984,12.3279],[4.2912,12.328],[4.288,12.3261],[4.282,12.3242],[4.2794,12.3195],[4.2691,12.3228],[4.2677,12.3264],[4.2648,12.3304],[4.2636,12.3342],[4.2608,12.3338],[4.2543,12.3368],[4.248,12.3385],[4.2436,12.3326],[4.2371,12.3307],[4.2337,12.3236],[4.2386,12.3142],[4.2391,12.312],[4.2375,12.3043],[4.2389,12.3026],[4.2429,12.3061],[4.2457,12.3036],[4.2497,12.3032],[4.2516,12.3005],[4.2535,12.2957],[4.2523,12.2945],[4.2532,12.2897],[4.2568,12.2902],[4.2659,12.3001],[4.2683,12.3],[4.2688,12.3031],[4.271,12.3066],[4.2708,12.3091],[4.2749,12.3134],[4.2771,12.3133],[4.2815,12.3087],[4.29,12.3023],[4.2899,12.2983],[4.2854,12.29],[4.2788,12.2881],[4.2761,12.2848],[4.2731,12.2854],[4.2738,12.2818],[4.2776,12.2818],[4.2795,12.2737],[4.2789,12.2709],[4.2811,12.2629],[4.2776,12.2586],[4.2789,12.2558],[4.2838,12.2571],[4.2854,12.2592],[4.2903,12.2602],[4.2982,12.2685],[4.3022,12.2694],[4.3095,12.2681],[4.3117,12.2654],[4.321,12.2619],[4.3244,12.2579],[4.3248,12.2553],[4.3289,12.2542],[4.3296,12.2572],[4.3338,12.2576],[4.3366,12.2653],[4.3394,12.268],[4.3423,12.2704],[4.3423,12.2738],[4.3477,12.278],[4.353,12.2781],[4.357,12.2744],[4.3608,12.275],[4.3618,12.2767],[4.3691,12.2769],[4.371,12.2802],[4.3709,12.2838],[4.3725,12.2883],[4.3728,12.2929],[4.3758,12.2973],[4.3762,12.2999],[4.3734,12.3038],[4.3738,12.3148],[4.3704,12.3228],[4.3671,12.3279],[4.369,12.3311],[4.37,12.339],[4.3692,12.3483]]]},"properties":{"name":"DUNBEGU/BAUSARA","state":"21","code":"21/11/03"}},{"type":"Feature","geometry":{"type":"Polygon","coordinates":[[[4.3424,12.1785],[4.3466,12.1771],[4.3516,12.1741],[4.3561,12.1766],[4.3612,12.1819],[4.3616,12.1837],[4.3641,12.1872],[4.3648,12.191],[4.3694,12.2005],[4.3724,12.2037],[4.3748,12.2078],[4.3714,12.2077],[4.3715,12.2177],[4.3686,12.2207],[4.364,12.2207],[4.3624,12.2225],[4.3679,12.2261],[4.3703,12.2286],[4.3565,12.2447],[4.3526,12.249],[4.3467,12.2538],[4.3464,12.2582],[4.3439,12.2639],[4.3394,12.268],[4.3366,12.2653],[4.3338,12.2576],[4.3296,12.2572],[4.3289,12.2542],[4.3248,12.2553],[4.3244,12.2579],[4.321,12.2619],[4.3117,12.2654],[4.3095,12.2681],[4.3022,12.2694],[4.2982,12.2685],[4.2903,12.2602],[4.2854,12.2592],[4.2838,12.2571],[4.2866,12.2528],[4.2865,12.2502],[4.2899,12.2492],[4.2889,12.2469],[4.2911,12.2422],[4.2971,12.2425],[4.3005,12.242],[4.3006,12.2377],[4.3053,12.2335],[4.3079,12.2277],[4.312,12.2228],[4.3163,12.2225],[4.3189,12.2183],[4.3225,12.2146],[4.3256,12.2166],[4.3286,12.2154],[4.3303,12.2169],[4.3347,12.2156],[4.3382,12.2166],[4.3388,12.2199],[4.3444,12.2177],[4.3442,12.2137],[4.3456,12.2128],[4.3454,12.2065],[4.3399,12.2009],[4.3393,12.1973],[4.3369,12.1931],[4.337,12.1868],[4.3424,12.1785]]]},"properties":{"name":"GINDI/NASSARAWA/KYARMI/GALBI","state":"21","code":"21/11/04"}},{"type":"Feature","geometry":{"type":"Polygon","coordinates":[[[4.4728,12.1339],[4.4749,12.1289],[4.4792,12.127],[4.4807,12.1225],[4.4832,12.1191],[4.4893,12.1181],[4.494,12.1147],[4.4961,12.1122],[4.5002,12.1111],[4.5051,12.1072],[4.5072,12.1029],[4.5151,12.0977],[4.5163,12.0916],[4.5158,12.0864],[4.5171,12.0828],[4.5173,12.0787],[4.5152,12.0699],[4.5157,12.0657],[4.508,12.0647],[4.5011,12.0655],[4.4983,12.0639],[4.49,12.0636],[4.4866,12.0615],[4.4805,12.062],[4.475,12.0631],[4.4709,12.0608],[4.4693,12.0586],[4.4655,12.0564],[4.459,12.0567],[4.4573,12.0517],[4.4589,12.0458],[4.4703,12.0422],[4.4709,12.0386],[4.4752,12.0372],[4.4797,12.032],[4.4822,12.0301],[4.4875,12.0289],[4.4916,12.0267],[4.4963,12.0197],[4.5004,12.0164],[4.5041,12.0169],[4.5079,12.0147],[4.5104,12.0083],[4.5164,12.0037],[4.5131,11.9986],[4.5118,11.9936],[4.5024,11.9869],[4.5008,11.979],[4.4977,11.9741],[4.5001,11.9719],[4.5002,11.9641],[4.5056,11.9568],[4.5193,11.9462],[4.5212,11.9437],[4.5249,11.9414],[4.5279,11.9412],[4.5285,11.9389],[4.5323,11.9356],[4.5357,11.9355],[4.5409,11.9332],[4.5418,11.9308],[4.5452,11.9279],[4.5511,11.9255],[4.5545,11.9231],[4.5584,11.9221],[4.5618,11.9163],[4.5646,11.9153],[4.5671,11.9196],[4.574,11.9601],[4.576,11.969],[4.582,11.9965],[4.5882,12.0388],[4.5853,12.0471],[4.5789,12.0658],[4.5748,12.0747],[4.5523,12.0977],[4.5517,12.113],[4.5506,12.1145],[4.5515,12.1186],[4.5509,12.1318],[4.5528,12.1579],[4.5523,12.1584],[4.5433,12.1609],[4.503,12.1579],[4.4899,12.1573],[4.4894,12.1533],[4.4849,12.1509],[4.4767,12.1451],[4.4732,12.1434],[4.4723,12.1395],[4.4728,12.1339]]]},"properties":{"name":"JANDUTSI/BIRNIN MALAM","state":"21","code":"21/11/05"}},{"type":"Feature","geometry":{"type":"MultiPolygon","coordinates":[[[[4.3734,12.3038],[4.3762,12.2999],[4.3758,12.2973],[4.3728,12.2929],[4.3725,12.2883],[4.3709,12.2838],[4.371,12.2802],[4.3691,12.2769],[4.3618,12.2767],[4.3608,12.275],[4.357,12.2744],[4.353,12.2781],[4.3477,12.278],[4.3423,12.2738],[4.3423,12.2704],[4.3394,12.268],[4.3439,12.2639],[4.3464,12.2582],[4.3467,12.2538],[4.3526,12.249],[4.3565,12.2447],[4.3597,12.2463],[4.3616,12.25],[4.364,12.2523],[4.3706,12.2507],[4.3767,12.257],[4.3775,12.26],[4.3818,12.26],[4.3858,12.2621],[4.3888,12.2653],[4.3857,12.2685],[4.3837,12.2756],[4.3846,12.2802],[4.3834,12.2818],[4.3832,12.2973],[4.3791,12.3053],[4.3756,12.3053],[4.3734,12.3038]]],[[[4.3715,12.2177],[4.3772,12.2179],[4.3797,12.2187],[4.3787,12.2252],[4.3735,12.225],[4.3703,12.2286],[4.3679,12.2261],[4.3624,12.2225],[4.364,12.2207],[4.3686,12.2207],[4.3715,12.2177]]]]},"properties":{"name":"JEGA FIRCHIN","state":"21","code":"21/11/06"}},{"type":"Feature","geometry":{"type":"Polygon","coordinates":[[[4.4238,12.2456],[4.4205,12.2446],[4.4162,12.2401],[4.4136,12.2308],[4.4122,12.2292],[4.4084,12.2218],[4.4081,12.221],[4.3956,12.2178],[4.3897,12.2141],[4.3821,12.2115],[4.3806,12.216],[4.3772,12.2179],[4.3715,12.2177],[4.3714,12.2077],[4.3748,12.2078],[4.3724,12.2037],[4.3694,12.2005],[4.3648,12.191],[4.3641,12.1872],[4.3616,12.1837],[4.3637,12.1826],[4.3717,12.1839],[4.3794,12.1857],[4.3856,12.1865],[4.3969,12.1891],[4.4075,12.1889],[4.41,12.1907],[4.4092,12.1934],[4.4063,12.1931],[4.3998,12.2022],[4.3963,12.2039],[4.3968,12.2069],[4.3996,12.2066],[4.4025,12.2081],[4.4042,12.2062],[4.4065,12.2085],[4.4066,12.211],[4.4117,12.2137],[4.4165,12.2116],[4.4192,12.2133],[4.4241,12.2083],[4.4385,12.2028],[4.4406,12.2022],[4.4429,12.1987],[4.4471,12.1982],[4.4507,12.194],[4.4569,12.1954],[4.453,12.2021],[4.4457,12.2116],[4.4414,12.2206],[4.4424,12.2233],[4.4403,12.2282],[4.4374,12.2321],[4.4353,12.2323],[4.4336,12.2371],[4.425,12.2451],[4.4238,12.2456]]]},"properties":{"name":"JEGA KOKANI","state":"21","code":"21/11/07"}},{"type":"Feature","geometry":{"type":"Polygon","coordinates":[[[4.4028,12.2658],[4.3986,12.2654],[4.3961,12.2694],[4.3892,12.2761],[4.3837,12.2756],[4.3857,12.2685],[4.3888,12.2653],[4.3858,12.2621],[4.3818,12.26],[4.3775,12.26],[4.3767,12.257],[4.3706,12.2507],[4.364,12.2523],[4.3616,12.25],[4.3597,12.2463],[4.3565,12.2447],[4.3703,12.2286],[4.3735,12.225],[4.3787,12.2252],[4.3933,12.2261],[4.4017,12.2276],[4.4033,12.2242],[4.4084,12.2218],[4.4122,12.2292],[4.4136,12.2308],[4.4162,12.2401],[4.4205,12.2446],[4.4107,12.2486],[4.4105,12.2521],[4.4081,12.2548],[4.4058,12.2549],[4.4031,12.258],[4.4028,12.2658]]]},"properties":{"name":"JEGA MAGAJI 'B'","state":"21","code":"21/11/08"}},{"type":"Feature","geometry":{"type":"Polygon","coordinates":[[[4.3772,12.2179],[4.3806,12.216],[4.3821,12.2115],[4.3897,12.2141],[4.3956,12.2178],[4.4081,12.221],[4.4084,12.2218],[4.4033,12.2242],[4.4017,12.2276],[4.3933,12.2261],[4.3787,12.2252],[4.3797,12.2187],[4.3772,12.2179]]]},"properties":{"name":"JEGA MAGAJI 'A'","state":"21","code":"21/11/09"}},{"type":"Feature","geometry":{"type":"Polygon","coordinates":[[[4.4364,12.1176],[4.4356,12.1154],[4.4317,12.117],[4.4256,12.1166],[4.4177,12.1194],[4.415,12.1213],[4.4046,12.1253],[4.402,12.1254],[4.3947,12.1237],[4.3914,12.1222],[4.3874,12.1183],[4.3794,12.1133],[4.3757,12.0999],[4.3752,12.0952],[4.3782,12.091],[4.3806,12.0829],[4.3813,12.0781],[4.376,12.0771],[4.3794,12.0742],[4.3796,12.0661],[4.3767,12.0632],[4.3802,12.0553],[4.3823,12.0453],[4.382,12.0366],[4.3827,12.0343],[4.3933,12.03],[4.4034,12.0263],[4.4076,12.0205],[4.4121,12.021],[4.4206,12.0234],[4.4278,12.0245],[4.4341,12.0246],[4.4367,12.0256],[4.4426,12.0255],[4.4499,12.0236],[4.455,12.0282],[4.4556,12.03],[4.4601,12.0316],[4.4639,12.0352],[4.4709,12.0386],[4.4703,12.0422],[4.4589,12.0458],[4.4573,12.0517],[4.459,12.0567],[4.4655,12.0564],[4.4693,12.0586],[4.4709,12.0608],[4.475,12.0631],[4.4805,12.062],[4.4866,12.0615],[4.49,12.0636],[4.4983,12.0639],[4.5011,12.0655],[4.508,12.0647],[4.5157,12.0657],[4.5152,12.0699],[4.5173,12.0787],[4.5171,12.0828],[4.5158,12.0864],[4.5163,12.0916],[4.5151,12.0977],[4.5072,12.1029],[4.5051,12.1072],[4.5002,12.1111],[4.4961,12.1122],[4.494,12.1147],[4.4893,12.1181],[4.4832,12.1191],[4.4807,12.1225],[4.4792,12.127],[4.4749,12.1289],[4.4728,12.1339],[4.469,12.1338],[4.4646,12.1322],[4.4589,12.1291],[4.4552,12.1298],[4.4469,12.1214],[4.4414,12.1202],[4.4364,12.1176]]]},"properties":{"name":"KATANGA/FAGADA","state":"21","code":"21/11/10"}},{"type":"Feature","geometry":{"type":"MultiPolygon","coordinates":[[[[4.4709,12.0386],[4.4639,12.0352],[4.4601,12.0316],[4.4556,12.03],[4.455,12.0282],[4.4499,12.0236],[4.4426,12.0255],[4.4367,12.0256],[4.4341,12.0246],[4.4278,12.0245],[4.4206,12.0234],[4.4121,12.021],[4.4076,12.0205],[4.402,12.004],[4.3972,12.0008],[4.394,11.9976],[4.3895,11.9912],[4.3848,11.9832],[4.3922,11.9815],[4.3954,11.9793],[4.4046,11.97],[4.4108,11.9597],[4.4162,11.954],[4.4196,11.9484],[4.4232,11.945],[4.429,11.9376],[4.439,11.9312],[4.4428,11.9258],[4.4406,11.9164],[4.4373,11.9117],[4.4335,11.9083],[4.4295,11.9065],[4.4315,11.9024],[4.4358,11.897],[4.4392,11.8906],[4.4442,11.8872],[4.457,11.8764],[4.461,11.8723],[4.4676,11.868],[4.4816,11.8675],[4.4872,11.8709],[4.4944,11.8718],[4.5008,11.8747],[4.5072,11.8747],[4.5159,11.8775],[4.5286,11.8789],[4.5338,11.8785],[4.5371,11.8823],[4.5473,11.8873],[4.549,11.8911],[4.5512,11.8899],[4.5508,11.8919],[4.5646,11.9153],[4.5618,11.9163],[4.5584,11.9221],[4.5545,11.9231],[4.5511,11.9255],[4.5452,11.9279],[4.5418,11.9308],[4.5409,11.9332],[4.5357,11.9355],[4.5323,11.9356],[4.5285,11.9389],[4.5279,11.9412],[4.5249,11.9414],[4.5212,11.9437],[4.5193,11.9462],[4.5056,11.9568],[4.5002,11.9641],[4.5001,11.9719],[4.4977,11.9741],[4.5008,11.979],[4.5024,11.9869],[4.5118,11.9936],[4.5131,11.9986],[4.5164,12.0037],[4.5104,12.0083],[4.5079,12.0147],[4.5041,12.0169],[4.5004,12.0164],[4.4963,12.0197],[4.4916,12.0267],[4.4875,12.0289],[4.4822,12.0301],[4.4797,12.032],[4.4752,12.0372],[4.4709,12.0386]]],[[[4.4385,12.2028],[4.4241,12.2083],[4.4192,12.2133],[4.4165,12.2116],[4.4117,12.2137],[4.4066,12.211],[4.4065,12.2085],[4.4042,12.2062],[4.4025,12.2081],[4.3996,12.2066],[4.3968,12.2069],[4.3963,12.2039],[4.3998,12.2022],[4.4063,12.1931],[4.4092,12.1934],[4.41,12.1907],[4.4075,12.1889],[4.3969,12.1891],[4.3856,12.1865],[4.3794,12.1857],[4.3717,12.1839],[4.3637,12.1826],[4.3616,12.1837],[4.3612,12.1819],[4.3561,12.1766],[4.3516,12.1741],[4.3475,12.1707],[4.3569,12.1678],[4.3602,12.1662],[4.3644,12.1657],[4.3687,12.1606],[4.3753,12.1569],[4.3776,12.1524],[4.3814,12.1428],[4.3831,12.1342],[4.3829,12.1269],[4.3794,12.1133],[4.3874,12.1183],[4.3914,12.1222],[4.3947,12.1237],[4.402,12.1254],[4.4046,12.1253],[4.415,12.1213],[4.4177,12.1194],[4.4256,12.1166],[4.4317,12.117],[4.4356,12.1154],[4.4364,12.1176],[4.4323,12.1224],[4.4324,12.1272],[4.4285,12.1289],[4.4294,12.1307],[4.4277,12.1344],[4.4279,12.1367],[4.4257,12.1421],[4.4217,12.1481],[4.4188,12.1634],[4.4162,12.1645],[4.4168,12.1668],[4.4282,12.1642],[4.4297,12.1653],[4.4379,12.1682],[4.4396,12.1696],[4.4403,12.1734],[4.4387,12.1798],[4.4397,12.1875],[4.4373,12.1916],[4.4371,12.1964],[4.4385,12.2028]]]]},"properties":{"name":"KIMBA","state":"21","code":"21/11/11"}},{"type":"Feature","geometry":{"type":"Polygon","coordinates":[[[4.1668,12.2367],[4.1771,12.2375],[4.1814,12.237],[4.1819,12.2397],[4.1847,12.2423],[4.1868,12.2465],[4.1876,12.2514],[4.1916,12.2552],[4.1953,12.2599],[4.1896,12.2628],[4.1848,12.2673],[4.1765,12.2759],[4.1748,12.2771],[4.1769,12.2859],[4.1827,12.2942],[4.1959,12.2927],[4.198,12.2898],[4.2058,12.288],[4.2122,12.2824],[4.2122,12.2904],[4.214,12.2965],[4.2166,12.2987],[4.2213,12.2975],[4.2259,12.2949],[4.2279,12.301],[4.2308,12.3027],[4.2339,12.3004],[4.2389,12.3026],[4.2375,12.3043],[4.2391,12.312],[4.2386,12.3142],[4.2337,12.3236],[4.2308,12.3245],[4.2276,12.3226],[4.2237,12.3232],[4.2152,12.3202],[4.2119,12.3241],[4.2049,12.3244],[4.2016,12.3226],[4.2039,12.3136],[4.2021,12.3132],[4.2009,12.3093],[4.2037,12.3028],[4.1966,12.2996],[4.1948,12.3005],[4.1932,12.3063],[4.1875,12.3059],[4.1861,12.3066],[4.1755,12.3086],[4.173,12.3077],[4.1666,12.3031],[4.1663,12.2992],[4.1619,12.2944],[4.16,12.2898],[4.158,12.2877],[4.1575,12.283],[4.155,12.2797],[4.1522,12.2801],[4.1515,12.2752],[4.1489,12.2728],[4.1484,12.2688],[4.1506,12.2568],[4.152,12.2538],[4.156,12.2502],[4.159,12.2493],[4.1632,12.2456],[4.1658,12.2377],[4.1668,12.2367]]]},"properties":{"name":"BADARIYA/MAGARZA","state":"21","code":"21/12/01"}},{"type":"Feature","geometry":{"type":"Polygon","coordinates":[[[4.1489,12.2728],[4.1515,12.2752],[4.1522,12.2801],[4.155,12.2797],[4.1575,12.283],[4.158,12.2877],[4.16,12.2898],[4.1619,12.2944],[4.1663,12.2992],[4.1666,12.3031],[4.162,12.3049],[4.1576,12.3104],[4.1499,12.3145],[4.1527,12.3258],[4.1447,12.3252],[4.1363,12.3256],[4.1239,12.3267],[4.1221,12.3284],[4.1171,12.3283],[4.1123,12.3302],[4.097,12.3397],[4.0857,12.3448],[4.0797,12.348],[4.0744,12.3473],[4.0692,12.3479],[4.0667,12.3464],[4.0551,12.344],[4.0486,12.3419],[4.0569,12.3373],[4.061,12.3301],[4.0606,12.3228],[4.0557,12.3218],[4.0467,12.3254],[4.046,12.3237],[4.0413,12.3214],[4.0398,12.3152],[4.0374,12.312],[4.0333,12.3094],[4.0351,12.3058],[4.0398,12.3029],[4.0415,12.2986],[4.0391,12.2962],[4.0373,12.2912],[4.0294,12.2825],[4.0273,12.2769],[4.0205,12.2682],[4.0193,12.2649],[4.023,12.259],[4.0268,12.2566],[4.0332,12.2546],[4.0357,12.2506],[4.036,12.2468],[4.0433,12.2396],[4.0464,12.238],[4.0582,12.243],[4.0613,12.2423],[4.0696,12.2495],[4.0727,12.2508],[4.0752,12.2501],[4.0818,12.2507],[4.087,12.25],[4.0905,12.2456],[4.0975,12.2392],[4.0978,12.235],[4.1017,12.2273],[4.1263,12.2675],[4.1336,12.2643],[4.1384,12.2679],[4.1409,12.268],[4.143,12.2702],[4.1489,12.2728]]]},"properties":{"name":"DANGOMA/GAYI","state":"21","code":"21/12/02"}},{"type":"Feature","geometry":{"type":"Polygon","coordinates":[[[3.9722,12.3572],[3.9855,12.3526],[3.9856,12.3461],[3.9875,12.3445],[3.9926,12.3457],[3.9988,12.3486],[4.0049,12.3462],[4.0086,12.347],[4.0193,12.3466],[4.0233,12.3479],[4.0265,12.3476],[4.0356,12.3501],[4.0402,12.3506],[4.0486,12.3419],[4.0551,12.344],[4.0667,12.3464],[4.0692,12.3479],[4.0744,12.3473],[4.0797,12.348],[4.0829,12.3548],[4.083,12.3604],[4.0785,12.3649],[4.0725,12.3736],[4.0715,12.3771],[4.0692,12.3915],[4.067,12.3934],[4.0616,12.3959],[4.06,12.3983],[4.0552,12.3958],[4.054,12.3932],[4.0495,12.3872],[4.0443,12.3851],[4.0402,12.3808],[4.0369,12.3792],[4.0311,12.3827],[4.0228,12.3908],[4.0213,12.3951],[4.0155,12.3976],[4.0129,12.3999],[4.0082,12.4018],[4.0002,12.3964],[3.9943,12.3907],[3.9932,12.3863],[3.9942,12.3846],[3.9942,12.3794],[3.9915,12.3741],[3.9918,12.3704],[3.9859,12.3667],[3.9845,12.3688],[3.9797,12.3672],[3.9796,12.3651],[3.976,12.3641],[3.9722,12.3572]]]},"properties":{"name":"DIGGI","state":"21","code":"21/12/03"}},{"type":"Feature","geometry":{"type":"Polygon","coordinates":[[[4.0075,12.2192],[4.0066,12.2218],[4.0099,12.2226],[4.0145,12.2218],[4.0195,12.2259],[4.026,12.2268],[4.0299,12.2294],[4.0317,12.2283],[4.037,12.2296],[4.0395,12.229],[4.0426,12.231],[4.0446,12.236],[4.0464,12.238],[4.0433,12.2396],[4.036,12.2468],[4.0357,12.2506],[4.0332,12.2546],[4.0268,12.2566],[4.023,12.259],[4.0193,12.2649],[4.0146,12.269],[4.0091,12.2765],[4.0083,12.2825],[3.9991,12.2804],[3.9996,12.2736],[3.9974,12.2722],[4.0037,12.2667],[4.0035,12.2613],[3.9993,12.2596],[3.9954,12.2551],[3.992,12.2571],[3.9894,12.2541],[3.9864,12.2559],[3.9852,12.2532],[3.9817,12.2504],[3.982,12.2472],[3.9787,12.2461],[3.9763,12.2435],[3.9772,12.2413],[3.9839,12.2394],[3.9823,12.2369],[3.9819,12.2333],[3.9839,12.2325],[3.985,12.2268],[3.9854,12.224],[3.9881,12.2242],[3.994,12.2212],[3.9984,12.2211],[3.9991,12.2177],[4.0029,12.2186],[4.0048,12.2169],[4.0075,12.2192]]]},"properties":{"name":"ETENE","state":"21","code":"21/12/04"}},{"type":"Feature","geometry":{"type":"Polygon","coordinates":[[[4.1339,12.3782],[4.1277,12.3725],[4.1243,12.3712],[4.1181,12.3673],[4.1151,12.3688],[4.1126,12.3653],[4.1091,12.3638],[4.107,12.3645],[4.1033,12.3629],[4.1007,12.3632],[4.0912,12.3605],[4.0871,12.3619],[4.083,12.3604],[4.0829,12.3548],[4.0797,12.348],[4.0857,12.3448],[4.097,12.3397],[4.1123,12.3302],[4.1171,12.3283],[4.1221,12.3284],[4.1239,12.3267],[4.1363,12.3256],[4.1447,12.3252],[4.1527,12.3258],[4.1499,12.3145],[4.1576,12.3104],[4.162,12.3049],[4.1666,12.3031],[4.173,12.3077],[4.1755,12.3086],[4.1861,12.3066],[4.1875,12.3059],[4.1932,12.3063],[4.1948,12.3005],[4.1966,12.2996],[4.2037,12.3028],[4.2009,12.3093],[4.2021,12.3132],[4.2039,12.3136],[4.2016,12.3226],[4.2049,12.3244],[4.2119,12.3241],[4.2152,12.3202],[4.2237,12.3232],[4.2276,12.3226],[4.2308,12.3245],[4.2337,12.3236],[4.2371,12.3307],[4.2353,12.3327],[4.2315,12.3343],[4.2291,12.3369],[4.228,12.3403],[4.2258,12.3423],[4.2274,12.3501],[4.232,12.3516],[4.2326,12.3549],[4.2282,12.3573],[4.2222,12.3582],[4.2166,12.3626],[4.2167,12.3792],[4.2155,12.3822],[4.2116,12.3817],[4.2078,12.3843],[4.2047,12.385],[4.2003,12.382],[4.1998,12.386],[4.1959,12.3855],[4.1904,12.3867],[4.1864,12.3913],[4.1812,12.3915],[4.1787,12.3909],[4.1704,12.387],[4.1669,12.3838],[4.1611,12.3835],[4.1594,12.3822],[4.1562,12.3761],[4.1507,12.3759],[4.1426,12.3763],[4.1403,12.3778],[4.1339,12.3782]]]},"properties":{"name":"KALGO","state":"21","code":"21/12/05"}},{"type":"Feature","geometry":{"type":"Polygon","coordinates":[[[3.8883,12.428],[3.8923,12.424],[3.8935,12.4158],[3.8965,12.4124],[3.8994,12.4113],[3.9062,12.411],[3.9153,12.4074],[3.9181,12.4094],[3.927,12.4095],[3.9405,12.4118],[3.9452,12.4066],[3.9536,12.4064],[3.9586,12.4099],[3.9619,12.4135],[3.967,12.4154],[3.9708,12.4123],[3.9761,12.4096],[3.983,12.4082],[3.9837,12.4047],[3.9883,12.4004],[3.9943,12.402],[3.9985,12.4046],[4.0012,12.4079],[4.0039,12.4113],[4.0103,12.4158],[4.0157,12.4184],[4.0214,12.4189],[4.0243,12.4184],[4.0288,12.4215],[4.0271,12.4234],[4.0324,12.4258],[4.0364,12.429],[4.0312,12.4316],[4.0295,12.4337],[4.0319,12.4423],[4.0295,12.4432],[4.0273,12.4462],[4.0243,12.4476],[4.0234,12.4521],[4.0167,12.4567],[4.0136,12.4603],[4.0127,12.4637],[4.0054,12.4704],[4.0033,12.4743],[3.9981,12.4755],[3.9922,12.4758],[3.9863,12.4738],[3.9807,12.4646],[3.977,12.4642],[3.9701,12.462],[3.9624,12.4566],[3.9554,12.4559],[3.9534,12.4542],[3.9498,12.4538],[3.9483,12.4557],[3.9461,12.4656],[3.9434,12.4666],[3.9414,12.4734],[3.9397,12.4738],[3.937,12.4695],[3.9351,12.4626],[3.9254,12.4558],[3.9222,12.4496],[3.9206,12.4486],[3.9193,12.4424],[3.9133,12.4418],[3.9105,12.4397],[3.9042,12.4375],[3.9032,12.441],[3.9008,12.4434],[3.899,12.4394],[3.8956,12.4343],[3.8906,12.431],[3.8883,12.428]]]},"properties":{"name":"KUKA","state":"21","code":"21/12/06"}},{"type":"Feature","geometry":{"type":"Polygon","coordinates":[[[3.9965,12.3091],[4.0004,12.3078],[3.9997,12.3031],[3.9958,12.2994],[3.9958,12.2963],[3.9921,12.2923],[3.9924,12.2901],[3.9956,12.2869],[3.9966,12.2836],[3.9991,12.2804],[4.0083,12.2825],[4.0091,12.2765],[4.0146,12.269],[4.0193,12.2649],[4.0205,12.2682],[4.0273,12.2769],[4.0294,12.2825],[4.0373,12.2912],[4.0391,12.2962],[4.0415,12.2986],[4.0398,12.3029],[4.0351,12.3058],[4.0333,12.3094],[4.0297,12.3114],[4.0249,12.3127],[4.0218,12.3156],[4.0169,12.3229],[4.0072,12.324],[3.9903,12.3277],[3.9895,12.3255],[3.99,12.3207],[3.9939,12.3163],[3.9971,12.3156],[3.9965,12.3091]]]},"properties":{"name":"MUTUBARI","state":"21","code":"21/12/07"}},{"type":"Feature","geometry":{"type":"Polygon","coordinates":[[[3.9863,12.4738],[3.9922,12.4758],[3.9981,12.4755],[4.0033,12.4743],[4.0054,12.4704],[4.0127,12.4637],[4.0136,12.4603],[4.0167,12.4567],[4.0234,12.4521],[4.0243,12.4476],[4.0273,12.4462],[4.0295,12.4432],[4.0319,12.4423],[4.0295,12.4337],[4.0312,12.4316],[4.0364,12.429],[4.042,12.4343],[4.0419,12.4363],[4.0437,12.4404],[4.0422,12.444],[4.0436,12.4477],[4.0461,12.451],[4.0599,12.455],[4.0614,12.4591],[4.0621,12.4659],[4.0612,12.4692],[4.0684,12.4799],[4.0777,12.4806],[4.083,12.4792],[4.0852,12.4769],[4.0889,12.4808],[4.0889,12.4854],[4.087,12.4843],[4.0839,12.4921],[4.0795,12.4967],[4.0743,12.5004],[4.0758,12.5044],[4.0799,12.5095],[4.0762,12.515],[4.0706,12.5202],[4.0683,12.5243],[4.0646,12.533],[4.0675,12.5349],[4.0682,12.5392],[4.0646,12.5446],[4.064,12.5478],[4.0594,12.5537],[4.0511,12.5522],[4.0475,12.5508],[4.0454,12.5474],[4.0366,12.5424],[4.0236,12.5407],[4.0189,12.5393],[4.0133,12.5362],[4.0028,12.5373],[4.0009,12.5386],[3.9948,12.5393],[3.9897,12.5405],[3.9833,12.5365],[3.9799,12.5327],[3.9792,12.5295],[3.9764,12.5287],[3.9666,12.5222],[3.9635,12.5189],[3.9634,12.5138],[3.9625,12.5119],[3.963,12.5063],[3.9659,12.5052],[3.9697,12.5021],[3.9738,12.4923],[3.9762,12.4907],[3.9769,12.4871],[3.9837,12.4821],[3.9863,12.4738]]]},"properties":{"name":"NAYILWA","state":"21","code":"21/12/08"}},{"type":"Feature","geometry":{"type":"Polygon","coordinates":[[[3.9903,12.3277],[4.0072,12.324],[4.0169,12.3229],[4.0218,12.3156],[4.0249,12.3127],[4.0297,12.3114],[4.0333,12.3094],[4.0374,12.312],[4.0398,12.3152],[4.0413,12.3214],[4.046,12.3237],[4.0467,12.3254],[4.0557,12.3218],[4.0606,12.3228],[4.061,12.3301],[4.0569,12.3373],[4.0486,12.3419],[4.0402,12.3506],[4.0356,12.3501],[4.0265,12.3476],[4.0233,12.3479],[4.0193,12.3466],[4.0086,12.347],[4.0049,12.3462],[3.9988,12.3486],[3.9926,12.3457],[3.9875,12.3445],[3.9856,12.3461],[3.9855,12.3526],[3.9722,12.3572],[3.9729,12.3546],[3.9776,12.3494],[3.9781,12.3455],[3.98,12.3436],[3.9869,12.3413],[3.9852,12.3387],[3.9881,12.3371],[3.9909,12.3326],[3.9881,12.3284],[3.9903,12.3277]]]},"properties":{"name":"WUROGAURI","state":"21","code":"21/12/09"}},{"type":"Feature","geometry":{"type":"Polygon","coordinates":[[[4.0419,12.4363],[4.042,12.4343],[4.0364,12.429],[4.0324,12.4258],[4.0271,12.4234],[4.0288,12.4215],[4.0243,12.4184],[4.0214,12.4189],[4.0157,12.4184],[4.0103,12.4158],[4.0039,12.4113],[4.0012,12.4079],[4.0048,12.406],[4.0082,12.4018],[4.0129,12.3999],[4.0155,12.3976],[4.0213,12.3951],[4.0228,12.3908],[4.0311,12.3827],[4.0369,12.3792],[4.0402,12.3808],[4.0443,12.3851],[4.0495,12.3872],[4.054,12.3932],[4.0552,12.3958],[4.06,12.3983],[4.0616,12.3959],[4.067,12.3934],[4.0692,12.3915],[4.0715,12.3771],[4.0725,12.3736],[4.0785,12.3649],[4.083,12.3604],[4.0871,12.3619],[4.0912,12.3605],[4.1007,12.3632],[4.1033,12.3629],[4.107,12.3645],[4.1091,12.3638],[4.1126,12.3653],[4.1151,12.3688],[4.1125,12.3734],[4.1102,12.3792],[4.1043,12.3853],[4.1006,12.39],[4.0912,12.3995],[4.0903,12.4051],[4.0928,12.4101],[4.0902,12.4142],[4.0872,12.4172],[4.0795,12.4213],[4.0784,12.4231],[4.0739,12.4218],[4.066,12.4242],[4.0607,12.4239],[4.0569,12.427],[4.0529,12.429],[4.0419,12.4363]]]},"properties":{"name":"ZUGURU","state":"21","code":"21/12/10"}},{"type":"Feature","geometry":{"type":"Polygon","coordinates":[[[4.5437,11.4039],[4.5338,11.4126],[4.5248,11.419],[4.52,11.4262],[4.5157,11.4282],[4.5148,11.4271],[4.5179,11.415],[4.5183,11.4111],[4.5152,11.4047],[4.5176,11.4034],[4.5213,11.399],[4.5291,11.3938],[4.5318,11.3896],[4.5343,11.393],[4.5372,11.3945],[4.5387,11.3977],[4.5437,11.4039]]]},"properties":{"name":"KOKO MAGAJI","state":"21","code":"21/13/01"}},{"type":"Feature","geometry":{"type":"Polygon","coordinates":[[[4.3833,11.5061],[4.3858,11.5002],[4.3883,11.4924],[4.3888,11.4883],[4.3867,11.4823],[4.3873,11.4768],[4.3919,11.4649],[4.3927,11.4603],[4.3948,11.4593],[4.398,11.454],[4.4022,11.4494],[4.4044,11.444],[4.4132,11.4436],[4.4209,11.4455],[4.4267,11.4461],[4.4323,11.4452],[4.4461,11.441],[4.4477,11.4428],[4.4478,11.4505],[4.4525,11.4536],[4.4612,11.4537],[4.4643,11.4559],[4.4692,11.4572],[4.4734,11.4565],[4.487,11.4508],[4.4923,11.4506],[4.4994,11.4545],[4.5056,11.4522],[4.5076,11.4494],[4.5088,11.4446],[4.5136,11.4306],[4.5157,11.4282],[4.52,11.4262],[4.5248,11.419],[4.5338,11.4126],[4.5437,11.4039],[4.5506,11.4089],[4.5552,11.4162],[4.557,11.4169],[4.5591,11.4213],[4.5666,11.4279],[4.5712,11.4285],[4.5784,11.4321],[4.5817,11.4343],[4.5849,11.438],[4.5899,11.4408],[4.5926,11.4435],[4.5974,11.4448],[4.6011,11.4482],[4.6014,11.4534],[4.607,11.4597],[4.6019,11.4604],[4.5995,11.4622],[4.5896,11.4614],[4.5872,11.4628],[4.5826,11.4631],[4.5778,11.4625],[4.5759,11.4635],[4.5708,11.461],[4.5654,11.4599],[4.5637,11.4635],[4.5456,11.4547],[4.5385,11.4563],[4.534,11.4604],[4.5286,11.4631],[4.5264,11.4678],[4.5198,11.4753],[4.5177,11.4767],[4.5148,11.4838],[4.5084,11.4915],[4.5064,11.4988],[4.5049,11.5002],[4.4963,11.5013],[4.4948,11.5024],[4.4903,11.5022],[4.4817,11.5005],[4.478,11.5024],[4.4739,11.4971],[4.4657,11.4947],[4.4637,11.492],[4.4594,11.4908],[4.4508,11.4858],[4.4486,11.4834],[4.4396,11.4791],[4.4362,11.4812],[4.4293,11.4823],[4.4285,11.4842],[4.4221,11.4917],[4.4149,11.4967],[4.4123,11.5005],[4.4083,11.5017],[4.4075,11.5054],[4.4032,11.5094],[4.3999,11.5094],[4.3943,11.5127],[4.3879,11.5102],[4.3871,11.5081],[4.3833,11.5061]]]},"properties":{"name":"ILLELA/S/GARI","state":"21","code":"21/13/02"}},{"type":"Feature","geometry":{"type":"Polygon","coordinates":[[[4.5157,11.4282],[4.5136,11.4306],[4.5088,11.4446],[4.5076,11.4494],[4.5056,11.4522],[4.4994,11.4545],[4.4923,11.4506],[4.487,11.4508],[4.4734,11.4565],[4.4692,11.4572],[4.4643,11.4559],[4.4612,11.4537],[4.4525,11.4536],[4.4478,11.4505],[4.4477,11.4428],[4.4461,11.441],[4.4476,11.4359],[4.4463,11.4296],[4.4475,11.4261],[4.4471,11.4206],[4.4484,11.4143],[4.4554,11.4081],[4.4621,11.4058],[4.4637,11.4019],[4.4627,11.3978],[4.4676,11.395],[4.4711,11.3945],[4.4743,11.3922],[4.479,11.3917],[4.4837,11.3848],[4.4851,11.3813],[4.4911,11.3767],[4.4941,11.3752],[4.4954,11.372],[4.5023,11.3692],[4.5045,11.3652],[4.5077,11.3675],[4.5114,11.3685],[4.5133,11.3705],[4.5192,11.3714],[4.5229,11.3699],[4.5279,11.3699],[4.5324,11.3736],[4.5318,11.3796],[4.5325,11.3829],[4.5318,11.3896],[4.5291,11.3938],[4.5213,11.399],[4.5176,11.4034],[4.5152,11.4047],[4.5183,11.4111],[4.5179,11.415],[4.5148,11.4271],[4.5157,11.4282]]]},"properties":{"name":"KOKO FIRCIN","state":"21","code":"21/13/03"}},{"type":"Feature","geometry":{"type":"Polygon","coordinates":[[[4.3943,11.5127],[4.3999,11.5094],[4.4032,11.5094],[4.4075,11.5054],[4.4083,11.5017],[4.4123,11.5005],[4.4149,11.4967],[4.4221,11.4917],[4.4285,11.4842],[4.4293,11.4823],[4.4362,11.4812],[4.4396,11.4791],[4.4486,11.4834],[4.4508,11.4858],[4.4594,11.4908],[4.4637,11.492],[4.4657,11.4947],[4.4739,11.4971],[4.478,11.5024],[4.4817,11.5005],[4.4903,11.5022],[4.4948,11.5024],[4.492,11.5111],[4.4838,11.5289],[4.4829,11.532],[4.4968,11.5524],[4.4694,11.5765],[4.4648,11.5801],[4.4623,11.575],[4.4563,11.5679],[4.4504,11.553],[4.4457,11.5439],[4.4408,11.5433],[4.4346,11.5455],[4.431,11.5446],[4.4242,11.547],[4.4198,11.5519],[4.415,11.5506],[4.4123,11.554],[4.4086,11.5561],[4.4043,11.56],[4.4029,11.5565],[4.3966,11.5448],[4.3957,11.5414],[4.3971,11.534],[4.3969,11.5231],[4.3948,11.5206],[4.3952,11.5169],[4.3943,11.5127]]]},"properties":{"name":"DADA/ALELU","state":"21","code":"21/13/04"}},{"type":"Feature","geometry":{"type":"Polygon","coordinates":[[[4.3591,11.5802],[4.3605,11.5869],[4.3604,11.5914],[4.3641,11.6039],[4.3626,11.6084],[4.3688,11.6193],[4.3645,11.6271],[4.3636,11.6307],[4.359,11.6363],[4.3554,11.6388],[4.3531,11.6425],[4.3504,11.6432],[4.3455,11.6497],[4.3374,11.654],[4.3373,11.6555],[4.3338,11.6585],[4.3307,11.6648],[4.3269,11.6659],[4.3237,11.6692],[4.3213,11.6702],[4.3163,11.6773],[4.3121,11.6813],[4.311,11.684],[4.3072,11.6881],[4.3044,11.6895],[4.2993,11.6965],[4.2959,11.7045],[4.2918,11.7083],[4.2892,11.7093],[4.285,11.7025],[4.2823,11.7014],[4.2774,11.7018],[4.2755,11.7059],[4.2694,11.704],[4.2655,11.6994],[4.2651,11.6933],[4.2626,11.6905],[4.2575,11.688],[4.2547,11.6822],[4.2558,11.6769],[4.2589,11.6755],[4.2584,11.6709],[4.256,11.6677],[4.2553,11.6627],[4.2523,11.6609],[4.2489,11.6623],[4.2489,11.6647],[4.2461,11.6699],[4.2446,11.6708],[4.2401,11.6666],[4.2407,11.6617],[4.242,11.6587],[4.241,11.6569],[4.2361,11.6562],[4.2297,11.6605],[4.227,11.6579],[4.2277,11.6539],[4.2315,11.6469],[4.232,11.6396],[4.2353,11.6356],[4.2379,11.6291],[4.243,11.6233],[4.2485,11.6211],[4.2503,11.6154],[4.2537,11.6109],[4.2578,11.609],[4.2592,11.6062],[4.2671,11.6073],[4.271,11.6068],[4.2729,11.6046],[4.2742,11.5995],[4.2772,11.5985],[4.2814,11.5951],[4.284,11.5884],[4.2912,11.5854],[4.2954,11.5857],[4.3032,11.5816],[4.3067,11.5817],[4.3169,11.5766],[4.3268,11.576],[4.3298,11.5767],[4.34,11.576],[4.3457,11.5779],[4.3514,11.5818],[4.3556,11.5803],[4.3591,11.5802]]]},"properties":{"name":"JADADI","state":"21","code":"21/13/05"}},{"type":"Feature","geometry":{"type":"Polygon","coordinates":[[[4.4043,11.56],[4.4086,11.5561],[4.4123,11.554],[4.415,11.5506],[4.4198,11.5519],[4.4242,11.547],[4.431,11.5446],[4.4346,11.5455],[4.4408,11.5433],[4.4457,11.5439],[4.4504,11.553],[4.4563,11.5679],[4.4623,11.575],[4.4648,11.5801],[4.4342,11.6036],[4.4192,11.6142],[4.4263,11.6634],[4.4273,11.6706],[4.3968,11.6922],[4.3751,11.7146],[4.3716,11.7247],[4.3688,11.7467],[4.3658,11.7483],[4.3591,11.7479],[4.355,11.7489],[4.3502,11.7471],[4.3493,11.7449],[4.3444,11.7417],[4.3452,11.7373],[4.3495,11.7335],[4.3506,11.7312],[4.3427,11.7261],[4.3399,11.726],[4.3332,11.7349],[4.3343,11.7381],[4.331,11.7423],[4.3275,11.7417],[4.327,11.7396],[4.3229,11.7391],[4.3209,11.7362],[4.3244,11.732],[4.3238,11.729],[4.321,11.723],[4.3172,11.7211],[4.3106,11.7236],[4.3093,11.7288],[4.3054,11.7313],[4.3026,11.7309],[4.2955,11.7357],[4.2923,11.7344],[4.2941,11.7285],[4.2934,11.7245],[4.2915,11.721],[4.2881,11.7185],[4.2851,11.7183],[4.2841,11.7157],[4.2861,11.7118],[4.2892,11.7093],[4.2918,11.7083],[4.2959,11.7045],[4.2993,11.6965],[4.3044,11.6895],[4.3072,11.6881],[4.311,11.684],[4.3121,11.6813],[4.3163,11.6773],[4.3213,11.6702],[4.3237,11.6692],[4.3269,11.6659],[4.3307,11.6648],[4.3338,11.6585],[4.3373,11.6555],[4.3374,11.654],[4.3455,11.6497],[4.3504,11.6432],[4.3531,11.6425],[4.3554,11.6388],[4.359,11.6363],[4.3636,11.6307],[4.3645,11.6271],[4.3688,11.6193],[4.3626,11.6084],[4.3641,11.6039],[4.3604,11.5914],[4.3605,11.5869],[4.3591,11.5802],[4.361,11.58],[4.3662,11.5756],[4.3714,11.5756],[4.3822,11.5715],[4.3832,11.5696],[4.3877,11.5694],[4.3923,11.5671],[4.3956,11.5594],[4.4017,11.5609],[4.4043,11.56]]]},"properties":{"name":"LANI/MANYAN/TAFUKKA/SHIBA","state":"21","code":"21/13/06"}},{"type":"Feature","geometry":{"type":"Polygon","coordinates":[[[4.4557,11.3124],[4.4541,11.3121],[4.4486,11.3075],[4.4371,11.3136],[4.4301,11.3134],[4.4255,11.31],[4.4207,11.3113],[4.4103,11.3099],[4.4081,11.3087],[4.3969,11.3071],[4.3972,11.3016],[4.3955,11.2983],[4.3897,11.2956],[4.3856,11.2909],[4.385,11.2879],[4.3872,11.2815],[4.3861,11.2797],[4.3825,11.2821],[4.3724,11.2868],[4.37,11.2897],[4.3692,11.2954],[4.3662,11.2947],[4.3613,11.2897],[4.3578,11.2815],[4.3644,11.2734],[4.3633,11.2688],[4.366,11.2652],[4.3681,11.2592],[4.3706,11.2587],[4.3754,11.2557],[4.3757,11.2503],[4.3796,11.247],[4.3818,11.2432],[4.3811,11.2408],[4.3773,11.2367],[4.3759,11.2326],[4.376,11.2286],[4.3814,11.2256],[4.3881,11.225],[4.3918,11.2296],[4.3951,11.2321],[4.4026,11.2296],[4.4084,11.2289],[4.4151,11.2306],[4.4205,11.2311],[4.4255,11.2362],[4.4312,11.24],[4.4348,11.2439],[4.4372,11.2371],[4.4396,11.2406],[4.4442,11.2434],[4.4468,11.2438],[4.4525,11.2476],[4.4555,11.2482],[4.4609,11.2516],[4.4643,11.2574],[4.4675,11.2592],[4.4697,11.2638],[4.4717,11.2643],[4.4698,11.2723],[4.4701,11.2785],[4.4665,11.2808],[4.4647,11.2867],[4.4654,11.2963],[4.4661,11.2997],[4.4614,11.308],[4.4608,11.31],[4.4557,11.3124]]]},"properties":{"name":"BESSE","state":"21","code":"21/13/07"}},{"type":"Feature","geometry":{"type":"Polygon","coordinates":[[[4.4627,11.3978],[4.4569,11.3888],[4.4561,11.3865],[4.4561,11.3802],[4.4528,11.3733],[4.454,11.3676],[4.453,11.3623],[4.4499,11.3581],[4.4535,11.3489],[4.4593,11.3414],[4.4598,11.3346],[4.4595,11.3278],[4.4604,11.3224],[4.4594,11.3193],[4.4557,11.3124],[4.4608,11.31],[4.4614,11.308],[4.4661,11.2997],[4.4654,11.2963],[4.4647,11.2867],[4.4665,11.2808],[4.4701,11.2785],[4.4698,11.2723],[4.4717,11.2643],[4.4743,11.2629],[4.48,11.258],[4.4865,11.2499],[4.4914,11.2446],[4.494,11.2434],[4.4982,11.2427],[4.5008,11.2436],[4.506,11.2421],[4.51,11.2428],[4.5098,11.2502],[4.5083,11.2532],[4.5102,11.2577],[4.5152,11.2589],[4.5182,11.2641],[4.5151,11.2672],[4.515,11.2699],[4.5128,11.2747],[4.5172,11.2793],[4.5165,11.284],[4.5134,11.2857],[4.5149,11.2886],[4.5136,11.2907],[4.5172,11.294],[4.5164,11.2963],[4.5208,11.3032],[4.5208,11.3055],[4.5255,11.3132],[4.5224,11.3207],[4.5172,11.322],[4.5158,11.328],[4.5161,11.3309],[4.5218,11.3407],[4.5232,11.3473],[4.5205,11.3535],[4.5234,11.3566],[4.5267,11.3621],[4.5297,11.363],[4.532,11.3666],[4.5345,11.3681],[4.5352,11.3716],[4.5324,11.3736],[4.5279,11.3699],[4.5229,11.3699],[4.5192,11.3714],[4.5133,11.3705],[4.5114,11.3685],[4.5077,11.3675],[4.5045,11.3652],[4.5023,11.3692],[4.4954,11.372],[4.4941,11.3752],[4.4911,11.3767],[4.4851,11.3813],[4.4837,11.3848],[4.479,11.3917],[4.4743,11.3922],[4.4711,11.3945],[4.4676,11.395],[4.4627,11.3978]]]},"properties":{"name":"TAKWARE","state":"21","code":"21/13/08"}},{"type":"Feature","geometry":{"type":"Polygon","coordinates":[[[4.3364,11.1831],[4.3415,11.186],[4.3475,11.1859],[4.351,11.1849],[4.3787,11.1726],[4.3829,11.1711],[4.3918,11.169],[4.4043,11.1674],[4.4071,11.1677],[4.4124,11.1707],[4.4189,11.1752],[4.4252,11.1768],[4.4311,11.1757],[4.4427,11.1719],[4.454,11.1669],[4.4617,11.1628],[4.483,11.1501],[4.4896,11.1491],[4.495,11.1502],[4.5039,11.1503],[4.5108,11.1492],[4.5145,11.1523],[4.5136,11.1545],[4.5157,11.1586],[4.5125,11.1598],[4.5074,11.1597],[4.5051,11.1622],[4.4991,11.1648],[4.5023,11.1705],[4.5031,11.1742],[4.5073,11.1771],[4.5062,11.1816],[4.5089,11.1842],[4.5031,11.1867],[4.4963,11.189],[4.4873,11.1942],[4.4825,11.1998],[4.4854,11.2042],[4.4924,11.2093],[4.4914,11.2128],[4.4888,11.2154],[4.4864,11.2232],[4.4878,11.231],[4.4904,11.238],[4.4938,11.2416],[4.494,11.2434],[4.4914,11.2446],[4.4865,11.2499],[4.48,11.258],[4.4743,11.2629],[4.4717,11.2643],[4.4697,11.2638],[4.4675,11.2592],[4.4643,11.2574],[4.4609,11.2516],[4.4555,11.2482],[4.4525,11.2476],[4.4468,11.2438],[4.4442,11.2434],[4.4396,11.2406],[4.4372,11.2371],[4.4348,11.2439],[4.4312,11.24],[4.4255,11.2362],[4.4205,11.2311],[4.4151,11.2306],[4.4084,11.2289],[4.4026,11.2296],[4.3951,11.2321],[4.3918,11.2296],[4.3881,11.225],[4.3814,11.2256],[4.376,11.2286],[4.3759,11.2326],[4.3773,11.2367],[4.3811,11.2408],[4.3818,11.2432],[4.3796,11.247],[4.3757,11.2503],[4.3754,11.2557],[4.3706,11.2587],[4.3681,11.2592],[4.366,11.2652],[4.3633,11.2688],[4.3644,11.2734],[4.3578,11.2815],[4.3522,11.2787],[4.3442,11.277],[4.341,11.2726],[4.335,11.2692],[4.3295,11.268],[4.3144,11.2694],[4.3107,11.269],[4.2931,11.2658],[4.2801,11.2643],[4.2796,11.2597],[4.2751,11.2589],[4.27,11.2549],[4.2652,11.2526],[4.258,11.2516],[4.2508,11.2482],[4.2563,11.2415],[4.2632,11.2352],[4.2649,11.2284],[4.2641,11.2234],[4.2607,11.2167],[4.2599,11.213],[4.2606,11.2079],[4.2628,11.205],[4.2676,11.2031],[4.2818,11.2037],[4.2871,11.2016],[4.2911,11.1989],[4.3014,11.1878],[4.3108,11.1784],[4.3172,11.1739],[4.3231,11.1729],[4.3294,11.1746],[4.3364,11.1831]]]},"properties":{"name":"DUTSIN MARI/DULMERU","state":"21","code":"21/13/09"}},{"type":"Feature","geometry":{"type":"Polygon","coordinates":[[[4.1824,11.311],[4.1845,11.3017],[4.1893,11.2921],[4.1944,11.287],[4.2046,11.2809],[4.2122,11.2741],[4.2149,11.2724],[4.2206,11.2716],[4.2321,11.2735],[4.2413,11.2729],[4.2439,11.2712],[4.2454,11.2661],[4.2461,11.2587],[4.2483,11.2521],[4.2508,11.2482],[4.258,11.2516],[4.2652,11.2526],[4.27,11.2549],[4.2751,11.2589],[4.2796,11.2597],[4.2801,11.2643],[4.2781,11.2684],[4.2789,11.2802],[4.2767,11.2901],[4.2751,11.2921],[4.2735,11.3016],[4.2744,11.3106],[4.2794,11.3164],[4.288,11.3223],[4.2942,11.3221],[4.3018,11.3234],[4.3043,11.3282],[4.3091,11.3347],[4.3113,11.3438],[4.3104,11.3457],[4.3046,11.3442],[4.2959,11.347],[4.2902,11.3459],[4.2868,11.3468],[4.2835,11.3445],[4.2802,11.3388],[4.2721,11.3389],[4.2694,11.3384],[4.2635,11.3354],[4.2602,11.3408],[4.2619,11.3423],[4.2617,11.3481],[4.2642,11.3529],[4.2649,11.3597],[4.2621,11.3664],[4.2594,11.3683],[4.2574,11.3614],[4.2484,11.3585],[4.2443,11.3535],[4.24,11.3541],[4.235,11.3562],[4.2323,11.3629],[4.2271,11.3578],[4.2245,11.3567],[4.2236,11.3543],[4.2166,11.3582],[4.2105,11.3589],[4.2065,11.3619],[4.2033,11.3612],[4.2,11.3622],[4.1934,11.3547],[4.1927,11.3506],[4.1905,11.3448],[4.1952,11.335],[4.1959,11.329],[4.1904,11.3211],[4.1904,11.3167],[4.1883,11.3119],[4.1885,11.3098],[4.1824,11.311]]]},"properties":{"name":"ZARIYA KALAKALA/AMIRU","state":"21","code":"21/13/10"}},{"type":"Feature","geometry":{"type":"Polygon","coordinates":[[[4.2594,11.3683],[4.2621,11.3664],[4.2649,11.3597],[4.2642,11.3529],[4.2617,11.3481],[4.2619,11.3423],[4.2602,11.3408],[4.2635,11.3354],[4.2694,11.3384],[4.2721,11.3389],[4.2802,11.3388],[4.2835,11.3445],[4.2868,11.3468],[4.2902,11.3459],[4.2959,11.347],[4.3046,11.3442],[4.3104,11.3457],[4.3113,11.3438],[4.3091,11.3347],[4.3043,11.3282],[4.3018,11.3234],[4.2942,11.3221],[4.288,11.3223],[4.2794,11.3164],[4.2744,11.3106],[4.2735,11.3016],[4.2751,11.2921],[4.2767,11.2901],[4.2789,11.2802],[4.2781,11.2684],[4.2801,11.2643],[4.2931,11.2658],[4.3107,11.269],[4.3144,11.2694],[4.3295,11.268],[4.335,11.2692],[4.341,11.2726],[4.3442,11.277],[4.3522,11.2787],[4.3578,11.2815],[4.3613,11.2897],[4.3662,11.2947],[4.3692,11.2954],[4.372,11.2966],[4.3781,11.2961],[4.3791,11.2971],[4.3763,11.3022],[4.3781,11.3087],[4.3805,11.3111],[4.3771,11.3146],[4.3702,11.3172],[4.3664,11.3201],[4.3656,11.3225],[4.3692,11.3242],[4.375,11.3242],[4.3784,11.3257],[4.3867,11.3251],[4.3902,11.3372],[4.3893,11.3387],[4.3849,11.335],[4.3822,11.3349],[4.3777,11.3329],[4.3731,11.3409],[4.3742,11.3535],[4.3808,11.3557],[4.3883,11.3601],[4.3916,11.3637],[4.3939,11.3732],[4.4008,11.3774],[4.4092,11.3794],[4.4153,11.3831],[4.4194,11.384],[4.4213,11.3859],[4.4181,11.3893],[4.4143,11.3954],[4.4078,11.4007],[4.401,11.4074],[4.3999,11.4101],[4.3943,11.4128],[4.3885,11.4174],[4.3868,11.4158],[4.3842,11.4101],[4.3776,11.405],[4.3762,11.4064],[4.3706,11.4082],[4.3689,11.4071],[4.3632,11.407],[4.356,11.4051],[4.3475,11.4055],[4.3411,11.4046],[4.3346,11.4029],[4.3324,11.4012],[4.3284,11.405],[4.323,11.4048],[4.3165,11.4073],[4.316,11.4032],[4.317,11.4016],[4.3144,11.3991],[4.3089,11.391],[4.2996,11.3867],[4.2969,11.384],[4.2855,11.3814],[4.2781,11.376],[4.276,11.3766],[4.2711,11.3752],[4.2676,11.3727],[4.2605,11.3726],[4.2594,11.3683]]]},"properties":{"name":"MADACCI/FIRINI","state":"21","code":"21/13/11"}},{"type":"Feature","geometry":{"type":"Polygon","coordinates":[[[4.3885,11.4174],[4.3943,11.4128],[4.3999,11.4101],[4.401,11.4074],[4.4078,11.4007],[4.4143,11.3954],[4.4181,11.3893],[4.4213,11.3859],[4.4194,11.384],[4.4153,11.3831],[4.4092,11.3794],[4.4008,11.3774],[4.3939,11.3732],[4.3916,11.3637],[4.3883,11.3601],[4.3808,11.3557],[4.3742,11.3535],[4.3731,11.3409],[4.3777,11.3329],[4.3822,11.3349],[4.3849,11.335],[4.3893,11.3387],[4.3902,11.3372],[4.3867,11.3251],[4.3784,11.3257],[4.375,11.3242],[4.3692,11.3242],[4.3656,11.3225],[4.3664,11.3201],[4.3702,11.3172],[4.3771,11.3146],[4.3805,11.3111],[4.3781,11.3087],[4.3763,11.3022],[4.3791,11.2971],[4.3781,11.2961],[4.372,11.2966],[4.3692,11.2954],[4.37,11.2897],[4.3724,11.2868],[4.3825,11.2821],[4.3861,11.2797],[4.3872,11.2815],[4.385,11.2879],[4.3856,11.2909],[4.3897,11.2956],[4.3955,11.2983],[4.3972,11.3016],[4.3969,11.3071],[4.4081,11.3087],[4.4103,11.3099],[4.4207,11.3113],[4.4255,11.31],[4.4301,11.3134],[4.4371,11.3136],[4.4486,11.3075],[4.4541,11.3121],[4.4557,11.3124],[4.4594,11.3193],[4.4604,11.3224],[4.4595,11.3278],[4.4598,11.3346],[4.4593,11.3414],[4.4535,11.3489],[4.4499,11.3581],[4.453,11.3623],[4.454,11.3676],[4.4528,11.3733],[4.4561,11.3802],[4.4561,11.3865],[4.4569,11.3888],[4.4627,11.3978],[4.4637,11.4019],[4.4621,11.4058],[4.4554,11.4081],[4.4484,11.4143],[4.4471,11.4206],[4.4475,11.4261],[4.4463,11.4296],[4.4476,11.4359],[4.4461,11.441],[4.4323,11.4452],[4.4267,11.4461],[4.4209,11.4455],[4.4132,11.4436],[4.4044,11.444],[4.4022,11.4494],[4.398,11.454],[4.3948,11.4593],[4.3927,11.4603],[4.3896,11.4577],[4.3871,11.4539],[4.3858,11.4444],[4.3844,11.4429],[4.3826,11.4365],[4.3833,11.4318],[4.3928,11.4237],[4.3885,11.4174]]]},"properties":{"name":"MAIKWARI/ KARAMAR/ DAMBA/ BAKOSHI","state":"21","code":"21/13/12"}},{"type":"Feature","geometry":{"type":"Polygon","coordinates":[[[4.4295,11.9065],[4.4265,11.9093],[4.4206,11.9167],[4.4192,11.9198],[4.4146,11.9221],[4.4115,11.9276],[4.4066,11.9259],[4.392,11.9177],[4.3868,11.9138],[4.3831,11.9131],[4.3736,11.9125],[4.3656,11.914],[4.3618,11.9134],[4.3561,11.9141],[4.3551,11.913],[4.3537,11.9062],[4.3553,11.8963],[4.3533,11.894],[4.3537,11.8891],[4.3528,11.885],[4.3534,11.8818],[4.3507,11.8795],[4.3492,11.8722],[4.3456,11.8686],[4.3459,11.8645],[4.3454,11.8554],[4.3517,11.8558],[4.3528,11.8544],[4.3632,11.8494],[4.364,11.8459],[4.3666,11.8395],[4.3715,11.8339],[4.373,11.8278],[4.376,11.8226],[4.3778,11.822],[4.3824,11.8161],[4.3851,11.8179],[4.3916,11.8173],[4.4022,11.8185],[4.4056,11.8173],[4.4109,11.8183],[4.4174,11.8176],[4.4202,11.8163],[4.4279,11.8157],[4.432,11.8069],[4.4327,11.8038],[4.4331,11.7932],[4.4345,11.7886],[4.4385,11.7801],[4.4427,11.7814],[4.4477,11.7817],[4.4517,11.7848],[4.4599,11.7859],[4.4637,11.7883],[4.4665,11.7882],[4.4682,11.7905],[4.4734,11.7941],[4.4785,11.7961],[4.4878,11.7892],[4.4911,11.7829],[4.4957,11.7811],[4.5048,11.7794],[4.506,11.7768],[4.5118,11.7691],[4.5152,11.762],[4.5351,11.7847],[4.549,11.7955],[4.544,11.8035],[4.5497,11.8109],[4.5512,11.8899],[4.549,11.8911],[4.5473,11.8873],[4.5371,11.8823],[4.5338,11.8785],[4.5286,11.8789],[4.5159,11.8775],[4.5072,11.8747],[4.5008,11.8747],[4.4944,11.8718],[4.4872,11.8709],[4.4816,11.8675],[4.4676,11.868],[4.461,11.8723],[4.457,11.8764],[4.4442,11.8872],[4.4392,11.8906],[4.4358,11.897],[4.4315,11.9024],[4.4295,11.9065]]]},"properties":{"name":"ANDARAI/ KURUNKUDU/ ZUGUN LIBA","state":"21","code":"21/14/01"}},{"type":"Feature","geometry":{"type":"Polygon","coordinates":[[[4.3033,12.15],[4.3054,12.1456],[4.3032,12.1416],[4.3026,12.1354],[4.3085,12.1306],[4.3097,12.1263],[4.3143,12.1218],[4.3179,12.1154],[4.3185,12.109],[4.3131,12.1037],[4.3078,12.1025],[4.3055,12.0997],[4.3042,12.0949],[4.2987,12.0933],[4.297,12.0904],[4.2915,12.0933],[4.2891,12.0897],[4.283,12.0859],[4.2767,12.0787],[4.2726,12.0787],[4.2657,12.0804],[4.2682,12.0763],[4.2737,12.0726],[4.2741,12.0713],[4.2779,12.0694],[4.2807,12.0657],[4.2871,12.0612],[4.2893,12.0581],[4.2966,12.0541],[4.3024,12.0517],[4.3071,12.0538],[4.3143,12.0587],[4.3211,12.0619],[4.3264,12.0617],[4.3315,12.0536],[4.3334,12.0494],[4.3363,12.0489],[4.3361,12.0441],[4.3388,12.0453],[4.3434,12.0497],[4.3474,12.0583],[4.3489,12.065],[4.3511,12.068],[4.3493,12.0702],[4.3492,12.0758],[4.345,12.0791],[4.3446,12.0809],[4.3404,12.0867],[4.3405,12.09],[4.3389,12.095],[4.3412,12.1001],[4.3412,12.1026],[4.3461,12.1132],[4.3496,12.1124],[4.3594,12.1146],[4.3669,12.1138],[4.3689,12.113],[4.3737,12.1141],[4.3794,12.1133],[4.3829,12.1269],[4.3831,12.1342],[4.3814,12.1428],[4.3776,12.1524],[4.3753,12.1569],[4.3687,12.1606],[4.3644,12.1657],[4.3602,12.1662],[4.3569,12.1678],[4.3475,12.1707],[4.3516,12.1741],[4.3466,12.1771],[4.3424,12.1785],[4.3396,12.1775],[4.3333,12.1728],[4.3268,12.17],[4.3143,12.1591],[4.3079,12.1522],[4.3033,12.15]]]},"properties":{"name":"GIWA TAZO/ZARA","state":"21","code":"21/14/02"}},{"type":"Feature","geometry":{"type":"Polygon","coordinates":[[[4.1465,12.206],[4.1527,12.1985],[4.159,12.1923],[4.165,12.1816],[4.1669,12.1805],[4.1725,12.1837],[4.1758,12.1884],[4.1799,12.1914],[4.1842,12.1924],[4.1873,12.1946],[4.1955,12.1987],[4.1996,12.2034],[4.2009,12.2074],[4.2047,12.2051],[4.2075,12.2052],[4.216,12.1994],[4.2202,12.1992],[4.2261,12.1952],[4.2339,12.1891],[4.2384,12.1863],[4.2407,12.1875],[4.2415,12.1916],[4.244,12.1951],[4.2427,12.2016],[4.2443,12.2052],[4.2435,12.2089],[4.2457,12.2128],[4.2458,12.2186],[4.2475,12.2235],[4.2477,12.2268],[4.2504,12.2343],[4.2486,12.2346],[4.241,12.2444],[4.2282,12.2529],[4.2212,12.2501],[4.218,12.2537],[4.2198,12.2587],[4.2189,12.2638],[4.2216,12.2735],[4.223,12.2762],[4.2276,12.2792],[4.2296,12.2815],[4.2362,12.2839],[4.2398,12.283],[4.2439,12.2839],[4.2473,12.2893],[4.248,12.293],[4.2523,12.2945],[4.2535,12.2957],[4.2516,12.3005],[4.2497,12.3032],[4.2457,12.3036],[4.2429,12.3061],[4.2389,12.3026],[4.2339,12.3004],[4.2308,12.3027],[4.2279,12.301],[4.2259,12.2949],[4.2213,12.2975],[4.2166,12.2987],[4.214,12.2965],[4.2122,12.2904],[4.2122,12.2824],[4.2058,12.288],[4.198,12.2898],[4.1959,12.2927],[4.1827,12.2942],[4.1769,12.2859],[4.1748,12.2771],[4.1765,12.2759],[4.1848,12.2673],[4.1896,12.2628],[4.1953,12.2599],[4.1916,12.2552],[4.1876,12.2514],[4.1868,12.2465],[4.1847,12.2423],[4.1819,12.2397],[4.1814,12.237],[4.1771,12.2375],[4.1668,12.2367],[4.1576,12.2307],[4.1504,12.2343],[4.1463,12.2351],[4.144,12.2297],[4.1441,12.2275],[4.1418,12.2256],[4.1409,12.2223],[4.137,12.2202],[4.141,12.2148],[4.1468,12.2119],[4.1465,12.206]]]},"properties":{"name":"GUMBIN KURE","state":"21","code":"21/14/03"}},{"type":"Feature","geometry":{"type":"Polygon","coordinates":[[[4.3848,11.9832],[4.3799,11.9767],[4.3767,11.9751],[4.3704,11.9781],[4.3682,11.9803],[4.3603,11.9856],[4.357,11.9895],[4.3478,11.997],[4.3476,11.9988],[4.3506,12.014],[4.3531,12.0181],[4.3512,12.0223],[4.3468,12.0277],[4.344,12.0289],[4.3356,12.0248],[4.3319,12.024],[4.327,12.0199],[4.323,12.0181],[4.3195,12.0144],[4.319,12.012],[4.3158,12.0066],[4.3154,12.0033],[4.3121,11.9961],[4.3092,11.9992],[4.3053,12.001],[4.2998,12.0014],[4.2929,12.0043],[4.2902,12.0069],[4.294,12.0144],[4.2932,12.0216],[4.2958,12.0286],[4.2929,12.0376],[4.293,12.0401],[4.2993,12.0462],[4.3,12.0488],[4.3024,12.0517],[4.2966,12.0541],[4.2893,12.0581],[4.2871,12.0612],[4.2807,12.0657],[4.2779,12.0694],[4.2741,12.0713],[4.2699,12.0636],[4.2703,12.054],[4.2656,12.048],[4.2654,12.0439],[4.2603,12.0339],[4.2566,12.0285],[4.251,12.0231],[4.2407,12.0036],[4.2438,11.9981],[4.2524,11.9898],[4.2566,11.9825],[4.2579,11.9779],[4.2613,11.9698],[4.2643,11.9663],[4.2721,11.9627],[4.28,11.9583],[4.294,11.9521],[4.3048,11.9595],[4.3087,11.9588],[4.3159,11.96],[4.3219,11.9585],[4.3265,11.9604],[4.3322,11.9598],[4.3341,11.9563],[4.34,11.9536],[4.3437,11.9485],[4.3436,11.9406],[4.3457,11.9356],[4.3512,11.9296],[4.3533,11.9233],[4.3529,11.9172],[4.3561,11.9141],[4.3618,11.9134],[4.3656,11.914],[4.3736,11.9125],[4.3831,11.9131],[4.3868,11.9138],[4.392,11.9177],[4.4066,11.9259],[4.4115,11.9276],[4.4146,11.9221],[4.4192,11.9198],[4.4206,11.9167],[4.4265,11.9093],[4.4295,11.9065],[4.4335,11.9083],[4.4373,11.9117],[4.4406,11.9164],[4.4428,11.9258],[4.439,11.9312],[4.429,11.9376],[4.4232,11.945],[4.4196,11.9484],[4.4162,11.954],[4.4108,11.9597],[4.4046,11.97],[4.3954,11.9793],[4.3922,11.9815],[4.3848,11.9832]]]},"properties":{"name":"KARAYE/DOGONDAJI","state":"21","code":"21/14/04"}},{"type":"Feature","geometry":{"type":"Polygon","coordinates":[[[4.3561,11.9141],[4.3529,11.9172],[4.3533,11.9233],[4.3512,11.9296],[4.3457,11.9356],[4.3436,11.9406],[4.3437,11.9485],[4.34,11.9536],[4.3341,11.9563],[4.3322,11.9598],[4.3265,11.9604],[4.3219,11.9585],[4.3159,11.96],[4.3087,11.9588],[4.3048,11.9595],[4.294,11.9521],[4.28,11.9583],[4.2721,11.9627],[4.2643,11.9663],[4.2613,11.9698],[4.2579,11.9779],[4.2566,11.9825],[4.2524,11.9898],[4.2438,11.9981],[4.2407,12.0036],[4.251,12.0231],[4.2566,12.0285],[4.2603,12.0339],[4.2654,12.0439],[4.2656,12.048],[4.2703,12.054],[4.2699,12.0636],[4.2741,12.0713],[4.2737,12.0726],[4.2682,12.0763],[4.2657,12.0804],[4.2619,12.0812],[4.2542,12.0785],[4.251,12.0757],[4.2482,12.0752],[4.2446,12.0714],[4.2389,12.0695],[4.2262,12.0706],[4.2215,12.0704],[4.2104,12.0718],[4.2058,12.0667],[4.2022,12.0584],[4.2013,12.0523],[4.1989,12.0486],[4.2007,12.0418],[4.2056,12.0373],[4.2066,12.031],[4.2101,12.026],[4.2097,12.0238],[4.2135,12.0178],[4.214,12.0136],[4.2159,12.0088],[4.2069,12.0031],[4.2021,12.002],[4.2028,11.9974],[4.205,11.9947],[4.2082,11.993],[4.2115,11.9881],[4.2164,11.9827],[4.2206,11.9825],[4.2245,11.9811],[4.2262,11.975],[4.229,11.9722],[4.2381,11.9651],[4.2409,11.9562],[4.2423,11.949],[4.2429,11.938],[4.2463,11.9277],[4.2451,11.9271],[4.2481,11.9177],[4.2479,11.9151],[4.2581,11.9119],[4.2631,11.9098],[4.2709,11.9119],[4.2802,11.9091],[4.2823,11.9076],[4.2851,11.909],[4.2885,11.9083],[4.2916,11.8969],[4.2938,11.8953],[4.2983,11.8885],[4.2989,11.8827],[4.3002,11.8771],[4.3018,11.8745],[4.3026,11.8691],[4.307,11.8614],[4.3075,11.8557],[4.3102,11.8522],[4.3128,11.8402],[4.3136,11.821],[4.3224,11.8197],[4.3284,11.8172],[4.3359,11.8167],[4.333,11.8119],[4.334,11.8082],[4.3324,11.8032],[4.3324,11.7963],[4.3331,11.7942],[4.3369,11.7944],[4.3398,11.7963],[4.3452,11.7967],[4.3462,11.7936],[4.3491,11.7948],[4.3535,11.7983],[4.3556,11.7983],[4.3622,11.7958],[4.3646,11.7983],[4.3639,11.8003],[4.3676,11.8047],[4.3709,11.8061],[4.378,11.8118],[4.3791,11.8146],[4.3824,11.8161],[4.3778,11.822],[4.376,11.8226],[4.373,11.8278],[4.3715,11.8339],[4.3666,11.8395],[4.364,11.8459],[4.3632,11.8494],[4.3528,11.8544],[4.3517,11.8558],[4.3454,11.8554],[4.3459,11.8645],[4.3456,11.8686],[4.3492,11.8722],[4.3507,11.8795],[4.3534,11.8818],[4.3528,11.885],[4.3537,11.8891],[4.3533,11.894],[4.3553,11.8963],[4.3537,11.9062],[4.3551,11.913],[4.3561,11.9141]]]},"properties":{"name":"KAWARA/S/SARA/YARKAMBA","state":"21","code":"21/14/05"}},{"type":"Feature","geometry":{"type":"Polygon","coordinates":[[[4.2176,12.1165],[4.2209,12.1124],[4.2267,12.1109],[4.2312,12.1117],[4.2381,12.1116],[4.2432,12.1125],[4.2504,12.1106],[4.2544,12.111],[4.2586,12.11],[4.2595,12.1078],[4.2655,12.106],[4.2711,12.1028],[4.2763,12.0985],[4.2808,12.0933],[4.2879,12.0923],[4.2915,12.0933],[4.297,12.0904],[4.2987,12.0933],[4.3042,12.0949],[4.3055,12.0997],[4.3078,12.1025],[4.3131,12.1037],[4.3185,12.109],[4.3179,12.1154],[4.3143,12.1218],[4.3097,12.1263],[4.3085,12.1306],[4.3026,12.1354],[4.3032,12.1416],[4.3054,12.1456],[4.3033,12.15],[4.3012,12.1538],[4.2972,12.1546],[4.2896,12.1599],[4.2857,12.1589],[4.2723,12.158],[4.268,12.1584],[4.2654,12.1561],[4.2595,12.1535],[4.2557,12.1539],[4.2517,12.1531],[4.2457,12.1569],[4.2411,12.1589],[4.2396,12.162],[4.2352,12.1622],[4.2271,12.1605],[4.2247,12.1577],[4.2217,12.1438],[4.2207,12.1371],[4.2151,12.1377],[4.2156,12.1255],[4.2175,12.1203],[4.2176,12.1165]]]},"properties":{"name":"KUBERI / GIDIGA","state":"21","code":"21/14/06"}},{"type":"Feature","geometry":{"type":"Polygon","coordinates":[[[4.3688,11.7467],[4.3728,11.7467],[4.3767,11.7416],[4.381,11.7403],[4.3854,11.746],[4.3863,11.7495],[4.3849,11.7532],[4.3814,11.7535],[4.3807,11.7561],[4.3777,11.7581],[4.3804,11.7607],[4.3892,11.7597],[4.3918,11.7558],[4.3949,11.7567],[4.4136,11.7302],[4.4172,11.7085],[4.4364,11.7108],[4.4464,11.7184],[4.4491,11.7204],[4.4869,11.7405],[4.4987,11.75],[4.5097,11.7558],[4.5152,11.762],[4.5118,11.7691],[4.506,11.7768],[4.5048,11.7794],[4.4957,11.7811],[4.4911,11.7829],[4.4878,11.7892],[4.4785,11.7961],[4.4734,11.7941],[4.4682,11.7905],[4.4665,11.7882],[4.4637,11.7883],[4.4599,11.7859],[4.4517,11.7848],[4.4477,11.7817],[4.4427,11.7814],[4.4385,11.7801],[4.4345,11.7886],[4.4331,11.7932],[4.4327,11.8038],[4.432,11.8069],[4.4279,11.8157],[4.4202,11.8163],[4.4174,11.8176],[4.4109,11.8183],[4.4056,11.8173],[4.4022,11.8185],[4.3916,11.8173],[4.3851,11.8179],[4.3824,11.8161],[4.3791,11.8146],[4.378,11.8118],[4.3709,11.8061],[4.3676,11.8047],[4.3639,11.8003],[4.3646,11.7983],[4.3622,11.7958],[4.3556,11.7983],[4.3535,11.7983],[4.3491,11.7948],[4.3462,11.7936],[4.3452,11.7967],[4.3398,11.7963],[4.3369,11.7944],[4.3331,11.7942],[4.3258,11.7907],[4.3234,11.7869],[4.3183,11.7837],[4.316,11.7787],[4.3112,11.7777],[4.3112,11.7739],[4.3079,11.7704],[4.3078,11.7647],[4.3044,11.764],[4.3032,11.7611],[4.3046,11.7572],[4.3017,11.7471],[4.3036,11.7427],[4.2979,11.7396],[4.2955,11.7357],[4.3026,11.7309],[4.3054,11.7313],[4.3093,11.7288],[4.3106,11.7236],[4.3172,11.7211],[4.321,11.723],[4.3238,11.729],[4.3244,11.732],[4.3209,11.7362],[4.3229,11.7391],[4.327,11.7396],[4.3275,11.7417],[4.331,11.7423],[4.3343,11.7381],[4.3332,11.7349],[4.3399,11.726],[4.3427,11.7261],[4.3506,11.7312],[4.3495,11.7335],[4.3452,11.7373],[4.3444,11.7417],[4.3493,11.7449],[4.3502,11.7471],[4.355,11.7489],[4.3591,11.7479],[4.3658,11.7483],[4.3688,11.7467]]]},"properties":{"name":"LIBA/DANWA/KUKA KOGO","state":"21","code":"21/14/07"}},{"type":"Feature","geometry":{"type":"Polygon","coordinates":[[[4.3794,12.1133],[4.3737,12.1141],[4.3689,12.113],[4.3669,12.1138],[4.3594,12.1146],[4.3496,12.1124],[4.3461,12.1132],[4.3412,12.1026],[4.3412,12.1001],[4.3389,12.095],[4.3405,12.09],[4.3404,12.0867],[4.3446,12.0809],[4.345,12.0791],[4.3492,12.0758],[4.3493,12.0702],[4.3511,12.068],[4.3574,12.0668],[4.3611,12.0681],[4.3671,12.0669],[4.374,12.0648],[4.3767,12.0632],[4.3796,12.0661],[4.3794,12.0742],[4.376,12.0771],[4.3813,12.0781],[4.3806,12.0829],[4.3782,12.091],[4.3752,12.0952],[4.3757,12.0999],[4.3794,12.1133]]]},"properties":{"name":"MAIYAMA","state":"21","code":"21/14/08"}},{"type":"Feature","geometry":{"type":"Polygon","coordinates":[[[4.1158,12.0748],[4.1214,12.0737],[4.1272,12.0716],[4.1336,12.0716],[4.1411,12.0696],[4.1479,12.0706],[4.1546,12.0728],[4.1614,12.0677],[4.1649,12.0666],[4.1604,12.0606],[4.1579,12.0536],[4.156,12.0508],[4.1581,12.0474],[4.1623,12.0463],[4.1682,12.0409],[4.1713,12.0402],[4.1751,12.0437],[4.1779,12.0452],[4.1828,12.0458],[4.1857,12.0452],[4.19,12.0477],[4.1989,12.0486],[4.2013,12.0523],[4.2022,12.0584],[4.2058,12.0667],[4.2104,12.0718],[4.2215,12.0704],[4.2262,12.0706],[4.2389,12.0695],[4.2446,12.0714],[4.2482,12.0752],[4.251,12.0757],[4.2542,12.0785],[4.2619,12.0812],[4.2657,12.0804],[4.2726,12.0787],[4.2767,12.0787],[4.283,12.0859],[4.2891,12.0897],[4.2915,12.0933],[4.2879,12.0923],[4.2808,12.0933],[4.2763,12.0985],[4.2711,12.1028],[4.2655,12.106],[4.2595,12.1078],[4.2586,12.11],[4.2544,12.111],[4.2504,12.1106],[4.2432,12.1125],[4.2381,12.1116],[4.2312,12.1117],[4.2267,12.1109],[4.2209,12.1124],[4.2176,12.1165],[4.2116,12.1125],[4.2018,12.1091],[4.2003,12.1069],[4.1886,12.108],[4.1806,12.1104],[4.1751,12.1068],[4.1724,12.1085],[4.1722,12.116],[4.1696,12.1228],[4.1701,12.1249],[4.1673,12.1289],[4.1711,12.1417],[4.176,12.1495],[4.1684,12.1531],[4.1706,12.1575],[4.1704,12.1629],[4.1662,12.1705],[4.1651,12.1757],[4.1669,12.1805],[4.165,12.1816],[4.159,12.1923],[4.1527,12.1985],[4.1465,12.206],[4.1391,12.2015],[4.1385,12.1985],[4.1312,12.1908],[4.1304,12.1842],[4.1224,12.1763],[4.118,12.1735],[4.1177,12.171],[4.1154,12.1703],[4.1148,12.1673],[4.1176,12.1648],[4.1171,12.1607],[4.1208,12.1591],[4.1209,12.1555],[4.1226,12.1507],[4.1206,12.1476],[4.1236,12.1456],[4.1283,12.1456],[4.1283,12.1409],[4.1317,12.139],[4.1325,12.1366],[4.1292,12.1295],[4.1251,12.1304],[4.1261,12.1251],[4.125,12.1234],[4.1208,12.1223],[4.1197,12.1197],[4.1171,12.1178],[4.1101,12.1202],[4.1093,12.118],[4.1059,12.1169],[4.1002,12.1179],[4.0981,12.113],[4.1006,12.1089],[4.1004,12.1048],[4.0976,12.1038],[4.1019,12.1008],[4.1022,12.0993],[4.0985,12.0956],[4.0989,12.0922],[4.1007,12.0899],[4.1046,12.091],[4.1147,12.0868],[4.1158,12.0748]]]},"properties":{"name":"MUNGADI/BOTORO","state":"21","code":"21/14/09"}},{"type":"Feature","geometry":{"type":"Polygon","coordinates":[[[4.2911,12.2422],[4.2889,12.2469],[4.2899,12.2492],[4.2865,12.2502],[4.2866,12.2528],[4.2838,12.2571],[4.2789,12.2558],[4.2776,12.2586],[4.2811,12.2629],[4.2789,12.2709],[4.2795,12.2737],[4.2776,12.2818],[4.2738,12.2818],[4.2731,12.2854],[4.2761,12.2848],[4.2788,12.2881],[4.2854,12.29],[4.2899,12.2983],[4.29,12.3023],[4.2815,12.3087],[4.2771,12.3133],[4.2749,12.3134],[4.2708,12.3091],[4.271,12.3066],[4.2688,12.3031],[4.2683,12.3],[4.2659,12.3001],[4.2568,12.2902],[4.2532,12.2897],[4.2523,12.2945],[4.248,12.293],[4.2473,12.2893],[4.2439,12.2839],[4.2398,12.283],[4.2362,12.2839],[4.2296,12.2815],[4.2276,12.2792],[4.223,12.2762],[4.2216,12.2735],[4.2189,12.2638],[4.2198,12.2587],[4.218,12.2537],[4.2212,12.2501],[4.2282,12.2529],[4.241,12.2444],[4.2486,12.2346],[4.2504,12.2343],[4.2477,12.2268],[4.2475,12.2235],[4.2458,12.2186],[4.2457,12.2128],[4.2435,12.2089],[4.2443,12.2052],[4.2427,12.2016],[4.244,12.1951],[4.2479,12.1982],[4.2518,12.2027],[4.2527,12.2063],[4.2601,12.2129],[4.2647,12.2151],[4.269,12.216],[4.2695,12.2121],[4.2745,12.2138],[4.2783,12.2122],[4.2832,12.2124],[4.2845,12.2167],[4.2839,12.2235],[4.2849,12.2301],[4.2834,12.2342],[4.2842,12.2373],[4.2911,12.2422]]]},"properties":{"name":"SAMBAWA/MAYALO","state":"21","code":"21/14/10"}},{"type":"Feature","geometry":{"type":"Polygon","coordinates":[[[4.3767,12.0632],[4.374,12.0648],[4.3671,12.0669],[4.3611,12.0681],[4.3574,12.0668],[4.3511,12.068],[4.3489,12.065],[4.3474,12.0583],[4.3434,12.0497],[4.3388,12.0453],[4.3361,12.0441],[4.3363,12.0489],[4.3334,12.0494],[4.3315,12.0536],[4.3264,12.0617],[4.3211,12.0619],[4.3143,12.0587],[4.3071,12.0538],[4.3024,12.0517],[4.3,12.0488],[4.2993,12.0462],[4.293,12.0401],[4.2929,12.0376],[4.2958,12.0286],[4.2932,12.0216],[4.294,12.0144],[4.2902,12.0069],[4.2929,12.0043],[4.2998,12.0014],[4.3053,12.001],[4.3092,11.9992],[4.3121,11.9961],[4.3154,12.0033],[4.3158,12.0066],[4.319,12.012],[4.3195,12.0144],[4.323,12.0181],[4.327,12.0199],[4.3319,12.024],[4.3356,12.0248],[4.344,12.0289],[4.3468,12.0277],[4.3512,12.0223],[4.3531,12.0181],[4.3506,12.014],[4.3476,11.9988],[4.3478,11.997],[4.357,11.9895],[4.3603,11.9856],[4.3682,11.9803],[4.3704,11.9781],[4.3767,11.9751],[4.3799,11.9767],[4.3848,11.9832],[4.3895,11.9912],[4.394,11.9976],[4.3972,12.0008],[4.402,12.004],[4.4076,12.0205],[4.4034,12.0263],[4.3933,12.03],[4.3827,12.0343],[4.382,12.0366],[4.3823,12.0453],[4.3802,12.0553],[4.3767,12.0632]]]},"properties":{"name":"SARANDOSA/GUBBA","state":"21","code":"21/14/11"}},{"type":"Feature","geometry":{"type":"Polygon","coordinates":[[[5.033,10.7477],[5.0337,10.7512],[5.0358,10.7521],[5.0365,10.7563],[5.0431,10.7603],[5.042,10.7659],[5.0448,10.7657],[5.0456,10.7714],[5.0437,10.7758],[5.0441,10.7794],[5.0417,10.7819],[5.0456,10.7855],[5.0475,10.7933],[5.049,10.7948],[5.0457,10.7995],[5.0403,10.8031],[5.036,10.8114],[5.0321,10.8161],[5.0283,10.8233],[5.0251,10.8269],[5.0231,10.8356],[5.0231,10.839],[5.0215,10.844],[5.0158,10.8525],[5.0145,10.858],[5.0077,10.8565],[5.0007,10.8581],[4.996,10.8549],[4.9924,10.8554],[4.9865,10.8491],[4.9844,10.8439],[4.9796,10.841],[4.9786,10.8375],[4.9745,10.8358],[4.9688,10.8321],[4.9659,10.8323],[4.9576,10.8289],[4.9528,10.8251],[4.9465,10.8218],[4.9436,10.8218],[4.9403,10.8184],[4.942,10.8132],[4.9396,10.8104],[4.9401,10.8076],[4.9433,10.8043],[4.9442,10.8005],[4.9302,10.793],[4.9248,10.7883],[4.9234,10.7892],[4.9194,10.7847],[4.9194,10.7787],[4.9131,10.7741],[4.909,10.7725],[4.9079,10.7709],[4.904,10.7715],[4.9004,10.7754],[4.8977,10.7802],[4.8953,10.7863],[4.8908,10.7868],[4.8803,10.7839],[4.8757,10.7846],[4.8715,10.7838],[4.8693,10.7876],[4.8705,10.7905],[4.8672,10.7951],[4.8675,10.7968],[4.8629,10.8006],[4.8577,10.8037],[4.8594,10.8079],[4.8599,10.8128],[4.859,10.8176],[4.8528,10.824],[4.8577,10.8278],[4.864,10.8277],[4.8712,10.83],[4.8722,10.8333],[4.8688,10.8344],[4.8657,10.8378],[4.8617,10.8502],[4.8576,10.8561],[4.8561,10.8641],[4.8517,10.8644],[4.8487,10.857],[4.8383,10.8513],[4.8304,10.8536],[4.8261,10.8528],[4.8264,10.8486],[4.8252,10.8449],[4.819,10.8425],[4.8176,10.84],[4.8127,10.8361],[4.8115,10.8293],[4.8122,10.8269],[4.8072,10.8233],[4.8016,10.8236],[4.7993,10.8256],[4.7912,10.8242],[4.7891,10.8187],[4.7829,10.8171],[4.7781,10.8175],[4.7698,10.816],[4.7653,10.8171],[4.7555,10.8107],[4.7523,10.8098],[4.7549,10.8047],[4.7588,10.8001],[4.7614,10.7933],[4.758,10.7874],[4.7582,10.7832],[4.7569,10.7775],[4.7544,10.7742],[4.7448,10.766],[4.745,10.7619],[4.7534,10.7585],[4.7626,10.7565],[4.7646,10.752],[4.7693,10.7506],[4.7742,10.7502],[4.781,10.7529],[4.7825,10.7424],[4.787,10.7339],[4.7896,10.7269],[4.7923,10.7278],[4.7972,10.7324],[4.7992,10.7329],[4.8024,10.7386],[4.8056,10.7365],[4.8108,10.7362],[4.817,10.7338],[4.825,10.7352],[4.8301,10.74],[4.8315,10.7369],[4.8352,10.7334],[4.8396,10.7249],[4.8438,10.7202],[4.848,10.7116],[4.8474,10.7075],[4.8431,10.7004],[4.8462,10.6992],[4.8493,10.7],[4.8551,10.7051],[4.8625,10.7082],[4.8662,10.708],[4.8702,10.7035],[4.8736,10.7024],[4.8811,10.7039],[4.8878,10.7061],[4.8937,10.7066],[4.8966,10.7048],[4.8981,10.7002],[4.9006,10.6952],[4.9083,10.6902],[4.9205,10.6891],[4.9275,10.6947],[4.9302,10.6937],[4.9327,10.6889],[4.9417,10.6887],[4.9495,10.6914],[4.951,10.6938],[4.9507,10.6986],[4.955,10.7062],[4.9577,10.7073],[4.9652,10.7075],[4.9735,10.7104],[4.9793,10.7171],[4.9868,10.7171],[5.0031,10.7221],[5.0085,10.7217],[5.012,10.7239],[5.0131,10.7268],[5.0127,10.7338],[5.0138,10.7384],[5.0176,10.7408],[5.0242,10.7487],[5.0269,10.7504],[5.033,10.7477]]]},"properties":{"name":"BIRNIN YAURI","state":"21","code":"21/15/01"}},{"type":"Feature","geometry":{"type":"Polygon","coordinates":[[[4.7063,10.4739],[4.7035,10.4771],[4.7001,10.4784],[4.6974,10.4812],[4.6949,10.4811],[4.6885,10.4843],[4.6815,10.4812],[4.6763,10.4805],[4.6734,10.4828],[4.6731,10.4851],[4.668,10.4869],[4.662,10.49],[4.6566,10.492],[4.6536,10.4916],[4.6522,10.4947],[4.6474,10.4976],[4.6376,10.4978],[4.6374,10.4947],[4.6288,10.4915],[4.5844,10.4945],[4.585,10.491],[4.5911,10.477],[4.5914,10.4702],[4.5914,10.4474],[4.5965,10.4428],[4.5996,10.4383],[4.5982,10.4285],[4.5956,10.423],[4.5941,10.4134],[4.5637,10.4127],[4.5658,10.3939],[4.5655,10.3908],[4.5614,10.3783],[4.6567,10.3525],[4.6542,10.3396],[4.6563,10.337],[4.6571,10.3327],[4.6562,10.3285],[4.6534,10.3231],[4.6521,10.3145],[4.6571,10.3123],[4.6596,10.3081],[4.66,10.3042],[4.6582,10.2992],[4.6563,10.2979],[4.6547,10.2911],[4.6512,10.2843],[4.6538,10.2815],[4.6572,10.2845],[4.6662,10.2876],[4.6653,10.2912],[4.6681,10.2986],[4.6704,10.307],[4.6752,10.3169],[4.6807,10.3143],[4.688,10.3196],[4.691,10.3162],[4.6907,10.3129],[4.6923,10.3106],[4.6961,10.3097],[4.699,10.3065],[4.7031,10.3077],[4.7069,10.3044],[4.7054,10.2975],[4.7118,10.2925],[4.7045,10.288],[4.7032,10.2863],[4.6916,10.2827],[4.6867,10.2819],[4.6859,10.2793],[4.6798,10.2769],[4.6777,10.2731],[4.6706,10.2686],[4.6652,10.2689],[4.6617,10.2563],[4.6641,10.2491],[4.6649,10.2448],[4.6669,10.2426],[4.6667,10.2389],[4.6688,10.2335],[4.6694,10.2261],[4.6769,10.2303],[4.697,10.2403],[4.7287,10.2482],[4.736,10.2488],[4.7549,10.2523],[4.7716,10.2557],[4.7777,10.2566],[4.794,10.2606],[4.8013,10.2619],[4.8035,10.2646],[4.7967,10.2699],[4.7948,10.2735],[4.7904,10.277],[4.7788,10.2795],[4.7779,10.2863],[4.7795,10.2913],[4.7842,10.2926],[4.7874,10.3012],[4.7872,10.3066],[4.7883,10.3115],[4.7835,10.3146],[4.7821,10.3176],[4.7825,10.3243],[4.7798,10.3276],[4.7802,10.3304],[4.7783,10.3348],[4.7696,10.3318],[4.7605,10.3341],[4.7595,10.3361],[4.7617,10.3388],[4.7598,10.3412],[4.7585,10.3467],[4.7539,10.3535],[4.7543,10.3565],[4.7531,10.3601],[4.754,10.3634],[4.753,10.3654],[4.7551,10.3682],[4.7545,10.3729],[4.7595,10.3752],[4.7573,10.3791],[4.756,10.384],[4.7519,10.3848],[4.7513,10.3834],[4.7449,10.3831],[4.7394,10.3812],[4.7338,10.3817],[4.7323,10.3908],[4.7309,10.3955],[4.7286,10.3992],[4.7232,10.3977],[4.7175,10.3974],[4.7139,10.4019],[4.7083,10.4042],[4.7014,10.4087],[4.701,10.4117],[4.6976,10.4138],[4.6977,10.4164],[4.6997,10.422],[4.7026,10.4253],[4.7028,10.4324],[4.6997,10.4346],[4.6985,10.4379],[4.7015,10.4443],[4.7003,10.4467],[4.7013,10.4501],[4.6997,10.453],[4.7,10.4584],[4.7025,10.4638],[4.7029,10.4677],[4.7063,10.4739]]]},"properties":{"name":"GAFARA MACHUPA","state":"21","code":"21/15/02"}},{"type":"Feature","geometry":{"type":"Polygon","coordinates":[[[4.7896,10.7269],[4.7837,10.7253],[4.7832,10.7215],[4.7792,10.7177],[4.7775,10.7133],[4.7712,10.7108],[4.7651,10.7094],[4.7609,10.7104],[4.7555,10.7085],[4.7501,10.708],[4.7502,10.7007],[4.7484,10.6984],[4.7497,10.6925],[4.7522,10.6894],[4.7501,10.672],[4.752,10.6665],[4.7409,10.6675],[4.7392,10.6648],[4.7339,10.6649],[4.7294,10.6635],[4.7276,10.6611],[4.7273,10.6574],[4.7295,10.6525],[4.7326,10.6485],[4.7345,10.6442],[4.7301,10.6409],[4.7354,10.6361],[4.737,10.6379],[4.7443,10.6359],[4.7477,10.6302],[4.7477,10.6275],[4.7506,10.6195],[4.7511,10.6149],[4.7506,10.6057],[4.7533,10.591],[4.7534,10.5871],[4.7482,10.583],[4.7445,10.5844],[4.7394,10.5851],[4.7377,10.5894],[4.7357,10.5912],[4.7321,10.5922],[4.7277,10.5908],[4.7271,10.5893],[4.7158,10.5853],[4.7141,10.5828],[4.7098,10.5816],[4.7022,10.5747],[4.7043,10.5729],[4.7065,10.5688],[4.7113,10.5682],[4.7173,10.5689],[4.7198,10.5683],[4.726,10.5716],[4.7292,10.5676],[4.7327,10.5646],[4.7335,10.5606],[4.7326,10.5566],[4.7305,10.5525],[4.7251,10.5466],[4.7234,10.5421],[4.7233,10.5382],[4.7283,10.5379],[4.7312,10.5405],[4.7344,10.5414],[4.7379,10.5405],[4.7467,10.5432],[4.7546,10.5428],[4.7616,10.5347],[4.7666,10.5344],[4.7732,10.5313],[4.7749,10.5315],[4.7755,10.5252],[4.7779,10.5242],[4.7845,10.5248],[4.7874,10.5234],[4.7897,10.5255],[4.7933,10.5248],[4.7982,10.5218],[4.8006,10.5161],[4.8045,10.5146],[4.8064,10.5115],[4.8068,10.5072],[4.8115,10.5038],[4.8155,10.508],[4.8187,10.508],[4.8187,10.5222],[4.8195,10.5381],[4.822,10.559],[4.8224,10.573],[4.8237,10.595],[4.8145,10.6042],[4.802,10.6134],[4.7961,10.6293],[4.8028,10.6527],[4.812,10.6619],[4.8145,10.6744],[4.807,10.6929],[4.8095,10.6979],[4.8225,10.7072],[4.8257,10.7084],[4.8364,10.7058],[4.8406,10.7037],[4.8431,10.7004],[4.8474,10.7075],[4.848,10.7116],[4.8438,10.7202],[4.8396,10.7249],[4.8352,10.7334],[4.8315,10.7369],[4.8301,10.74],[4.825,10.7352],[4.817,10.7338],[4.8108,10.7362],[4.8056,10.7365],[4.8024,10.7386],[4.7992,10.7329],[4.7972,10.7324],[4.7923,10.7278],[4.7896,10.7269]]]},"properties":{"name":"GARIN BAKA/MAKARIN","state":"21","code":"21/15/03"}},{"type":"Feature","geometry":{"type":"Polygon","coordinates":[[[4.5614,10.3783],[4.5611,10.374],[4.549,10.3693],[4.544,10.3647],[4.5299,10.3511],[4.5194,10.3468],[4.5163,10.3445],[4.4897,10.333],[4.4838,10.3272],[4.4908,10.314],[4.5184,10.2984],[4.5418,10.2871],[4.56,10.2681],[4.6282,10.241],[4.6314,10.2387],[4.6384,10.2368],[4.6435,10.2407],[4.646,10.2443],[4.6493,10.2421],[4.6549,10.241],[4.659,10.2381],[4.664,10.233],[4.6694,10.2261],[4.6688,10.2335],[4.6667,10.2389],[4.6669,10.2426],[4.6649,10.2448],[4.6641,10.2491],[4.6617,10.2563],[4.6652,10.2689],[4.6706,10.2686],[4.6777,10.2731],[4.6798,10.2769],[4.6859,10.2793],[4.6867,10.2819],[4.6916,10.2827],[4.7032,10.2863],[4.7045,10.288],[4.7118,10.2925],[4.7054,10.2975],[4.7069,10.3044],[4.7031,10.3077],[4.699,10.3065],[4.6961,10.3097],[4.6923,10.3106],[4.6907,10.3129],[4.691,10.3162],[4.688,10.3196],[4.6807,10.3143],[4.6752,10.3169],[4.6704,10.307],[4.6681,10.2986],[4.6653,10.2912],[4.6662,10.2876],[4.6572,10.2845],[4.6538,10.2815],[4.6512,10.2843],[4.6547,10.2911],[4.6563,10.2979],[4.6582,10.2992],[4.66,10.3042],[4.6596,10.3081],[4.6571,10.3123],[4.6521,10.3145],[4.6534,10.3231],[4.6562,10.3285],[4.6571,10.3327],[4.6563,10.337],[4.6542,10.3396],[4.6567,10.3525],[4.5614,10.3783]]]},"properties":{"name":"KWAKWARAN","state":"21","code":"21/15/04"}},{"type":"Feature","geometry":{"type":"Polygon","coordinates":[[[4.6465,10.205],[4.6441,10.207],[4.6344,10.2078],[4.6295,10.211],[4.6239,10.2112],[4.6137,10.209],[4.611,10.2055],[4.6018,10.2001],[4.5615,10.2123],[4.5518,10.1949],[4.5275,10.143],[4.5269,10.1112],[4.53,10.1006],[4.5377,10.1002],[4.6248,10.1027],[4.6392,10.1378],[4.6495,10.1815],[4.6504,10.1986],[4.6465,10.205]]]},"properties":{"name":"LIBATA/KWANGIA","state":"21","code":"21/15/05"}},{"type":"Feature","geometry":{"type":"Polygon","coordinates":[[[5.033,10.7477],[5.0393,10.7414],[5.0479,10.7372],[5.0553,10.738],[5.0613,10.7399],[5.0634,10.7446],[5.0661,10.7471],[5.0754,10.7475],[5.0801,10.7498],[5.084,10.7579],[5.088,10.7568],[5.0922,10.7604],[5.0947,10.7614],[5.101,10.7613],[5.1023,10.7723],[5.1073,10.7857],[5.109,10.7957],[5.0998,10.8083],[5.0839,10.8175],[5.0588,10.8208],[5.0471,10.825],[5.0388,10.8388],[5.0418,10.8402],[5.0408,10.8425],[5.0379,10.8402],[5.0345,10.8458],[5.0287,10.8593],[5.0262,10.8719],[5.0253,10.8903],[5.0324,10.8974],[5.0361,10.9002],[5.0546,10.9045],[5.0755,10.9154],[5.0822,10.9271],[5.0814,10.9505],[5.068,10.9898],[5.063,11.0124],[5.0462,11.0417],[5.0406,11.0519],[5.0358,11.0519],[5.0274,11.0505],[5.0211,11.054],[5.0092,11.0519],[4.996,11.054],[4.9911,11.061],[4.9918,11.0701],[4.9799,11.0805],[4.9722,11.0805],[4.9603,11.0826],[4.9478,11.0826],[4.9345,11.084],[4.9281,11.0835],[4.9293,11.0797],[4.9288,11.0753],[4.9313,11.0701],[4.9313,11.0657],[4.9324,11.0616],[4.93,11.0614],[4.9324,11.048],[4.9307,11.0415],[4.9303,11.0343],[4.9274,11.0314],[4.9282,11.0275],[4.9302,11.0262],[4.9283,11.021],[4.931,11.0107],[4.9312,11.0065],[4.9273,11.0016],[4.9279,10.9989],[4.9244,10.9912],[4.9179,10.9839],[4.9184,10.9773],[4.9133,10.9707],[4.9086,10.968],[4.9055,10.9634],[4.9005,10.9633],[4.9005,10.9607],[4.8959,10.9551],[4.8934,10.9568],[4.8891,10.9514],[4.8866,10.9514],[4.8863,10.9471],[4.8822,10.9421],[4.8824,10.938],[4.8773,10.9344],[4.8758,10.9322],[4.8724,10.9329],[4.8671,10.9271],[4.8662,10.9235],[4.8622,10.9205],[4.8649,10.9172],[4.8722,10.9152],[4.8717,10.913],[4.8764,10.9094],[4.8715,10.9044],[4.8655,10.9009],[4.864,10.8945],[4.8623,10.8922],[4.8496,10.8836],[4.8388,10.8816],[4.8299,10.8821],[4.8234,10.8835],[4.8232,10.8851],[4.8175,10.8873],[4.8175,10.8889],[4.8121,10.8917],[4.8093,10.8897],[4.8033,10.8873],[4.7976,10.8843],[4.7932,10.8793],[4.7978,10.878],[4.8021,10.8757],[4.8079,10.8707],[4.8118,10.8705],[4.8164,10.8679],[4.8213,10.8682],[4.8272,10.8673],[4.8256,10.8648],[4.8249,10.8573],[4.8271,10.8549],[4.8261,10.8528],[4.8304,10.8536],[4.8383,10.8513],[4.8487,10.857],[4.8517,10.8644],[4.8561,10.8641],[4.8576,10.8561],[4.8617,10.8502],[4.8657,10.8378],[4.8688,10.8344],[4.8722,10.8333],[4.8712,10.83],[4.864,10.8277],[4.8577,10.8278],[4.8528,10.824],[4.859,10.8176],[4.8599,10.8128],[4.8594,10.8079],[4.8577,10.8037],[4.8629,10.8006],[4.8675,10.7968],[4.8672,10.7951],[4.8705,10.7905],[4.8693,10.7876],[4.8715,10.7838],[4.8757,10.7846],[4.8803,10.7839],[4.8908,10.7868],[4.8953,10.7863],[4.8977,10.7802],[4.9004,10.7754],[4.904,10.7715],[4.9079,10.7709],[4.909,10.7725],[4.9131,10.7741],[4.9194,10.7787],[4.9194,10.7847],[4.9234,10.7892],[4.9248,10.7883],[4.9302,10.793],[4.9442,10.8005],[4.9433,10.8043],[4.9401,10.8076],[4.9396,10.8104],[4.942,10.8132],[4.9403,10.8184],[4.9436,10.8218],[4.9465,10.8218],[4.9528,10.8251],[4.9576,10.8289],[4.9659,10.8323],[4.9688,10.8321],[4.9745,10.8358],[4.9786,10.8375],[4.9796,10.841],[4.9844,10.8439],[4.9865,10.8491],[4.9924,10.8554],[4.996,10.8549],[5.0007,10.8581],[5.0077,10.8565],[5.0145,10.858],[5.0158,10.8525],[5.0215,10.844],[5.0231,10.839],[5.0231,10.8356],[5.0251,10.8269],[5.0283,10.8233],[5.0321,10.8161],[5.036,10.8114],[5.0403,10.8031],[5.0457,10.7995],[5.049,10.7948],[5.0475,10.7933],[5.0456,10.7855],[5.0417,10.7819],[5.0441,10.7794],[5.0437,10.7758],[5.0456,10.7714],[5.0448,10.7657],[5.042,10.7659],[5.0431,10.7603],[5.0365,10.7563],[5.0358,10.7521],[5.0337,10.7512],[5.033,10.7477]]]},"properties":{"name":"KAMBUWA/DANMARAYA","state":"21","code":"21/15/06"}},{"type":"Feature","geometry":{"type":"Polygon","coordinates":[[[4.7063,10.4739],[4.7128,10.4743],[4.7171,10.4781],[4.7184,10.4821],[4.7216,10.4876],[4.725,10.4891],[4.7265,10.4914],[4.7294,10.4892],[4.7354,10.4861],[4.7414,10.4841],[4.7429,10.4824],[4.7493,10.4818],[4.7506,10.4888],[4.75,10.4931],[4.7513,10.5042],[4.7548,10.507],[4.759,10.5073],[4.7606,10.5059],[4.7654,10.5047],[4.7644,10.5084],[4.768,10.5111],[4.7721,10.5176],[4.7741,10.5191],[4.7755,10.5252],[4.7749,10.5315],[4.7732,10.5313],[4.7666,10.5344],[4.7616,10.5347],[4.7546,10.5428],[4.7467,10.5432],[4.7379,10.5405],[4.7344,10.5414],[4.7312,10.5405],[4.7283,10.5379],[4.7233,10.5382],[4.7234,10.5421],[4.7251,10.5466],[4.7305,10.5525],[4.7326,10.5566],[4.7335,10.5606],[4.7327,10.5646],[4.7292,10.5676],[4.726,10.5716],[4.7198,10.5683],[4.7173,10.5689],[4.7113,10.5682],[4.7065,10.5688],[4.7043,10.5729],[4.7022,10.5747],[4.6885,10.5786],[4.6847,10.5791],[4.6797,10.5693],[4.6771,10.568],[4.6765,10.562],[4.6745,10.5605],[4.6695,10.5539],[4.6631,10.5552],[4.66,10.5538],[4.6568,10.5505],[4.6513,10.5498],[4.648,10.5526],[4.6378,10.5537],[4.6332,10.5549],[4.6272,10.5552],[4.6201,10.5528],[4.6109,10.552],[4.6083,10.5464],[4.6069,10.5414],[4.6011,10.5339],[4.5957,10.5277],[4.5887,10.5112],[4.5863,10.5078],[4.584,10.5025],[4.5813,10.4989],[4.5844,10.4945],[4.6288,10.4915],[4.6374,10.4947],[4.6376,10.4978],[4.6474,10.4976],[4.6522,10.4947],[4.6536,10.4916],[4.6566,10.492],[4.662,10.49],[4.668,10.4869],[4.6731,10.4851],[4.6734,10.4828],[4.6763,10.4805],[4.6815,10.4812],[4.6885,10.4843],[4.6949,10.4811],[4.6974,10.4812],[4.7001,10.4784],[4.7035,10.4771],[4.7063,10.4739]]]},"properties":{"name":"MAKAWA ULEIRA","state":"21","code":"21/15/07"}},{"type":"Feature","geometry":{"type":"Polygon","coordinates":[[[4.794,10.2606],[4.8715,10.2183],[4.9465,10.2853],[4.9503,10.3897],[4.9322,10.4392],[4.9288,10.4413],[4.9062,10.4542],[4.8759,10.4593],[4.8534,10.4603],[4.8451,10.4787],[4.8329,10.4879],[4.8262,10.4954],[4.8187,10.5071],[4.8187,10.508],[4.8155,10.508],[4.8115,10.5038],[4.8068,10.5072],[4.8064,10.5115],[4.8045,10.5146],[4.8006,10.5161],[4.7982,10.5218],[4.7933,10.5248],[4.7897,10.5255],[4.7874,10.5234],[4.7845,10.5248],[4.7779,10.5242],[4.7755,10.5252],[4.7741,10.5191],[4.7721,10.5176],[4.768,10.5111],[4.7644,10.5084],[4.7654,10.5047],[4.7606,10.5059],[4.759,10.5073],[4.7548,10.507],[4.7513,10.5042],[4.75,10.4931],[4.7506,10.4888],[4.7493,10.4818],[4.7429,10.4824],[4.7414,10.4841],[4.7354,10.4861],[4.7294,10.4892],[4.7265,10.4914],[4.725,10.4891],[4.7216,10.4876],[4.7184,10.4821],[4.7171,10.4781],[4.7128,10.4743],[4.7063,10.4739],[4.7029,10.4677],[4.7025,10.4638],[4.7,10.4584],[4.6997,10.453],[4.7013,10.4501],[4.7003,10.4467],[4.7015,10.4443],[4.6985,10.4379],[4.6997,10.4346],[4.7028,10.4324],[4.7026,10.4253],[4.6997,10.422],[4.6977,10.4164],[4.6976,10.4138],[4.701,10.4117],[4.7014,10.4087],[4.7083,10.4042],[4.7139,10.4019],[4.7175,10.3974],[4.7232,10.3977],[4.7286,10.3992],[4.7309,10.3955],[4.7323,10.3908],[4.7338,10.3817],[4.7394,10.3812],[4.7449,10.3831],[4.7513,10.3834],[4.7519,10.3848],[4.756,10.384],[4.7573,10.3791],[4.7595,10.3752],[4.7545,10.3729],[4.7551,10.3682],[4.753,10.3654],[4.754,10.3634],[4.7531,10.3601],[4.7543,10.3565],[4.7539,10.3535],[4.7585,10.3467],[4.7598,10.3412],[4.7617,10.3388],[4.7595,10.3361],[4.7605,10.3341],[4.7696,10.3318],[4.7783,10.3348],[4.7802,10.3304],[4.7798,10.3276],[4.7825,10.3243],[4.7821,10.3176],[4.7835,10.3146],[4.7883,10.3115],[4.7872,10.3066],[4.7874,10.3012],[4.7842,10.2926],[4.7795,10.2913],[4.7779,10.2863],[4.7788,10.2795],[4.7904,10.277],[4.7948,10.2735],[4.7967,10.2699],[4.8035,10.2646],[4.8013,10.2619],[4.794,10.2606]]]},"properties":{"name":"NGASKI","state":"21","code":"21/15/08"}},{"type":"Feature","geometry":{"type":"Polygon","coordinates":[[[4.5844,10.4945],[4.5813,10.4989],[4.584,10.5025],[4.5863,10.5078],[4.5887,10.5112],[4.5957,10.5277],[4.6011,10.5339],[4.6069,10.5414],[4.6083,10.5464],[4.6109,10.552],[4.6201,10.5528],[4.6272,10.5552],[4.6332,10.5549],[4.6378,10.5537],[4.648,10.5526],[4.6513,10.5498],[4.6568,10.5505],[4.66,10.5538],[4.6631,10.5552],[4.6695,10.5539],[4.6745,10.5605],[4.6765,10.562],[4.6771,10.568],[4.6797,10.5693],[4.6847,10.5791],[4.6813,10.5819],[4.6808,10.5844],[4.683,10.5863],[4.6846,10.5917],[4.6908,10.5968],[4.693,10.6008],[4.6976,10.6023],[4.7001,10.607],[4.6978,10.6117],[4.6896,10.6181],[4.6807,10.6117],[4.6697,10.6052],[4.6595,10.6011],[4.6529,10.5993],[4.6471,10.6027],[4.6345,10.6121],[4.6297,10.6088],[4.6258,10.6036],[4.6231,10.5975],[4.619,10.5953],[4.6156,10.5906],[4.6105,10.586],[4.6053,10.5857],[4.6072,10.5827],[4.6019,10.575],[4.6008,10.5707],[4.5992,10.5702],[4.5969,10.576],[4.5937,10.57],[4.5851,10.5639],[4.5101,10.5352],[4.4985,10.5174],[4.4856,10.4698],[4.4795,10.4213],[4.4864,10.3685],[4.4838,10.3408],[4.483,10.3287],[4.4838,10.3272],[4.4897,10.333],[4.5163,10.3445],[4.5194,10.3468],[4.5299,10.3511],[4.544,10.3647],[4.549,10.3693],[4.5611,10.374],[4.5614,10.3783],[4.5655,10.3908],[4.5658,10.3939],[4.5637,10.4127],[4.5941,10.4134],[4.5956,10.423],[4.5982,10.4285],[4.5996,10.4383],[4.5965,10.4428],[4.5914,10.4474],[4.5914,10.4702],[4.5911,10.477],[4.585,10.491],[4.5844,10.4945]]]},"properties":{"name":"UTONO/HOGE","state":"21","code":"21/15/09"}},{"type":"Feature","geometry":{"type":"Polygon","coordinates":[[[4.56,10.2681],[4.5661,10.2568],[4.5661,10.246],[4.5687,10.246],[4.5674,10.2229],[4.5615,10.2123],[4.6018,10.2001],[4.611,10.2055],[4.6137,10.209],[4.6239,10.2112],[4.6295,10.211],[4.6344,10.2078],[4.6441,10.207],[4.6465,10.205],[4.6711,10.2118],[4.6694,10.2261],[4.664,10.233],[4.659,10.2381],[4.6549,10.241],[4.6493,10.2421],[4.646,10.2443],[4.6435,10.2407],[4.6384,10.2368],[4.6314,10.2387],[4.6282,10.241],[4.56,10.2681]]]},"properties":{"name":"WARA","state":"21","code":"21/15/10"}},{"type":"Feature","geometry":{"type":"Polygon","coordinates":[[[5.5706,11.2342],[5.5649,11.2338],[5.5621,11.2412],[5.5593,11.2446],[5.557,11.2513],[5.5511,11.2503],[5.5451,11.2454],[5.5424,11.2419],[5.5337,11.2395],[5.5299,11.237],[5.5269,11.237],[5.5273,11.2284],[5.5256,11.2273],[5.5238,11.2221],[5.5251,11.2165],[5.5243,11.2111],[5.5276,11.2067],[5.5227,11.2023],[5.5224,11.1982],[5.5187,11.195],[5.5151,11.1958],[5.5129,11.1949],[5.507,11.1899],[5.5064,11.1861],[5.5007,11.1806],[5.4981,11.1815],[5.489,11.18],[5.484,11.1804],[5.4759,11.1782],[5.4719,11.1753],[5.4703,11.1695],[5.4615,11.1678],[5.4511,11.1638],[5.4491,11.1595],[5.4454,11.1573],[5.4483,11.1522],[5.4491,11.1491],[5.4532,11.1501],[5.4537,11.1466],[5.4596,11.1421],[5.4563,11.1393],[5.4553,11.135],[5.4577,11.1256],[5.4551,11.1223],[5.4543,11.1192],[5.458,11.1144],[5.4576,11.1113],[5.4552,11.1108],[5.4535,11.1081],[5.4539,11.1048],[5.4495,11.0978],[5.4488,11.0927],[5.4466,11.0908],[5.4477,11.088],[5.4505,11.0855],[5.4482,11.0829],[5.4498,11.0793],[5.4501,11.0737],[5.4485,11.072],[5.449,11.0652],[5.4433,11.0594],[5.4436,11.0564],[5.4444,11.0551],[5.442,11.0499],[5.4433,11.0469],[5.4456,11.0457],[5.4454,11.042],[5.4487,11.0402],[5.4592,11.044],[5.4664,11.0431],[5.4679,11.0412],[5.4669,11.0371],[5.468,11.0338],[5.4702,11.0315],[5.4778,11.0315],[5.48,11.03],[5.4847,11.031],[5.4897,11.036],[5.4937,11.0389],[5.496,11.038],[5.5008,11.033],[5.5097,11.0312],[5.5115,11.033],[5.5121,11.0388],[5.5148,11.0443],[5.5194,11.048],[5.5205,11.051],[5.5185,11.0594],[5.5225,11.0648],[5.5223,11.0682],[5.5207,11.0715],[5.5216,11.0753],[5.5236,11.0782],[5.5296,11.0785],[5.5331,11.0799],[5.5394,11.0796],[5.5441,11.0835],[5.5481,11.0855],[5.55,11.0889],[5.5543,11.0893],[5.5553,11.0914],[5.561,11.0935],[5.5645,11.0958],[5.5736,11.0959],[5.5749,11.0874],[5.5752,11.0819],[5.5745,11.0794],[5.576,11.0732],[5.5776,11.0701],[5.5812,11.069],[5.5877,11.0711],[5.5907,11.0712],[5.5957,11.0731],[5.603,11.0718],[5.6044,11.0744],[5.6086,11.0748],[5.6048,11.0833],[5.6001,11.0895],[5.5962,11.09],[5.5936,11.0884],[5.5863,11.0915],[5.5868,11.0937],[5.5829,11.102],[5.5806,11.1044],[5.5815,11.108],[5.5794,11.1119],[5.583,11.1163],[5.5829,11.1212],[5.5817,11.1253],[5.5837,11.1289],[5.5835,11.1346],[5.5853,11.1409],[5.5866,11.1425],[5.5875,11.1484],[5.5929,11.151],[5.5782,11.1611],[5.5693,11.1622],[5.5673,11.1645],[5.5648,11.1635],[5.5645,11.1675],[5.5621,11.1717],[5.5619,11.1761],[5.5644,11.181],[5.5647,11.1859],[5.5629,11.1922],[5.5556,11.2038],[5.5553,11.2073],[5.5533,11.2099],[5.557,11.2112],[5.5573,11.2132],[5.5619,11.2159],[5.5647,11.2198],[5.5654,11.2257],[5.5684,11.2271],[5.5715,11.2327],[5.5706,11.2342]]]},"properties":{"name":"ADAI","state":"21","code":"21/16/01"}},{"type":"Feature","geometry":{"type":"Polygon","coordinates":[[[5.797,11.2028],[5.7889,11.2042],[5.787,11.2026],[5.7823,11.2018],[5.7768,11.2026],[5.7726,11.2017],[5.7717,11.1977],[5.7593,11.1967],[5.7583,11.1949],[5.7607,11.1886],[5.7602,11.183],[5.7614,11.1813],[5.7613,11.1773],[5.76,11.1745],[5.7574,11.1748],[5.7527,11.173],[5.746,11.1742],[5.7414,11.1729],[5.7354,11.173],[5.7256,11.1699],[5.7214,11.1711],[5.7167,11.1708],[5.7155,11.1662],[5.7137,11.1645],[5.7134,11.1616],[5.7088,11.1586],[5.7063,11.1506],[5.7046,11.1493],[5.7013,11.1427],[5.6984,11.1399],[5.6943,11.1327],[5.6883,11.1304],[5.6854,11.1251],[5.687,11.1234],[5.6898,11.1171],[5.6904,11.1135],[5.688,11.1106],[5.6888,11.1077],[5.6917,11.1052],[5.693,11.1023],[5.6923,11.0977],[5.6947,11.0944],[5.6981,11.0955],[5.6977,11.1],[5.7002,11.1029],[5.7029,11.0967],[5.7031,11.0888],[5.7052,11.0852],[5.7066,11.0804],[5.7093,11.0766],[5.7082,11.0734],[5.7092,11.0703],[5.7123,11.069],[5.7138,11.071],[5.719,11.0711],[5.7214,11.0692],[5.7262,11.0695],[5.7317,11.0651],[5.7389,11.0623],[5.7418,11.0516],[5.7383,11.0464],[5.7355,11.0439],[5.7362,11.0411],[5.7339,11.0369],[5.7314,11.0364],[5.7291,11.0315],[5.7351,11.0236],[5.7374,11.0169],[5.7401,11.0234],[5.7534,11.0271],[5.7569,11.0289],[5.7656,11.0394],[5.7691,11.0494],[5.7752,11.06],[5.7833,11.0678],[5.8003,11.0825],[5.809,11.0875],[5.8246,11.0926],[5.8358,11.0933],[5.8492,11.0969],[5.8479,11.1021],[5.8455,11.1079],[5.8411,11.1156],[5.8378,11.1184],[5.8305,11.1197],[5.8266,11.1213],[5.827,11.1233],[5.8261,11.1302],[5.821,11.1345],[5.8145,11.1364],[5.8085,11.1325],[5.8046,11.1309],[5.8035,11.1276],[5.799,11.1274],[5.7932,11.13],[5.7916,11.129],[5.7881,11.1347],[5.7911,11.1382],[5.7939,11.1455],[5.7886,11.1492],[5.787,11.153],[5.7886,11.1572],[5.7908,11.1594],[5.7901,11.1631],[5.7871,11.1647],[5.7865,11.1707],[5.7918,11.1699],[5.7945,11.1686],[5.7992,11.1702],[5.8007,11.1766],[5.8029,11.179],[5.8003,11.1809],[5.8032,11.1887],[5.8033,11.1957],[5.7993,11.201],[5.797,11.2028]]]},"properties":{"name":"DANKOLO","state":"21","code":"21/16/02"}},{"type":"Feature","geometry":{"type":"Polygon","coordinates":[[[5.4759,11.1782],[5.4759,11.1876],[5.4745,11.1905],[5.4746,11.1954],[5.4759,11.2032],[5.4699,11.2063],[5.4734,11.2136],[5.4727,11.2168],[5.4725,11.2241],[5.4687,11.226],[5.4638,11.225],[5.4626,11.226],[5.4604,11.2251],[5.4542,11.226],[5.4515,11.2205],[5.4468,11.22],[5.4394,11.2203],[5.4329,11.2183],[5.4268,11.2178],[5.4254,11.2239],[5.4211,11.2217],[5.4168,11.2229],[5.4154,11.2194],[5.4113,11.2184],[5.4034,11.221],[5.3998,11.2211],[5.3952,11.2192],[5.3898,11.2207],[5.3846,11.2024],[5.387,11.1925],[5.3897,11.1734],[5.3939,11.1619],[5.3998,11.1543],[5.404,11.147],[5.4028,11.144],[5.4052,11.1266],[5.4134,11.1209],[5.4084,11.1168],[5.3938,11.1178],[5.3871,11.0922],[5.3911,11.064],[5.3897,11.0463],[5.399,11.0465],[5.4084,11.0486],[5.4136,11.0486],[5.4164,11.0596],[5.4182,11.0618],[5.4216,11.0616],[5.4258,11.0591],[5.4295,11.0604],[5.4353,11.0578],[5.4436,11.0564],[5.4433,11.0594],[5.449,11.0652],[5.4485,11.072],[5.4501,11.0737],[5.4498,11.0793],[5.4482,11.0829],[5.4505,11.0855],[5.4477,11.088],[5.4466,11.0908],[5.4488,11.0927],[5.4495,11.0978],[5.4539,11.1048],[5.4535,11.1081],[5.4552,11.1108],[5.4576,11.1113],[5.458,11.1144],[5.4543,11.1192],[5.4551,11.1223],[5.4577,11.1256],[5.4553,11.135],[5.4563,11.1393],[5.4596,11.1421],[5.4537,11.1466],[5.4532,11.1501],[5.4491,11.1491],[5.4483,11.1522],[5.4454,11.1573],[5.4491,11.1595],[5.4511,11.1638],[5.4615,11.1678],[5.4703,11.1695],[5.4719,11.1753],[5.4759,11.1782]]]},"properties":{"name":"DOKA/BERE","state":"21","code":"21/16/03"}},{"type":"Feature","geometry":{"type":"Polygon","coordinates":[[[5.4254,11.2239],[5.425,11.225],[5.4281,11.2296],[5.4308,11.2309],[5.4373,11.2369],[5.435,11.2414],[5.4346,11.2455],[5.4376,11.2509],[5.4393,11.2524],[5.4428,11.2591],[5.44,11.2646],[5.4401,11.2694],[5.4355,11.27],[5.4337,11.2713],[5.4317,11.27],[5.4282,11.272],[5.4231,11.2715],[5.4193,11.2737],[5.4183,11.2775],[5.4155,11.2831],[5.4128,11.2856],[5.4044,11.2882],[5.4006,11.294],[5.3996,11.2993],[5.4019,11.3061],[5.4043,11.3095],[5.4074,11.3099],[5.4101,11.3126],[5.4137,11.3143],[5.4194,11.3191],[5.4257,11.3272],[5.4257,11.3333],[5.4237,11.3359],[5.4224,11.34],[5.4187,11.3425],[5.4158,11.3464],[5.4136,11.3473],[5.4124,11.3505],[5.4094,11.3543],[5.4028,11.3557],[5.4006,11.3578],[5.3995,11.3646],[5.3954,11.3707],[5.3941,11.3781],[5.3849,11.3829],[5.3834,11.3871],[5.3813,11.3895],[5.3806,11.3933],[5.3819,11.399],[5.3811,11.4038],[5.3822,11.4092],[5.3801,11.4121],[5.3765,11.4098],[5.3761,11.4081],[5.3716,11.4036],[5.3656,11.4028],[5.3597,11.3975],[5.3555,11.3956],[5.3527,11.3891],[5.3467,11.3902],[5.3436,11.3926],[5.3398,11.3938],[5.3373,11.3924],[5.3355,11.3873],[5.3419,11.3808],[5.3424,11.3765],[5.3443,11.371],[5.3408,11.369],[5.3394,11.3649],[5.3366,11.3626],[5.3336,11.361],[5.3322,11.3559],[5.3331,11.3564],[5.3364,11.3476],[5.3364,11.3404],[5.3424,11.3387],[5.3485,11.3389],[5.3546,11.3176],[5.3574,11.3064],[5.3626,11.2942],[5.3686,11.2826],[5.3724,11.2701],[5.373,11.2628],[5.3766,11.2535],[5.3795,11.243],[5.3803,11.2367],[5.3796,11.235],[5.3892,11.231],[5.3898,11.2207],[5.3952,11.2192],[5.3998,11.2211],[5.4034,11.221],[5.4113,11.2184],[5.4154,11.2194],[5.4168,11.2229],[5.4211,11.2217],[5.4254,11.2239]]]},"properties":{"name":"GELWASA","state":"21","code":"21/16/04"}},{"type":"Feature","geometry":{"type":"Polygon","coordinates":[[[5.6048,11.0833],[5.6084,11.0878],[5.611,11.0884],[5.6152,11.0935],[5.6207,11.0962],[5.6223,11.0993],[5.6251,11.1014],[5.6252,11.1037],[5.6295,11.106],[5.6331,11.1022],[5.6352,11.1028],[5.6415,11.0995],[5.6414,11.0922],[5.6475,11.0902],[5.649,11.0881],[5.6488,11.0823],[5.6498,11.0779],[5.658,11.0773],[5.6694,11.0799],[5.67,11.083],[5.6737,11.0851],[5.6741,11.0875],[5.6769,11.0911],[5.6903,11.0881],[5.6903,11.0917],[5.6921,11.095],[5.6947,11.0944],[5.6923,11.0977],[5.693,11.1023],[5.6917,11.1052],[5.6888,11.1077],[5.688,11.1106],[5.6904,11.1135],[5.6898,11.1171],[5.687,11.1234],[5.6854,11.1251],[5.6883,11.1304],[5.6943,11.1327],[5.6984,11.1399],[5.7013,11.1427],[5.7046,11.1493],[5.7063,11.1506],[5.7088,11.1586],[5.7134,11.1616],[5.7137,11.1645],[5.7155,11.1662],[5.7167,11.1708],[5.7117,11.1768],[5.7076,11.1803],[5.7047,11.1809],[5.6999,11.1871],[5.6991,11.19],[5.695,11.1937],[5.6879,11.18],[5.6839,11.1712],[5.6792,11.1657],[5.6753,11.1631],[5.6686,11.1614],[5.6652,11.158],[5.6599,11.1572],[5.6561,11.155],[5.6521,11.1557],[5.6469,11.1529],[5.6411,11.1518],[5.6369,11.1568],[5.6387,11.1615],[5.6379,11.1649],[5.6428,11.1686],[5.6456,11.1691],[5.6463,11.1726],[5.6493,11.1764],[5.6506,11.1819],[5.6486,11.1827],[5.6482,11.1867],[5.6517,11.1896],[5.6525,11.1971],[5.6547,11.2001],[5.6533,11.2059],[5.6584,11.213],[5.6627,11.2137],[5.6646,11.2156],[5.6693,11.2158],[5.6755,11.2206],[5.6768,11.2238],[5.6705,11.2288],[5.6644,11.2369],[5.6613,11.2359],[5.658,11.2377],[5.651,11.2434],[5.6465,11.2456],[5.6419,11.25],[5.638,11.2502],[5.6303,11.2526],[5.6253,11.2556],[5.6224,11.2555],[5.6167,11.2573],[5.6097,11.2575],[5.5983,11.2571],[5.5952,11.2556],[5.5891,11.2452],[5.582,11.2423],[5.5814,11.2406],[5.5769,11.2404],[5.5706,11.2342],[5.5715,11.2327],[5.5684,11.2271],[5.5654,11.2257],[5.5647,11.2198],[5.5619,11.2159],[5.5573,11.2132],[5.557,11.2112],[5.5533,11.2099],[5.5553,11.2073],[5.5556,11.2038],[5.5629,11.1922],[5.5647,11.1859],[5.5644,11.181],[5.5619,11.1761],[5.5621,11.1717],[5.5645,11.1675],[5.5648,11.1635],[5.5673,11.1645],[5.5693,11.1622],[5.5782,11.1611],[5.5929,11.151],[5.5875,11.1484],[5.5866,11.1425],[5.5853,11.1409],[5.5835,11.1346],[5.5837,11.1289],[5.5817,11.1253],[5.5829,11.1212],[5.583,11.1163],[5.5794,11.1119],[5.5815,11.108],[5.5806,11.1044],[5.5829,11.102],[5.5868,11.0937],[5.5863,11.0915],[5.5936,11.0884],[5.5962,11.09],[5.6001,11.0895],[5.6048,11.0833]]]},"properties":{"name":"JANBIRNI","state":"21","code":"21/16/05"}},{"type":"Feature","geometry":{"type":"Polygon","coordinates":[[[5.4337,11.2713],[5.4339,11.2747],[5.4322,11.2803],[5.4328,11.2844],[5.4352,11.2848],[5.4419,11.2738],[5.4449,11.2768],[5.454,11.2808],[5.4556,11.2786],[5.4568,11.2733],[5.457,11.2674],[5.4602,11.2641],[5.4669,11.2698],[5.4712,11.2724],[5.477,11.2699],[5.4807,11.2608],[5.4812,11.2574],[5.4831,11.2564],[5.4885,11.2586],[5.4923,11.259],[5.495,11.2627],[5.4951,11.2708],[5.4941,11.2765],[5.4923,11.2804],[5.4939,11.2831],[5.4946,11.2869],[5.4887,11.2927],[5.4872,11.2952],[5.4887,11.3009],[5.4869,11.305],[5.4826,11.3081],[5.4765,11.3054],[5.4732,11.3066],[5.4739,11.3096],[5.4794,11.3191],[5.4808,11.3235],[5.4837,11.3285],[5.4842,11.3335],[5.484,11.3398],[5.4785,11.3423],[5.478,11.3445],[5.473,11.3504],[5.4691,11.3538],[5.4598,11.3492],[5.4546,11.3456],[5.4504,11.3496],[5.4488,11.3547],[5.4431,11.3575],[5.4409,11.3594],[5.4328,11.3602],[5.4302,11.3595],[5.4289,11.3635],[5.4208,11.3677],[5.417,11.3715],[5.4158,11.3751],[5.4264,11.3804],[5.4319,11.3822],[5.4336,11.3842],[5.4313,11.3876],[5.4273,11.3977],[5.4193,11.4017],[5.4156,11.4023],[5.4123,11.4054],[5.4114,11.4],[5.4082,11.3972],[5.4021,11.3957],[5.3975,11.3991],[5.3899,11.3981],[5.3806,11.3933],[5.3813,11.3895],[5.3834,11.3871],[5.3849,11.3829],[5.3941,11.3781],[5.3954,11.3707],[5.3995,11.3646],[5.4006,11.3578],[5.4028,11.3557],[5.4094,11.3543],[5.4124,11.3505],[5.4136,11.3473],[5.4158,11.3464],[5.4187,11.3425],[5.4224,11.34],[5.4237,11.3359],[5.4257,11.3333],[5.4257,11.3272],[5.4194,11.3191],[5.4137,11.3143],[5.4101,11.3126],[5.4074,11.3099],[5.4043,11.3095],[5.4019,11.3061],[5.3996,11.2993],[5.4006,11.294],[5.4044,11.2882],[5.4128,11.2856],[5.4155,11.2831],[5.4183,11.2775],[5.4193,11.2737],[5.4231,11.2715],[5.4282,11.272],[5.4317,11.27],[5.4337,11.2713]]]},"properties":{"name":"MAZA/MAZA","state":"21","code":"21/16/06"}},{"type":"Feature","geometry":{"type":"Polygon","coordinates":[[[5.4436,11.0564],[5.4353,11.0578],[5.4295,11.0604],[5.4258,11.0591],[5.4216,11.0616],[5.4182,11.0618],[5.4164,11.0596],[5.4136,11.0486],[5.4084,11.0486],[5.399,11.0465],[5.3897,11.0463],[5.389,11.0375],[5.4112,11.0044],[5.4306,10.9906],[5.4473,10.9835],[5.4626,10.9803],[5.4871,10.978],[5.4987,10.9761],[5.5014,10.9784],[5.5009,10.9838],[5.5051,10.985],[5.5086,10.981],[5.5102,10.981],[5.5103,10.9865],[5.5138,10.9931],[5.5224,10.9905],[5.5245,10.9831],[5.5323,10.9753],[5.5342,10.9716],[5.536,10.9623],[5.5385,10.959],[5.5421,10.9597],[5.546,10.9535],[5.5509,10.9526],[5.554,10.9486],[5.5572,10.9475],[5.5595,10.9493],[5.5602,10.9521],[5.5642,10.9542],[5.5678,10.952],[5.5716,10.9537],[5.571,10.9572],[5.5768,10.9679],[5.5787,10.9687],[5.581,10.9712],[5.5782,10.9752],[5.5783,10.9803],[5.5769,10.9834],[5.5728,10.9886],[5.5732,10.9933],[5.5712,10.9947],[5.5645,10.9951],[5.5623,10.9997],[5.5591,11.0035],[5.556,11.0046],[5.5505,11.0084],[5.5479,11.009],[5.5465,11.012],[5.5419,11.0163],[5.543,11.0223],[5.5449,11.024],[5.5436,11.0331],[5.539,11.0336],[5.5333,11.0363],[5.5352,11.043],[5.5437,11.0485],[5.5384,11.0516],[5.5349,11.0521],[5.5333,11.0558],[5.5303,11.0586],[5.526,11.0602],[5.5225,11.0648],[5.5185,11.0594],[5.5205,11.051],[5.5194,11.048],[5.5148,11.0443],[5.5121,11.0388],[5.5115,11.033],[5.5097,11.0312],[5.5008,11.033],[5.496,11.038],[5.4937,11.0389],[5.4897,11.036],[5.4847,11.031],[5.48,11.03],[5.4778,11.0315],[5.4702,11.0315],[5.468,11.0338],[5.4669,11.0371],[5.4679,11.0412],[5.4664,11.0431],[5.4592,11.044],[5.4487,11.0402],[5.4454,11.042],[5.4456,11.0457],[5.4433,11.0469],[5.442,11.0499],[5.4444,11.0551],[5.4436,11.0564]]]},"properties":{"name":"MAKUKU","state":"21","code":"21/16/07"}},{"type":"Feature","geometry":{"type":"Polygon","coordinates":[[[5.5225,11.0648],[5.526,11.0602],[5.5303,11.0586],[5.5333,11.0558],[5.5349,11.0521],[5.5384,11.0516],[5.5437,11.0485],[5.5352,11.043],[5.5333,11.0363],[5.539,11.0336],[5.5436,11.0331],[5.5449,11.024],[5.543,11.0223],[5.5419,11.0163],[5.5465,11.012],[5.5479,11.009],[5.5505,11.0084],[5.556,11.0046],[5.5591,11.0035],[5.5623,10.9997],[5.5645,10.9951],[5.5712,10.9947],[5.5732,10.9933],[5.5728,10.9886],[5.5769,10.9834],[5.5783,10.9803],[5.5782,10.9752],[5.581,10.9712],[5.5787,10.9687],[5.5855,10.9666],[5.6094,10.9653],[5.6365,10.965],[5.6651,10.9731],[5.68,10.9757],[5.6883,10.9805],[5.7067,10.992],[5.7117,10.9923],[5.7211,10.995],[5.729,10.9984],[5.7348,11.0062],[5.7374,11.0169],[5.7351,11.0236],[5.7291,11.0315],[5.7314,11.0364],[5.7339,11.0369],[5.7362,11.0411],[5.7355,11.0439],[5.7383,11.0464],[5.7418,11.0516],[5.7389,11.0623],[5.7317,11.0651],[5.7262,11.0695],[5.7214,11.0692],[5.719,11.0711],[5.7138,11.071],[5.7123,11.069],[5.7092,11.0703],[5.7082,11.0734],[5.7093,11.0766],[5.7066,11.0804],[5.7052,11.0852],[5.7031,11.0888],[5.7029,11.0967],[5.7002,11.1029],[5.6977,11.1],[5.6981,11.0955],[5.6947,11.0944],[5.6921,11.095],[5.6903,11.0917],[5.6903,11.0881],[5.6769,11.0911],[5.6741,11.0875],[5.6737,11.0851],[5.67,11.083],[5.6694,11.0799],[5.658,11.0773],[5.6498,11.0779],[5.6488,11.0823],[5.649,11.0881],[5.6475,11.0902],[5.6414,11.0922],[5.6415,11.0995],[5.6352,11.1028],[5.6331,11.1022],[5.6295,11.106],[5.6252,11.1037],[5.6251,11.1014],[5.6223,11.0993],[5.6207,11.0962],[5.6152,11.0935],[5.611,11.0884],[5.6084,11.0878],[5.6048,11.0833],[5.6086,11.0748],[5.6044,11.0744],[5.603,11.0718],[5.5957,11.0731],[5.5907,11.0712],[5.5877,11.0711],[5.5812,11.069],[5.5776,11.0701],[5.576,11.0732],[5.5745,11.0794],[5.5752,11.0819],[5.5749,11.0874],[5.5736,11.0959],[5.5645,11.0958],[5.561,11.0935],[5.5553,11.0914],[5.5543,11.0893],[5.55,11.0889],[5.5481,11.0855],[5.5441,11.0835],[5.5394,11.0796],[5.5331,11.0799],[5.5296,11.0785],[5.5236,11.0782],[5.5216,11.0753],[5.5207,11.0715],[5.5223,11.0682],[5.5225,11.0648]]]},"properties":{"name":"SAKABA","state":"21","code":"21/16/08"}},{"type":"Feature","geometry":{"type":"Polygon","coordinates":[[[5.4626,11.226],[5.4647,11.2311],[5.4677,11.2429],[5.4671,11.2479],[5.4676,11.2515],[5.4614,11.2574],[5.4591,11.2586],[5.4602,11.2641],[5.457,11.2674],[5.4568,11.2733],[5.4556,11.2786],[5.454,11.2808],[5.4449,11.2768],[5.4419,11.2738],[5.4352,11.2848],[5.4328,11.2844],[5.4322,11.2803],[5.4339,11.2747],[5.4337,11.2713],[5.4355,11.27],[5.4401,11.2694],[5.44,11.2646],[5.4428,11.2591],[5.4393,11.2524],[5.4376,11.2509],[5.4346,11.2455],[5.435,11.2414],[5.4373,11.2369],[5.4308,11.2309],[5.4281,11.2296],[5.425,11.225],[5.4254,11.2239],[5.4268,11.2178],[5.4329,11.2183],[5.4394,11.2203],[5.4468,11.22],[5.4515,11.2205],[5.4542,11.226],[5.4604,11.2251],[5.4626,11.226]]]},"properties":{"name":"TUDUN KUKA","state":"21","code":"21/16/09"}},{"type":"Feature","geometry":{"type":"Polygon","coordinates":[[[5.5269,11.237],[5.5226,11.2403],[5.5173,11.2399],[5.5103,11.2414],[5.5046,11.2441],[5.4997,11.2445],[5.495,11.2488],[5.4919,11.2507],[5.4847,11.2507],[5.4831,11.2564],[5.4812,11.2574],[5.4807,11.2608],[5.477,11.2699],[5.4712,11.2724],[5.4669,11.2698],[5.4602,11.2641],[5.4591,11.2586],[5.4614,11.2574],[5.4676,11.2515],[5.4671,11.2479],[5.4677,11.2429],[5.4647,11.2311],[5.4626,11.226],[5.4638,11.225],[5.4687,11.226],[5.4725,11.2241],[5.4727,11.2168],[5.4734,11.2136],[5.4699,11.2063],[5.4759,11.2032],[5.4746,11.1954],[5.4745,11.1905],[5.4759,11.1876],[5.4759,11.1782],[5.484,11.1804],[5.489,11.18],[5.4981,11.1815],[5.5007,11.1806],[5.5064,11.1861],[5.507,11.1899],[5.5129,11.1949],[5.5151,11.1958],[5.5187,11.195],[5.5224,11.1982],[5.5227,11.2023],[5.5276,11.2067],[5.5243,11.2111],[5.5251,11.2165],[5.5238,11.2221],[5.5256,11.2273],[5.5273,11.2284],[5.5269,11.237]]]},"properties":{"name":"FADA","state":"21","code":"21/16/10"}},{"type":"Feature","geometry":{"type":"Polygon","coordinates":[[[4.7634,11.4361],[4.7616,11.4379],[4.7603,11.4427],[4.7539,11.446],[4.7495,11.4461],[4.7472,11.4485],[4.7424,11.4481],[4.7352,11.4465],[4.7269,11.442],[4.7226,11.4407],[4.724,11.4372],[4.7244,11.4322],[4.7229,11.4308],[4.718,11.4324],[4.7156,11.4368],[4.7116,11.4417],[4.7091,11.4482],[4.7056,11.4545],[4.7061,11.4568],[4.7046,11.4632],[4.6993,11.4679],[4.6951,11.473],[4.6928,11.4711],[4.6897,11.4659],[4.6857,11.465],[4.6832,11.4663],[4.6769,11.4656],[4.6707,11.4612],[4.6647,11.4618],[4.6624,11.4652],[4.6604,11.4702],[4.6564,11.4746],[4.6525,11.4771],[4.6506,11.4808],[4.6469,11.4825],[4.6431,11.4815],[4.6343,11.4826],[4.6339,11.4787],[4.6287,11.4688],[4.6287,11.4652],[4.6252,11.4632],[4.6204,11.4555],[4.6101,11.4603],[4.607,11.4597],[4.6014,11.4534],[4.6011,11.4482],[4.5974,11.4448],[4.5926,11.4435],[4.5899,11.4408],[4.5849,11.438],[4.5817,11.4343],[4.5784,11.4321],[4.5712,11.4285],[4.5766,11.4251],[4.5759,11.4193],[4.577,11.4147],[4.5849,11.4098],[4.5885,11.4056],[4.5909,11.4043],[4.5905,11.3985],[4.5918,11.3934],[4.5942,11.3929],[4.6036,11.3963],[4.6085,11.3949],[4.6131,11.3969],[4.6181,11.4001],[4.6245,11.3992],[4.6293,11.3998],[4.6363,11.4023],[4.6381,11.4008],[4.6416,11.3941],[4.6447,11.3928],[4.6469,11.3881],[4.6448,11.3848],[4.6432,11.3773],[4.6421,11.363],[4.6433,11.3626],[4.6501,11.3646],[4.6544,11.364],[4.6562,11.3649],[4.6594,11.3632],[4.662,11.3643],[4.6632,11.3608],[4.6656,11.3584],[4.6654,11.3562],[4.6699,11.351],[4.6711,11.3466],[4.6769,11.3446],[4.6796,11.3406],[4.6837,11.3411],[4.6883,11.3392],[4.6916,11.3357],[4.6946,11.3338],[4.6972,11.3273],[4.7001,11.3245],[4.7009,11.321],[4.7003,11.3148],[4.7036,11.3118],[4.7103,11.3082],[4.7183,11.3027],[4.7195,11.2993],[4.7268,11.302],[4.7279,11.3062],[4.7329,11.3068],[4.7378,11.3042],[4.7438,11.3068],[4.7477,11.3114],[4.7568,11.3132],[4.7721,11.3188],[4.7708,11.3212],[4.771,11.3249],[4.7695,11.3285],[4.7722,11.3292],[4.769,11.3367],[4.7724,11.3413],[4.7704,11.3457],[4.7746,11.3493],[4.7716,11.3526],[4.7734,11.3565],[4.7729,11.3628],[4.7759,11.3647],[4.7731,11.3694],[4.7733,11.3723],[4.7752,11.3743],[4.7751,11.377],[4.777,11.3808],[4.7793,11.3822],[4.7816,11.3863],[4.7787,11.3893],[4.7786,11.3969],[4.7759,11.397],[4.7669,11.4083],[4.7637,11.4113],[4.7595,11.4172],[4.7603,11.4198],[4.7612,11.4296],[4.7634,11.4361]]]},"properties":{"name":"ATUWO","state":"21","code":"21/17/01"}},{"type":"Feature","geometry":{"type":"Polygon","coordinates":[[[4.3192,10.9503],[4.3298,10.9514],[4.3385,10.9035],[4.3622,10.8891],[4.3811,10.88],[4.4072,10.8772],[4.4321,10.8817],[4.4503,10.8859],[4.524,10.9162],[4.5398,10.92],[4.5515,10.9161],[4.5685,10.9087],[4.5935,10.8929],[4.598,10.8929],[4.5997,10.8892],[4.6022,10.8882],[4.6056,10.8895],[4.6125,10.8882],[4.6208,10.8924],[4.6253,10.8927],[4.6279,10.8912],[4.6353,10.8913],[4.6366,10.8924],[4.6433,10.8941],[4.6457,10.8937],[4.6499,10.8967],[4.6517,10.8963],[4.6554,10.8999],[4.6616,10.9046],[4.664,10.9079],[4.6676,10.9099],[4.6674,10.9116],[4.6738,10.9174],[4.6903,10.9168],[4.695,10.9193],[4.6946,10.9292],[4.6903,10.9389],[4.6841,10.9476],[4.6814,10.9524],[4.6749,10.9539],[4.6662,10.9548],[4.6565,10.9604],[4.6511,10.963],[4.6448,10.967],[4.6392,10.9727],[4.6367,10.9781],[4.6367,10.985],[4.628,10.9987],[4.6219,11.0071],[4.612,11.0198],[4.6022,11.0306],[4.5996,11.0345],[4.5974,11.0443],[4.595,11.0507],[4.592,11.056],[4.5866,11.0634],[4.5809,11.0693],[4.5622,11.0577],[4.5591,11.0576],[4.5578,11.0532],[4.5535,11.051],[4.5521,11.044],[4.5557,11.0425],[4.5561,11.0378],[4.5518,11.0356],[4.5503,11.031],[4.5502,11.0271],[4.5459,11.0249],[4.5467,11.0176],[4.5424,11.0105],[4.5378,11.0063],[4.5241,11.0062],[4.5203,11.0084],[4.5163,11.0122],[4.5158,11.0168],[4.5113,11.0154],[4.5058,11.0125],[4.5036,11.0131],[4.4991,11.0096],[4.4936,11.0095],[4.4883,11.0067],[4.4841,11.0058],[4.482,11.002],[4.4787,10.9992],[4.4814,10.9959],[4.4794,10.9894],[4.4762,10.9865],[4.4756,10.984],[4.4775,10.9746],[4.4768,10.9673],[4.4804,10.9628],[4.4791,10.9593],[4.4753,10.9565],[4.4722,10.9517],[4.4719,10.949],[4.4659,10.9471],[4.4635,10.9445],[4.4617,10.9395],[4.4573,10.9405],[4.4463,10.9405],[4.4383,10.9443],[4.4347,10.9441],[4.431,10.9455],[4.4249,10.9464],[4.4196,10.9496],[4.4127,10.949],[4.4076,10.9505],[4.4047,10.953],[4.3992,10.9555],[4.396,10.9553],[4.3952,10.9591],[4.3913,10.9569],[4.3856,10.9605],[4.375,10.9527],[4.3711,10.9523],[4.3644,10.9455],[4.3616,10.9464],[4.3559,10.9455],[4.3501,10.9465],[4.3441,10.9502],[4.3379,10.9514],[4.3353,10.9538],[4.3357,10.9561],[4.3336,10.9674],[4.3347,10.9701],[4.3407,10.9755],[4.3426,10.9783],[4.3424,10.9846],[4.3395,10.9859],[4.3378,10.9884],[4.3318,10.9901],[4.327,10.9935],[4.3236,10.9938],[4.3205,10.9897],[4.3171,10.9832],[4.315,10.977],[4.3154,10.9732],[4.3199,10.9673],[4.3211,10.9589],[4.3192,10.9503]]]},"properties":{"name":"BINUWA/GEBBE/BUKUNJI","state":"21","code":"21/17/02"}},{"type":"Feature","geometry":{"type":"Polygon","coordinates":[[[4.4896,11.1491],[4.491,11.1435],[4.4947,11.1406],[4.5083,11.1272],[4.5174,11.1221],[4.5276,11.1202],[4.5391,11.1174],[4.5433,11.1154],[4.5469,11.1116],[4.5534,11.0987],[4.5568,11.0928],[4.5625,11.0865],[4.5661,11.0835],[4.5748,11.078],[4.5809,11.0693],[4.5866,11.0634],[4.592,11.056],[4.5999,11.0634],[4.6016,11.0619],[4.6112,11.0705],[4.6115,11.0806],[4.6153,11.0866],[4.6194,11.0906],[4.6267,11.0932],[4.6296,11.0924],[4.6351,11.0929],[4.6404,11.0956],[4.638,11.1038],[4.6396,11.1083],[4.6385,11.1127],[4.6393,11.1179],[4.6347,11.1237],[4.6296,11.1229],[4.6249,11.1232],[4.6165,11.1275],[4.6086,11.1321],[4.6019,11.1391],[4.5999,11.1447],[4.5999,11.1493],[4.5926,11.1517],[4.5866,11.1523],[4.5825,11.158],[4.5769,11.1609],[4.5756,11.1655],[4.583,11.166],[4.5838,11.1689],[4.582,11.173],[4.5821,11.1763],[4.5837,11.1809],[4.5788,11.1853],[4.5715,11.186],[4.5624,11.1883],[4.5562,11.1881],[4.5537,11.1903],[4.5499,11.1902],[4.5476,11.1883],[4.5415,11.1878],[4.5389,11.1893],[4.5382,11.1929],[4.5351,11.199],[4.5301,11.1999],[4.5225,11.1999],[4.5141,11.2059],[4.5106,11.2059],[4.5101,11.2102],[4.5044,11.2112],[4.5019,11.2102],[4.4924,11.2093],[4.4854,11.2042],[4.4825,11.1998],[4.4873,11.1942],[4.4963,11.189],[4.5031,11.1867],[4.5089,11.1842],[4.5062,11.1816],[4.5073,11.1771],[4.5031,11.1742],[4.5023,11.1705],[4.4991,11.1648],[4.5051,11.1622],[4.5074,11.1597],[4.5125,11.1598],[4.5157,11.1586],[4.5136,11.1545],[4.5145,11.1523],[4.5108,11.1492],[4.5039,11.1503],[4.495,11.1502],[4.4896,11.1491]]]},"properties":{"name":"DUGU TSOHO/DUGU RAHA","state":"21","code":"21/17/03"}},{"type":"Feature","geometry":{"type":"Polygon","coordinates":[[[4.3236,10.9938],[4.327,10.9935],[4.3318,10.9901],[4.3378,10.9884],[4.3395,10.9859],[4.3424,10.9846],[4.3426,10.9783],[4.3407,10.9755],[4.3347,10.9701],[4.3336,10.9674],[4.3357,10.9561],[4.3353,10.9538],[4.3379,10.9514],[4.3441,10.9502],[4.3501,10.9465],[4.3559,10.9455],[4.3616,10.9464],[4.3644,10.9455],[4.3711,10.9523],[4.375,10.9527],[4.3856,10.9605],[4.3913,10.9569],[4.3952,10.9591],[4.396,10.9553],[4.3992,10.9555],[4.4047,10.953],[4.4076,10.9505],[4.4127,10.949],[4.4196,10.9496],[4.4249,10.9464],[4.431,10.9455],[4.4347,10.9441],[4.4383,10.9443],[4.4463,10.9405],[4.4573,10.9405],[4.4617,10.9395],[4.4635,10.9445],[4.4659,10.9471],[4.4719,10.949],[4.4722,10.9517],[4.4753,10.9565],[4.4791,10.9593],[4.4804,10.9628],[4.4768,10.9673],[4.4775,10.9746],[4.4756,10.984],[4.4762,10.9865],[4.4794,10.9894],[4.4814,10.9959],[4.4787,10.9992],[4.482,11.002],[4.4841,11.0058],[4.4883,11.0067],[4.4936,11.0095],[4.4991,11.0096],[4.5036,11.0131],[4.5058,11.0125],[4.5113,11.0154],[4.5158,11.0168],[4.5163,11.0122],[4.5203,11.0084],[4.5241,11.0062],[4.5378,11.0063],[4.5424,11.0105],[4.5467,11.0176],[4.5459,11.0249],[4.5502,11.0271],[4.5503,11.031],[4.5518,11.0356],[4.5561,11.0378],[4.5557,11.0425],[4.5521,11.044],[4.5535,11.051],[4.5578,11.0532],[4.5591,11.0576],[4.5622,11.0577],[4.5809,11.0693],[4.5748,11.078],[4.5661,11.0835],[4.5625,11.0865],[4.5568,11.0928],[4.5534,11.0987],[4.5469,11.1116],[4.5433,11.1154],[4.5391,11.1174],[4.5276,11.1202],[4.5174,11.1221],[4.5083,11.1272],[4.4947,11.1406],[4.491,11.1435],[4.4896,11.1491],[4.483,11.1501],[4.4617,11.1628],[4.454,11.1669],[4.4427,11.1719],[4.4311,11.1757],[4.4252,11.1768],[4.4189,11.1752],[4.4124,11.1707],[4.4071,11.1677],[4.4043,11.1674],[4.3918,11.169],[4.3829,11.1711],[4.3787,11.1726],[4.351,11.1849],[4.3475,11.1859],[4.3415,11.186],[4.3364,11.1831],[4.3392,11.177],[4.3391,11.174],[4.3351,11.1721],[4.3354,11.1692],[4.3376,11.1669],[4.3363,11.1626],[4.3314,11.1579],[4.3274,11.1593],[4.3211,11.1572],[4.3144,11.1566],[4.311,11.1541],[4.3092,11.1506],[4.3058,11.148],[4.3025,11.1442],[4.2994,11.1328],[4.2998,11.1217],[4.3025,11.1147],[4.3029,11.1105],[4.306,11.1011],[4.3084,11.0999],[4.3098,11.0947],[4.3119,11.0913],[4.3153,11.0821],[4.3124,11.077],[4.3131,11.0751],[4.3123,11.0663],[4.3148,11.0617],[4.3141,11.0574],[4.3143,11.0513],[4.3174,11.0433],[4.3206,11.0372],[4.3229,11.0348],[4.3222,11.033],[4.3242,11.0303],[4.3241,11.0254],[4.326,11.0239],[4.3253,11.0185],[4.3282,11.0117],[4.3309,11.0089],[4.3313,11.0048],[4.3236,10.9938]]]},"properties":{"name":"KAWARA/INGU/SARGO","state":"21","code":"21/17/04"}},{"type":"Feature","geometry":{"type":"MultiPolygon","coordinates":[[[[4.5064,11.4988],[4.5084,11.4915],[4.5148,11.4838],[4.5177,11.4767],[4.5198,11.4753],[4.5264,11.4678],[4.5286,11.4631],[4.534,11.4604],[4.5385,11.4563],[4.5456,11.4547],[4.5637,11.4635],[4.5654,11.4599],[4.5708,11.461],[4.5759,11.4635],[4.5778,11.4625],[4.5826,11.4631],[4.5872,11.4628],[4.5896,11.4614],[4.5995,11.4622],[4.6019,11.4604],[4.607,11.4597],[4.6101,11.4603],[4.6204,11.4555],[4.6252,11.4632],[4.6287,11.4652],[4.6287,11.4688],[4.6339,11.4787],[4.6343,11.4826],[4.6334,11.4854],[4.6338,11.4895],[4.6313,11.4947],[4.6289,11.4972],[4.6272,11.5014],[4.6271,11.5074],[4.6255,11.5117],[4.6233,11.5144],[4.6176,11.5249],[4.6146,11.5288],[4.6141,11.5328],[4.6101,11.5337],[4.6029,11.5371],[4.5944,11.5374],[4.5908,11.536],[4.5862,11.5288],[4.5796,11.5267],[4.5723,11.5218],[4.5704,11.5184],[4.567,11.5205],[4.5588,11.5236],[4.5553,11.5263],[4.5521,11.527],[4.5502,11.5252],[4.5437,11.5238],[4.5405,11.524],[4.5381,11.5218],[4.5402,11.5164],[4.5377,11.5097],[4.5362,11.5029],[4.5366,11.4948],[4.533,11.4948],[4.525,11.4934],[4.5204,11.494],[4.509,11.4987],[4.5064,11.4988]]],[[[4.5318,11.3896],[4.5325,11.3829],[4.5318,11.3796],[4.5324,11.3736],[4.5352,11.3716],[4.5345,11.3681],[4.5396,11.3646],[4.5403,11.362],[4.5433,11.3595],[4.5556,11.3646],[4.5593,11.3675],[4.5719,11.3728],[4.5756,11.3734],[4.5796,11.3725],[4.5831,11.3736],[4.5821,11.3689],[4.5834,11.3641],[4.5824,11.3571],[4.5891,11.3536],[4.5945,11.356],[4.5989,11.3593],[4.6073,11.3638],[4.6123,11.364],[4.6239,11.352],[4.6268,11.3505],[4.6276,11.3473],[4.6309,11.3499],[4.6343,11.3497],[4.6383,11.3516],[4.6403,11.3553],[4.6411,11.3617],[4.6421,11.363],[4.6432,11.3773],[4.6448,11.3848],[4.6469,11.3881],[4.6447,11.3928],[4.6416,11.3941],[4.6381,11.4008],[4.6363,11.4023],[4.6293,11.3998],[4.6245,11.3992],[4.6181,11.4001],[4.6131,11.3969],[4.6085,11.3949],[4.6036,11.3963],[4.5942,11.3929],[4.5918,11.3934],[4.5905,11.3985],[4.5909,11.4043],[4.5885,11.4056],[4.5849,11.4098],[4.577,11.4147],[4.5759,11.4193],[4.5766,11.4251],[4.5712,11.4285],[4.5666,11.4279],[4.5591,11.4213],[4.557,11.4169],[4.5552,11.4162],[4.5506,11.4089],[4.5437,11.4039],[4.5387,11.3977],[4.5372,11.3945],[4.5343,11.393],[4.5318,11.3896]]]]},"properties":{"name":"RAFIN KIRYA/TAFKI TARA","state":"21","code":"21/17/05"}},{"type":"Feature","geometry":{"type":"Polygon","coordinates":[[[4.9281,11.0835],[4.9087,11.0819],[4.8982,11.0875],[4.8766,11.0917],[4.8633,11.1001],[4.8607,11.1034],[4.8397,11.1139],[4.8178,11.1195],[4.8144,11.1161],[4.8026,11.114],[4.7996,11.1151],[4.7944,11.1126],[4.786,11.0996],[4.7854,11.0961],[4.7884,11.0849],[4.7928,11.0776],[4.7966,11.0745],[4.799,11.068],[4.7987,11.0627],[4.7952,11.0572],[4.7889,11.0574],[4.7827,11.0591],[4.7816,11.0603],[4.7763,11.0606],[4.7723,11.065],[4.7699,11.0652],[4.7666,11.0615],[4.7664,11.0592],[4.7638,11.0534],[4.757,11.0536],[4.7542,11.0517],[4.7495,11.0402],[4.7476,11.0375],[4.745,11.0371],[4.7379,11.0342],[4.7323,11.0329],[4.7286,11.0367],[4.7241,11.04],[4.7231,11.0452],[4.7206,11.0485],[4.7181,11.0535],[4.716,11.0551],[4.7134,11.0595],[4.7098,11.0586],[4.703,11.0601],[4.696,11.0572],[4.6887,11.0587],[4.6879,11.0516],[4.6853,11.0497],[4.6851,11.0472],[4.6826,11.0436],[4.6764,11.0428],[4.6737,11.0435],[4.6665,11.0407],[4.6649,11.0374],[4.6587,11.0345],[4.6619,11.0277],[4.6718,11.0192],[4.6653,11.0187],[4.6587,11.012],[4.6549,11.0128],[4.6489,11.0106],[4.6472,11.0123],[4.641,11.0139],[4.6353,11.0036],[4.6326,11.0054],[4.628,10.9987],[4.6367,10.985],[4.6367,10.9781],[4.6392,10.9727],[4.6448,10.967],[4.6511,10.963],[4.6565,10.9604],[4.6662,10.9548],[4.6749,10.9539],[4.6814,10.9524],[4.6887,10.9502],[4.6941,10.9471],[4.6985,10.9485],[4.7023,10.9481],[4.7071,10.9508],[4.7095,10.9474],[4.7144,10.9431],[4.7147,10.933],[4.7164,10.9277],[4.7162,10.9216],[4.7174,10.9146],[4.7219,10.9095],[4.7279,10.9037],[4.7286,10.9066],[4.7396,10.9137],[4.7463,10.9155],[4.7483,10.9154],[4.7544,10.911],[4.7611,10.9076],[4.7675,10.9075],[4.772,10.9038],[4.7768,10.9016],[4.7814,10.9035],[4.7845,10.9061],[4.7859,10.9099],[4.7923,10.9113],[4.7949,10.9108],[4.7983,10.9061],[4.8013,10.9066],[4.8033,10.9027],[4.805,10.9023],[4.8059,10.8984],[4.8097,10.8971],[4.8104,10.8927],[4.8121,10.8917],[4.8175,10.8889],[4.8175,10.8873],[4.8232,10.8851],[4.8234,10.8835],[4.8299,10.8821],[4.8388,10.8816],[4.8496,10.8836],[4.8623,10.8922],[4.864,10.8945],[4.8655,10.9009],[4.8715,10.9044],[4.8764,10.9094],[4.8717,10.913],[4.8722,10.9152],[4.8649,10.9172],[4.8622,10.9205],[4.8662,10.9235],[4.8671,10.9271],[4.8724,10.9329],[4.8758,10.9322],[4.8773,10.9344],[4.8824,10.938],[4.8822,10.9421],[4.8863,10.9471],[4.8866,10.9514],[4.8891,10.9514],[4.8934,10.9568],[4.8959,10.9551],[4.9005,10.9607],[4.9005,10.9633],[4.9055,10.9634],[4.9086,10.968],[4.9133,10.9707],[4.9184,10.9773],[4.9179,10.9839],[4.9244,10.9912],[4.9279,10.9989],[4.9273,11.0016],[4.9312,11.0065],[4.931,11.0107],[4.9283,11.021],[4.9302,11.0262],[4.9282,11.0275],[4.9274,11.0314],[4.9303,11.0343],[4.9307,11.0415],[4.9324,11.048],[4.93,11.0614],[4.9324,11.0616],[4.9313,11.0657],[4.9313,11.0701],[4.9288,11.0753],[4.9293,11.0797],[4.9281,11.0835]]]},"properties":{"name":"SAKACE/GOLONGO/HUNDEJI","state":"21","code":"21/17/06"}},{"type":"Feature","geometry":{"type":"Polygon","coordinates":[[[4.628,10.9987],[4.6326,11.0054],[4.6353,11.0036],[4.641,11.0139],[4.6472,11.0123],[4.6489,11.0106],[4.6549,11.0128],[4.6587,11.012],[4.6653,11.0187],[4.6718,11.0192],[4.6619,11.0277],[4.6587,11.0345],[4.6649,11.0374],[4.6665,11.0407],[4.6737,11.0435],[4.6764,11.0428],[4.6826,11.0436],[4.6851,11.0472],[4.6853,11.0497],[4.6879,11.0516],[4.6887,11.0587],[4.696,11.0572],[4.703,11.0601],[4.7098,11.0586],[4.7134,11.0595],[4.716,11.0551],[4.7181,11.0535],[4.7206,11.0485],[4.7231,11.0452],[4.7241,11.04],[4.7286,11.0367],[4.7323,11.0329],[4.7379,11.0342],[4.745,11.0371],[4.7476,11.0375],[4.7495,11.0402],[4.7542,11.0517],[4.757,11.0536],[4.7638,11.0534],[4.7664,11.0592],[4.7666,11.0615],[4.7699,11.0652],[4.7723,11.065],[4.7763,11.0606],[4.7816,11.0603],[4.7827,11.0591],[4.7889,11.0574],[4.7952,11.0572],[4.7987,11.0627],[4.799,11.068],[4.7966,11.0745],[4.7928,11.0776],[4.7884,11.0849],[4.7854,11.0961],[4.786,11.0996],[4.7944,11.1126],[4.7996,11.1151],[4.7886,11.1189],[4.7858,11.1238],[4.7802,11.1287],[4.7784,11.1325],[4.7767,11.1325],[4.7653,11.1369],[4.7576,11.143],[4.7461,11.1476],[4.7413,11.1532],[4.7409,11.1619],[4.7383,11.1637],[4.7293,11.165],[4.723,11.1616],[4.7206,11.159],[4.711,11.1556],[4.7078,11.1555],[4.7049,11.1531],[4.6985,11.1516],[4.6948,11.1487],[4.6928,11.1489],[4.6858,11.1531],[4.6775,11.1506],[4.672,11.15],[4.6691,11.1521],[4.6677,11.1559],[4.6639,11.1589],[4.6622,11.1629],[4.6595,11.165],[4.6567,11.1635],[4.6517,11.1588],[4.6465,11.1585],[4.6367,11.1605],[4.6332,11.1656],[4.6305,11.1653],[4.6278,11.1669],[4.6234,11.1661],[4.6187,11.1669],[4.6149,11.1635],[4.6118,11.1621],[4.6012,11.1516],[4.5999,11.1493],[4.5999,11.1447],[4.6019,11.1391],[4.6086,11.1321],[4.6165,11.1275],[4.6249,11.1232],[4.6296,11.1229],[4.6347,11.1237],[4.6393,11.1179],[4.6385,11.1127],[4.6396,11.1083],[4.638,11.1038],[4.6404,11.0956],[4.6351,11.0929],[4.6296,11.0924],[4.6267,11.0932],[4.6194,11.0906],[4.6153,11.0866],[4.6115,11.0806],[4.6112,11.0705],[4.6016,11.0619],[4.5999,11.0634],[4.592,11.056],[4.595,11.0507],[4.5974,11.0443],[4.5996,11.0345],[4.6022,11.0306],[4.612,11.0198],[4.6219,11.0071],[4.628,10.9987]]]},"properties":{"name":"SAWASHI","state":"21","code":"21/17/07"}},{"type":"Feature","geometry":{"type":"Polygon","coordinates":[[[4.5999,11.1493],[4.6012,11.1516],[4.6118,11.1621],[4.6149,11.1635],[4.6187,11.1669],[4.6234,11.1661],[4.6278,11.1669],[4.6305,11.1653],[4.6332,11.1656],[4.6367,11.1605],[4.6465,11.1585],[4.6517,11.1588],[4.6567,11.1635],[4.6595,11.165],[4.6622,11.1629],[4.6639,11.1589],[4.6677,11.1559],[4.6691,11.1521],[4.672,11.15],[4.6775,11.1506],[4.6858,11.1531],[4.6928,11.1489],[4.6948,11.1487],[4.6985,11.1516],[4.7049,11.1531],[4.7078,11.1555],[4.711,11.1556],[4.7206,11.159],[4.723,11.1616],[4.7293,11.165],[4.7383,11.1637],[4.7409,11.1619],[4.7405,11.1693],[4.7322,11.1904],[4.7236,11.2038],[4.7234,11.205],[4.7053,11.2211],[4.7034,11.2285],[4.7362,11.2495],[4.739,11.2511],[4.7095,11.2635],[4.7041,11.2677],[4.7026,11.263],[4.699,11.2553],[4.6897,11.2589],[4.685,11.2626],[4.6776,11.265],[4.6722,11.2678],[4.6706,11.2627],[4.6645,11.2552],[4.6596,11.2542],[4.6514,11.254],[4.6476,11.2555],[4.6401,11.2546],[4.6388,11.2578],[4.6389,11.2617],[4.6325,11.2627],[4.6281,11.2641],[4.6235,11.2615],[4.625,11.2469],[4.6214,11.2457],[4.6225,11.2424],[4.6196,11.2401],[4.6164,11.2405],[4.6089,11.2429],[4.609,11.2395],[4.6053,11.2388],[4.5958,11.2341],[4.5907,11.2328],[4.587,11.2348],[4.5838,11.2351],[4.5813,11.2368],[4.5807,11.2393],[4.5755,11.2407],[4.5735,11.243],[4.5687,11.2437],[4.5624,11.2407],[4.5614,11.2378],[4.5573,11.2362],[4.5538,11.2305],[4.5463,11.2304],[4.5418,11.2296],[4.5398,11.2262],[4.5309,11.2243],[4.5202,11.2125],[4.5167,11.2118],[4.5134,11.2095],[4.5106,11.2059],[4.5141,11.2059],[4.5225,11.1999],[4.5301,11.1999],[4.5351,11.199],[4.5382,11.1929],[4.5389,11.1893],[4.5415,11.1878],[4.5476,11.1883],[4.5499,11.1902],[4.5537,11.1903],[4.5562,11.1881],[4.5624,11.1883],[4.5715,11.186],[4.5788,11.1853],[4.5837,11.1809],[4.5821,11.1763],[4.582,11.173],[4.5838,11.1689],[4.583,11.166],[4.5756,11.1655],[4.5769,11.1609],[4.5825,11.158],[4.5866,11.1523],[4.5926,11.1517],[4.5999,11.1493]]]},"properties":{"name":"SHANGA","state":"21","code":"21/17/08"}},{"type":"Feature","geometry":{"type":"Polygon","coordinates":[[[4.5208,11.3032],[4.5257,11.3019],[4.5273,11.3003],[4.5309,11.3006],[4.5342,11.2989],[4.5386,11.2944],[4.5451,11.2903],[4.5498,11.2795],[4.5494,11.2771],[4.5524,11.2735],[4.5572,11.2789],[4.5602,11.2789],[4.564,11.2813],[4.5701,11.2832],[4.5713,11.2843],[4.577,11.2839],[4.58,11.2856],[4.5871,11.2845],[4.5903,11.2851],[4.5936,11.2822],[4.5976,11.2832],[4.5991,11.2884],[4.5992,11.292],[4.6042,11.2956],[4.6076,11.2955],[4.6086,11.3012],[4.6063,11.3053],[4.606,11.3097],[4.6025,11.314],[4.5971,11.3168],[4.5962,11.3189],[4.5958,11.3247],[4.5948,11.3262],[4.5971,11.3322],[4.5988,11.3339],[4.5995,11.3385],[4.5944,11.3424],[4.5926,11.3478],[4.5891,11.3536],[4.5824,11.3571],[4.5834,11.3641],[4.5821,11.3689],[4.5831,11.3736],[4.5796,11.3725],[4.5756,11.3734],[4.5719,11.3728],[4.5593,11.3675],[4.5556,11.3646],[4.5433,11.3595],[4.5403,11.362],[4.5396,11.3646],[4.5345,11.3681],[4.532,11.3666],[4.5297,11.363],[4.5267,11.3621],[4.5234,11.3566],[4.5205,11.3535],[4.5232,11.3473],[4.5218,11.3407],[4.5161,11.3309],[4.5158,11.328],[4.5172,11.322],[4.5224,11.3207],[4.5255,11.3132],[4.5208,11.3055],[4.5208,11.3032]]]},"properties":{"name":"TAKWARE","state":"21","code":"21/17/09"}},{"type":"Feature","geometry":{"type":"Polygon","coordinates":[[[4.494,11.2434],[4.4938,11.2416],[4.4904,11.238],[4.4878,11.231],[4.4864,11.2232],[4.4888,11.2154],[4.4914,11.2128],[4.4924,11.2093],[4.5019,11.2102],[4.5044,11.2112],[4.5101,11.2102],[4.5106,11.2059],[4.5134,11.2095],[4.5167,11.2118],[4.5202,11.2125],[4.5309,11.2243],[4.5398,11.2262],[4.5418,11.2296],[4.5463,11.2304],[4.5538,11.2305],[4.5573,11.2362],[4.5614,11.2378],[4.5624,11.2407],[4.5687,11.2437],[4.5735,11.243],[4.5755,11.2407],[4.5807,11.2393],[4.5813,11.2368],[4.5838,11.2351],[4.587,11.2348],[4.5907,11.2328],[4.5958,11.2341],[4.6053,11.2388],[4.609,11.2395],[4.6089,11.2429],[4.6164,11.2405],[4.6196,11.2401],[4.6225,11.2424],[4.6214,11.2457],[4.625,11.2469],[4.6235,11.2615],[4.6281,11.2641],[4.6325,11.2627],[4.6389,11.2617],[4.6388,11.2578],[4.6401,11.2546],[4.6476,11.2555],[4.6514,11.254],[4.6596,11.2542],[4.6645,11.2552],[4.6706,11.2627],[4.6722,11.2678],[4.6776,11.265],[4.685,11.2626],[4.6897,11.2589],[4.699,11.2553],[4.7026,11.263],[4.7041,11.2677],[4.7045,11.2722],[4.7082,11.2751],[4.7096,11.2793],[4.7132,11.2836],[4.7105,11.291],[4.7119,11.2971],[4.7195,11.2993],[4.7183,11.3027],[4.7103,11.3082],[4.7036,11.3118],[4.7003,11.3148],[4.7009,11.321],[4.7001,11.3245],[4.6972,11.3273],[4.6946,11.3338],[4.6916,11.3357],[4.6883,11.3392],[4.6837,11.3411],[4.6796,11.3406],[4.6769,11.3446],[4.6711,11.3466],[4.6699,11.351],[4.6654,11.3562],[4.6656,11.3584],[4.6632,11.3608],[4.662,11.3643],[4.6594,11.3632],[4.6562,11.3649],[4.6544,11.364],[4.6501,11.3646],[4.6433,11.3626],[4.6421,11.363],[4.6411,11.3617],[4.6403,11.3553],[4.6383,11.3516],[4.6343,11.3497],[4.6309,11.3499],[4.6276,11.3473],[4.6268,11.3505],[4.6239,11.352],[4.6123,11.364],[4.6073,11.3638],[4.5989,11.3593],[4.5945,11.356],[4.5891,11.3536],[4.5926,11.3478],[4.5944,11.3424],[4.5995,11.3385],[4.5988,11.3339],[4.5971,11.3322],[4.5948,11.3262],[4.5958,11.3247],[4.5962,11.3189],[4.5971,11.3168],[4.6025,11.314],[4.606,11.3097],[4.6063,11.3053],[4.6086,11.3012],[4.6076,11.2955],[4.6042,11.2956],[4.5992,11.292],[4.5991,11.2884],[4.5976,11.2832],[4.5936,11.2822],[4.5903,11.2851],[4.5871,11.2845],[4.58,11.2856],[4.577,11.2839],[4.5713,11.2843],[4.5701,11.2832],[4.564,11.2813],[4.5602,11.2789],[4.5572,11.2789],[4.5524,11.2735],[4.5494,11.2771],[4.5498,11.2795],[4.5451,11.2903],[4.5386,11.2944],[4.5342,11.2989],[4.5309,11.3006],[4.5273,11.3003],[4.5257,11.3019],[4.5208,11.3032],[4.5164,11.2963],[4.5172,11.294],[4.5136,11.2907],[4.5149,11.2886],[4.5134,11.2857],[4.5165,11.284],[4.5172,11.2793],[4.5128,11.2747],[4.515,11.2699],[4.5151,11.2672],[4.5182,11.2641],[4.5152,11.2589],[4.5102,11.2577],[4.5083,11.2532],[4.5098,11.2502],[4.51,11.2428],[4.506,11.2421],[4.5008,11.2436],[4.4982,11.2427],[4.494,11.2434]]]},"properties":{"name":"YARBESSE","state":"21","code":"21/17/10"}},{"type":"Feature","geometry":{"type":"Polygon","coordinates":[[[3.9548,11.5174],[3.9553,11.523],[3.9602,11.5296],[3.9605,11.5339],[3.9585,11.5397],[3.9584,11.5498],[3.957,11.5525],[3.9654,11.5564],[3.9704,11.5617],[3.9733,11.5681],[3.9757,11.5751],[3.9719,11.5813],[3.9685,11.5827],[3.9638,11.5881],[3.9636,11.5958],[3.965,11.6011],[3.9638,11.6107],[3.9621,11.6144],[3.9664,11.6199],[3.9618,11.6222],[3.9576,11.6228],[3.9545,11.6214],[3.9512,11.6215],[3.9526,11.6263],[3.9563,11.6346],[3.9532,11.6385],[3.9521,11.6457],[3.942,11.6403],[3.9394,11.642],[3.9324,11.6422],[3.9312,11.6439],[3.9278,11.6421],[3.9272,11.6371],[3.9241,11.6317],[3.9164,11.6339],[3.914,11.6376],[3.9085,11.6422],[3.9063,11.6433],[3.902,11.6489],[3.8991,11.6501],[3.8942,11.6557],[3.8862,11.6546],[3.883,11.6556],[3.88,11.6504],[3.8857,11.6458],[3.887,11.6439],[3.8771,11.6381],[3.8734,11.6416],[3.8694,11.6403],[3.8628,11.6402],[3.8598,11.6387],[3.8605,11.6362],[3.859,11.63],[3.8573,11.6269],[3.8571,11.622],[3.8516,11.6211],[3.8476,11.6285],[3.8414,11.6235],[3.8444,11.6219],[3.8399,11.6141],[3.845,11.6079],[3.8434,11.6023],[3.8542,11.5981],[3.8504,11.5939],[3.8484,11.5931],[3.8456,11.586],[3.8386,11.5869],[3.8302,11.5864],[3.8187,11.587],[3.8095,11.591],[3.8036,11.5922],[3.7974,11.5912],[3.7959,11.5874],[3.7941,11.584],[3.7989,11.5787],[3.8057,11.5753],[3.8125,11.573],[3.8209,11.5695],[3.827,11.5682],[3.8349,11.5673],[3.8434,11.5644],[3.8495,11.5599],[3.853,11.5555],[3.8609,11.5522],[3.8701,11.5506],[3.8731,11.5505],[3.8796,11.5467],[3.8827,11.5461],[3.8888,11.5402],[3.8901,11.5369],[3.8941,11.5328],[3.9062,11.5305],[3.9103,11.531],[3.9143,11.5287],[3.9191,11.5243],[3.9232,11.5215],[3.9282,11.5212],[3.9379,11.5221],[3.9433,11.5219],[3.948,11.5205],[3.9548,11.5174]]]},"properties":{"name":"ALJANNARE","state":"21","code":"21/18/01"}},{"type":"Feature","geometry":{"type":"Polygon","coordinates":[[[4.0243,11.7407],[4.0297,11.7446],[4.0317,11.7436],[4.0336,11.737],[4.0389,11.7294],[4.04,11.7242],[4.0423,11.7257],[4.0488,11.7258],[4.0556,11.7224],[4.0599,11.7234],[4.061,11.7216],[4.0679,11.7159],[4.0684,11.7134],[4.0718,11.7098],[4.071,11.7072],[4.0751,11.7064],[4.0802,11.7021],[4.0832,11.696],[4.0833,11.6935],[4.0872,11.694],[4.0878,11.6892],[4.0907,11.685],[4.0948,11.6824],[4.1019,11.6842],[4.105,11.6876],[4.1105,11.688],[4.1123,11.6898],[4.1181,11.6875],[4.1261,11.6865],[4.1362,11.6909],[4.1392,11.6913],[4.1394,11.6946],[4.1355,11.6943],[4.1355,11.6983],[4.1332,11.7007],[4.1321,11.7046],[4.1334,11.7076],[4.1372,11.7089],[4.1369,11.7132],[4.1421,11.7156],[4.1436,11.7203],[4.1388,11.7249],[4.1412,11.7306],[4.1443,11.7328],[4.1422,11.7372],[4.1397,11.7403],[4.144,11.7442],[4.1454,11.7498],[4.1506,11.7525],[4.1516,11.7573],[4.1444,11.7558],[4.141,11.7565],[4.1308,11.7633],[4.1296,11.7653],[4.1258,11.7664],[4.1244,11.7685],[4.1239,11.7732],[4.1254,11.7769],[4.124,11.7865],[4.1258,11.7889],[4.1258,11.7919],[4.1282,11.7938],[4.1296,11.7976],[4.1337,11.8],[4.1319,11.8026],[4.1355,11.8033],[4.1362,11.8068],[4.1385,11.812],[4.1366,11.8129],[4.1358,11.8165],[4.135,11.8191],[4.1382,11.8223],[4.1458,11.8264],[4.1454,11.8286],[4.141,11.8294],[4.1376,11.8343],[4.1329,11.8313],[4.1323,11.8363],[4.1262,11.8351],[4.1228,11.8371],[4.1259,11.8422],[4.1211,11.8467],[4.1177,11.8519],[4.1229,11.8551],[4.1219,11.8582],[4.1138,11.8604],[4.1139,11.8637],[4.111,11.8679],[4.1081,11.8695],[4.1068,11.8758],[4.103,11.8795],[4.0986,11.8797],[4.0906,11.877],[4.0847,11.8744],[4.0754,11.8769],[4.0714,11.8734],[4.0638,11.8718],[4.0625,11.8666],[4.0632,11.8632],[4.0614,11.8605],[4.0609,11.8553],[4.0549,11.8536],[4.0514,11.8496],[4.0465,11.8479],[4.0431,11.8452],[4.0403,11.8415],[4.0352,11.8367],[4.0323,11.8303],[4.0285,11.8187],[4.0239,11.8124],[4.0207,11.8099],[4.0154,11.8008],[4.0116,11.7916],[4.0172,11.785],[4.0194,11.7804],[4.0237,11.7771],[4.025,11.7722],[4.0238,11.7668],[4.0232,11.76],[4.0207,11.754],[4.0197,11.7466],[4.0225,11.7417],[4.0243,11.7407]]]},"properties":{"name":"BANDAN","state":"21","code":"21/18/02"}},{"type":"Feature","geometry":{"type":"Polygon","coordinates":[[[4.006,11.5435],[4.0095,11.5531],[4.0147,11.5546],[4.0178,11.5571],[4.0183,11.5608],[4.0216,11.5654],[4.0259,11.5686],[4.0334,11.5687],[4.0394,11.573],[4.0442,11.5701],[4.0498,11.5759],[4.0598,11.5724],[4.0606,11.578],[4.0622,11.5809],[4.061,11.587],[4.0632,11.591],[4.0691,11.5918],[4.074,11.5969],[4.0765,11.5973],[4.0874,11.603],[4.0831,11.611],[4.0709,11.617],[4.0674,11.616],[4.0645,11.6172],[4.0561,11.6159],[4.0549,11.6181],[4.0462,11.6225],[4.0442,11.6217],[4.038,11.625],[4.0366,11.625],[4.0333,11.6212],[4.0286,11.6176],[4.0247,11.622],[4.0228,11.6257],[4.0239,11.6297],[4.0227,11.634],[4.0223,11.6403],[4.017,11.6402],[4.0129,11.6414],[4.0102,11.6408],[4.0053,11.6438],[4.0057,11.6484],[4.0051,11.654],[4.0062,11.6561],[3.9976,11.661],[3.9827,11.6668],[3.9836,11.6632],[3.9813,11.6596],[3.9769,11.6573],[3.9765,11.6542],[3.979,11.6497],[3.9773,11.6443],[3.9697,11.6387],[3.9624,11.6316],[3.9755,11.6196],[3.9708,11.6187],[3.9664,11.6199],[3.9621,11.6144],[3.9638,11.6107],[3.965,11.6011],[3.9636,11.5958],[3.9638,11.5881],[3.9685,11.5827],[3.9719,11.5813],[3.9757,11.5751],[3.9733,11.5681],[3.9704,11.5617],[3.9654,11.5564],[3.957,11.5525],[3.9584,11.5498],[3.9585,11.5397],[3.9605,11.5339],[3.9602,11.5296],[3.9553,11.523],[3.9548,11.5174],[3.9548,11.5152],[3.9606,11.514],[3.979,11.5034],[3.9848,11.4994],[3.9877,11.4932],[3.9899,11.4943],[3.9926,11.5045],[3.9969,11.5061],[3.9972,11.51],[3.9955,11.5197],[4.0006,11.5265],[4.0038,11.5282],[4.0065,11.5333],[4.006,11.5435]]]},"properties":{"name":"BARBAREJO","state":"21","code":"21/18/03"}},{"type":"Feature","geometry":{"type":"Polygon","coordinates":[[[3.9878,12.0091],[3.9881,12.0052],[3.9852,12.0029],[3.9828,11.9987],[3.9828,11.9941],[3.9839,11.9902],[3.9819,11.9868],[3.97,11.9876],[3.9661,11.987],[3.9625,11.9879],[3.9601,11.9867],[3.9602,11.9785],[3.9615,11.9764],[3.9621,11.9704],[3.9642,11.9693],[3.9668,11.9644],[3.9669,11.961],[3.969,11.9537],[3.9707,11.952],[3.9697,11.9476],[3.9707,11.9435],[3.9666,11.9402],[3.9654,11.9347],[3.9631,11.9315],[3.9592,11.9227],[3.9568,11.9196],[3.9567,11.9169],[3.9534,11.9056],[3.9502,11.9015],[3.9505,11.8951],[3.9533,11.8852],[3.9568,11.8807],[3.9562,11.8778],[3.9581,11.8739],[3.9619,11.8695],[3.9617,11.8667],[3.9658,11.8633],[3.9681,11.8587],[3.9693,11.8486],[3.9677,11.8462],[3.9715,11.843],[3.9701,11.8206],[3.9731,11.8168],[3.972,11.8115],[3.9718,11.8044],[3.971,11.7989],[3.9734,11.7942],[3.9792,11.7971],[3.9851,11.804],[3.9937,11.8104],[3.9968,11.8055],[4.0013,11.8017],[4.0031,11.7985],[4.0059,11.7976],[4.009,11.7926],[4.0116,11.7916],[4.0154,11.8008],[4.0207,11.8099],[4.0239,11.8124],[4.0285,11.8187],[4.0323,11.8303],[4.0352,11.8367],[4.0403,11.8415],[4.0431,11.8452],[4.0465,11.8479],[4.0514,11.8496],[4.0549,11.8536],[4.0609,11.8553],[4.0614,11.8605],[4.0632,11.8632],[4.0625,11.8666],[4.0638,11.8718],[4.0714,11.8734],[4.0754,11.8769],[4.0847,11.8744],[4.0906,11.877],[4.0986,11.8797],[4.103,11.8795],[4.1068,11.8758],[4.109,11.8795],[4.1111,11.8802],[4.1105,11.8836],[4.1134,11.8871],[4.109,11.8965],[4.1056,11.8995],[4.1036,11.897],[4.0979,11.8992],[4.1037,11.9021],[4.1061,11.9021],[4.1081,11.9063],[4.1026,11.9075],[4.1044,11.9097],[4.1094,11.9091],[4.1116,11.9056],[4.1159,11.9088],[4.1151,11.9139],[4.1209,11.9112],[4.1226,11.9128],[4.126,11.9099],[4.1286,11.9121],[4.1332,11.9188],[4.1333,11.9208],[4.1363,11.9233],[4.1371,11.9293],[4.1344,11.9335],[4.1334,11.9378],[4.1279,11.9411],[4.1298,11.9456],[4.1215,11.9576],[4.1171,11.9595],[4.1149,11.9629],[4.1062,11.9651],[4.1046,11.9669],[4.1063,11.9703],[4.1019,11.9729],[4.1016,11.9744],[4.1048,11.977],[4.1019,11.9813],[4.101,11.9894],[4.0974,11.9898],[4.0958,11.9939],[4.0909,11.9945],[4.0898,12.0025],[4.0862,12.0037],[4.0857,12.0078],[4.0887,12.0099],[4.0871,12.0144],[4.0839,12.0187],[4.0789,12.0203],[4.0766,12.0243],[4.0778,12.0266],[4.0742,12.0308],[4.0679,12.0296],[4.0654,12.0274],[4.0631,12.0199],[4.0626,12.0163],[4.057,12.0135],[4.0523,12.0122],[4.0514,12.016],[4.0528,12.0177],[4.0506,12.0219],[4.0474,12.0241],[4.0386,12.0237],[4.0387,12.0187],[4.0355,12.0171],[4.0338,12.0138],[4.0275,12.0139],[4.0269,12.0102],[4.0224,12.0057],[4.0224,12.0015],[4.0188,11.9994],[4.0122,12.0014],[4.0062,12.0068],[4.0027,12.0153],[3.9993,12.0127],[3.9916,12.0091],[3.9878,12.0091]]]},"properties":{"name":"BAKUWAI","state":"21","code":"21/18/04"}},{"type":"Feature","geometry":{"type":"Polygon","coordinates":[[[4.1437,11.6613],[4.1413,11.6641],[4.1411,11.6679],[4.1456,11.6717],[4.1462,11.6749],[4.1396,11.6793],[4.1372,11.6784],[4.135,11.6849],[4.136,11.6887],[4.1392,11.6913],[4.1362,11.6909],[4.1261,11.6865],[4.1181,11.6875],[4.1123,11.6898],[4.1105,11.688],[4.105,11.6876],[4.1019,11.6842],[4.0948,11.6824],[4.0907,11.685],[4.0878,11.6892],[4.0872,11.694],[4.0833,11.6935],[4.0832,11.696],[4.0802,11.7021],[4.0751,11.7064],[4.071,11.7072],[4.0718,11.7098],[4.0684,11.7134],[4.0679,11.7159],[4.061,11.7216],[4.0599,11.7234],[4.0556,11.7224],[4.0488,11.7258],[4.0423,11.7257],[4.04,11.7242],[4.0389,11.7294],[4.0336,11.737],[4.0317,11.7436],[4.0297,11.7446],[4.0243,11.7407],[4.0231,11.7361],[4.0197,11.7363],[4.0096,11.7321],[4.0061,11.7267],[4.0046,11.7223],[4.0023,11.7221],[3.9964,11.7184],[3.9951,11.7154],[3.9905,11.7123],[3.9918,11.7086],[3.9906,11.7071],[3.9922,11.702],[3.9925,11.6943],[3.9904,11.6901],[3.989,11.6781],[3.9874,11.6743],[3.9838,11.6705],[3.9827,11.6668],[3.9976,11.661],[4.0062,11.6561],[4.0051,11.654],[4.0057,11.6484],[4.0053,11.6438],[4.0102,11.6408],[4.0129,11.6414],[4.017,11.6402],[4.0223,11.6403],[4.0227,11.634],[4.0239,11.6297],[4.0228,11.6257],[4.0247,11.622],[4.0286,11.6176],[4.0333,11.6212],[4.0366,11.625],[4.038,11.625],[4.0442,11.6217],[4.0462,11.6225],[4.0549,11.6181],[4.0561,11.6159],[4.0645,11.6172],[4.0674,11.616],[4.0709,11.617],[4.0831,11.611],[4.0874,11.603],[4.0968,11.612],[4.0996,11.6121],[4.1108,11.6098],[4.1093,11.6164],[4.1087,11.6274],[4.1076,11.6327],[4.1062,11.6348],[4.106,11.6396],[4.1034,11.6465],[4.1022,11.6544],[4.1099,11.6557],[4.119,11.6581],[4.1215,11.6565],[4.1269,11.6579],[4.1351,11.6582],[4.1437,11.6613]]]},"properties":{"name":"DAKINGARI","state":"21","code":"21/18/05"}},{"type":"Feature","geometry":{"type":"Polygon","coordinates":[[[4.1989,12.0486],[4.19,12.0477],[4.1857,12.0452],[4.1828,12.0458],[4.1779,12.0452],[4.1751,12.0437],[4.1779,12.0413],[4.1786,12.0373],[4.1746,12.0332],[4.1741,12.0305],[4.1765,12.0277],[4.178,12.0239],[4.1765,12.0214],[4.1734,12.0224],[4.1604,12.0165],[4.1561,12.0196],[4.1488,12.0223],[4.1433,12.022],[4.1385,12.0202],[4.1326,12.0199],[4.1339,12.0113],[4.1296,12.0065],[4.1328,12.006],[4.1361,12.0037],[4.1345,11.9998],[4.1365,11.9909],[4.135,11.9891],[4.1279,11.9885],[4.1227,11.9872],[4.1216,11.9857],[4.1226,11.9753],[4.1208,11.9718],[4.1277,11.9678],[4.1287,11.9698],[4.1338,11.9686],[4.1374,11.9698],[4.1395,11.9681],[4.145,11.9661],[4.1482,11.9663],[4.1499,11.9644],[4.1548,11.9628],[4.1528,11.9577],[4.1528,11.9527],[4.156,11.9518],[4.1634,11.9529],[4.1713,11.95],[4.1814,11.9489],[4.1864,11.9469],[4.1908,11.9498],[4.1935,11.9549],[4.1987,11.9574],[4.2011,11.9576],[4.2061,11.9549],[4.2123,11.9505],[4.2166,11.9464],[4.2179,11.9435],[4.2177,11.9402],[4.2196,11.9362],[4.2188,11.9329],[4.2195,11.9252],[4.2244,11.9241],[4.2273,11.9252],[4.2321,11.9241],[4.2366,11.9259],[4.2451,11.9271],[4.2463,11.9277],[4.2429,11.938],[4.2423,11.949],[4.2409,11.9562],[4.2381,11.9651],[4.229,11.9722],[4.2262,11.975],[4.2245,11.9811],[4.2206,11.9825],[4.2164,11.9827],[4.2115,11.9881],[4.2082,11.993],[4.205,11.9947],[4.2028,11.9974],[4.2021,12.002],[4.2069,12.0031],[4.2159,12.0088],[4.214,12.0136],[4.2135,12.0178],[4.2097,12.0238],[4.2101,12.026],[4.2066,12.031],[4.2056,12.0373],[4.2007,12.0418],[4.1989,12.0486]]]},"properties":{"name":"DANDANE","state":"21","code":"21/18/06"}},{"type":"Feature","geometry":{"type":"Polygon","coordinates":[[[4.0027,12.0153],[4.0062,12.0068],[4.0122,12.0014],[4.0188,11.9994],[4.0224,12.0015],[4.0224,12.0057],[4.0269,12.0102],[4.0275,12.0139],[4.0338,12.0138],[4.0355,12.0171],[4.0387,12.0187],[4.0386,12.0237],[4.0474,12.0241],[4.0506,12.0219],[4.0528,12.0177],[4.0514,12.016],[4.0523,12.0122],[4.057,12.0135],[4.0626,12.0163],[4.0631,12.0199],[4.0654,12.0274],[4.0679,12.0296],[4.0742,12.0308],[4.0778,12.0266],[4.0766,12.0243],[4.0789,12.0203],[4.0839,12.0187],[4.0871,12.0144],[4.0887,12.0099],[4.0857,12.0078],[4.0862,12.0037],[4.0898,12.0025],[4.0909,11.9945],[4.0958,11.9939],[4.0974,11.9898],[4.101,11.9894],[4.1019,11.9813],[4.1048,11.977],[4.1016,11.9744],[4.1019,11.9729],[4.1063,11.9703],[4.1046,11.9669],[4.1062,11.9651],[4.1149,11.9629],[4.1171,11.9595],[4.1215,11.9576],[4.1298,11.9456],[4.1368,11.9518],[4.1409,11.9516],[4.1417,11.9551],[4.1458,11.9586],[4.1528,11.9577],[4.1548,11.9628],[4.1499,11.9644],[4.1482,11.9663],[4.145,11.9661],[4.1395,11.9681],[4.1374,11.9698],[4.1338,11.9686],[4.1287,11.9698],[4.1277,11.9678],[4.1208,11.9718],[4.1226,11.9753],[4.1216,11.9857],[4.1227,11.9872],[4.1279,11.9885],[4.135,11.9891],[4.1365,11.9909],[4.1345,11.9998],[4.1361,12.0037],[4.1328,12.006],[4.1296,12.0065],[4.1339,12.0113],[4.1326,12.0199],[4.1298,12.024],[4.1312,12.0258],[4.1401,12.0282],[4.1386,12.0306],[4.1357,12.0318],[4.1384,12.0374],[4.1343,12.0372],[4.1304,12.0352],[4.1231,12.0341],[4.1197,12.0371],[4.1116,12.0385],[4.1075,12.0428],[4.1046,12.0433],[4.0983,12.047],[4.0978,12.0509],[4.0949,12.0515],[4.0851,12.0487],[4.0816,12.0422],[4.0783,12.0407],[4.0792,12.0382],[4.078,12.0347],[4.0738,12.0331],[4.0728,12.0412],[4.0691,12.0417],[4.0652,12.0387],[4.061,12.0387],[4.0586,12.0371],[4.0598,12.0342],[4.054,12.0347],[4.0506,12.0358],[4.0432,12.0345],[4.0372,12.029],[4.0292,12.0256],[4.0257,12.0268],[4.0097,12.0292],[4.0047,12.0284],[4.0027,12.0153]]]},"properties":{"name":"DANIYA/SHEMA","state":"21","code":"21/18/07"}},{"type":"Feature","geometry":{"type":"Polygon","coordinates":[[[4.0432,12.0345],[4.0506,12.0358],[4.054,12.0347],[4.0598,12.0342],[4.0586,12.0371],[4.061,12.0387],[4.0652,12.0387],[4.0691,12.0417],[4.0728,12.0412],[4.0738,12.0331],[4.078,12.0347],[4.0792,12.0382],[4.0783,12.0407],[4.0816,12.0422],[4.0851,12.0487],[4.0949,12.0515],[4.0978,12.0509],[4.0983,12.047],[4.1046,12.0433],[4.1075,12.0428],[4.1116,12.0385],[4.1197,12.0371],[4.1231,12.0341],[4.1304,12.0352],[4.1343,12.0372],[4.1384,12.0374],[4.1357,12.0318],[4.1386,12.0306],[4.1401,12.0282],[4.1312,12.0258],[4.1298,12.024],[4.1326,12.0199],[4.1385,12.0202],[4.1433,12.022],[4.1488,12.0223],[4.1561,12.0196],[4.1604,12.0165],[4.1734,12.0224],[4.1765,12.0214],[4.178,12.0239],[4.1765,12.0277],[4.1741,12.0305],[4.1746,12.0332],[4.1786,12.0373],[4.1779,12.0413],[4.1751,12.0437],[4.1713,12.0402],[4.1682,12.0409],[4.1623,12.0463],[4.1581,12.0474],[4.156,12.0508],[4.1579,12.0536],[4.1604,12.0606],[4.1649,12.0666],[4.1614,12.0677],[4.1546,12.0728],[4.1479,12.0706],[4.1411,12.0696],[4.1336,12.0716],[4.1272,12.0716],[4.1214,12.0737],[4.1158,12.0748],[4.1141,12.0685],[4.1078,12.065],[4.1073,12.0629],[4.1001,12.0613],[4.1012,12.0657],[4.0989,12.0729],[4.0959,12.0743],[4.0939,12.0728],[4.0892,12.0718],[4.0851,12.0727],[4.0815,12.0723],[4.0797,12.0683],[4.081,12.065],[4.0803,12.0611],[4.0766,12.0625],[4.0734,12.0591],[4.0688,12.0593],[4.0664,12.055],[4.0632,12.0588],[4.0596,12.0604],[4.0546,12.0642],[4.0547,12.0607],[4.0532,12.0567],[4.0495,12.0545],[4.0479,12.0517],[4.0494,12.0487],[4.0457,12.0475],[4.045,12.0437],[4.0406,12.0432],[4.0387,12.0416],[4.0397,12.0384],[4.0432,12.0345]]]},"properties":{"name":"GINGA","state":"21","code":"21/18/08"}},{"type":"Feature","geometry":{"type":"Polygon","coordinates":[[[4.1516,11.7573],[4.1546,11.7559],[4.1615,11.7583],[4.1633,11.7552],[4.1619,11.7505],[4.1673,11.7464],[4.1649,11.7413],[4.1757,11.7372],[4.179,11.7337],[4.1839,11.732],[4.1853,11.7305],[4.1891,11.7323],[4.1944,11.7326],[4.2031,11.7317],[4.2108,11.7355],[4.215,11.7394],[4.2174,11.7433],[4.2231,11.7459],[4.227,11.7494],[4.2283,11.7537],[4.234,11.7617],[4.2363,11.7665],[4.2366,11.7693],[4.2334,11.7712],[4.2297,11.7758],[4.2267,11.782],[4.227,11.7861],[4.2256,11.7913],[4.2225,11.7986],[4.2203,11.7994],[4.2085,11.8],[4.2045,11.8011],[4.1954,11.8003],[4.1921,11.8026],[4.1863,11.7997],[4.1796,11.7989],[4.1755,11.7998],[4.1709,11.8027],[4.1683,11.8017],[4.1674,11.8065],[4.1631,11.8075],[4.1612,11.8112],[4.1615,11.8159],[4.1658,11.8206],[4.1619,11.8229],[4.1563,11.8158],[4.1539,11.8151],[4.1532,11.8118],[4.1475,11.8102],[4.1441,11.8149],[4.1415,11.8163],[4.1358,11.8165],[4.1366,11.8129],[4.1385,11.812],[4.1362,11.8068],[4.1355,11.8033],[4.1319,11.8026],[4.1337,11.8],[4.1296,11.7976],[4.1282,11.7938],[4.1258,11.7919],[4.1258,11.7889],[4.124,11.7865],[4.1254,11.7769],[4.1239,11.7732],[4.1244,11.7685],[4.1258,11.7664],[4.1296,11.7653],[4.1308,11.7633],[4.141,11.7565],[4.1444,11.7558],[4.1516,11.7573]]]},"properties":{"name":"GIRO","state":"21","code":"21/18/09"}},{"type":"Feature","geometry":{"type":"Polygon","coordinates":[[[4.227,11.6579],[4.2297,11.6605],[4.2361,11.6562],[4.241,11.6569],[4.242,11.6587],[4.2407,11.6617],[4.2401,11.6666],[4.2446,11.6708],[4.2461,11.6699],[4.2489,11.6647],[4.2489,11.6623],[4.2523,11.6609],[4.2553,11.6627],[4.256,11.6677],[4.2584,11.6709],[4.2589,11.6755],[4.2558,11.6769],[4.2547,11.6822],[4.2575,11.688],[4.2626,11.6905],[4.2651,11.6933],[4.2655,11.6994],[4.2694,11.704],[4.2755,11.7059],[4.2774,11.7018],[4.2823,11.7014],[4.285,11.7025],[4.2892,11.7093],[4.2861,11.7118],[4.2841,11.7157],[4.2851,11.7183],[4.2881,11.7185],[4.2915,11.721],[4.2934,11.7245],[4.2941,11.7285],[4.2923,11.7344],[4.2955,11.7357],[4.2979,11.7396],[4.3036,11.7427],[4.3017,11.7471],[4.3046,11.7572],[4.3032,11.7611],[4.3044,11.764],[4.3078,11.7647],[4.3079,11.7704],[4.3112,11.7739],[4.3112,11.7777],[4.316,11.7787],[4.3183,11.7837],[4.3234,11.7869],[4.3258,11.7907],[4.3331,11.7942],[4.3324,11.7963],[4.3324,11.8032],[4.334,11.8082],[4.333,11.8119],[4.3359,11.8167],[4.3284,11.8172],[4.3224,11.8197],[4.3136,11.821],[4.3143,11.8131],[4.3114,11.8118],[4.308,11.8087],[4.3019,11.8087],[4.2945,11.8013],[4.2901,11.7989],[4.2825,11.7966],[4.2719,11.7899],[4.2668,11.7822],[4.2648,11.7817],[4.26,11.7778],[4.2553,11.7756],[4.2448,11.7746],[4.2391,11.7702],[4.2366,11.7693],[4.2363,11.7665],[4.234,11.7617],[4.2283,11.7537],[4.227,11.7494],[4.2231,11.7459],[4.2174,11.7433],[4.215,11.7394],[4.2108,11.7355],[4.2031,11.7317],[4.1944,11.7326],[4.1891,11.7323],[4.1853,11.7305],[4.1839,11.732],[4.179,11.7337],[4.1757,11.7372],[4.1649,11.7413],[4.1673,11.7464],[4.1619,11.7505],[4.1633,11.7552],[4.1615,11.7583],[4.1546,11.7559],[4.1516,11.7573],[4.1506,11.7525],[4.1454,11.7498],[4.144,11.7442],[4.1397,11.7403],[4.1422,11.7372],[4.1443,11.7328],[4.1412,11.7306],[4.1388,11.7249],[4.1436,11.7203],[4.1421,11.7156],[4.1369,11.7132],[4.1372,11.7089],[4.1334,11.7076],[4.1321,11.7046],[4.1332,11.7007],[4.1355,11.6983],[4.1355,11.6943],[4.1394,11.6946],[4.1392,11.6913],[4.136,11.6887],[4.135,11.6849],[4.1372,11.6784],[4.1396,11.6793],[4.1462,11.6749],[4.1456,11.6717],[4.1411,11.6679],[4.1413,11.6641],[4.1437,11.6613],[4.1475,11.6566],[4.1512,11.6567],[4.1534,11.6543],[4.1578,11.6535],[4.1587,11.6506],[4.1645,11.6489],[4.1681,11.6491],[4.1691,11.6448],[4.1736,11.6445],[4.1784,11.6453],[4.1807,11.6421],[4.1853,11.6432],[4.188,11.6479],[4.1945,11.6464],[4.1988,11.651],[4.1987,11.6538],[4.1939,11.6574],[4.1956,11.662],[4.2014,11.6597],[4.2038,11.6598],[4.2058,11.6626],[4.2038,11.665],[4.206,11.6709],[4.2089,11.6735],[4.2127,11.6737],[4.2168,11.6704],[4.2114,11.6639],[4.2146,11.6576],[4.2183,11.6574],[4.2207,11.6591],[4.2249,11.6592],[4.227,11.6579]]]},"properties":{"name":"KWAIFA","state":"21","code":"21/18/10"}},{"type":"Feature","geometry":{"type":"Polygon","coordinates":[[[4.2451,11.9271],[4.2366,11.9259],[4.2321,11.9241],[4.2273,11.9252],[4.2244,11.9241],[4.2195,11.9252],[4.2188,11.9329],[4.2196,11.9362],[4.2177,11.9402],[4.2179,11.9435],[4.2166,11.9464],[4.2123,11.9505],[4.2061,11.9549],[4.2011,11.9576],[4.1987,11.9574],[4.1935,11.9549],[4.1908,11.9498],[4.1864,11.9469],[4.1814,11.9489],[4.1713,11.95],[4.1634,11.9529],[4.156,11.9518],[4.1528,11.9527],[4.1528,11.9577],[4.1458,11.9586],[4.1417,11.9551],[4.1409,11.9516],[4.1368,11.9518],[4.1298,11.9456],[4.1279,11.9411],[4.1334,11.9378],[4.1344,11.9335],[4.1371,11.9293],[4.1363,11.9233],[4.1333,11.9208],[4.1332,11.9188],[4.1286,11.9121],[4.126,11.9099],[4.1226,11.9128],[4.1209,11.9112],[4.1151,11.9139],[4.1159,11.9088],[4.1116,11.9056],[4.1094,11.9091],[4.1044,11.9097],[4.1026,11.9075],[4.1081,11.9063],[4.1061,11.9021],[4.1037,11.9021],[4.0979,11.8992],[4.1036,11.897],[4.1056,11.8995],[4.109,11.8965],[4.1134,11.8871],[4.1105,11.8836],[4.1111,11.8802],[4.109,11.8795],[4.1068,11.8758],[4.1081,11.8695],[4.111,11.8679],[4.1139,11.8637],[4.1138,11.8604],[4.1219,11.8582],[4.1229,11.8551],[4.1177,11.8519],[4.1211,11.8467],[4.1259,11.8422],[4.1228,11.8371],[4.1262,11.8351],[4.1323,11.8363],[4.1329,11.8313],[4.1376,11.8343],[4.141,11.8294],[4.1454,11.8286],[4.1458,11.8264],[4.1382,11.8223],[4.135,11.8191],[4.1358,11.8165],[4.1415,11.8163],[4.1441,11.8149],[4.1475,11.8102],[4.1532,11.8118],[4.1539,11.8151],[4.1563,11.8158],[4.1619,11.8229],[4.1658,11.8206],[4.1615,11.8159],[4.1612,11.8112],[4.1631,11.8075],[4.1674,11.8065],[4.1683,11.8017],[4.1709,11.8027],[4.1755,11.7998],[4.1796,11.7989],[4.1863,11.7997],[4.1921,11.8026],[4.1954,11.8003],[4.2045,11.8011],[4.2085,11.8],[4.2203,11.7994],[4.2225,11.7986],[4.2256,11.7913],[4.227,11.7861],[4.2267,11.782],[4.2297,11.7758],[4.2334,11.7712],[4.2366,11.7693],[4.2391,11.7702],[4.2448,11.7746],[4.2553,11.7756],[4.26,11.7778],[4.2648,11.7817],[4.2668,11.7822],[4.2719,11.7899],[4.2825,11.7966],[4.2901,11.7989],[4.2945,11.8013],[4.3019,11.8087],[4.308,11.8087],[4.3114,11.8118],[4.3143,11.8131],[4.3136,11.821],[4.3128,11.8402],[4.3102,11.8522],[4.3075,11.8557],[4.307,11.8614],[4.3026,11.8691],[4.3018,11.8745],[4.3002,11.8771],[4.2989,11.8827],[4.2983,11.8885],[4.2938,11.8953],[4.2916,11.8969],[4.2885,11.9083],[4.2851,11.909],[4.2823,11.9076],[4.2802,11.9091],[4.2709,11.9119],[4.2631,11.9098],[4.2581,11.9119],[4.2479,11.9151],[4.2481,11.9177],[4.2451,11.9271]]]},"properties":{"name":"SURU","state":"21","code":"21/18/11"}},{"type":"Feature","geometry":{"type":"Polygon","coordinates":[[[5.8492,11.0969],[5.8552,11.0986],[5.8679,11.1069],[5.8923,11.1108],[5.8975,11.1136],[5.9068,11.1371],[5.915,11.1451],[5.9371,11.152],[5.9567,11.1598],[5.9777,11.167],[6.0006,11.1436],[6.0062,11.142],[6.0159,11.138],[6.0254,11.1717],[6.0328,11.1821],[6.0255,11.1799],[6.0163,11.181],[6.007,11.184],[6.0052,11.1883],[6.0052,11.1912],[6.0008,11.1965],[6.0006,11.2017],[5.9947,11.2081],[5.9894,11.2077],[5.9853,11.2109],[5.9811,11.2119],[5.977,11.2164],[5.9728,11.2177],[5.97,11.223],[5.9717,11.2255],[5.9758,11.2277],[5.9784,11.2314],[5.9818,11.2314],[5.9887,11.2362],[5.9872,11.2422],[5.9835,11.2469],[5.9776,11.2559],[5.972,11.261],[5.9683,11.2659],[5.9639,11.2684],[5.9603,11.264],[5.9589,11.2587],[5.9551,11.2583],[5.9537,11.2544],[5.9498,11.2527],[5.9465,11.2489],[5.944,11.2479],[5.9428,11.2443],[5.9395,11.2409],[5.9339,11.2371],[5.9335,11.2342],[5.9306,11.233],[5.9215,11.2391],[5.9162,11.2443],[5.9218,11.2571],[5.9274,11.2664],[5.9241,11.2686],[5.9219,11.2728],[5.9115,11.2797],[5.9099,11.2844],[5.9114,11.2907],[5.9105,11.2935],[5.9111,11.2986],[5.9105,11.3008],[5.9129,11.3038],[5.9102,11.305],[5.9064,11.3017],[5.904,11.3033],[5.8995,11.2996],[5.893,11.301],[5.8926,11.305],[5.891,11.3073],[5.8839,11.3145],[5.8804,11.3163],[5.8756,11.3232],[5.8741,11.3255],[5.8657,11.3234],[5.8634,11.3192],[5.8577,11.3175],[5.8548,11.3177],[5.8503,11.316],[5.8411,11.316],[5.8359,11.312],[5.8316,11.3116],[5.8269,11.3086],[5.8302,11.306],[5.8343,11.2993],[5.8331,11.2983],[5.8323,11.2904],[5.8341,11.2878],[5.8326,11.2844],[5.8275,11.2793],[5.8284,11.2712],[5.8269,11.2681],[5.8268,11.2631],[5.8279,11.2582],[5.8242,11.257],[5.819,11.2505],[5.8247,11.2453],[5.8274,11.2453],[5.828,11.2424],[5.8323,11.2399],[5.8309,11.2384],[5.8284,11.2306],[5.8269,11.2223],[5.8242,11.2172],[5.8183,11.2171],[5.8163,11.2151],[5.8111,11.2126],[5.8069,11.2136],[5.807,11.2106],[5.8047,11.2054],[5.8003,11.206],[5.797,11.2028],[5.7993,11.201],[5.8033,11.1957],[5.8032,11.1887],[5.8003,11.1809],[5.8029,11.179],[5.8007,11.1766],[5.7992,11.1702],[5.7945,11.1686],[5.7918,11.1699],[5.7865,11.1707],[5.7871,11.1647],[5.7901,11.1631],[5.7908,11.1594],[5.7886,11.1572],[5.787,11.153],[5.7886,11.1492],[5.7939,11.1455],[5.7911,11.1382],[5.7881,11.1347],[5.7916,11.129],[5.7932,11.13],[5.799,11.1274],[5.8035,11.1276],[5.8046,11.1309],[5.8085,11.1325],[5.8145,11.1364],[5.821,11.1345],[5.8261,11.1302],[5.827,11.1233],[5.8266,11.1213],[5.8305,11.1197],[5.8378,11.1184],[5.8411,11.1156],[5.8455,11.1079],[5.8479,11.1021],[5.8492,11.0969]]]},"properties":{"name":"AYU","state":"21","code":"21/19/01"}},{"type":"Feature","geometry":{"type":"Polygon","coordinates":[[[6.0328,11.1821],[6.0415,11.199],[6.0485,11.2097],[6.0552,11.2178],[6.0564,11.2229],[6.051,11.2255],[6.0448,11.2276],[6.0414,11.2265],[6.0346,11.2305],[6.028,11.2309],[6.0276,11.234],[6.025,11.2368],[6.0251,11.2398],[6.0215,11.2436],[6.018,11.2496],[6.0147,11.2529],[6.0159,11.2574],[6.0231,11.2598],[6.0223,11.2647],[6.0203,11.2679],[6.0245,11.2703],[6.0303,11.2713],[6.0339,11.2762],[6.0332,11.2804],[6.0339,11.285],[6.0363,11.2888],[6.0371,11.2962],[6.0344,11.3054],[6.0362,11.307],[6.0421,11.307],[6.0464,11.3088],[6.0472,11.311],[6.0524,11.3176],[6.0581,11.3212],[6.0574,11.326],[6.0543,11.3299],[6.0553,11.3412],[6.0592,11.3485],[6.0647,11.3521],[6.0604,11.3559],[6.0542,11.3566],[6.0515,11.3552],[6.0425,11.3538],[6.0393,11.3522],[6.0323,11.3512],[6.027,11.3514],[6.0241,11.3493],[6.009,11.3442],[6.0069,11.3583],[6.001,11.3591],[5.9947,11.3619],[5.9902,11.3659],[5.9878,11.3699],[5.9851,11.372],[5.9823,11.3773],[5.981,11.3819],[5.9774,11.3834],[5.9734,11.388],[5.9667,11.3907],[5.9633,11.3914],[5.9593,11.3907],[5.9531,11.3924],[5.9502,11.3924],[5.9465,11.388],[5.9441,11.388],[5.9379,11.3804],[5.9361,11.3771],[5.9325,11.3762],[5.9264,11.3721],[5.9239,11.3739],[5.9203,11.379],[5.9182,11.3832],[5.9154,11.391],[5.9149,11.394],[5.9119,11.3975],[5.9038,11.4004],[5.8967,11.4017],[5.8955,11.3993],[5.8895,11.3962],[5.8856,11.3973],[5.886,11.4006],[5.8881,11.4052],[5.887,11.4063],[5.8804,11.4085],[5.8783,11.4124],[5.8736,11.4158],[5.8708,11.4069],[5.8704,11.4037],[5.8661,11.3997],[5.8661,11.3971],[5.8633,11.3938],[5.8629,11.3856],[5.866,11.3798],[5.8687,11.3785],[5.8734,11.3783],[5.8809,11.3756],[5.8838,11.373],[5.8926,11.3682],[5.8918,11.3659],[5.8928,11.362],[5.8911,11.3535],[5.8932,11.3495],[5.8965,11.3497],[5.9005,11.3466],[5.9039,11.3464],[5.909,11.3386],[5.9095,11.3363],[5.9069,11.3349],[5.9019,11.3298],[5.8985,11.3306],[5.8855,11.3291],[5.8825,11.3296],[5.8795,11.3282],[5.8778,11.3245],[5.8756,11.3232],[5.8804,11.3163],[5.8839,11.3145],[5.891,11.3073],[5.8926,11.305],[5.893,11.301],[5.8995,11.2996],[5.904,11.3033],[5.9064,11.3017],[5.9102,11.305],[5.9129,11.3038],[5.9105,11.3008],[5.9111,11.2986],[5.9105,11.2935],[5.9114,11.2907],[5.9099,11.2844],[5.9115,11.2797],[5.9219,11.2728],[5.9241,11.2686],[5.9274,11.2664],[5.9218,11.2571],[5.9162,11.2443],[5.9215,11.2391],[5.9306,11.233],[5.9335,11.2342],[5.9339,11.2371],[5.9395,11.2409],[5.9428,11.2443],[5.944,11.2479],[5.9465,11.2489],[5.9498,11.2527],[5.9537,11.2544],[5.9551,11.2583],[5.9589,11.2587],[5.9603,11.264],[5.9639,11.2684],[5.9683,11.2659],[5.972,11.261],[5.9776,11.2559],[5.9835,11.2469],[5.9872,11.2422],[5.9887,11.2362],[5.9818,11.2314],[5.9784,11.2314],[5.9758,11.2277],[5.9717,11.2255],[5.97,11.223],[5.9728,11.2177],[5.977,11.2164],[5.9811,11.2119],[5.9853,11.2109],[5.9894,11.2077],[5.9947,11.2081],[6.0006,11.2017],[6.0008,11.1965],[6.0052,11.1912],[6.0052,11.1883],[6.007,11.184],[6.0163,11.181],[6.0255,11.1799],[6.0328,11.1821]]]},"properties":{"name":"BENA","state":"21","code":"21/19/02"}},{"type":"Feature","geometry":{"type":"Polygon","coordinates":[[[6.0564,11.2229],[6.0591,11.2298],[6.0699,11.2271],[6.0659,11.2102],[6.0547,11.2016],[6.0468,11.1626],[6.0621,11.1629],[6.0693,11.1642],[6.0763,11.1687],[6.0957,11.1769],[6.1059,11.1833],[6.1128,11.1971],[6.1172,11.2074],[6.1173,11.2204],[6.1148,11.2271],[6.1091,11.2354],[6.1087,11.2384],[6.1098,11.2423],[6.1125,11.2453],[6.118,11.2575],[6.1218,11.2646],[6.1357,11.2954],[6.1478,11.3056],[6.1731,11.3179],[6.1906,11.3341],[6.1747,11.3594],[6.2044,11.3837],[6.2009,11.39],[6.1776,11.384],[6.1543,11.383],[6.1315,11.3839],[6.1245,11.3849],[6.0923,11.3863],[6.0796,11.3884],[6.0537,11.4008],[6.0388,11.4207],[6.0301,11.4436],[6.0257,11.4449],[6.0095,11.4626],[5.968,11.4669],[5.9612,11.4541],[5.9463,11.4495],[5.9366,11.4438],[5.9338,11.4366],[5.8926,11.4403],[5.8964,11.4381],[5.8985,11.4339],[5.8983,11.4313],[5.9023,11.4266],[5.9063,11.4262],[5.9147,11.4276],[5.9166,11.4255],[5.9099,11.4234],[5.9107,11.4193],[5.9138,11.4165],[5.9168,11.41],[5.9211,11.4082],[5.9252,11.4047],[5.9217,11.4013],[5.9204,11.3987],[5.9172,11.3978],[5.9149,11.394],[5.9154,11.391],[5.9182,11.3832],[5.9203,11.379],[5.9239,11.3739],[5.9264,11.3721],[5.9325,11.3762],[5.9361,11.3771],[5.9379,11.3804],[5.9441,11.388],[5.9465,11.388],[5.9502,11.3924],[5.9531,11.3924],[5.9593,11.3907],[5.9633,11.3914],[5.9667,11.3907],[5.9734,11.388],[5.9774,11.3834],[5.981,11.3819],[5.9823,11.3773],[5.9851,11.372],[5.9878,11.3699],[5.9902,11.3659],[5.9947,11.3619],[6.001,11.3591],[6.0069,11.3583],[6.009,11.3442],[6.0241,11.3493],[6.027,11.3514],[6.0323,11.3512],[6.0393,11.3522],[6.0425,11.3538],[6.0515,11.3552],[6.0542,11.3566],[6.0604,11.3559],[6.0647,11.3521],[6.0592,11.3485],[6.0553,11.3412],[6.0543,11.3299],[6.0574,11.326],[6.0581,11.3212],[6.0524,11.3176],[6.0472,11.311],[6.0464,11.3088],[6.0421,11.307],[6.0362,11.307],[6.0344,11.3054],[6.0371,11.2962],[6.0363,11.2888],[6.0339,11.285],[6.0332,11.2804],[6.0339,11.2762],[6.0303,11.2713],[6.0245,11.2703],[6.0203,11.2679],[6.0223,11.2647],[6.0231,11.2598],[6.0159,11.2574],[6.0147,11.2529],[6.018,11.2496],[6.0215,11.2436],[6.0251,11.2398],[6.025,11.2368],[6.0276,11.234],[6.028,11.2309],[6.0346,11.2305],[6.0414,11.2265],[6.0448,11.2276],[6.051,11.2255],[6.0564,11.2229]]]},"properties":{"name":"DAN UMARU/MAIRAIRAI","state":"21","code":"21/19/03"}},{"type":"Feature","geometry":{"type":"Polygon","coordinates":[[[5.0843,11.5612],[5.0917,11.5683],[5.0967,11.5694],[5.1012,11.573],[5.0985,11.5764],[5.0955,11.578],[5.0921,11.5818],[5.0917,11.5841],[5.089,11.587],[5.0871,11.5942],[5.0852,11.5957],[5.0839,11.6022],[5.0859,11.6066],[5.0976,11.6091],[5.1003,11.6127],[5.1058,11.6152],[5.1096,11.6115],[5.1166,11.6097],[5.1242,11.605],[5.1288,11.6032],[5.1342,11.6025],[5.1381,11.5931],[5.1434,11.5888],[5.1467,11.5873],[5.1519,11.5872],[5.1526,11.5883],[5.1588,11.5905],[5.1623,11.5942],[5.1656,11.5932],[5.1686,11.5971],[5.1747,11.5963],[5.178,11.6006],[5.1809,11.5981],[5.1841,11.5984],[5.193,11.6036],[5.1955,11.6062],[5.1949,11.6107],[5.1988,11.6148],[5.1961,11.6177],[5.1922,11.6242],[5.1952,11.6277],[5.1982,11.6278],[5.1995,11.6325],[5.1978,11.6352],[5.1988,11.6414],[5.197,11.6426],[5.1847,11.6458],[5.1865,11.6497],[5.1908,11.6534],[5.1912,11.6583],[5.1892,11.6611],[5.1926,11.6638],[5.1977,11.6653],[5.2046,11.6712],[5.2024,11.6825],[5.2038,11.6858],[5.2034,11.6895],[5.202,11.6911],[5.193,11.6942],[5.1891,11.6967],[5.1849,11.698],[5.1773,11.7025],[5.1751,11.7075],[5.1824,11.7133],[5.1873,11.7187],[5.1932,11.7213],[5.1966,11.7239],[5.2026,11.7264],[5.2075,11.7301],[5.2177,11.7309],[5.2246,11.7351],[5.2335,11.7386],[5.2357,11.7406],[5.238,11.7402],[5.2441,11.7422],[5.2475,11.742],[5.2497,11.7443],[5.2611,11.7475],[5.2642,11.7487],[5.274,11.7493],[5.2776,11.7484],[5.2871,11.7474],[5.2959,11.7442],[5.296,11.7391],[5.294,11.7273],[5.2903,11.7245],[5.285,11.7183],[5.2873,11.7156],[5.2952,11.7158],[5.3003,11.7153],[5.3051,11.7166],[5.3133,11.7167],[5.3154,11.7182],[5.32,11.7184],[5.3226,11.7166],[5.3307,11.7182],[5.3333,11.7198],[5.337,11.7191],[5.3403,11.7201],[5.3455,11.7245],[5.3455,11.7274],[5.3471,11.7321],[5.3408,11.7345],[5.3365,11.7396],[5.3358,11.7463],[5.3366,11.7495],[5.3347,11.753],[5.3347,11.7561],[5.3308,11.7654],[5.3302,11.7685],[5.3263,11.7731],[5.3202,11.7735],[5.3178,11.7699],[5.314,11.7672],[5.3071,11.7583],[5.2973,11.7549],[5.2961,11.7564],[5.2971,11.7607],[5.3058,11.7678],[5.3132,11.7723],[5.3175,11.7779],[5.3183,11.7849],[5.3158,11.7908],[5.3095,11.7937],[5.3027,11.7921],[5.3015,11.7908],[5.3,11.7809],[5.2951,11.7741],[5.2865,11.7693],[5.2849,11.7719],[5.2743,11.7759],[5.2708,11.78],[5.2681,11.7791],[5.2638,11.7751],[5.2579,11.7735],[5.2517,11.7743],[5.2548,11.7673],[5.2538,11.7648],[5.238,11.7559],[5.2288,11.7564],[5.2193,11.7578],[5.2207,11.7655],[5.2153,11.7684],[5.2141,11.7751],[5.2023,11.7808],[5.1952,11.7836],[5.1906,11.7841],[5.1898,11.7866],[5.1858,11.7887],[5.1825,11.792],[5.1779,11.7924],[5.1773,11.7878],[5.1742,11.7834],[5.1704,11.7833],[5.1662,11.7799],[5.168,11.7759],[5.173,11.769],[5.1829,11.7673],[5.184,11.7597],[5.1818,11.7534],[5.1814,11.7503],[5.1774,11.7441],[5.1702,11.7422],[5.1682,11.7436],[5.1638,11.7433],[5.1589,11.7407],[5.1577,11.7372],[5.1512,11.7385],[5.1459,11.7369],[5.145,11.7325],[5.1404,11.7305],[5.137,11.7308],[5.1296,11.7289],[5.1273,11.731],[5.1249,11.7298],[5.1124,11.7346],[5.1085,11.735],[5.103,11.7378],[5.0948,11.7365],[5.0846,11.7324],[5.0784,11.7309],[5.0719,11.7248],[5.0712,11.7199],[5.0651,11.7114],[5.0655,11.7089],[5.0628,11.7081],[5.0578,11.7117],[5.0541,11.7155],[5.0516,11.7201],[5.0417,11.7245],[5.0381,11.7234],[5.0342,11.7195],[5.0303,11.7198],[5.0272,11.7231],[5.0272,11.7275],[5.0285,11.731],[5.0273,11.7336],[5.0228,11.7362],[5.0145,11.7442],[5.01,11.7454],[5.0088,11.7493],[5.0057,11.7466],[5.0005,11.748],[4.9953,11.7447],[4.9923,11.7466],[4.988,11.745],[4.9871,11.7407],[4.9773,11.737],[4.9737,11.7382],[4.9661,11.736],[4.9639,11.7385],[4.9603,11.7397],[4.9527,11.7393],[4.945,11.735],[4.9441,11.7323],[4.941,11.7308],[4.9431,11.7268],[4.9388,11.7224],[4.9344,11.7221],[4.9318,11.7239],[4.9245,11.7231],[4.928,11.7208],[4.9288,11.714],[4.9261,11.7086],[4.9241,11.7074],[4.9226,11.7027],[4.9244,11.6965],[4.9237,11.695],[4.9233,11.6826],[4.9215,11.6797],[4.922,11.6772],[4.921,11.6726],[4.9189,11.6694],[4.9184,11.6646],[4.9189,11.6605],[4.9205,11.6581],[4.9193,11.6557],[4.9235,11.6571],[4.9272,11.6605],[4.931,11.662],[4.9415,11.6616],[4.95,11.6644],[4.9603,11.6669],[4.9635,11.6647],[4.9725,11.6626],[4.9764,11.66],[4.977,11.6559],[4.9741,11.6521],[4.9741,11.6456],[4.9704,11.6382],[4.9681,11.63],[4.9701,11.6256],[4.9757,11.628],[4.979,11.6277],[4.9821,11.6247],[4.9871,11.6232],[4.9923,11.62],[4.9965,11.6206],[5.0001,11.6199],[5.0015,11.6159],[5.0135,11.6095],[5.0247,11.6051],[5.0265,11.6031],[5.0315,11.6017],[5.0377,11.6032],[5.0402,11.6047],[5.0468,11.5972],[5.0465,11.5926],[5.0482,11.5908],[5.0544,11.5917],[5.0574,11.5902],[5.0622,11.5914],[5.0639,11.5788],[5.0655,11.5762],[5.0662,11.5712],[5.0705,11.5679],[5.0754,11.5669],[5.0782,11.5639],[5.0843,11.5612]]]},"properties":{"name":"DANKO/MAGA","state":"21","code":"21/19/04"}},{"type":"Feature","geometry":{"type":"Polygon","coordinates":[[[5.5706,11.2342],[5.5769,11.2404],[5.5814,11.2406],[5.582,11.2423],[5.5891,11.2452],[5.5952,11.2556],[5.5983,11.2571],[5.6097,11.2575],[5.6167,11.2573],[5.6224,11.2555],[5.6253,11.2556],[5.6303,11.2526],[5.638,11.2502],[5.6419,11.25],[5.6465,11.2456],[5.651,11.2434],[5.658,11.2377],[5.6613,11.2359],[5.6644,11.2369],[5.6705,11.2288],[5.6768,11.2238],[5.6755,11.2206],[5.6693,11.2158],[5.6646,11.2156],[5.6627,11.2137],[5.6584,11.213],[5.6533,11.2059],[5.6547,11.2001],[5.6525,11.1971],[5.6517,11.1896],[5.6482,11.1867],[5.6486,11.1827],[5.6506,11.1819],[5.6493,11.1764],[5.6463,11.1726],[5.6456,11.1691],[5.6428,11.1686],[5.6379,11.1649],[5.6387,11.1615],[5.6369,11.1568],[5.6411,11.1518],[5.6469,11.1529],[5.6521,11.1557],[5.6561,11.155],[5.6599,11.1572],[5.6652,11.158],[5.6686,11.1614],[5.6753,11.1631],[5.6792,11.1657],[5.6839,11.1712],[5.6879,11.18],[5.695,11.1937],[5.6991,11.19],[5.6999,11.1871],[5.7047,11.1809],[5.7076,11.1803],[5.7117,11.1768],[5.7167,11.1708],[5.7214,11.1711],[5.7256,11.1699],[5.7354,11.173],[5.7414,11.1729],[5.746,11.1742],[5.7527,11.173],[5.7574,11.1748],[5.76,11.1745],[5.7613,11.1773],[5.7614,11.1813],[5.7602,11.183],[5.7607,11.1886],[5.7583,11.1949],[5.7593,11.1967],[5.7717,11.1977],[5.7726,11.2017],[5.7768,11.2026],[5.7823,11.2018],[5.787,11.2026],[5.7889,11.2042],[5.797,11.2028],[5.8003,11.206],[5.8047,11.2054],[5.807,11.2106],[5.8069,11.2136],[5.8111,11.2126],[5.8163,11.2151],[5.8183,11.2171],[5.8242,11.2172],[5.8269,11.2223],[5.8284,11.2306],[5.8309,11.2384],[5.8323,11.2399],[5.828,11.2424],[5.8274,11.2453],[5.8247,11.2453],[5.819,11.2505],[5.8242,11.257],[5.8279,11.2582],[5.8268,11.2631],[5.8269,11.2681],[5.8284,11.2712],[5.8275,11.2793],[5.8326,11.2844],[5.8341,11.2878],[5.8323,11.2904],[5.8331,11.2983],[5.8343,11.2993],[5.8302,11.306],[5.8269,11.3086],[5.8232,11.3069],[5.821,11.3104],[5.8167,11.3103],[5.8142,11.309],[5.8097,11.3107],[5.8055,11.3143],[5.8035,11.3146],[5.7942,11.3133],[5.7928,11.3123],[5.7828,11.3114],[5.779,11.313],[5.7732,11.3111],[5.772,11.3085],[5.7619,11.3055],[5.7606,11.304],[5.7528,11.3043],[5.752,11.3078],[5.7532,11.3126],[5.7566,11.3159],[5.7581,11.3226],[5.7609,11.3257],[5.7604,11.3282],[5.7574,11.3335],[5.7577,11.3395],[5.7603,11.3426],[5.7617,11.3515],[5.7638,11.3572],[5.7622,11.3624],[5.7669,11.3683],[5.7677,11.3738],[5.7763,11.3815],[5.7751,11.3877],[5.7766,11.3935],[5.7661,11.3915],[5.7544,11.3897],[5.7454,11.3904],[5.7401,11.3918],[5.7334,11.3961],[5.7367,11.4033],[5.7383,11.4041],[5.7404,11.4088],[5.7356,11.4175],[5.7356,11.4231],[5.7336,11.429],[5.7271,11.4279],[5.7267,11.4292],[5.7208,11.4325],[5.7125,11.4321],[5.7076,11.4336],[5.7023,11.434],[5.696,11.4369],[5.6955,11.4395],[5.6921,11.4372],[5.6858,11.436],[5.6808,11.4372],[5.6696,11.4345],[5.6645,11.4354],[5.6564,11.4358],[5.6494,11.4382],[5.6475,11.4409],[5.6387,11.4447],[5.6383,11.4378],[5.6342,11.4342],[5.6346,11.4303],[5.6288,11.425],[5.6269,11.4221],[5.62,11.4169],[5.6182,11.4124],[5.6129,11.4103],[5.604,11.4049],[5.6018,11.4052],[5.5964,11.4027],[5.5912,11.4017],[5.5891,11.3994],[5.5848,11.4],[5.5753,11.3995],[5.5743,11.3939],[5.5715,11.3882],[5.5709,11.3852],[5.5681,11.3844],[5.5664,11.3859],[5.5557,11.3867],[5.5535,11.3878],[5.5502,11.3868],[5.5395,11.3881],[5.5345,11.3846],[5.5369,11.3809],[5.5363,11.3748],[5.5369,11.3712],[5.5335,11.3587],[5.5304,11.3595],[5.5242,11.356],[5.515,11.349],[5.5148,11.3458],[5.5169,11.3439],[5.5202,11.345],[5.5233,11.3427],[5.5217,11.3407],[5.523,11.3357],[5.5222,11.3318],[5.5178,11.3253],[5.5151,11.3189],[5.5133,11.3169],[5.5095,11.3177],[5.5075,11.3195],[5.5032,11.3196],[5.5019,11.3208],[5.4959,11.319],[5.4837,11.3134],[5.4817,11.3102],[5.4826,11.3081],[5.4869,11.305],[5.4887,11.3009],[5.4872,11.2952],[5.4887,11.2927],[5.4946,11.2869],[5.4939,11.2831],[5.4923,11.2804],[5.4941,11.2765],[5.4951,11.2708],[5.495,11.2627],[5.4923,11.259],[5.4885,11.2586],[5.4831,11.2564],[5.4847,11.2507],[5.4919,11.2507],[5.495,11.2488],[5.4997,11.2445],[5.5046,11.2441],[5.5103,11.2414],[5.5173,11.2399],[5.5226,11.2403],[5.5269,11.237],[5.5299,11.237],[5.5337,11.2395],[5.5424,11.2419],[5.5451,11.2454],[5.5511,11.2503],[5.557,11.2513],[5.5593,11.2446],[5.5621,11.2412],[5.5649,11.2338],[5.5706,11.2342]]]},"properties":{"name":"KANYA","state":"21","code":"21/19/05"}},{"type":"Feature","geometry":{"type":"Polygon","coordinates":[[[5.4664,11.6686],[5.46,11.6731],[5.4595,11.6781],[5.4602,11.6844],[5.4564,11.6951],[5.4541,11.6989],[5.4456,11.7046],[5.4402,11.7088],[5.4329,11.7074],[5.4279,11.7074],[5.4233,11.7087],[5.4199,11.7082],[5.4176,11.7061],[5.4113,11.7039],[5.4038,11.7034],[5.4013,11.7053],[5.397,11.712],[5.3944,11.7109],[5.3854,11.7121],[5.3759,11.7096],[5.373,11.7125],[5.3689,11.7144],[5.3655,11.7136],[5.3623,11.7101],[5.3499,11.7093],[5.3501,11.713],[5.3449,11.7123],[5.3423,11.7106],[5.3331,11.7123],[5.3307,11.7116],[5.3302,11.7019],[5.3319,11.699],[5.3286,11.6971],[5.3237,11.692],[5.3135,11.6953],[5.3114,11.695],[5.3121,11.6909],[5.3102,11.6878],[5.3115,11.6811],[5.3112,11.6779],[5.3082,11.671],[5.3053,11.6702],[5.2994,11.6603],[5.2966,11.6576],[5.2973,11.6503],[5.295,11.6477],[5.2839,11.6519],[5.2844,11.6379],[5.2741,11.6381],[5.2691,11.6342],[5.2692,11.6306],[5.2726,11.621],[5.2691,11.6187],[5.2633,11.6125],[5.2609,11.612],[5.257,11.6142],[5.2541,11.6173],[5.2505,11.6178],[5.2459,11.6122],[5.2463,11.608],[5.2478,11.6035],[5.246,11.603],[5.2423,11.5946],[5.2417,11.5908],[5.2388,11.5877],[5.2363,11.5786],[5.2379,11.5764],[5.2402,11.5772],[5.2443,11.575],[5.2539,11.5775],[5.2581,11.5752],[5.259,11.5679],[5.2686,11.5621],[5.2738,11.5625],[5.2757,11.5643],[5.2839,11.5644],[5.2874,11.569],[5.2895,11.5734],[5.2944,11.5711],[5.3008,11.5699],[5.3027,11.5659],[5.3118,11.565],[5.3164,11.5629],[5.3213,11.5575],[5.3247,11.5571],[5.3274,11.5529],[5.3337,11.5524],[5.3388,11.5566],[5.3399,11.5612],[5.3427,11.5632],[5.3502,11.559],[5.3567,11.5593],[5.363,11.5619],[5.368,11.5583],[5.3729,11.5637],[5.3774,11.5658],[5.3798,11.5693],[5.3865,11.5665],[5.3912,11.5676],[5.3888,11.5764],[5.3924,11.5807],[5.399,11.5849],[5.3983,11.5901],[5.4007,11.5941],[5.4055,11.5991],[5.4045,11.6015],[5.4098,11.608],[5.4199,11.5999],[5.4238,11.6027],[5.4169,11.6148],[5.4181,11.6207],[5.4241,11.6218],[5.4305,11.6281],[5.4291,11.6329],[5.4256,11.6378],[5.4259,11.6396],[5.4296,11.645],[5.4271,11.6661],[5.428,11.6699],[5.4323,11.6697],[5.4358,11.6671],[5.4388,11.667],[5.4463,11.6642],[5.4521,11.6604],[5.459,11.6651],[5.4664,11.6686]]]},"properties":{"name":"KYABU/KANDU","state":"21","code":"21/19/06"}},{"type":"Feature","geometry":{"type":"Polygon","coordinates":[[[5.4826,11.3081],[5.4817,11.3102],[5.4837,11.3134],[5.4959,11.319],[5.5019,11.3208],[5.5032,11.3196],[5.5075,11.3195],[5.5095,11.3177],[5.5133,11.3169],[5.5151,11.3189],[5.5178,11.3253],[5.5222,11.3318],[5.523,11.3357],[5.5217,11.3407],[5.5233,11.3427],[5.5202,11.345],[5.5169,11.3439],[5.5148,11.3458],[5.515,11.349],[5.5079,11.3493],[5.4982,11.351],[5.4982,11.3539],[5.4931,11.358],[5.4947,11.3609],[5.4937,11.3638],[5.49,11.3663],[5.4917,11.3692],[5.492,11.3737],[5.4873,11.3763],[5.4877,11.3812],[5.4909,11.3829],[5.4907,11.3865],[5.4958,11.3898],[5.4978,11.3934],[5.4951,11.3959],[5.4953,11.3995],[5.497,11.4023],[5.5004,11.4039],[5.499,11.408],[5.5037,11.4168],[5.5037,11.4211],[5.5061,11.4239],[5.5092,11.4335],[5.5133,11.4354],[5.5142,11.4384],[5.5112,11.4415],[5.5086,11.4492],[5.5104,11.4521],[5.5111,11.4563],[5.5159,11.4555],[5.5182,11.4572],[5.5193,11.4629],[5.5184,11.4652],[5.5196,11.4695],[5.5181,11.473],[5.5158,11.4752],[5.5109,11.4776],[5.5078,11.48],[5.5084,11.4836],[5.5058,11.4883],[5.5019,11.4834],[5.5001,11.4836],[5.4953,11.4799],[5.4963,11.4779],[5.4923,11.475],[5.4905,11.472],[5.4858,11.4698],[5.4815,11.469],[5.4793,11.4669],[5.4763,11.4682],[5.4733,11.467],[5.4659,11.4665],[5.4636,11.4682],[5.4581,11.4644],[5.4539,11.4635],[5.4513,11.4642],[5.4467,11.462],[5.4427,11.4569],[5.4376,11.453],[5.4319,11.4524],[5.4295,11.4508],[5.4236,11.4503],[5.421,11.4549],[5.4191,11.4557],[5.4148,11.4546],[5.4097,11.4545],[5.4079,11.4503],[5.4026,11.4449],[5.4028,11.4389],[5.41,11.4348],[5.4078,11.4295],[5.407,11.4241],[5.4057,11.4214],[5.4005,11.4165],[5.4078,11.4107],[5.411,11.4093],[5.4123,11.4054],[5.4156,11.4023],[5.4193,11.4017],[5.4273,11.3977],[5.4313,11.3876],[5.4336,11.3842],[5.4319,11.3822],[5.4264,11.3804],[5.4158,11.3751],[5.417,11.3715],[5.4208,11.3677],[5.4289,11.3635],[5.4302,11.3595],[5.4328,11.3602],[5.4409,11.3594],[5.4431,11.3575],[5.4488,11.3547],[5.4504,11.3496],[5.4546,11.3456],[5.4598,11.3492],[5.4691,11.3538],[5.473,11.3504],[5.478,11.3445],[5.4785,11.3423],[5.484,11.3398],[5.4842,11.3335],[5.4837,11.3285],[5.4808,11.3235],[5.4794,11.3191],[5.4739,11.3096],[5.4732,11.3066],[5.4765,11.3054],[5.4826,11.3081]]]},"properties":{"name":"RIBAH/MACHIKA","state":"21","code":"21/19/07"}},{"type":"Feature","geometry":{"type":"Polygon","coordinates":[[[5.6955,11.4395],[5.6966,11.4436],[5.6936,11.4456],[5.6944,11.4518],[5.696,11.4541],[5.6882,11.4573],[5.6852,11.4591],[5.6858,11.4653],[5.6847,11.4763],[5.6862,11.4805],[5.6907,11.4803],[5.6985,11.4765],[5.6978,11.4748],[5.7005,11.4697],[5.7024,11.4717],[5.7044,11.4768],[5.7097,11.4853],[5.708,11.4891],[5.708,11.4927],[5.7061,11.5003],[5.7051,11.5088],[5.7093,11.5126],[5.7117,11.5157],[5.7172,11.5109],[5.7204,11.5129],[5.7221,11.5161],[5.725,11.5161],[5.7274,11.5219],[5.7268,11.5274],[5.7286,11.531],[5.7322,11.5334],[5.7357,11.5376],[5.7394,11.5395],[5.7425,11.543],[5.7459,11.55],[5.7535,11.5546],[5.7549,11.5613],[5.7583,11.5653],[5.7687,11.5597],[5.7725,11.5585],[5.7743,11.5566],[5.7817,11.5534],[5.7845,11.5488],[5.7881,11.5472],[5.7885,11.5427],[5.7931,11.5365],[5.7991,11.5384],[5.7989,11.543],[5.7972,11.5465],[5.7972,11.5517],[5.7988,11.5555],[5.8019,11.557],[5.8078,11.5566],[5.8132,11.5531],[5.8173,11.5479],[5.816,11.5532],[5.8179,11.5571],[5.8172,11.5601],[5.8193,11.5647],[5.8214,11.5663],[5.82,11.5728],[5.8214,11.5767],[5.8261,11.5792],[5.8266,11.5861],[5.8298,11.5917],[5.8299,11.5944],[5.8288,11.6248],[5.8223,11.6343],[5.8195,11.6484],[5.8028,11.6642],[5.7878,11.6789],[5.7803,11.6839],[5.7607,11.6866],[5.7558,11.6863],[5.7207,11.6878],[5.705,11.688],[5.6962,11.6706],[5.691,11.6673],[5.6697,11.6614],[5.6596,11.6627],[5.6394,11.6629],[5.6049,11.6686],[5.5962,11.6715],[5.5802,11.6754],[5.5641,11.6844],[5.5537,11.6767],[5.5515,11.6726],[5.5416,11.6657],[5.5275,11.6613],[5.5259,11.6641],[5.522,11.6667],[5.5205,11.6695],[5.5155,11.6705],[5.5141,11.6648],[5.5058,11.6631],[5.5047,11.6607],[5.512,11.6517],[5.5157,11.6483],[5.5162,11.6447],[5.5189,11.6434],[5.5183,11.6401],[5.5158,11.6405],[5.5131,11.6382],[5.5098,11.6382],[5.5032,11.6362],[5.4954,11.6364],[5.4934,11.6356],[5.4942,11.6306],[5.4933,11.6267],[5.502,11.6243],[5.5029,11.6175],[5.5065,11.6141],[5.5064,11.6103],[5.5081,11.6058],[5.5075,11.6044],[5.5127,11.6025],[5.512,11.5991],[5.5132,11.5979],[5.5089,11.5912],[5.5116,11.5889],[5.5135,11.5828],[5.5128,11.5783],[5.5149,11.575],[5.5165,11.5689],[5.5162,11.5666],[5.5182,11.5643],[5.5168,11.5601],[5.5143,11.5555],[5.5155,11.5532],[5.5146,11.5465],[5.51,11.5457],[5.5121,11.542],[5.5124,11.5391],[5.5108,11.5366],[5.5155,11.5323],[5.5122,11.5282],[5.5131,11.5248],[5.5116,11.5228],[5.5112,11.5171],[5.5124,11.5148],[5.5122,11.51],[5.5093,11.5085],[5.513,11.5063],[5.5149,11.5016],[5.5065,11.4994],[5.5038,11.4998],[5.5032,11.4966],[5.5059,11.4909],[5.5058,11.4883],[5.5084,11.4836],[5.5078,11.48],[5.5109,11.4776],[5.5158,11.4752],[5.5181,11.473],[5.5196,11.4695],[5.5184,11.4652],[5.5193,11.4629],[5.5182,11.4572],[5.5159,11.4555],[5.5111,11.4563],[5.5104,11.4521],[5.5086,11.4492],[5.5112,11.4415],[5.5142,11.4384],[5.5133,11.4354],[5.5092,11.4335],[5.5061,11.4239],[5.5037,11.4211],[5.5037,11.4168],[5.499,11.408],[5.5004,11.4039],[5.497,11.4023],[5.4953,11.3995],[5.4951,11.3959],[5.4978,11.3934],[5.4958,11.3898],[5.4907,11.3865],[5.4909,11.3829],[5.4877,11.3812],[5.4873,11.3763],[5.492,11.3737],[5.4917,11.3692],[5.49,11.3663],[5.4937,11.3638],[5.4947,11.3609],[5.4931,11.358],[5.4982,11.3539],[5.4982,11.351],[5.5079,11.3493],[5.515,11.349],[5.5242,11.356],[5.5304,11.3595],[5.5335,11.3587],[5.5369,11.3712],[5.5363,11.3748],[5.5369,11.3809],[5.5345,11.3846],[5.5395,11.3881],[5.5502,11.3868],[5.5535,11.3878],[5.5557,11.3867],[5.5664,11.3859],[5.5681,11.3844],[5.5709,11.3852],[5.5715,11.3882],[5.5743,11.3939],[5.5753,11.3995],[5.5848,11.4],[5.5891,11.3994],[5.5912,11.4017],[5.5964,11.4027],[5.6018,11.4052],[5.604,11.4049],[5.6129,11.4103],[5.6182,11.4124],[5.62,11.4169],[5.6269,11.4221],[5.6288,11.425],[5.6346,11.4303],[5.6342,11.4342],[5.6383,11.4378],[5.6387,11.4447],[5.6475,11.4409],[5.6494,11.4382],[5.6564,11.4358],[5.6645,11.4354],[5.6696,11.4345],[5.6808,11.4372],[5.6858,11.436],[5.6921,11.4372],[5.6955,11.4395]]]},"properties":{"name":"WAJE","state":"21","code":"21/19/08"}},{"type":"Feature","geometry":{"type":"Polygon","coordinates":[[[5.8756,11.3232],[5.8778,11.3245],[5.8795,11.3282],[5.8825,11.3296],[5.8855,11.3291],[5.8985,11.3306],[5.9019,11.3298],[5.9069,11.3349],[5.9095,11.3363],[5.909,11.3386],[5.9039,11.3464],[5.9005,11.3466],[5.8965,11.3497],[5.8932,11.3495],[5.8911,11.3535],[5.8928,11.362],[5.8918,11.3659],[5.8926,11.3682],[5.8838,11.373],[5.8809,11.3756],[5.8734,11.3783],[5.8687,11.3785],[5.866,11.3798],[5.8629,11.3856],[5.8633,11.3938],[5.8661,11.3971],[5.8661,11.3997],[5.8704,11.4037],[5.8708,11.4069],[5.8736,11.4158],[5.8783,11.4124],[5.8804,11.4085],[5.887,11.4063],[5.8881,11.4052],[5.886,11.4006],[5.8856,11.3973],[5.8895,11.3962],[5.8955,11.3993],[5.8967,11.4017],[5.9038,11.4004],[5.9119,11.3975],[5.9149,11.394],[5.9172,11.3978],[5.9204,11.3987],[5.9217,11.4013],[5.9252,11.4047],[5.9211,11.4082],[5.9168,11.41],[5.9138,11.4165],[5.9107,11.4193],[5.9099,11.4234],[5.9166,11.4255],[5.9147,11.4276],[5.9063,11.4262],[5.9023,11.4266],[5.8983,11.4313],[5.8985,11.4339],[5.8964,11.4381],[5.8926,11.4403],[5.8761,11.4396],[5.8656,11.4378],[5.8442,11.4328],[5.8355,11.4354],[5.8302,11.4398],[5.8268,11.4443],[5.826,11.4496],[5.8237,11.4567],[5.8246,11.4985],[5.8164,11.5155],[5.8172,11.5368],[5.8159,11.5424],[5.8173,11.5479],[5.8132,11.5531],[5.8078,11.5566],[5.8019,11.557],[5.7988,11.5555],[5.7972,11.5517],[5.7972,11.5465],[5.7989,11.543],[5.7991,11.5384],[5.7931,11.5365],[5.7885,11.5427],[5.7881,11.5472],[5.7845,11.5488],[5.7817,11.5534],[5.7743,11.5566],[5.7725,11.5585],[5.7687,11.5597],[5.7583,11.5653],[5.7549,11.5613],[5.7535,11.5546],[5.7459,11.55],[5.7425,11.543],[5.7394,11.5395],[5.7357,11.5376],[5.7322,11.5334],[5.7286,11.531],[5.7268,11.5274],[5.7274,11.5219],[5.725,11.5161],[5.7221,11.5161],[5.7204,11.5129],[5.7172,11.5109],[5.7117,11.5157],[5.7093,11.5126],[5.7051,11.5088],[5.7061,11.5003],[5.708,11.4927],[5.708,11.4891],[5.7097,11.4853],[5.7044,11.4768],[5.7024,11.4717],[5.7005,11.4697],[5.6978,11.4748],[5.6985,11.4765],[5.6907,11.4803],[5.6862,11.4805],[5.6847,11.4763],[5.6858,11.4653],[5.6852,11.4591],[5.6882,11.4573],[5.696,11.4541],[5.6944,11.4518],[5.6936,11.4456],[5.6966,11.4436],[5.6955,11.4395],[5.696,11.4369],[5.7023,11.434],[5.7076,11.4336],[5.7125,11.4321],[5.7208,11.4325],[5.7267,11.4292],[5.7271,11.4279],[5.7336,11.429],[5.7356,11.4231],[5.7356,11.4175],[5.7404,11.4088],[5.7383,11.4041],[5.7367,11.4033],[5.7334,11.3961],[5.7401,11.3918],[5.7454,11.3904],[5.7544,11.3897],[5.7661,11.3915],[5.7766,11.3935],[5.7751,11.3877],[5.7763,11.3815],[5.7677,11.3738],[5.7669,11.3683],[5.7622,11.3624],[5.7638,11.3572],[5.7617,11.3515],[5.7603,11.3426],[5.7577,11.3395],[5.7574,11.3335],[5.7604,11.3282],[5.7609,11.3257],[5.7581,11.3226],[5.7566,11.3159],[5.7532,11.3126],[5.752,11.3078],[5.7528,11.3043],[5.7606,11.304],[5.7619,11.3055],[5.772,11.3085],[5.7732,11.3111],[5.779,11.313],[5.7828,11.3114],[5.7928,11.3123],[5.7942,11.3133],[5.8035,11.3146],[5.8055,11.3143],[5.8097,11.3107],[5.8142,11.309],[5.8167,11.3103],[5.821,11.3104],[5.8232,11.3069],[5.8269,11.3086],[5.8316,11.3116],[5.8359,11.312],[5.8411,11.316],[5.8503,11.316],[5.8548,11.3177],[5.8577,11.3175],[5.8634,11.3192],[5.8657,11.3234],[5.8741,11.3255],[5.8756,11.3232]]]},"properties":{"name":"WASAGU","state":"21","code":"21/19/09"}},{"type":"Feature","geometry":{"type":"Polygon","coordinates":[[[5.2611,11.7475],[5.2609,11.7426],[5.2628,11.7378],[5.2624,11.7285],[5.2586,11.7276],[5.2549,11.7243],[5.2508,11.7246],[5.2531,11.7195],[5.2537,11.7157],[5.2592,11.7095],[5.2588,11.7008],[5.2623,11.6968],[5.2637,11.6928],[5.2668,11.69],[5.2709,11.6878],[5.2683,11.6821],[5.2665,11.676],[5.2663,11.6728],[5.2626,11.6685],[5.258,11.6661],[5.2564,11.662],[5.2531,11.6585],[5.2507,11.6538],[5.2453,11.6519],[5.2437,11.649],[5.2395,11.6456],[5.2391,11.6417],[5.2374,11.638],[5.235,11.6367],[5.2394,11.627],[5.2396,11.6255],[5.234,11.6229],[5.2295,11.6195],[5.2268,11.6159],[5.2228,11.614],[5.2213,11.6112],[5.2164,11.6079],[5.2152,11.5999],[5.2123,11.5938],[5.209,11.5898],[5.2104,11.587],[5.2109,11.5825],[5.2054,11.5707],[5.2068,11.5628],[5.2047,11.5633],[5.2014,11.5728],[5.1986,11.5719],[5.1995,11.5674],[5.1964,11.5617],[5.1911,11.5589],[5.191,11.5552],[5.1863,11.5536],[5.1815,11.5536],[5.178,11.5546],[5.1817,11.5485],[5.1842,11.5475],[5.187,11.544],[5.1922,11.5437],[5.197,11.5479],[5.1996,11.5426],[5.2016,11.5403],[5.2066,11.5417],[5.2114,11.5417],[5.2136,11.539],[5.2166,11.5405],[5.2257,11.541],[5.2278,11.537],[5.2274,11.5321],[5.2304,11.5311],[5.2321,11.5284],[5.2416,11.5324],[5.2436,11.5352],[5.2534,11.5336],[5.2578,11.5314],[5.2603,11.5344],[5.2676,11.5343],[5.2699,11.5309],[5.2733,11.5323],[5.2764,11.537],[5.2794,11.5398],[5.2926,11.5437],[5.2914,11.5469],[5.292,11.5512],[5.2997,11.5551],[5.2999,11.5582],[5.3027,11.5659],[5.3008,11.5699],[5.2944,11.5711],[5.2895,11.5734],[5.2874,11.569],[5.2839,11.5644],[5.2757,11.5643],[5.2738,11.5625],[5.2686,11.5621],[5.259,11.5679],[5.2581,11.5752],[5.2539,11.5775],[5.2443,11.575],[5.2402,11.5772],[5.2379,11.5764],[5.2363,11.5786],[5.2388,11.5877],[5.2417,11.5908],[5.2423,11.5946],[5.246,11.603],[5.2478,11.6035],[5.2463,11.608],[5.2459,11.6122],[5.2505,11.6178],[5.2541,11.6173],[5.257,11.6142],[5.2609,11.612],[5.2633,11.6125],[5.2691,11.6187],[5.2726,11.621],[5.2692,11.6306],[5.2691,11.6342],[5.2741,11.6381],[5.2844,11.6379],[5.2839,11.6519],[5.295,11.6477],[5.2973,11.6503],[5.2966,11.6576],[5.2994,11.6603],[5.3053,11.6702],[5.3082,11.671],[5.3112,11.6779],[5.3115,11.6811],[5.3102,11.6878],[5.3121,11.6909],[5.3114,11.695],[5.3135,11.6953],[5.3237,11.692],[5.3286,11.6971],[5.3319,11.699],[5.3302,11.7019],[5.3307,11.7116],[5.3331,11.7123],[5.3423,11.7106],[5.3449,11.7123],[5.3501,11.713],[5.3508,11.7155],[5.355,11.7197],[5.3559,11.7222],[5.3542,11.7245],[5.3527,11.7296],[5.3471,11.7321],[5.3455,11.7274],[5.3455,11.7245],[5.3403,11.7201],[5.337,11.7191],[5.3333,11.7198],[5.3307,11.7182],[5.3226,11.7166],[5.32,11.7184],[5.3154,11.7182],[5.3133,11.7167],[5.3051,11.7166],[5.3003,11.7153],[5.2952,11.7158],[5.2873,11.7156],[5.285,11.7183],[5.2903,11.7245],[5.294,11.7273],[5.296,11.7391],[5.2959,11.7442],[5.2871,11.7474],[5.2776,11.7484],[5.274,11.7493],[5.2642,11.7487],[5.2611,11.7475]]]},"properties":{"name":"YALMO/SHINDI","state":"21","code":"21/19/10"}},{"type":"Feature","geometry":{"type":"Polygon","coordinates":[[[5.1187,11.5185],[5.1204,11.5125],[5.1196,11.508],[5.1219,11.5059],[5.1317,11.5063],[5.1339,11.5058],[5.1353,11.5086],[5.1356,11.5129],[5.143,11.5167],[5.1472,11.5174],[5.1505,11.5198],[5.1511,11.5217],[5.1497,11.5274],[5.1507,11.5295],[5.1552,11.5338],[5.1561,11.538],[5.163,11.5432],[5.1631,11.548],[5.1645,11.552],[5.1633,11.5575],[5.1701,11.5575],[5.178,11.5546],[5.1815,11.5536],[5.1863,11.5536],[5.191,11.5552],[5.1911,11.5589],[5.1964,11.5617],[5.1995,11.5674],[5.1986,11.5719],[5.2014,11.5728],[5.2047,11.5633],[5.2068,11.5628],[5.2054,11.5707],[5.2109,11.5825],[5.2104,11.587],[5.209,11.5898],[5.2123,11.5938],[5.2152,11.5999],[5.2164,11.6079],[5.2213,11.6112],[5.2228,11.614],[5.2268,11.6159],[5.2295,11.6195],[5.234,11.6229],[5.2396,11.6255],[5.2394,11.627],[5.235,11.6367],[5.2374,11.638],[5.2391,11.6417],[5.2395,11.6456],[5.2437,11.649],[5.2453,11.6519],[5.2507,11.6538],[5.2531,11.6585],[5.2564,11.662],[5.258,11.6661],[5.2626,11.6685],[5.2663,11.6728],[5.2665,11.676],[5.2683,11.6821],[5.2709,11.6878],[5.2668,11.69],[5.2637,11.6928],[5.2623,11.6968],[5.2588,11.7008],[5.2592,11.7095],[5.2537,11.7157],[5.2531,11.7195],[5.2508,11.7246],[5.2549,11.7243],[5.2586,11.7276],[5.2624,11.7285],[5.2628,11.7378],[5.2609,11.7426],[5.2611,11.7475],[5.2497,11.7443],[5.2475,11.742],[5.2441,11.7422],[5.238,11.7402],[5.2357,11.7406],[5.2335,11.7386],[5.2246,11.7351],[5.2177,11.7309],[5.2075,11.7301],[5.2026,11.7264],[5.1966,11.7239],[5.1932,11.7213],[5.1873,11.7187],[5.1824,11.7133],[5.1751,11.7075],[5.1773,11.7025],[5.1849,11.698],[5.1891,11.6967],[5.193,11.6942],[5.202,11.6911],[5.2034,11.6895],[5.2038,11.6858],[5.2024,11.6825],[5.2046,11.6712],[5.1977,11.6653],[5.1926,11.6638],[5.1892,11.6611],[5.1912,11.6583],[5.1908,11.6534],[5.1865,11.6497],[5.1847,11.6458],[5.197,11.6426],[5.1988,11.6414],[5.1978,11.6352],[5.1995,11.6325],[5.1982,11.6278],[5.1952,11.6277],[5.1922,11.6242],[5.1961,11.6177],[5.1988,11.6148],[5.1949,11.6107],[5.1955,11.6062],[5.193,11.6036],[5.1841,11.5984],[5.1809,11.5981],[5.178,11.6006],[5.1747,11.5963],[5.1686,11.5971],[5.1656,11.5932],[5.1623,11.5942],[5.1588,11.5905],[5.1526,11.5883],[5.1519,11.5872],[5.1467,11.5873],[5.1434,11.5888],[5.1381,11.5931],[5.1342,11.6025],[5.1288,11.6032],[5.1242,11.605],[5.1166,11.6097],[5.1096,11.6115],[5.1058,11.6152],[5.1003,11.6127],[5.0976,11.6091],[5.0859,11.6066],[5.0839,11.6022],[5.0852,11.5957],[5.0871,11.5942],[5.089,11.587],[5.0917,11.5841],[5.0921,11.5818],[5.0955,11.578],[5.0985,11.5764],[5.1012,11.573],[5.0967,11.5694],[5.0917,11.5683],[5.0843,11.5612],[5.0857,11.5583],[5.0867,11.5523],[5.0882,11.5496],[5.0902,11.5421],[5.096,11.5432],[5.1011,11.5484],[5.1067,11.5493],[5.1072,11.5463],[5.1103,11.5464],[5.1155,11.5402],[5.1166,11.5361],[5.1158,11.5346],[5.1162,11.5281],[5.1147,11.5251],[5.119,11.5224],[5.1187,11.5185]]]},"properties":{"name":"GWANFI/KELE","state":"21","code":"21/19/11"}},{"type":"Feature","geometry":{"type":"Polygon","coordinates":[[[4.7523,10.8098],[4.7466,10.816],[4.745,10.8158],[4.7403,10.8246],[4.7285,10.8262],[4.7249,10.8214],[4.7256,10.8142],[4.7214,10.8015],[4.718,10.7973],[4.7142,10.7911],[4.7143,10.789],[4.7245,10.7887],[4.7328,10.7902],[4.7355,10.7916],[4.7401,10.7902],[4.7452,10.7918],[4.7465,10.7945],[4.7508,10.792],[4.7533,10.7919],[4.758,10.7874],[4.7614,10.7933],[4.7588,10.8001],[4.7549,10.8047],[4.7523,10.8098]]]},"properties":{"name":"GUNGUN SARKI","state":"21","code":"21/20/02"}},{"type":"Feature","geometry":{"type":"Polygon","coordinates":[[[4.7484,10.6984],[4.7438,10.6966],[4.7428,10.6943],[4.7397,10.6929],[4.7339,10.6917],[4.7301,10.6894],[4.7265,10.6893],[4.7226,10.6918],[4.7207,10.6948],[4.7186,10.7015],[4.7163,10.7029],[4.7124,10.7027],[4.7081,10.7073],[4.701,10.7068],[4.6963,10.7085],[4.6946,10.7079],[4.6936,10.7032],[4.6914,10.6975],[4.6878,10.6937],[4.689,10.6902],[4.688,10.6835],[4.6888,10.6819],[4.6909,10.6694],[4.6908,10.6629],[4.6898,10.6601],[4.7038,10.6591],[4.7069,10.6571],[4.7094,10.6586],[4.717,10.6605],[4.7216,10.6644],[4.7239,10.6676],[4.7294,10.6635],[4.7339,10.6649],[4.7392,10.6648],[4.7409,10.6675],[4.752,10.6665],[4.7501,10.672],[4.7522,10.6894],[4.7497,10.6925],[4.7484,10.6984]]]},"properties":{"name":"JIJIMA","state":"21","code":"21/20/03"}},{"type":"Feature","geometry":{"type":"Polygon","coordinates":[[[4.8121,10.8917],[4.8104,10.8927],[4.8097,10.8971],[4.8059,10.8984],[4.805,10.9023],[4.8033,10.9027],[4.8013,10.9066],[4.7983,10.9061],[4.7949,10.9108],[4.7923,10.9113],[4.7859,10.9099],[4.7845,10.9061],[4.7814,10.9035],[4.7768,10.9016],[4.772,10.9038],[4.7675,10.9075],[4.7611,10.9076],[4.7544,10.911],[4.7483,10.9154],[4.7463,10.9155],[4.7396,10.9137],[4.7286,10.9066],[4.7279,10.9037],[4.7219,10.9095],[4.7174,10.9146],[4.7162,10.9216],[4.7164,10.9277],[4.7147,10.933],[4.7144,10.9431],[4.7095,10.9474],[4.7071,10.9508],[4.7023,10.9481],[4.6985,10.9485],[4.6941,10.9471],[4.6887,10.9502],[4.6814,10.9524],[4.6841,10.9476],[4.6903,10.9389],[4.6946,10.9292],[4.695,10.9193],[4.706,10.9],[4.7105,10.8963],[4.7156,10.8903],[4.7182,10.8854],[4.722,10.873],[4.7227,10.8669],[4.7204,10.8594],[4.717,10.8565],[4.7096,10.8517],[4.7102,10.8424],[4.709,10.8362],[4.7102,10.8346],[4.7076,10.8268],[4.7059,10.82],[4.7031,10.8172],[4.7019,10.8106],[4.6998,10.8021],[4.6987,10.7938],[4.6964,10.7903],[4.6946,10.7762],[4.6974,10.7752],[4.709,10.774],[4.7107,10.7758],[4.7146,10.7832],[4.7143,10.789],[4.7142,10.7911],[4.718,10.7973],[4.7214,10.8015],[4.7256,10.8142],[4.7249,10.8214],[4.7285,10.8262],[4.7299,10.8296],[4.7322,10.8334],[4.7328,10.8389],[4.734,10.8426],[4.735,10.8448],[4.7346,10.851],[4.7377,10.8546],[4.7402,10.8519],[4.7435,10.8508],[4.7463,10.8518],[4.7561,10.8536],[4.7634,10.8618],[4.7663,10.8633],[4.7655,10.8661],[4.7679,10.8694],[4.7716,10.8771],[4.7755,10.8797],[4.7785,10.8835],[4.7805,10.8879],[4.7822,10.8888],[4.7849,10.8853],[4.7895,10.8828],[4.7932,10.8793],[4.7976,10.8843],[4.8033,10.8873],[4.8093,10.8897],[4.8121,10.8917]]]},"properties":{"name":"TONDI","state":"21","code":"21/20/04"}},{"type":"Feature","geometry":{"type":"Polygon","coordinates":[[[4.7322,10.8334],[4.7345,10.8351],[4.7383,10.8346],[4.7458,10.8354],[4.7456,10.8315],[4.7523,10.8309],[4.7546,10.8319],[4.7546,10.835],[4.7522,10.8356],[4.7522,10.8401],[4.7485,10.8417],[4.7432,10.8404],[4.738,10.8411],[4.734,10.8426],[4.7328,10.8389],[4.7322,10.8334]]]},"properties":{"name":"YELWA CENTRAL","state":"21","code":"21/20/05"}},{"type":"Feature","geometry":{"type":"Polygon","coordinates":[[[4.7653,10.8171],[4.763,10.8233],[4.7604,10.8256],[4.756,10.8274],[4.7571,10.8296],[4.7546,10.8319],[4.7523,10.8309],[4.7456,10.8315],[4.7455,10.8306],[4.7445,10.8249],[4.7449,10.8202],[4.7466,10.816],[4.7523,10.8098],[4.7555,10.8107],[4.7653,10.8171]]]},"properties":{"name":"YELWA EAST","state":"21","code":"21/20/06"}},{"type":"Feature","geometry":{"type":"Polygon","coordinates":[[[4.8261,10.8528],[4.8271,10.8549],[4.8249,10.8573],[4.8256,10.8648],[4.8272,10.8673],[4.8213,10.8682],[4.8164,10.8679],[4.8118,10.8705],[4.8079,10.8707],[4.8021,10.8757],[4.7978,10.878],[4.7932,10.8793],[4.7895,10.8828],[4.7849,10.8853],[4.7822,10.8888],[4.7805,10.8879],[4.7785,10.8835],[4.7755,10.8797],[4.7716,10.8771],[4.7679,10.8694],[4.7655,10.8661],[4.7663,10.8633],[4.7634,10.8618],[4.7561,10.8536],[4.7463,10.8518],[4.7435,10.8508],[4.7402,10.8519],[4.7377,10.8546],[4.7346,10.851],[4.735,10.8448],[4.734,10.8426],[4.738,10.8411],[4.7432,10.8404],[4.7485,10.8417],[4.7522,10.8401],[4.7522,10.8356],[4.7546,10.835],[4.7546,10.8319],[4.7571,10.8296],[4.756,10.8274],[4.7604,10.8256],[4.763,10.8233],[4.7653,10.8171],[4.7698,10.816],[4.7781,10.8175],[4.7829,10.8171],[4.7891,10.8187],[4.7912,10.8242],[4.7993,10.8256],[4.8016,10.8236],[4.8072,10.8233],[4.8122,10.8269],[4.8115,10.8293],[4.8127,10.8361],[4.8176,10.84],[4.819,10.8425],[4.8252,10.8449],[4.8264,10.8486],[4.8261,10.8528]]]},"properties":{"name":"YELWA NORTH","state":"21","code":"21/20/07"}},{"type":"Feature","geometry":{"type":"Polygon","coordinates":[[[4.7299,10.8296],[4.736,10.8285],[4.7367,10.8307],[4.7455,10.8306],[4.7456,10.8315],[4.7458,10.8354],[4.7383,10.8346],[4.7345,10.8351],[4.7322,10.8334],[4.7299,10.8296]]]},"properties":{"name":"YELWA SOUTH","state":"21","code":"21/20/08"}},{"type":"Feature","geometry":{"type":"Polygon","coordinates":[[[4.7466,10.816],[4.7449,10.8202],[4.7445,10.8249],[4.7455,10.8306],[4.7367,10.8307],[4.736,10.8285],[4.7299,10.8296],[4.7285,10.8262],[4.7403,10.8246],[4.745,10.8158],[4.7466,10.816]]]},"properties":{"name":"YELWA WEST","state":"21","code":"21/20/09"}},{"type":"Feature","geometry":{"type":"Polygon","coordinates":[[[4.758,10.7874],[4.7533,10.7919],[4.7508,10.792],[4.7465,10.7945],[4.7452,10.7918],[4.7401,10.7902],[4.7355,10.7916],[4.7328,10.7902],[4.7245,10.7887],[4.7143,10.789],[4.7146,10.7832],[4.7107,10.7758],[4.709,10.774],[4.6974,10.7752],[4.6946,10.7762],[4.694,10.7625],[4.6948,10.7507],[4.6925,10.7447],[4.6955,10.7435],[4.695,10.7305],[4.6975,10.7189],[4.6951,10.7119],[4.6946,10.7079],[4.6963,10.7085],[4.701,10.7068],[4.7081,10.7073],[4.7124,10.7027],[4.7163,10.7029],[4.7186,10.7015],[4.7207,10.6948],[4.7226,10.6918],[4.7265,10.6893],[4.7301,10.6894],[4.7339,10.6917],[4.7397,10.6929],[4.7428,10.6943],[4.7438,10.6966],[4.7484,10.6984],[4.7502,10.7007],[4.7501,10.708],[4.7555,10.7085],[4.7609,10.7104],[4.7651,10.7094],[4.7712,10.7108],[4.7775,10.7133],[4.7792,10.7177],[4.7832,10.7215],[4.7837,10.7253],[4.7896,10.7269],[4.787,10.7339],[4.7825,10.7424],[4.781,10.7529],[4.7742,10.7502],[4.7693,10.7506],[4.7646,10.752],[4.7626,10.7565],[4.7534,10.7585],[4.745,10.7619],[4.7448,10.766],[4.7544,10.7742],[4.7569,10.7775],[4.7582,10.7832],[4.758,10.7874]]]},"properties":{"name":"ZAMARE","state":"21","code":"21/20/10"}},{"type":"Feature","geometry":{"type":"Polygon","coordinates":[[[5.3806,11.3933],[5.3899,11.3981],[5.3975,11.3991],[5.4021,11.3957],[5.4082,11.3972],[5.4114,11.4],[5.4123,11.4054],[5.411,11.4093],[5.4078,11.4107],[5.4005,11.4165],[5.4057,11.4214],[5.407,11.4241],[5.4078,11.4295],[5.41,11.4348],[5.4028,11.4389],[5.3996,11.4381],[5.3934,11.4397],[5.3901,11.4395],[5.389,11.442],[5.381,11.442],[5.3805,11.4429],[5.3879,11.4507],[5.3864,11.452],[5.3794,11.4533],[5.3745,11.453],[5.3675,11.4483],[5.3636,11.4472],[5.3536,11.4457],[5.3535,11.4436],[5.3452,11.4423],[5.3418,11.439],[5.3344,11.4378],[5.333,11.4356],[5.3275,11.4353],[5.3224,11.4336],[5.3171,11.4297],[5.3118,11.4338],[5.3021,11.4378],[5.3027,11.4408],[5.2918,11.4419],[5.2866,11.4431],[5.284,11.4448],[5.2763,11.4426],[5.272,11.4451],[5.2671,11.4463],[5.263,11.4485],[5.2592,11.4488],[5.2566,11.4476],[5.2552,11.4419],[5.2584,11.4399],[5.2585,11.4377],[5.2535,11.4376],[5.2528,11.4347],[5.25,11.4308],[5.2465,11.429],[5.2481,11.4215],[5.2517,11.4225],[5.255,11.4146],[5.2544,11.4126],[5.2582,11.4074],[5.2625,11.4046],[5.2672,11.405],[5.2691,11.403],[5.2767,11.4015],[5.2779,11.4046],[5.2864,11.4054],[5.2888,11.4023],[5.2886,11.3986],[5.2932,11.3965],[5.2941,11.395],[5.3039,11.3949],[5.3087,11.3961],[5.3112,11.3957],[5.3138,11.3921],[5.3133,11.3905],[5.316,11.3871],[5.3165,11.3847],[5.3154,11.3771],[5.3167,11.3749],[5.32,11.3741],[5.3289,11.3706],[5.3322,11.3681],[5.3366,11.3626],[5.3394,11.3649],[5.3408,11.369],[5.3443,11.371],[5.3424,11.3765],[5.3419,11.3808],[5.3355,11.3873],[5.3373,11.3924],[5.3398,11.3938],[5.3436,11.3926],[5.3467,11.3902],[5.3527,11.3891],[5.3555,11.3956],[5.3597,11.3975],[5.3656,11.4028],[5.3716,11.4036],[5.3761,11.4081],[5.3765,11.4098],[5.3801,11.4121],[5.3822,11.4092],[5.3811,11.4038],[5.3819,11.399],[5.3806,11.3933]]]},"properties":{"name":"BEDI","state":"21","code":"21/21/01"}},{"type":"Feature","geometry":{"type":"Polygon","coordinates":[[[5.3993,11.5026],[5.3936,11.5038],[5.3848,11.5088],[5.3825,11.5109],[5.3742,11.5066],[5.3709,11.5073],[5.359,11.5134],[5.3583,11.5165],[5.3553,11.5183],[5.3499,11.516],[5.3451,11.5162],[5.3412,11.5148],[5.3347,11.5105],[5.333,11.5078],[5.3279,11.5096],[5.3242,11.5094],[5.3186,11.5162],[5.3165,11.5145],[5.3137,11.5149],[5.3097,11.5107],[5.3079,11.5077],[5.3001,11.5079],[5.2941,11.5098],[5.2912,11.5072],[5.2864,11.5059],[5.2825,11.5083],[5.2757,11.5088],[5.2716,11.5008],[5.2693,11.4995],[5.2648,11.5008],[5.2587,11.4949],[5.2557,11.4935],[5.2518,11.4949],[5.2505,11.4984],[5.2436,11.496],[5.2406,11.4915],[5.2388,11.4918],[5.2371,11.4954],[5.2327,11.4973],[5.2317,11.4955],[5.2325,11.4904],[5.231,11.4887],[5.2268,11.4881],[5.2241,11.4858],[5.2216,11.4816],[5.216,11.4795],[5.2146,11.4887],[5.2071,11.4859],[5.2014,11.4864],[5.1985,11.4812],[5.2013,11.4803],[5.2017,11.4777],[5.198,11.4759],[5.1965,11.4731],[5.1928,11.4704],[5.1912,11.4666],[5.1859,11.4613],[5.1873,11.458],[5.1815,11.4522],[5.1764,11.4482],[5.1734,11.4429],[5.171,11.4364],[5.1754,11.4388],[5.1845,11.4412],[5.1892,11.4399],[5.2021,11.4428],[5.2046,11.4442],[5.2071,11.4414],[5.2111,11.4411],[5.217,11.446],[5.2171,11.4548],[5.2145,11.4609],[5.2232,11.4623],[5.2316,11.4598],[5.2384,11.4616],[5.2409,11.4579],[5.248,11.4551],[5.2515,11.4556],[5.2554,11.4528],[5.2636,11.4507],[5.266,11.4513],[5.2698,11.4495],[5.2789,11.4484],[5.287,11.4482],[5.2926,11.4464],[5.294,11.4513],[5.2959,11.4525],[5.297,11.4578],[5.3049,11.4578],[5.315,11.454],[5.3176,11.455],[5.3226,11.4616],[5.3225,11.4666],[5.3244,11.4724],[5.325,11.4805],[5.3314,11.4794],[5.335,11.4731],[5.3398,11.469],[5.3458,11.4717],[5.3519,11.4661],[5.3542,11.4685],[5.3581,11.4677],[5.3622,11.4683],[5.3644,11.4708],[5.3652,11.4749],[5.3674,11.4799],[5.3701,11.4823],[5.3703,11.4854],[5.3727,11.4858],[5.3831,11.4814],[5.3872,11.4803],[5.3913,11.4817],[5.3929,11.4843],[5.3956,11.4858],[5.3961,11.4886],[5.3999,11.4933],[5.3977,11.4971],[5.3976,11.5008],[5.3993,11.5026]]]},"properties":{"name":"CIROMAN DABAI","state":"21","code":"21/21/02"}},{"type":"Feature","geometry":{"type":"Polygon","coordinates":[[[5.1533,11.4821],[5.1576,11.4827],[5.165,11.4824],[5.1676,11.4868],[5.1708,11.488],[5.1734,11.4907],[5.1818,11.4943],[5.1844,11.4971],[5.185,11.5],[5.1882,11.5018],[5.1924,11.5007],[5.1967,11.5052],[5.1987,11.5094],[5.2061,11.5103],[5.2089,11.5118],[5.214,11.5166],[5.2169,11.5134],[5.2189,11.5145],[5.2216,11.5183],[5.2237,11.5195],[5.2324,11.5142],[5.2358,11.5189],[5.2405,11.5164],[5.2457,11.5147],[5.2455,11.5174],[5.2474,11.5225],[5.2499,11.5217],[5.2581,11.5219],[5.2568,11.5161],[5.2537,11.5105],[5.2507,11.509],[5.251,11.5062],[5.256,11.5073],[5.2591,11.5061],[5.2605,11.5039],[5.2633,11.505],[5.2648,11.5008],[5.2693,11.4995],[5.2716,11.5008],[5.2757,11.5088],[5.2825,11.5083],[5.2864,11.5059],[5.2912,11.5072],[5.2941,11.5098],[5.3001,11.5079],[5.3079,11.5077],[5.3097,11.5107],[5.3082,11.5126],[5.3036,11.5133],[5.3048,11.5182],[5.3124,11.5194],[5.3146,11.5304],[5.3197,11.5319],[5.3257,11.5372],[5.3318,11.5392],[5.3329,11.5417],[5.34,11.5458],[5.3458,11.5442],[5.3495,11.5439],[5.3489,11.5505],[5.3552,11.552],[5.3572,11.5506],[5.3582,11.5548],[5.3567,11.5593],[5.3502,11.559],[5.3427,11.5632],[5.3399,11.5612],[5.3388,11.5566],[5.3337,11.5524],[5.3274,11.5529],[5.3247,11.5571],[5.3213,11.5575],[5.3164,11.5629],[5.3118,11.565],[5.3027,11.5659],[5.2999,11.5582],[5.2997,11.5551],[5.292,11.5512],[5.2914,11.5469],[5.2926,11.5437],[5.2794,11.5398],[5.2764,11.537],[5.2733,11.5323],[5.2699,11.5309],[5.2676,11.5343],[5.2603,11.5344],[5.2578,11.5314],[5.2534,11.5336],[5.2436,11.5352],[5.2416,11.5324],[5.2321,11.5284],[5.2304,11.5311],[5.2274,11.5321],[5.2278,11.537],[5.2257,11.541],[5.2166,11.5405],[5.2136,11.539],[5.2114,11.5417],[5.2066,11.5417],[5.2016,11.5403],[5.1996,11.5426],[5.197,11.5479],[5.1922,11.5437],[5.187,11.544],[5.1842,11.5475],[5.1817,11.5485],[5.178,11.5546],[5.1701,11.5575],[5.1633,11.5575],[5.1645,11.552],[5.1631,11.548],[5.163,11.5432],[5.1561,11.538],[5.1552,11.5338],[5.1507,11.5295],[5.1497,11.5274],[5.1511,11.5217],[5.1505,11.5198],[5.1472,11.5174],[5.143,11.5167],[5.1356,11.5129],[5.1353,11.5086],[5.1339,11.5058],[5.133,11.5014],[5.1366,11.497],[5.1381,11.4936],[5.1407,11.4947],[5.1403,11.4891],[5.1442,11.4864],[5.1504,11.4846],[5.1533,11.4821]]]},"properties":{"name":"ISGOGO /DAGO","state":"21","code":"21/21/03"}},{"type":"Feature","geometry":{"type":"Polygon","coordinates":[[[4.9929,11.3114],[4.996,11.3104],[4.9997,11.2945],[5.0018,11.291],[4.9995,11.287],[4.9993,11.2844],[4.9965,11.2841],[4.9989,11.2754],[5.0023,11.2697],[5.0054,11.2576],[5.0119,11.252],[5.0167,11.2512],[5.0255,11.256],[5.0316,11.2599],[5.0344,11.2649],[5.0408,11.2705],[5.0456,11.2729],[5.052,11.2729],[5.0585,11.2705],[5.062,11.2634],[5.0647,11.2549],[5.0625,11.2448],[5.0568,11.2376],[5.0528,11.2311],[5.0488,11.2279],[5.0488,11.2111],[5.0528,11.2054],[5.0576,11.2046],[5.0625,11.2086],[5.0665,11.2181],[5.0713,11.2271],[5.0713,11.2376],[5.096,11.2355],[5.0984,11.2341],[5.1019,11.235],[5.1855,11.228],[5.2115,11.2227],[5.2134,11.2277],[5.216,11.23],[5.2149,11.236],[5.2118,11.2376],[5.2107,11.243],[5.2087,11.2433],[5.2072,11.2467],[5.2038,11.2502],[5.2017,11.2497],[5.199,11.2536],[5.1947,11.2514],[5.1894,11.2527],[5.1823,11.2499],[5.179,11.2501],[5.1719,11.2536],[5.1659,11.2511],[5.1621,11.2511],[5.1611,11.2552],[5.162,11.2587],[5.16,11.2621],[5.1619,11.2666],[5.1681,11.2693],[5.173,11.274],[5.1772,11.2754],[5.1768,11.2797],[5.1748,11.2817],[5.1741,11.2862],[5.1723,11.2888],[5.1731,11.2915],[5.1727,11.2963],[5.1757,11.3041],[5.1732,11.3088],[5.1741,11.31],[5.1697,11.3149],[5.1696,11.3176],[5.1647,11.3219],[5.1621,11.3216],[5.1615,11.3261],[5.1563,11.3272],[5.1546,11.333],[5.1572,11.3342],[5.1659,11.3336],[5.1715,11.3355],[5.1772,11.3345],[5.1806,11.3371],[5.1846,11.3377],[5.1873,11.3418],[5.1883,11.3479],[5.1904,11.353],[5.1929,11.356],[5.1975,11.3649],[5.203,11.3661],[5.2071,11.368],[5.2076,11.3701],[5.2149,11.3681],[5.2161,11.3665],[5.2226,11.367],[5.2302,11.3637],[5.2316,11.3625],[5.2396,11.3619],[5.2421,11.3606],[5.2436,11.3647],[5.248,11.3655],[5.249,11.3672],[5.2539,11.3697],[5.2554,11.3717],[5.2632,11.3731],[5.268,11.3747],[5.2737,11.3712],[5.2729,11.3586],[5.274,11.3538],[5.2732,11.3506],[5.2743,11.342],[5.2778,11.335],[5.2781,11.3303],[5.2797,11.3255],[5.2912,11.3329],[5.3038,11.3388],[5.3133,11.3452],[5.3322,11.3559],[5.3336,11.361],[5.3366,11.3626],[5.3322,11.3681],[5.3289,11.3706],[5.32,11.3741],[5.3167,11.3749],[5.3154,11.3771],[5.3165,11.3847],[5.316,11.3871],[5.3133,11.3905],[5.3138,11.3921],[5.3112,11.3957],[5.3087,11.3961],[5.3039,11.3949],[5.2941,11.395],[5.2932,11.3965],[5.2886,11.3986],[5.2888,11.4023],[5.2864,11.4054],[5.2779,11.4046],[5.2767,11.4015],[5.2691,11.403],[5.2672,11.405],[5.2625,11.4046],[5.2582,11.4074],[5.2544,11.4126],[5.2523,11.4117],[5.2455,11.4108],[5.2352,11.4085],[5.2323,11.4069],[5.2266,11.4058],[5.2239,11.404],[5.2089,11.4013],[5.204,11.4031],[5.1998,11.4023],[5.1914,11.4033],[5.1773,11.3965],[5.1716,11.3956],[5.1682,11.3983],[5.1632,11.3934],[5.1602,11.3916],[5.1561,11.3857],[5.1548,11.3809],[5.1521,11.3795],[5.1517,11.3772],[5.1558,11.3731],[5.1601,11.365],[5.1593,11.3635],[5.1615,11.3601],[5.1591,11.3554],[5.1592,11.3525],[5.1507,11.3527],[5.1467,11.3518],[5.1434,11.3481],[5.1406,11.3437],[5.1408,11.3414],[5.1381,11.3379],[5.1296,11.3331],[5.1251,11.3343],[5.1225,11.332],[5.1192,11.3258],[5.1178,11.319],[5.1135,11.3182],[5.1102,11.3198],[5.1089,11.3223],[5.1008,11.3244],[5.0986,11.3213],[5.0964,11.3205],[5.0959,11.3176],[5.0888,11.3134],[5.0837,11.3128],[5.0819,11.3114],[5.0771,11.3137],[5.0739,11.3127],[5.0706,11.3073],[5.0658,11.3075],[5.0628,11.303],[5.059,11.3011],[5.0546,11.3024],[5.0558,11.3064],[5.0515,11.3085],[5.048,11.3119],[5.0424,11.3122],[5.0444,11.3167],[5.0421,11.3269],[5.0313,11.3303],[5.024,11.3271],[5.0228,11.3247],[5.02,11.3265],[5.0145,11.3266],[5.0108,11.325],[5.0096,11.3268],[5.0037,11.3276],[4.9999,11.3262],[4.9965,11.3238],[4.9923,11.3133],[4.9929,11.3114]]]},"properties":{"name":"MANGA/USHE","state":"21","code":"21/21/04"}},{"type":"Feature","geometry":{"type":"Polygon","coordinates":[[[5.204,11.4031],[5.2089,11.4013],[5.2239,11.404],[5.2266,11.4058],[5.2323,11.4069],[5.2352,11.4085],[5.2455,11.4108],[5.2523,11.4117],[5.2544,11.4126],[5.255,11.4146],[5.2517,11.4225],[5.2481,11.4215],[5.2465,11.429],[5.25,11.4308],[5.2528,11.4347],[5.2535,11.4376],[5.2521,11.4384],[5.2442,11.4394],[5.2351,11.4357],[5.2311,11.4374],[5.2234,11.4347],[5.2199,11.4421],[5.217,11.446],[5.2111,11.4411],[5.2071,11.4414],[5.2046,11.4442],[5.2021,11.4428],[5.1892,11.4399],[5.1845,11.4412],[5.1754,11.4388],[5.171,11.4364],[5.1687,11.4328],[5.1726,11.4315],[5.1752,11.4331],[5.1804,11.4306],[5.1872,11.4309],[5.1914,11.4299],[5.1944,11.4269],[5.1944,11.4248],[5.2021,11.4227],[5.2056,11.4208],[5.2069,11.4178],[5.2075,11.4101],[5.2056,11.4081],[5.204,11.4031]]]},"properties":{"name":"RAFIN ZURU","state":"21","code":"21/21/05"}},{"type":"Feature","geometry":{"type":"Polygon","coordinates":[[[5.3224,11.4336],[5.3181,11.4361],[5.3178,11.4392],[5.3154,11.4397],[5.3157,11.4518],[5.315,11.454],[5.3049,11.4578],[5.297,11.4578],[5.2959,11.4525],[5.294,11.4513],[5.2926,11.4464],[5.287,11.4482],[5.2789,11.4484],[5.2698,11.4495],[5.266,11.4513],[5.2636,11.4507],[5.2554,11.4528],[5.2515,11.4556],[5.248,11.4551],[5.2409,11.4579],[5.2384,11.4616],[5.2316,11.4598],[5.2232,11.4623],[5.2145,11.4609],[5.2171,11.4548],[5.217,11.446],[5.2199,11.4421],[5.2234,11.4347],[5.2311,11.4374],[5.2351,11.4357],[5.2442,11.4394],[5.2521,11.4384],[5.2535,11.4376],[5.2585,11.4377],[5.2584,11.4399],[5.2552,11.4419],[5.2566,11.4476],[5.2592,11.4488],[5.263,11.4485],[5.2671,11.4463],[5.272,11.4451],[5.2763,11.4426],[5.284,11.4448],[5.2866,11.4431],[5.2918,11.4419],[5.3027,11.4408],[5.3021,11.4378],[5.3118,11.4338],[5.3171,11.4297],[5.3224,11.4336]]]},"properties":{"name":"RIKOTO","state":"21","code":"21/21/06"}},{"type":"Feature","geometry":{"type":"Polygon","coordinates":[[[5.1339,11.4185],[5.1384,11.4136],[5.1409,11.4129],[5.1441,11.4094],[5.1498,11.4141],[5.1492,11.416],[5.1511,11.4201],[5.1658,11.4297],[5.1637,11.4334],[5.1687,11.4328],[5.171,11.4364],[5.1734,11.4429],[5.1764,11.4482],[5.1815,11.4522],[5.1873,11.458],[5.1859,11.4613],[5.1912,11.4666],[5.1928,11.4704],[5.1965,11.4731],[5.198,11.4759],[5.2017,11.4777],[5.2013,11.4803],[5.1985,11.4812],[5.2014,11.4864],[5.2071,11.4859],[5.2146,11.4887],[5.216,11.4795],[5.2216,11.4816],[5.2241,11.4858],[5.2268,11.4881],[5.231,11.4887],[5.2325,11.4904],[5.2317,11.4955],[5.2327,11.4973],[5.2371,11.4954],[5.2388,11.4918],[5.2406,11.4915],[5.2436,11.496],[5.2505,11.4984],[5.2518,11.4949],[5.2557,11.4935],[5.2587,11.4949],[5.2648,11.5008],[5.2633,11.505],[5.2605,11.5039],[5.2591,11.5061],[5.256,11.5073],[5.251,11.5062],[5.2507,11.509],[5.2537,11.5105],[5.2568,11.5161],[5.2581,11.5219],[5.2499,11.5217],[5.2474,11.5225],[5.2455,11.5174],[5.2457,11.5147],[5.2405,11.5164],[5.2358,11.5189],[5.2324,11.5142],[5.2237,11.5195],[5.2216,11.5183],[5.2189,11.5145],[5.2169,11.5134],[5.214,11.5166],[5.2089,11.5118],[5.2061,11.5103],[5.1987,11.5094],[5.1967,11.5052],[5.1924,11.5007],[5.1882,11.5018],[5.185,11.5],[5.1844,11.4971],[5.1818,11.4943],[5.1734,11.4907],[5.1708,11.488],[5.1676,11.4868],[5.165,11.4824],[5.1576,11.4827],[5.1533,11.4821],[5.1558,11.4802],[5.1656,11.4775],[5.1688,11.4736],[5.1644,11.4681],[5.1625,11.4645],[5.1536,11.4621],[5.1499,11.4639],[5.1436,11.4615],[5.1409,11.4622],[5.1369,11.4598],[5.1374,11.4557],[5.1399,11.4551],[5.1419,11.4517],[5.1428,11.4462],[5.1465,11.442],[5.1411,11.4394],[5.1363,11.4295],[5.1327,11.4241],[5.1339,11.4185]]]},"properties":{"name":"RUMU/DABEN/SEME","state":"21","code":"21/21/07"}},{"type":"Feature","geometry":{"type":"Polygon","coordinates":[[[5.2115,11.2227],[5.2334,11.2182],[5.2421,11.24],[5.2444,11.2449],[5.2432,11.2679],[5.2431,11.2906],[5.2461,11.3017],[5.2497,11.3094],[5.2687,11.3189],[5.2797,11.3255],[5.2781,11.3303],[5.2778,11.335],[5.2743,11.342],[5.2732,11.3506],[5.274,11.3538],[5.2729,11.3586],[5.2737,11.3712],[5.268,11.3747],[5.2632,11.3731],[5.2554,11.3717],[5.2539,11.3697],[5.249,11.3672],[5.248,11.3655],[5.2436,11.3647],[5.2421,11.3606],[5.2396,11.3619],[5.2316,11.3625],[5.2302,11.3637],[5.2226,11.367],[5.2161,11.3665],[5.2149,11.3681],[5.2076,11.3701],[5.2071,11.368],[5.203,11.3661],[5.1975,11.3649],[5.1929,11.356],[5.1904,11.353],[5.1883,11.3479],[5.1873,11.3418],[5.1846,11.3377],[5.1806,11.3371],[5.1772,11.3345],[5.1715,11.3355],[5.1659,11.3336],[5.1572,11.3342],[5.1546,11.333],[5.1563,11.3272],[5.1615,11.3261],[5.1621,11.3216],[5.1647,11.3219],[5.1696,11.3176],[5.1697,11.3149],[5.1741,11.31],[5.1732,11.3088],[5.1757,11.3041],[5.1727,11.2963],[5.1731,11.2915],[5.1723,11.2888],[5.1741,11.2862],[5.1748,11.2817],[5.1768,11.2797],[5.1772,11.2754],[5.173,11.274],[5.1681,11.2693],[5.1619,11.2666],[5.16,11.2621],[5.162,11.2587],[5.1611,11.2552],[5.1621,11.2511],[5.1659,11.2511],[5.1719,11.2536],[5.179,11.2501],[5.1823,11.2499],[5.1894,11.2527],[5.1947,11.2514],[5.199,11.2536],[5.2017,11.2497],[5.2038,11.2502],[5.2072,11.2467],[5.2087,11.2433],[5.2107,11.243],[5.2118,11.2376],[5.2149,11.236],[5.216,11.23],[5.2134,11.2277],[5.2115,11.2227]]]},"properties":{"name":"SENCHI","state":"21","code":"21/21/08"}},{"type":"Feature","geometry":{"type":"Polygon","coordinates":[[[5.3567,11.5593],[5.3582,11.5548],[5.3572,11.5506],[5.3552,11.552],[5.3489,11.5505],[5.3495,11.5439],[5.3458,11.5442],[5.34,11.5458],[5.3329,11.5417],[5.3318,11.5392],[5.3257,11.5372],[5.3197,11.5319],[5.3146,11.5304],[5.3124,11.5194],[5.3048,11.5182],[5.3036,11.5133],[5.3082,11.5126],[5.3097,11.5107],[5.3137,11.5149],[5.3165,11.5145],[5.3186,11.5162],[5.3242,11.5094],[5.3279,11.5096],[5.333,11.5078],[5.3347,11.5105],[5.3412,11.5148],[5.3451,11.5162],[5.3499,11.516],[5.3553,11.5183],[5.3583,11.5165],[5.359,11.5134],[5.3709,11.5073],[5.3742,11.5066],[5.3825,11.5109],[5.3848,11.5088],[5.3936,11.5038],[5.3993,11.5026],[5.4032,11.5038],[5.4035,11.5077],[5.4055,11.5084],[5.4059,11.5131],[5.4105,11.5211],[5.4091,11.5253],[5.411,11.5263],[5.4119,11.5301],[5.4149,11.5308],[5.4219,11.5297],[5.4271,11.5338],[5.4298,11.5344],[5.4347,11.5321],[5.4398,11.5327],[5.441,11.5339],[5.4505,11.5308],[5.4636,11.5373],[5.467,11.5366],[5.474,11.5423],[5.4758,11.5425],[5.4772,11.5457],[5.481,11.5498],[5.482,11.5525],[5.4813,11.5556],[5.472,11.5646],[5.4688,11.5661],[5.468,11.5688],[5.4639,11.5737],[5.4657,11.5768],[5.4706,11.5779],[5.4788,11.5749],[5.4873,11.5739],[5.4915,11.5784],[5.4941,11.5851],[5.4976,11.5913],[5.5005,11.5925],[5.504,11.5975],[5.5087,11.5991],[5.512,11.5991],[5.5127,11.6025],[5.5075,11.6044],[5.5081,11.6058],[5.5064,11.6103],[5.5065,11.6141],[5.5029,11.6175],[5.502,11.6243],[5.4933,11.6267],[5.4942,11.6306],[5.4934,11.6356],[5.4954,11.6364],[5.5032,11.6362],[5.5098,11.6382],[5.5131,11.6382],[5.5158,11.6405],[5.5183,11.6401],[5.5189,11.6434],[5.5162,11.6447],[5.5157,11.6483],[5.512,11.6517],[5.5047,11.6607],[5.5025,11.6582],[5.4972,11.6559],[5.4937,11.6572],[5.4813,11.6648],[5.4712,11.6638],[5.4664,11.6686],[5.459,11.6651],[5.4521,11.6604],[5.4463,11.6642],[5.4388,11.667],[5.4358,11.6671],[5.4323,11.6697],[5.428,11.6699],[5.4271,11.6661],[5.4296,11.645],[5.4259,11.6396],[5.4256,11.6378],[5.4291,11.6329],[5.4305,11.6281],[5.4241,11.6218],[5.4181,11.6207],[5.4169,11.6148],[5.4238,11.6027],[5.4199,11.5999],[5.4098,11.608],[5.4045,11.6015],[5.4055,11.5991],[5.4007,11.5941],[5.3983,11.5901],[5.399,11.5849],[5.3924,11.5807],[5.3888,11.5764],[5.3912,11.5676],[5.3865,11.5665],[5.3798,11.5693],[5.3774,11.5658],[5.3729,11.5637],[5.368,11.5583],[5.363,11.5619],[5.3567,11.5593]]]},"properties":{"name":"TADURGA","state":"21","code":"21/21/09"}},{"type":"Feature","geometry":{"type":"Polygon","coordinates":[[[5.5058,11.4883],[5.5059,11.4909],[5.5032,11.4966],[5.5038,11.4998],[5.5065,11.4994],[5.5149,11.5016],[5.513,11.5063],[5.5093,11.5085],[5.5122,11.51],[5.5124,11.5148],[5.5112,11.5171],[5.5116,11.5228],[5.5131,11.5248],[5.5122,11.5282],[5.5155,11.5323],[5.5108,11.5366],[5.5124,11.5391],[5.5121,11.542],[5.51,11.5457],[5.5146,11.5465],[5.5155,11.5532],[5.5143,11.5555],[5.5168,11.5601],[5.5182,11.5643],[5.5162,11.5666],[5.5165,11.5689],[5.5149,11.575],[5.5128,11.5783],[5.5135,11.5828],[5.5116,11.5889],[5.5089,11.5912],[5.5132,11.5979],[5.512,11.5991],[5.5087,11.5991],[5.504,11.5975],[5.5005,11.5925],[5.4976,11.5913],[5.4941,11.5851],[5.4915,11.5784],[5.4873,11.5739],[5.4788,11.5749],[5.4706,11.5779],[5.4657,11.5768],[5.4639,11.5737],[5.468,11.5688],[5.4688,11.5661],[5.472,11.5646],[5.4813,11.5556],[5.482,11.5525],[5.481,11.5498],[5.4772,11.5457],[5.4758,11.5425],[5.474,11.5423],[5.467,11.5366],[5.4636,11.5373],[5.4505,11.5308],[5.441,11.5339],[5.4398,11.5327],[5.4347,11.5321],[5.4298,11.5344],[5.4271,11.5338],[5.4219,11.5297],[5.4149,11.5308],[5.4119,11.5301],[5.411,11.5263],[5.4091,11.5253],[5.4105,11.5211],[5.4059,11.5131],[5.4055,11.5084],[5.4035,11.5077],[5.4032,11.5038],[5.3993,11.5026],[5.3976,11.5008],[5.3977,11.4971],[5.3999,11.4933],[5.3961,11.4886],[5.3956,11.4858],[5.3929,11.4843],[5.3913,11.4817],[5.3872,11.4803],[5.3831,11.4814],[5.3727,11.4858],[5.3703,11.4854],[5.3701,11.4823],[5.3674,11.4799],[5.3652,11.4749],[5.3644,11.4708],[5.3622,11.4683],[5.3581,11.4677],[5.3542,11.4685],[5.3519,11.4661],[5.3458,11.4717],[5.3398,11.469],[5.335,11.4731],[5.3314,11.4794],[5.325,11.4805],[5.3244,11.4724],[5.3225,11.4666],[5.3226,11.4616],[5.3176,11.455],[5.315,11.454],[5.3157,11.4518],[5.3154,11.4397],[5.3178,11.4392],[5.3181,11.4361],[5.3224,11.4336],[5.3275,11.4353],[5.333,11.4356],[5.3344,11.4378],[5.3418,11.439],[5.3452,11.4423],[5.3535,11.4436],[5.3536,11.4457],[5.3636,11.4472],[5.3675,11.4483],[5.3745,11.453],[5.3794,11.4533],[5.3864,11.452],[5.3879,11.4507],[5.3805,11.4429],[5.381,11.442],[5.389,11.442],[5.3901,11.4395],[5.3934,11.4397],[5.3996,11.4381],[5.4028,11.4389],[5.4026,11.4449],[5.4079,11.4503],[5.4097,11.4545],[5.4148,11.4546],[5.4191,11.4557],[5.421,11.4549],[5.4236,11.4503],[5.4295,11.4508],[5.4319,11.4524],[5.4376,11.453],[5.4427,11.4569],[5.4467,11.462],[5.4513,11.4642],[5.4539,11.4635],[5.4581,11.4644],[5.4636,11.4682],[5.4659,11.4665],[5.4733,11.467],[5.4763,11.4682],[5.4793,11.4669],[5.4815,11.469],[5.4858,11.4698],[5.4905,11.472],[5.4923,11.475],[5.4963,11.4779],[5.4953,11.4799],[5.5001,11.4836],[5.5019,11.4834],[5.5058,11.4883]]]},"properties":{"name":"ZODI","state":"21","code":"21/21/10"}}]}