{"type":"FeatureCollection","features":[{"type":"Feature","geometry":{"type":"Polygon","coordinates":[[[5.0152,13.1876],[5.0093,13.1956],[5.0042,13.1968],[4.9973,13.2001],[4.9884,13.2006],[4.9834,13.2032],[4.9805,13.2058],[4.9789,13.2099],[4.9799,13.2158],[4.9793,13.2209],[4.976,13.2246],[4.9687,13.2241],[4.9638,13.2222],[4.9606,13.2197],[4.9575,13.2136],[4.9549,13.2113],[4.9523,13.2061],[4.9515,13.2024],[4.9494,13.2014],[4.9477,13.1974],[4.943,13.1932],[4.9438,13.1898],[4.9486,13.184],[4.9492,13.18],[4.953,13.1798],[4.9612,13.1726],[4.9636,13.1721],[4.9671,13.1694],[4.9647,13.1647],[4.9659,13.1601],[4.9655,13.1551],[4.9769,13.1508],[4.9798,13.1483],[4.9834,13.1485],[4.989,13.1566],[4.9965,13.1648],[4.9979,13.1677],[5.0033,13.1741],[5.0045,13.1779],[5.0131,13.1845],[5.0152,13.1876]]]},"properties":{"name":"INNAME","state":"33","code":"33/01/01"}},{"type":"Feature","geometry":{"type":"Polygon","coordinates":[[[4.9798,13.1483],[4.9793,13.1452],[4.973,13.1355],[4.9801,13.1284],[4.9836,13.1305],[4.989,13.132],[4.9959,13.1329],[4.9992,13.1299],[5.0114,13.1248],[5.0131,13.1274],[5.0136,13.1311],[5.0163,13.1316],[5.0242,13.141],[5.0272,13.147],[5.0307,13.1458],[5.0383,13.1451],[5.0417,13.1504],[5.0429,13.1542],[5.0478,13.1546],[5.0529,13.158],[5.0601,13.1616],[5.061,13.1642],[5.0635,13.166],[5.0657,13.1697],[5.0696,13.1727],[5.0694,13.1757],[5.0611,13.1781],[5.0511,13.1772],[5.0459,13.1786],[5.0418,13.1777],[5.0338,13.1813],[5.0305,13.1811],[5.0261,13.1831],[5.0227,13.1856],[5.0177,13.1861],[5.0152,13.1876],[5.0131,13.1845],[5.0045,13.1779],[5.0033,13.1741],[4.9979,13.1677],[4.9965,13.1648],[4.989,13.1566],[4.9834,13.1485],[4.9798,13.1483]]]},"properties":{"name":"SAMAMA","state":"33","code":"33/01/02"}},{"type":"Feature","geometry":{"type":"Polygon","coordinates":[[[4.9638,13.2222],[4.9514,13.2241],[4.9407,13.2283],[4.9286,13.2285],[4.9287,13.234],[4.9304,13.2362],[4.9189,13.2444],[4.9184,13.2451],[4.916,13.2446],[4.9105,13.239],[4.9054,13.2365],[4.9017,13.2338],[4.8977,13.2342],[4.8899,13.2426],[4.8875,13.2414],[4.8822,13.235],[4.8795,13.2334],[4.883,13.23],[4.8856,13.2223],[4.8914,13.2214],[4.893,13.2186],[4.8942,13.2113],[4.8982,13.2083],[4.895,13.207],[4.892,13.2039],[4.8881,13.2029],[4.8908,13.1938],[4.9057,13.1905],[4.9097,13.1889],[4.9179,13.1883],[4.9203,13.1891],[4.9233,13.1938],[4.9245,13.1982],[4.9311,13.1979],[4.9319,13.1971],[4.9393,13.1951],[4.943,13.1932],[4.9477,13.1974],[4.9494,13.2014],[4.9515,13.2024],[4.9523,13.2061],[4.9549,13.2113],[4.9575,13.2136],[4.9606,13.2197],[4.9638,13.2222]]]},"properties":{"name":"BINJI","state":"33","code":"33/01/03"}},{"type":"Feature","geometry":{"type":"Polygon","coordinates":[[[4.9184,13.2451],[4.923,13.2485],[4.9303,13.2555],[4.9352,13.2673],[4.9348,13.2691],[4.9274,13.2713],[4.9202,13.2742],[4.9183,13.2737],[4.9109,13.2764],[4.9054,13.2749],[4.9022,13.2786],[4.8974,13.2809],[4.8983,13.2855],[4.8974,13.2933],[4.8952,13.2958],[4.8916,13.2975],[4.8842,13.2954],[4.8851,13.2843],[4.8733,13.2857],[4.8691,13.2858],[4.8678,13.2899],[4.868,13.2936],[4.8625,13.2999],[4.8615,13.3045],[4.862,13.3094],[4.8585,13.3156],[4.8548,13.3194],[4.8511,13.3275],[4.8524,13.3337],[4.8482,13.3324],[4.8447,13.3334],[4.8405,13.33],[4.8353,13.3319],[4.8166,13.334],[4.8125,13.3361],[4.8013,13.3367],[4.7999,13.3377],[4.7935,13.3354],[4.7897,13.3362],[4.7867,13.3328],[4.7794,13.3322],[4.7747,13.3294],[4.7689,13.3276],[4.7645,13.325],[4.7589,13.3253],[4.754,13.3226],[4.7449,13.3141],[4.7384,13.3158],[4.7342,13.3155],[4.728,13.3104],[4.7244,13.3099],[4.7208,13.3114],[4.7094,13.3146],[4.7045,13.3039],[4.7028,13.2973],[4.7033,13.2953],[4.7144,13.2918],[4.7202,13.2917],[4.7251,13.2872],[4.7288,13.2866],[4.7328,13.2839],[4.7367,13.2836],[4.7448,13.2847],[4.7546,13.283],[4.7596,13.2835],[4.7693,13.2814],[4.7721,13.2822],[4.7753,13.2811],[4.7773,13.2823],[4.7827,13.2826],[4.789,13.2814],[4.7975,13.2822],[4.799,13.2813],[4.8037,13.2822],[4.8116,13.2821],[4.8153,13.2805],[4.8279,13.2801],[4.8339,13.2743],[4.8383,13.2622],[4.8423,13.2592],[4.8493,13.2628],[4.856,13.2633],[4.8597,13.2642],[4.868,13.2592],[4.8691,13.2564],[4.8685,13.2517],[4.8667,13.2483],[4.8674,13.2465],[4.8718,13.242],[4.8695,13.2371],[4.8777,13.2328],[4.8795,13.2334],[4.8822,13.235],[4.8875,13.2414],[4.8899,13.2426],[4.8977,13.2342],[4.9017,13.2338],[4.9054,13.2365],[4.9105,13.239],[4.916,13.2446],[4.9184,13.2451]]]},"properties":{"name":"JAMMALI","state":"33","code":"33/01/04"}},{"type":"Feature","geometry":{"type":"Polygon","coordinates":[[[4.9687,13.2241],[4.9672,13.2305],[4.9648,13.2348],[4.9655,13.2362],[4.9642,13.2425],[4.9605,13.2461],[4.952,13.2476],[4.9496,13.251],[4.9464,13.2537],[4.9456,13.261],[4.9445,13.2639],[4.95,13.2738],[4.9632,13.2855],[4.9628,13.2892],[4.9521,13.294],[4.9482,13.2916],[4.9416,13.2923],[4.9371,13.2908],[4.9247,13.302],[4.9224,13.3009],[4.9184,13.3013],[4.9145,13.303],[4.9135,13.3053],[4.907,13.3126],[4.9038,13.3144],[4.893,13.3151],[4.8805,13.3125],[4.8761,13.3103],[4.8727,13.3075],[4.8615,13.3045],[4.8625,13.2999],[4.868,13.2936],[4.8678,13.2899],[4.8691,13.2858],[4.8733,13.2857],[4.8851,13.2843],[4.8842,13.2954],[4.8916,13.2975],[4.8952,13.2958],[4.8974,13.2933],[4.8983,13.2855],[4.8974,13.2809],[4.9022,13.2786],[4.9054,13.2749],[4.9109,13.2764],[4.9183,13.2737],[4.9202,13.2742],[4.9274,13.2713],[4.9348,13.2691],[4.9352,13.2673],[4.9303,13.2555],[4.923,13.2485],[4.9184,13.2451],[4.9189,13.2444],[4.9304,13.2362],[4.9287,13.234],[4.9286,13.2285],[4.9407,13.2283],[4.9514,13.2241],[4.9638,13.2222],[4.9687,13.2241]]]},"properties":{"name":"T/KOSE","state":"33","code":"33/01/05"}},{"type":"Feature","geometry":{"type":"Polygon","coordinates":[[[4.8795,13.2334],[4.8777,13.2328],[4.8695,13.2371],[4.8718,13.242],[4.8674,13.2465],[4.8667,13.2483],[4.8685,13.2517],[4.8691,13.2564],[4.868,13.2592],[4.8597,13.2642],[4.856,13.2633],[4.8493,13.2628],[4.8423,13.2592],[4.8383,13.2622],[4.8339,13.2743],[4.8279,13.2801],[4.8153,13.2805],[4.8116,13.2821],[4.8037,13.2822],[4.799,13.2813],[4.7975,13.2822],[4.789,13.2814],[4.7827,13.2826],[4.7773,13.2823],[4.7753,13.2811],[4.7721,13.2822],[4.7693,13.2814],[4.7596,13.2835],[4.7546,13.283],[4.7448,13.2847],[4.7367,13.2836],[4.7328,13.2839],[4.7288,13.2866],[4.7251,13.2872],[4.7202,13.2917],[4.7144,13.2918],[4.7033,13.2953],[4.6991,13.2848],[4.6995,13.2802],[4.695,13.2713],[4.6933,13.265],[4.6902,13.2601],[4.6866,13.2583],[4.6848,13.2555],[4.6844,13.2509],[4.6911,13.2462],[4.691,13.2375],[4.6954,13.2334],[4.7009,13.2312],[4.7029,13.2283],[4.7006,13.2239],[4.7005,13.2183],[4.704,13.2156],[4.7087,13.205],[4.7132,13.2008],[4.7186,13.194],[4.7241,13.1914],[4.7301,13.1859],[4.7353,13.1819],[4.7372,13.1758],[4.7412,13.1704],[4.7582,13.1753],[4.7661,13.1806],[4.7737,13.185],[4.7828,13.187],[4.7965,13.1881],[4.8054,13.1852],[4.8116,13.1817],[4.818,13.1792],[4.8231,13.1861],[4.8298,13.192],[4.8337,13.1888],[4.8413,13.1848],[4.8477,13.1837],[4.8516,13.1845],[4.8566,13.1842],[4.8613,13.1799],[4.8617,13.1782],[4.8565,13.1753],[4.8573,13.1711],[4.868,13.1706],[4.8734,13.1666],[4.8799,13.1759],[4.8801,13.1815],[4.8791,13.1844],[4.8805,13.1912],[4.8823,13.1929],[4.8868,13.1941],[4.8908,13.1938],[4.8881,13.2029],[4.892,13.2039],[4.895,13.207],[4.8982,13.2083],[4.8942,13.2113],[4.893,13.2186],[4.8914,13.2214],[4.8856,13.2223],[4.883,13.23],[4.8795,13.2334]]]},"properties":{"name":"GAWAZZAI","state":"33","code":"33/01/06"}},{"type":"Feature","geometry":{"type":"Polygon","coordinates":[[[4.943,13.1932],[4.9393,13.1951],[4.9319,13.1971],[4.9311,13.1979],[4.9245,13.1982],[4.9233,13.1938],[4.9203,13.1891],[4.9179,13.1883],[4.9097,13.1889],[4.9057,13.1905],[4.8908,13.1938],[4.8868,13.1941],[4.8823,13.1929],[4.8805,13.1912],[4.8791,13.1844],[4.8801,13.1815],[4.8799,13.1759],[4.8734,13.1666],[4.8721,13.1639],[4.8715,13.1574],[4.8706,13.1553],[4.8662,13.152],[4.8622,13.1515],[4.8581,13.1531],[4.8552,13.1508],[4.8552,13.1456],[4.863,13.1436],[4.8662,13.1399],[4.872,13.14],[4.8778,13.1364],[4.8791,13.1383],[4.8824,13.1383],[4.8868,13.14],[4.89,13.1434],[4.8921,13.1438],[4.8997,13.1475],[4.9048,13.1561],[4.9074,13.1569],[4.9133,13.1568],[4.9149,13.1542],[4.9184,13.1531],[4.9218,13.1492],[4.9276,13.148],[4.9358,13.1486],[4.9395,13.1455],[4.9461,13.1437],[4.9467,13.1411],[4.9445,13.1384],[4.9445,13.1298],[4.9492,13.1293],[4.9543,13.1261],[4.9609,13.125],[4.9625,13.124],[4.9642,13.1259],[4.9658,13.1318],[4.9698,13.1348],[4.973,13.1355],[4.9793,13.1452],[4.9798,13.1483],[4.9769,13.1508],[4.9655,13.1551],[4.9659,13.1601],[4.9647,13.1647],[4.9671,13.1694],[4.9636,13.1721],[4.9612,13.1726],[4.953,13.1798],[4.9492,13.18],[4.9486,13.184],[4.9438,13.1898],[4.943,13.1932]]]},"properties":{"name":"MAIKULKI","state":"33","code":"33/01/07"}},{"type":"Feature","geometry":{"type":"Polygon","coordinates":[[[4.8778,13.1364],[4.878,13.1342],[4.8811,13.1321],[4.8812,13.1274],[4.8839,13.1242],[4.8877,13.1221],[4.8887,13.1187],[4.8822,13.1122],[4.8867,13.1024],[4.8919,13.0961],[4.893,13.0926],[4.8972,13.09],[4.9036,13.0909],[4.9071,13.0927],[4.9087,13.0908],[4.9119,13.0929],[4.9185,13.0929],[4.9203,13.0909],[4.9258,13.0882],[4.9307,13.0829],[4.9356,13.0805],[4.9382,13.0744],[4.9406,13.0724],[4.9435,13.0769],[4.9487,13.0787],[4.9536,13.0829],[4.9626,13.0843],[4.9702,13.0831],[4.9766,13.0905],[4.9746,13.0922],[4.9734,13.0961],[4.9701,13.0991],[4.9636,13.1033],[4.9616,13.1055],[4.9609,13.1104],[4.962,13.1164],[4.9635,13.1199],[4.9625,13.124],[4.9609,13.125],[4.9543,13.1261],[4.9492,13.1293],[4.9445,13.1298],[4.9445,13.1384],[4.9467,13.1411],[4.9461,13.1437],[4.9395,13.1455],[4.9358,13.1486],[4.9276,13.148],[4.9218,13.1492],[4.9184,13.1531],[4.9149,13.1542],[4.9133,13.1568],[4.9074,13.1569],[4.9048,13.1561],[4.8997,13.1475],[4.8921,13.1438],[4.89,13.1434],[4.8868,13.14],[4.8824,13.1383],[4.8791,13.1383],[4.8778,13.1364]]]},"properties":{"name":"BUNKARI","state":"33","code":"33/01/08"}},{"type":"Feature","geometry":{"type":"Polygon","coordinates":[[[4.818,13.1792],[4.8101,13.1698],[4.8075,13.1684],[4.8067,13.1619],[4.8271,13.1629],[4.8317,13.158],[4.8291,13.1561],[4.8286,13.1483],[4.8244,13.1439],[4.8195,13.1477],[4.8155,13.1481],[4.8118,13.1467],[4.8096,13.141],[4.8072,13.1403],[4.8058,13.1374],[4.7987,13.1322],[4.8009,13.1256],[4.7966,13.1243],[4.8066,13.1239],[4.8123,13.1212],[4.813,13.1177],[4.8174,13.1153],[4.8232,13.1197],[4.8319,13.1206],[4.8338,13.1215],[4.8456,13.1217],[4.8482,13.1231],[4.8538,13.1202],[4.8567,13.1171],[4.8646,13.1138],[4.8686,13.1127],[4.8737,13.1175],[4.875,13.1216],[4.8801,13.1242],[4.8839,13.1242],[4.8812,13.1274],[4.8811,13.1321],[4.878,13.1342],[4.8778,13.1364],[4.872,13.14],[4.8662,13.1399],[4.863,13.1436],[4.8552,13.1456],[4.8552,13.1508],[4.8581,13.1531],[4.8622,13.1515],[4.8662,13.152],[4.8706,13.1553],[4.8715,13.1574],[4.8721,13.1639],[4.8734,13.1666],[4.868,13.1706],[4.8573,13.1711],[4.8565,13.1753],[4.8617,13.1782],[4.8613,13.1799],[4.8566,13.1842],[4.8516,13.1845],[4.8477,13.1837],[4.8413,13.1848],[4.8337,13.1888],[4.8298,13.192],[4.8231,13.1861],[4.818,13.1792]]]},"properties":{"name":"SORO GABAS","state":"33","code":"33/01/09"}},{"type":"Feature","geometry":{"type":"Polygon","coordinates":[[[4.7028,13.0727],[4.7038,13.0771],[4.7075,13.0802],[4.7076,13.0835],[4.7131,13.0892],[4.7159,13.0893],[4.7181,13.0921],[4.7236,13.0945],[4.731,13.1011],[4.7351,13.1039],[4.7382,13.1042],[4.7438,13.1072],[4.7484,13.1062],[4.7509,13.1117],[4.7538,13.1147],[4.7599,13.1175],[4.7636,13.1155],[4.7708,13.1167],[4.7729,13.1207],[4.7769,13.1198],[4.7838,13.1199],[4.7874,13.1234],[4.791,13.123],[4.7966,13.1243],[4.8009,13.1256],[4.7987,13.1322],[4.8058,13.1374],[4.8072,13.1403],[4.8096,13.141],[4.8118,13.1467],[4.8155,13.1481],[4.8195,13.1477],[4.8244,13.1439],[4.8286,13.1483],[4.8291,13.1561],[4.8317,13.158],[4.8271,13.1629],[4.8067,13.1619],[4.8075,13.1684],[4.8101,13.1698],[4.818,13.1792],[4.8116,13.1817],[4.8054,13.1852],[4.7965,13.1881],[4.7828,13.187],[4.7737,13.185],[4.7661,13.1806],[4.7582,13.1753],[4.7412,13.1704],[4.7372,13.1758],[4.7353,13.1819],[4.7301,13.1859],[4.7241,13.1914],[4.7186,13.194],[4.7132,13.2008],[4.7087,13.205],[4.704,13.2156],[4.7005,13.2183],[4.7006,13.2239],[4.7029,13.2283],[4.7009,13.2312],[4.6954,13.2334],[4.691,13.2375],[4.6911,13.2462],[4.6844,13.2509],[4.6783,13.2491],[4.6723,13.2486],[4.6673,13.2438],[4.6591,13.2395],[4.6562,13.2349],[4.6517,13.2331],[4.6439,13.2266],[4.6413,13.2277],[4.6387,13.2327],[4.6354,13.2354],[4.6285,13.2335],[4.6272,13.2302],[4.6234,13.228],[4.6223,13.2247],[4.6182,13.2194],[4.6172,13.2148],[4.6153,13.2128],[4.6153,13.2104],[4.6131,13.2064],[4.6137,13.2038],[4.6126,13.1994],[4.6075,13.1996],[4.6053,13.1984],[4.5983,13.1978],[4.5844,13.2004],[4.5822,13.1999],[4.5685,13.2028],[4.5627,13.2048],[4.5561,13.2042],[4.5483,13.2043],[4.5451,13.2053],[4.5409,13.2052],[4.5389,13.2073],[4.5327,13.2062],[4.5297,13.2076],[4.5243,13.2063],[4.5229,13.2023],[4.5173,13.1953],[4.5161,13.1913],[4.5107,13.1873],[4.5101,13.1822],[4.5083,13.1759],[4.5037,13.1717],[4.5026,13.1665],[4.4988,13.1638],[4.4957,13.1603],[4.4975,13.16],[4.513,13.1367],[4.5568,13.1102],[4.623,13.0701],[4.6232,13.0703],[4.683,13.0789],[4.7022,13.0732],[4.7028,13.0727]]]},"properties":{"name":"SORO YAMMA","state":"33","code":"33/01/10"}},{"type":"Feature","geometry":{"type":"Polygon","coordinates":[[[5.159,12.8144],[5.1632,12.8153],[5.1664,12.8181],[5.1721,12.8194],[5.1747,12.8186],[5.1788,12.8199],[5.1789,12.8223],[5.1833,12.8229],[5.182,12.8274],[5.179,12.8305],[5.1773,12.8341],[5.1703,12.8442],[5.1611,12.8485],[5.1591,12.8523],[5.1592,12.856],[5.1561,12.8588],[5.1496,12.8627],[5.144,12.8617],[5.1438,12.8563],[5.1418,12.8547],[5.135,12.8542],[5.1327,12.8488],[5.1356,12.8458],[5.1369,12.8413],[5.1408,12.838],[5.1376,12.8288],[5.1368,12.8266],[5.1427,12.8207],[5.1441,12.8102],[5.147,12.8062],[5.1516,12.8108],[5.159,12.8144]]]},"properties":{"name":"BODINGA/TAUMA","state":"33","code":"33/02/01"}},{"type":"Feature","geometry":{"type":"Polygon","coordinates":[[[5.2398,12.9104],[5.2379,12.9107],[5.2265,12.9087],[5.22,12.9141],[5.2171,12.9148],[5.1886,12.9087],[5.1853,12.9039],[5.183,12.8943],[5.184,12.8877],[5.1855,12.8833],[5.1931,12.8828],[5.1965,12.883],[5.1978,12.8858],[5.2008,12.8857],[5.2058,12.8825],[5.208,12.8824],[5.2156,12.8794],[5.221,12.8806],[5.2235,12.8829],[5.2239,12.8891],[5.226,12.8912],[5.233,12.8928],[5.2331,12.8976],[5.235,12.8986],[5.2385,12.9031],[5.2398,12.9104]]]},"properties":{"name":"BAGARAWA","state":"33","code":"33/02/02"}},{"type":"Feature","geometry":{"type":"Polygon","coordinates":[[[5.159,12.8144],[5.1609,12.8077],[5.1752,12.8042],[5.1765,12.8007],[5.1841,12.7989],[5.1892,12.7997],[5.1889,12.806],[5.1879,12.8095],[5.1883,12.8155],[5.1916,12.8167],[5.1973,12.8133],[5.2031,12.8125],[5.205,12.8166],[5.2085,12.8205],[5.2062,12.8239],[5.2058,12.8288],[5.2045,12.8322],[5.1985,12.8331],[5.1959,12.8324],[5.1987,12.8393],[5.2007,12.846],[5.2002,12.8524],[5.1954,12.8543],[5.1885,12.8601],[5.1856,12.8616],[5.1844,12.867],[5.1771,12.8716],[5.1747,12.8776],[5.1687,12.8821],[5.1691,12.8874],[5.1702,12.8907],[5.1743,12.8938],[5.1689,12.8995],[5.1703,12.9007],[5.1671,12.9039],[5.1647,12.9031],[5.1612,12.9056],[5.1562,12.8994],[5.1578,12.8946],[5.1556,12.8918],[5.1512,12.8919],[5.148,12.889],[5.1437,12.8877],[5.1404,12.8895],[5.1381,12.888],[5.138,12.8826],[5.1342,12.8812],[5.1286,12.8778],[5.1273,12.8747],[5.1233,12.8732],[5.1209,12.8693],[5.1247,12.865],[5.1269,12.8645],[5.1274,12.8617],[5.12,12.8575],[5.1136,12.856],[5.1045,12.8526],[5.0997,12.8475],[5.0965,12.8494],[5.0935,12.8482],[5.09,12.8452],[5.0847,12.8438],[5.0801,12.8451],[5.0762,12.8448],[5.0731,12.8419],[5.067,12.8397],[5.0661,12.8373],[5.0651,12.8338],[5.0618,12.8302],[5.067,12.8215],[5.0668,12.8168],[5.0653,12.8135],[5.0662,12.808],[5.0712,12.8084],[5.0729,12.8097],[5.084,12.8105],[5.0891,12.8139],[5.0937,12.8146],[5.0929,12.8176],[5.0925,12.8249],[5.0943,12.8295],[5.1121,12.8249],[5.1211,12.826],[5.1254,12.8252],[5.1285,12.8268],[5.1376,12.8288],[5.1408,12.838],[5.1369,12.8413],[5.1356,12.8458],[5.1327,12.8488],[5.135,12.8542],[5.1418,12.8547],[5.1438,12.8563],[5.144,12.8617],[5.1496,12.8627],[5.1561,12.8588],[5.1592,12.856],[5.1591,12.8523],[5.1611,12.8485],[5.1703,12.8442],[5.1773,12.8341],[5.179,12.8305],[5.182,12.8274],[5.1833,12.8229],[5.1789,12.8223],[5.1788,12.8199],[5.1747,12.8186],[5.1721,12.8194],[5.1664,12.8181],[5.1632,12.8153],[5.159,12.8144]]]},"properties":{"name":"MAZAN GARI/JIRGA MIYO","state":"33","code":"33/02/03"}},{"type":"Feature","geometry":{"type":"Polygon","coordinates":[[[5.1404,12.8895],[5.139,12.8955],[5.1347,12.896],[5.133,12.8991],[5.1297,12.897],[5.1316,12.8897],[5.1287,12.8885],[5.1255,12.8908],[5.1216,12.8895],[5.1162,12.8906],[5.1114,12.8864],[5.106,12.8884],[5.0999,12.8887],[5.0953,12.8903],[5.0917,12.8927],[5.086,12.8946],[5.086,12.8927],[5.0821,12.8861],[5.0797,12.8835],[5.08,12.8791],[5.0844,12.8747],[5.0886,12.8665],[5.094,12.861],[5.0995,12.8633],[5.1003,12.8595],[5.1025,12.8572],[5.1045,12.8526],[5.1136,12.856],[5.12,12.8575],[5.1274,12.8617],[5.1269,12.8645],[5.1247,12.865],[5.1209,12.8693],[5.1233,12.8732],[5.1273,12.8747],[5.1286,12.8778],[5.1342,12.8812],[5.138,12.8826],[5.1381,12.888],[5.1404,12.8895]]]},"properties":{"name":"SIFAWA/LUKUYAWA","state":"33","code":"33/02/04"}},{"type":"Feature","geometry":{"type":"Polygon","coordinates":[[[5.147,12.8062],[5.1369,12.8021],[5.1307,12.7979],[5.1296,12.7956],[5.1303,12.7918],[5.1341,12.7868],[5.1368,12.7809],[5.1427,12.7739],[5.1464,12.7746],[5.1505,12.7723],[5.1569,12.7695],[5.1657,12.7679],[5.1693,12.7693],[5.174,12.7691],[5.1857,12.766],[5.1887,12.7701],[5.1891,12.7748],[5.1869,12.7791],[5.1847,12.7814],[5.1833,12.7862],[5.1848,12.7923],[5.1871,12.7945],[5.1892,12.7997],[5.1841,12.7989],[5.1765,12.8007],[5.1752,12.8042],[5.1609,12.8077],[5.159,12.8144],[5.1516,12.8108],[5.147,12.8062]]]},"properties":{"name":"BADAU/DARHELA","state":"33","code":"33/02/05"}},{"type":"Feature","geometry":{"type":"Polygon","coordinates":[[[5.139,12.8955],[5.1449,12.9032],[5.1494,12.9031],[5.1528,12.9102],[5.1543,12.9157],[5.1466,12.9225],[5.1452,12.9227],[5.1399,12.9197],[5.1374,12.9202],[5.1334,12.9257],[5.1336,12.9339],[5.1322,12.938],[5.132,12.943],[5.1372,12.9471],[5.1404,12.947],[5.1502,12.9514],[5.1523,12.9604],[5.1535,12.9632],[5.1525,12.9661],[5.1533,12.9685],[5.1509,12.9744],[5.1514,12.9771],[5.1557,12.9856],[5.158,12.9884],[5.1553,12.9905],[5.1524,12.995],[5.1457,12.9947],[5.1424,12.9959],[5.1362,12.9945],[5.133,12.9959],[5.1257,12.996],[5.1223,12.9975],[5.1193,12.9943],[5.1172,12.9887],[5.1174,12.9799],[5.1205,12.9772],[5.1191,12.9696],[5.1167,12.9691],[5.1111,12.9702],[5.1091,12.9693],[5.1,12.9708],[5.0926,12.9546],[5.0865,12.9513],[5.0787,12.951],[5.0732,12.9493],[5.059,12.9461],[5.0518,12.9448],[5.048,12.9398],[5.0442,12.9386],[5.0339,12.9333],[5.0377,12.9305],[5.0458,12.9265],[5.0466,12.923],[5.0509,12.9211],[5.0576,12.9161],[5.0643,12.9138],[5.0778,12.9075],[5.0836,12.904],[5.0864,12.8979],[5.086,12.8946],[5.0917,12.8927],[5.0953,12.8903],[5.0999,12.8887],[5.106,12.8884],[5.1114,12.8864],[5.1162,12.8906],[5.1216,12.8895],[5.1255,12.8908],[5.1287,12.8885],[5.1316,12.8897],[5.1297,12.897],[5.133,12.8991],[5.1347,12.896],[5.139,12.8955]]]},"properties":{"name":"DINGYADI/BADAWA","state":"33","code":"33/02/06"}},{"type":"Feature","geometry":{"type":"Polygon","coordinates":[[[5.1612,12.9056],[5.1651,12.9094],[5.1698,12.9089],[5.1731,12.9122],[5.1787,12.9128],[5.1802,12.917],[5.173,12.9217],[5.1725,12.9244],[5.1743,12.9384],[5.174,12.9437],[5.1773,12.9513],[5.1808,12.9557],[5.1799,12.9575],[5.1793,12.9643],[5.1676,12.9751],[5.1694,12.9793],[5.1675,12.9836],[5.1631,12.9875],[5.158,12.9884],[5.1557,12.9856],[5.1514,12.9771],[5.1509,12.9744],[5.1533,12.9685],[5.1525,12.9661],[5.1535,12.9632],[5.1523,12.9604],[5.1502,12.9514],[5.1404,12.947],[5.1372,12.9471],[5.132,12.943],[5.1322,12.938],[5.1336,12.9339],[5.1334,12.9257],[5.1374,12.9202],[5.1399,12.9197],[5.1452,12.9227],[5.1466,12.9225],[5.1543,12.9157],[5.1528,12.9102],[5.1494,12.9031],[5.1449,12.9032],[5.139,12.8955],[5.1404,12.8895],[5.1437,12.8877],[5.148,12.889],[5.1512,12.8919],[5.1556,12.8918],[5.1578,12.8946],[5.1562,12.8994],[5.1612,12.9056]]]},"properties":{"name":"TULLUWA/KULAFASA","state":"33","code":"33/02/07"}},{"type":"Feature","geometry":{"type":"Polygon","coordinates":[[[5.1892,12.7997],[5.1871,12.7945],[5.1848,12.7923],[5.1833,12.7862],[5.1847,12.7814],[5.1869,12.7791],[5.1891,12.7748],[5.1887,12.7701],[5.1857,12.766],[5.1874,12.7621],[5.1903,12.759],[5.1914,12.7557],[5.1888,12.7528],[5.1977,12.7468],[5.2008,12.7463],[5.211,12.7475],[5.2132,12.746],[5.2172,12.7476],[5.2213,12.7462],[5.2232,12.7487],[5.2273,12.7492],[5.2305,12.7516],[5.236,12.7528],[5.2398,12.7551],[5.2446,12.7566],[5.2482,12.7566],[5.2494,12.7593],[5.2479,12.7696],[5.248,12.7798],[5.2498,12.785],[5.2427,12.7911],[5.2415,12.7945],[5.2364,12.8016],[5.2348,12.8057],[5.2378,12.8061],[5.2469,12.8091],[5.2483,12.8111],[5.254,12.8131],[5.2569,12.8159],[5.2633,12.8184],[5.2658,12.8209],[5.2687,12.827],[5.2598,12.8358],[5.2558,12.8348],[5.2485,12.835],[5.242,12.8337],[5.2365,12.834],[5.2275,12.8385],[5.2254,12.8409],[5.2253,12.8439],[5.2168,12.8418],[5.2133,12.8384],[5.2122,12.835],[5.2065,12.8321],[5.2045,12.8322],[5.2058,12.8288],[5.2062,12.8239],[5.2085,12.8205],[5.205,12.8166],[5.2031,12.8125],[5.1973,12.8133],[5.1916,12.8167],[5.1883,12.8155],[5.1879,12.8095],[5.1889,12.806],[5.1892,12.7997]]]},"properties":{"name":"DANCHADI","state":"33","code":"33/02/08"}},{"type":"Feature","geometry":{"type":"Polygon","coordinates":[[[5.2008,12.7463],[5.197,12.7405],[5.196,12.7342],[5.1935,12.7278],[5.1929,12.7224],[5.1916,12.7193],[5.1955,12.7101],[5.2053,12.6981],[5.2075,12.6938],[5.2075,12.6908],[5.2105,12.6845],[5.2104,12.6799],[5.2116,12.6746],[5.2136,12.6704],[5.2184,12.6657],[5.2137,12.6624],[5.2164,12.6549],[5.2216,12.6507],[5.2254,12.6468],[5.2272,12.6457],[5.2332,12.6447],[5.2378,12.6459],[5.2446,12.6427],[5.2532,12.6404],[5.2559,12.6382],[5.2616,12.6351],[5.268,12.6368],[5.2735,12.6359],[5.2776,12.6311],[5.2808,12.6301],[5.2839,12.6275],[5.2872,12.6268],[5.2978,12.6276],[5.3017,12.6252],[5.3064,12.6259],[5.3158,12.623],[5.3139,12.6206],[5.316,12.6179],[5.3237,12.615],[5.3209,12.6112],[5.329,12.611],[5.3327,12.612],[5.3359,12.6107],[5.3396,12.6117],[5.345,12.6146],[5.3501,12.6192],[5.3518,12.6195],[5.3603,12.6288],[5.366,12.6318],[5.3661,12.6395],[5.3632,12.645],[5.3629,12.6508],[5.3638,12.6553],[5.3634,12.6614],[5.366,12.6632],[5.371,12.6712],[5.3756,12.6739],[5.3805,12.6813],[5.382,12.6822],[5.3839,12.6873],[5.386,12.6899],[5.3862,12.6947],[5.3874,12.6992],[5.3906,12.7035],[5.3866,12.7105],[5.3838,12.7118],[5.3771,12.7176],[5.3751,12.7182],[5.3671,12.7276],[5.3646,12.7317],[5.3627,12.7366],[5.359,12.7419],[5.3492,12.7536],[5.3501,12.7583],[5.3495,12.7609],[5.3507,12.7667],[5.3466,12.7666],[5.3409,12.7712],[5.3374,12.7727],[5.3244,12.7676],[5.3189,12.7701],[5.3166,12.7722],[5.3171,12.7756],[5.3164,12.781],[5.3084,12.7831],[5.3035,12.7864],[5.2952,12.7895],[5.2919,12.7937],[5.2888,12.8012],[5.2854,12.8024],[5.2835,12.8091],[5.28,12.8146],[5.2788,12.8181],[5.2761,12.8214],[5.2711,12.8234],[5.2687,12.827],[5.2658,12.8209],[5.2633,12.8184],[5.2569,12.8159],[5.254,12.8131],[5.2483,12.8111],[5.2469,12.8091],[5.2378,12.8061],[5.2348,12.8057],[5.2364,12.8016],[5.2415,12.7945],[5.2427,12.7911],[5.2498,12.785],[5.248,12.7798],[5.2479,12.7696],[5.2494,12.7593],[5.2482,12.7566],[5.2446,12.7566],[5.2398,12.7551],[5.236,12.7528],[5.2305,12.7516],[5.2273,12.7492],[5.2232,12.7487],[5.2213,12.7462],[5.2172,12.7476],[5.2132,12.746],[5.211,12.7475],[5.2008,12.7463]]]},"properties":{"name":"BANGI/DABAGA","state":"33","code":"33/02/09"}},{"type":"Feature","geometry":{"type":"Polygon","coordinates":[[[5.1931,12.8828],[5.1928,12.88],[5.198,12.8679],[5.1885,12.8601],[5.1954,12.8543],[5.2002,12.8524],[5.2007,12.846],[5.1987,12.8393],[5.1959,12.8324],[5.1985,12.8331],[5.2045,12.8322],[5.2065,12.8321],[5.2122,12.835],[5.2133,12.8384],[5.2168,12.8418],[5.2253,12.8439],[5.2254,12.8409],[5.2275,12.8385],[5.2365,12.834],[5.242,12.8337],[5.2485,12.835],[5.2558,12.8348],[5.2598,12.8358],[5.259,12.8394],[5.2563,12.8461],[5.2519,12.8522],[5.2545,12.8562],[5.2553,12.8657],[5.2549,12.8681],[5.2513,12.8712],[5.2537,12.875],[5.2562,12.875],[5.258,12.8775],[5.2558,12.8814],[5.2509,12.8815],[5.2476,12.8845],[5.2473,12.8895],[5.2445,12.8953],[5.2457,12.9],[5.2475,12.9035],[5.2466,12.9111],[5.2419,12.9129],[5.2398,12.9104],[5.2385,12.9031],[5.235,12.8986],[5.2331,12.8976],[5.233,12.8928],[5.226,12.8912],[5.2239,12.8891],[5.2235,12.8829],[5.221,12.8806],[5.2156,12.8794],[5.208,12.8824],[5.2058,12.8825],[5.2008,12.8857],[5.1978,12.8858],[5.1965,12.883],[5.1931,12.8828]]]},"properties":{"name":"KWACCIYAR LALLE","state":"33","code":"33/02/10"}},{"type":"Feature","geometry":{"type":"Polygon","coordinates":[[[5.2398,12.9104],[5.2419,12.9129],[5.2384,12.9194],[5.2403,12.9277],[5.2364,12.9336],[5.235,12.9319],[5.2284,12.9322],[5.2255,12.9333],[5.2236,12.9428],[5.2208,12.9444],[5.2153,12.9458],[5.2107,12.9454],[5.2082,12.9468],[5.2026,12.9495],[5.1949,12.9487],[5.1877,12.9499],[5.1808,12.9557],[5.1773,12.9513],[5.174,12.9437],[5.1743,12.9384],[5.1725,12.9244],[5.173,12.9217],[5.1802,12.917],[5.1787,12.9128],[5.1731,12.9122],[5.1698,12.9089],[5.1651,12.9094],[5.1612,12.9056],[5.1647,12.9031],[5.1671,12.9039],[5.1703,12.9007],[5.1689,12.8995],[5.1743,12.8938],[5.1702,12.8907],[5.1691,12.8874],[5.1687,12.8821],[5.1747,12.8776],[5.1771,12.8716],[5.1844,12.867],[5.1856,12.8616],[5.1885,12.8601],[5.198,12.8679],[5.1928,12.88],[5.1931,12.8828],[5.1855,12.8833],[5.184,12.8877],[5.183,12.8943],[5.1853,12.9039],[5.1886,12.9087],[5.2171,12.9148],[5.22,12.9141],[5.2265,12.9087],[5.2379,12.9107],[5.2398,12.9104]]]},"properties":{"name":"TAKATUKU/MADORAWA","state":"33","code":"33/02/11"}},{"type":"Feature","geometry":{"type":"Polygon","coordinates":[[[5.3649,12.8653],[5.3604,12.8643],[5.353,12.8645],[5.3434,12.8627],[5.3424,12.8639],[5.3328,12.8623],[5.331,12.8649],[5.3265,12.8675],[5.3201,12.8697],[5.3182,12.8715],[5.313,12.8739],[5.3103,12.8714],[5.3044,12.8683],[5.3014,12.863],[5.3009,12.8596],[5.299,12.8583],[5.3001,12.8557],[5.2987,12.8504],[5.3009,12.846],[5.2995,12.843],[5.2995,12.8379],[5.3006,12.8341],[5.2986,12.8308],[5.2968,12.8245],[5.2934,12.8193],[5.302,12.8188],[5.3044,12.8199],[5.306,12.8238],[5.3056,12.8266],[5.3104,12.8301],[5.3138,12.8294],[5.3193,12.8323],[5.3242,12.8287],[5.3316,12.8267],[5.3376,12.8272],[5.3411,12.8288],[5.344,12.828],[5.3491,12.8301],[5.352,12.8299],[5.3544,12.8381],[5.3548,12.8423],[5.3612,12.8467],[5.3616,12.8549],[5.3609,12.858],[5.3619,12.8605],[5.3659,12.8642],[5.3649,12.8653]]]},"properties":{"name":"DANGE","state":"33","code":"33/03/01"}},{"type":"Feature","geometry":{"type":"Polygon","coordinates":[[[5.3659,12.8642],[5.3675,12.8624],[5.3746,12.8631],[5.3884,12.8547],[5.3878,12.85],[5.3895,12.8471],[5.3945,12.8474],[5.3974,12.8458],[5.3999,12.8461],[5.4047,12.8426],[5.4124,12.8408],[5.4182,12.8338],[5.4247,12.8336],[5.4318,12.8293],[5.4375,12.828],[5.4424,12.8245],[5.4409,12.8194],[5.4361,12.812],[5.4293,12.8037],[5.431,12.7984],[5.4378,12.7905],[5.443,12.7875],[5.4508,12.7869],[5.4555,12.7925],[5.4562,12.7951],[5.4669,12.7908],[5.4794,12.7885],[5.4869,12.7879],[5.4906,12.7884],[5.4962,12.7858],[5.5035,12.7847],[5.5055,12.7825],[5.5175,12.7805],[5.5239,12.78],[5.5284,12.7761],[5.5354,12.7752],[5.5445,12.773],[5.5524,12.7726],[5.5582,12.77],[5.5666,12.7672],[5.5709,12.7651],[5.5767,12.7634],[5.5821,12.7626],[5.5805,12.7593],[5.5843,12.7574],[5.5867,12.7513],[5.5868,12.7491],[5.582,12.7466],[5.5802,12.7472],[5.5771,12.7434],[5.5806,12.7375],[5.579,12.7355],[5.5817,12.7317],[5.5821,12.7291],[5.5765,12.719],[5.5759,12.7127],[5.5777,12.7076],[5.5801,12.7055],[5.5784,12.7028],[5.575,12.6925],[5.5748,12.6903],[5.577,12.6794],[5.5848,12.6802],[5.589,12.6787],[5.5895,12.6754],[5.5937,12.6699],[5.598,12.6726],[5.6009,12.6718],[5.6087,12.6774],[5.6123,12.6793],[5.6176,12.6808],[5.6217,12.687],[5.6264,12.6896],[5.6317,12.6897],[5.6415,12.6952],[5.6485,12.6942],[5.6507,12.6929],[5.653,12.6909],[5.6578,12.6905],[5.6641,12.691],[5.6693,12.6929],[5.6709,12.6958],[5.6739,12.6976],[5.675,12.7016],[5.6783,12.7028],[5.6841,12.6994],[5.6903,12.7012],[5.6863,12.7139],[5.6745,12.7348],[5.6493,12.7689],[5.6204,12.7871],[5.5882,12.8041],[5.6119,12.8416],[5.6044,12.8453],[5.589,12.849],[5.5739,12.8549],[5.5466,12.8646],[5.5421,12.867],[5.5383,12.8663],[5.5321,12.8688],[5.5276,12.872],[5.5182,12.8734],[5.5161,12.8743],[5.5148,12.8778],[5.5123,12.8779],[5.5099,12.8803],[5.5041,12.8823],[5.5027,12.8807],[5.4942,12.8807],[5.4903,12.8862],[5.4854,12.8894],[5.4789,12.8957],[5.4738,12.8987],[5.4625,12.9043],[5.4593,12.9069],[5.4508,12.905],[5.4478,12.9051],[5.4472,12.9011],[5.4444,12.894],[5.4353,12.8969],[5.4313,12.897],[5.4257,12.8991],[5.4232,12.9033],[5.4197,12.8993],[5.4109,12.8999],[5.4057,12.8961],[5.4006,12.8969],[5.3996,12.8987],[5.3949,12.8996],[5.3932,12.8971],[5.3908,12.8899],[5.3915,12.8856],[5.3825,12.889],[5.3778,12.8928],[5.3742,12.8944],[5.3683,12.8988],[5.361,12.8998],[5.3597,12.8921],[5.362,12.8901],[5.3661,12.8836],[5.3661,12.8762],[5.3643,12.8705],[5.3649,12.8653],[5.3659,12.8642]]]},"properties":{"name":"WABABE/SALAU","state":"33","code":"33/03/02"}},{"type":"Feature","geometry":{"type":"Polygon","coordinates":[[[5.3906,12.7035],[5.3927,12.7033],[5.3981,12.7052],[5.4076,12.7141],[5.4071,12.7194],[5.4098,12.7259],[5.4126,12.7285],[5.4138,12.7331],[5.4181,12.7396],[5.4203,12.7482],[5.4225,12.7518],[5.4237,12.7583],[5.4235,12.7647],[5.4144,12.7738],[5.4118,12.7731],[5.407,12.7749],[5.4029,12.7781],[5.3993,12.7781],[5.3957,12.7804],[5.3879,12.7772],[5.3844,12.7781],[5.3845,12.7882],[5.3823,12.7931],[5.382,12.802],[5.3754,12.8064],[5.3762,12.8102],[5.3756,12.8139],[5.3729,12.8157],[5.3664,12.8148],[5.36,12.8196],[5.3591,12.8215],[5.3542,12.8266],[5.352,12.8299],[5.3491,12.8301],[5.344,12.828],[5.3411,12.8288],[5.3376,12.8272],[5.3316,12.8267],[5.3242,12.8287],[5.3193,12.8323],[5.3138,12.8294],[5.3104,12.8301],[5.3056,12.8266],[5.306,12.8238],[5.3044,12.8199],[5.302,12.8188],[5.2934,12.8193],[5.2843,12.817],[5.2788,12.8181],[5.28,12.8146],[5.2835,12.8091],[5.2854,12.8024],[5.2888,12.8012],[5.2919,12.7937],[5.2952,12.7895],[5.3035,12.7864],[5.3084,12.7831],[5.3164,12.781],[5.3171,12.7756],[5.3166,12.7722],[5.3189,12.7701],[5.3244,12.7676],[5.3374,12.7727],[5.3409,12.7712],[5.3466,12.7666],[5.3507,12.7667],[5.3495,12.7609],[5.3501,12.7583],[5.3492,12.7536],[5.359,12.7419],[5.3627,12.7366],[5.3646,12.7317],[5.3671,12.7276],[5.3751,12.7182],[5.3771,12.7176],[5.3838,12.7118],[5.3866,12.7105],[5.3906,12.7035]]]},"properties":{"name":"BODAI/JURGA","state":"33","code":"33/03/03"}},{"type":"Feature","geometry":{"type":"Polygon","coordinates":[[[5.366,12.6318],[5.3683,12.6308],[5.3714,12.6272],[5.3762,12.6255],[5.378,12.6236],[5.3823,12.6241],[5.3881,12.6225],[5.3922,12.6231],[5.3991,12.6224],[5.402,12.621],[5.4091,12.6238],[5.4186,12.6231],[5.4255,12.6256],[5.4278,12.6244],[5.432,12.6273],[5.4382,12.6257],[5.4446,12.6259],[5.4486,12.6234],[5.4535,12.6242],[5.4616,12.6218],[5.4651,12.6238],[5.4706,12.6246],[5.4792,12.63],[5.4857,12.6292],[5.4938,12.6332],[5.4917,12.6386],[5.4893,12.6404],[5.4906,12.6433],[5.4894,12.6471],[5.4838,12.6493],[5.4827,12.6511],[5.4831,12.6565],[5.4886,12.6617],[5.4931,12.6647],[5.4928,12.6688],[5.4946,12.6699],[5.4969,12.6779],[5.4941,12.6837],[5.4953,12.6902],[5.488,12.6969],[5.4797,12.7023],[5.4799,12.706],[5.4791,12.7123],[5.4823,12.7153],[5.4873,12.7153],[5.4899,12.7086],[5.4937,12.7078],[5.4957,12.7108],[5.4945,12.7158],[5.4981,12.7196],[5.5074,12.7254],[5.51,12.7256],[5.5103,12.7315],[5.5134,12.7367],[5.5157,12.7445],[5.5198,12.7497],[5.5205,12.7544],[5.5237,12.7566],[5.526,12.7667],[5.5286,12.7724],[5.5284,12.7761],[5.5239,12.78],[5.5175,12.7805],[5.5055,12.7825],[5.5035,12.7847],[5.4962,12.7858],[5.4906,12.7884],[5.4869,12.7879],[5.4794,12.7885],[5.4669,12.7908],[5.4562,12.7951],[5.4555,12.7925],[5.4508,12.7869],[5.443,12.7875],[5.4378,12.7905],[5.431,12.7984],[5.4293,12.8037],[5.4361,12.812],[5.4409,12.8194],[5.4424,12.8245],[5.4375,12.828],[5.4318,12.8293],[5.4247,12.8336],[5.4182,12.8338],[5.4124,12.8408],[5.4047,12.8426],[5.3999,12.8461],[5.3974,12.8458],[5.3945,12.8474],[5.3895,12.8471],[5.3878,12.85],[5.3884,12.8547],[5.3746,12.8631],[5.3675,12.8624],[5.3659,12.8642],[5.3619,12.8605],[5.3609,12.858],[5.3616,12.8549],[5.3612,12.8467],[5.3548,12.8423],[5.3544,12.8381],[5.352,12.8299],[5.3542,12.8266],[5.3591,12.8215],[5.36,12.8196],[5.3664,12.8148],[5.3729,12.8157],[5.3756,12.8139],[5.3762,12.8102],[5.3754,12.8064],[5.382,12.802],[5.3823,12.7931],[5.3845,12.7882],[5.3844,12.7781],[5.3879,12.7772],[5.3957,12.7804],[5.3993,12.7781],[5.4029,12.7781],[5.407,12.7749],[5.4118,12.7731],[5.4144,12.7738],[5.4235,12.7647],[5.4237,12.7583],[5.4225,12.7518],[5.4203,12.7482],[5.4181,12.7396],[5.4138,12.7331],[5.4126,12.7285],[5.4098,12.7259],[5.4071,12.7194],[5.4076,12.7141],[5.3981,12.7052],[5.3927,12.7033],[5.3906,12.7035],[5.3874,12.6992],[5.3862,12.6947],[5.386,12.6899],[5.3839,12.6873],[5.382,12.6822],[5.3805,12.6813],[5.3756,12.6739],[5.371,12.6712],[5.366,12.6632],[5.3634,12.6614],[5.3638,12.6553],[5.3629,12.6508],[5.3632,12.645],[5.3661,12.6395],[5.366,12.6318]]]},"properties":{"name":"FAJALDU","state":"33","code":"33/03/04"}},{"type":"Feature","geometry":{"type":"Polygon","coordinates":[[[5.2558,12.8814],[5.2613,12.8824],[5.2636,12.8874],[5.2662,12.8885],[5.2697,12.8917],[5.2711,12.8967],[5.2768,12.9018],[5.2776,12.9053],[5.2825,12.9046],[5.2883,12.9062],[5.2927,12.9053],[5.2937,12.9134],[5.3032,12.9233],[5.3013,12.9312],[5.3033,12.9371],[5.3006,12.9396],[5.3006,12.9445],[5.2975,12.9505],[5.2962,12.9513],[5.2937,12.9528],[5.2924,12.9573],[5.2937,12.963],[5.2931,12.9648],[5.2876,12.9641],[5.2824,12.9653],[5.2813,12.9649],[5.278,12.9551],[5.275,12.9544],[5.2688,12.9507],[5.2666,12.951],[5.2633,12.9467],[5.2641,12.9438],[5.2604,12.9341],[5.2561,12.932],[5.2446,12.9284],[5.2403,12.9277],[5.2384,12.9194],[5.2419,12.9129],[5.2466,12.9111],[5.2475,12.9035],[5.2457,12.9],[5.2445,12.8953],[5.2473,12.8895],[5.2476,12.8845],[5.2509,12.8815],[5.2558,12.8814]]]},"properties":{"name":"SHUNI","state":"33","code":"33/03/05"}},{"type":"Feature","geometry":{"type":"Polygon","coordinates":[[[5.2687,12.827],[5.2711,12.8234],[5.2761,12.8214],[5.2788,12.8181],[5.2843,12.817],[5.2934,12.8193],[5.2968,12.8245],[5.2986,12.8308],[5.3006,12.8341],[5.2995,12.8379],[5.2995,12.843],[5.3009,12.846],[5.2987,12.8504],[5.3001,12.8557],[5.299,12.8583],[5.3009,12.8596],[5.3014,12.863],[5.3044,12.8683],[5.3103,12.8714],[5.313,12.8739],[5.3129,12.8761],[5.3159,12.8798],[5.318,12.888],[5.3262,12.8945],[5.3276,12.897],[5.3262,12.9005],[5.324,12.9018],[5.327,12.905],[5.3264,12.9075],[5.3195,12.9113],[5.3193,12.9161],[5.3217,12.9222],[5.3239,12.9249],[5.3289,12.9268],[5.3312,12.9292],[5.3339,12.9329],[5.3341,12.9372],[5.3355,12.9404],[5.332,12.9425],[5.3312,12.9446],[5.3321,12.9489],[5.3338,12.9518],[5.3319,12.9555],[5.3275,12.9563],[5.3195,12.9588],[5.3145,12.9569],[5.3083,12.9565],[5.3054,12.9583],[5.3012,12.9565],[5.2962,12.9513],[5.2975,12.9505],[5.3006,12.9445],[5.3006,12.9396],[5.3033,12.9371],[5.3013,12.9312],[5.3032,12.9233],[5.2937,12.9134],[5.2927,12.9053],[5.2883,12.9062],[5.2825,12.9046],[5.2776,12.9053],[5.2768,12.9018],[5.2711,12.8967],[5.2697,12.8917],[5.2662,12.8885],[5.2636,12.8874],[5.2613,12.8824],[5.2558,12.8814],[5.258,12.8775],[5.2562,12.875],[5.2537,12.875],[5.2513,12.8712],[5.2549,12.8681],[5.2553,12.8657],[5.2545,12.8562],[5.2519,12.8522],[5.2563,12.8461],[5.259,12.8394],[5.2598,12.8358],[5.2687,12.827]]]},"properties":{"name":"RUDU/AMANAWA","state":"33","code":"33/03/06"}},{"type":"Feature","geometry":{"type":"Polygon","coordinates":[[[5.3649,12.8653],[5.3643,12.8705],[5.3661,12.8762],[5.3661,12.8836],[5.362,12.8901],[5.3597,12.8921],[5.361,12.8998],[5.3556,12.9095],[5.3469,12.912],[5.3448,12.9143],[5.3431,12.9203],[5.3439,12.925],[5.3415,12.9291],[5.3373,12.9283],[5.3312,12.9292],[5.3289,12.9268],[5.3239,12.9249],[5.3217,12.9222],[5.3193,12.9161],[5.3195,12.9113],[5.3264,12.9075],[5.327,12.905],[5.324,12.9018],[5.3262,12.9005],[5.3276,12.897],[5.3262,12.8945],[5.318,12.888],[5.3159,12.8798],[5.3129,12.8761],[5.313,12.8739],[5.3182,12.8715],[5.3201,12.8697],[5.3265,12.8675],[5.331,12.8649],[5.3328,12.8623],[5.3424,12.8639],[5.3434,12.8627],[5.353,12.8645],[5.3604,12.8643],[5.3649,12.8653]]]},"properties":{"name":"TSAFANADE","state":"33","code":"33/03/07"}},{"type":"Feature","geometry":{"type":"Polygon","coordinates":[[[5.2403,12.9277],[5.2446,12.9284],[5.2561,12.932],[5.2604,12.9341],[5.2641,12.9438],[5.2633,12.9467],[5.2666,12.951],[5.2688,12.9507],[5.275,12.9544],[5.278,12.9551],[5.2813,12.9649],[5.2824,12.9653],[5.2845,12.971],[5.2822,12.9728],[5.2836,12.9751],[5.2817,12.9772],[5.2825,12.984],[5.2816,12.99],[5.2798,12.9923],[5.2788,12.9961],[5.2841,12.9977],[5.2932,12.9992],[5.2932,13.0017],[5.2905,13.004],[5.2844,13.0034],[5.2831,13.0042],[5.2748,13.0041],[5.269,13.0068],[5.2601,13.0091],[5.2513,13.0056],[5.2475,13.0137],[5.2343,12.9961],[5.2312,12.996],[5.2288,12.9931],[5.2265,12.9932],[5.217,12.9856],[5.217,12.983],[5.2192,12.9797],[5.22,12.974],[5.2165,12.9664],[5.2155,12.9604],[5.2172,12.9542],[5.2132,12.9486],[5.2082,12.9468],[5.2107,12.9454],[5.2153,12.9458],[5.2208,12.9444],[5.2236,12.9428],[5.2255,12.9333],[5.2284,12.9322],[5.235,12.9319],[5.2364,12.9336],[5.2403,12.9277]]]},"properties":{"name":"TUNTUBE/TSEHE","state":"33","code":"33/03/08"}},{"type":"Feature","geometry":{"type":"Polygon","coordinates":[[[5.5421,12.867],[5.5443,12.8696],[5.5452,12.8845],[5.5472,12.8852],[5.5466,12.893],[5.5479,12.9012],[5.547,12.9036],[5.5489,12.9057],[5.5489,12.9155],[5.547,12.9192],[5.5467,12.9224],[5.535,12.9317],[5.5339,12.9382],[5.5289,12.9463],[5.5257,12.9555],[5.5209,12.96],[5.512,12.964],[5.5086,12.9637],[5.4992,12.9664],[5.4914,12.972],[5.4866,12.9748],[5.4843,12.9748],[5.4785,12.9725],[5.4729,12.9716],[5.4606,12.963],[5.4506,12.9631],[5.4426,12.9654],[5.4385,12.9658],[5.4369,12.9675],[5.4351,12.9749],[5.4327,12.9794],[5.4271,12.9808],[5.4188,12.9793],[5.4144,12.98],[5.4094,12.9856],[5.4082,12.9884],[5.4018,12.9937],[5.4017,12.9956],[5.3982,12.9971],[5.3928,12.9943],[5.3921,12.9956],[5.3877,12.9942],[5.3893,12.9909],[5.3879,12.9887],[5.3778,12.9842],[5.3762,12.9819],[5.3756,12.9765],[5.3685,12.973],[5.3637,12.973],[5.3575,12.9746],[5.3547,12.9719],[5.3521,12.9732],[5.349,12.972],[5.3488,12.9669],[5.3509,12.9605],[5.3506,12.9554],[5.3515,12.954],[5.3497,12.9495],[5.3485,12.9439],[5.3519,12.9416],[5.3557,12.9403],[5.3622,12.941],[5.3649,12.9422],[5.3683,12.941],[5.3741,12.9484],[5.3772,12.9458],[5.3827,12.9464],[5.3895,12.9499],[5.3951,12.9521],[5.3995,12.9519],[5.4011,12.9475],[5.4047,12.9409],[5.4038,12.9396],[5.4034,12.9292],[5.3988,12.9262],[5.3958,12.9258],[5.3924,12.9235],[5.3915,12.9163],[5.395,12.907],[5.3949,12.8996],[5.3996,12.8987],[5.4006,12.8969],[5.4057,12.8961],[5.4109,12.8999],[5.4197,12.8993],[5.4232,12.9033],[5.4257,12.8991],[5.4313,12.897],[5.4353,12.8969],[5.4444,12.894],[5.4472,12.9011],[5.4478,12.9051],[5.4508,12.905],[5.4593,12.9069],[5.4625,12.9043],[5.4738,12.8987],[5.4789,12.8957],[5.4854,12.8894],[5.4903,12.8862],[5.4942,12.8807],[5.5027,12.8807],[5.5041,12.8823],[5.5099,12.8803],[5.5123,12.8779],[5.5148,12.8778],[5.5161,12.8743],[5.5182,12.8734],[5.5276,12.872],[5.5321,12.8688],[5.5383,12.8663],[5.5421,12.867]]]},"properties":{"name":"GIERE/GAJARA","state":"33","code":"33/03/09"}},{"type":"Feature","geometry":{"type":"Polygon","coordinates":[[[5.2937,12.963],[5.2976,12.9649],[5.3002,12.9676],[5.2996,12.972],[5.3007,12.9754],[5.3037,12.9765],[5.3025,12.9867],[5.2985,12.9934],[5.3009,12.9982],[5.3003,12.9994],[5.3047,13.0027],[5.3067,13.0029],[5.3104,13.0067],[5.3109,13.0119],[5.3068,13.0161],[5.3068,13.0231],[5.3048,13.0254],[5.2993,13.0252],[5.2925,13.0272],[5.2854,13.0298],[5.2802,13.0262],[5.2787,13.0226],[5.2784,13.0183],[5.2737,13.0164],[5.2651,13.0188],[5.2638,13.0138],[5.2601,13.0091],[5.269,13.0068],[5.2748,13.0041],[5.2831,13.0042],[5.2844,13.0034],[5.2905,13.004],[5.2932,13.0017],[5.2932,12.9992],[5.2841,12.9977],[5.2788,12.9961],[5.2798,12.9923],[5.2816,12.99],[5.2825,12.984],[5.2817,12.9772],[5.2836,12.9751],[5.2822,12.9728],[5.2845,12.971],[5.2824,12.9653],[5.2876,12.9641],[5.2931,12.9648],[5.2937,12.963]]]},"properties":{"name":"RIKINA","state":"33","code":"33/03/10"}},{"type":"Feature","geometry":{"type":"Polygon","coordinates":[[[5.3949,12.8996],[5.395,12.907],[5.3915,12.9163],[5.3924,12.9235],[5.3958,12.9258],[5.3988,12.9262],[5.4034,12.9292],[5.4038,12.9396],[5.4047,12.9409],[5.4011,12.9475],[5.3995,12.9519],[5.3951,12.9521],[5.3895,12.9499],[5.3827,12.9464],[5.3772,12.9458],[5.3741,12.9484],[5.3683,12.941],[5.3649,12.9422],[5.3622,12.941],[5.3557,12.9403],[5.3519,12.9416],[5.3485,12.9439],[5.3497,12.9495],[5.3515,12.954],[5.3506,12.9554],[5.3509,12.9605],[5.3488,12.9669],[5.349,12.972],[5.3495,12.9752],[5.3463,12.9784],[5.3449,12.9832],[5.3417,12.9891],[5.3383,12.99],[5.3351,12.9937],[5.3287,12.9957],[5.3233,12.995],[5.3229,12.9979],[5.3204,13.0001],[5.3184,13.0036],[5.3123,13.0042],[5.3104,13.0067],[5.3067,13.0029],[5.3047,13.0027],[5.3003,12.9994],[5.3009,12.9982],[5.2985,12.9934],[5.3025,12.9867],[5.3037,12.9765],[5.3007,12.9754],[5.2996,12.972],[5.3002,12.9676],[5.2976,12.9649],[5.2937,12.963],[5.2924,12.9573],[5.2937,12.9528],[5.2962,12.9513],[5.3012,12.9565],[5.3054,12.9583],[5.3083,12.9565],[5.3145,12.9569],[5.3195,12.9588],[5.3275,12.9563],[5.3319,12.9555],[5.3338,12.9518],[5.3321,12.9489],[5.3312,12.9446],[5.332,12.9425],[5.3355,12.9404],[5.3341,12.9372],[5.3339,12.9329],[5.3312,12.9292],[5.3373,12.9283],[5.3415,12.9291],[5.3439,12.925],[5.3431,12.9203],[5.3448,12.9143],[5.3469,12.912],[5.3556,12.9095],[5.361,12.8998],[5.3683,12.8988],[5.3742,12.8944],[5.3778,12.8928],[5.3825,12.889],[5.3915,12.8856],[5.3908,12.8899],[5.3932,12.8971],[5.3949,12.8996]]]},"properties":{"name":"RUGGAR GIDADO","state":"33","code":"33/03/11"}},{"type":"Feature","geometry":{"type":"Polygon","coordinates":[[[5.7155,13.8067],[5.7037,13.8115],[5.6342,13.8355],[5.632,13.8321],[5.624,13.8286],[5.6203,13.8266],[5.6151,13.8207],[5.6105,13.8166],[5.6068,13.8146],[5.5959,13.8046],[5.5942,13.8017],[5.5976,13.7955],[5.6043,13.7912],[5.6057,13.7873],[5.6115,13.7784],[5.6149,13.7761],[5.6142,13.7709],[5.6116,13.7595],[5.6119,13.7506],[5.6114,13.7469],[5.6054,13.7377],[5.6067,13.7332],[5.6066,13.7279],[5.6082,13.7246],[5.6137,13.7271],[5.6196,13.7283],[5.6266,13.7283],[5.6313,13.731],[5.6388,13.738],[5.6453,13.7379],[5.6479,13.7362],[5.6515,13.7301],[5.66,13.7272],[5.6621,13.7274],[5.6677,13.7247],[5.6743,13.7236],[5.6776,13.7205],[5.6809,13.7185],[5.6872,13.7201],[5.6974,13.7182],[5.7046,13.7186],[5.705,13.7218],[5.701,13.726],[5.6958,13.7357],[5.6951,13.7425],[5.6896,13.7446],[5.6842,13.7479],[5.6806,13.7494],[5.6764,13.7524],[5.6744,13.755],[5.6707,13.7625],[5.6671,13.7657],[5.6643,13.7658],[5.6611,13.7701],[5.6609,13.7772],[5.6587,13.7822],[5.6604,13.7867],[5.6627,13.7889],[5.6672,13.7905],[5.6715,13.7907],[5.674,13.7889],[5.681,13.7869],[5.6859,13.7863],[5.692,13.7911],[5.706,13.7904],[5.7078,13.7915],[5.7078,13.7951],[5.7105,13.7971],[5.7101,13.7998],[5.7128,13.8024],[5.7155,13.8067]]]},"properties":{"name":"GADA","state":"33","code":"33/04/01"}},{"type":"Feature","geometry":{"type":"Polygon","coordinates":[[[5.7796,13.6575],[5.7776,13.6548],[5.7784,13.6514],[5.7738,13.6463],[5.7695,13.647],[5.7657,13.6415],[5.7618,13.6374],[5.7563,13.6342],[5.7537,13.6312],[5.7541,13.6296],[5.752,13.6225],[5.7457,13.6245],[5.7431,13.6262],[5.7387,13.6267],[5.7323,13.6311],[5.7246,13.6325],[5.7228,13.6378],[5.7231,13.6422],[5.722,13.6466],[5.7171,13.6561],[5.7108,13.6627],[5.705,13.6627],[5.7017,13.6592],[5.7004,13.6535],[5.7026,13.6477],[5.7032,13.6416],[5.6992,13.6373],[5.6938,13.6377],[5.6902,13.6342],[5.6852,13.632],[5.6854,13.6241],[5.6837,13.623],[5.6764,13.6144],[5.6762,13.6085],[5.6798,13.6027],[5.6866,13.6033],[5.6966,13.6058],[5.6994,13.6053],[5.6996,13.6023],[5.7024,13.6003],[5.7026,13.5974],[5.6993,13.5949],[5.6979,13.592],[5.6949,13.5915],[5.6889,13.5865],[5.6852,13.5817],[5.6833,13.5813],[5.6792,13.5777],[5.677,13.5736],[5.6774,13.5715],[5.6722,13.5613],[5.6674,13.5561],[5.6669,13.5518],[5.6692,13.5473],[5.6727,13.5482],[5.6765,13.5477],[5.6857,13.5477],[5.6888,13.5519],[5.6926,13.5531],[5.7009,13.5518],[5.7066,13.5545],[5.7103,13.5587],[5.7097,13.5636],[5.712,13.5654],[5.7203,13.5697],[5.7241,13.5698],[5.7283,13.5743],[5.7324,13.5765],[5.7374,13.5763],[5.7471,13.5781],[5.7505,13.5815],[5.7534,13.5805],[5.755,13.583],[5.7557,13.5893],[5.7508,13.5934],[5.7533,13.599],[5.7643,13.6032],[5.7673,13.6069],[5.7734,13.6052],[5.775,13.6068],[5.7794,13.6083],[5.7806,13.6097],[5.79,13.6144],[5.7927,13.6135],[5.7969,13.6147],[5.8027,13.6216],[5.8085,13.626],[5.8068,13.6324],[5.8046,13.6365],[5.8021,13.6384],[5.801,13.6462],[5.7995,13.6507],[5.7989,13.6569],[5.7935,13.6578],[5.7872,13.6622],[5.7842,13.6626],[5.7796,13.6575]]]},"properties":{"name":"KADDI","state":"33","code":"33/04/02"}},{"type":"Feature","geometry":{"type":"Polygon","coordinates":[[[5.6342,13.8355],[5.6312,13.8365],[5.5566,13.8754],[5.5298,13.8856],[5.4517,13.8711],[5.4221,13.8604],[5.4239,13.859],[5.4334,13.8542],[5.4345,13.8486],[5.4333,13.8446],[5.4344,13.8417],[5.433,13.8385],[5.4321,13.8318],[5.4273,13.821],[5.4246,13.8172],[5.4122,13.8124],[5.4127,13.8098],[5.4112,13.8053],[5.4112,13.7998],[5.4136,13.7926],[5.4175,13.7892],[5.4227,13.7885],[5.4246,13.7865],[5.4317,13.7833],[5.4349,13.7787],[5.4382,13.7715],[5.4437,13.7655],[5.4449,13.7626],[5.4453,13.7579],[5.4478,13.7549],[5.4507,13.7535],[5.4547,13.7481],[5.4589,13.7452],[5.4629,13.7443],[5.4659,13.7463],[5.4685,13.7459],[5.4764,13.7486],[5.4817,13.7537],[5.4825,13.7618],[5.4809,13.7668],[5.4818,13.7703],[5.4875,13.7738],[5.4912,13.7787],[5.4944,13.7807],[5.5001,13.7787],[5.5057,13.7813],[5.504,13.7899],[5.5075,13.7945],[5.5124,13.7946],[5.5168,13.7971],[5.5215,13.7966],[5.5247,13.7981],[5.5258,13.8022],[5.5351,13.8059],[5.538,13.8029],[5.5414,13.7935],[5.5469,13.7946],[5.5547,13.7909],[5.558,13.7855],[5.5602,13.7869],[5.5603,13.7895],[5.5666,13.7987],[5.5746,13.8022],[5.577,13.8044],[5.571,13.8108],[5.5691,13.8156],[5.568,13.8208],[5.564,13.8249],[5.5637,13.8269],[5.5699,13.8298],[5.5732,13.8299],[5.5791,13.8341],[5.5823,13.8352],[5.591,13.8366],[5.5974,13.8344],[5.6042,13.8354],[5.6064,13.8335],[5.6171,13.8298],[5.624,13.8286],[5.632,13.8321],[5.6342,13.8355]]]},"properties":{"name":"KADADIN BUDA (KADDI)","state":"33","code":"33/04/03"}},{"type":"Feature","geometry":{"type":"Polygon","coordinates":[[[5.7969,13.6147],[5.7981,13.6104],[5.8011,13.6071],[5.8048,13.6014],[5.8071,13.5944],[5.8092,13.5925],[5.8044,13.591],[5.8021,13.5879],[5.8003,13.5815],[5.7983,13.5771],[5.8005,13.5744],[5.8047,13.5758],[5.8109,13.5742],[5.814,13.5748],[5.8178,13.5737],[5.8233,13.5739],[5.8268,13.575],[5.8294,13.5705],[5.833,13.568],[5.8374,13.5675],[5.8446,13.5703],[5.8468,13.5697],[5.8563,13.5733],[5.8646,13.5778],[5.8707,13.5784],[5.8763,13.5777],[5.8793,13.5757],[5.8833,13.575],[5.8924,13.5772],[5.8975,13.5775],[5.9064,13.5789],[5.9097,13.5772],[5.9158,13.577],[5.918,13.583],[5.9228,13.5845],[5.9222,13.5886],[5.923,13.5936],[5.919,13.5954],[5.916,13.5988],[5.9185,13.6023],[5.9259,13.6056],[5.9281,13.6115],[5.9339,13.6142],[5.9277,13.6227],[5.9263,13.627],[5.9159,13.6373],[5.9057,13.6279],[5.8999,13.6276],[5.8987,13.625],[5.8939,13.6286],[5.8937,13.6318],[5.8969,13.6337],[5.9024,13.6332],[5.9015,13.6355],[5.904,13.6389],[5.9111,13.6408],[5.9131,13.6424],[5.916,13.6416],[5.9223,13.6424],[5.9264,13.6391],[5.9281,13.6355],[5.9322,13.635],[5.9368,13.6367],[5.9417,13.6359],[5.9458,13.6373],[5.9487,13.6407],[5.9457,13.6483],[5.9473,13.6545],[5.9473,13.6593],[5.9463,13.6626],[5.9469,13.6658],[5.9531,13.6678],[5.9597,13.6691],[5.9649,13.6677],[5.9769,13.6747],[5.9785,13.6763],[5.9767,13.6814],[5.9711,13.6856],[5.9696,13.6887],[5.9666,13.69],[5.9641,13.6895],[5.9628,13.6921],[5.9572,13.6953],[5.9506,13.6964],[5.9471,13.7013],[5.9467,13.7067],[5.9446,13.7109],[5.9391,13.7056],[5.9331,13.7034],[5.9342,13.697],[5.931,13.6884],[5.9251,13.6789],[5.9177,13.6765],[5.9128,13.6812],[5.9107,13.6818],[5.9064,13.6859],[5.9028,13.6872],[5.8991,13.6863],[5.8921,13.6876],[5.8905,13.6895],[5.8747,13.6854],[5.8713,13.6838],[5.8671,13.6771],[5.861,13.6769],[5.8585,13.6748],[5.8499,13.678],[5.848,13.6809],[5.8447,13.6809],[5.8394,13.6839],[5.8347,13.6854],[5.8332,13.6831],[5.8298,13.6911],[5.8256,13.6972],[5.8253,13.7014],[5.8212,13.7054],[5.8174,13.7062],[5.8136,13.7113],[5.8095,13.7125],[5.8033,13.716],[5.7969,13.7204],[5.7941,13.7244],[5.7912,13.7259],[5.7819,13.7283],[5.7704,13.7323],[5.7618,13.7338],[5.7606,13.7312],[5.7623,13.7258],[5.7571,13.7214],[5.7547,13.7158],[5.754,13.7082],[5.7529,13.7048],[5.7527,13.6965],[5.7535,13.6949],[5.7525,13.6904],[5.7519,13.6833],[5.7586,13.6763],[5.7676,13.6719],[5.7718,13.6688],[5.7744,13.6625],[5.7785,13.6598],[5.7796,13.6575],[5.7842,13.6626],[5.7872,13.6622],[5.7935,13.6578],[5.7989,13.6569],[5.7995,13.6507],[5.801,13.6462],[5.8021,13.6384],[5.8046,13.6365],[5.8068,13.6324],[5.8085,13.626],[5.8027,13.6216],[5.7969,13.6147]]]},"properties":{"name":"GILBADI","state":"33","code":"33/04/04"}},{"type":"Feature","geometry":{"type":"Polygon","coordinates":[[[5.6765,13.5477],[5.6766,13.5467],[5.6846,13.5358],[5.6849,13.5331],[5.6913,13.5277],[5.6925,13.5249],[5.6987,13.5186],[5.7034,13.5159],[5.7036,13.5105],[5.7046,13.5051],[5.7137,13.4997],[5.7145,13.5005],[5.7208,13.4989],[5.7208,13.5026],[5.7276,13.5096],[5.7298,13.5088],[5.734,13.5048],[5.7383,13.4979],[5.7427,13.4923],[5.7439,13.4847],[5.7454,13.4829],[5.7471,13.4775],[5.7514,13.4726],[5.7573,13.4753],[5.7578,13.477],[5.7543,13.4787],[5.7579,13.4807],[5.76,13.4767],[5.7681,13.4756],[5.7696,13.4784],[5.7739,13.4788],[5.7766,13.4824],[5.7798,13.4834],[5.7822,13.4884],[5.7849,13.4884],[5.7864,13.4856],[5.7903,13.4856],[5.7907,13.4899],[5.7898,13.4948],[5.787,13.4992],[5.7878,13.5039],[5.7846,13.5078],[5.7825,13.5136],[5.7822,13.5175],[5.7796,13.5213],[5.7751,13.5232],[5.7759,13.5291],[5.7788,13.5324],[5.7769,13.54],[5.7769,13.5438],[5.7831,13.5442],[5.7856,13.54],[5.79,13.5396],[5.796,13.5424],[5.7988,13.5461],[5.8002,13.5508],[5.8023,13.5521],[5.8027,13.5572],[5.8008,13.5619],[5.7987,13.564],[5.7997,13.5663],[5.8005,13.5744],[5.7983,13.5771],[5.8003,13.5815],[5.8021,13.5879],[5.8044,13.591],[5.8092,13.5925],[5.8071,13.5944],[5.8048,13.6014],[5.8011,13.6071],[5.7981,13.6104],[5.7969,13.6147],[5.7927,13.6135],[5.79,13.6144],[5.7806,13.6097],[5.7794,13.6083],[5.775,13.6068],[5.7734,13.6052],[5.7673,13.6069],[5.7643,13.6032],[5.7533,13.599],[5.7508,13.5934],[5.7557,13.5893],[5.755,13.583],[5.7534,13.5805],[5.7505,13.5815],[5.7471,13.5781],[5.7374,13.5763],[5.7324,13.5765],[5.7283,13.5743],[5.7241,13.5698],[5.7203,13.5697],[5.712,13.5654],[5.7097,13.5636],[5.7103,13.5587],[5.7066,13.5545],[5.7009,13.5518],[5.6926,13.5531],[5.6888,13.5519],[5.6857,13.5477],[5.6765,13.5477]]]},"properties":{"name":"TSITSE","state":"33","code":"33/04/05"}},{"type":"Feature","geometry":{"type":"Polygon","coordinates":[[[5.6776,13.7205],[5.6746,13.714],[5.6745,13.71],[5.6729,13.7078],[5.6735,13.7031],[5.6771,13.6828],[5.6737,13.678],[5.6731,13.6732],[5.6693,13.6687],[5.6695,13.6642],[5.6796,13.6624],[5.6862,13.6627],[5.6899,13.6649],[5.6953,13.6634],[5.705,13.6627],[5.7108,13.6627],[5.7171,13.6561],[5.722,13.6466],[5.7231,13.6422],[5.7228,13.6378],[5.7246,13.6325],[5.7323,13.6311],[5.7387,13.6267],[5.7431,13.6262],[5.7457,13.6245],[5.752,13.6225],[5.7541,13.6296],[5.7537,13.6312],[5.7563,13.6342],[5.7618,13.6374],[5.7657,13.6415],[5.7695,13.647],[5.7738,13.6463],[5.7784,13.6514],[5.7776,13.6548],[5.7796,13.6575],[5.7785,13.6598],[5.7744,13.6625],[5.7718,13.6688],[5.7676,13.6719],[5.7586,13.6763],[5.7519,13.6833],[5.7525,13.6904],[5.7535,13.6949],[5.7527,13.6965],[5.7529,13.7048],[5.754,13.7082],[5.7547,13.7158],[5.7571,13.7214],[5.7623,13.7258],[5.7606,13.7312],[5.7565,13.7316],[5.7488,13.7348],[5.7378,13.7352],[5.7276,13.7302],[5.7182,13.7341],[5.7135,13.7341],[5.7074,13.7327],[5.704,13.7303],[5.701,13.726],[5.705,13.7218],[5.7046,13.7186],[5.6974,13.7182],[5.6872,13.7201],[5.6809,13.7185],[5.6776,13.7205]]]},"properties":{"name":"KAFFE","state":"33","code":"33/04/06"}},{"type":"Feature","geometry":{"type":"Polygon","coordinates":[[[5.701,13.726],[5.704,13.7303],[5.7074,13.7327],[5.7135,13.7341],[5.7182,13.7341],[5.7276,13.7302],[5.7378,13.7352],[5.7488,13.7348],[5.7565,13.7316],[5.7606,13.7312],[5.7618,13.7338],[5.7704,13.7323],[5.7819,13.7283],[5.7912,13.7259],[5.7941,13.7244],[5.7969,13.7204],[5.8033,13.716],[5.8095,13.7125],[5.8136,13.7113],[5.8174,13.7062],[5.8212,13.7054],[5.8253,13.7014],[5.8256,13.6972],[5.8298,13.6911],[5.8332,13.6831],[5.8347,13.6854],[5.8394,13.6839],[5.8447,13.6809],[5.848,13.6809],[5.8499,13.678],[5.8585,13.6748],[5.861,13.6769],[5.8671,13.6771],[5.8713,13.6838],[5.8747,13.6854],[5.8905,13.6895],[5.8921,13.6876],[5.8991,13.6863],[5.9028,13.6872],[5.9064,13.6859],[5.9107,13.6818],[5.9128,13.6812],[5.9177,13.6765],[5.9251,13.6789],[5.931,13.6884],[5.9342,13.697],[5.9331,13.7034],[5.9391,13.7056],[5.9446,13.7109],[5.9467,13.7067],[5.9471,13.7013],[5.9506,13.6964],[5.9572,13.6953],[5.9628,13.6921],[5.9641,13.6895],[5.9666,13.69],[5.9705,13.6959],[5.9757,13.6997],[5.9763,13.7058],[5.9686,13.7169],[5.8318,13.7613],[5.7803,13.7803],[5.7155,13.8067],[5.7128,13.8024],[5.7101,13.7998],[5.7105,13.7971],[5.7078,13.7951],[5.7078,13.7915],[5.706,13.7904],[5.692,13.7911],[5.6859,13.7863],[5.681,13.7869],[5.674,13.7889],[5.6715,13.7907],[5.6672,13.7905],[5.6627,13.7889],[5.6604,13.7867],[5.6587,13.7822],[5.6609,13.7772],[5.6611,13.7701],[5.6643,13.7658],[5.6671,13.7657],[5.6707,13.7625],[5.6744,13.755],[5.6764,13.7524],[5.6806,13.7494],[5.6842,13.7479],[5.6896,13.7446],[5.6951,13.7425],[5.6958,13.7357],[5.701,13.726]]]},"properties":{"name":"DUKAMAJE/ILAH","state":"33","code":"33/04/07"}},{"type":"Feature","geometry":{"type":"Polygon","coordinates":[[[5.624,13.8286],[5.6171,13.8298],[5.6064,13.8335],[5.6042,13.8354],[5.5974,13.8344],[5.591,13.8366],[5.5823,13.8352],[5.5791,13.8341],[5.5732,13.8299],[5.5699,13.8298],[5.5637,13.8269],[5.564,13.8249],[5.568,13.8208],[5.5691,13.8156],[5.571,13.8108],[5.577,13.8044],[5.5746,13.8022],[5.5666,13.7987],[5.5603,13.7895],[5.5602,13.7869],[5.558,13.7855],[5.5547,13.7909],[5.5469,13.7946],[5.5414,13.7935],[5.538,13.8029],[5.5351,13.8059],[5.5258,13.8022],[5.5247,13.7981],[5.5215,13.7966],[5.5168,13.7971],[5.5124,13.7946],[5.5075,13.7945],[5.504,13.7899],[5.5057,13.7813],[5.5001,13.7787],[5.4944,13.7807],[5.4912,13.7787],[5.4875,13.7738],[5.4818,13.7703],[5.4809,13.7668],[5.4825,13.7618],[5.4817,13.7537],[5.4764,13.7486],[5.4685,13.7459],[5.4659,13.7463],[5.4629,13.7443],[5.4635,13.7385],[5.4624,13.7351],[5.4564,13.7338],[5.4505,13.7259],[5.4487,13.72],[5.449,13.7124],[5.4508,13.71],[5.4503,13.7045],[5.4485,13.7027],[5.4471,13.6978],[5.4486,13.6921],[5.451,13.6882],[5.4552,13.6856],[5.4549,13.6798],[5.4628,13.6758],[5.468,13.6688],[5.4726,13.6695],[5.4764,13.6722],[5.4833,13.6752],[5.4868,13.6757],[5.4834,13.6828],[5.4831,13.6881],[5.4841,13.6898],[5.4887,13.6922],[5.491,13.6919],[5.4994,13.6938],[5.5056,13.6935],[5.5118,13.6949],[5.5152,13.6948],[5.5158,13.6997],[5.5224,13.7024],[5.5247,13.7048],[5.5327,13.7097],[5.5307,13.7167],[5.5302,13.7224],[5.5311,13.7256],[5.5362,13.7286],[5.54,13.7281],[5.5424,13.7215],[5.543,13.7158],[5.5443,13.7145],[5.5456,13.7071],[5.5492,13.7024],[5.5544,13.6998],[5.5611,13.7039],[5.5729,13.7101],[5.5753,13.7096],[5.583,13.7126],[5.5906,13.7127],[5.5963,13.7139],[5.6011,13.7121],[5.6044,13.7163],[5.6082,13.7246],[5.6066,13.7279],[5.6067,13.7332],[5.6054,13.7377],[5.6114,13.7469],[5.6119,13.7506],[5.6116,13.7595],[5.6142,13.7709],[5.6149,13.7761],[5.6115,13.7784],[5.6057,13.7873],[5.6043,13.7912],[5.5976,13.7955],[5.5942,13.8017],[5.5959,13.8046],[5.6068,13.8146],[5.6105,13.8166],[5.6151,13.8207],[5.6203,13.8266],[5.624,13.8286]]]},"properties":{"name":"KYADAWA/HOLAI","state":"33","code":"33/04/08"}},{"type":"Feature","geometry":{"type":"Polygon","coordinates":[[[5.6025,13.6536],[5.5943,13.655],[5.5867,13.6522],[5.5801,13.6505],[5.5736,13.6515],[5.5711,13.6537],[5.5665,13.6506],[5.5601,13.6482],[5.5558,13.6446],[5.5548,13.6409],[5.5553,13.6356],[5.5525,13.6365],[5.5449,13.6359],[5.5408,13.6341],[5.5335,13.6321],[5.5267,13.633],[5.5283,13.637],[5.5279,13.6402],[5.5253,13.6476],[5.5251,13.6537],[5.5236,13.6585],[5.5191,13.6543],[5.5153,13.6522],[5.5054,13.652],[5.5075,13.646],[5.5099,13.6444],[5.5121,13.6408],[5.5146,13.6392],[5.5191,13.6313],[5.5214,13.6302],[5.522,13.6273],[5.5264,13.6187],[5.5274,13.6137],[5.5278,13.6054],[5.5266,13.6017],[5.5277,13.5993],[5.5322,13.5951],[5.5329,13.5889],[5.5382,13.5833],[5.5423,13.58],[5.5411,13.5765],[5.5413,13.573],[5.5318,13.5683],[5.5278,13.5677],[5.5242,13.565],[5.5272,13.5609],[5.5273,13.5542],[5.5383,13.5481],[5.5421,13.545],[5.5444,13.5396],[5.5412,13.5332],[5.5346,13.5303],[5.5291,13.518],[5.529,13.5152],[5.535,13.5042],[5.536,13.4961],[5.5446,13.4982],[5.5495,13.4969],[5.5559,13.4937],[5.561,13.4938],[5.5693,13.4972],[5.577,13.5014],[5.5753,13.5064],[5.5763,13.5153],[5.5755,13.5181],[5.5765,13.5217],[5.5702,13.5285],[5.5725,13.5363],[5.5656,13.5446],[5.5645,13.5471],[5.5638,13.5536],[5.5606,13.5578],[5.5543,13.5698],[5.5553,13.5728],[5.5615,13.5752],[5.5762,13.5768],[5.5801,13.5782],[5.5828,13.5836],[5.5907,13.5861],[5.5947,13.5853],[5.6017,13.5884],[5.6059,13.5923],[5.607,13.5962],[5.6062,13.6017],[5.6024,13.6098],[5.5992,13.6143],[5.5967,13.6218],[5.6032,13.626],[5.6046,13.6295],[5.609,13.6322],[5.6084,13.6359],[5.6051,13.641],[5.6053,13.6443],[5.6042,13.6504],[5.6025,13.6536]]]},"properties":{"name":"KIRI","state":"33","code":"33/04/09"}},{"type":"Feature","geometry":{"type":"Polygon","coordinates":[[[5.4868,13.6757],[5.4933,13.6728],[5.4955,13.6687],[5.5017,13.6641],[5.5021,13.6607],[5.5062,13.6641],[5.5142,13.6677],[5.5177,13.6648],[5.5214,13.663],[5.5236,13.6585],[5.5251,13.6537],[5.5253,13.6476],[5.5279,13.6402],[5.5283,13.637],[5.5267,13.633],[5.5335,13.6321],[5.5408,13.6341],[5.5449,13.6359],[5.5525,13.6365],[5.5553,13.6356],[5.5548,13.6409],[5.5558,13.6446],[5.5601,13.6482],[5.5665,13.6506],[5.5711,13.6537],[5.5736,13.6515],[5.5801,13.6505],[5.5867,13.6522],[5.5943,13.655],[5.6025,13.6536],[5.6056,13.6573],[5.6095,13.6586],[5.6137,13.6635],[5.6167,13.6651],[5.6188,13.6684],[5.6242,13.6675],[5.6273,13.6658],[5.637,13.6632],[5.6396,13.6618],[5.6427,13.6641],[5.6434,13.6674],[5.6421,13.6773],[5.6438,13.6888],[5.6388,13.6997],[5.6238,13.7022],[5.6183,13.7013],[5.613,13.7034],[5.6067,13.7023],[5.6016,13.7091],[5.6011,13.7121],[5.5963,13.7139],[5.5906,13.7127],[5.583,13.7126],[5.5753,13.7096],[5.5729,13.7101],[5.5611,13.7039],[5.5544,13.6998],[5.5492,13.7024],[5.5456,13.7071],[5.5443,13.7145],[5.543,13.7158],[5.5424,13.7215],[5.54,13.7281],[5.5362,13.7286],[5.5311,13.7256],[5.5302,13.7224],[5.5307,13.7167],[5.5327,13.7097],[5.5247,13.7048],[5.5224,13.7024],[5.5158,13.6997],[5.5152,13.6948],[5.5118,13.6949],[5.5056,13.6935],[5.4994,13.6938],[5.491,13.6919],[5.4887,13.6922],[5.4841,13.6898],[5.4831,13.6881],[5.4834,13.6828],[5.4868,13.6757]]]},"properties":{"name":"KADASSAKA","state":"33","code":"33/04/10"}},{"type":"Feature","geometry":{"type":"Polygon","coordinates":[[[5.6082,13.7246],[5.6044,13.7163],[5.6011,13.7121],[5.6016,13.7091],[5.6067,13.7023],[5.613,13.7034],[5.6183,13.7013],[5.6238,13.7022],[5.6388,13.6997],[5.6438,13.6888],[5.6421,13.6773],[5.6434,13.6674],[5.6427,13.6641],[5.6396,13.6618],[5.637,13.6632],[5.6273,13.6658],[5.6242,13.6675],[5.6188,13.6684],[5.6167,13.6651],[5.6137,13.6635],[5.6095,13.6586],[5.6056,13.6573],[5.6025,13.6536],[5.6042,13.6504],[5.6053,13.6443],[5.6051,13.641],[5.6084,13.6359],[5.609,13.6322],[5.6046,13.6295],[5.6032,13.626],[5.5967,13.6218],[5.5992,13.6143],[5.6024,13.6098],[5.609,13.6142],[5.6143,13.6147],[5.6183,13.6062],[5.6245,13.6033],[5.6286,13.6042],[5.6319,13.6092],[5.6325,13.6118],[5.641,13.6151],[5.6467,13.6156],[5.656,13.6094],[5.6588,13.6063],[5.6661,13.601],[5.6798,13.6027],[5.6762,13.6085],[5.6764,13.6144],[5.6837,13.623],[5.6854,13.6241],[5.6852,13.632],[5.6902,13.6342],[5.6938,13.6377],[5.6992,13.6373],[5.7032,13.6416],[5.7026,13.6477],[5.7004,13.6535],[5.7017,13.6592],[5.705,13.6627],[5.6953,13.6634],[5.6899,13.6649],[5.6862,13.6627],[5.6796,13.6624],[5.6695,13.6642],[5.6693,13.6687],[5.6731,13.6732],[5.6737,13.678],[5.6771,13.6828],[5.6735,13.7031],[5.6729,13.7078],[5.6745,13.71],[5.6746,13.714],[5.6776,13.7205],[5.6743,13.7236],[5.6677,13.7247],[5.6621,13.7274],[5.66,13.7272],[5.6515,13.7301],[5.6479,13.7362],[5.6453,13.7379],[5.6388,13.738],[5.6313,13.731],[5.6266,13.7283],[5.6196,13.7283],[5.6137,13.7271],[5.6082,13.7246]]]},"properties":{"name":"KWARMA","state":"33","code":"33/04/11"}},{"type":"Feature","geometry":{"type":"Polygon","coordinates":[[[5.7546,13.4331],[5.7467,13.4326],[5.7405,13.4309],[5.7333,13.4301],[5.7266,13.4316],[5.7213,13.4345],[5.7196,13.4411],[5.7161,13.4457],[5.7137,13.4507],[5.7132,13.4547],[5.7083,13.4583],[5.7081,13.4609],[5.7026,13.4669],[5.6993,13.4664],[5.6969,13.4614],[5.6952,13.4606],[5.6914,13.4618],[5.6884,13.4587],[5.691,13.4551],[5.6897,13.4517],[5.6872,13.4512],[5.6833,13.4534],[5.6821,13.4511],[5.6788,13.4499],[5.6763,13.4507],[5.6729,13.4483],[5.6675,13.4477],[5.6636,13.449],[5.6606,13.4478],[5.6586,13.4515],[5.6546,13.4547],[5.6541,13.4511],[5.6506,13.4511],[5.65,13.4541],[5.6452,13.4513],[5.6408,13.454],[5.637,13.4495],[5.6323,13.4495],[5.6305,13.4443],[5.6277,13.4427],[5.6247,13.4432],[5.6219,13.4458],[5.6171,13.4415],[5.6175,13.4384],[5.6127,13.4336],[5.6124,13.43],[5.6102,13.4295],[5.6093,13.4266],[5.6113,13.4236],[5.6081,13.4193],[5.6122,13.4147],[5.614,13.4102],[5.6168,13.4069],[5.6283,13.4109],[5.6337,13.4112],[5.6354,13.4125],[5.64,13.413],[5.645,13.4087],[5.6474,13.4039],[5.6503,13.4027],[5.655,13.4029],[5.6605,13.3993],[5.675,13.3986],[5.676,13.3923],[5.6793,13.3875],[5.6822,13.3812],[5.6884,13.3738],[5.6906,13.3677],[5.6895,13.3643],[5.6941,13.3614],[5.698,13.3656],[5.7025,13.3644],[5.7112,13.36],[5.7133,13.3577],[5.7225,13.3537],[5.7248,13.3513],[5.735,13.3486],[5.7394,13.3451],[5.7411,13.3426],[5.7469,13.3375],[5.7537,13.3355],[5.7599,13.3367],[5.7659,13.3394],[5.7686,13.3423],[5.7708,13.3463],[5.7792,13.3462],[5.7851,13.3471],[5.7929,13.35],[5.8023,13.3503],[5.8078,13.3498],[5.8151,13.3531],[5.8233,13.3527],[5.8287,13.3538],[5.8311,13.3613],[5.8321,13.368],[5.8312,13.3751],[5.8284,13.3836],[5.8203,13.3901],[5.8144,13.3932],[5.8053,13.3956],[5.7933,13.3972],[5.7793,13.3963],[5.7732,13.3973],[5.7684,13.4015],[5.7668,13.4045],[5.7662,13.4092],[5.7637,13.4147],[5.7613,13.4177],[5.7579,13.4297],[5.7546,13.4331]]]},"properties":{"name":"GORONYO","state":"33","code":"33/05/01"}},{"type":"Feature","geometry":{"type":"Polygon","coordinates":[[[5.5157,13.394],[5.5131,13.3978],[5.5074,13.3982],[5.5055,13.3977],[5.5032,13.3931],[5.4996,13.3903],[5.4971,13.39],[5.4916,13.3863],[5.4878,13.3816],[5.4852,13.3767],[5.4852,13.3726],[5.4829,13.364],[5.4826,13.3603],[5.4854,13.3552],[5.4888,13.3514],[5.4889,13.3484],[5.4939,13.3412],[5.4975,13.3372],[5.5038,13.3366],[5.5054,13.3316],[5.5083,13.3282],[5.5101,13.3242],[5.5093,13.3214],[5.5128,13.3206],[5.5141,13.3175],[5.5192,13.3201],[5.5194,13.3161],[5.5237,13.3149],[5.5306,13.3099],[5.532,13.3137],[5.5303,13.3178],[5.5337,13.3243],[5.5269,13.3294],[5.5243,13.3383],[5.5256,13.3443],[5.5281,13.3469],[5.5245,13.349],[5.5205,13.3549],[5.5203,13.365],[5.5151,13.3718],[5.5162,13.3767],[5.5148,13.384],[5.5157,13.394]]]},"properties":{"name":"GIYAWA","state":"33","code":"33/05/02"}},{"type":"Feature","geometry":{"type":"Polygon","coordinates":[[[5.5559,13.4937],[5.5568,13.4847],[5.5463,13.4779],[5.5422,13.476],[5.5383,13.4727],[5.5291,13.4738],[5.5306,13.4628],[5.5301,13.4569],[5.5311,13.4525],[5.5291,13.4472],[5.5307,13.4379],[5.5299,13.4297],[5.5289,13.4278],[5.5239,13.4246],[5.5174,13.4155],[5.5139,13.4067],[5.5081,13.4025],[5.5074,13.3982],[5.5131,13.3978],[5.5157,13.394],[5.5236,13.3916],[5.527,13.3916],[5.5337,13.3883],[5.5362,13.386],[5.5397,13.3795],[5.5383,13.3758],[5.5397,13.3704],[5.5429,13.3645],[5.5466,13.3606],[5.5467,13.3549],[5.5489,13.3521],[5.5609,13.3544],[5.5643,13.3577],[5.5665,13.3584],[5.5733,13.3581],[5.5735,13.3623],[5.5759,13.3628],[5.5772,13.3654],[5.5768,13.3699],[5.575,13.3708],[5.5766,13.3748],[5.5737,13.3786],[5.5777,13.3785],[5.5827,13.3818],[5.5809,13.3857],[5.5846,13.3866],[5.589,13.392],[5.5919,13.3916],[5.5942,13.3936],[5.594,13.4008],[5.5965,13.4006],[5.5982,13.3975],[5.6,13.4046],[5.603,13.4065],[5.6023,13.4086],[5.6009,13.4081],[5.5928,13.4122],[5.5916,13.4172],[5.5868,13.4218],[5.5865,13.429],[5.5877,13.437],[5.5881,13.4449],[5.5845,13.4491],[5.5825,13.4539],[5.5833,13.4577],[5.5816,13.4638],[5.5793,13.4668],[5.5771,13.4722],[5.5733,13.473],[5.5692,13.4726],[5.5733,13.4852],[5.5693,13.4972],[5.561,13.4938],[5.5559,13.4937]]]},"properties":{"name":"BOYEKA I","state":"33","code":"33/05/03"}},{"type":"Feature","geometry":{"type":"Polygon","coordinates":[[[5.6081,13.4193],[5.6057,13.4152],[5.6026,13.4132],[5.599,13.415],[5.6001,13.4103],[5.6023,13.4086],[5.603,13.4065],[5.6,13.4046],[5.5982,13.3975],[5.5965,13.4006],[5.594,13.4008],[5.5942,13.3936],[5.5919,13.3916],[5.589,13.392],[5.5846,13.3866],[5.5809,13.3857],[5.5827,13.3818],[5.5777,13.3785],[5.5737,13.3786],[5.5766,13.3748],[5.575,13.3708],[5.5768,13.3699],[5.5772,13.3654],[5.5759,13.3628],[5.5735,13.3623],[5.5733,13.3581],[5.5747,13.351],[5.5739,13.3485],[5.5689,13.3439],[5.5667,13.3438],[5.5661,13.3393],[5.5615,13.3374],[5.5614,13.3323],[5.5632,13.3296],[5.5654,13.3302],[5.569,13.3337],[5.5702,13.3377],[5.5847,13.3428],[5.5887,13.3455],[5.5922,13.3504],[5.6065,13.3514],[5.61,13.3501],[5.6136,13.3509],[5.6113,13.3461],[5.6189,13.3445],[5.6304,13.3444],[5.6362,13.343],[5.6425,13.3462],[5.6443,13.3455],[5.6469,13.3412],[5.6519,13.3362],[5.6623,13.332],[5.6673,13.3337],[5.675,13.3346],[5.6783,13.3299],[5.6829,13.3258],[5.6873,13.3208],[5.6895,13.3157],[5.6908,13.3105],[5.7152,13.3122],[5.7235,13.3161],[5.7287,13.3248],[5.7424,13.335],[5.7537,13.3355],[5.7469,13.3375],[5.7411,13.3426],[5.7394,13.3451],[5.735,13.3486],[5.7248,13.3513],[5.7225,13.3537],[5.7133,13.3577],[5.7112,13.36],[5.7025,13.3644],[5.698,13.3656],[5.6941,13.3614],[5.6895,13.3643],[5.6906,13.3677],[5.6884,13.3738],[5.6822,13.3812],[5.6793,13.3875],[5.676,13.3923],[5.675,13.3986],[5.6605,13.3993],[5.655,13.4029],[5.6503,13.4027],[5.6474,13.4039],[5.645,13.4087],[5.64,13.413],[5.6354,13.4125],[5.6337,13.4112],[5.6283,13.4109],[5.6168,13.4069],[5.614,13.4102],[5.6122,13.4147],[5.6081,13.4193]]]},"properties":{"name":"KAGARA","state":"33","code":"33/05/04"}},{"type":"Feature","geometry":{"type":"Polygon","coordinates":[[[5.577,13.5014],[5.5853,13.4945],[5.5887,13.4937],[5.594,13.4959],[5.5954,13.502],[5.5955,13.5085],[5.5977,13.5129],[5.6018,13.5145],[5.613,13.5153],[5.6182,13.5175],[5.6217,13.5202],[5.6259,13.5248],[5.6327,13.5271],[5.6366,13.5159],[5.6352,13.5091],[5.6374,13.505],[5.6371,13.5005],[5.6297,13.4979],[5.6244,13.4978],[5.6209,13.4967],[5.6167,13.498],[5.6144,13.4973],[5.6158,13.4908],[5.6194,13.4861],[5.6214,13.4813],[5.6292,13.475],[5.6358,13.4689],[5.6353,13.4637],[5.6499,13.4557],[5.65,13.4541],[5.6506,13.4511],[5.6541,13.4511],[5.6546,13.4547],[5.6586,13.4515],[5.6606,13.4478],[5.6636,13.449],[5.6675,13.4477],[5.6729,13.4483],[5.6763,13.4507],[5.6788,13.4499],[5.6821,13.4511],[5.6833,13.4534],[5.6872,13.4512],[5.6897,13.4517],[5.691,13.4551],[5.6884,13.4587],[5.6914,13.4618],[5.6952,13.4606],[5.6969,13.4614],[5.6993,13.4664],[5.6928,13.4692],[5.6869,13.4731],[5.6834,13.4767],[5.6788,13.4767],[5.6771,13.4782],[5.6696,13.479],[5.6699,13.4811],[5.667,13.4904],[5.6626,13.4957],[5.6623,13.4978],[5.6588,13.4995],[5.6529,13.5003],[5.6508,13.503],[5.6518,13.5081],[5.6499,13.5117],[5.6507,13.5179],[5.6507,13.5231],[5.6463,13.5264],[5.6477,13.5317],[5.6458,13.5365],[5.6461,13.5403],[5.6427,13.5481],[5.6446,13.5507],[5.6397,13.5544],[5.6383,13.557],[5.635,13.5595],[5.6301,13.5664],[5.6262,13.5769],[5.6245,13.58],[5.6245,13.583],[5.6315,13.5871],[5.637,13.5879],[5.6406,13.5975],[5.6457,13.6016],[5.643,13.6028],[5.6392,13.6074],[5.6319,13.6092],[5.6286,13.6042],[5.6245,13.6033],[5.6183,13.6062],[5.6143,13.6147],[5.609,13.6142],[5.6024,13.6098],[5.6062,13.6017],[5.607,13.5962],[5.6059,13.5923],[5.6017,13.5884],[5.5947,13.5853],[5.5907,13.5861],[5.5828,13.5836],[5.5801,13.5782],[5.5762,13.5768],[5.5615,13.5752],[5.5553,13.5728],[5.5543,13.5698],[5.5606,13.5578],[5.5638,13.5536],[5.5645,13.5471],[5.5656,13.5446],[5.5725,13.5363],[5.5702,13.5285],[5.5765,13.5217],[5.5755,13.5181],[5.5763,13.5153],[5.5753,13.5064],[5.577,13.5014]]]},"properties":{"name":"KWAKWAZO","state":"33","code":"33/05/05"}},{"type":"Feature","geometry":{"type":"Polygon","coordinates":[[[5.5693,13.4972],[5.5733,13.4852],[5.5692,13.4726],[5.5733,13.473],[5.5771,13.4722],[5.5793,13.4668],[5.5816,13.4638],[5.5833,13.4577],[5.5825,13.4539],[5.5845,13.4491],[5.5881,13.4449],[5.5877,13.437],[5.5865,13.429],[5.5868,13.4218],[5.5916,13.4172],[5.5928,13.4122],[5.6009,13.4081],[5.6023,13.4086],[5.6001,13.4103],[5.599,13.415],[5.6026,13.4132],[5.6057,13.4152],[5.6081,13.4193],[5.6113,13.4236],[5.6093,13.4266],[5.6102,13.4295],[5.6124,13.43],[5.6127,13.4336],[5.6175,13.4384],[5.6171,13.4415],[5.6219,13.4458],[5.6247,13.4432],[5.6277,13.4427],[5.6305,13.4443],[5.6323,13.4495],[5.637,13.4495],[5.6408,13.454],[5.6452,13.4513],[5.65,13.4541],[5.6499,13.4557],[5.6353,13.4637],[5.6358,13.4689],[5.6292,13.475],[5.6214,13.4813],[5.6194,13.4861],[5.6158,13.4908],[5.6144,13.4973],[5.6167,13.498],[5.6209,13.4967],[5.6244,13.4978],[5.6297,13.4979],[5.6371,13.5005],[5.6374,13.505],[5.6352,13.5091],[5.6366,13.5159],[5.6327,13.5271],[5.6259,13.5248],[5.6217,13.5202],[5.6182,13.5175],[5.613,13.5153],[5.6018,13.5145],[5.5977,13.5129],[5.5955,13.5085],[5.5954,13.502],[5.594,13.4959],[5.5887,13.4937],[5.5853,13.4945],[5.577,13.5014],[5.5693,13.4972]]]},"properties":{"name":"KOJIYO","state":"33","code":"33/05/06"}},{"type":"Feature","geometry":{"type":"Polygon","coordinates":[[[5.8793,13.5757],[5.8751,13.5711],[5.8754,13.5657],[5.8746,13.5588],[5.8761,13.5536],[5.8755,13.5509],[5.8717,13.5469],[5.8651,13.5463],[5.8616,13.5439],[5.8579,13.5437],[5.8506,13.5413],[5.8488,13.5418],[5.8418,13.5407],[5.8417,13.5324],[5.843,13.5312],[5.8434,13.5251],[5.8445,13.5228],[5.8492,13.5238],[5.8517,13.5191],[5.8516,13.5165],[5.8546,13.5091],[5.8527,13.5028],[5.856,13.4965],[5.8573,13.4892],[5.8603,13.4878],[5.8661,13.483],[5.8657,13.478],[5.8693,13.4678],[5.8733,13.4638],[5.8754,13.4583],[5.8732,13.452],[5.8726,13.441],[5.865,13.4331],[5.8639,13.4277],[5.8638,13.422],[5.8626,13.4061],[5.869,13.403],[5.8732,13.403],[5.8778,13.4053],[5.8845,13.4023],[5.8917,13.4037],[5.8922,13.4016],[5.8902,13.3948],[5.8906,13.3928],[5.8887,13.388],[5.8905,13.3813],[5.8926,13.3764],[5.8923,13.3706],[5.8942,13.3667],[5.9042,13.3632],[5.9095,13.3596],[5.9119,13.357],[5.9192,13.3533],[5.9212,13.3507],[5.9207,13.3464],[5.9219,13.3414],[5.9281,13.3337],[5.9324,13.3299],[5.935,13.3249],[5.9343,13.3233],[5.9368,13.3098],[5.9365,13.3052],[5.9374,13.3003],[5.9446,13.298],[5.9469,13.2948],[5.9466,13.2922],[5.9481,13.2876],[5.949,13.2794],[5.9528,13.2778],[5.9559,13.2746],[5.9595,13.2723],[5.9628,13.2689],[5.968,13.2666],[5.9695,13.2729],[5.9726,13.2779],[5.9777,13.2822],[5.9793,13.2872],[5.9817,13.2888],[5.9835,13.2932],[5.9844,13.2985],[5.984,13.3034],[5.9819,13.3102],[5.9817,13.3149],[5.9873,13.318],[5.9944,13.3267],[5.9953,13.3286],[5.9992,13.3302],[6.0037,13.33],[6.011,13.3331],[6.0142,13.3309],[6.0178,13.3336],[6.0249,13.3356],[6.0313,13.3402],[6.036,13.342],[6.0435,13.3425],[6.0425,13.3486],[6.0431,13.3533],[6.046,13.3591],[6.0443,13.3629],[6.0447,13.3651],[6.0427,13.37],[6.0465,13.3774],[6.0532,13.3842],[6.0568,13.3896],[6.058,13.3928],[6.0561,13.3957],[6.0429,13.4049],[6.0329,13.406],[6.0324,13.4096],[6.0351,13.4179],[6.0364,13.424],[6.0355,13.4362],[6.0364,13.4424],[6.0313,13.4473],[6.0274,13.4489],[6.0189,13.4557],[6.0141,13.4614],[6.0118,13.4665],[6.0085,13.4691],[6.0064,13.4746],[5.994,13.4821],[5.9915,13.4855],[5.9872,13.4865],[5.9778,13.4918],[5.9726,13.4942],[5.9603,13.4947],[5.957,13.4972],[5.9541,13.5015],[5.9492,13.5067],[5.9468,13.5122],[5.9464,13.5157],[5.9438,13.5187],[5.9445,13.5231],[5.9427,13.5302],[5.9397,13.5296],[5.9347,13.5302],[5.9339,13.5343],[5.9281,13.5407],[5.9264,13.5449],[5.9223,13.5511],[5.9213,13.5582],[5.92,13.5612],[5.9198,13.5661],[5.9218,13.5696],[5.9215,13.5748],[5.9228,13.5845],[5.918,13.583],[5.9158,13.577],[5.9097,13.5772],[5.9064,13.5789],[5.8975,13.5775],[5.8924,13.5772],[5.8833,13.575],[5.8793,13.5757]]]},"properties":{"name":"RIMAWA","state":"33","code":"33/05/07"}},{"type":"Feature","geometry":{"type":"Polygon","coordinates":[[[5.6798,13.6027],[5.6661,13.601],[5.6588,13.6063],[5.656,13.6094],[5.6467,13.6156],[5.641,13.6151],[5.6325,13.6118],[5.6319,13.6092],[5.6392,13.6074],[5.643,13.6028],[5.6457,13.6016],[5.6406,13.5975],[5.637,13.5879],[5.6315,13.5871],[5.6245,13.583],[5.6245,13.58],[5.6262,13.5769],[5.6301,13.5664],[5.635,13.5595],[5.6383,13.557],[5.6397,13.5544],[5.6446,13.5507],[5.6427,13.5481],[5.6461,13.5403],[5.6458,13.5365],[5.6477,13.5317],[5.6463,13.5264],[5.6507,13.5231],[5.6507,13.5179],[5.6499,13.5117],[5.6518,13.5081],[5.6508,13.503],[5.6529,13.5003],[5.6588,13.4995],[5.6623,13.4978],[5.6626,13.4957],[5.667,13.4904],[5.6699,13.4811],[5.6696,13.479],[5.6771,13.4782],[5.6788,13.4767],[5.6834,13.4767],[5.6869,13.4731],[5.6928,13.4692],[5.6993,13.4664],[5.7026,13.4669],[5.7081,13.4609],[5.7083,13.4583],[5.7132,13.4547],[5.7137,13.4507],[5.7161,13.4457],[5.7196,13.4411],[5.7213,13.4345],[5.7266,13.4316],[5.7333,13.4301],[5.7405,13.4309],[5.7467,13.4326],[5.7546,13.4331],[5.7592,13.436],[5.7634,13.4464],[5.7603,13.4545],[5.7598,13.4577],[5.7548,13.4612],[5.7513,13.4649],[5.7489,13.4703],[5.7514,13.4726],[5.7471,13.4775],[5.7454,13.4829],[5.7439,13.4847],[5.7427,13.4923],[5.7383,13.4979],[5.734,13.5048],[5.7298,13.5088],[5.7276,13.5096],[5.7208,13.5026],[5.7208,13.4989],[5.7145,13.5005],[5.7137,13.4997],[5.7046,13.5051],[5.7036,13.5105],[5.7034,13.5159],[5.6987,13.5186],[5.6925,13.5249],[5.6913,13.5277],[5.6849,13.5331],[5.6846,13.5358],[5.6766,13.5467],[5.6765,13.5477],[5.6727,13.5482],[5.6692,13.5473],[5.6669,13.5518],[5.6674,13.5561],[5.6722,13.5613],[5.6774,13.5715],[5.677,13.5736],[5.6792,13.5777],[5.6833,13.5813],[5.6852,13.5817],[5.6889,13.5865],[5.6949,13.5915],[5.6979,13.592],[5.6993,13.5949],[5.7026,13.5974],[5.7024,13.6003],[5.6996,13.6023],[5.6994,13.6053],[5.6966,13.6058],[5.6866,13.6033],[5.6798,13.6027]]]},"properties":{"name":"SHINAKA","state":"33","code":"33/05/08"}},{"type":"Feature","geometry":{"type":"Polygon","coordinates":[[[5.7537,13.3355],[5.7424,13.335],[5.7287,13.3248],[5.7235,13.3161],[5.7152,13.3122],[5.6908,13.3105],[5.6895,13.3157],[5.6873,13.3208],[5.6829,13.3258],[5.6783,13.3299],[5.675,13.3346],[5.6673,13.3337],[5.6623,13.332],[5.6519,13.3362],[5.6469,13.3412],[5.6443,13.3455],[5.6425,13.3462],[5.6362,13.343],[5.6304,13.3444],[5.6189,13.3445],[5.6113,13.3461],[5.6136,13.3509],[5.61,13.3501],[5.6065,13.3514],[5.5922,13.3504],[5.5887,13.3455],[5.5847,13.3428],[5.5702,13.3377],[5.569,13.3337],[5.5654,13.3302],[5.5632,13.3296],[5.5614,13.3323],[5.5615,13.3374],[5.5661,13.3393],[5.5667,13.3438],[5.5689,13.3439],[5.5739,13.3485],[5.5747,13.351],[5.5733,13.3581],[5.5665,13.3584],[5.5643,13.3577],[5.5609,13.3544],[5.5489,13.3521],[5.5467,13.3549],[5.5466,13.3606],[5.5429,13.3645],[5.5397,13.3704],[5.5383,13.3758],[5.5397,13.3795],[5.5362,13.386],[5.5337,13.3883],[5.527,13.3916],[5.5236,13.3916],[5.5157,13.394],[5.5148,13.384],[5.5162,13.3767],[5.5151,13.3718],[5.5203,13.365],[5.5205,13.3549],[5.5245,13.349],[5.5281,13.3469],[5.5256,13.3443],[5.5243,13.3383],[5.5269,13.3294],[5.5337,13.3243],[5.5303,13.3178],[5.532,13.3137],[5.5306,13.3099],[5.5237,13.3149],[5.5194,13.3161],[5.5192,13.3201],[5.5141,13.3175],[5.5128,13.3206],[5.5093,13.3214],[5.5077,13.3157],[5.5052,13.3162],[5.5029,13.319],[5.4965,13.3182],[5.496,13.3158],[5.4906,13.3142],[5.4917,13.3087],[5.4906,13.306],[5.4923,13.3042],[5.4912,13.3009],[5.4874,13.2943],[5.4871,13.292],[5.4893,13.2883],[5.4943,13.2855],[5.499,13.2869],[5.5026,13.2854],[5.5077,13.2898],[5.5206,13.289],[5.5245,13.2914],[5.5264,13.2942],[5.5261,13.2979],[5.5312,13.3013],[5.5355,13.3013],[5.541,13.3055],[5.5476,13.3055],[5.551,13.304],[5.5547,13.3044],[5.5569,13.3024],[5.5615,13.3027],[5.5642,13.3088],[5.5673,13.3097],[5.5697,13.304],[5.5745,13.2984],[5.5804,13.2944],[5.5872,13.2908],[5.5901,13.287],[5.593,13.2923],[5.5984,13.2939],[5.6046,13.2939],[5.6048,13.296],[5.5994,13.298],[5.6023,13.3023],[5.6116,13.306],[5.6126,13.3055],[5.614,13.2995],[5.6174,13.2962],[5.6294,13.2899],[5.6334,13.2868],[5.6396,13.2923],[5.6421,13.2958],[5.6466,13.2983],[5.656,13.2935],[5.6602,13.2919],[5.6636,13.2889],[5.6727,13.2828],[5.6796,13.2811],[5.6876,13.2854],[5.6975,13.2829],[5.7086,13.2831],[5.723,13.2897],[5.7324,13.293],[5.7403,13.2973],[5.7527,13.2994],[5.7683,13.3034],[5.7752,13.3078],[5.7891,13.3073],[5.7921,13.3022],[5.8042,13.2866],[5.8069,13.2849],[5.8117,13.2839],[5.815,13.2847],[5.8241,13.289],[5.8312,13.2893],[5.8347,13.2943],[5.8379,13.2952],[5.8424,13.2997],[5.8488,13.2955],[5.8503,13.2919],[5.8549,13.2883],[5.8589,13.2817],[5.862,13.2808],[5.8575,13.2758],[5.8559,13.2711],[5.8594,13.2628],[5.8646,13.2566],[5.867,13.2509],[5.8709,13.2434],[5.8681,13.2399],[5.8673,13.2367],[5.8653,13.235],[5.864,13.2313],[5.8584,13.2268],[5.8543,13.2281],[5.8449,13.2264],[5.84,13.2237],[5.8306,13.2198],[5.8236,13.219],[5.8181,13.2249],[5.8164,13.2287],[5.8197,13.2317],[5.8197,13.2345],[5.8165,13.2391],[5.8085,13.2444],[5.801,13.246],[5.7886,13.2506],[5.7861,13.25],[5.7818,13.2445],[5.7786,13.2421],[5.7744,13.2439],[5.7697,13.2433],[5.7607,13.2448],[5.7555,13.243],[5.7482,13.2425],[5.7382,13.2389],[5.7361,13.2396],[5.7329,13.2329],[5.7302,13.2313],[5.7279,13.2275],[5.7209,13.2271],[5.7168,13.226],[5.7086,13.2224],[5.6985,13.2226],[5.6937,13.2204],[5.6938,13.217],[5.6953,13.2147],[5.6978,13.2158],[5.7009,13.2147],[5.7039,13.2153],[5.7067,13.2128],[5.7111,13.2118],[5.7141,13.2099],[5.7206,13.2093],[5.7263,13.2081],[5.7266,13.2002],[5.7279,13.1932],[5.7279,13.1842],[5.7273,13.1818],[5.7302,13.1733],[5.7311,13.1681],[5.7345,13.1606],[5.7346,13.1519],[5.7368,13.1489],[5.7311,13.1453],[5.7301,13.1338],[5.7272,13.1295],[5.7268,13.1257],[5.7225,13.1119],[5.7232,13.1099],[5.7265,13.1089],[5.7309,13.1094],[5.7378,13.1035],[5.7413,13.1023],[5.7499,13.102],[5.7557,13.1001],[5.7624,13.099],[5.7697,13.0988],[5.7762,13.0999],[5.7835,13.0988],[5.7882,13.0994],[5.7964,13.0957],[5.8022,13.0913],[5.8053,13.0909],[5.8129,13.0861],[5.8184,13.0867],[5.821,13.0886],[5.826,13.087],[5.8308,13.0873],[5.8358,13.0899],[5.8464,13.0898],[5.8498,13.0882],[5.8554,13.0897],[5.8597,13.0879],[5.863,13.0876],[5.8647,13.0897],[5.8635,13.0921],[5.8688,13.096],[5.871,13.1021],[5.8774,13.1046],[5.8805,13.0985],[5.885,13.0929],[5.8871,13.0914],[5.8913,13.0908],[5.8936,13.0888],[5.8991,13.086],[5.9041,13.0787],[5.906,13.078],[5.9072,13.0714],[5.9106,13.0656],[5.9169,13.063],[5.9188,13.0668],[5.9216,13.0692],[5.9256,13.0748],[5.9297,13.0763],[5.934,13.0835],[5.9398,13.0876],[5.9457,13.0901],[5.9505,13.091],[5.9564,13.0956],[5.9577,13.0989],[5.9616,13.0984],[5.9671,13.0949],[5.9698,13.0921],[5.9791,13.0917],[5.9812,13.0857],[5.9853,13.082],[5.9862,13.0863],[5.9923,13.0909],[5.9936,13.0969],[5.9973,13.0986],[6.0011,13.1029],[5.9988,13.1072],[6.0047,13.1109],[6.0054,13.1124],[6.0113,13.114],[6.0141,13.1125],[6.0196,13.1115],[6.0222,13.1126],[6.0263,13.1107],[6.0275,13.1118],[6.0321,13.1094],[6.0354,13.1088],[6.0401,13.1103],[6.0456,13.1092],[6.0488,13.1068],[6.051,13.1085],[6.0555,13.1081],[6.0545,13.1127],[6.0494,13.1217],[6.0475,13.1269],[6.0455,13.129],[6.0455,13.1322],[6.0423,13.1356],[6.0363,13.1454],[6.0337,13.1484],[6.0326,13.1543],[6.0313,13.1572],[6.0321,13.1619],[6.0308,13.1652],[6.0311,13.1688],[6.0298,13.1739],[6.0316,13.1781],[6.0353,13.179],[6.0359,13.1823],[6.0399,13.1824],[6.0418,13.1854],[6.0385,13.1889],[6.0325,13.1899],[6.0261,13.1943],[6.0212,13.1958],[6.0174,13.1981],[6.0107,13.1993],[6.0095,13.215],[6.0124,13.2194],[6.0117,13.2224],[6.006,13.2259],[5.996,13.2294],[5.9926,13.2325],[5.9841,13.2369],[5.982,13.237],[5.9751,13.241],[5.9733,13.2452],[5.9702,13.2557],[5.967,13.262],[5.968,13.2666],[5.9628,13.2689],[5.9595,13.2723],[5.9559,13.2746],[5.9528,13.2778],[5.949,13.2794],[5.9481,13.2876],[5.9466,13.2922],[5.9469,13.2948],[5.9446,13.298],[5.9374,13.3003],[5.9365,13.3052],[5.9368,13.3098],[5.9343,13.3233],[5.935,13.3249],[5.9324,13.3299],[5.9281,13.3337],[5.9219,13.3414],[5.9207,13.3464],[5.9212,13.3507],[5.9192,13.3533],[5.9119,13.357],[5.9095,13.3596],[5.9042,13.3632],[5.8942,13.3667],[5.8864,13.3637],[5.8848,13.3621],[5.8788,13.3601],[5.8723,13.3604],[5.8623,13.3568],[5.8551,13.3554],[5.8509,13.3573],[5.8437,13.3549],[5.8327,13.3535],[5.8287,13.3538],[5.8233,13.3527],[5.8151,13.3531],[5.8078,13.3498],[5.8023,13.3503],[5.7929,13.35],[5.7851,13.3471],[5.7792,13.3462],[5.7708,13.3463],[5.7686,13.3423],[5.7659,13.3394],[5.7599,13.3367],[5.7537,13.3355]]]},"properties":{"name":"S/GARI DOLE/DAN/TASAKKO","state":"33","code":"33/05/09"}},{"type":"Feature","geometry":{"type":"Polygon","coordinates":[[[5.7514,13.4726],[5.7489,13.4703],[5.7513,13.4649],[5.7548,13.4612],[5.7598,13.4577],[5.7603,13.4545],[5.7634,13.4464],[5.7592,13.436],[5.7546,13.4331],[5.7579,13.4297],[5.7613,13.4177],[5.7637,13.4147],[5.7662,13.4092],[5.7668,13.4045],[5.7684,13.4015],[5.7732,13.3973],[5.7793,13.3963],[5.7933,13.3972],[5.8053,13.3956],[5.8144,13.3932],[5.8203,13.3901],[5.8284,13.3836],[5.8312,13.3751],[5.8321,13.368],[5.8311,13.3613],[5.8287,13.3538],[5.8327,13.3535],[5.8437,13.3549],[5.8509,13.3573],[5.8551,13.3554],[5.8623,13.3568],[5.8723,13.3604],[5.8788,13.3601],[5.8848,13.3621],[5.8864,13.3637],[5.8942,13.3667],[5.8923,13.3706],[5.8926,13.3764],[5.8905,13.3813],[5.8887,13.388],[5.8906,13.3928],[5.8902,13.3948],[5.8922,13.4016],[5.8917,13.4037],[5.8845,13.4023],[5.8778,13.4053],[5.8732,13.403],[5.869,13.403],[5.8626,13.4061],[5.8638,13.422],[5.8639,13.4277],[5.865,13.4331],[5.862,13.4341],[5.855,13.4388],[5.8495,13.4395],[5.841,13.4443],[5.8376,13.4504],[5.8392,13.4559],[5.845,13.4633],[5.8469,13.4641],[5.849,13.473],[5.8514,13.4781],[5.8533,13.4804],[5.8535,13.4846],[5.8477,13.4843],[5.8396,13.4827],[5.8329,13.4802],[5.8233,13.4865],[5.8195,13.4901],[5.815,13.4895],[5.8068,13.4904],[5.805,13.4855],[5.7991,13.485],[5.7963,13.4864],[5.7953,13.4891],[5.7903,13.4856],[5.7864,13.4856],[5.7849,13.4884],[5.7822,13.4884],[5.7798,13.4834],[5.7766,13.4824],[5.7739,13.4788],[5.7696,13.4784],[5.7681,13.4756],[5.76,13.4767],[5.7579,13.4807],[5.7543,13.4787],[5.7578,13.477],[5.7573,13.4753],[5.7514,13.4726]]]},"properties":{"name":"BIRJINGO","state":"33","code":"33/05/10"}},{"type":"Feature","geometry":{"type":"Polygon","coordinates":[[[5.8005,13.5744],[5.7997,13.5663],[5.7987,13.564],[5.8008,13.5619],[5.8027,13.5572],[5.8023,13.5521],[5.8002,13.5508],[5.7988,13.5461],[5.796,13.5424],[5.79,13.5396],[5.7856,13.54],[5.7831,13.5442],[5.7769,13.5438],[5.7769,13.54],[5.7788,13.5324],[5.7759,13.5291],[5.7751,13.5232],[5.7796,13.5213],[5.7822,13.5175],[5.7825,13.5136],[5.7846,13.5078],[5.7878,13.5039],[5.787,13.4992],[5.7898,13.4948],[5.7907,13.4899],[5.7903,13.4856],[5.7953,13.4891],[5.7963,13.4864],[5.7991,13.485],[5.805,13.4855],[5.8068,13.4904],[5.815,13.4895],[5.8195,13.4901],[5.8233,13.4865],[5.8329,13.4802],[5.8396,13.4827],[5.8477,13.4843],[5.8535,13.4846],[5.8533,13.4804],[5.8514,13.4781],[5.849,13.473],[5.8469,13.4641],[5.845,13.4633],[5.8392,13.4559],[5.8376,13.4504],[5.841,13.4443],[5.8495,13.4395],[5.855,13.4388],[5.862,13.4341],[5.865,13.4331],[5.8726,13.441],[5.8732,13.452],[5.8754,13.4583],[5.8733,13.4638],[5.8693,13.4678],[5.8657,13.478],[5.8661,13.483],[5.8603,13.4878],[5.8573,13.4892],[5.856,13.4965],[5.8527,13.5028],[5.8546,13.5091],[5.8516,13.5165],[5.8517,13.5191],[5.8492,13.5238],[5.8445,13.5228],[5.8434,13.5251],[5.843,13.5312],[5.8417,13.5324],[5.8418,13.5407],[5.8488,13.5418],[5.8506,13.5413],[5.8579,13.5437],[5.8616,13.5439],[5.8651,13.5463],[5.8717,13.5469],[5.8755,13.5509],[5.8761,13.5536],[5.8746,13.5588],[5.8754,13.5657],[5.8751,13.5711],[5.8793,13.5757],[5.8763,13.5777],[5.8707,13.5784],[5.8646,13.5778],[5.8563,13.5733],[5.8468,13.5697],[5.8446,13.5703],[5.8374,13.5675],[5.833,13.568],[5.8294,13.5705],[5.8268,13.575],[5.8233,13.5739],[5.8178,13.5737],[5.814,13.5748],[5.8109,13.5742],[5.8047,13.5758],[5.8005,13.5744]]]},"properties":{"name":"TAKAKUME","state":"33","code":"33/05/11"}},{"type":"Feature","geometry":{"type":"Polygon","coordinates":[[[4.7028,13.2973],[4.6955,13.3001],[4.6916,13.3001],[4.6854,13.3021],[4.6809,13.3047],[4.6752,13.3126],[4.6635,13.3188],[4.6587,13.323],[4.6522,13.3252],[4.6427,13.3262],[4.64,13.3289],[4.6353,13.3299],[4.6268,13.3375],[4.6258,13.3408],[4.6229,13.3454],[4.6152,13.3503],[4.6121,13.3509],[4.6088,13.3543],[4.6049,13.3558],[4.6001,13.3595],[4.5988,13.3627],[4.5954,13.3652],[4.6014,13.3706],[4.5993,13.3725],[4.5991,13.3756],[4.5946,13.3741],[4.5903,13.3775],[4.5919,13.3825],[4.588,13.3842],[4.5882,13.3876],[4.5844,13.3888],[4.5867,13.392],[4.5857,13.397],[4.5821,13.397],[4.5777,13.3996],[4.5714,13.4053],[4.5719,13.4111],[4.5688,13.4111],[4.5673,13.4094],[4.5614,13.4094],[4.5587,13.4109],[4.5549,13.4096],[4.5507,13.4102],[4.5474,13.4128],[4.544,13.4139],[4.5391,13.4171],[4.531,13.4196],[4.5269,13.4185],[4.5254,13.4169],[4.5216,13.4169],[4.5177,13.4168],[4.5155,13.4155],[4.5084,13.4161],[4.4984,13.4132],[4.4934,13.4146],[4.4905,13.4137],[4.4865,13.4152],[4.4764,13.4053],[4.4742,13.402],[4.472,13.3957],[4.4717,13.3928],[4.4682,13.3872],[4.4622,13.3808],[4.4587,13.372],[4.4536,13.3641],[4.4502,13.3598],[4.4416,13.3515],[4.4408,13.3479],[4.4421,13.3444],[4.446,13.3441],[4.4521,13.3357],[4.4517,13.3313],[4.4489,13.3283],[4.4462,13.3195],[4.4431,13.3185],[4.4419,13.3142],[4.4404,13.3132],[4.4395,13.3089],[4.4353,13.3059],[4.43,13.305],[4.4268,13.3014],[4.4221,13.2946],[4.4177,13.2933],[4.4125,13.2863],[4.4055,13.2818],[4.4039,13.2766],[4.4077,13.2724],[4.4105,13.2676],[4.4123,13.2664],[4.4119,13.2625],[4.4129,13.2604],[4.4138,13.2532],[4.4161,13.2481],[4.4155,13.2428],[4.4205,13.2387],[4.4276,13.239],[4.4326,13.2435],[4.4406,13.2452],[4.442,13.2473],[4.4466,13.2483],[4.4481,13.2541],[4.4537,13.2615],[4.4599,13.2532],[4.4635,13.2533],[4.4648,13.2514],[4.47,13.2511],[4.4736,13.2501],[4.4756,13.2465],[4.4753,13.2434],[4.4766,13.2402],[4.4821,13.2375],[4.4843,13.2356],[4.4894,13.2362],[4.4924,13.2393],[4.4923,13.2417],[4.4951,13.2446],[4.4936,13.2486],[4.4949,13.2549],[4.4964,13.2567],[4.5015,13.2565],[4.5032,13.2553],[4.5073,13.2608],[4.5087,13.259],[4.5161,13.2567],[4.5207,13.2534],[4.526,13.2536],[4.5352,13.2497],[4.5399,13.2484],[4.5403,13.2459],[4.5482,13.2428],[4.5552,13.237],[4.5589,13.2375],[4.5626,13.2366],[4.5665,13.2323],[4.5735,13.2293],[4.582,13.2266],[4.5892,13.2188],[4.597,13.2164],[4.6009,13.2128],[4.6067,13.215],[4.6153,13.2128],[4.6172,13.2148],[4.6182,13.2194],[4.6223,13.2247],[4.6234,13.228],[4.6272,13.2302],[4.6285,13.2335],[4.6354,13.2354],[4.6387,13.2327],[4.6413,13.2277],[4.6439,13.2266],[4.6517,13.2331],[4.6562,13.2349],[4.6591,13.2395],[4.6673,13.2438],[4.6723,13.2486],[4.6783,13.2491],[4.6844,13.2509],[4.6848,13.2555],[4.6866,13.2583],[4.6902,13.2601],[4.6933,13.265],[4.695,13.2713],[4.6995,13.2802],[4.6991,13.2848],[4.7033,13.2953],[4.7028,13.2973]]]},"properties":{"name":"KARFEN SARKI","state":"33","code":"33/06/01"}},{"type":"Feature","geometry":{"type":"Polygon","coordinates":[[[4.4039,13.2766],[4.3989,13.2785],[4.3953,13.2772],[4.3909,13.2778],[4.3892,13.2796],[4.3826,13.2784],[4.376,13.2825],[4.3743,13.2858],[4.3689,13.2906],[4.3668,13.2964],[4.3645,13.2974],[4.3605,13.3011],[4.3557,13.3043],[4.3537,13.3075],[4.3447,13.3152],[4.3443,13.3161],[4.3359,13.3225],[4.3288,13.3222],[4.3265,13.3198],[4.319,13.3218],[4.3153,13.32],[4.3146,13.3238],[4.3114,13.3273],[4.3131,13.3323],[4.3102,13.3429],[4.3106,13.3472],[4.3094,13.3503],[4.3065,13.3521],[4.3049,13.3546],[4.2992,13.3602],[4.2949,13.3626],[4.2945,13.365],[4.2915,13.3693],[4.2896,13.3702],[4.2831,13.3772],[4.2825,13.3799],[4.2765,13.3855],[4.26,13.383],[4.2579,13.3812],[4.2537,13.3812],[4.2482,13.3796],[4.2387,13.376],[4.234,13.376],[4.2308,13.3737],[4.2272,13.3662],[4.2282,13.3623],[4.2266,13.3596],[4.2285,13.3526],[4.2324,13.3442],[4.2355,13.3386],[4.2395,13.3337],[4.2345,13.3317],[4.2303,13.3318],[4.2243,13.3294],[4.2211,13.3297],[4.216,13.3272],[4.2118,13.3236],[4.2076,13.3257],[4.2049,13.3248],[4.2005,13.3172],[4.1928,13.3128],[4.1966,13.3054],[4.2006,13.3021],[4.1997,13.292],[4.1901,13.2913],[4.1839,13.2899],[4.1761,13.2893],[4.1714,13.2876],[4.166,13.2876],[4.1634,13.2886],[4.1597,13.287],[4.157,13.2885],[4.1543,13.2864],[4.1473,13.2871],[4.1462,13.2513],[4.1786,13.2541],[4.2139,13.2637],[4.258,13.2644],[4.3002,13.2596],[4.3603,13.2123],[4.3664,13.2172],[4.374,13.2158],[4.3863,13.2149],[4.3962,13.2184],[4.401,13.2166],[4.403,13.2117],[4.408,13.2086],[4.4142,13.212],[4.42,13.2206],[4.421,13.2244],[4.4205,13.2387],[4.4155,13.2428],[4.4161,13.2481],[4.4138,13.2532],[4.4129,13.2604],[4.4119,13.2625],[4.4123,13.2664],[4.4105,13.2676],[4.4077,13.2724],[4.4039,13.2766]]]},"properties":{"name":"CHILAS/MAKUYA","state":"33","code":"33/06/02"}},{"type":"Feature","geometry":{"type":"Polygon","coordinates":[[[4.2308,13.3737],[4.2303,13.3772],[4.2247,13.3824],[4.2219,13.387],[4.2195,13.3936],[4.2191,13.3987],[4.217,13.4026],[4.2105,13.4066],[4.2105,13.4079],[4.2261,13.4082],[4.2536,13.412],[4.2504,13.4164],[4.25,13.4245],[4.2463,13.4257],[4.2465,13.4306],[4.2456,13.4327],[4.2468,13.4345],[4.2401,13.4354],[4.2388,13.4378],[4.2418,13.4407],[4.2425,13.444],[4.2476,13.4524],[4.2483,13.456],[4.2419,13.4638],[4.2413,13.4681],[4.2395,13.4707],[4.2427,13.4776],[4.2425,13.4809],[4.2443,13.4864],[4.2347,13.4779],[4.2087,13.4777],[4.189,13.4781],[4.1795,13.4778],[4.1654,13.4781],[4.156,13.4778],[4.1416,13.4781],[4.1418,13.4725],[4.1413,13.407],[4.1414,13.3839],[4.1412,13.3815],[4.1418,13.3615],[4.1409,13.3545],[4.1408,13.3439],[4.1415,13.3366],[4.1418,13.3273],[4.144,13.319],[4.1461,13.3135],[4.1475,13.2924],[4.1473,13.2871],[4.1543,13.2864],[4.157,13.2885],[4.1597,13.287],[4.1634,13.2886],[4.166,13.2876],[4.1714,13.2876],[4.1761,13.2893],[4.1839,13.2899],[4.1901,13.2913],[4.1997,13.292],[4.2006,13.3021],[4.1966,13.3054],[4.1928,13.3128],[4.2005,13.3172],[4.2049,13.3248],[4.2076,13.3257],[4.2118,13.3236],[4.216,13.3272],[4.2211,13.3297],[4.2243,13.3294],[4.2303,13.3318],[4.2345,13.3317],[4.2395,13.3337],[4.2355,13.3386],[4.2324,13.3442],[4.2285,13.3526],[4.2266,13.3596],[4.2282,13.3623],[4.2272,13.3662],[4.2308,13.3737]]]},"properties":{"name":"BACHAKA","state":"33","code":"33/06/03"}},{"type":"Feature","geometry":{"type":"Polygon","coordinates":[[[4.4622,13.3808],[4.4527,13.3932],[4.4481,13.3955],[4.4398,13.3969],[4.4336,13.3996],[4.4296,13.4],[4.4258,13.4023],[4.4227,13.4057],[4.419,13.4061],[4.413,13.4045],[4.4069,13.4052],[4.4015,13.4069],[4.394,13.4056],[4.3902,13.4111],[4.3854,13.4142],[4.38,13.415],[4.3762,13.4138],[4.369,13.4147],[4.3668,13.4118],[4.3583,13.4144],[4.3513,13.4126],[4.3441,13.4128],[4.3418,13.4138],[4.3356,13.4129],[4.3334,13.4112],[4.3292,13.411],[4.3248,13.4162],[4.3212,13.4193],[4.3186,13.4191],[4.3123,13.4244],[4.3071,13.4265],[4.2994,13.4259],[4.295,13.4276],[4.2873,13.4255],[4.283,13.4237],[4.2799,13.4206],[4.2765,13.4202],[4.2729,13.4178],[4.2693,13.4227],[4.268,13.428],[4.2616,13.4291],[4.2569,13.4289],[4.2535,13.4311],[4.2502,13.4307],[4.2456,13.4327],[4.2465,13.4306],[4.2463,13.4257],[4.25,13.4245],[4.2504,13.4164],[4.2536,13.412],[4.2261,13.4082],[4.2105,13.4079],[4.2105,13.4066],[4.217,13.4026],[4.2191,13.3987],[4.2195,13.3936],[4.2219,13.387],[4.2247,13.3824],[4.2303,13.3772],[4.2308,13.3737],[4.234,13.376],[4.2387,13.376],[4.2482,13.3796],[4.2537,13.3812],[4.2579,13.3812],[4.26,13.383],[4.2765,13.3855],[4.2825,13.3799],[4.2831,13.3772],[4.2896,13.3702],[4.2915,13.3693],[4.2945,13.365],[4.2949,13.3626],[4.2992,13.3602],[4.3049,13.3546],[4.3065,13.3521],[4.3094,13.3503],[4.3106,13.3472],[4.3102,13.3429],[4.3131,13.3323],[4.3114,13.3273],[4.3146,13.3238],[4.3153,13.32],[4.319,13.3218],[4.3265,13.3198],[4.3288,13.3222],[4.3359,13.3225],[4.3443,13.3161],[4.3447,13.3152],[4.3537,13.3075],[4.3557,13.3043],[4.3605,13.3011],[4.3645,13.2974],[4.3668,13.2964],[4.3689,13.2906],[4.3743,13.2858],[4.376,13.2825],[4.3826,13.2784],[4.3892,13.2796],[4.3909,13.2778],[4.3953,13.2772],[4.3989,13.2785],[4.4039,13.2766],[4.4055,13.2818],[4.4125,13.2863],[4.4177,13.2933],[4.4221,13.2946],[4.4268,13.3014],[4.43,13.305],[4.4353,13.3059],[4.4395,13.3089],[4.4404,13.3132],[4.4419,13.3142],[4.4431,13.3185],[4.4462,13.3195],[4.4489,13.3283],[4.4517,13.3313],[4.4521,13.3357],[4.446,13.3441],[4.4421,13.3444],[4.4408,13.3479],[4.4416,13.3515],[4.4502,13.3598],[4.4536,13.3641],[4.4587,13.372],[4.4622,13.3808]]]},"properties":{"name":"GWAZANGE/BOTO","state":"33","code":"33/06/04"}},{"type":"Feature","geometry":{"type":"Polygon","coordinates":[[[4.2483,13.456],[4.253,13.4578],[4.2618,13.4588],[4.2679,13.4605],[4.2708,13.4633],[4.2785,13.4634],[4.2826,13.4641],[4.2808,13.4697],[4.2771,13.4728],[4.2794,13.4757],[4.2869,13.4813],[4.2958,13.4915],[4.3016,13.4957],[4.3077,13.4966],[4.3079,13.4991],[4.303,13.5012],[4.3,13.5069],[4.3035,13.515],[4.3097,13.5155],[4.3123,13.5176],[4.3176,13.5144],[4.3238,13.5125],[4.3253,13.5103],[4.3287,13.5113],[4.3311,13.5101],[4.3386,13.5112],[4.3403,13.5152],[4.3436,13.5161],[4.3473,13.519],[4.3486,13.5213],[4.3561,13.5237],[4.3595,13.5256],[4.364,13.5312],[4.3672,13.5334],[4.3742,13.5343],[4.3758,13.5373],[4.3761,13.5415],[4.3768,13.544],[4.3756,13.5554],[4.377,13.5593],[4.3834,13.5632],[4.3912,13.5731],[4.3946,13.584],[4.3888,13.5991],[4.3865,13.6116],[4.2443,13.4864],[4.2425,13.4809],[4.2427,13.4776],[4.2395,13.4707],[4.2413,13.4681],[4.2419,13.4638],[4.2483,13.456]]]},"properties":{"name":"KURDULA","state":"33","code":"33/06/05"}},{"type":"Feature","geometry":{"type":"Polygon","coordinates":[[[4.7094,13.3146],[4.7092,13.3194],[4.7005,13.3202],[4.6964,13.3198],[4.6898,13.3234],[4.6867,13.3233],[4.6801,13.3288],[4.6783,13.3327],[4.6793,13.3369],[4.6782,13.3411],[4.6749,13.3466],[4.6695,13.3518],[4.6689,13.3547],[4.6668,13.358],[4.6694,13.3602],[4.6671,13.3639],[4.6675,13.3736],[4.6705,13.3782],[4.673,13.3775],[4.676,13.3799],[4.686,13.3856],[4.6947,13.3886],[4.6969,13.3915],[4.6994,13.3925],[4.7003,13.3951],[4.7036,13.3954],[4.7073,13.3944],[4.7137,13.3939],[4.7195,13.3919],[4.7217,13.3924],[4.7235,13.3898],[4.7279,13.3882],[4.7314,13.3885],[4.7322,13.3854],[4.738,13.3864],[4.7419,13.3883],[4.7451,13.3864],[4.751,13.3869],[4.7537,13.3893],[4.7564,13.3943],[4.7599,13.3972],[4.7642,13.4048],[4.7652,13.4089],[4.7682,13.4125],[4.7686,13.4165],[4.7671,13.4199],[4.7676,13.4231],[4.7662,13.4271],[4.7669,13.429],[4.767,13.4362],[4.7641,13.44],[4.7601,13.449],[4.7575,13.4528],[4.758,13.457],[4.7575,13.4631],[4.7587,13.4656],[4.7601,13.4801],[4.758,13.4829],[4.7579,13.4893],[4.7528,13.4928],[4.7535,13.4981],[4.7581,13.4974],[4.7617,13.4941],[4.7649,13.4973],[4.7672,13.4962],[4.7705,13.4918],[4.7745,13.4963],[4.7736,13.4991],[4.7705,13.5036],[4.7698,13.5097],[4.764,13.5129],[4.7609,13.5171],[4.7547,13.518],[4.7425,13.5174],[4.7377,13.5163],[4.7272,13.5176],[4.7255,13.5239],[4.7252,13.5304],[4.72,13.5405],[4.7224,13.542],[4.7244,13.5487],[4.7269,13.5514],[4.7274,13.5552],[4.7296,13.5572],[4.73,13.5618],[4.7323,13.5661],[4.733,13.571],[4.7362,13.5763],[4.7367,13.5791],[4.7417,13.586],[4.7473,13.5888],[4.7506,13.592],[4.7561,13.5956],[4.7546,13.6004],[4.7559,13.6042],[4.751,13.6101],[4.7504,13.6129],[4.7501,13.6229],[4.7515,13.6279],[4.7515,13.6323],[4.749,13.6406],[4.7432,13.6416],[4.7392,13.6414],[4.7309,13.6425],[4.721,13.6475],[4.7204,13.6484],[4.7093,13.6511],[4.7059,13.6501],[4.7005,13.6523],[4.6976,13.6549],[4.6964,13.6504],[4.6899,13.647],[4.6865,13.6441],[4.6886,13.6408],[4.6872,13.6395],[4.6854,13.6321],[4.6835,13.6296],[4.6793,13.6267],[4.6761,13.6217],[4.6728,13.6203],[4.6707,13.6212],[4.6628,13.6167],[4.6582,13.6111],[4.65,13.61],[4.6447,13.6076],[4.6432,13.6042],[4.6436,13.6019],[4.6417,13.5996],[4.6436,13.5965],[4.6441,13.5933],[4.6406,13.5921],[4.6375,13.5859],[4.6341,13.5836],[4.6315,13.5804],[4.6305,13.5774],[4.627,13.5752],[4.6226,13.5694],[4.6233,13.5638],[4.6262,13.5594],[4.6231,13.5556],[4.6277,13.5499],[4.6281,13.547],[4.6324,13.5439],[4.6307,13.5391],[4.6343,13.5305],[4.6272,13.5282],[4.6239,13.5255],[4.6235,13.523],[4.6211,13.5199],[4.6105,13.52],[4.6067,13.5184],[4.6011,13.5149],[4.5958,13.5157],[4.593,13.515],[4.5917,13.5046],[4.5903,13.5021],[4.5896,13.4967],[4.588,13.4938],[4.5877,13.4882],[4.5854,13.4835],[4.5824,13.4822],[4.5753,13.4773],[4.5662,13.4725],[4.5719,13.466],[4.5753,13.4609],[4.5774,13.462],[4.5803,13.4589],[4.5811,13.4512],[4.5822,13.4488],[4.5813,13.4461],[4.5829,13.4433],[4.5812,13.4391],[4.5806,13.4317],[4.5825,13.4273],[4.5799,13.4231],[4.5722,13.4152],[4.5719,13.4111],[4.5714,13.4053],[4.5777,13.3996],[4.5821,13.397],[4.5857,13.397],[4.5867,13.392],[4.5844,13.3888],[4.5882,13.3876],[4.588,13.3842],[4.5919,13.3825],[4.5903,13.3775],[4.5946,13.3741],[4.5991,13.3756],[4.5993,13.3725],[4.6014,13.3706],[4.5954,13.3652],[4.5988,13.3627],[4.6001,13.3595],[4.6049,13.3558],[4.6088,13.3543],[4.6121,13.3509],[4.6152,13.3503],[4.6229,13.3454],[4.6258,13.3408],[4.6268,13.3375],[4.6353,13.3299],[4.64,13.3289],[4.6427,13.3262],[4.6522,13.3252],[4.6587,13.323],[4.6635,13.3188],[4.6752,13.3126],[4.6809,13.3047],[4.6854,13.3021],[4.6916,13.3001],[4.6955,13.3001],[4.7028,13.2973],[4.7045,13.3039],[4.7094,13.3146]]]},"properties":{"name":"BALLE","state":"33","code":"33/06/06"}},{"type":"Feature","geometry":{"type":"Polygon","coordinates":[[[4.5719,13.4111],[4.5722,13.4152],[4.5799,13.4231],[4.5825,13.4273],[4.5806,13.4317],[4.5812,13.4391],[4.5829,13.4433],[4.5813,13.4461],[4.5822,13.4488],[4.5811,13.4512],[4.5803,13.4589],[4.5774,13.462],[4.5753,13.4609],[4.5719,13.466],[4.5662,13.4725],[4.5753,13.4773],[4.5824,13.4822],[4.5854,13.4835],[4.5877,13.4882],[4.588,13.4938],[4.5896,13.4967],[4.5903,13.5021],[4.5917,13.5046],[4.593,13.515],[4.5958,13.5157],[4.6011,13.5149],[4.6067,13.5184],[4.6105,13.52],[4.6211,13.5199],[4.6235,13.523],[4.6239,13.5255],[4.6272,13.5282],[4.6343,13.5305],[4.6307,13.5391],[4.6324,13.5439],[4.6281,13.547],[4.6277,13.5499],[4.6231,13.5556],[4.6262,13.5594],[4.6233,13.5638],[4.6226,13.5694],[4.627,13.5752],[4.6305,13.5774],[4.6315,13.5804],[4.6341,13.5836],[4.6375,13.5859],[4.6406,13.5921],[4.6441,13.5933],[4.6436,13.5965],[4.6393,13.6013],[4.6322,13.6058],[4.6311,13.608],[4.6239,13.6117],[4.6196,13.6186],[4.6107,13.6193],[4.6028,13.6204],[4.601,13.6224],[4.5955,13.6327],[4.5816,13.6357],[4.5757,13.6377],[4.5696,13.6384],[4.5619,13.6372],[4.5513,13.6283],[4.5463,13.6271],[4.5425,13.6231],[4.5342,13.6208],[4.5288,13.6214],[4.5214,13.62],[4.5177,13.6172],[4.5107,13.6086],[4.5051,13.6062],[4.5001,13.5987],[4.497,13.5981],[4.4941,13.5945],[4.4932,13.5915],[4.4869,13.5831],[4.4858,13.5842],[4.4832,13.5928],[4.4845,13.5992],[4.4821,13.6089],[4.4857,13.6131],[4.4864,13.6212],[4.4851,13.6293],[4.4825,13.6391],[4.4784,13.6431],[4.4739,13.6445],[4.4695,13.6434],[4.4599,13.6421],[4.4586,13.6411],[4.4516,13.639],[4.4445,13.646],[4.444,13.6513],[4.4419,13.6565],[4.44,13.6588],[4.3865,13.6116],[4.3888,13.5991],[4.3946,13.584],[4.3912,13.5731],[4.3834,13.5632],[4.377,13.5593],[4.3756,13.5554],[4.3768,13.544],[4.3761,13.5415],[4.3792,13.5363],[4.3794,13.5327],[4.3865,13.5253],[4.39,13.52],[4.397,13.5177],[4.4064,13.5128],[4.4108,13.512],[4.4152,13.5098],[4.4188,13.5109],[4.4231,13.5105],[4.4292,13.5042],[4.4391,13.497],[4.4501,13.4934],[4.4559,13.4907],[4.4642,13.4907],[4.4732,13.4919],[4.477,13.4889],[4.4812,13.4884],[4.4845,13.4865],[4.4935,13.4846],[4.497,13.4829],[4.5023,13.4735],[4.5022,13.4667],[4.5051,13.4603],[4.5087,13.4496],[4.5101,13.4395],[4.5116,13.4368],[4.5198,13.4289],[4.5222,13.4245],[4.5216,13.4169],[4.5254,13.4169],[4.5269,13.4185],[4.531,13.4196],[4.5391,13.4171],[4.544,13.4139],[4.5474,13.4128],[4.5507,13.4102],[4.5549,13.4096],[4.5587,13.4109],[4.5614,13.4094],[4.5673,13.4094],[4.5688,13.4111],[4.5719,13.4111]]]},"properties":{"name":"AWULKITI","state":"33","code":"33/06/07"}},{"type":"Feature","geometry":{"type":"Polygon","coordinates":[[[4.6153,13.2128],[4.6067,13.215],[4.6009,13.2128],[4.597,13.2164],[4.5892,13.2188],[4.582,13.2266],[4.5735,13.2293],[4.5665,13.2323],[4.5626,13.2366],[4.5589,13.2375],[4.5552,13.237],[4.5482,13.2428],[4.5403,13.2459],[4.5399,13.2484],[4.5352,13.2497],[4.526,13.2536],[4.5207,13.2534],[4.5161,13.2567],[4.5087,13.259],[4.5073,13.2608],[4.5032,13.2553],[4.5015,13.2565],[4.4964,13.2567],[4.4949,13.2549],[4.4936,13.2486],[4.4951,13.2446],[4.4923,13.2417],[4.4924,13.2393],[4.4894,13.2362],[4.4843,13.2356],[4.4821,13.2375],[4.4766,13.2402],[4.4753,13.2434],[4.4756,13.2465],[4.4736,13.2501],[4.47,13.2511],[4.4648,13.2514],[4.4635,13.2533],[4.4599,13.2532],[4.4537,13.2615],[4.4481,13.2541],[4.4466,13.2483],[4.442,13.2473],[4.4406,13.2452],[4.4326,13.2435],[4.4276,13.239],[4.4205,13.2387],[4.421,13.2244],[4.42,13.2206],[4.4142,13.212],[4.408,13.2086],[4.403,13.2117],[4.401,13.2166],[4.3962,13.2184],[4.3863,13.2149],[4.374,13.2158],[4.3664,13.2172],[4.3603,13.2123],[4.3744,13.2011],[4.3918,13.1971],[4.4071,13.1955],[4.4298,13.1927],[4.4395,13.1888],[4.4469,13.1867],[4.4561,13.1828],[4.4605,13.1828],[4.463,13.1813],[4.4675,13.1805],[4.4779,13.1743],[4.4829,13.1702],[4.4903,13.1666],[4.493,13.1623],[4.4957,13.1603],[4.4988,13.1638],[4.5026,13.1665],[4.5037,13.1717],[4.5083,13.1759],[4.5101,13.1822],[4.5107,13.1873],[4.5161,13.1913],[4.5173,13.1953],[4.5229,13.2023],[4.5243,13.2063],[4.5297,13.2076],[4.5327,13.2062],[4.5389,13.2073],[4.5409,13.2052],[4.5451,13.2053],[4.5483,13.2043],[4.5561,13.2042],[4.5627,13.2048],[4.5685,13.2028],[4.5822,13.1999],[4.5844,13.2004],[4.5983,13.1978],[4.6053,13.1984],[4.6075,13.1996],[4.6126,13.1994],[4.6137,13.2038],[4.6131,13.2064],[4.6153,13.2104],[4.6153,13.2128]]]},"properties":{"name":"KARFEN CHANA","state":"33","code":"33/06/08"}},{"type":"Feature","geometry":{"type":"Polygon","coordinates":[[[4.7204,13.6484],[4.7234,13.6546],[4.728,13.6592],[4.7297,13.6628],[4.73,13.6659],[4.7325,13.6715],[4.735,13.674],[4.7369,13.6796],[4.7414,13.6848],[4.7474,13.6869],[4.7569,13.6937],[4.7635,13.6951],[4.7657,13.7],[4.7714,13.7025],[4.7784,13.7045],[4.7825,13.7086],[4.7901,13.7126],[4.7931,13.7155],[4.7994,13.7144],[4.8063,13.7177],[4.8089,13.72],[4.8093,13.7294],[4.8121,13.7373],[4.8131,13.7423],[4.8146,13.745],[4.8149,13.7518],[4.8118,13.7597],[4.8123,13.7619],[4.6046,13.7156],[4.5415,13.7016],[4.4657,13.6814],[4.44,13.6588],[4.4419,13.6565],[4.444,13.6513],[4.4445,13.646],[4.4516,13.639],[4.4586,13.6411],[4.4599,13.6421],[4.4695,13.6434],[4.4739,13.6445],[4.4784,13.6431],[4.4825,13.6391],[4.4851,13.6293],[4.4864,13.6212],[4.4857,13.6131],[4.4821,13.6089],[4.4845,13.5992],[4.4832,13.5928],[4.4858,13.5842],[4.4869,13.5831],[4.4932,13.5915],[4.4941,13.5945],[4.497,13.5981],[4.5001,13.5987],[4.5051,13.6062],[4.5107,13.6086],[4.5177,13.6172],[4.5214,13.62],[4.5288,13.6214],[4.5342,13.6208],[4.5425,13.6231],[4.5463,13.6271],[4.5513,13.6283],[4.5619,13.6372],[4.5696,13.6384],[4.5757,13.6377],[4.5816,13.6357],[4.5955,13.6327],[4.601,13.6224],[4.6028,13.6204],[4.6107,13.6193],[4.6196,13.6186],[4.6239,13.6117],[4.6311,13.608],[4.6322,13.6058],[4.6393,13.6013],[4.6436,13.5965],[4.6417,13.5996],[4.6436,13.6019],[4.6432,13.6042],[4.6447,13.6076],[4.65,13.61],[4.6582,13.6111],[4.6628,13.6167],[4.6707,13.6212],[4.6728,13.6203],[4.6761,13.6217],[4.6793,13.6267],[4.6835,13.6296],[4.6854,13.6321],[4.6872,13.6395],[4.6886,13.6408],[4.6865,13.6441],[4.6899,13.647],[4.6964,13.6504],[4.6976,13.6549],[4.7005,13.6523],[4.7059,13.6501],[4.7093,13.6511],[4.7204,13.6484]]]},"properties":{"name":"MARAKEN BORI","state":"33","code":"33/06/09"}},{"type":"Feature","geometry":{"type":"Polygon","coordinates":[[[4.5216,13.4169],[4.5222,13.4245],[4.5198,13.4289],[4.5116,13.4368],[4.5101,13.4395],[4.5087,13.4496],[4.5051,13.4603],[4.5022,13.4667],[4.5023,13.4735],[4.497,13.4829],[4.4935,13.4846],[4.4845,13.4865],[4.4812,13.4884],[4.477,13.4889],[4.4732,13.4919],[4.4642,13.4907],[4.4559,13.4907],[4.4501,13.4934],[4.4391,13.497],[4.4292,13.5042],[4.4231,13.5105],[4.4188,13.5109],[4.4152,13.5098],[4.4108,13.512],[4.4064,13.5128],[4.397,13.5177],[4.39,13.52],[4.3865,13.5253],[4.3794,13.5327],[4.3792,13.5363],[4.3761,13.5415],[4.3758,13.5373],[4.3742,13.5343],[4.3672,13.5334],[4.364,13.5312],[4.3595,13.5256],[4.3561,13.5237],[4.3486,13.5213],[4.3473,13.519],[4.3436,13.5161],[4.3403,13.5152],[4.3386,13.5112],[4.3311,13.5101],[4.3287,13.5113],[4.3253,13.5103],[4.3238,13.5125],[4.3176,13.5144],[4.3123,13.5176],[4.3097,13.5155],[4.3035,13.515],[4.3,13.5069],[4.303,13.5012],[4.3079,13.4991],[4.3077,13.4966],[4.3016,13.4957],[4.2958,13.4915],[4.2869,13.4813],[4.2794,13.4757],[4.2771,13.4728],[4.2808,13.4697],[4.2826,13.4641],[4.2785,13.4634],[4.2708,13.4633],[4.2679,13.4605],[4.2618,13.4588],[4.253,13.4578],[4.2483,13.456],[4.2476,13.4524],[4.2425,13.444],[4.2418,13.4407],[4.2388,13.4378],[4.2401,13.4354],[4.2468,13.4345],[4.2456,13.4327],[4.2502,13.4307],[4.2535,13.4311],[4.2569,13.4289],[4.2616,13.4291],[4.268,13.428],[4.2693,13.4227],[4.2729,13.4178],[4.2765,13.4202],[4.2799,13.4206],[4.283,13.4237],[4.2873,13.4255],[4.295,13.4276],[4.2994,13.4259],[4.3071,13.4265],[4.3123,13.4244],[4.3186,13.4191],[4.3212,13.4193],[4.3248,13.4162],[4.3292,13.411],[4.3334,13.4112],[4.3356,13.4129],[4.3418,13.4138],[4.3441,13.4128],[4.3513,13.4126],[4.3583,13.4144],[4.3668,13.4118],[4.369,13.4147],[4.3762,13.4138],[4.38,13.415],[4.3854,13.4142],[4.3902,13.4111],[4.394,13.4056],[4.4015,13.4069],[4.4069,13.4052],[4.413,13.4045],[4.419,13.4061],[4.4227,13.4057],[4.4258,13.4023],[4.4296,13.4],[4.4336,13.3996],[4.4398,13.3969],[4.4481,13.3955],[4.4527,13.3932],[4.4622,13.3808],[4.4682,13.3872],[4.4717,13.3928],[4.472,13.3957],[4.4742,13.402],[4.4764,13.4053],[4.4865,13.4152],[4.4905,13.4137],[4.4934,13.4146],[4.4984,13.4132],[4.5084,13.4161],[4.5155,13.4155],[4.5177,13.4168],[4.5216,13.4169]]]},"properties":{"name":"TULUN DOYA","state":"33","code":"33/06/10"}},{"type":"Feature","geometry":{"type":"Polygon","coordinates":[[[5.3181,13.5213],[5.31,13.5274],[5.2938,13.5215],[5.2915,13.5194],[5.2902,13.516],[5.2878,13.5147],[5.2805,13.5143],[5.2756,13.5153],[5.2737,13.5168],[5.2655,13.5178],[5.2409,13.4931],[5.2455,13.4877],[5.2522,13.4829],[5.2537,13.4786],[5.251,13.473],[5.2481,13.4708],[5.2497,13.4686],[5.2491,13.4662],[5.2441,13.4615],[5.2399,13.4607],[5.2394,13.4572],[5.2407,13.4476],[5.2346,13.4419],[5.2413,13.4389],[5.2428,13.4359],[5.241,13.4226],[5.235,13.4159],[5.2308,13.4077],[5.2338,13.4017],[5.2358,13.4023],[5.2374,13.4079],[5.2461,13.4076],[5.2539,13.4093],[5.2592,13.4085],[5.2599,13.4111],[5.2665,13.4145],[5.2707,13.4159],[5.2739,13.4183],[5.2757,13.4174],[5.2829,13.4177],[5.2863,13.4192],[5.2886,13.4219],[5.2995,13.4198],[5.301,13.4203],[5.3028,13.4221],[5.3152,13.4231],[5.3199,13.4251],[5.3221,13.4322],[5.3213,13.4358],[5.3248,13.4384],[5.325,13.4413],[5.3273,13.4453],[5.3284,13.4533],[5.3254,13.4562],[5.3288,13.4611],[5.3299,13.4648],[5.3298,13.4716],[5.3284,13.4728],[5.3229,13.4737],[5.3269,13.4842],[5.3302,13.4898],[5.337,13.4948],[5.3312,13.5058],[5.3284,13.5067],[5.3242,13.506],[5.3207,13.5041],[5.3175,13.5048],[5.3162,13.5074],[5.3181,13.5213]]]},"properties":{"name":"ASARA KUDU","state":"33","code":"33/07/01"}},{"type":"Feature","geometry":{"type":"Polygon","coordinates":[[[5.1797,13.4286],[5.1764,13.4257],[5.1698,13.4263],[5.166,13.428],[5.1618,13.4277],[5.1556,13.429],[5.1538,13.4286],[5.1499,13.4244],[5.1473,13.4243],[5.1425,13.4216],[5.1371,13.4234],[5.1328,13.429],[5.1279,13.4308],[5.1231,13.4274],[5.1202,13.4242],[5.12,13.418],[5.1233,13.4141],[5.122,13.4111],[5.1172,13.4139],[5.1144,13.414],[5.1138,13.4098],[5.1151,13.4039],[5.1179,13.4013],[5.1194,13.3972],[5.1239,13.3974],[5.1246,13.3988],[5.1303,13.4017],[5.1346,13.4011],[5.1398,13.4036],[5.1436,13.403],[5.1514,13.3989],[5.1558,13.3954],[5.155,13.3898],[5.1523,13.3881],[5.1512,13.3845],[5.151,13.3792],[5.1465,13.3737],[5.1386,13.3745],[5.1326,13.3793],[5.1299,13.3803],[5.1243,13.3851],[5.1203,13.3849],[5.1174,13.3891],[5.1137,13.3872],[5.1113,13.3847],[5.1067,13.3833],[5.1035,13.3812],[5.1041,13.3785],[5.107,13.3761],[5.1085,13.371],[5.1103,13.3695],[5.1131,13.3622],[5.1152,13.3603],[5.1217,13.3602],[5.1239,13.3583],[5.1228,13.3556],[5.1223,13.3482],[5.1235,13.3449],[5.126,13.3427],[5.1265,13.3388],[5.1245,13.3316],[5.1208,13.3291],[5.1148,13.3287],[5.1073,13.327],[5.1029,13.3306],[5.0982,13.3319],[5.0922,13.3358],[5.0781,13.339],[5.0711,13.3389],[5.0705,13.3341],[5.0674,13.3311],[5.0661,13.3251],[5.0676,13.3178],[5.0711,13.3085],[5.0793,13.3066],[5.0852,13.3041],[5.0901,13.304],[5.0986,13.3011],[5.1007,13.2941],[5.099,13.2842],[5.0999,13.2816],[5.1084,13.2718],[5.1139,13.2666],[5.1188,13.2691],[5.1214,13.2718],[5.1289,13.2742],[5.1351,13.2783],[5.141,13.2784],[5.1468,13.282],[5.1484,13.2847],[5.1475,13.2875],[5.1478,13.2967],[5.1573,13.3044],[5.1618,13.3066],[5.1681,13.3068],[5.1701,13.3096],[5.1667,13.3166],[5.1675,13.3201],[5.1667,13.3235],[5.1674,13.3305],[5.1657,13.3347],[5.1725,13.338],[5.1782,13.3375],[5.1802,13.3355],[5.1835,13.3349],[5.1869,13.331],[5.1899,13.3329],[5.19,13.3374],[5.1912,13.3397],[5.1942,13.3412],[5.1984,13.3404],[5.1969,13.3415],[5.2004,13.3478],[5.2087,13.3499],[5.2149,13.3495],[5.2231,13.3565],[5.2223,13.364],[5.2234,13.3719],[5.2187,13.3728],[5.2128,13.3766],[5.2108,13.3793],[5.1996,13.3836],[5.197,13.3889],[5.1991,13.3954],[5.202,13.3958],[5.2064,13.4007],[5.2057,13.4027],[5.2061,13.4106],[5.2073,13.4144],[5.2076,13.4196],[5.2029,13.4233],[5.1954,13.4247],[5.1844,13.4289],[5.1797,13.4286]]]},"properties":{"name":"ATAKWANYO","state":"33","code":"33/07/03"}},{"type":"Feature","geometry":{"type":"Polygon","coordinates":[[[5.3868,13.3215],[5.3801,13.3218],[5.375,13.3238],[5.3716,13.3235],[5.368,13.3263],[5.3651,13.3268],[5.3622,13.3305],[5.3565,13.3357],[5.3563,13.3406],[5.3546,13.3447],[5.3535,13.35],[5.3546,13.3532],[5.3475,13.3618],[5.3432,13.3636],[5.3403,13.3701],[5.3363,13.3742],[5.3301,13.3763],[5.3322,13.3821],[5.3333,13.388],[5.3329,13.3958],[5.3297,13.4022],[5.3258,13.4037],[5.3181,13.3999],[5.3164,13.3959],[5.3112,13.3947],[5.3061,13.3945],[5.2996,13.3906],[5.2967,13.3877],[5.2913,13.3845],[5.2911,13.3667],[5.2892,13.3636],[5.2916,13.3533],[5.2882,13.3444],[5.2918,13.3404],[5.2927,13.3374],[5.2928,13.3323],[5.2912,13.3298],[5.2907,13.3231],[5.2934,13.3171],[5.2997,13.3149],[5.3045,13.3197],[5.3092,13.3228],[5.3137,13.3285],[5.3164,13.3294],[5.3183,13.3265],[5.3231,13.3233],[5.3259,13.318],[5.3312,13.316],[5.3355,13.3113],[5.3362,13.3064],[5.3393,13.3039],[5.3404,13.3003],[5.3434,13.2951],[5.3479,13.2916],[5.3533,13.2809],[5.3604,13.2788],[5.3641,13.2753],[5.3637,13.2811],[5.3653,13.2841],[5.3643,13.2906],[5.3705,13.3015],[5.3717,13.3067],[5.374,13.3095],[5.3787,13.3125],[5.3868,13.3215]]]},"properties":{"name":"CHIMMOLA/KUDU","state":"33","code":"33/07/04"}},{"type":"Feature","geometry":{"type":"Polygon","coordinates":[[[5.2308,13.4077],[5.2282,13.4086],[5.2218,13.4157],[5.2143,13.4213],[5.2105,13.4227],[5.2076,13.4196],[5.2073,13.4144],[5.2061,13.4106],[5.2057,13.4027],[5.2064,13.4007],[5.202,13.3958],[5.1991,13.3954],[5.197,13.3889],[5.1996,13.3836],[5.2108,13.3793],[5.2128,13.3766],[5.2187,13.3728],[5.2234,13.3719],[5.2223,13.364],[5.2231,13.3565],[5.2149,13.3495],[5.2087,13.3499],[5.2004,13.3478],[5.1969,13.3415],[5.1984,13.3404],[5.2035,13.3398],[5.208,13.3406],[5.2107,13.3394],[5.2129,13.3358],[5.2161,13.3352],[5.2218,13.33],[5.2258,13.3318],[5.2267,13.3336],[5.2398,13.3323],[5.2452,13.3376],[5.2458,13.3393],[5.2513,13.3423],[5.2555,13.3421],[5.2631,13.3473],[5.2691,13.3465],[5.2732,13.3451],[5.2785,13.3451],[5.2792,13.344],[5.2864,13.3436],[5.2882,13.3444],[5.2916,13.3533],[5.2892,13.3636],[5.2911,13.3667],[5.2913,13.3845],[5.2967,13.3877],[5.2996,13.3906],[5.3061,13.3945],[5.3112,13.3947],[5.3164,13.3959],[5.3181,13.3999],[5.3143,13.4009],[5.31,13.4039],[5.308,13.4086],[5.3053,13.4115],[5.3044,13.415],[5.301,13.4203],[5.2995,13.4198],[5.2886,13.4219],[5.2863,13.4192],[5.2829,13.4177],[5.2757,13.4174],[5.2739,13.4183],[5.2707,13.4159],[5.2665,13.4145],[5.2599,13.4111],[5.2592,13.4085],[5.2539,13.4093],[5.2461,13.4076],[5.2374,13.4079],[5.2358,13.4023],[5.2338,13.4017],[5.2308,13.4077]]]},"properties":{"name":"GWADABAWA","state":"33","code":"33/07/06"}},{"type":"Feature","geometry":{"type":"Polygon","coordinates":[[[5.2934,13.3171],[5.2898,13.3115],[5.2849,13.3073],[5.2849,13.3027],[5.2831,13.2945],[5.2857,13.2917],[5.2841,13.2875],[5.2845,13.2804],[5.2864,13.2752],[5.2914,13.2656],[5.2973,13.264],[5.3067,13.2677],[5.3081,13.2694],[5.3136,13.2702],[5.3168,13.2696],[5.3191,13.2644],[5.3152,13.2591],[5.3141,13.2545],[5.3142,13.2501],[5.3107,13.2456],[5.3041,13.2454],[5.3025,13.2385],[5.3032,13.2349],[5.3011,13.2275],[5.299,13.2274],[5.2932,13.2198],[5.2966,13.2172],[5.3011,13.2156],[5.3037,13.2215],[5.3077,13.2223],[5.31,13.2193],[5.3166,13.214],[5.3179,13.2035],[5.3164,13.1972],[5.3204,13.1945],[5.3237,13.1953],[5.3271,13.193],[5.3329,13.1949],[5.3335,13.1994],[5.3352,13.2028],[5.3378,13.2036],[5.3391,13.2128],[5.3371,13.2178],[5.3352,13.2261],[5.3367,13.2286],[5.3385,13.2406],[5.3399,13.2428],[5.3461,13.2564],[5.35,13.2616],[5.3527,13.2667],[5.3555,13.267],[5.3633,13.2696],[5.3651,13.2711],[5.3641,13.2753],[5.3604,13.2788],[5.3533,13.2809],[5.3479,13.2916],[5.3434,13.2951],[5.3404,13.3003],[5.3393,13.3039],[5.3362,13.3064],[5.3355,13.3113],[5.3312,13.316],[5.3259,13.318],[5.3231,13.3233],[5.3183,13.3265],[5.3164,13.3294],[5.3137,13.3285],[5.3092,13.3228],[5.3045,13.3197],[5.2997,13.3149],[5.2934,13.3171]]]},"properties":{"name":"GIDAN KAYA","state":"33","code":"33/07/07"}},{"type":"Feature","geometry":{"type":"Polygon","coordinates":[[[5.2409,13.4931],[5.2375,13.4959],[5.2362,13.499],[5.2379,13.5026],[5.2408,13.5038],[5.2423,13.5063],[5.2369,13.5072],[5.2319,13.5064],[5.2252,13.5079],[5.2212,13.5132],[5.2162,13.5151],[5.2124,13.5145],[5.2098,13.5156],[5.2039,13.5261],[5.2003,13.5289],[5.1956,13.5374],[5.1929,13.5373],[5.1883,13.5341],[5.1813,13.5326],[5.1781,13.5288],[5.1808,13.5262],[5.1834,13.5181],[5.1828,13.5152],[5.1862,13.509],[5.187,13.5058],[5.1899,13.5037],[5.1906,13.5012],[5.1894,13.4966],[5.1944,13.4919],[5.1924,13.49],[5.1885,13.4896],[5.1865,13.4873],[5.1795,13.4854],[5.1785,13.4823],[5.1757,13.4797],[5.1768,13.4753],[5.1742,13.4648],[5.1734,13.4593],[5.1743,13.4534],[5.1722,13.4487],[5.1716,13.4424],[5.1731,13.4419],[5.1797,13.4286],[5.1844,13.4289],[5.1954,13.4247],[5.2029,13.4233],[5.2076,13.4196],[5.2105,13.4227],[5.2143,13.4213],[5.2218,13.4157],[5.2282,13.4086],[5.2308,13.4077],[5.235,13.4159],[5.241,13.4226],[5.2428,13.4359],[5.2413,13.4389],[5.2346,13.4419],[5.2407,13.4476],[5.2394,13.4572],[5.2399,13.4607],[5.2441,13.4615],[5.2491,13.4662],[5.2497,13.4686],[5.2481,13.4708],[5.251,13.473],[5.2537,13.4786],[5.2522,13.4829],[5.2455,13.4877],[5.2409,13.4931]]]},"properties":{"name":"GIGANE","state":"33","code":"33/07/08"}},{"type":"Feature","geometry":{"type":"Polygon","coordinates":[[[5.5242,13.565],[5.5168,13.5665],[5.5128,13.5694],[5.5098,13.5683],[5.5015,13.5688],[5.4883,13.5686],[5.4845,13.5658],[5.4892,13.5608],[5.4921,13.5556],[5.492,13.5517],[5.4879,13.5431],[5.4896,13.5409],[5.4896,13.5317],[5.4909,13.5243],[5.489,13.5141],[5.4827,13.504],[5.4865,13.497],[5.4886,13.495],[5.4899,13.4893],[5.4915,13.4864],[5.4912,13.4816],[5.4872,13.4793],[5.4827,13.4788],[5.4758,13.4765],[5.4738,13.4769],[5.4674,13.4747],[5.4651,13.4723],[5.458,13.471],[5.452,13.4715],[5.4462,13.4755],[5.4369,13.4807],[5.4348,13.4824],[5.4293,13.4826],[5.4261,13.4818],[5.4223,13.4784],[5.4187,13.4732],[5.4174,13.4686],[5.4202,13.4674],[5.4241,13.4606],[5.4287,13.4554],[5.428,13.4536],[5.43,13.4478],[5.4305,13.4408],[5.4324,13.4352],[5.4351,13.4314],[5.4347,13.4278],[5.4357,13.4122],[5.4433,13.4104],[5.4463,13.4082],[5.4536,13.4104],[5.4565,13.4104],[5.4657,13.4062],[5.4681,13.4032],[5.4745,13.4005],[5.4785,13.4017],[5.4858,13.3997],[5.4902,13.3972],[5.4921,13.3938],[5.4971,13.39],[5.4996,13.3903],[5.5032,13.3931],[5.5055,13.3977],[5.5074,13.3982],[5.5081,13.4025],[5.5139,13.4067],[5.5174,13.4155],[5.5239,13.4246],[5.5289,13.4278],[5.5299,13.4297],[5.5307,13.4379],[5.5291,13.4472],[5.5311,13.4525],[5.5301,13.4569],[5.5306,13.4628],[5.5291,13.4738],[5.5383,13.4727],[5.5422,13.476],[5.5463,13.4779],[5.5568,13.4847],[5.5559,13.4937],[5.5495,13.4969],[5.5446,13.4982],[5.536,13.4961],[5.535,13.5042],[5.529,13.5152],[5.5291,13.518],[5.5346,13.5303],[5.5412,13.5332],[5.5444,13.5396],[5.5421,13.545],[5.5383,13.5481],[5.5273,13.5542],[5.5272,13.5609],[5.5242,13.565]]]},"properties":{"name":"MAMMANDE","state":"33","code":"33/07/09"}},{"type":"Feature","geometry":{"type":"Polygon","coordinates":[[[5.3284,13.4533],[5.3309,13.4514],[5.3397,13.4487],[5.3431,13.4469],[5.3481,13.4491],[5.35,13.4424],[5.3475,13.431],[5.3503,13.4281],[5.3576,13.433],[5.3657,13.4335],[5.37,13.4315],[5.3723,13.4269],[5.3693,13.423],[5.3654,13.4203],[5.3644,13.4107],[5.3632,13.4063],[5.3634,13.4012],[5.3772,13.3985],[5.3828,13.397],[5.3809,13.394],[5.381,13.3898],[5.3787,13.3828],[5.3786,13.3802],[5.3752,13.3756],[5.3741,13.3722],[5.3709,13.3701],[5.3701,13.3641],[5.3714,13.3611],[5.376,13.3594],[5.3835,13.3599],[5.3903,13.3592],[5.3976,13.3563],[5.4034,13.3577],[5.4109,13.3514],[5.4161,13.3489],[5.4219,13.3481],[5.4235,13.3498],[5.4291,13.3518],[5.4347,13.3566],[5.4385,13.3607],[5.4362,13.3659],[5.436,13.371],[5.4379,13.3794],[5.4357,13.3906],[5.4385,13.4013],[5.4366,13.4044],[5.4357,13.4122],[5.4347,13.4278],[5.4351,13.4314],[5.4324,13.4352],[5.4305,13.4408],[5.43,13.4478],[5.428,13.4536],[5.4287,13.4554],[5.4241,13.4606],[5.4202,13.4674],[5.4174,13.4686],[5.4187,13.4732],[5.4223,13.4784],[5.4209,13.4814],[5.4204,13.4894],[5.419,13.4918],[5.4138,13.4977],[5.4109,13.4989],[5.4066,13.5033],[5.4045,13.5067],[5.3993,13.5065],[5.3952,13.5047],[5.3877,13.5027],[5.3851,13.4989],[5.3837,13.4946],[5.379,13.4938],[5.3762,13.4895],[5.3742,13.4903],[5.366,13.4894],[5.3645,13.4934],[5.3616,13.4969],[5.3566,13.4962],[5.3522,13.4938],[5.3456,13.4945],[5.3438,13.4934],[5.337,13.4948],[5.3302,13.4898],[5.3269,13.4842],[5.3229,13.4737],[5.3284,13.4728],[5.3298,13.4716],[5.3299,13.4648],[5.3288,13.4611],[5.3254,13.4562],[5.3284,13.4533]]]},"properties":{"name":"SALAME","state":"33","code":"33/07/10"}},{"type":"Feature","geometry":{"type":"Polygon","coordinates":[[[5.4971,13.39],[5.4921,13.3938],[5.4902,13.3972],[5.4858,13.3997],[5.4785,13.4017],[5.4745,13.4005],[5.4681,13.4032],[5.4657,13.4062],[5.4565,13.4104],[5.4536,13.4104],[5.4463,13.4082],[5.4433,13.4104],[5.4357,13.4122],[5.4366,13.4044],[5.4385,13.4013],[5.4357,13.3906],[5.4379,13.3794],[5.436,13.371],[5.4362,13.3659],[5.4385,13.3607],[5.4347,13.3566],[5.4291,13.3518],[5.4235,13.3498],[5.4219,13.3481],[5.4161,13.3489],[5.4131,13.3442],[5.4095,13.34],[5.4061,13.3294],[5.401,13.3254],[5.3964,13.3257],[5.3922,13.3246],[5.3868,13.3215],[5.3787,13.3125],[5.374,13.3095],[5.3717,13.3067],[5.3705,13.3015],[5.3643,13.2906],[5.3653,13.2841],[5.3637,13.2811],[5.3641,13.2753],[5.3651,13.2711],[5.3673,13.2686],[5.3676,13.2594],[5.367,13.2542],[5.3654,13.2518],[5.3724,13.2547],[5.3781,13.2632],[5.3843,13.2649],[5.3868,13.2711],[5.388,13.2843],[5.391,13.2874],[5.3925,13.2942],[5.4001,13.2983],[5.4083,13.304],[5.4168,13.3034],[5.4218,13.3124],[5.4222,13.3183],[5.4283,13.3148],[5.4304,13.3167],[5.4345,13.3152],[5.4472,13.3228],[5.4444,13.3279],[5.4451,13.3321],[5.4486,13.3358],[5.4514,13.3405],[5.4522,13.3437],[5.4493,13.3455],[5.4481,13.3487],[5.4501,13.3515],[5.4541,13.3542],[5.4586,13.3546],[5.4631,13.358],[5.4696,13.3591],[5.4759,13.3633],[5.4811,13.3645],[5.4829,13.364],[5.4852,13.3726],[5.4852,13.3767],[5.4878,13.3816],[5.4916,13.3863],[5.4971,13.39]]]},"properties":{"name":"HUCHI","state":"33","code":"33/07/11"}},{"type":"Feature","geometry":{"type":"Polygon","coordinates":[[[5.3558,13.7126],[5.3581,13.7173],[5.356,13.723],[5.3527,13.7291],[5.3492,13.7327],[5.3461,13.7343],[5.338,13.7361],[5.3287,13.7411],[5.3228,13.7429],[5.3209,13.7446],[5.319,13.7494],[5.3142,13.7498],[5.3096,13.7491],[5.3056,13.7526],[5.3038,13.7556],[5.3005,13.7559],[5.2974,13.7542],[5.2966,13.7566],[5.2974,13.7699],[5.298,13.7732],[5.2811,13.7557],[5.2766,13.7537],[5.2681,13.751],[5.2526,13.7448],[5.2543,13.7434],[5.2586,13.7358],[5.2568,13.7323],[5.2603,13.7247],[5.2625,13.7123],[5.2611,13.709],[5.2568,13.7083],[5.2627,13.7047],[5.2676,13.7007],[5.2671,13.6979],[5.2706,13.695],[5.2715,13.6927],[5.2759,13.6924],[5.2904,13.6938],[5.2893,13.681],[5.2953,13.6814],[5.3017,13.6848],[5.3086,13.6865],[5.3146,13.6915],[5.3169,13.6882],[5.3177,13.6836],[5.3196,13.6815],[5.326,13.6798],[5.3295,13.6769],[5.3339,13.6746],[5.3401,13.673],[5.3438,13.6804],[5.3484,13.6836],[5.3516,13.6873],[5.3514,13.6917],[5.3477,13.6987],[5.3439,13.6984],[5.3389,13.7003],[5.3399,13.7061],[5.3445,13.713],[5.3481,13.7157],[5.354,13.7117],[5.3558,13.7126]]]},"properties":{"name":"ILLELA","state":"33","code":"33/08/01"}},{"type":"Feature","geometry":{"type":"Polygon","coordinates":[[[5.2526,13.7448],[5.2486,13.7433],[5.2178,13.7378],[5.2057,13.7361],[5.1789,13.742],[5.1586,13.7435],[5.1603,13.7399],[5.1678,13.7291],[5.1646,13.7224],[5.163,13.7208],[5.162,13.7111],[5.1582,13.7108],[5.1538,13.709],[5.1492,13.7059],[5.1456,13.7063],[5.1416,13.7045],[5.1386,13.7074],[5.1332,13.7071],[5.1325,13.6976],[5.1299,13.6932],[5.1284,13.6882],[5.13,13.679],[5.136,13.6703],[5.1408,13.6623],[5.1391,13.6553],[5.1418,13.6501],[5.1417,13.6427],[5.1399,13.6356],[5.1388,13.6261],[5.1397,13.6257],[5.1484,13.6277],[5.1509,13.6277],[5.1535,13.63],[5.1615,13.6286],[5.1679,13.6341],[5.169,13.6368],[5.1766,13.6427],[5.1796,13.6414],[5.1886,13.6428],[5.1954,13.6424],[5.2046,13.6471],[5.2128,13.648],[5.2161,13.6492],[5.2218,13.6474],[5.2357,13.6536],[5.2342,13.6625],[5.236,13.6651],[5.2374,13.6726],[5.245,13.677],[5.2507,13.6743],[5.2558,13.6757],[5.2612,13.6802],[5.2651,13.6811],[5.2698,13.6806],[5.276,13.6833],[5.2757,13.6855],[5.2716,13.6903],[5.2715,13.6927],[5.2706,13.695],[5.2671,13.6979],[5.2676,13.7007],[5.2627,13.7047],[5.2568,13.7083],[5.2611,13.709],[5.2625,13.7123],[5.2603,13.7247],[5.2568,13.7323],[5.2586,13.7358],[5.2543,13.7434],[5.2526,13.7448]]]},"properties":{"name":"KALMALO","state":"33","code":"33/08/02"}},{"type":"Feature","geometry":{"type":"Polygon","coordinates":[[[5.2655,13.5178],[5.2769,13.5291],[5.2772,13.5343],[5.285,13.5326],[5.2861,13.5343],[5.2937,13.533],[5.3006,13.5389],[5.2984,13.5443],[5.2962,13.5462],[5.2905,13.547],[5.2882,13.5525],[5.2821,13.5594],[5.2823,13.5742],[5.2812,13.5762],[5.2814,13.5833],[5.2874,13.5898],[5.287,13.5914],[5.2909,13.6035],[5.2838,13.6047],[5.2807,13.6041],[5.274,13.6071],[5.2698,13.6111],[5.2689,13.616],[5.2668,13.622],[5.2696,13.63],[5.2677,13.6347],[5.2693,13.6426],[5.2643,13.6453],[5.2579,13.6474],[5.2527,13.6476],[5.2479,13.6499],[5.2388,13.652],[5.2357,13.6536],[5.2218,13.6474],[5.2161,13.6492],[5.2128,13.648],[5.2046,13.6471],[5.1954,13.6424],[5.1886,13.6428],[5.1796,13.6414],[5.1766,13.6427],[5.169,13.6368],[5.1679,13.6341],[5.1615,13.6286],[5.1535,13.63],[5.1509,13.6277],[5.1484,13.6277],[5.1397,13.6257],[5.142,13.6208],[5.1405,13.6154],[5.1408,13.6019],[5.1421,13.5965],[5.1399,13.5908],[5.1423,13.5833],[5.1414,13.5761],[5.1427,13.5714],[5.1423,13.5675],[5.1406,13.5655],[5.1381,13.5566],[5.141,13.5522],[5.1423,13.548],[5.1448,13.5469],[5.1487,13.5399],[5.1564,13.5317],[5.1609,13.53],[5.1661,13.5305],[5.169,13.5285],[5.1721,13.5294],[5.1781,13.5288],[5.1813,13.5326],[5.1883,13.5341],[5.1929,13.5373],[5.1956,13.5374],[5.2003,13.5289],[5.2039,13.5261],[5.2098,13.5156],[5.2124,13.5145],[5.2162,13.5151],[5.2212,13.5132],[5.2252,13.5079],[5.2319,13.5064],[5.2369,13.5072],[5.2423,13.5063],[5.2408,13.5038],[5.2379,13.5026],[5.2362,13.499],[5.2375,13.4959],[5.2409,13.4931],[5.2655,13.5178]]]},"properties":{"name":"DAMBA","state":"33","code":"33/08/03"}},{"type":"Feature","geometry":{"type":"Polygon","coordinates":[[[5.337,13.4948],[5.3438,13.4934],[5.3456,13.4945],[5.3522,13.4938],[5.3566,13.4962],[5.3616,13.4969],[5.3645,13.4934],[5.366,13.4894],[5.3742,13.4903],[5.3762,13.4895],[5.379,13.4938],[5.3837,13.4946],[5.3851,13.4989],[5.3877,13.5027],[5.3952,13.5047],[5.3993,13.5065],[5.4045,13.5067],[5.4066,13.5033],[5.4109,13.4989],[5.4138,13.4977],[5.419,13.4918],[5.4204,13.4894],[5.4209,13.4814],[5.4223,13.4784],[5.4261,13.4818],[5.4293,13.4826],[5.4314,13.4858],[5.432,13.4937],[5.4347,13.4958],[5.4323,13.5032],[5.4301,13.505],[5.4289,13.5085],[5.4301,13.511],[5.4314,13.5199],[5.4313,13.5271],[5.4282,13.5284],[5.4302,13.535],[5.4315,13.5414],[5.4324,13.5516],[5.4321,13.5564],[5.4335,13.564],[5.4369,13.5644],[5.439,13.5696],[5.4411,13.5773],[5.4438,13.5834],[5.4417,13.589],[5.4342,13.5935],[5.434,13.5979],[5.4321,13.6015],[5.4324,13.6078],[5.4304,13.6126],[5.4306,13.6193],[5.4324,13.6212],[5.4313,13.6259],[5.4315,13.6341],[5.4332,13.6387],[5.4346,13.6474],[5.4264,13.6468],[5.4185,13.6525],[5.4136,13.6552],[5.4123,13.6578],[5.4042,13.661],[5.4021,13.6593],[5.3988,13.6536],[5.3925,13.6491],[5.3911,13.6425],[5.393,13.6363],[5.3969,13.6289],[5.3995,13.628],[5.404,13.6238],[5.4024,13.6193],[5.4031,13.6153],[5.4016,13.6094],[5.3977,13.6064],[5.3953,13.603],[5.3949,13.5981],[5.3927,13.5927],[5.3867,13.5905],[5.3806,13.5909],[5.3718,13.5826],[5.3706,13.579],[5.3669,13.576],[5.3703,13.572],[5.3724,13.5672],[5.371,13.5636],[5.3701,13.5557],[5.3678,13.5517],[5.3674,13.545],[5.3682,13.5425],[5.3676,13.5363],[5.3595,13.5325],[5.3552,13.5317],[5.342,13.5376],[5.3326,13.5387],[5.3314,13.5364],[5.3264,13.5325],[5.323,13.5218],[5.3181,13.5213],[5.3162,13.5074],[5.3175,13.5048],[5.3207,13.5041],[5.3242,13.506],[5.3284,13.5067],[5.3312,13.5058],[5.337,13.4948]]]},"properties":{"name":"DARNA/ SABON GARI","state":"33","code":"33/08/04"}},{"type":"Feature","geometry":{"type":"Polygon","coordinates":[[[5.4845,13.5658],[5.4779,13.5589],[5.4736,13.5568],[5.4682,13.5559],[5.4563,13.556],[5.4498,13.5568],[5.4455,13.5582],[5.4398,13.5581],[5.4321,13.5564],[5.4324,13.5516],[5.4315,13.5414],[5.4302,13.535],[5.4282,13.5284],[5.4313,13.5271],[5.4314,13.5199],[5.4301,13.511],[5.4289,13.5085],[5.4301,13.505],[5.4323,13.5032],[5.4347,13.4958],[5.432,13.4937],[5.4314,13.4858],[5.4293,13.4826],[5.4348,13.4824],[5.4369,13.4807],[5.4462,13.4755],[5.452,13.4715],[5.458,13.471],[5.4651,13.4723],[5.4674,13.4747],[5.4738,13.4769],[5.4758,13.4765],[5.4827,13.4788],[5.4872,13.4793],[5.4912,13.4816],[5.4915,13.4864],[5.4899,13.4893],[5.4886,13.495],[5.4865,13.497],[5.4827,13.504],[5.489,13.5141],[5.4909,13.5243],[5.4896,13.5317],[5.4896,13.5409],[5.4879,13.5431],[5.492,13.5517],[5.4921,13.5556],[5.4892,13.5608],[5.4845,13.5658]]]},"properties":{"name":"DARNE/ TSOLAWO","state":"33","code":"33/08/05"}},{"type":"Feature","geometry":{"type":"Polygon","coordinates":[[[5.5236,13.6585],[5.5214,13.663],[5.5177,13.6648],[5.5142,13.6677],[5.5062,13.6641],[5.5021,13.6607],[5.5012,13.6592],[5.4917,13.6554],[5.4895,13.6534],[5.4842,13.651],[5.4818,13.6516],[5.4773,13.6557],[5.4688,13.6547],[5.4625,13.6499],[5.4616,13.6443],[5.4592,13.642],[5.4574,13.644],[5.4541,13.6425],[5.4459,13.6457],[5.4393,13.6525],[5.4367,13.6476],[5.4346,13.6474],[5.4332,13.6387],[5.4315,13.6341],[5.4313,13.6259],[5.4324,13.6212],[5.4306,13.6193],[5.4304,13.6126],[5.4324,13.6078],[5.4321,13.6015],[5.434,13.5979],[5.4342,13.5935],[5.4417,13.589],[5.4438,13.5834],[5.4411,13.5773],[5.439,13.5696],[5.4369,13.5644],[5.4335,13.564],[5.4321,13.5564],[5.4398,13.5581],[5.4455,13.5582],[5.4498,13.5568],[5.4563,13.556],[5.4682,13.5559],[5.4736,13.5568],[5.4779,13.5589],[5.4845,13.5658],[5.4883,13.5686],[5.5015,13.5688],[5.5098,13.5683],[5.5128,13.5694],[5.5168,13.5665],[5.5242,13.565],[5.5278,13.5677],[5.5318,13.5683],[5.5413,13.573],[5.5411,13.5765],[5.5423,13.58],[5.5382,13.5833],[5.5329,13.5889],[5.5322,13.5951],[5.5277,13.5993],[5.5266,13.6017],[5.5278,13.6054],[5.5274,13.6137],[5.5264,13.6187],[5.522,13.6273],[5.5214,13.6302],[5.5191,13.6313],[5.5146,13.6392],[5.5121,13.6408],[5.5099,13.6444],[5.5075,13.646],[5.5054,13.652],[5.5153,13.6522],[5.5191,13.6543],[5.5236,13.6585]]]},"properties":{"name":"G/ HAMMA","state":"33","code":"33/08/06"}},{"type":"Feature","geometry":{"type":"Polygon","coordinates":[[[5.3558,13.7126],[5.364,13.7091],[5.3664,13.7106],[5.3752,13.707],[5.3784,13.704],[5.3787,13.7016],[5.3866,13.7004],[5.3895,13.7012],[5.3947,13.7006],[5.4012,13.7025],[5.4045,13.7013],[5.4158,13.7035],[5.4187,13.7063],[5.4138,13.7146],[5.4116,13.717],[5.4104,13.7222],[5.4109,13.7241],[5.4151,13.7271],[5.4193,13.7286],[5.4246,13.732],[5.4249,13.7337],[5.4225,13.7386],[5.4222,13.7429],[5.419,13.7435],[5.4074,13.752],[5.4083,13.754],[5.4058,13.7568],[5.4022,13.7642],[5.401,13.7684],[5.397,13.771],[5.3922,13.7762],[5.3851,13.7733],[5.3775,13.7737],[5.3749,13.7711],[5.3699,13.7758],[5.359,13.7752],[5.3555,13.7737],[5.3498,13.7739],[5.3455,13.7726],[5.342,13.7752],[5.3385,13.7802],[5.3338,13.7825],[5.329,13.7835],[5.3219,13.7876],[5.3148,13.7889],[5.3144,13.7903],[5.298,13.7732],[5.2974,13.7699],[5.2966,13.7566],[5.2974,13.7542],[5.3005,13.7559],[5.3038,13.7556],[5.3056,13.7526],[5.3096,13.7491],[5.3142,13.7498],[5.319,13.7494],[5.3209,13.7446],[5.3228,13.7429],[5.3287,13.7411],[5.338,13.7361],[5.3461,13.7343],[5.3492,13.7327],[5.3527,13.7291],[5.356,13.723],[5.3581,13.7173],[5.3558,13.7126]]]},"properties":{"name":"ARABA","state":"33","code":"33/08/07"}},{"type":"Feature","geometry":{"type":"Polygon","coordinates":[[[5.3911,13.6425],[5.3884,13.643],[5.3806,13.6425],[5.3712,13.6434],[5.3693,13.6449],[5.3579,13.6477],[5.3518,13.6581],[5.3474,13.6593],[5.3395,13.6557],[5.3225,13.6536],[5.3221,13.6489],[5.326,13.6417],[5.3273,13.6377],[5.3295,13.6383],[5.3354,13.6373],[5.3412,13.6337],[5.3455,13.6319],[5.3495,13.6283],[5.3518,13.6275],[5.3493,13.6221],[5.344,13.6186],[5.3413,13.6185],[5.3384,13.6163],[5.3335,13.6102],[5.3343,13.6041],[5.3366,13.6004],[5.3417,13.5956],[5.3514,13.5914],[5.3547,13.5921],[5.3558,13.5888],[5.3583,13.5866],[5.3606,13.579],[5.3669,13.576],[5.3706,13.579],[5.3718,13.5826],[5.3806,13.5909],[5.3867,13.5905],[5.3927,13.5927],[5.3949,13.5981],[5.3953,13.603],[5.3977,13.6064],[5.4016,13.6094],[5.4031,13.6153],[5.4024,13.6193],[5.404,13.6238],[5.3995,13.628],[5.3969,13.6289],[5.393,13.6363],[5.3911,13.6425]]]},"properties":{"name":"GARU","state":"33","code":"33/08/08"}},{"type":"Feature","geometry":{"type":"Polygon","coordinates":[[[5.4221,13.8604],[5.3507,13.8346],[5.3415,13.8212],[5.3338,13.8093],[5.3276,13.804],[5.3144,13.7903],[5.3148,13.7889],[5.3219,13.7876],[5.329,13.7835],[5.3338,13.7825],[5.3385,13.7802],[5.342,13.7752],[5.3455,13.7726],[5.3498,13.7739],[5.3555,13.7737],[5.359,13.7752],[5.3699,13.7758],[5.3749,13.7711],[5.3775,13.7737],[5.3851,13.7733],[5.3922,13.7762],[5.397,13.771],[5.401,13.7684],[5.4022,13.7642],[5.4058,13.7568],[5.4083,13.754],[5.4074,13.752],[5.419,13.7435],[5.4222,13.7429],[5.4243,13.7444],[5.4279,13.7447],[5.4344,13.7489],[5.4376,13.7502],[5.4406,13.7534],[5.4414,13.757],[5.4453,13.7579],[5.4449,13.7626],[5.4437,13.7655],[5.4382,13.7715],[5.4349,13.7787],[5.4317,13.7833],[5.4246,13.7865],[5.4227,13.7885],[5.4175,13.7892],[5.4136,13.7926],[5.4112,13.7998],[5.4112,13.8053],[5.4127,13.8098],[5.4122,13.8124],[5.4246,13.8172],[5.4273,13.821],[5.4321,13.8318],[5.433,13.8385],[5.4344,13.8417],[5.4333,13.8446],[5.4345,13.8486],[5.4334,13.8542],[5.4239,13.859],[5.4221,13.8604]]]},"properties":{"name":"R. GATI","state":"33","code":"33/08/09"}},{"type":"Feature","geometry":{"type":"Polygon","coordinates":[[[5.4453,13.7579],[5.4414,13.757],[5.4406,13.7534],[5.4376,13.7502],[5.4344,13.7489],[5.4279,13.7447],[5.4243,13.7444],[5.4222,13.7429],[5.4225,13.7386],[5.4249,13.7337],[5.4246,13.732],[5.4193,13.7286],[5.4151,13.7271],[5.4109,13.7241],[5.4104,13.7222],[5.4116,13.717],[5.4138,13.7146],[5.4187,13.7063],[5.4158,13.7035],[5.4045,13.7013],[5.4012,13.7025],[5.3947,13.7006],[5.3895,13.7012],[5.3866,13.7004],[5.3787,13.7016],[5.3784,13.704],[5.3752,13.707],[5.3664,13.7106],[5.364,13.7091],[5.3558,13.7126],[5.354,13.7117],[5.3481,13.7157],[5.3445,13.713],[5.3399,13.7061],[5.3389,13.7003],[5.3439,13.6984],[5.3477,13.6987],[5.3514,13.6917],[5.3516,13.6873],[5.3484,13.6836],[5.3438,13.6804],[5.3401,13.673],[5.3407,13.6713],[5.3495,13.6654],[5.3513,13.6625],[5.3518,13.6581],[5.3579,13.6477],[5.3693,13.6449],[5.3712,13.6434],[5.3806,13.6425],[5.3884,13.643],[5.3911,13.6425],[5.3925,13.6491],[5.3988,13.6536],[5.4021,13.6593],[5.4042,13.661],[5.4123,13.6578],[5.4136,13.6552],[5.4185,13.6525],[5.4264,13.6468],[5.4346,13.6474],[5.4367,13.6476],[5.4393,13.6525],[5.4459,13.6457],[5.4541,13.6425],[5.4574,13.644],[5.4592,13.642],[5.4616,13.6443],[5.4625,13.6499],[5.4688,13.6547],[5.4773,13.6557],[5.4818,13.6516],[5.4842,13.651],[5.4895,13.6534],[5.4917,13.6554],[5.5012,13.6592],[5.5021,13.6607],[5.5017,13.6641],[5.4955,13.6687],[5.4933,13.6728],[5.4868,13.6757],[5.4833,13.6752],[5.4764,13.6722],[5.4726,13.6695],[5.468,13.6688],[5.4628,13.6758],[5.4549,13.6798],[5.4552,13.6856],[5.451,13.6882],[5.4486,13.6921],[5.4471,13.6978],[5.4485,13.7027],[5.4503,13.7045],[5.4508,13.71],[5.449,13.7124],[5.4487,13.72],[5.4505,13.7259],[5.4564,13.7338],[5.4624,13.7351],[5.4635,13.7385],[5.4629,13.7443],[5.4589,13.7452],[5.4547,13.7481],[5.4507,13.7535],[5.4478,13.7549],[5.4453,13.7579]]]},"properties":{"name":"TOZAI","state":"33","code":"33/08/10"}},{"type":"Feature","geometry":{"type":"Polygon","coordinates":[[[5.2715,13.6927],[5.2716,13.6903],[5.2757,13.6855],[5.276,13.6833],[5.2698,13.6806],[5.2651,13.6811],[5.2612,13.6802],[5.2558,13.6757],[5.2507,13.6743],[5.245,13.677],[5.2374,13.6726],[5.236,13.6651],[5.2342,13.6625],[5.2357,13.6536],[5.2388,13.652],[5.2479,13.6499],[5.2527,13.6476],[5.2579,13.6474],[5.2643,13.6453],[5.2693,13.6426],[5.2677,13.6347],[5.2696,13.63],[5.2668,13.622],[5.2689,13.616],[5.2698,13.6111],[5.274,13.6071],[5.2807,13.6041],[5.2838,13.6047],[5.2909,13.6035],[5.3009,13.6013],[5.302,13.6056],[5.3049,13.6068],[5.308,13.6112],[5.312,13.6131],[5.3147,13.6125],[5.324,13.6139],[5.3253,13.6152],[5.3259,13.6198],[5.3294,13.6256],[5.3278,13.628],[5.3267,13.6333],[5.3273,13.6377],[5.326,13.6417],[5.3221,13.6489],[5.3225,13.6536],[5.3395,13.6557],[5.3474,13.6593],[5.3518,13.6581],[5.3513,13.6625],[5.3495,13.6654],[5.3407,13.6713],[5.3401,13.673],[5.3339,13.6746],[5.3295,13.6769],[5.326,13.6798],[5.3196,13.6815],[5.3177,13.6836],[5.3169,13.6882],[5.3146,13.6915],[5.3086,13.6865],[5.3017,13.6848],[5.2953,13.6814],[5.2893,13.681],[5.2904,13.6938],[5.2759,13.6924],[5.2715,13.6927]]]},"properties":{"name":"G/ KATTA","state":"33","code":"33/08/11"}},{"type":"Feature","geometry":{"type":"Polygon","coordinates":[[[6.4025,13.2305],[6.3986,13.2359],[6.397,13.2414],[6.395,13.2442],[6.3993,13.2505],[6.3954,13.2499],[6.3934,13.2457],[6.3936,13.2438],[6.389,13.2399],[6.3873,13.2355],[6.383,13.2316],[6.3794,13.2297],[6.3729,13.224],[6.3684,13.2236],[6.3683,13.2219],[6.3724,13.2119],[6.3708,13.2073],[6.3673,13.2],[6.3783,13.1994],[6.3858,13.2],[6.3968,13.2023],[6.4064,13.2018],[6.4162,13.2009],[6.4159,13.2066],[6.4112,13.2062],[6.4098,13.2071],[6.4061,13.2203],[6.4042,13.2208],[6.4025,13.2305]]]},"properties":{"name":"ISA NORTH","state":"33","code":"33/09/01"}},{"type":"Feature","geometry":{"type":"Polygon","coordinates":[[[6.3673,13.2],[6.3632,13.1909],[6.3623,13.187],[6.3619,13.1808],[6.3563,13.1817],[6.3524,13.1772],[6.3491,13.1746],[6.346,13.1752],[6.3397,13.1786],[6.3354,13.1797],[6.3303,13.1761],[6.3369,13.1686],[6.3479,13.1573],[6.3559,13.1641],[6.3693,13.149],[6.3621,13.144],[6.359,13.1371],[6.3913,13.1299],[6.3984,13.1301],[6.4026,13.1291],[6.4126,13.138],[6.4261,13.1465],[6.4227,13.1511],[6.4234,13.1599],[6.419,13.1589],[6.4136,13.1592],[6.4092,13.1613],[6.3997,13.1634],[6.3997,13.1842],[6.4026,13.1942],[6.4082,13.1943],[6.4111,13.1981],[6.4162,13.2009],[6.4064,13.2018],[6.3968,13.2023],[6.3858,13.2],[6.3783,13.1994],[6.3673,13.2]]]},"properties":{"name":"ISA SOUTH","state":"33","code":"33/09/02"}},{"type":"Feature","geometry":{"type":"Polygon","coordinates":[[[6.3993,13.2505],[6.3992,13.2535],[6.3972,13.2614],[6.3969,13.2669],[6.399,13.2724],[6.4026,13.2733],[6.4083,13.2707],[6.4139,13.2722],[6.4126,13.276],[6.414,13.28],[6.4165,13.2938],[6.4158,13.2946],[6.4074,13.2934],[6.3974,13.2945],[6.3903,13.2963],[6.3752,13.2954],[6.3733,13.2962],[6.3676,13.2915],[6.3645,13.2907],[6.3561,13.2959],[6.3528,13.303],[6.3557,13.3049],[6.3572,13.3095],[6.3468,13.3159],[6.3417,13.3161],[6.3329,13.3154],[6.3282,13.3167],[6.3183,13.3226],[6.316,13.3258],[6.312,13.3266],[6.3073,13.3236],[6.3042,13.3205],[6.2989,13.3178],[6.2959,13.3144],[6.2938,13.3106],[6.29,13.3098],[6.2854,13.3047],[6.2824,13.3029],[6.2781,13.3028],[6.2797,13.3004],[6.2768,13.2919],[6.2755,13.2851],[6.2732,13.2785],[6.2769,13.2756],[6.2861,13.2743],[6.2894,13.2747],[6.2913,13.2773],[6.3047,13.2779],[6.3062,13.274],[6.3099,13.2576],[6.3173,13.2226],[6.3205,13.2055],[6.322,13.1991],[6.3261,13.1982],[6.3316,13.1928],[6.34,13.1962],[6.3427,13.1994],[6.3462,13.1999],[6.3482,13.1937],[6.3518,13.1894],[6.3524,13.1867],[6.3552,13.1847],[6.3563,13.1817],[6.3619,13.1808],[6.3623,13.187],[6.3632,13.1909],[6.3673,13.2],[6.3708,13.2073],[6.3724,13.2119],[6.3683,13.2219],[6.3684,13.2236],[6.3729,13.224],[6.3794,13.2297],[6.383,13.2316],[6.3873,13.2355],[6.389,13.2399],[6.3936,13.2438],[6.3934,13.2457],[6.3954,13.2499],[6.3993,13.2505]]]},"properties":{"name":"TURBA","state":"33","code":"33/09/03"}},{"type":"Feature","geometry":{"type":"Polygon","coordinates":[[[6.3563,13.1817],[6.3552,13.1847],[6.3524,13.1867],[6.3518,13.1894],[6.3482,13.1937],[6.3462,13.1999],[6.3427,13.1994],[6.34,13.1962],[6.3316,13.1928],[6.3261,13.1982],[6.322,13.1991],[6.3205,13.2055],[6.3173,13.2226],[6.3099,13.2576],[6.3062,13.274],[6.3047,13.2779],[6.2913,13.2773],[6.2894,13.2747],[6.2861,13.2743],[6.2769,13.2756],[6.2732,13.2785],[6.2755,13.2851],[6.2768,13.2919],[6.2797,13.3004],[6.2781,13.3028],[6.2738,13.3062],[6.2637,13.3044],[6.2345,13.3059],[6.2256,13.3048],[6.2215,13.3052],[6.2166,13.3091],[6.2134,13.3147],[6.2096,13.327],[6.2064,13.3394],[6.2057,13.3514],[6.2063,13.358],[6.2019,13.3595],[6.193,13.3568],[6.185,13.3512],[6.1791,13.3488],[6.1731,13.3435],[6.1656,13.3411],[6.1565,13.3397],[6.1557,13.3357],[6.1581,13.3301],[6.1577,13.3254],[6.161,13.3205],[6.163,13.3117],[6.1619,13.3085],[6.1618,13.3028],[6.164,13.2984],[6.1637,13.2948],[6.1647,13.2908],[6.1671,13.2875],[6.1683,13.2833],[6.1772,13.2824],[6.1816,13.2839],[6.186,13.2817],[6.1947,13.2794],[6.2009,13.276],[6.2034,13.2756],[6.2098,13.2706],[6.215,13.2689],[6.2237,13.2641],[6.2297,13.2513],[6.2336,13.2487],[6.2352,13.2439],[6.2352,13.2395],[6.2327,13.2342],[6.2352,13.2327],[6.2351,13.2288],[6.2318,13.2256],[6.2239,13.2229],[6.2202,13.2174],[6.2195,13.2112],[6.221,13.2086],[6.222,13.2003],[6.2232,13.1983],[6.2222,13.1916],[6.2225,13.1859],[6.2217,13.1799],[6.2241,13.1755],[6.2249,13.1692],[6.2283,13.1653],[6.2302,13.1645],[6.2287,13.1597],[6.2252,13.1524],[6.2266,13.1452],[6.2235,13.1387],[6.2265,13.1329],[6.2294,13.1355],[6.2611,13.1358],[6.2583,13.1603],[6.3,13.1825],[6.3273,13.1796],[6.3303,13.1761],[6.3354,13.1797],[6.3397,13.1786],[6.346,13.1752],[6.3491,13.1746],[6.3524,13.1772],[6.3563,13.1817]]]},"properties":{"name":"TSABREN SARKIN DARAI","state":"33","code":"33/09/04"}},{"type":"Feature","geometry":{"type":"Polygon","coordinates":[[[5.968,13.2666],[5.967,13.262],[5.9702,13.2557],[5.9733,13.2452],[5.9751,13.241],[5.982,13.237],[5.9841,13.2369],[5.9926,13.2325],[5.996,13.2294],[6.006,13.2259],[6.0117,13.2224],[6.0124,13.2194],[6.0095,13.215],[6.0107,13.1993],[6.0174,13.1981],[6.0212,13.1958],[6.0261,13.1943],[6.0325,13.1899],[6.0385,13.1889],[6.0418,13.1854],[6.0399,13.1824],[6.0359,13.1823],[6.0353,13.179],[6.0316,13.1781],[6.0298,13.1739],[6.0311,13.1688],[6.0308,13.1652],[6.0321,13.1619],[6.0313,13.1572],[6.0326,13.1543],[6.0337,13.1484],[6.0363,13.1454],[6.0423,13.1356],[6.0455,13.1322],[6.0455,13.129],[6.0475,13.1269],[6.0494,13.1217],[6.0545,13.1127],[6.0555,13.1081],[6.0588,13.1075],[6.0599,13.1097],[6.0651,13.1111],[6.0669,13.1091],[6.0759,13.11],[6.079,13.111],[6.0806,13.1147],[6.0855,13.1153],[6.0883,13.1168],[6.0913,13.1069],[6.0923,13.0969],[6.0933,13.0934],[6.0973,13.09],[6.098,13.0866],[6.1019,13.0817],[6.1056,13.075],[6.1067,13.0705],[6.1101,13.0673],[6.1112,13.0637],[6.1444,13.079],[6.1909,13.1008],[6.2265,13.1329],[6.2235,13.1387],[6.2266,13.1452],[6.2252,13.1524],[6.2287,13.1597],[6.2302,13.1645],[6.2283,13.1653],[6.2249,13.1692],[6.2241,13.1755],[6.2217,13.1799],[6.2225,13.1859],[6.2222,13.1916],[6.2232,13.1983],[6.222,13.2003],[6.221,13.2086],[6.2195,13.2112],[6.2202,13.2174],[6.2239,13.2229],[6.2318,13.2256],[6.2351,13.2288],[6.2352,13.2327],[6.2327,13.2342],[6.2352,13.2395],[6.2352,13.2439],[6.2336,13.2487],[6.2297,13.2513],[6.2237,13.2641],[6.215,13.2689],[6.2098,13.2706],[6.2034,13.2756],[6.2009,13.276],[6.1947,13.2794],[6.186,13.2817],[6.1816,13.2839],[6.1772,13.2824],[6.1683,13.2833],[6.1671,13.2875],[6.1647,13.2908],[6.1637,13.2948],[6.164,13.2984],[6.1618,13.3028],[6.1619,13.3085],[6.163,13.3117],[6.161,13.3205],[6.1577,13.3254],[6.1581,13.3301],[6.1557,13.3357],[6.1565,13.3397],[6.148,13.3425],[6.1454,13.3459],[6.1455,13.3491],[6.1419,13.3554],[6.1387,13.3594],[6.1328,13.3635],[6.1275,13.3645],[6.1195,13.3642],[6.1183,13.3617],[6.1152,13.363],[6.1104,13.362],[6.1048,13.3593],[6.1005,13.356],[6.0974,13.3623],[6.0934,13.3669],[6.0931,13.3687],[6.0874,13.3736],[6.0861,13.376],[6.0824,13.3796],[6.079,13.3841],[6.0754,13.387],[6.0726,13.393],[6.0692,13.3917],[6.064,13.3917],[6.058,13.3928],[6.0568,13.3896],[6.0532,13.3842],[6.0465,13.3774],[6.0427,13.37],[6.0447,13.3651],[6.0443,13.3629],[6.046,13.3591],[6.0431,13.3533],[6.0425,13.3486],[6.0435,13.3425],[6.036,13.342],[6.0313,13.3402],[6.0249,13.3356],[6.0178,13.3336],[6.0142,13.3309],[6.011,13.3331],[6.0037,13.33],[5.9992,13.3302],[5.9953,13.3286],[5.9944,13.3267],[5.9873,13.318],[5.9817,13.3149],[5.9819,13.3102],[5.984,13.3034],[5.9844,13.2985],[5.9835,13.2932],[5.9817,13.2888],[5.9793,13.2872],[5.9777,13.2822],[5.9726,13.2779],[5.9695,13.2729],[5.968,13.2666]]]},"properties":{"name":"TIDIBALE","state":"33","code":"33/09/05"}},{"type":"Feature","geometry":{"type":"Polygon","coordinates":[[[6.4162,13.2009],[6.4111,13.1981],[6.4082,13.1943],[6.4026,13.1942],[6.3997,13.1842],[6.3997,13.1634],[6.4092,13.1613],[6.4136,13.1592],[6.419,13.1589],[6.4234,13.1599],[6.4227,13.1511],[6.4261,13.1465],[6.4371,13.1534],[6.4488,13.1584],[6.4527,13.1576],[6.4539,13.16],[6.4595,13.1617],[6.4661,13.1659],[6.4677,13.1683],[6.4715,13.1698],[6.4743,13.168],[6.4782,13.1683],[6.4836,13.1715],[6.4816,13.1753],[6.4795,13.1815],[6.4792,13.1889],[6.4821,13.1924],[6.481,13.1956],[6.4767,13.1981],[6.4768,13.2032],[6.4732,13.2064],[6.4649,13.2114],[6.4652,13.2149],[6.4691,13.2194],[6.4671,13.2216],[6.4621,13.2193],[6.4604,13.2221],[6.4611,13.226],[6.464,13.2283],[6.462,13.2335],[6.4565,13.2452],[6.4559,13.2509],[6.4547,13.2521],[6.4501,13.2522],[6.4425,13.2513],[6.4365,13.2522],[6.4353,13.2582],[6.4329,13.2595],[6.4309,13.256],[6.4272,13.2554],[6.4251,13.248],[6.42,13.2469],[6.4188,13.2415],[6.4157,13.2354],[6.4068,13.2326],[6.4032,13.234],[6.4025,13.2305],[6.4042,13.2208],[6.4061,13.2203],[6.4098,13.2071],[6.4112,13.2062],[6.4159,13.2066],[6.4162,13.2009]]]},"properties":{"name":"BARGAJA","state":"33","code":"33/09/06"}},{"type":"Feature","geometry":{"type":"Polygon","coordinates":[[[6.8166,13.1491],[6.6967,13.3393],[6.6443,13.3902],[6.6423,13.3855],[6.6454,13.3774],[6.6443,13.3684],[6.6428,13.3624],[6.6403,13.3623],[6.6327,13.3551],[6.6361,13.3514],[6.6301,13.3473],[6.6247,13.3455],[6.621,13.343],[6.6118,13.3477],[6.6051,13.3455],[6.6026,13.3461],[6.5961,13.3446],[6.5921,13.3382],[6.5827,13.3351],[6.5818,13.3336],[6.5733,13.3297],[6.5666,13.3251],[6.5652,13.3204],[6.5621,13.3149],[6.5569,13.3112],[6.5569,13.3082],[6.5539,13.3008],[6.5543,13.2973],[6.5515,13.2917],[6.5453,13.2881],[6.5426,13.2849],[6.5386,13.2782],[6.5381,13.2759],[6.5334,13.2694],[6.5365,13.2643],[6.5364,13.2587],[6.5419,13.247],[6.5431,13.2431],[6.5425,13.2327],[6.5434,13.2303],[6.5465,13.2269],[6.5459,13.2189],[6.5484,13.2092],[6.555,13.207],[6.5609,13.2008],[6.5654,13.2005],[6.5734,13.1931],[6.5777,13.1932],[6.5801,13.1908],[6.5858,13.1902],[6.5883,13.1883],[6.5894,13.1855],[6.592,13.1842],[6.5989,13.1833],[6.6028,13.1809],[6.6035,13.1786],[6.6128,13.1814],[6.617,13.1814],[6.6189,13.1787],[6.6235,13.1772],[6.6315,13.1773],[6.6357,13.1763],[6.6422,13.1674],[6.6402,13.1642],[6.6398,13.1611],[6.6441,13.1552],[6.6466,13.1549],[6.6474,13.1523],[6.6503,13.1507],[6.6544,13.144],[6.6635,13.1407],[6.6708,13.1331],[6.6715,13.1302],[6.6755,13.1265],[6.6781,13.1221],[6.6794,13.1155],[6.6837,13.113],[6.6856,13.1277],[6.6877,13.1329],[6.7435,13.1185],[6.7928,13.1323],[6.8166,13.1491]]]},"properties":{"name":"YANFAKO","state":"33","code":"33/09/07"}},{"type":"Feature","geometry":{"type":"Polygon","coordinates":[[[6.4025,13.2305],[6.4032,13.234],[6.4068,13.2326],[6.4157,13.2354],[6.4188,13.2415],[6.42,13.2469],[6.4251,13.248],[6.4272,13.2554],[6.4309,13.256],[6.4329,13.2595],[6.4353,13.2582],[6.4365,13.2522],[6.4425,13.2513],[6.4501,13.2522],[6.4547,13.2521],[6.4559,13.2509],[6.4565,13.2452],[6.462,13.2335],[6.4635,13.2335],[6.473,13.2376],[6.4757,13.2365],[6.4807,13.2411],[6.4829,13.2416],[6.4874,13.2471],[6.4991,13.2538],[6.5049,13.2549],[6.5095,13.2592],[6.5128,13.2656],[6.521,13.2702],[6.5245,13.2716],[6.5291,13.2718],[6.5334,13.2694],[6.5381,13.2759],[6.5386,13.2782],[6.5426,13.2849],[6.5389,13.2899],[6.5373,13.2956],[6.5382,13.2987],[6.5351,13.305],[6.5331,13.3108],[6.5322,13.3176],[6.5299,13.3209],[6.5233,13.322],[6.5205,13.3237],[6.5161,13.3231],[6.5112,13.3211],[6.5044,13.3206],[6.4991,13.3191],[6.4942,13.3223],[6.491,13.3254],[6.4836,13.32],[6.4805,13.3196],[6.4759,13.3212],[6.4716,13.3173],[6.4627,13.3168],[6.4615,13.3148],[6.4581,13.3182],[6.4548,13.3137],[6.4501,13.3106],[6.4463,13.3055],[6.4408,13.3023],[6.4323,13.2996],[6.4238,13.2938],[6.4201,13.2905],[6.4158,13.2946],[6.4165,13.2938],[6.414,13.28],[6.4126,13.276],[6.4139,13.2722],[6.4083,13.2707],[6.4026,13.2733],[6.399,13.2724],[6.3969,13.2669],[6.3972,13.2614],[6.3992,13.2535],[6.3993,13.2505],[6.395,13.2442],[6.397,13.2414],[6.3986,13.2359],[6.4025,13.2305]]]},"properties":{"name":"TOZAI","state":"33","code":"33/09/08"}},{"type":"Feature","geometry":{"type":"Polygon","coordinates":[[[6.6398,13.1611],[6.6352,13.1563],[6.6304,13.1555],[6.6281,13.1524],[6.623,13.1427],[6.6215,13.1384],[6.6192,13.1351],[6.6154,13.1345],[6.6113,13.1362],[6.6028,13.1369],[6.5929,13.1339],[6.5891,13.1347],[6.5849,13.1372],[6.5804,13.1388],[6.5729,13.1477],[6.5665,13.1538],[6.5521,13.1548],[6.5494,13.1554],[6.5426,13.1547],[6.5366,13.1525],[6.532,13.1484],[6.5289,13.1485],[6.5212,13.1458],[6.5183,13.1441],[6.5186,13.1394],[6.5197,13.1372],[6.519,13.1334],[6.5213,13.1313],[6.5208,13.1282],[6.5187,13.1273],[6.5165,13.1238],[6.5205,13.1218],[6.5205,13.1172],[6.5193,13.1129],[6.5226,13.1061],[6.5225,13.1],[6.5187,13.0934],[6.52,13.0897],[6.5252,13.087],[6.5268,13.0852],[6.5251,13.0811],[6.5194,13.0769],[6.5204,13.0728],[6.5219,13.0666],[6.5254,13.058],[6.5289,13.0529],[6.5362,13.049],[6.5429,13.0442],[6.546,13.0406],[6.5513,13.0325],[6.5603,13.0277],[6.574,13.0254],[6.5813,13.0225],[6.6068,13.0466],[6.6572,13.0928],[6.6832,13.1072],[6.6837,13.113],[6.6794,13.1155],[6.6781,13.1221],[6.6755,13.1265],[6.6715,13.1302],[6.6708,13.1331],[6.6635,13.1407],[6.6544,13.144],[6.6503,13.1507],[6.6474,13.1523],[6.6466,13.1549],[6.6441,13.1552],[6.6398,13.1611]]]},"properties":{"name":"GEBE 'A'","state":"33","code":"33/09/09"}},{"type":"Feature","geometry":{"type":"Polygon","coordinates":[[[6.4527,13.1576],[6.4531,13.1543],[6.4516,13.1518],[6.4503,13.1462],[6.4508,13.1409],[6.453,13.1388],[6.4592,13.1389],[6.4634,13.1363],[6.4662,13.1306],[6.4609,13.1246],[6.4556,13.1237],[6.4523,13.1257],[6.4504,13.1221],[6.4505,13.1194],[6.4524,13.1169],[6.4628,13.1169],[6.4818,13.1208],[6.4891,13.1229],[6.5087,13.1315],[6.5117,13.1294],[6.5165,13.1238],[6.5187,13.1273],[6.5208,13.1282],[6.5213,13.1313],[6.519,13.1334],[6.5197,13.1372],[6.5186,13.1394],[6.5183,13.1441],[6.5212,13.1458],[6.5289,13.1485],[6.532,13.1484],[6.5366,13.1525],[6.5426,13.1547],[6.5494,13.1554],[6.5521,13.1548],[6.5665,13.1538],[6.5729,13.1477],[6.5804,13.1388],[6.5849,13.1372],[6.5891,13.1347],[6.5929,13.1339],[6.6028,13.1369],[6.6113,13.1362],[6.6154,13.1345],[6.6192,13.1351],[6.6215,13.1384],[6.623,13.1427],[6.6281,13.1524],[6.6304,13.1555],[6.6352,13.1563],[6.6398,13.1611],[6.6402,13.1642],[6.6422,13.1674],[6.6357,13.1763],[6.6315,13.1773],[6.6235,13.1772],[6.6189,13.1787],[6.617,13.1814],[6.6128,13.1814],[6.6035,13.1786],[6.6028,13.1809],[6.5989,13.1833],[6.592,13.1842],[6.5894,13.1855],[6.5883,13.1883],[6.5858,13.1902],[6.5801,13.1908],[6.5777,13.1932],[6.5734,13.1931],[6.5654,13.2005],[6.5609,13.2008],[6.555,13.207],[6.5484,13.2092],[6.5459,13.2189],[6.5465,13.2269],[6.5434,13.2303],[6.5425,13.2327],[6.5431,13.2431],[6.5419,13.247],[6.5364,13.2587],[6.5365,13.2643],[6.5334,13.2694],[6.5291,13.2718],[6.5245,13.2716],[6.521,13.2702],[6.5128,13.2656],[6.5095,13.2592],[6.5049,13.2549],[6.4991,13.2538],[6.4874,13.2471],[6.4829,13.2416],[6.4807,13.2411],[6.4757,13.2365],[6.473,13.2376],[6.4635,13.2335],[6.462,13.2335],[6.464,13.2283],[6.4611,13.226],[6.4604,13.2221],[6.4621,13.2193],[6.4671,13.2216],[6.4691,13.2194],[6.4652,13.2149],[6.4649,13.2114],[6.4732,13.2064],[6.4768,13.2032],[6.4767,13.1981],[6.481,13.1956],[6.4821,13.1924],[6.4792,13.1889],[6.4795,13.1815],[6.4816,13.1753],[6.4836,13.1715],[6.4782,13.1683],[6.4743,13.168],[6.4715,13.1698],[6.4677,13.1683],[6.4661,13.1659],[6.4595,13.1617],[6.4539,13.16],[6.4527,13.1576]]]},"properties":{"name":"GEBE 'B'","state":"33","code":"33/09/10"}},{"type":"Feature","geometry":{"type":"Polygon","coordinates":[[[5.2714,13.2337],[5.2679,13.233],[5.2599,13.2253],[5.2573,13.2249],[5.2539,13.2263],[5.2498,13.2232],[5.2476,13.2181],[5.2474,13.2133],[5.2519,13.2089],[5.2583,13.2068],[5.2614,13.2027],[5.2697,13.1973],[5.2745,13.1956],[5.2781,13.1989],[5.2787,13.2038],[5.2818,13.2057],[5.2815,13.209],[5.2786,13.2145],[5.2743,13.2278],[5.2714,13.2337]]]},"properties":{"name":"KWARE","state":"33","code":"33/10/01"}},{"type":"Feature","geometry":{"type":"Polygon","coordinates":[[[5.2714,13.2337],[5.2694,13.2372],[5.2646,13.2434],[5.2602,13.2467],[5.2545,13.2542],[5.2504,13.2562],[5.2508,13.2624],[5.2469,13.2664],[5.2428,13.2739],[5.2513,13.2761],[5.2552,13.2786],[5.2634,13.2786],[5.2627,13.2862],[5.2613,13.2888],[5.2545,13.2923],[5.2496,13.2923],[5.2462,13.2968],[5.2424,13.2991],[5.2394,13.2975],[5.2364,13.2978],[5.2339,13.2947],[5.2308,13.295],[5.2284,13.2907],[5.2259,13.2916],[5.2183,13.2891],[5.2169,13.2875],[5.2105,13.2896],[5.2112,13.2921],[5.2084,13.2972],[5.2031,13.2972],[5.202,13.2907],[5.1951,13.2911],[5.1909,13.2863],[5.1811,13.2915],[5.1794,13.2911],[5.1762,13.2846],[5.1776,13.2795],[5.1863,13.2763],[5.1885,13.2748],[5.1872,13.2668],[5.1878,13.2597],[5.185,13.2506],[5.1799,13.2437],[5.1768,13.2355],[5.1719,13.2283],[5.1732,13.2245],[5.182,13.2166],[5.1853,13.215],[5.1869,13.2107],[5.1883,13.2023],[5.1931,13.1969],[5.1973,13.1946],[5.2044,13.1954],[5.207,13.1929],[5.2135,13.1905],[5.2136,13.1829],[5.2156,13.1809],[5.2184,13.1811],[5.2202,13.1776],[5.2232,13.18],[5.2273,13.1808],[5.2299,13.1778],[5.238,13.1777],[5.2449,13.1828],[5.2471,13.1856],[5.2525,13.1875],[5.2576,13.1838],[5.2653,13.1814],[5.2665,13.1794],[5.2687,13.183],[5.2716,13.1841],[5.2731,13.1924],[5.2745,13.1956],[5.2697,13.1973],[5.2614,13.2027],[5.2583,13.2068],[5.2519,13.2089],[5.2474,13.2133],[5.2476,13.2181],[5.2498,13.2232],[5.2539,13.2263],[5.2573,13.2249],[5.2599,13.2253],[5.2679,13.233],[5.2714,13.2337]]]},"properties":{"name":"BANKANU/ R, KADE","state":"33","code":"33/10/02"}},{"type":"Feature","geometry":{"type":"Polygon","coordinates":[[[5.324,13.1159],[5.3207,13.1148],[5.317,13.116],[5.3139,13.1151],[5.3124,13.1091],[5.303,13.1087],[5.3012,13.1045],[5.3006,13.1001],[5.2961,13.0971],[5.2962,13.091],[5.2905,13.0898],[5.2891,13.0827],[5.294,13.0796],[5.2984,13.0753],[5.2976,13.0787],[5.305,13.0804],[5.3044,13.0824],[5.3083,13.0836],[5.3109,13.0804],[5.3124,13.0838],[5.3154,13.0835],[5.3205,13.0782],[5.3238,13.0787],[5.3226,13.0817],[5.3265,13.0832],[5.33,13.0821],[5.34,13.0816],[5.3468,13.0771],[5.3502,13.0803],[5.3524,13.0792],[5.3563,13.0816],[5.3545,13.0841],[5.3569,13.0858],[5.3611,13.083],[5.3626,13.0862],[5.3661,13.088],[5.3668,13.0945],[5.3657,13.0978],[5.368,13.1021],[5.3739,13.1061],[5.3718,13.1079],[5.3655,13.1074],[5.3621,13.1093],[5.3609,13.1114],[5.3578,13.1101],[5.3565,13.1065],[5.3496,13.1048],[5.3444,13.1047],[5.3342,13.1087],[5.3312,13.1119],[5.324,13.1159]]]},"properties":{"name":"BASANSAN","state":"33","code":"33/10/03"}},{"type":"Feature","geometry":{"type":"Polygon","coordinates":[[[5.1139,13.2666],[5.1163,13.2561],[5.1143,13.2456],[5.1141,13.2402],[5.115,13.2364],[5.1189,13.235],[5.1249,13.2289],[5.1274,13.225],[5.1404,13.2233],[5.1457,13.2209],[5.1535,13.2201],[5.1577,13.219],[5.1625,13.2239],[5.1658,13.2245],[5.1686,13.2271],[5.1719,13.2283],[5.1768,13.2355],[5.1799,13.2437],[5.185,13.2506],[5.1878,13.2597],[5.1872,13.2668],[5.1885,13.2748],[5.1863,13.2763],[5.1776,13.2795],[5.1762,13.2846],[5.1794,13.2911],[5.1811,13.2915],[5.1909,13.2863],[5.1951,13.2911],[5.202,13.2907],[5.2031,13.2972],[5.2084,13.2972],[5.2112,13.2921],[5.2105,13.2896],[5.2169,13.2875],[5.2183,13.2891],[5.2259,13.2916],[5.2284,13.2907],[5.2308,13.295],[5.2339,13.2947],[5.2364,13.2978],[5.2394,13.2975],[5.2424,13.2991],[5.2462,13.2968],[5.2496,13.2923],[5.2545,13.2923],[5.2613,13.2888],[5.2627,13.2862],[5.2634,13.2786],[5.2552,13.2786],[5.2513,13.2761],[5.2428,13.2739],[5.2469,13.2664],[5.2508,13.2624],[5.2504,13.2562],[5.2545,13.2542],[5.2602,13.2467],[5.2646,13.2434],[5.2694,13.2372],[5.2714,13.2337],[5.2743,13.2278],[5.2786,13.2145],[5.2815,13.209],[5.2876,13.2132],[5.2902,13.2177],[5.2932,13.2198],[5.299,13.2274],[5.3011,13.2275],[5.3032,13.2349],[5.3025,13.2385],[5.3041,13.2454],[5.3107,13.2456],[5.3142,13.2501],[5.3141,13.2545],[5.3152,13.2591],[5.3191,13.2644],[5.3168,13.2696],[5.3136,13.2702],[5.3081,13.2694],[5.3067,13.2677],[5.2973,13.264],[5.2914,13.2656],[5.2864,13.2752],[5.2845,13.2804],[5.2841,13.2875],[5.2857,13.2917],[5.2831,13.2945],[5.2849,13.3027],[5.2849,13.3073],[5.2898,13.3115],[5.2934,13.3171],[5.2907,13.3231],[5.2912,13.3298],[5.2928,13.3323],[5.2927,13.3374],[5.2918,13.3404],[5.2882,13.3444],[5.2864,13.3436],[5.2792,13.344],[5.2785,13.3451],[5.2732,13.3451],[5.2691,13.3465],[5.2631,13.3473],[5.2555,13.3421],[5.2513,13.3423],[5.2458,13.3393],[5.2452,13.3376],[5.2398,13.3323],[5.2267,13.3336],[5.2258,13.3318],[5.2218,13.33],[5.2161,13.3352],[5.2129,13.3358],[5.2107,13.3394],[5.208,13.3406],[5.2035,13.3398],[5.1984,13.3404],[5.1942,13.3412],[5.1912,13.3397],[5.19,13.3374],[5.1899,13.3329],[5.1869,13.331],[5.1835,13.3349],[5.1802,13.3355],[5.1782,13.3375],[5.1725,13.338],[5.1657,13.3347],[5.1674,13.3305],[5.1667,13.3235],[5.1675,13.3201],[5.1667,13.3166],[5.1701,13.3096],[5.1681,13.3068],[5.1618,13.3066],[5.1573,13.3044],[5.1478,13.2967],[5.1475,13.2875],[5.1484,13.2847],[5.1468,13.282],[5.141,13.2784],[5.1351,13.2783],[5.1289,13.2742],[5.1214,13.2718],[5.1188,13.2691],[5.1139,13.2666]]]},"properties":{"name":"S/BIRNI/ G. KARMA","state":"33","code":"33/10/04"}},{"type":"Feature","geometry":{"type":"Polygon","coordinates":[[[5.2932,13.2198],[5.2902,13.2177],[5.2876,13.2132],[5.2815,13.209],[5.2818,13.2057],[5.2787,13.2038],[5.2781,13.1989],[5.2745,13.1956],[5.2731,13.1924],[5.2716,13.1841],[5.2687,13.183],[5.2722,13.1818],[5.2763,13.1834],[5.2827,13.1819],[5.2899,13.1793],[5.295,13.1729],[5.2994,13.1689],[5.2979,13.1613],[5.2983,13.1568],[5.3001,13.1554],[5.3068,13.1536],[5.3064,13.1502],[5.3022,13.1486],[5.3022,13.1435],[5.3036,13.1412],[5.3091,13.1408],[5.3175,13.1416],[5.3235,13.145],[5.325,13.1505],[5.328,13.1526],[5.3279,13.1593],[5.3297,13.1629],[5.3369,13.1669],[5.3431,13.1688],[5.3421,13.1716],[5.3454,13.1763],[5.3507,13.1798],[5.3473,13.1847],[5.346,13.1884],[5.348,13.1936],[5.3477,13.1967],[5.342,13.201],[5.3386,13.2012],[5.3378,13.2036],[5.3352,13.2028],[5.3335,13.1994],[5.3329,13.1949],[5.3271,13.193],[5.3237,13.1953],[5.3204,13.1945],[5.3164,13.1972],[5.3179,13.2035],[5.3166,13.214],[5.31,13.2193],[5.3077,13.2223],[5.3037,13.2215],[5.3011,13.2156],[5.2966,13.2172],[5.2932,13.2198]]]},"properties":{"name":"H/ ALI/ MARABAWA","state":"33","code":"33/10/05"}},{"type":"Feature","geometry":{"type":"Polygon","coordinates":[[[5.3012,13.1045],[5.295,13.107],[5.2881,13.1024],[5.2851,13.1044],[5.286,13.1103],[5.2895,13.1152],[5.2911,13.1189],[5.291,13.124],[5.2897,13.1248],[5.2834,13.1225],[5.2774,13.1222],[5.2748,13.1239],[5.2664,13.1256],[5.2604,13.129],[5.2554,13.1348],[5.2518,13.1373],[5.2501,13.1276],[5.249,13.1246],[5.2464,13.1221],[5.246,13.1189],[5.2474,13.116],[5.2435,13.1151],[5.2381,13.1122],[5.2379,13.1102],[5.2407,13.1075],[5.2416,13.102],[5.245,13.0984],[5.2435,13.0971],[5.242,13.0871],[5.2422,13.083],[5.2458,13.083],[5.249,13.0859],[5.2523,13.0867],[5.2563,13.0861],[5.2573,13.0895],[5.2603,13.0866],[5.2628,13.0788],[5.2609,13.0776],[5.2623,13.0688],[5.2643,13.0664],[5.2665,13.0683],[5.2712,13.0655],[5.2775,13.0654],[5.281,13.0727],[5.2845,13.0727],[5.2882,13.0754],[5.2914,13.0753],[5.295,13.0736],[5.2984,13.0753],[5.294,13.0796],[5.2891,13.0827],[5.2905,13.0898],[5.2962,13.091],[5.2961,13.0971],[5.3006,13.1001],[5.3012,13.1045]]]},"properties":{"name":"G. RUGGA","state":"33","code":"33/10/07"}},{"type":"Feature","geometry":{"type":"Polygon","coordinates":[[[5.2984,13.0753],[5.295,13.0736],[5.2914,13.0753],[5.2882,13.0754],[5.2845,13.0727],[5.281,13.0727],[5.2775,13.0654],[5.2712,13.0655],[5.2665,13.0683],[5.2643,13.0664],[5.2644,13.0662],[5.2674,13.0623],[5.268,13.0562],[5.2723,13.0575],[5.2782,13.058],[5.289,13.0568],[5.2968,13.0553],[5.2976,13.053],[5.3015,13.0547],[5.3102,13.0553],[5.317,13.0494],[5.3187,13.0463],[5.3218,13.0451],[5.328,13.04],[5.3314,13.0387],[5.3349,13.0296],[5.3438,13.0293],[5.3424,13.0366],[5.3471,13.0378],[5.347,13.0482],[5.3482,13.0529],[5.3474,13.0559],[5.3484,13.0582],[5.3512,13.0575],[5.3544,13.0664],[5.3538,13.0699],[5.3545,13.0743],[5.3524,13.0792],[5.3502,13.0803],[5.3468,13.0771],[5.34,13.0816],[5.33,13.0821],[5.3265,13.0832],[5.3226,13.0817],[5.3238,13.0787],[5.3205,13.0782],[5.3154,13.0835],[5.3124,13.0838],[5.3109,13.0804],[5.3083,13.0836],[5.3044,13.0824],[5.305,13.0804],[5.2976,13.0787],[5.2984,13.0753]]]},"properties":{"name":"DURBAWA","state":"33","code":"33/10/08"}},{"type":"Feature","geometry":{"type":"Polygon","coordinates":[[[5.3524,13.0792],[5.3545,13.0743],[5.3538,13.0699],[5.3544,13.0664],[5.3512,13.0575],[5.3583,13.0562],[5.3599,13.0569],[5.3661,13.0559],[5.3737,13.059],[5.3753,13.0569],[5.3792,13.0555],[5.3793,13.0512],[5.3817,13.0497],[5.3829,13.0468],[5.3861,13.046],[5.3866,13.0347],[5.3904,13.034],[5.3878,13.0307],[5.3915,13.03],[5.3913,13.0244],[5.3946,13.0248],[5.402,13.0286],[5.4077,13.0292],[5.409,13.0327],[5.4151,13.0365],[5.4178,13.0394],[5.4201,13.044],[5.4294,13.0463],[5.4319,13.048],[5.4391,13.0475],[5.4528,13.052],[5.457,13.0521],[5.4621,13.0474],[5.4668,13.0438],[5.4689,13.048],[5.4691,13.0508],[5.4718,13.0561],[5.4766,13.0609],[5.4753,13.0641],[5.4752,13.0679],[5.4738,13.0715],[5.4742,13.074],[5.4706,13.0778],[5.4719,13.0814],[5.4716,13.084],[5.4782,13.0937],[5.4826,13.0977],[5.4831,13.1023],[5.4806,13.1008],[5.4781,13.1034],[5.4745,13.1038],[5.4721,13.1008],[5.4694,13.105],[5.4644,13.1045],[5.4623,13.1074],[5.4592,13.1075],[5.456,13.1106],[5.451,13.1101],[5.4503,13.1069],[5.446,13.1083],[5.4451,13.1054],[5.441,13.1044],[5.4413,13.1013],[5.4358,13.0999],[5.4324,13.1008],[5.4293,13.0969],[5.4227,13.0984],[5.4189,13.0973],[5.4207,13.0941],[5.417,13.093],[5.4142,13.0947],[5.4123,13.0927],[5.4135,13.0896],[5.4116,13.0884],[5.4094,13.0811],[5.4078,13.0811],[5.4042,13.0846],[5.4026,13.0819],[5.3999,13.0856],[5.3972,13.0832],[5.3925,13.0815],[5.3885,13.0785],[5.3854,13.0813],[5.3816,13.0827],[5.3775,13.0799],[5.3755,13.0827],[5.3711,13.0855],[5.3674,13.0861],[5.3661,13.088],[5.3626,13.0862],[5.3611,13.083],[5.3569,13.0858],[5.3545,13.0841],[5.3563,13.0816],[5.3524,13.0792]]]},"properties":{"name":"TUNGA/ MALLAMAWA","state":"33","code":"33/10/09"}},{"type":"Feature","geometry":{"type":"Polygon","coordinates":[[[5.512,12.964],[5.5134,12.9657],[5.5181,12.9671],[5.5225,12.9761],[5.5254,12.9795],[5.5323,12.9919],[5.535,12.9997],[5.5342,13.0046],[5.5293,13.0126],[5.5243,13.0166],[5.5211,13.0207],[5.5194,13.026],[5.5167,13.0276],[5.5147,13.026],[5.5004,13.0269],[5.4868,13.0255],[5.4833,13.0283],[5.4739,13.0336],[5.4679,13.0403],[5.4668,13.0438],[5.4621,13.0474],[5.457,13.0521],[5.4528,13.052],[5.4391,13.0475],[5.4319,13.048],[5.4294,13.0463],[5.4201,13.044],[5.4178,13.0394],[5.4151,13.0365],[5.409,13.0327],[5.4077,13.0292],[5.402,13.0286],[5.3946,13.0248],[5.3913,13.0244],[5.3915,13.03],[5.3878,13.0307],[5.3904,13.034],[5.3866,13.0347],[5.3861,13.046],[5.3829,13.0468],[5.3817,13.0497],[5.3793,13.0512],[5.3792,13.0555],[5.3753,13.0569],[5.3737,13.059],[5.3661,13.0559],[5.3599,13.0569],[5.3583,13.0562],[5.3512,13.0575],[5.3484,13.0582],[5.3474,13.0559],[5.3482,13.0529],[5.347,13.0482],[5.3471,13.0378],[5.3424,13.0366],[5.3438,13.0293],[5.3499,13.0286],[5.3551,13.0268],[5.3608,13.0215],[5.3682,13.0188],[5.3684,13.0131],[5.3728,13.0074],[5.3744,13.0013],[5.3825,12.9972],[5.3853,12.9971],[5.3877,12.9942],[5.3921,12.9956],[5.3928,12.9943],[5.3982,12.9971],[5.4017,12.9956],[5.4018,12.9937],[5.4082,12.9884],[5.4094,12.9856],[5.4144,12.98],[5.4188,12.9793],[5.4271,12.9808],[5.4327,12.9794],[5.4351,12.9749],[5.4369,12.9675],[5.4385,12.9658],[5.4426,12.9654],[5.4506,12.9631],[5.4606,12.963],[5.4729,12.9716],[5.4785,12.9725],[5.4843,12.9748],[5.4866,12.9748],[5.4914,12.972],[5.4992,12.9664],[5.5086,12.9637],[5.512,12.964]]]},"properties":{"name":"KABANGA","state":"33","code":"33/10/10"}},{"type":"Feature","geometry":{"type":"Polygon","coordinates":[[[5.3877,12.9942],[5.3853,12.9971],[5.3825,12.9972],[5.3744,13.0013],[5.3728,13.0074],[5.3684,13.0131],[5.3682,13.0188],[5.3608,13.0215],[5.3551,13.0268],[5.3499,13.0286],[5.3438,13.0293],[5.3349,13.0296],[5.3314,13.0387],[5.328,13.04],[5.3218,13.0451],[5.3187,13.0463],[5.317,13.0494],[5.3102,13.0553],[5.3015,13.0547],[5.2976,13.053],[5.2988,13.0489],[5.298,13.0468],[5.2941,13.0444],[5.2917,13.0407],[5.2918,13.0354],[5.2928,13.0336],[5.2925,13.0272],[5.2993,13.0252],[5.3048,13.0254],[5.3068,13.0231],[5.3068,13.0161],[5.3109,13.0119],[5.3104,13.0067],[5.3123,13.0042],[5.3184,13.0036],[5.3204,13.0001],[5.3229,12.9979],[5.3233,12.995],[5.3287,12.9957],[5.3351,12.9937],[5.3383,12.99],[5.3417,12.9891],[5.3449,12.9832],[5.3463,12.9784],[5.3495,12.9752],[5.349,12.972],[5.3521,12.9732],[5.3547,12.9719],[5.3575,12.9746],[5.3637,12.973],[5.3685,12.973],[5.3756,12.9765],[5.3762,12.9819],[5.3778,12.9842],[5.3879,12.9887],[5.3893,12.9909],[5.3877,12.9942]]]},"properties":{"name":"TSAKI/ WALAKE'E","state":"33","code":"33/10/11"}},{"type":"Feature","geometry":{"type":"Polygon","coordinates":[[[4.792,12.1578],[4.7919,12.1619],[4.7869,12.1619],[4.7866,12.1658],[4.7897,12.1672],[4.7907,12.1711],[4.789,12.1737],[4.7839,12.1766],[4.7772,12.1747],[4.774,12.1753],[4.7719,12.1728],[4.7685,12.1726],[4.7673,12.1668],[4.7648,12.1662],[4.7617,12.1683],[4.7606,12.1706],[4.7573,12.1727],[4.7558,12.1709],[4.7524,12.1717],[4.7469,12.1695],[4.7464,12.167],[4.7402,12.1676],[4.7376,12.1667],[4.7323,12.1707],[4.731,12.168],[4.7319,12.1644],[4.7307,12.1556],[4.7265,12.1495],[4.7236,12.1497],[4.7178,12.1525],[4.7151,12.1501],[4.7152,12.1491],[4.7215,12.1426],[4.7241,12.141],[4.7253,12.1368],[4.73,12.1334],[4.7292,12.1262],[4.7276,12.124],[4.727,12.1196],[4.7332,12.1192],[4.7406,12.1168],[4.7416,12.1074],[4.7406,12.1055],[4.7397,12.0921],[4.7397,12.0868],[4.7412,12.0838],[4.7416,12.0759],[4.7411,12.0708],[4.7454,12.0611],[4.7514,12.0616],[4.7562,12.0638],[4.7651,12.0609],[4.7685,12.0576],[4.7753,12.0573],[4.7783,12.0528],[4.7866,12.0484],[4.7907,12.0485],[4.7886,12.0508],[4.7882,12.0545],[4.7898,12.0614],[4.7916,12.0644],[4.7916,12.0692],[4.7975,12.0791],[4.7974,12.0869],[4.7997,12.0905],[4.8013,12.0951],[4.8014,12.1025],[4.8032,12.1036],[4.8036,12.1118],[4.802,12.1239],[4.803,12.1285],[4.801,12.1363],[4.7994,12.1397],[4.7984,12.1454],[4.796,12.1466],[4.7933,12.1509],[4.7938,12.1539],[4.792,12.1578]]]},"properties":{"name":"KEBBE EAST","state":"33","code":"33/11/01"}},{"type":"Feature","geometry":{"type":"Polygon","coordinates":[[[4.7151,12.1501],[4.7123,12.1502],[4.7104,12.1533],[4.7074,12.1523],[4.7034,12.1527],[4.7017,12.156],[4.6972,12.1572],[4.6972,12.1607],[4.6942,12.1606],[4.6926,12.1585],[4.6901,12.1588],[4.6884,12.1606],[4.6875,12.1652],[4.6848,12.168],[4.6831,12.1721],[4.6854,12.1793],[4.6832,12.1808],[4.6801,12.1798],[4.676,12.1749],[4.6689,12.1737],[4.6684,12.1729],[4.662,12.1651],[4.6587,12.1596],[4.6583,12.1558],[4.6554,12.1524],[4.6548,12.1498],[4.6493,12.144],[4.6472,12.1354],[4.6431,12.1327],[4.6416,12.1248],[4.6389,12.1221],[4.6383,12.1115],[4.6386,12.1078],[4.6367,12.0999],[4.6325,12.0959],[4.6351,12.0924],[4.6384,12.0899],[4.6463,12.0825],[4.6466,12.0794],[4.6491,12.0769],[4.6604,12.071],[4.6628,12.0686],[4.6647,12.064],[4.6679,12.0651],[4.6765,12.0645],[4.6798,12.0611],[4.6845,12.0582],[4.6913,12.0564],[4.6944,12.0594],[4.7023,12.0633],[4.7049,12.0634],[4.7078,12.0663],[4.7165,12.0695],[4.719,12.0723],[4.7261,12.0748],[4.7285,12.0706],[4.7319,12.0691],[4.7437,12.0592],[4.7454,12.0611],[4.7411,12.0708],[4.7416,12.0759],[4.7412,12.0838],[4.7397,12.0868],[4.7397,12.0921],[4.7406,12.1055],[4.7416,12.1074],[4.7406,12.1168],[4.7332,12.1192],[4.727,12.1196],[4.7276,12.124],[4.7292,12.1262],[4.73,12.1334],[4.7253,12.1368],[4.7241,12.141],[4.7215,12.1426],[4.7152,12.1491],[4.7151,12.1501]]]},"properties":{"name":"KEBBE WEST","state":"33","code":"33/11/02"}},{"type":"Feature","geometry":{"type":"Polygon","coordinates":[[[4.792,12.1578],[4.8002,12.158],[4.8022,12.1549],[4.8115,12.1552],[4.8135,12.149],[4.8205,12.1488],[4.8223,12.1455],[4.8243,12.1451],[4.8293,12.1479],[4.837,12.1448],[4.8431,12.1455],[4.8408,12.1385],[4.8447,12.1385],[4.8481,12.142],[4.8509,12.142],[4.854,12.1373],[4.8619,12.1405],[4.8632,12.1356],[4.8663,12.1365],[4.8617,12.1596],[4.8727,12.2082],[4.875,12.2297],[4.8779,12.2298],[4.8765,12.2314],[4.8672,12.2301],[4.8634,12.2324],[4.8627,12.2344],[4.8594,12.2355],[4.8542,12.2345],[4.8484,12.2356],[4.8378,12.2394],[4.8314,12.2435],[4.8238,12.2493],[4.8179,12.248],[4.8146,12.2495],[4.8088,12.2492],[4.8071,12.2501],[4.8002,12.2503],[4.7975,12.2518],[4.7922,12.252],[4.7892,12.2513],[4.7863,12.2525],[4.7769,12.2503],[4.7684,12.2409],[4.7681,12.2361],[4.7755,12.2268],[4.7773,12.222],[4.7764,12.2148],[4.773,12.2074],[4.7722,12.2037],[4.7688,12.1999],[4.7677,12.1971],[4.7683,12.1896],[4.7705,12.1846],[4.7696,12.1797],[4.7673,12.177],[4.7621,12.1751],[4.7632,12.1722],[4.7606,12.1706],[4.7617,12.1683],[4.7648,12.1662],[4.7673,12.1668],[4.7685,12.1726],[4.7719,12.1728],[4.774,12.1753],[4.7772,12.1747],[4.7839,12.1766],[4.789,12.1737],[4.7907,12.1711],[4.7897,12.1672],[4.7866,12.1658],[4.7869,12.1619],[4.7919,12.1619],[4.792,12.1578]]]},"properties":{"name":"MARGAI - A","state":"33","code":"33/11/03"}},{"type":"Feature","geometry":{"type":"Polygon","coordinates":[[[4.7606,12.1706],[4.7632,12.1722],[4.7621,12.1751],[4.7673,12.177],[4.7696,12.1797],[4.7705,12.1846],[4.7683,12.1896],[4.7677,12.1971],[4.7688,12.1999],[4.7722,12.2037],[4.773,12.2074],[4.7764,12.2148],[4.7773,12.222],[4.7755,12.2268],[4.7681,12.2361],[4.7684,12.2409],[4.7658,12.2402],[4.7554,12.2415],[4.7516,12.2412],[4.7475,12.2373],[4.7438,12.2366],[4.7425,12.2341],[4.7387,12.2325],[4.7311,12.227],[4.7265,12.2195],[4.723,12.2187],[4.7166,12.2198],[4.708,12.2191],[4.7038,12.2173],[4.6999,12.2176],[4.6979,12.2158],[4.6977,12.2105],[4.6966,12.2083],[4.6967,12.2008],[4.699,12.1989],[4.7003,12.1955],[4.7069,12.1887],[4.7072,12.1863],[4.703,12.1815],[4.6995,12.1736],[4.7006,12.1711],[4.6986,12.1668],[4.696,12.1632],[4.6901,12.1588],[4.6926,12.1585],[4.6942,12.1606],[4.6972,12.1607],[4.6972,12.1572],[4.7017,12.156],[4.7034,12.1527],[4.7074,12.1523],[4.7104,12.1533],[4.7123,12.1502],[4.7151,12.1501],[4.7178,12.1525],[4.7236,12.1497],[4.7265,12.1495],[4.7307,12.1556],[4.7319,12.1644],[4.731,12.168],[4.7323,12.1707],[4.7376,12.1667],[4.7402,12.1676],[4.7464,12.167],[4.7469,12.1695],[4.7524,12.1717],[4.7558,12.1709],[4.7573,12.1727],[4.7606,12.1706]]]},"properties":{"name":"MARGAI - B","state":"33","code":"33/11/04"}},{"type":"Feature","geometry":{"type":"Polygon","coordinates":[[[4.5646,11.9153],[4.5508,11.8919],[4.5512,11.8899],[4.5497,11.8109],[4.544,11.8035],[4.549,11.7955],[4.5351,11.7847],[4.5152,11.762],[4.5097,11.7558],[4.4987,11.75],[4.4869,11.7405],[4.4491,11.7204],[4.4464,11.7184],[4.4467,11.7134],[4.4503,11.7122],[4.4497,11.7091],[4.4518,11.7059],[4.4538,11.707],[4.4578,11.7056],[4.4604,11.706],[4.4597,11.7011],[4.4624,11.7012],[4.4624,11.6974],[4.4687,11.6983],[4.4703,11.6967],[4.4683,11.6943],[4.4705,11.6924],[4.4695,11.6873],[4.4721,11.6848],[4.4727,11.6822],[4.4717,11.6767],[4.4664,11.6748],[4.4642,11.6696],[4.4665,11.6664],[4.4692,11.6669],[4.4727,11.6642],[4.4779,11.6658],[4.4781,11.6686],[4.4823,11.6684],[4.4863,11.6644],[4.4918,11.6674],[4.4908,11.6712],[4.4878,11.6767],[4.4871,11.6808],[4.4875,11.6848],[4.491,11.6874],[4.492,11.6904],[4.4833,11.6953],[4.4842,11.698],[4.4904,11.7042],[4.4962,11.7048],[4.4961,11.7112],[4.5016,11.7229],[4.5038,11.7255],[4.5139,11.7315],[4.5182,11.7336],[4.5232,11.7397],[4.5315,11.7441],[4.5414,11.7484],[4.5473,11.7528],[4.555,11.7551],[4.5615,11.7588],[4.5659,11.7606],[4.5678,11.7589],[4.572,11.7586],[4.5769,11.7602],[4.5817,11.7712],[4.5859,11.7759],[4.5872,11.7814],[4.59,11.7838],[4.5913,11.7886],[4.5955,11.7946],[4.6004,11.7966],[4.6047,11.8025],[4.6048,11.8078],[4.61,11.813],[4.6143,11.8144],[4.6161,11.817],[4.6221,11.8181],[4.6258,11.8159],[4.6283,11.8174],[4.6302,11.816],[4.6352,11.816],[4.6403,11.8192],[4.6447,11.8204],[4.6511,11.8259],[4.6555,11.8273],[4.6602,11.8329],[4.6626,11.8371],[4.6657,11.8387],[4.6653,11.841],[4.6692,11.8442],[4.6699,11.851],[4.6728,11.8549],[4.6742,11.8607],[4.6817,11.8759],[4.6811,11.8816],[4.6794,11.8868],[4.6792,11.8909],[4.6777,11.8948],[4.6797,11.8995],[4.6796,11.9117],[4.6852,11.9143],[4.6856,11.9192],[4.687,11.923],[4.6873,11.9272],[4.6893,11.9306],[4.6863,11.9329],[4.6856,11.9361],[4.6798,11.9416],[4.6764,11.9468],[4.6744,11.9475],[4.6731,11.9526],[4.6702,11.959],[4.6639,11.9583],[4.6606,11.9567],[4.6556,11.9561],[4.6498,11.9572],[4.6397,11.9565],[4.6376,11.9585],[4.6333,11.958],[4.6212,11.9596],[4.6125,11.9631],[4.6079,11.963],[4.6049,11.9642],[4.5996,11.9649],[4.5953,11.9641],[4.5913,11.9656],[4.5781,11.9679],[4.576,11.969],[4.574,11.9601],[4.5671,11.9196],[4.5646,11.9153]]]},"properties":{"name":"KUCHI","state":"33","code":"33/11/05"}},{"type":"Feature","geometry":{"type":"Polygon","coordinates":[[[4.4263,11.6634],[4.4336,11.6647],[4.4351,11.666],[4.4393,11.6661],[4.4416,11.6678],[4.447,11.6745],[4.4489,11.6798],[4.452,11.6818],[4.4537,11.6871],[4.4599,11.6866],[4.4624,11.6885],[4.4654,11.693],[4.4683,11.6943],[4.4703,11.6967],[4.4687,11.6983],[4.4624,11.6974],[4.4624,11.7012],[4.4597,11.7011],[4.4604,11.706],[4.4578,11.7056],[4.4538,11.707],[4.4518,11.7059],[4.4497,11.7091],[4.4503,11.7122],[4.4467,11.7134],[4.4464,11.7184],[4.4364,11.7108],[4.4172,11.7085],[4.4136,11.7302],[4.3949,11.7567],[4.3918,11.7558],[4.3892,11.7597],[4.3804,11.7607],[4.3777,11.7581],[4.3807,11.7561],[4.3814,11.7535],[4.3849,11.7532],[4.3863,11.7495],[4.3854,11.746],[4.381,11.7403],[4.3767,11.7416],[4.3728,11.7467],[4.3688,11.7467],[4.3716,11.7247],[4.3751,11.7146],[4.3968,11.6922],[4.4273,11.6706],[4.4263,11.6634]]]},"properties":{"name":"NASAGUDU","state":"33","code":"33/11/06"}},{"type":"Feature","geometry":{"type":"Polygon","coordinates":[[[4.7651,11.7184],[4.7673,11.7204],[4.7657,11.7253],[4.7627,11.7301],[4.7615,11.7344],[4.7683,11.739],[4.7727,11.7374],[4.7772,11.7373],[4.7805,11.7396],[4.7849,11.7384],[4.7912,11.7409],[4.7937,11.743],[4.7948,11.7473],[4.7994,11.7494],[4.8026,11.7577],[4.8093,11.7596],[4.8152,11.7661],[4.8198,11.7669],[4.8208,11.7629],[4.8236,11.76],[4.8283,11.7592],[4.8316,11.7567],[4.8327,11.752],[4.8368,11.7533],[4.844,11.7521],[4.8485,11.7444],[4.8498,11.7351],[4.8615,11.7358],[4.8698,11.7338],[4.8731,11.7345],[4.8726,11.7382],[4.8748,11.7401],[4.8786,11.7502],[4.8839,11.7511],[4.8895,11.7502],[4.8927,11.7468],[4.8912,11.7375],[4.8924,11.7319],[4.8895,11.7193],[4.8897,11.7139],[4.8937,11.7113],[4.8939,11.7092],[4.8991,11.7087],[4.9039,11.712],[4.914,11.7166],[4.9151,11.7218],[4.9245,11.7231],[4.9318,11.7239],[4.9344,11.7221],[4.9388,11.7224],[4.9431,11.7268],[4.941,11.7308],[4.9293,11.7646],[4.9196,11.7899],[4.9231,11.7948],[4.9228,11.7972],[4.9264,11.8138],[4.9262,11.8202],[4.9313,11.8361],[4.9366,11.8492],[4.9381,11.8495],[4.9446,11.8551],[4.953,11.8633],[4.9682,11.8757],[4.9444,11.8808],[4.8667,11.9327],[4.8671,11.9421],[4.8624,11.943],[4.8554,11.9391],[4.8505,11.9393],[4.8427,11.9376],[4.8385,11.9389],[4.8344,11.9372],[4.8291,11.9387],[4.8249,11.9375],[4.8216,11.939],[4.8185,11.9391],[4.8148,11.9361],[4.8057,11.9311],[4.801,11.926],[4.7984,11.9246],[4.7895,11.9253],[4.7854,11.9222],[4.7813,11.9219],[4.776,11.9169],[4.7707,11.9165],[4.7681,11.9148],[4.768,11.9114],[4.764,11.9055],[4.7593,11.9045],[4.7566,11.905],[4.7498,11.9034],[4.7444,11.9042],[4.7404,11.9061],[4.728,11.9094],[4.7226,11.9118],[4.7172,11.9159],[4.7084,11.9196],[4.6997,11.927],[4.6982,11.9266],[4.6924,11.9301],[4.6893,11.9306],[4.6873,11.9272],[4.687,11.923],[4.6856,11.9192],[4.6852,11.9143],[4.6796,11.9117],[4.6797,11.8995],[4.6777,11.8948],[4.6792,11.8909],[4.6794,11.8868],[4.6811,11.8816],[4.6817,11.8759],[4.6742,11.8607],[4.6728,11.8549],[4.6699,11.851],[4.6692,11.8442],[4.6653,11.841],[4.6657,11.8387],[4.6626,11.8371],[4.6602,11.8329],[4.6555,11.8273],[4.6511,11.8259],[4.6447,11.8204],[4.6403,11.8192],[4.6352,11.816],[4.6302,11.816],[4.6283,11.8174],[4.6258,11.8159],[4.6221,11.8181],[4.6161,11.817],[4.6143,11.8144],[4.61,11.813],[4.6048,11.8078],[4.6047,11.8025],[4.6004,11.7966],[4.5955,11.7946],[4.5913,11.7886],[4.59,11.7838],[4.5872,11.7814],[4.5859,11.7759],[4.5817,11.7712],[4.5769,11.7602],[4.572,11.7586],[4.5678,11.7589],[4.5659,11.7606],[4.5615,11.7588],[4.555,11.7551],[4.5473,11.7528],[4.5414,11.7484],[4.5315,11.7441],[4.5232,11.7397],[4.5182,11.7336],[4.5139,11.7315],[4.5038,11.7255],[4.5016,11.7229],[4.4961,11.7112],[4.4962,11.7048],[4.4904,11.7042],[4.4842,11.698],[4.4833,11.6953],[4.492,11.6904],[4.491,11.6874],[4.4875,11.6848],[4.4871,11.6808],[4.4878,11.6767],[4.4908,11.6712],[4.491,11.6754],[4.4939,11.6799],[4.4989,11.6829],[4.5012,11.6874],[4.5055,11.6889],[4.5139,11.6953],[4.518,11.6965],[4.5229,11.6966],[4.5283,11.6956],[4.5314,11.6972],[4.5397,11.6978],[4.5447,11.6989],[4.5488,11.703],[4.5632,11.7196],[4.5716,11.7242],[4.5774,11.7242],[4.587,11.7234],[4.5848,11.7202],[4.5825,11.7199],[4.5833,11.7145],[4.5862,11.7093],[4.5863,11.7072],[4.5913,11.7053],[4.6005,11.7045],[4.6122,11.7086],[4.617,11.7086],[4.6201,11.7076],[4.6213,11.6994],[4.6227,11.6979],[4.6232,11.6935],[4.6271,11.6873],[4.6268,11.681],[4.6321,11.6709],[4.635,11.6723],[4.6411,11.671],[4.6668,11.6676],[4.6693,11.6748],[4.6592,11.6786],[4.6598,11.6867],[4.6608,11.6883],[4.6607,11.6929],[4.6644,11.6944],[4.671,11.6907],[4.6727,11.6835],[4.6765,11.6819],[4.6821,11.6839],[4.686,11.6862],[4.6919,11.6859],[4.6947,11.6883],[4.6969,11.692],[4.701,11.6906],[4.708,11.6921],[4.7125,11.6912],[4.7211,11.6948],[4.7312,11.6998],[4.7334,11.7043],[4.7382,11.7074],[4.7385,11.7101],[4.7426,11.7152],[4.7435,11.7195],[4.7451,11.7214],[4.7504,11.7195],[4.7553,11.7211],[4.7571,11.723],[4.7651,11.7184]]]},"properties":{"name":"SANGI","state":"33","code":"33/11/07"}},{"type":"Feature","geometry":{"type":"Polygon","coordinates":[[[4.6321,11.6709],[4.6268,11.681],[4.6271,11.6873],[4.6232,11.6935],[4.6227,11.6979],[4.6213,11.6994],[4.6201,11.7076],[4.617,11.7086],[4.6122,11.7086],[4.6005,11.7045],[4.5913,11.7053],[4.5863,11.7072],[4.5862,11.7093],[4.5833,11.7145],[4.5825,11.7199],[4.5848,11.7202],[4.587,11.7234],[4.5774,11.7242],[4.5716,11.7242],[4.5632,11.7196],[4.5488,11.703],[4.5447,11.6989],[4.5397,11.6978],[4.5314,11.6972],[4.5283,11.6956],[4.5229,11.6966],[4.518,11.6965],[4.5139,11.6953],[4.5055,11.6889],[4.5012,11.6874],[4.4989,11.6829],[4.4939,11.6799],[4.491,11.6754],[4.4908,11.6712],[4.4918,11.6674],[4.4863,11.6644],[4.4823,11.6684],[4.4781,11.6686],[4.4779,11.6658],[4.4727,11.6642],[4.4692,11.6669],[4.4665,11.6664],[4.4642,11.6696],[4.4664,11.6748],[4.4717,11.6767],[4.4727,11.6822],[4.4721,11.6848],[4.4695,11.6873],[4.4705,11.6924],[4.4683,11.6943],[4.4654,11.693],[4.4624,11.6885],[4.4599,11.6866],[4.4537,11.6871],[4.452,11.6818],[4.4489,11.6798],[4.447,11.6745],[4.4416,11.6678],[4.4393,11.6661],[4.4351,11.666],[4.4336,11.6647],[4.4263,11.6634],[4.4192,11.6142],[4.4342,11.6036],[4.4648,11.5801],[4.4694,11.5765],[4.4968,11.5524],[4.4829,11.532],[4.4947,11.5326],[4.5155,11.5312],[4.5228,11.5303],[4.542,11.5603],[4.5541,11.5646],[4.5699,11.5737],[4.5592,11.5837],[4.5562,11.5866],[4.5542,11.5903],[4.5495,11.5961],[4.5475,11.5974],[4.5487,11.6108],[4.551,11.6167],[4.5483,11.6231],[4.5462,11.6344],[4.5699,11.6329],[4.586,11.6549],[4.5937,11.6554],[4.6153,11.6577],[4.6193,11.6556],[4.6231,11.6567],[4.6289,11.6681],[4.6321,11.6709]]]},"properties":{"name":"FAKKU","state":"33","code":"33/11/08"}},{"type":"Feature","geometry":{"type":"Polygon","coordinates":[[[4.576,11.969],[4.5781,11.9679],[4.5913,11.9656],[4.5953,11.9641],[4.5996,11.9649],[4.6049,11.9642],[4.6079,11.963],[4.6125,11.9631],[4.6212,11.9596],[4.6333,11.958],[4.6376,11.9585],[4.6397,11.9565],[4.6498,11.9572],[4.6556,11.9561],[4.6606,11.9567],[4.6639,11.9583],[4.6702,11.959],[4.6731,11.9526],[4.6744,11.9475],[4.6764,11.9468],[4.6798,11.9416],[4.6856,11.9361],[4.6863,11.9329],[4.6893,11.9306],[4.6924,11.9301],[4.6982,11.9266],[4.6997,11.927],[4.7084,11.9196],[4.7172,11.9159],[4.7226,11.9118],[4.728,11.9094],[4.7404,11.9061],[4.7444,11.9042],[4.7498,11.9034],[4.7566,11.905],[4.7593,11.9045],[4.764,11.9055],[4.768,11.9114],[4.7681,11.9148],[4.7707,11.9165],[4.776,11.9169],[4.7813,11.9219],[4.7854,11.9222],[4.7895,11.9253],[4.7984,11.9246],[4.801,11.926],[4.8057,11.9311],[4.8148,11.9361],[4.8149,11.941],[4.8139,11.9433],[4.815,11.9483],[4.8109,11.9548],[4.8073,11.9564],[4.8057,11.9626],[4.8061,11.9642],[4.804,11.9692],[4.8033,11.9738],[4.8042,11.976],[4.8038,11.9821],[4.8026,11.9845],[4.8029,11.9905],[4.8007,11.9931],[4.8024,11.9966],[4.8018,12.0028],[4.7997,12.0082],[4.8015,12.0153],[4.8055,12.0225],[4.8047,12.0258],[4.8004,12.0318],[4.7978,12.0372],[4.7956,12.0396],[4.7907,12.0485],[4.7866,12.0484],[4.7783,12.0528],[4.7753,12.0573],[4.7685,12.0576],[4.7651,12.0609],[4.7562,12.0638],[4.7514,12.0616],[4.7454,12.0611],[4.7437,12.0592],[4.7319,12.0691],[4.7285,12.0706],[4.7261,12.0748],[4.719,12.0723],[4.7165,12.0695],[4.7078,12.0663],[4.7049,12.0634],[4.7023,12.0633],[4.6944,12.0594],[4.6913,12.0564],[4.6845,12.0582],[4.6798,12.0611],[4.6765,12.0645],[4.6679,12.0651],[4.6647,12.064],[4.6628,12.0686],[4.6604,12.071],[4.6491,12.0769],[4.6466,12.0794],[4.6431,12.0754],[4.6338,12.0722],[4.6314,12.072],[4.6278,12.0686],[4.6252,12.068],[4.6167,12.0641],[4.6111,12.0593],[4.6059,12.0566],[4.602,12.0533],[4.5988,12.0533],[4.596,12.0507],[4.5935,12.0504],[4.5908,12.0477],[4.5853,12.0471],[4.5882,12.0388],[4.582,11.9965],[4.576,11.969]]]},"properties":{"name":"UNGUSHI","state":"33","code":"33/11/09"}},{"type":"Feature","geometry":{"type":"Polygon","coordinates":[[[4.7907,12.0485],[4.7956,12.0396],[4.7978,12.0372],[4.8004,12.0318],[4.8047,12.0258],[4.8055,12.0225],[4.8015,12.0153],[4.7997,12.0082],[4.8018,12.0028],[4.8024,11.9966],[4.8007,11.9931],[4.8029,11.9905],[4.8026,11.9845],[4.8038,11.9821],[4.8042,11.976],[4.8033,11.9738],[4.804,11.9692],[4.8061,11.9642],[4.8057,11.9626],[4.8073,11.9564],[4.8109,11.9548],[4.815,11.9483],[4.8139,11.9433],[4.8149,11.941],[4.8148,11.9361],[4.8185,11.9391],[4.8216,11.939],[4.8249,11.9375],[4.8291,11.9387],[4.8344,11.9372],[4.8385,11.9389],[4.8427,11.9376],[4.8505,11.9393],[4.8554,11.9391],[4.8624,11.943],[4.8671,11.9421],[4.8707,12.0286],[4.8607,12.0476],[4.8633,12.0594],[4.8646,12.0677],[4.8646,12.0909],[4.8746,12.1182],[4.8686,12.1329],[4.8663,12.1365],[4.8632,12.1356],[4.8619,12.1405],[4.854,12.1373],[4.8509,12.142],[4.8481,12.142],[4.8447,12.1385],[4.8408,12.1385],[4.8431,12.1455],[4.837,12.1448],[4.8293,12.1479],[4.8243,12.1451],[4.8223,12.1455],[4.8205,12.1488],[4.8135,12.149],[4.8115,12.1552],[4.8022,12.1549],[4.8002,12.158],[4.792,12.1578],[4.7938,12.1539],[4.7933,12.1509],[4.796,12.1466],[4.7984,12.1454],[4.7994,12.1397],[4.801,12.1363],[4.803,12.1285],[4.802,12.1239],[4.8036,12.1118],[4.8032,12.1036],[4.8014,12.1025],[4.8013,12.0951],[4.7997,12.0905],[4.7974,12.0869],[4.7975,12.0791],[4.7916,12.0692],[4.7916,12.0644],[4.7898,12.0614],[4.7882,12.0545],[4.7886,12.0508],[4.7907,12.0485]]]},"properties":{"name":"GIRKAU","state":"33","code":"33/11/10"}},{"type":"Feature","geometry":{"type":"Polygon","coordinates":[[[5.4831,13.1023],[5.4858,13.1034],[5.4836,13.1085],[5.4891,13.1058],[5.4899,13.1079],[5.4879,13.1103],[5.4939,13.1119],[5.4968,13.1097],[5.4976,13.1062],[5.4999,13.1066],[5.5006,13.1098],[5.504,13.1128],[5.5057,13.1075],[5.5128,13.1091],[5.5142,13.1068],[5.5113,13.1043],[5.5134,13.1001],[5.5183,13.0999],[5.5177,13.0961],[5.519,13.0923],[5.521,13.0923],[5.5229,13.0951],[5.5261,13.0954],[5.5342,13.0906],[5.5345,13.0855],[5.5392,13.0892],[5.5451,13.0916],[5.5505,13.0971],[5.5574,13.0976],[5.5667,13.106],[5.581,13.1118],[5.5858,13.118],[5.5928,13.1192],[5.5978,13.1221],[5.6023,13.1259],[5.6022,13.1314],[5.5936,13.1396],[5.5858,13.1455],[5.5823,13.1473],[5.5812,13.1519],[5.5839,13.1576],[5.5835,13.1593],[5.5852,13.1642],[5.58,13.1733],[5.5803,13.1742],[5.5758,13.1716],[5.5735,13.1736],[5.576,13.1775],[5.5741,13.1816],[5.5703,13.1824],[5.57,13.1871],[5.5678,13.1916],[5.5547,13.1929],[5.5507,13.1917],[5.5417,13.1954],[5.5335,13.19],[5.53,13.1899],[5.5208,13.1856],[5.5167,13.1846],[5.5127,13.1825],[5.5059,13.1752],[5.5025,13.1706],[5.4937,13.1701],[5.4853,13.1715],[5.4817,13.1712],[5.4773,13.173],[5.4739,13.1687],[5.4676,13.1657],[5.4662,13.1641],[5.4614,13.1623],[5.46,13.1547],[5.4546,13.1521],[5.4522,13.1499],[5.4469,13.1482],[5.4466,13.1462],[5.4491,13.1412],[5.4495,13.1371],[5.4514,13.1308],[5.4582,13.1282],[5.4604,13.124],[5.4646,13.1189],[5.4694,13.105],[5.4721,13.1008],[5.4745,13.1038],[5.4781,13.1034],[5.4806,13.1008],[5.4831,13.1023]]]},"properties":{"name":"RABAH","state":"33","code":"33/12/01"}},{"type":"Feature","geometry":{"type":"Polygon","coordinates":[[[5.4668,13.0438],[5.4679,13.0403],[5.4739,13.0336],[5.4833,13.0283],[5.4868,13.0255],[5.5004,13.0269],[5.5147,13.026],[5.5167,13.0276],[5.5175,13.0313],[5.5223,13.0373],[5.5243,13.0424],[5.5254,13.0477],[5.5279,13.051],[5.5283,13.0547],[5.5316,13.0619],[5.537,13.0635],[5.5414,13.0691],[5.5478,13.0702],[5.5511,13.0771],[5.5538,13.0789],[5.5529,13.0825],[5.55,13.0813],[5.548,13.0789],[5.546,13.0804],[5.5464,13.0837],[5.5421,13.0837],[5.541,13.0811],[5.5382,13.0818],[5.5345,13.0855],[5.5342,13.0906],[5.5261,13.0954],[5.5229,13.0951],[5.521,13.0923],[5.519,13.0923],[5.5177,13.0961],[5.5183,13.0999],[5.5134,13.1001],[5.5113,13.1043],[5.5142,13.1068],[5.5128,13.1091],[5.5057,13.1075],[5.504,13.1128],[5.5006,13.1098],[5.4999,13.1066],[5.4976,13.1062],[5.4968,13.1097],[5.4939,13.1119],[5.4879,13.1103],[5.4899,13.1079],[5.4891,13.1058],[5.4836,13.1085],[5.4858,13.1034],[5.4831,13.1023],[5.4826,13.0977],[5.4782,13.0937],[5.4716,13.084],[5.4719,13.0814],[5.4706,13.0778],[5.4742,13.074],[5.4738,13.0715],[5.4752,13.0679],[5.4753,13.0641],[5.4766,13.0609],[5.4718,13.0561],[5.4691,13.0508],[5.4689,13.048],[5.4668,13.0438]]]},"properties":{"name":"RIJI/MAIKUJERA","state":"33","code":"33/12/02"}},{"type":"Feature","geometry":{"type":"Polygon","coordinates":[[[5.6119,12.8416],[5.6234,12.8599],[5.6261,12.8653],[5.6227,12.8737],[5.6233,12.8758],[5.627,12.8786],[5.629,12.8845],[5.6319,12.8859],[5.6334,12.8905],[5.6363,12.892],[5.6399,12.8979],[5.6395,12.8995],[5.6421,12.9057],[5.6413,12.9073],[5.6444,12.9099],[5.6469,12.9106],[5.6505,12.9211],[5.6543,12.9248],[5.6554,12.9305],[5.6583,12.932],[5.6636,12.9362],[5.665,12.9386],[5.6648,12.9411],[5.6621,12.9437],[5.6629,12.9505],[5.6583,12.9552],[5.6578,12.9594],[5.6595,12.9611],[5.667,12.9634],[5.6694,12.9657],[5.6732,12.9668],[5.6777,12.9696],[5.6792,12.9758],[5.677,12.9783],[5.6742,12.9876],[5.6759,12.9969],[5.6748,12.999],[5.6683,12.9989],[5.6666,13.0017],[5.6663,13.0072],[5.6633,13.0079],[5.6616,13.0128],[5.6561,13.0206],[5.6553,13.0258],[5.6516,13.03],[5.6455,13.0237],[5.6432,13.0226],[5.6418,13.0182],[5.6397,13.0167],[5.6349,13.018],[5.6276,13.0166],[5.6201,13.018],[5.6152,13.0173],[5.6106,13.0185],[5.6034,13.0219],[5.6004,13.0218],[5.598,13.0179],[5.6026,13.0158],[5.5994,13.0137],[5.5996,13.0107],[5.6025,13.0112],[5.6063,13.0093],[5.6035,13.0062],[5.6002,13.0061],[5.5979,13.0004],[5.5941,12.9994],[5.5791,12.9983],[5.5709,12.9988],[5.5683,12.9982],[5.5609,13.0002],[5.5597,13.0025],[5.548,13.002],[5.5416,12.9997],[5.535,12.9997],[5.5323,12.9919],[5.5254,12.9795],[5.5225,12.9761],[5.5181,12.9671],[5.5134,12.9657],[5.512,12.964],[5.5209,12.96],[5.5257,12.9555],[5.5289,12.9463],[5.5339,12.9382],[5.535,12.9317],[5.5467,12.9224],[5.547,12.9192],[5.5489,12.9155],[5.5489,12.9057],[5.547,12.9036],[5.5479,12.9012],[5.5466,12.893],[5.5472,12.8852],[5.5452,12.8845],[5.5443,12.8696],[5.5421,12.867],[5.5466,12.8646],[5.5739,12.8549],[5.589,12.849],[5.6044,12.8453],[5.6119,12.8416]]]},"properties":{"name":"RARA","state":"33","code":"33/12/03"}},{"type":"Feature","geometry":{"type":"Polygon","coordinates":[[[5.535,12.9997],[5.5416,12.9997],[5.548,13.002],[5.5597,13.0025],[5.5609,13.0002],[5.5683,12.9982],[5.5709,12.9988],[5.5791,12.9983],[5.5941,12.9994],[5.5979,13.0004],[5.6002,13.0061],[5.6035,13.0062],[5.6063,13.0093],[5.6025,13.0112],[5.5996,13.0107],[5.5994,13.0137],[5.6026,13.0158],[5.598,13.0179],[5.6004,13.0218],[5.6034,13.0219],[5.6106,13.0185],[5.6152,13.0173],[5.6201,13.018],[5.6276,13.0166],[5.6349,13.018],[5.6397,13.0167],[5.6418,13.0182],[5.6432,13.0226],[5.6455,13.0237],[5.6516,13.03],[5.6562,13.0376],[5.6561,13.0411],[5.6573,13.0464],[5.6601,13.0491],[5.6604,13.0529],[5.6594,13.0575],[5.6598,13.0682],[5.6608,13.0695],[5.6618,13.0756],[5.663,13.0783],[5.6628,13.0857],[5.6654,13.0922],[5.6602,13.0946],[5.6534,13.0929],[5.649,13.0937],[5.6476,13.091],[5.6452,13.0921],[5.641,13.0914],[5.629,13.0864],[5.6268,13.0818],[5.6248,13.0803],[5.6187,13.09],[5.6168,13.0909],[5.6116,13.1003],[5.6074,13.1004],[5.6057,13.1042],[5.6062,13.1107],[5.6037,13.1233],[5.6023,13.1259],[5.5978,13.1221],[5.5928,13.1192],[5.5858,13.118],[5.581,13.1118],[5.5667,13.106],[5.5574,13.0976],[5.5505,13.0971],[5.5451,13.0916],[5.5392,13.0892],[5.5345,13.0855],[5.5382,13.0818],[5.541,13.0811],[5.5421,13.0837],[5.5464,13.0837],[5.546,13.0804],[5.548,13.0789],[5.55,13.0813],[5.5529,13.0825],[5.5538,13.0789],[5.5511,13.0771],[5.5478,13.0702],[5.5414,13.0691],[5.537,13.0635],[5.5316,13.0619],[5.5283,13.0547],[5.5279,13.051],[5.5254,13.0477],[5.5243,13.0424],[5.5223,13.0373],[5.5175,13.0313],[5.5167,13.0276],[5.5194,13.026],[5.5211,13.0207],[5.5243,13.0166],[5.5293,13.0126],[5.5342,13.0046],[5.535,12.9997]]]},"properties":{"name":"GWADDODI/GIDAN BU WAI","state":"33","code":"33/12/04"}},{"type":"Feature","geometry":{"type":"Polygon","coordinates":[[[5.8129,13.0861],[5.8103,13.0807],[5.8041,13.0761],[5.8022,13.0738],[5.7966,13.07],[5.7863,13.0597],[5.7805,13.0522],[5.7834,13.0463],[5.7807,13.0416],[5.7812,13.0342],[5.7792,13.0313],[5.7776,13.0233],[5.769,13.0182],[5.7573,13.0161],[5.7531,13.012],[5.7432,13.0093],[5.7415,13.0045],[5.7379,13.0017],[5.7372,12.9997],[5.7382,12.9931],[5.7351,12.9911],[5.7346,12.9839],[5.7311,12.9822],[5.7283,12.9786],[5.7231,12.9776],[5.7209,12.9794],[5.7178,12.9783],[5.7157,12.9797],[5.7121,12.9758],[5.7096,12.9719],[5.7038,12.9722],[5.6968,12.9702],[5.6879,12.9658],[5.6842,12.9702],[5.6777,12.9696],[5.6732,12.9668],[5.6694,12.9657],[5.667,12.9634],[5.6595,12.9611],[5.6578,12.9594],[5.6583,12.9552],[5.6629,12.9505],[5.6621,12.9437],[5.6648,12.9411],[5.665,12.9386],[5.6704,12.9396],[5.6746,12.943],[5.6762,12.9479],[5.6797,12.9518],[5.6841,12.9543],[5.6927,12.9563],[5.7043,12.9601],[5.7089,12.9566],[5.7113,12.957],[5.7173,12.9611],[5.7234,12.9616],[5.726,12.9578],[5.721,12.9551],[5.7183,12.9485],[5.7191,12.9428],[5.7202,12.942],[5.7258,12.9441],[5.7296,12.9429],[5.7322,12.9391],[5.7282,12.9365],[5.7295,12.935],[5.7363,12.9327],[5.7371,12.9309],[5.7417,12.9343],[5.7458,12.9396],[5.7534,12.9448],[5.7563,12.9447],[5.7599,12.9499],[5.7605,12.9532],[5.7648,12.9589],[5.7704,12.9624],[5.7723,12.9655],[5.7752,12.9669],[5.7786,12.9723],[5.7789,12.9756],[5.783,12.9729],[5.7931,12.9728],[5.7942,12.9736],[5.8019,12.9716],[5.8097,12.9703],[5.8131,12.9772],[5.8098,12.9776],[5.8034,12.9755],[5.8049,12.979],[5.8044,12.9826],[5.805,12.9885],[5.8084,12.9925],[5.8117,12.9906],[5.8144,12.9864],[5.8234,12.9868],[5.8315,12.9884],[5.8378,12.9992],[5.8401,13.0041],[5.8368,13.0126],[5.8327,13.0191],[5.826,13.0264],[5.8257,13.0296],[5.8234,13.0331],[5.8159,13.0373],[5.8151,13.0398],[5.8171,13.0473],[5.8222,13.0472],[5.8264,13.0504],[5.8305,13.051],[5.8286,13.055],[5.8302,13.0569],[5.8339,13.0569],[5.8354,13.059],[5.8398,13.0589],[5.842,13.0613],[5.8454,13.0615],[5.8459,13.064],[5.8447,13.0678],[5.8457,13.0747],[5.8484,13.0769],[5.8527,13.0769],[5.8544,13.0804],[5.8566,13.0818],[5.8597,13.0879],[5.8554,13.0897],[5.8498,13.0882],[5.8464,13.0898],[5.8358,13.0899],[5.8308,13.0873],[5.826,13.087],[5.821,13.0886],[5.8184,13.0867],[5.8129,13.0861]]]},"properties":{"name":"GANDI 'A'","state":"33","code":"33/12/06"}},{"type":"Feature","geometry":{"type":"Polygon","coordinates":[[[5.8597,13.0879],[5.8566,13.0818],[5.8544,13.0804],[5.8527,13.0769],[5.8484,13.0769],[5.8457,13.0747],[5.8447,13.0678],[5.8459,13.064],[5.8454,13.0615],[5.842,13.0613],[5.8398,13.0589],[5.8354,13.059],[5.8339,13.0569],[5.8302,13.0569],[5.8286,13.055],[5.8305,13.051],[5.8264,13.0504],[5.8222,13.0472],[5.8171,13.0473],[5.8151,13.0398],[5.8159,13.0373],[5.8234,13.0331],[5.8257,13.0296],[5.826,13.0264],[5.8327,13.0191],[5.8368,13.0126],[5.8401,13.0041],[5.8378,12.9992],[5.8315,12.9884],[5.8234,12.9868],[5.8144,12.9864],[5.8117,12.9906],[5.8084,12.9925],[5.805,12.9885],[5.8044,12.9826],[5.8049,12.979],[5.8034,12.9755],[5.8098,12.9776],[5.8131,12.9772],[5.8097,12.9703],[5.8019,12.9716],[5.7942,12.9736],[5.7931,12.9728],[5.783,12.9729],[5.7789,12.9756],[5.7786,12.9723],[5.7752,12.9669],[5.7723,12.9655],[5.7704,12.9624],[5.7648,12.9589],[5.7605,12.9532],[5.7599,12.9499],[5.7563,12.9447],[5.7534,12.9448],[5.7458,12.9396],[5.7417,12.9343],[5.7371,12.9309],[5.7328,12.9296],[5.7342,12.9271],[5.7396,12.9249],[5.743,12.9251],[5.7414,12.9214],[5.7447,12.9206],[5.7524,12.9211],[5.7537,12.9179],[5.7619,12.9115],[5.7656,12.9106],[5.7662,12.9058],[5.7684,12.9051],[5.7762,12.9061],[5.7738,12.9024],[5.7838,12.898],[5.7869,12.8983],[5.7945,12.895],[5.7972,12.8956],[5.8026,12.8946],[5.8065,12.8965],[5.8105,12.8971],[5.8127,12.9009],[5.8158,12.9031],[5.8238,12.9047],[5.8306,12.905],[5.8339,12.9013],[5.8401,12.8995],[5.843,12.9016],[5.8485,12.9027],[5.8508,12.9005],[5.8556,12.8989],[5.8628,12.8993],[5.8689,12.9029],[5.8739,12.9042],[5.8779,12.9071],[5.8844,12.9069],[5.8881,12.9093],[5.8912,12.9094],[5.8971,12.9113],[5.9029,12.9109],[5.9081,12.9154],[5.9086,12.917],[5.9134,12.9208],[5.9158,12.9237],[5.9208,12.9262],[5.9292,12.9263],[5.9345,12.9239],[5.9414,12.9244],[5.9439,12.9257],[5.9505,12.925],[5.9599,12.9301],[5.9669,12.9347],[5.9731,12.9355],[5.9788,12.9371],[5.9856,12.94],[5.9926,12.9359],[6.0001,12.9355],[6.0054,12.933],[6.0127,12.9329],[6.0144,12.9344],[6.021,12.9364],[6.0269,12.9371],[6.0374,12.9344],[6.0439,12.938],[6.0487,12.9483],[6.0554,12.9667],[6.0557,12.9722],[6.0572,12.9779],[6.057,12.9884],[6.0558,12.9909],[6.0561,12.9955],[6.0533,13.0086],[6.0502,13.0161],[6.0469,13.0312],[6.102,13.0598],[6.1112,13.0637],[6.1101,13.0673],[6.1067,13.0705],[6.1056,13.075],[6.1019,13.0817],[6.098,13.0866],[6.0973,13.09],[6.0933,13.0934],[6.0923,13.0969],[6.0913,13.1069],[6.0883,13.1168],[6.0855,13.1153],[6.0806,13.1147],[6.079,13.111],[6.0759,13.11],[6.0669,13.1091],[6.0651,13.1111],[6.0599,13.1097],[6.0588,13.1075],[6.0555,13.1081],[6.051,13.1085],[6.0488,13.1068],[6.0456,13.1092],[6.0401,13.1103],[6.0354,13.1088],[6.0321,13.1094],[6.0275,13.1118],[6.0263,13.1107],[6.0222,13.1126],[6.0196,13.1115],[6.0141,13.1125],[6.0113,13.114],[6.0054,13.1124],[6.0047,13.1109],[5.9988,13.1072],[6.0011,13.1029],[5.9973,13.0986],[5.9936,13.0969],[5.9923,13.0909],[5.9862,13.0863],[5.9853,13.082],[5.9812,13.0857],[5.9791,13.0917],[5.9698,13.0921],[5.9671,13.0949],[5.9616,13.0984],[5.9577,13.0989],[5.9564,13.0956],[5.9505,13.091],[5.9457,13.0901],[5.9398,13.0876],[5.934,13.0835],[5.9297,13.0763],[5.9256,13.0748],[5.9216,13.0692],[5.9188,13.0668],[5.9169,13.063],[5.9106,13.0656],[5.9072,13.0714],[5.906,13.078],[5.9041,13.0787],[5.8991,13.086],[5.8936,13.0888],[5.8913,13.0908],[5.8871,13.0914],[5.885,13.0929],[5.8805,13.0985],[5.8774,13.1046],[5.871,13.1021],[5.8688,13.096],[5.8635,13.0921],[5.8647,13.0897],[5.863,13.0876],[5.8597,13.0879]]]},"properties":{"name":"GANDI 'B'","state":"33","code":"33/12/07"}},{"type":"Feature","geometry":{"type":"Polygon","coordinates":[[[5.6421,12.9057],[5.6492,12.9045],[5.6529,12.9051],[5.6603,12.9029],[5.6684,12.8994],[5.6721,12.8993],[5.6761,12.8967],[5.6817,12.898],[5.6943,12.8962],[5.6991,12.893],[5.6985,12.8919],[5.7031,12.8887],[5.7032,12.8857],[5.7066,12.8811],[5.7126,12.879],[5.7147,12.8767],[5.7223,12.8726],[5.7234,12.8691],[5.7253,12.8677],[5.7295,12.8701],[5.7315,12.8728],[5.7364,12.8771],[5.7408,12.8783],[5.7428,12.8813],[5.7456,12.8823],[5.7481,12.8888],[5.7528,12.8942],[5.7555,12.8989],[5.7622,12.901],[5.7662,12.9058],[5.7656,12.9106],[5.7619,12.9115],[5.7537,12.9179],[5.7524,12.9211],[5.7447,12.9206],[5.7414,12.9214],[5.743,12.9251],[5.7396,12.9249],[5.7342,12.9271],[5.7328,12.9296],[5.7371,12.9309],[5.7363,12.9327],[5.7295,12.935],[5.7282,12.9365],[5.7322,12.9391],[5.7296,12.9429],[5.7258,12.9441],[5.7202,12.942],[5.7191,12.9428],[5.7183,12.9485],[5.721,12.9551],[5.726,12.9578],[5.7234,12.9616],[5.7173,12.9611],[5.7113,12.957],[5.7089,12.9566],[5.7043,12.9601],[5.6927,12.9563],[5.6841,12.9543],[5.6797,12.9518],[5.6762,12.9479],[5.6746,12.943],[5.6704,12.9396],[5.665,12.9386],[5.6636,12.9362],[5.6583,12.932],[5.6554,12.9305],[5.6543,12.9248],[5.6505,12.9211],[5.6469,12.9106],[5.6444,12.9099],[5.6413,12.9073],[5.6421,12.9057]]]},"properties":{"name":"TSAMIYA","state":"33","code":"33/12/08"}},{"type":"Feature","geometry":{"type":"Polygon","coordinates":[[[5.6261,12.8653],[5.6326,12.8771],[5.6347,12.8829],[5.6749,12.8679],[5.6817,12.8652],[5.6889,12.8565],[5.734,12.8268],[5.7713,12.8333],[5.8048,12.8378],[5.8131,12.8397],[5.8323,12.8194],[5.836,12.8148],[5.8478,12.8105],[5.852,12.8103],[5.8657,12.815],[5.8833,12.8203],[5.9114,12.7997],[5.9288,12.7871],[5.9475,12.7725],[5.9507,12.7653],[5.9589,12.7608],[5.9613,12.7586],[5.9617,12.7547],[5.9861,12.7547],[6.0244,12.7488],[6.0341,12.7841],[6.0302,12.7953],[6.0093,12.8798],[6.0058,12.9191],[6.0212,12.9261],[6.0349,12.9331],[6.0374,12.9344],[6.0269,12.9371],[6.021,12.9364],[6.0144,12.9344],[6.0127,12.9329],[6.0054,12.933],[6.0001,12.9355],[5.9926,12.9359],[5.9856,12.94],[5.9788,12.9371],[5.9731,12.9355],[5.9669,12.9347],[5.9599,12.9301],[5.9505,12.925],[5.9439,12.9257],[5.9414,12.9244],[5.9345,12.9239],[5.9292,12.9263],[5.9208,12.9262],[5.9158,12.9237],[5.9134,12.9208],[5.9086,12.917],[5.9081,12.9154],[5.9029,12.9109],[5.8971,12.9113],[5.8912,12.9094],[5.8881,12.9093],[5.8844,12.9069],[5.8779,12.9071],[5.8739,12.9042],[5.8689,12.9029],[5.8628,12.8993],[5.8556,12.8989],[5.8508,12.9005],[5.8485,12.9027],[5.843,12.9016],[5.8401,12.8995],[5.8339,12.9013],[5.8306,12.905],[5.8238,12.9047],[5.8158,12.9031],[5.8127,12.9009],[5.8105,12.8971],[5.8065,12.8965],[5.8026,12.8946],[5.7972,12.8956],[5.7945,12.895],[5.7869,12.8983],[5.7838,12.898],[5.7738,12.9024],[5.7762,12.9061],[5.7684,12.9051],[5.7662,12.9058],[5.7622,12.901],[5.7555,12.8989],[5.7528,12.8942],[5.7481,12.8888],[5.7456,12.8823],[5.7428,12.8813],[5.7408,12.8783],[5.7364,12.8771],[5.7315,12.8728],[5.7295,12.8701],[5.7253,12.8677],[5.7234,12.8691],[5.7223,12.8726],[5.7147,12.8767],[5.7126,12.879],[5.7066,12.8811],[5.7032,12.8857],[5.7031,12.8887],[5.6985,12.8919],[5.6991,12.893],[5.6943,12.8962],[5.6817,12.898],[5.6761,12.8967],[5.6721,12.8993],[5.6684,12.8994],[5.6603,12.9029],[5.6529,12.9051],[5.6492,12.9045],[5.6421,12.9057],[5.6395,12.8995],[5.6399,12.8979],[5.6363,12.892],[5.6334,12.8905],[5.6319,12.8859],[5.629,12.8845],[5.627,12.8786],[5.6233,12.8758],[5.6227,12.8737],[5.6261,12.8653]]]},"properties":{"name":"YAR TSAKUWA","state":"33","code":"33/12/09"}},{"type":"Feature","geometry":{"type":"Polygon","coordinates":[[[5.7225,13.1119],[5.721,13.1119],[5.7184,13.1066],[5.7151,13.1019],[5.7118,13.0944],[5.7064,13.0889],[5.702,13.0854],[5.6946,13.0832],[5.6863,13.0848],[5.6827,13.0874],[5.6769,13.0867],[5.6729,13.091],[5.6654,13.0922],[5.6628,13.0857],[5.663,13.0783],[5.6618,13.0756],[5.6608,13.0695],[5.6598,13.0682],[5.6594,13.0575],[5.6604,13.0529],[5.6601,13.0491],[5.6573,13.0464],[5.6561,13.0411],[5.6562,13.0376],[5.6516,13.03],[5.6553,13.0258],[5.6561,13.0206],[5.6616,13.0128],[5.6633,13.0079],[5.6663,13.0072],[5.6666,13.0017],[5.6683,12.9989],[5.6748,12.999],[5.6759,12.9969],[5.6742,12.9876],[5.677,12.9783],[5.6792,12.9758],[5.6777,12.9696],[5.6842,12.9702],[5.6879,12.9658],[5.6968,12.9702],[5.7038,12.9722],[5.7096,12.9719],[5.7121,12.9758],[5.7157,12.9797],[5.7178,12.9783],[5.7209,12.9794],[5.7231,12.9776],[5.7283,12.9786],[5.7311,12.9822],[5.7346,12.9839],[5.7351,12.9911],[5.7382,12.9931],[5.7372,12.9997],[5.7379,13.0017],[5.7415,13.0045],[5.7432,13.0093],[5.7531,13.012],[5.7573,13.0161],[5.769,13.0182],[5.7776,13.0233],[5.7792,13.0313],[5.7812,13.0342],[5.7807,13.0416],[5.7834,13.0463],[5.7805,13.0522],[5.7863,13.0597],[5.7966,13.07],[5.8022,13.0738],[5.8041,13.0761],[5.8103,13.0807],[5.8129,13.0861],[5.8053,13.0909],[5.8022,13.0913],[5.7964,13.0957],[5.7882,13.0994],[5.7835,13.0988],[5.7762,13.0999],[5.7697,13.0988],[5.7624,13.099],[5.7557,13.1001],[5.7499,13.102],[5.7413,13.1023],[5.7378,13.1035],[5.7309,13.1094],[5.7265,13.1089],[5.7232,13.1099],[5.7225,13.1119]]]},"properties":{"name":"KURYA","state":"33","code":"33/12/10"}},{"type":"Feature","geometry":{"type":"Polygon","coordinates":[[[5.7361,13.2396],[5.7337,13.2419],[5.73,13.2391],[5.7263,13.2399],[5.723,13.2429],[5.7162,13.2439],[5.7101,13.2501],[5.7057,13.2477],[5.6909,13.2412],[5.6835,13.2443],[5.6752,13.2506],[5.6674,13.2529],[5.6613,13.2492],[5.652,13.247],[5.6455,13.2445],[5.6426,13.2422],[5.6337,13.2432],[5.6186,13.2431],[5.6168,13.2383],[5.6181,13.2349],[5.6159,13.2288],[5.6165,13.2254],[5.6153,13.2232],[5.6165,13.2177],[5.6139,13.2163],[5.614,13.2127],[5.6115,13.2098],[5.6106,13.206],[5.6117,13.2016],[5.6145,13.1986],[5.6188,13.1965],[5.6206,13.1946],[5.6159,13.1911],[5.6148,13.1887],[5.6097,13.1868],[5.6059,13.1836],[5.6,13.1838],[5.5944,13.1827],[5.5929,13.1812],[5.5883,13.1818],[5.5839,13.1801],[5.5803,13.1742],[5.58,13.1733],[5.5852,13.1642],[5.5835,13.1593],[5.5839,13.1576],[5.5812,13.1519],[5.5823,13.1473],[5.5858,13.1455],[5.5936,13.1396],[5.6022,13.1314],[5.6023,13.1259],[5.6037,13.1233],[5.6062,13.1107],[5.6057,13.1042],[5.6074,13.1004],[5.6116,13.1003],[5.6168,13.0909],[5.6187,13.09],[5.6248,13.0803],[5.6268,13.0818],[5.629,13.0864],[5.641,13.0914],[5.6452,13.0921],[5.6476,13.091],[5.649,13.0937],[5.6534,13.0929],[5.6602,13.0946],[5.6654,13.0922],[5.6729,13.091],[5.6769,13.0867],[5.6827,13.0874],[5.6863,13.0848],[5.6946,13.0832],[5.702,13.0854],[5.7064,13.0889],[5.7118,13.0944],[5.7151,13.1019],[5.7184,13.1066],[5.721,13.1119],[5.7225,13.1119],[5.7268,13.1257],[5.7272,13.1295],[5.7301,13.1338],[5.7311,13.1453],[5.7368,13.1489],[5.7346,13.1519],[5.7345,13.1606],[5.7311,13.1681],[5.7302,13.1733],[5.7273,13.1818],[5.7279,13.1842],[5.7279,13.1932],[5.7266,13.2002],[5.7263,13.2081],[5.7206,13.2093],[5.7141,13.2099],[5.7111,13.2118],[5.7067,13.2128],[5.7039,13.2153],[5.7009,13.2147],[5.6978,13.2158],[5.6953,13.2147],[5.6938,13.217],[5.6937,13.2204],[5.6985,13.2226],[5.7086,13.2224],[5.7168,13.226],[5.7209,13.2271],[5.7279,13.2275],[5.7302,13.2313],[5.7329,13.2329],[5.7361,13.2396]]]},"properties":{"name":"TURSA","state":"33","code":"33/12/11"}},{"type":"Feature","geometry":{"type":"Polygon","coordinates":[[[6.3334,13.5647],[6.3303,13.567],[6.3323,13.5725],[6.3276,13.5743],[6.32,13.5759],[6.312,13.5749],[6.3083,13.5757],[6.3079,13.5782],[6.3134,13.5807],[6.3132,13.5879],[6.3119,13.5889],[6.3077,13.5868],[6.3051,13.5867],[6.3046,13.5829],[6.3023,13.5828],[6.3018,13.5805],[6.2979,13.5773],[6.2926,13.5775],[6.2853,13.5761],[6.2825,13.5739],[6.2743,13.5713],[6.2738,13.5649],[6.2736,13.543],[6.2729,13.5401],[6.2751,13.5386],[6.28,13.5381],[6.2864,13.534],[6.2898,13.5347],[6.2924,13.5324],[6.2951,13.5345],[6.2972,13.5301],[6.3009,13.5325],[6.3112,13.5326],[6.3168,13.5309],[6.3182,13.5295],[6.3297,13.5282],[6.332,13.53],[6.3313,13.5322],[6.3336,13.5341],[6.3331,13.5371],[6.3367,13.5417],[6.3407,13.5429],[6.3445,13.5462],[6.348,13.5477],[6.3465,13.5518],[6.3433,13.5526],[6.3394,13.5518],[6.3367,13.5542],[6.3374,13.5585],[6.3351,13.5601],[6.3334,13.5647]]]},"properties":{"name":"S/BIRNI EAST","state":"33","code":"33/13/01"}},{"type":"Feature","geometry":{"type":"Polygon","coordinates":[[[5.9228,13.5845],[5.9215,13.5748],[5.9218,13.5696],[5.9198,13.5661],[5.92,13.5612],[5.9213,13.5582],[5.9223,13.5511],[5.9264,13.5449],[5.9281,13.5407],[5.9339,13.5343],[5.9347,13.5302],[5.9397,13.5296],[5.9427,13.5302],[5.9445,13.5231],[5.9438,13.5187],[5.9464,13.5157],[5.9468,13.5122],[5.9492,13.5067],[5.9541,13.5015],[5.957,13.4972],[5.9603,13.4947],[5.9726,13.4942],[5.9778,13.4918],[5.9872,13.4865],[5.9915,13.4855],[5.994,13.4821],[6.0064,13.4746],[6.0085,13.4691],[6.0118,13.4665],[6.0141,13.4614],[6.0189,13.4557],[6.0274,13.4489],[6.0313,13.4473],[6.0364,13.4424],[6.0426,13.4431],[6.0508,13.4539],[6.0572,13.4581],[6.0598,13.4644],[6.0627,13.4657],[6.0667,13.4703],[6.0639,13.4716],[6.0605,13.4762],[6.0523,13.484],[6.0492,13.4898],[6.0446,13.4927],[6.0426,13.4956],[6.0405,13.5019],[6.0404,13.5133],[6.0452,13.5173],[6.0518,13.5265],[6.0519,13.529],[6.0556,13.5352],[6.0561,13.5379],[6.0589,13.5418],[6.0513,13.548],[6.0496,13.5508],[6.0479,13.5577],[6.0431,13.5639],[6.0372,13.569],[6.0317,13.5724],[6.0277,13.5734],[6.0185,13.5799],[6.0144,13.5877],[6.0063,13.592],[5.9934,13.5942],[5.9839,13.6047],[5.9779,13.6091],[5.9763,13.6122],[5.9771,13.6243],[5.9787,13.6287],[5.9853,13.6376],[5.9889,13.6391],[5.9933,13.6462],[5.996,13.6473],[6.0015,13.6469],[6.0069,13.6431],[6.0181,13.6411],[6.0199,13.6417],[6.0276,13.6374],[6.0337,13.6373],[6.041,13.6356],[6.0459,13.6364],[6.0513,13.6347],[6.053,13.6354],[6.0637,13.6428],[6.0625,13.6488],[6.0648,13.6527],[6.0642,13.6569],[6.0651,13.6595],[6.0642,13.6655],[6.0655,13.6688],[6.0697,13.675],[6.0729,13.6831],[5.9686,13.7169],[5.9763,13.7058],[5.9757,13.6997],[5.9705,13.6959],[5.9666,13.69],[5.9696,13.6887],[5.9711,13.6856],[5.9767,13.6814],[5.9785,13.6763],[5.9769,13.6747],[5.9649,13.6677],[5.9597,13.6691],[5.9531,13.6678],[5.9469,13.6658],[5.9463,13.6626],[5.9473,13.6593],[5.9473,13.6545],[5.9457,13.6483],[5.9487,13.6407],[5.9458,13.6373],[5.9417,13.6359],[5.9368,13.6367],[5.9322,13.635],[5.9281,13.6355],[5.9264,13.6391],[5.9223,13.6424],[5.916,13.6416],[5.9131,13.6424],[5.9111,13.6408],[5.904,13.6389],[5.9015,13.6355],[5.9024,13.6332],[5.8969,13.6337],[5.8937,13.6318],[5.8939,13.6286],[5.8987,13.625],[5.8999,13.6276],[5.9057,13.6279],[5.9159,13.6373],[5.9263,13.627],[5.9277,13.6227],[5.9339,13.6142],[5.9281,13.6115],[5.9259,13.6056],[5.9185,13.6023],[5.916,13.5988],[5.919,13.5954],[5.923,13.5936],[5.9222,13.5886],[5.9228,13.5845]]]},"properties":{"name":"TSAMAYE","state":"33","code":"33/13/03"}},{"type":"Feature","geometry":{"type":"Polygon","coordinates":[[[6.058,13.3928],[6.064,13.3917],[6.0692,13.3917],[6.0726,13.393],[6.0754,13.387],[6.079,13.3841],[6.0824,13.3796],[6.0861,13.376],[6.0874,13.3736],[6.0931,13.3687],[6.0934,13.3669],[6.0974,13.3623],[6.1005,13.356],[6.1048,13.3593],[6.1104,13.362],[6.1152,13.363],[6.1183,13.3617],[6.1195,13.3642],[6.1275,13.3645],[6.1328,13.3635],[6.1387,13.3594],[6.1419,13.3554],[6.1455,13.3491],[6.1454,13.3459],[6.148,13.3425],[6.1565,13.3397],[6.1656,13.3411],[6.1731,13.3435],[6.1791,13.3488],[6.185,13.3512],[6.193,13.3568],[6.2019,13.3595],[6.1985,13.3651],[6.1961,13.3669],[6.1896,13.3691],[6.1873,13.3721],[6.1824,13.3745],[6.1802,13.3796],[6.1781,13.3813],[6.1754,13.387],[6.1722,13.3985],[6.1686,13.3972],[6.1619,13.3962],[6.1584,13.3969],[6.1557,13.4008],[6.1577,13.4043],[6.1588,13.4104],[6.1611,13.4156],[6.1569,13.4225],[6.1527,13.4322],[6.1518,13.4365],[6.1487,13.4427],[6.152,13.448],[6.1547,13.4489],[6.1592,13.4531],[6.1688,13.4597],[6.1704,13.4619],[6.1753,13.4655],[6.1772,13.4688],[6.181,13.4719],[6.1862,13.4737],[6.1883,13.4757],[6.1937,13.4785],[6.1979,13.4793],[6.1967,13.4841],[6.1948,13.486],[6.1949,13.4898],[6.1926,13.4894],[6.1946,13.4982],[6.1965,13.5011],[6.197,13.5051],[6.1836,13.5017],[6.1816,13.5046],[6.174,13.5073],[6.1645,13.5078],[6.163,13.5086],[6.1576,13.5076],[6.1559,13.5115],[6.1583,13.5149],[6.1599,13.5228],[6.1569,13.5254],[6.1535,13.5307],[6.1495,13.531],[6.1492,13.5349],[6.146,13.5382],[6.1403,13.5425],[6.132,13.543],[6.1284,13.5421],[6.1242,13.553],[6.1177,13.5633],[6.1265,13.5696],[6.1275,13.5734],[6.1328,13.5767],[6.1327,13.5802],[6.1252,13.586],[6.1151,13.587],[6.1116,13.5885],[6.1116,13.5911],[6.1148,13.5912],[6.1159,13.5943],[6.1185,13.5958],[6.1172,13.6028],[6.119,13.6084],[6.1171,13.6126],[6.1173,13.6165],[6.1153,13.6191],[6.1153,13.6222],[6.1092,13.6319],[6.1056,13.6341],[6.1033,13.6401],[6.0986,13.6474],[6.1048,13.6549],[6.1068,13.6623],[6.1066,13.6647],[6.1082,13.6685],[6.091,13.6772],[6.0729,13.6831],[6.0697,13.675],[6.0655,13.6688],[6.0642,13.6655],[6.0651,13.6595],[6.0642,13.6569],[6.0648,13.6527],[6.0625,13.6488],[6.0637,13.6428],[6.053,13.6354],[6.0513,13.6347],[6.0459,13.6364],[6.041,13.6356],[6.0337,13.6373],[6.0276,13.6374],[6.0199,13.6417],[6.0181,13.6411],[6.0069,13.6431],[6.0015,13.6469],[5.996,13.6473],[5.9933,13.6462],[5.9889,13.6391],[5.9853,13.6376],[5.9787,13.6287],[5.9771,13.6243],[5.9763,13.6122],[5.9779,13.6091],[5.9839,13.6047],[5.9934,13.5942],[6.0063,13.592],[6.0144,13.5877],[6.0185,13.5799],[6.0277,13.5734],[6.0317,13.5724],[6.0372,13.569],[6.0431,13.5639],[6.0479,13.5577],[6.0496,13.5508],[6.0513,13.548],[6.0589,13.5418],[6.0561,13.5379],[6.0556,13.5352],[6.0519,13.529],[6.0518,13.5265],[6.0452,13.5173],[6.0404,13.5133],[6.0405,13.5019],[6.0426,13.4956],[6.0446,13.4927],[6.0492,13.4898],[6.0523,13.484],[6.0605,13.4762],[6.0639,13.4716],[6.0667,13.4703],[6.0627,13.4657],[6.0598,13.4644],[6.0572,13.4581],[6.0508,13.4539],[6.0426,13.4431],[6.0364,13.4424],[6.0355,13.4362],[6.0364,13.424],[6.0351,13.4179],[6.0324,13.4096],[6.0329,13.406],[6.0429,13.4049],[6.0561,13.3957],[6.058,13.3928]]]},"properties":{"name":"UNGUWAR LALLE","state":"33","code":"33/13/04"}},{"type":"Feature","geometry":{"type":"Polygon","coordinates":[[[6.4967,13.4811],[6.4876,13.4917],[6.4867,13.4975],[6.4826,13.5021],[6.4763,13.5031],[6.469,13.5074],[6.462,13.5081],[6.457,13.5109],[6.4529,13.5121],[6.4517,13.5149],[6.4531,13.5217],[6.4529,13.5258],[6.4478,13.5315],[6.4436,13.5283],[6.4329,13.525],[6.4274,13.5258],[6.4192,13.5289],[6.4112,13.5342],[6.407,13.5323],[6.4028,13.5333],[6.4005,13.5309],[6.3985,13.5311],[6.395,13.5285],[6.3904,13.527],[6.3895,13.5238],[6.3846,13.5232],[6.385,13.5169],[6.3816,13.5172],[6.3751,13.5206],[6.3723,13.5187],[6.375,13.5163],[6.3879,13.512],[6.3914,13.5097],[6.3955,13.5046],[6.3952,13.5023],[6.3923,13.5021],[6.391,13.4973],[6.3922,13.4946],[6.3909,13.485],[6.3895,13.4815],[6.3876,13.4815],[6.3847,13.4862],[6.3808,13.4879],[6.3705,13.4879],[6.3646,13.4899],[6.3598,13.4887],[6.3545,13.4793],[6.3535,13.4766],[6.3503,13.4589],[6.3482,13.4549],[6.3378,13.442],[6.3374,13.4387],[6.3389,13.4365],[6.3416,13.4327],[6.3364,13.4315],[6.3336,13.4296],[6.3311,13.4253],[6.331,13.4225],[6.3288,13.4204],[6.3276,13.4155],[6.3322,13.4108],[6.3337,13.4066],[6.339,13.4111],[6.3465,13.4146],[6.3526,13.4161],[6.3547,13.4177],[6.3557,13.4202],[6.3552,13.4247],[6.3525,13.4299],[6.3538,13.4322],[6.3615,13.4354],[6.3675,13.441],[6.3745,13.4449],[6.3764,13.4479],[6.3823,13.4448],[6.3911,13.4362],[6.3957,13.4382],[6.4042,13.4397],[6.4056,13.4391],[6.4096,13.441],[6.4158,13.4424],[6.4247,13.44],[6.4298,13.4419],[6.4343,13.4459],[6.4377,13.4461],[6.4406,13.4485],[6.4485,13.4485],[6.4536,13.453],[6.459,13.4561],[6.46,13.4595],[6.4625,13.46],[6.4668,13.4629],[6.4714,13.4649],[6.4739,13.4676],[6.4767,13.4684],[6.4842,13.4739],[6.4867,13.4764],[6.4937,13.4808],[6.4967,13.4811]]]},"properties":{"name":"TARA","state":"33","code":"33/13/05"}},{"type":"Feature","geometry":{"type":"Polygon","coordinates":[[[6.6443,13.3902],[6.5548,13.4772],[6.5216,13.5094],[6.518,13.5019],[6.5131,13.4988],[6.5114,13.4931],[6.5084,13.4902],[6.5078,13.488],[6.504,13.4856],[6.5023,13.4831],[6.4967,13.4811],[6.4937,13.4808],[6.4867,13.4764],[6.4842,13.4739],[6.4767,13.4684],[6.4739,13.4676],[6.4714,13.4649],[6.4668,13.4629],[6.4625,13.46],[6.46,13.4595],[6.459,13.4561],[6.4536,13.453],[6.4485,13.4485],[6.4406,13.4485],[6.4377,13.4461],[6.4343,13.4459],[6.4298,13.4419],[6.4247,13.44],[6.4158,13.4424],[6.4096,13.441],[6.4056,13.4391],[6.4042,13.4397],[6.3957,13.4382],[6.3911,13.4362],[6.3823,13.4448],[6.3764,13.4479],[6.3745,13.4449],[6.3675,13.441],[6.3615,13.4354],[6.3538,13.4322],[6.3525,13.4299],[6.3552,13.4247],[6.3557,13.4202],[6.3547,13.4177],[6.3549,13.4146],[6.3569,13.4084],[6.3592,13.4059],[6.3594,13.401],[6.3643,13.3956],[6.3708,13.3934],[6.3779,13.3921],[6.3851,13.3947],[6.392,13.3877],[6.3908,13.3843],[6.3858,13.3805],[6.3959,13.3803],[6.4031,13.3731],[6.4057,13.372],[6.4075,13.3746],[6.4059,13.3814],[6.4086,13.3831],[6.4153,13.3837],[6.4186,13.3853],[6.4221,13.381],[6.4226,13.3733],[6.4257,13.3614],[6.4291,13.364],[6.431,13.3669],[6.4331,13.3727],[6.4348,13.3739],[6.4366,13.3784],[6.439,13.3816],[6.4402,13.3868],[6.4468,13.3891],[6.4525,13.3825],[6.453,13.3792],[6.4552,13.3776],[6.4574,13.3731],[6.4529,13.3628],[6.4473,13.3556],[6.4391,13.3505],[6.4325,13.347],[6.4339,13.3443],[6.4354,13.3382],[6.4371,13.3353],[6.4472,13.3295],[6.4508,13.3292],[6.4555,13.3245],[6.4604,13.3271],[6.4623,13.3305],[6.4662,13.3336],[6.4724,13.3408],[6.4771,13.3437],[6.4793,13.3441],[6.4828,13.3472],[6.4881,13.3461],[6.4947,13.3435],[6.5012,13.3393],[6.5018,13.3375],[6.5125,13.3364],[6.5167,13.3369],[6.518,13.343],[6.5182,13.3482],[6.5211,13.3511],[6.5222,13.3553],[6.5269,13.3599],[6.5326,13.3636],[6.5364,13.3614],[6.5409,13.3566],[6.5469,13.3559],[6.5496,13.3573],[6.5538,13.3542],[6.5593,13.3573],[6.5617,13.3616],[6.5646,13.363],[6.565,13.3668],[6.5686,13.3671],[6.5734,13.37],[6.5764,13.3694],[6.5823,13.3646],[6.5839,13.3624],[6.582,13.3569],[6.5846,13.353],[6.5874,13.3471],[6.592,13.3431],[6.5921,13.3382],[6.5961,13.3446],[6.6026,13.3461],[6.6051,13.3455],[6.6118,13.3477],[6.621,13.343],[6.6247,13.3455],[6.6301,13.3473],[6.6361,13.3514],[6.6327,13.3551],[6.6403,13.3623],[6.6428,13.3624],[6.6443,13.3684],[6.6454,13.3774],[6.6423,13.3855],[6.6443,13.3902]]]},"properties":{"name":"GATAWA","state":"33","code":"33/13/06"}},{"type":"Feature","geometry":{"type":"Polygon","coordinates":[[[6.2063,13.358],[6.2112,13.3648],[6.2116,13.3715],[6.2139,13.3731],[6.2162,13.3814],[6.2197,13.3873],[6.219,13.3939],[6.2205,13.3953],[6.2236,13.402],[6.2237,13.4071],[6.2281,13.4161],[6.2333,13.4179],[6.239,13.4175],[6.2462,13.4208],[6.2512,13.4198],[6.2643,13.4238],[6.2682,13.4236],[6.2725,13.4219],[6.2763,13.4254],[6.2786,13.4262],[6.2814,13.4296],[6.2859,13.4323],[6.2882,13.4468],[6.2928,13.4505],[6.2931,13.4529],[6.2985,13.4598],[6.3005,13.4642],[6.3031,13.4663],[6.3085,13.4728],[6.3099,13.4802],[6.314,13.4835],[6.315,13.4864],[6.3188,13.4824],[6.3201,13.4761],[6.3246,13.4698],[6.3256,13.4672],[6.3288,13.4643],[6.3298,13.4513],[6.3327,13.4472],[6.3353,13.4456],[6.3356,13.4427],[6.3346,13.4375],[6.3389,13.4365],[6.3374,13.4387],[6.3378,13.442],[6.3482,13.4549],[6.3503,13.4589],[6.3535,13.4766],[6.3545,13.4793],[6.3598,13.4887],[6.3646,13.4899],[6.3705,13.4879],[6.3808,13.4879],[6.3847,13.4862],[6.3876,13.4815],[6.3895,13.4815],[6.3909,13.485],[6.3922,13.4946],[6.391,13.4973],[6.3923,13.5021],[6.3952,13.5023],[6.3955,13.5046],[6.3914,13.5097],[6.3879,13.512],[6.375,13.5163],[6.3723,13.5187],[6.3751,13.5206],[6.3816,13.5172],[6.385,13.5169],[6.3846,13.5232],[6.3829,13.5269],[6.3735,13.5312],[6.3633,13.5354],[6.3629,13.5404],[6.3617,13.5426],[6.3587,13.5395],[6.3554,13.5405],[6.3532,13.5434],[6.3578,13.5509],[6.355,13.5539],[6.3458,13.5589],[6.3406,13.5629],[6.3334,13.5647],[6.3351,13.5601],[6.3374,13.5585],[6.3367,13.5542],[6.3394,13.5518],[6.3433,13.5526],[6.3465,13.5518],[6.348,13.5477],[6.3445,13.5462],[6.3407,13.5429],[6.3367,13.5417],[6.3331,13.5371],[6.3336,13.5341],[6.3313,13.5322],[6.332,13.53],[6.3297,13.5282],[6.3182,13.5295],[6.3168,13.5309],[6.3112,13.5326],[6.3009,13.5325],[6.2972,13.5301],[6.2951,13.5345],[6.2924,13.5324],[6.2898,13.5347],[6.2864,13.534],[6.28,13.5381],[6.2751,13.5386],[6.2729,13.5401],[6.2736,13.543],[6.2622,13.5452],[6.2569,13.5472],[6.252,13.5459],[6.2479,13.5426],[6.2432,13.5411],[6.2408,13.5389],[6.2341,13.5374],[6.2307,13.5339],[6.2262,13.535],[6.2217,13.5346],[6.2183,13.5333],[6.2105,13.535],[6.207,13.5277],[6.2009,13.5286],[6.1924,13.529],[6.1881,13.5271],[6.1897,13.5218],[6.1932,13.5149],[6.1971,13.5117],[6.1998,13.5072],[6.197,13.5051],[6.1965,13.5011],[6.1946,13.4982],[6.1926,13.4894],[6.1949,13.4898],[6.1948,13.486],[6.1967,13.4841],[6.1979,13.4793],[6.1937,13.4785],[6.1883,13.4757],[6.1862,13.4737],[6.181,13.4719],[6.1772,13.4688],[6.1753,13.4655],[6.1704,13.4619],[6.1688,13.4597],[6.1592,13.4531],[6.1547,13.4489],[6.152,13.448],[6.1487,13.4427],[6.1518,13.4365],[6.1527,13.4322],[6.1569,13.4225],[6.1611,13.4156],[6.1588,13.4104],[6.1577,13.4043],[6.1557,13.4008],[6.1584,13.3969],[6.1619,13.3962],[6.1686,13.3972],[6.1722,13.3985],[6.1754,13.387],[6.1781,13.3813],[6.1802,13.3796],[6.1824,13.3745],[6.1873,13.3721],[6.1896,13.3691],[6.1961,13.3669],[6.1985,13.3651],[6.2019,13.3595],[6.2063,13.358]]]},"properties":{"name":"KURAWA","state":"33","code":"33/13/07"}},{"type":"Feature","geometry":{"type":"Polygon","coordinates":[[[6.5921,13.3382],[6.592,13.3431],[6.5874,13.3471],[6.5846,13.353],[6.582,13.3569],[6.5839,13.3624],[6.5823,13.3646],[6.5764,13.3694],[6.5734,13.37],[6.5686,13.3671],[6.565,13.3668],[6.5646,13.363],[6.5617,13.3616],[6.5593,13.3573],[6.5538,13.3542],[6.5496,13.3573],[6.5469,13.3559],[6.5409,13.3566],[6.5364,13.3614],[6.5326,13.3636],[6.5269,13.3599],[6.5222,13.3553],[6.5211,13.3511],[6.5182,13.3482],[6.518,13.343],[6.5167,13.3369],[6.5125,13.3364],[6.5018,13.3375],[6.5012,13.3393],[6.4947,13.3435],[6.4881,13.3461],[6.4828,13.3472],[6.4793,13.3441],[6.4771,13.3437],[6.4724,13.3408],[6.4662,13.3336],[6.4623,13.3305],[6.4604,13.3271],[6.4555,13.3245],[6.4508,13.3292],[6.4472,13.3295],[6.4371,13.3353],[6.4354,13.3382],[6.4339,13.3443],[6.4325,13.347],[6.4391,13.3505],[6.4473,13.3556],[6.4529,13.3628],[6.4574,13.3731],[6.4552,13.3776],[6.453,13.3792],[6.4525,13.3825],[6.4468,13.3891],[6.4402,13.3868],[6.439,13.3816],[6.4366,13.3784],[6.4348,13.3739],[6.4331,13.3727],[6.431,13.3669],[6.4291,13.364],[6.4257,13.3614],[6.4226,13.3733],[6.4221,13.381],[6.4186,13.3853],[6.4153,13.3837],[6.4086,13.3831],[6.4059,13.3814],[6.4075,13.3746],[6.4057,13.372],[6.4031,13.3731],[6.3959,13.3803],[6.3858,13.3805],[6.3842,13.3765],[6.3854,13.362],[6.3819,13.3629],[6.3816,13.3696],[6.3779,13.3683],[6.3775,13.363],[6.3735,13.3602],[6.3717,13.3571],[6.3672,13.3607],[6.3645,13.3557],[6.3637,13.3522],[6.3617,13.3499],[6.363,13.3481],[6.3601,13.341],[6.3574,13.3398],[6.356,13.3374],[6.3565,13.332],[6.3618,13.3301],[6.3664,13.3313],[6.3716,13.3314],[6.3772,13.3347],[6.3854,13.3341],[6.3897,13.3361],[6.3913,13.3395],[6.3964,13.3372],[6.4024,13.3318],[6.4021,13.3272],[6.3953,13.3235],[6.3945,13.3209],[6.4069,13.3086],[6.4073,13.3009],[6.4136,13.2975],[6.4158,13.2946],[6.4201,13.2905],[6.4238,13.2938],[6.4323,13.2996],[6.4408,13.3023],[6.4463,13.3055],[6.4501,13.3106],[6.4548,13.3137],[6.4581,13.3182],[6.4615,13.3148],[6.4627,13.3168],[6.4716,13.3173],[6.4759,13.3212],[6.4805,13.3196],[6.4836,13.32],[6.491,13.3254],[6.4942,13.3223],[6.4991,13.3191],[6.5044,13.3206],[6.5112,13.3211],[6.5161,13.3231],[6.5205,13.3237],[6.5233,13.322],[6.5299,13.3209],[6.5322,13.3176],[6.5331,13.3108],[6.5351,13.305],[6.5382,13.2987],[6.5373,13.2956],[6.5389,13.2899],[6.5426,13.2849],[6.5453,13.2881],[6.5515,13.2917],[6.5543,13.2973],[6.5539,13.3008],[6.5569,13.3082],[6.5569,13.3112],[6.5621,13.3149],[6.5652,13.3204],[6.5666,13.3251],[6.5733,13.3297],[6.5818,13.3336],[6.5827,13.3351],[6.5921,13.3382]]]},"properties":{"name":"GANGARA","state":"33","code":"33/13/08"}},{"type":"Feature","geometry":{"type":"Polygon","coordinates":[[[6.4158,13.2946],[6.4136,13.2975],[6.4073,13.3009],[6.4069,13.3086],[6.3945,13.3209],[6.3953,13.3235],[6.4021,13.3272],[6.4024,13.3318],[6.3964,13.3372],[6.3913,13.3395],[6.3897,13.3361],[6.3854,13.3341],[6.3772,13.3347],[6.3716,13.3314],[6.3664,13.3313],[6.3618,13.3301],[6.3565,13.332],[6.356,13.3374],[6.3574,13.3398],[6.3601,13.341],[6.363,13.3481],[6.3617,13.3499],[6.3637,13.3522],[6.3645,13.3557],[6.3672,13.3607],[6.3717,13.3571],[6.3735,13.3602],[6.3775,13.363],[6.3779,13.3683],[6.3816,13.3696],[6.3819,13.3629],[6.3854,13.362],[6.3842,13.3765],[6.3858,13.3805],[6.3908,13.3843],[6.392,13.3877],[6.3851,13.3947],[6.3779,13.3921],[6.3708,13.3934],[6.3643,13.3956],[6.3594,13.401],[6.3592,13.4059],[6.3569,13.4084],[6.3549,13.4146],[6.3547,13.4177],[6.3526,13.4161],[6.3465,13.4146],[6.339,13.4111],[6.3337,13.4066],[6.3322,13.4108],[6.3276,13.4155],[6.3288,13.4204],[6.331,13.4225],[6.3311,13.4253],[6.3336,13.4296],[6.3364,13.4315],[6.3416,13.4327],[6.3389,13.4365],[6.3346,13.4375],[6.3356,13.4427],[6.3353,13.4456],[6.3327,13.4472],[6.3298,13.4513],[6.3288,13.4643],[6.3256,13.4672],[6.3246,13.4698],[6.3201,13.4761],[6.3188,13.4824],[6.315,13.4864],[6.314,13.4835],[6.3099,13.4802],[6.3085,13.4728],[6.3031,13.4663],[6.3005,13.4642],[6.2985,13.4598],[6.2931,13.4529],[6.2928,13.4505],[6.2882,13.4468],[6.2859,13.4323],[6.2814,13.4296],[6.2786,13.4262],[6.2763,13.4254],[6.2725,13.4219],[6.2682,13.4236],[6.2643,13.4238],[6.2512,13.4198],[6.2462,13.4208],[6.239,13.4175],[6.2333,13.4179],[6.2281,13.4161],[6.2237,13.4071],[6.2236,13.402],[6.2205,13.3953],[6.219,13.3939],[6.2197,13.3873],[6.2162,13.3814],[6.2139,13.3731],[6.2116,13.3715],[6.2112,13.3648],[6.2063,13.358],[6.2057,13.3514],[6.2064,13.3394],[6.2096,13.327],[6.2134,13.3147],[6.2166,13.3091],[6.2215,13.3052],[6.2256,13.3048],[6.2345,13.3059],[6.2637,13.3044],[6.2738,13.3062],[6.2781,13.3028],[6.2824,13.3029],[6.2854,13.3047],[6.29,13.3098],[6.2938,13.3106],[6.2959,13.3144],[6.2989,13.3178],[6.3042,13.3205],[6.3073,13.3236],[6.312,13.3266],[6.316,13.3258],[6.3183,13.3226],[6.3282,13.3167],[6.3329,13.3154],[6.3417,13.3161],[6.3468,13.3159],[6.3572,13.3095],[6.3557,13.3049],[6.3528,13.303],[6.3561,13.2959],[6.3645,13.2907],[6.3676,13.2915],[6.3733,13.2962],[6.3752,13.2954],[6.3903,13.2963],[6.3974,13.2945],[6.4074,13.2934],[6.4158,13.2946]]]},"properties":{"name":"KALGO","state":"33","code":"33/13/09"}},{"type":"Feature","geometry":{"type":"Polygon","coordinates":[[[6.3023,13.5828],[6.3007,13.5842],[6.2986,13.5891],[6.2998,13.5925],[6.3026,13.5948],[6.2995,13.5963],[6.2957,13.5919],[6.2932,13.5934],[6.2965,13.6018],[6.2916,13.6002],[6.29,13.6009],[6.2876,13.6055],[6.2827,13.6064],[6.2854,13.613],[6.2824,13.615],[6.2782,13.6086],[6.272,13.6014],[6.268,13.601],[6.2673,13.6039],[6.2723,13.6098],[6.2709,13.6129],[6.268,13.6136],[6.2629,13.6131],[6.2548,13.618],[6.2509,13.6239],[6.2487,13.6225],[6.2439,13.6124],[6.2421,13.6103],[6.2395,13.6155],[6.2371,13.6169],[6.2336,13.6214],[6.2267,13.6245],[6.2168,13.6233],[6.2152,13.6265],[6.2123,13.6294],[6.2136,13.6334],[6.2173,13.6361],[6.2192,13.6358],[6.2305,13.65],[6.23,13.6512],[6.2251,13.6512],[6.2247,13.6535],[6.2249,13.6624],[6.2297,13.6614],[6.2306,13.6636],[6.2274,13.6671],[6.2272,13.6713],[6.1823,13.6541],[6.1665,13.6489],[6.1555,13.6448],[6.1541,13.6455],[6.1471,13.6439],[6.1492,13.641],[6.1565,13.6367],[6.1606,13.6308],[6.1618,13.6279],[6.1646,13.6156],[6.1686,13.612],[6.169,13.6094],[6.1659,13.6087],[6.1636,13.6057],[6.1679,13.6015],[6.1696,13.5981],[6.1751,13.5954],[6.1703,13.5895],[6.1688,13.589],[6.1667,13.5848],[6.1701,13.5824],[6.1713,13.5797],[6.1756,13.5765],[6.1784,13.5759],[6.1819,13.5723],[6.1799,13.5705],[6.1801,13.5651],[6.1782,13.5621],[6.183,13.5586],[6.1865,13.5572],[6.1889,13.554],[6.1919,13.5521],[6.1918,13.5475],[6.1901,13.5451],[6.1921,13.5423],[6.1919,13.5379],[6.1902,13.5347],[6.1903,13.532],[6.1881,13.5271],[6.1924,13.529],[6.2009,13.5286],[6.207,13.5277],[6.2105,13.535],[6.2183,13.5333],[6.2217,13.5346],[6.2262,13.535],[6.2307,13.5339],[6.2341,13.5374],[6.2408,13.5389],[6.2432,13.5411],[6.2479,13.5426],[6.252,13.5459],[6.2569,13.5472],[6.2622,13.5452],[6.2736,13.543],[6.2738,13.5649],[6.2743,13.5713],[6.2825,13.5739],[6.2853,13.5761],[6.2926,13.5775],[6.2979,13.5773],[6.3018,13.5805],[6.3023,13.5828]]]},"properties":{"name":"MAKUWANA","state":"33","code":"33/13/10"}},{"type":"Feature","geometry":{"type":"Polygon","coordinates":[[[6.197,13.5051],[6.1998,13.5072],[6.1971,13.5117],[6.1932,13.5149],[6.1897,13.5218],[6.1881,13.5271],[6.1903,13.532],[6.1902,13.5347],[6.1919,13.5379],[6.1921,13.5423],[6.1901,13.5451],[6.1918,13.5475],[6.1919,13.5521],[6.1889,13.554],[6.1865,13.5572],[6.183,13.5586],[6.1782,13.5621],[6.1801,13.5651],[6.1799,13.5705],[6.1819,13.5723],[6.1784,13.5759],[6.1756,13.5765],[6.1713,13.5797],[6.1701,13.5824],[6.1667,13.5848],[6.1688,13.589],[6.1703,13.5895],[6.1751,13.5954],[6.1696,13.5981],[6.1679,13.6015],[6.1636,13.6057],[6.1659,13.6087],[6.169,13.6094],[6.1686,13.612],[6.1646,13.6156],[6.1618,13.6279],[6.1606,13.6308],[6.1565,13.6367],[6.1492,13.641],[6.1471,13.6439],[6.1541,13.6455],[6.1082,13.6685],[6.1066,13.6647],[6.1068,13.6623],[6.1048,13.6549],[6.0986,13.6474],[6.1033,13.6401],[6.1056,13.6341],[6.1092,13.6319],[6.1153,13.6222],[6.1153,13.6191],[6.1173,13.6165],[6.1171,13.6126],[6.119,13.6084],[6.1172,13.6028],[6.1185,13.5958],[6.1159,13.5943],[6.1148,13.5912],[6.1116,13.5911],[6.1116,13.5885],[6.1151,13.587],[6.1252,13.586],[6.1327,13.5802],[6.1328,13.5767],[6.1275,13.5734],[6.1265,13.5696],[6.1177,13.5633],[6.1242,13.553],[6.1284,13.5421],[6.132,13.543],[6.1403,13.5425],[6.146,13.5382],[6.1492,13.5349],[6.1495,13.531],[6.1535,13.5307],[6.1569,13.5254],[6.1599,13.5228],[6.1583,13.5149],[6.1559,13.5115],[6.1576,13.5076],[6.163,13.5086],[6.1645,13.5078],[6.174,13.5073],[6.1816,13.5046],[6.1836,13.5017],[6.197,13.5051]]]},"properties":{"name":"LAJINGE","state":"33","code":"33/13/11"}},{"type":"Feature","geometry":{"type":"Polygon","coordinates":[[[5.1369,12.8021],[5.1268,12.8034],[5.1248,12.8048],[5.1224,12.8012],[5.1158,12.7981],[5.0995,12.7869],[5.0975,12.7859],[5.0937,12.7812],[5.0858,12.7791],[5.0857,12.7748],[5.0842,12.7702],[5.0845,12.764],[5.0878,12.7591],[5.0931,12.7586],[5.0956,12.7562],[5.0968,12.7526],[5.0907,12.7509],[5.0914,12.7471],[5.0972,12.7464],[5.0982,12.7434],[5.101,12.7408],[5.1041,12.7441],[5.1138,12.7487],[5.1143,12.7527],[5.1244,12.753],[5.1275,12.7586],[5.1342,12.7569],[5.1407,12.7592],[5.1435,12.7587],[5.148,12.7659],[5.1505,12.7723],[5.1464,12.7746],[5.1427,12.7739],[5.1368,12.7809],[5.1341,12.7868],[5.1303,12.7918],[5.1296,12.7956],[5.1307,12.7979],[5.1369,12.8021]]]},"properties":{"name":"JAREDI","state":"33","code":"33/14/01"}},{"type":"Feature","geometry":{"type":"Polygon","coordinates":[[[5.1505,12.7723],[5.148,12.7659],[5.1435,12.7587],[5.1453,12.7532],[5.1425,12.7451],[5.144,12.7417],[5.1476,12.739],[5.1452,12.7343],[5.1475,12.7317],[5.1491,12.7262],[5.146,12.7219],[5.1452,12.7135],[5.1458,12.709],[5.1449,12.7065],[5.1463,12.7018],[5.1516,12.7011],[5.1589,12.6988],[5.1653,12.6925],[5.1682,12.6909],[5.1736,12.6859],[5.1767,12.6807],[5.1799,12.6775],[5.1849,12.6778],[5.1883,12.6755],[5.1935,12.6735],[5.2034,12.672],[5.2052,12.6725],[5.2103,12.6704],[5.2136,12.6704],[5.2116,12.6746],[5.2104,12.6799],[5.2105,12.6845],[5.2075,12.6908],[5.2075,12.6938],[5.2053,12.6981],[5.1955,12.7101],[5.1916,12.7193],[5.1929,12.7224],[5.1935,12.7278],[5.196,12.7342],[5.197,12.7405],[5.2008,12.7463],[5.1977,12.7468],[5.1888,12.7528],[5.1914,12.7557],[5.1903,12.759],[5.1874,12.7621],[5.1857,12.766],[5.174,12.7691],[5.1693,12.7693],[5.1657,12.7679],[5.1569,12.7695],[5.1505,12.7723]]]},"properties":{"name":"HORO BIRNI","state":"33","code":"33/14/02"}},{"type":"Feature","geometry":{"type":"Polygon","coordinates":[[[5.101,12.7408],[5.102,12.7383],[5.0997,12.7365],[5.0932,12.7362],[5.0918,12.7339],[5.088,12.7354],[5.0856,12.7347],[5.0827,12.7302],[5.0818,12.7231],[5.0783,12.7217],[5.0761,12.714],[5.0791,12.7077],[5.082,12.6973],[5.0818,12.6943],[5.0852,12.6925],[5.0941,12.6896],[5.0978,12.6857],[5.0977,12.6808],[5.0944,12.6764],[5.0951,12.6732],[5.1037,12.6687],[5.1067,12.6677],[5.1121,12.6676],[5.1211,12.6685],[5.1245,12.665],[5.1309,12.6632],[5.1297,12.6518],[5.1303,12.6463],[5.129,12.6402],[5.1296,12.6347],[5.1373,12.6353],[5.1454,12.6331],[5.1546,12.6331],[5.1604,12.6342],[5.168,12.6341],[5.1683,12.6446],[5.1653,12.6509],[5.1663,12.657],[5.1656,12.6625],[5.171,12.6691],[5.1719,12.6715],[5.1777,12.6743],[5.1799,12.6775],[5.1767,12.6807],[5.1736,12.6859],[5.1682,12.6909],[5.1653,12.6925],[5.1589,12.6988],[5.1516,12.7011],[5.1463,12.7018],[5.1449,12.7065],[5.1458,12.709],[5.1452,12.7135],[5.146,12.7219],[5.1491,12.7262],[5.1475,12.7317],[5.1452,12.7343],[5.1476,12.739],[5.144,12.7417],[5.1425,12.7451],[5.1453,12.7532],[5.1435,12.7587],[5.1407,12.7592],[5.1342,12.7569],[5.1275,12.7586],[5.1244,12.753],[5.1143,12.7527],[5.1138,12.7487],[5.1041,12.7441],[5.101,12.7408]]]},"properties":{"name":"DANDIN MAHE","state":"33","code":"33/14/03"}},{"type":"Feature","geometry":{"type":"Polygon","coordinates":[[[5.2254,12.6468],[5.2212,12.6448],[5.2202,12.6409],[5.2152,12.6326],[5.2121,12.6297],[5.2091,12.6254],[5.2054,12.6261],[5.2004,12.625],[5.1927,12.6205],[5.189,12.6203],[5.1888,12.616],[5.1847,12.606],[5.1826,12.5985],[5.1834,12.595],[5.1817,12.5852],[5.1824,12.5808],[5.1813,12.5775],[5.1812,12.5722],[5.1799,12.5671],[5.1804,12.5635],[5.1828,12.5597],[5.1819,12.5535],[5.1808,12.5525],[5.1859,12.5472],[5.1909,12.5384],[5.1947,12.5262],[5.2058,12.5214],[5.2124,12.5129],[5.2219,12.4924],[5.2289,12.4791],[5.2399,12.4697],[5.2457,12.473],[5.2484,12.4733],[5.2566,12.4788],[5.26,12.4822],[5.2686,12.4868],[5.2734,12.4885],[5.2757,12.4914],[5.2832,12.4951],[5.2842,12.4996],[5.2863,12.5039],[5.2872,12.5086],[5.2896,12.5131],[5.2905,12.5183],[5.2936,12.5226],[5.2939,12.5257],[5.2924,12.5283],[5.2891,12.5284],[5.2865,12.5271],[5.2825,12.527],[5.2776,12.5285],[5.2756,12.528],[5.2726,12.53],[5.2672,12.5299],[5.2636,12.5285],[5.2578,12.5289],[5.2575,12.5314],[5.2596,12.5356],[5.2633,12.5365],[5.2693,12.5438],[5.2711,12.5517],[5.2731,12.5543],[5.2725,12.5588],[5.2686,12.5598],[5.2645,12.5575],[5.2581,12.5574],[5.2614,12.5636],[5.268,12.5691],[5.2733,12.572],[5.2711,12.5822],[5.2694,12.5873],[5.2711,12.5888],[5.2699,12.5966],[5.2713,12.6064],[5.2727,12.6125],[5.2775,12.6185],[5.2788,12.6249],[5.2776,12.6311],[5.2735,12.6359],[5.268,12.6368],[5.2616,12.6351],[5.2559,12.6382],[5.2532,12.6404],[5.2446,12.6427],[5.2378,12.6459],[5.2332,12.6447],[5.2272,12.6457],[5.2254,12.6468]]]},"properties":{"name":"KAMBAMA","state":"33","code":"33/14/04"}},{"type":"Feature","geometry":{"type":"Polygon","coordinates":[[[5.0757,12.6654],[5.0715,12.6698],[5.062,12.6724],[5.0584,12.6791],[5.0544,12.6822],[5.0468,12.6859],[5.0446,12.6882],[5.0431,12.6826],[5.043,12.6782],[5.0411,12.6721],[5.0417,12.6665],[5.0396,12.6641],[5.0354,12.6652],[5.0304,12.6654],[5.0264,12.667],[5.0225,12.6703],[5.0137,12.6711],[5.0095,12.6731],[5.0035,12.6734],[5.0022,12.668],[5.0036,12.6645],[5.0042,12.6593],[5.007,12.6554],[5.0085,12.6494],[5.0123,12.6458],[5.015,12.6459],[5.021,12.6486],[5.0261,12.6486],[5.0263,12.6433],[5.0231,12.6352],[5.0232,12.6288],[5.0213,12.6261],[5.0256,12.6175],[5.0334,12.6098],[5.0319,12.6001],[5.028,12.598],[5.0276,12.5965],[5.0231,12.5938],[5.0229,12.591],[5.0249,12.5885],[5.0227,12.5869],[5.021,12.5814],[5.0218,12.5772],[5.0237,12.577],[5.0262,12.574],[5.0227,12.5701],[5.0236,12.5681],[5.0226,12.5584],[5.0217,12.555],[5.0197,12.5528],[5.0193,12.5415],[5.0161,12.5365],[5.011,12.5328],[5.0111,12.531],[5.0151,12.5291],[5.0176,12.5252],[5.0187,12.5201],[5.0182,12.5151],[5.0195,12.5069],[5.0279,12.5064],[5.0364,12.5047],[5.0418,12.5013],[5.0494,12.4954],[5.0583,12.4906],[5.0591,12.4875],[5.0624,12.4809],[5.0656,12.4777],[5.0679,12.4732],[5.0687,12.4693],[5.0664,12.4662],[5.0646,12.4561],[5.0628,12.4509],[5.0652,12.4464],[5.0639,12.44],[5.0689,12.43],[5.0681,12.4137],[5.0725,12.4089],[5.072,12.4073],[5.0784,12.4019],[5.0791,12.3992],[5.0814,12.3971],[5.0932,12.3898],[5.0984,12.3888],[5.1003,12.39],[5.108,12.3889],[5.1115,12.3918],[5.1173,12.3941],[5.123,12.3953],[5.1253,12.395],[5.134,12.4008],[5.1399,12.4024],[5.1419,12.4049],[5.1482,12.4063],[5.1522,12.4058],[5.1599,12.4104],[5.1641,12.4119],[5.1666,12.4116],[5.177,12.416],[5.1772,12.4195],[5.1802,12.4306],[5.1817,12.4411],[5.1602,12.459],[5.1517,12.4664],[5.1514,12.472],[5.1495,12.4803],[5.1458,12.4857],[5.1356,12.4935],[5.1328,12.5002],[5.1264,12.5094],[5.1237,12.5212],[5.1254,12.5327],[5.1231,12.5333],[5.1218,12.5395],[5.1187,12.5438],[5.12,12.5474],[5.1186,12.5495],[5.115,12.5515],[5.1107,12.5557],[5.0984,12.5602],[5.0934,12.5664],[5.0883,12.5672],[5.0839,12.5713],[5.0816,12.5768],[5.0774,12.5807],[5.0741,12.5861],[5.0721,12.5876],[5.0688,12.5926],[5.0635,12.5938],[5.06,12.5959],[5.0613,12.604],[5.0603,12.6141],[5.061,12.6167],[5.0613,12.6275],[5.0638,12.6376],[5.064,12.6415],[5.0727,12.6427],[5.0767,12.6426],[5.0765,12.6477],[5.0784,12.6539],[5.0779,12.66],[5.0757,12.6654]]]},"properties":{"name":"GANGAM","state":"33","code":"33/14/05"}},{"type":"Feature","geometry":{"type":"Polygon","coordinates":[[[5.2136,12.6704],[5.2103,12.6704],[5.2052,12.6725],[5.2034,12.672],[5.1935,12.6735],[5.1883,12.6755],[5.1849,12.6778],[5.1799,12.6775],[5.1777,12.6743],[5.1719,12.6715],[5.171,12.6691],[5.1656,12.6625],[5.1663,12.657],[5.1653,12.6509],[5.1683,12.6446],[5.168,12.6341],[5.1604,12.6342],[5.1546,12.6331],[5.1454,12.6331],[5.1373,12.6353],[5.1296,12.6347],[5.129,12.6402],[5.1303,12.6463],[5.1297,12.6518],[5.1309,12.6632],[5.1245,12.665],[5.1211,12.6685],[5.1121,12.6676],[5.1067,12.6677],[5.1037,12.6687],[5.0951,12.6732],[5.0958,12.6681],[5.0906,12.667],[5.0858,12.6692],[5.0813,12.6673],[5.0791,12.6675],[5.0757,12.6654],[5.0779,12.66],[5.0784,12.6539],[5.0765,12.6477],[5.0767,12.6426],[5.0727,12.6427],[5.064,12.6415],[5.0638,12.6376],[5.0613,12.6275],[5.061,12.6167],[5.0603,12.6141],[5.0613,12.604],[5.06,12.5959],[5.0635,12.5938],[5.0688,12.5926],[5.0721,12.5876],[5.0741,12.5861],[5.0774,12.5807],[5.0816,12.5768],[5.0839,12.5713],[5.0883,12.5672],[5.0934,12.5664],[5.0984,12.5602],[5.1107,12.5557],[5.115,12.5515],[5.1186,12.5495],[5.12,12.5474],[5.1187,12.5438],[5.1218,12.5395],[5.1231,12.5333],[5.1254,12.5327],[5.1237,12.5212],[5.1264,12.5094],[5.1328,12.5002],[5.1356,12.4935],[5.1458,12.4857],[5.1495,12.4803],[5.1514,12.472],[5.1517,12.4664],[5.1602,12.459],[5.1817,12.4411],[5.1802,12.4306],[5.1772,12.4195],[5.177,12.416],[5.1666,12.4116],[5.1641,12.4119],[5.1599,12.4104],[5.1522,12.4058],[5.1482,12.4063],[5.1419,12.4049],[5.1399,12.4024],[5.134,12.4008],[5.1253,12.395],[5.123,12.3953],[5.1173,12.3941],[5.1115,12.3918],[5.108,12.3889],[5.1114,12.3792],[5.1168,12.37],[5.1201,12.3569],[5.118,12.3499],[5.1172,12.345],[5.1125,12.3412],[5.1182,12.3334],[5.1241,12.3291],[5.125,12.3258],[5.1285,12.3247],[5.1282,12.3214],[5.1222,12.3191],[5.1146,12.3185],[5.1115,12.3157],[5.1117,12.313],[5.1139,12.3108],[5.115,12.3051],[5.1143,12.2974],[5.117,12.2929],[5.1219,12.2904],[5.1264,12.2869],[5.126,12.2857],[5.128,12.2857],[5.1335,12.2888],[5.1379,12.2932],[5.1477,12.3065],[5.1525,12.3095],[5.1557,12.3128],[5.1602,12.3161],[5.1716,12.3202],[5.1775,12.3191],[5.1819,12.3225],[5.1886,12.3229],[5.1995,12.3229],[5.2036,12.3225],[5.2416,12.3313],[5.248,12.3332],[5.2483,12.3377],[5.2473,12.3438],[5.2477,12.3494],[5.2502,12.3533],[5.2512,12.3602],[5.254,12.3646],[5.2556,12.3696],[5.2571,12.3801],[5.26,12.3849],[5.2602,12.3922],[5.2613,12.3977],[5.2648,12.4041],[5.2633,12.4056],[5.2619,12.4112],[5.2588,12.417],[5.2533,12.4209],[5.2538,12.4248],[5.2642,12.4297],[5.2683,12.43],[5.27,12.4336],[5.2679,12.4357],[5.2668,12.4392],[5.2678,12.4418],[5.264,12.4442],[5.2589,12.4545],[5.2545,12.4585],[5.245,12.4652],[5.2399,12.4697],[5.2289,12.4791],[5.2219,12.4924],[5.2124,12.5129],[5.2058,12.5214],[5.1947,12.5262],[5.1909,12.5384],[5.1859,12.5472],[5.1808,12.5525],[5.1819,12.5535],[5.1828,12.5597],[5.1804,12.5635],[5.1799,12.5671],[5.1812,12.5722],[5.1813,12.5775],[5.1824,12.5808],[5.1817,12.5852],[5.1834,12.595],[5.1826,12.5985],[5.1847,12.606],[5.1888,12.616],[5.189,12.6203],[5.1927,12.6205],[5.2004,12.625],[5.2054,12.6261],[5.2091,12.6254],[5.2121,12.6297],[5.2152,12.6326],[5.2202,12.6409],[5.2212,12.6448],[5.2254,12.6468],[5.2216,12.6507],[5.2164,12.6549],[5.2137,12.6624],[5.2184,12.6657],[5.2136,12.6704]]]},"properties":{"name":"LAMBARA","state":"33","code":"33/14/06"}},{"type":"Feature","geometry":{"type":"Polygon","coordinates":[[[5.0022,12.668],[4.9916,12.6623],[4.9821,12.6592],[4.9781,12.6594],[4.976,12.6568],[4.9729,12.6563],[4.9699,12.6521],[4.9703,12.6413],[4.968,12.6374],[4.9643,12.6341],[4.9615,12.6304],[4.9585,12.6178],[4.9585,12.61],[4.9568,12.6087],[4.956,12.6051],[4.9595,12.5991],[4.9585,12.5966],[4.9588,12.5907],[4.9575,12.5876],[4.9592,12.5851],[4.9621,12.5764],[4.9653,12.5722],[4.9686,12.5704],[4.9741,12.5638],[4.9752,12.5606],[4.9786,12.5576],[4.9791,12.555],[4.9835,12.5519],[4.9838,12.5504],[4.9915,12.5443],[4.9933,12.5416],[5.0004,12.5392],[5.0047,12.5367],[5.0069,12.5341],[5.011,12.5328],[5.0161,12.5365],[5.0193,12.5415],[5.0197,12.5528],[5.0217,12.555],[5.0226,12.5584],[5.0236,12.5681],[5.0227,12.5701],[5.0262,12.574],[5.0237,12.577],[5.0218,12.5772],[5.021,12.5814],[5.0227,12.5869],[5.0249,12.5885],[5.0229,12.591],[5.0231,12.5938],[5.0276,12.5965],[5.028,12.598],[5.0319,12.6001],[5.0334,12.6098],[5.0256,12.6175],[5.0213,12.6261],[5.0232,12.6288],[5.0231,12.6352],[5.0263,12.6433],[5.0261,12.6486],[5.021,12.6486],[5.015,12.6459],[5.0123,12.6458],[5.0085,12.6494],[5.007,12.6554],[5.0042,12.6593],[5.0036,12.6645],[5.0022,12.668]]]},"properties":{"name":"SHAGARI","state":"33","code":"33/14/07"}},{"type":"Feature","geometry":{"type":"Polygon","coordinates":[[[4.9568,12.6087],[4.9504,12.6121],[4.9459,12.6221],[4.9463,12.6244],[4.943,12.6318],[4.9436,12.6412],[4.9397,12.6457],[4.9369,12.6463],[4.9354,12.6485],[4.9323,12.6461],[4.931,12.6436],[4.9272,12.6396],[4.9234,12.6428],[4.9153,12.6405],[4.9086,12.6357],[4.9036,12.6309],[4.8979,12.6287],[4.8848,12.6297],[4.8803,12.6309],[4.8751,12.6336],[4.8735,12.633],[4.8663,12.6379],[4.8642,12.6377],[4.861,12.631],[4.8554,12.6245],[4.8528,12.6195],[4.8498,12.6177],[4.8433,12.6116],[4.8367,12.6115],[4.8325,12.6136],[4.8294,12.6138],[4.8279,12.5879],[4.828,12.5817],[4.8295,12.5676],[4.8398,12.5733],[4.8457,12.5729],[4.8524,12.5767],[4.855,12.5757],[4.8569,12.5724],[4.8592,12.5708],[4.8602,12.5679],[4.8636,12.5636],[4.8673,12.5566],[4.8718,12.5523],[4.8776,12.5513],[4.8838,12.5493],[4.8911,12.5461],[4.8969,12.5442],[4.8996,12.5443],[4.9031,12.5465],[4.9075,12.5458],[4.9096,12.554],[4.914,12.5595],[4.9229,12.566],[4.9293,12.5686],[4.9335,12.5657],[4.9362,12.5651],[4.9395,12.566],[4.9504,12.5624],[4.9536,12.5656],[4.9588,12.5692],[4.9653,12.5722],[4.9621,12.5764],[4.9592,12.5851],[4.9575,12.5876],[4.9588,12.5907],[4.9585,12.5966],[4.9595,12.5991],[4.956,12.6051],[4.9568,12.6087]]]},"properties":{"name":"SANYINNAWAL","state":"33","code":"33/14/08"}},{"type":"Feature","geometry":{"type":"Polygon","coordinates":[[[5.011,12.5328],[5.0069,12.5341],[5.0047,12.5367],[5.0004,12.5392],[4.9933,12.5416],[4.9915,12.5443],[4.9838,12.5504],[4.9835,12.5519],[4.9791,12.555],[4.9786,12.5576],[4.9752,12.5606],[4.9741,12.5638],[4.9686,12.5704],[4.9653,12.5722],[4.9588,12.5692],[4.9536,12.5656],[4.9504,12.5624],[4.9395,12.566],[4.9362,12.5651],[4.9335,12.5657],[4.9293,12.5686],[4.9229,12.566],[4.914,12.5595],[4.9096,12.554],[4.9075,12.5458],[4.9031,12.5465],[4.8996,12.5443],[4.8969,12.5442],[4.9,12.5402],[4.9,12.5383],[4.903,12.536],[4.9032,12.5334],[4.9071,12.5288],[4.9069,12.5251],[4.9102,12.5208],[4.9098,12.518],[4.9049,12.5159],[4.9025,12.5092],[4.9025,12.5052],[4.9049,12.5038],[4.9094,12.5053],[4.9192,12.506],[4.9236,12.5096],[4.9269,12.509],[4.9313,12.5097],[4.936,12.5056],[4.9459,12.5046],[4.9508,12.4999],[4.9533,12.5052],[4.9536,12.5091],[4.9559,12.5171],[4.957,12.5237],[4.9591,12.5239],[4.969,12.5194],[4.9755,12.5193],[4.9832,12.5236],[4.9926,12.5267],[5.0028,12.5286],[5.0111,12.531],[5.011,12.5328]]]},"properties":{"name":"KAJIJI","state":"33","code":"33/14/09"}},{"type":"Feature","geometry":{"type":"Polygon","coordinates":[[[4.8718,12.5523],[4.8685,12.5464],[4.8668,12.5384],[4.8642,12.5328],[4.8702,12.5264],[4.8745,12.5176],[4.8732,12.5134],[4.8707,12.5113],[4.8704,12.5059],[4.8794,12.4993],[4.8836,12.4981],[4.8829,12.4918],[4.8862,12.4893],[4.8929,12.4861],[4.8933,12.4828],[4.8863,12.476],[4.8859,12.4719],[4.8906,12.4641],[4.8909,12.4609],[4.8963,12.4528],[4.8969,12.4482],[4.8953,12.4448],[4.8969,12.4436],[4.9023,12.4353],[4.9036,12.4312],[4.9064,12.4269],[4.9092,12.4256],[4.9155,12.4203],[4.9171,12.4201],[4.9217,12.4162],[4.9263,12.4138],[4.9333,12.406],[4.9365,12.404],[4.9427,12.3969],[4.9457,12.3961],[4.9469,12.4019],[4.9497,12.4029],[4.9522,12.4056],[4.9527,12.4084],[4.9585,12.4169],[4.9585,12.4221],[4.9632,12.4296],[4.9626,12.4336],[4.9581,12.442],[4.9573,12.4452],[4.954,12.4512],[4.9502,12.4559],[4.948,12.4629],[4.9487,12.4639],[4.9558,12.463],[4.9562,12.4684],[4.9532,12.4722],[4.954,12.4745],[4.9516,12.4774],[4.9516,12.4803],[4.95,12.483],[4.9562,12.4936],[4.9508,12.4999],[4.9459,12.5046],[4.936,12.5056],[4.9313,12.5097],[4.9269,12.509],[4.9236,12.5096],[4.9192,12.506],[4.9094,12.5053],[4.9049,12.5038],[4.9025,12.5052],[4.9025,12.5092],[4.9049,12.5159],[4.9098,12.518],[4.9102,12.5208],[4.9069,12.5251],[4.9071,12.5288],[4.9032,12.5334],[4.903,12.536],[4.9,12.5383],[4.9,12.5402],[4.8969,12.5442],[4.8911,12.5461],[4.8838,12.5493],[4.8776,12.5513],[4.8718,12.5523]]]},"properties":{"name":"MANDERA","state":"33","code":"33/14/10"}},{"type":"Feature","geometry":{"type":"Polygon","coordinates":[[[4.7068,13.03],[4.7101,13.0288],[4.7116,13.0325],[4.7167,13.0325],[4.7191,13.0349],[4.7195,13.0396],[4.7267,13.0438],[4.7288,13.0475],[4.732,13.0435],[4.7353,13.0414],[4.7457,13.0424],[4.7537,13.0407],[4.7574,13.0449],[4.7598,13.0507],[4.7624,13.0519],[4.7655,13.0499],[4.7681,13.0504],[4.7689,13.0547],[4.7736,13.0549],[4.7755,13.0536],[4.7821,13.0522],[4.7858,13.0529],[4.7844,13.0571],[4.7887,13.0584],[4.791,13.0597],[4.795,13.0593],[4.7952,13.0633],[4.7985,13.0621],[4.8076,13.0664],[4.8078,13.0635],[4.8136,13.0613],[4.8144,13.0634],[4.8191,13.0631],[4.8244,13.0603],[4.8268,13.0601],[4.8295,13.0578],[4.8328,13.0577],[4.8333,13.0612],[4.8421,13.0602],[4.8447,13.0565],[4.8447,13.0534],[4.8494,13.042],[4.8544,13.036],[4.8559,13.0329],[4.855,13.0306],[4.8589,13.0297],[4.8641,13.0245],[4.8687,13.0246],[4.8707,13.0209],[4.8764,13.019],[4.8785,13.0199],[4.8817,13.0189],[4.8876,13.0209],[4.891,13.0209],[4.8916,13.0229],[4.8949,13.0241],[4.898,13.0273],[4.9012,13.0274],[4.9044,13.0305],[4.9086,13.0313],[4.909,13.0258],[4.9146,13.0247],[4.9165,13.0227],[4.9144,13.0208],[4.9169,13.0181],[4.9201,13.019],[4.9216,13.0215],[4.9263,13.0249],[4.9321,13.0241],[4.9366,13.0296],[4.9397,13.0277],[4.9439,13.0281],[4.9496,13.0323],[4.9536,13.0303],[4.9546,13.0262],[4.9593,13.0278],[4.9628,13.0255],[4.9635,13.033],[4.9671,13.0366],[4.9682,13.0405],[4.9704,13.0433],[4.9718,13.0483],[4.9692,13.0568],[4.9676,13.0598],[4.9682,13.0702],[4.9703,13.0772],[4.9702,13.0831],[4.9626,13.0843],[4.9536,13.0829],[4.9487,13.0787],[4.9435,13.0769],[4.9406,13.0724],[4.9382,13.0744],[4.9356,13.0805],[4.9307,13.0829],[4.9258,13.0882],[4.9203,13.0909],[4.9185,13.0929],[4.9119,13.0929],[4.9087,13.0908],[4.9071,13.0927],[4.9036,13.0909],[4.8972,13.09],[4.893,13.0926],[4.8919,13.0961],[4.8867,13.1024],[4.8822,13.1122],[4.8887,13.1187],[4.8877,13.1221],[4.8839,13.1242],[4.8801,13.1242],[4.875,13.1216],[4.8737,13.1175],[4.8686,13.1127],[4.8646,13.1138],[4.8567,13.1171],[4.8538,13.1202],[4.8482,13.1231],[4.8456,13.1217],[4.8338,13.1215],[4.8319,13.1206],[4.8232,13.1197],[4.8174,13.1153],[4.813,13.1177],[4.8123,13.1212],[4.8066,13.1239],[4.7966,13.1243],[4.791,13.123],[4.7874,13.1234],[4.7838,13.1199],[4.7886,13.1154],[4.7953,13.1074],[4.7985,13.106],[4.8054,13.1064],[4.8109,13.1041],[4.8178,13.1041],[4.8236,13.1018],[4.8253,13.0952],[4.8206,13.0925],[4.8157,13.0917],[4.8125,13.0873],[4.8105,13.0861],[4.8042,13.0859],[4.8027,13.0819],[4.8003,13.0838],[4.798,13.0831],[4.7946,13.0796],[4.792,13.082],[4.7885,13.0804],[4.7843,13.0823],[4.7816,13.0797],[4.7845,13.0775],[4.7811,13.0755],[4.7824,13.0706],[4.7798,13.0711],[4.7792,13.0741],[4.7735,13.0769],[4.7735,13.0739],[4.7758,13.0731],[4.7727,13.0677],[4.7675,13.0683],[4.7653,13.0696],[4.7634,13.0667],[4.7584,13.0693],[4.7542,13.0677],[4.7519,13.0655],[4.7486,13.0582],[4.7445,13.054],[4.7394,13.0542],[4.7367,13.0531],[4.7302,13.0532],[4.7247,13.0495],[4.7212,13.0452],[4.7166,13.0409],[4.7153,13.0384],[4.7068,13.03]]]},"properties":{"name":"GANDE EAST","state":"33","code":"33/15/01"}},{"type":"Feature","geometry":{"type":"Polygon","coordinates":[[[4.6954,12.9318],[4.7002,12.933],[4.71,12.9331],[4.7141,12.9339],[4.7163,12.9423],[4.72,12.9458],[4.7228,12.9432],[4.7279,12.941],[4.7351,12.9453],[4.7378,12.9419],[4.7432,12.9377],[4.7496,12.9351],[4.7541,12.9387],[4.7586,12.9439],[4.7592,12.9458],[4.764,12.9491],[4.7664,12.9552],[4.7662,12.9582],[4.7676,12.9611],[4.7724,12.9653],[4.7746,12.9685],[4.7698,12.9739],[4.7691,12.977],[4.7633,12.9777],[4.758,12.981],[4.7521,12.9788],[4.7441,12.9816],[4.7427,12.9858],[4.7438,12.9941],[4.7358,12.9949],[4.7287,12.9944],[4.7227,12.9959],[4.7182,12.9932],[4.7154,12.9934],[4.7104,12.9903],[4.7108,12.9854],[4.708,12.9803],[4.7067,12.9754],[4.7036,12.9745],[4.6984,12.971],[4.6939,12.9698],[4.6937,12.9666],[4.6901,12.961],[4.6917,12.9596],[4.6872,12.9555],[4.6882,12.9536],[4.6854,12.9495],[4.6841,12.9436],[4.6872,12.9386],[4.6903,12.9358],[4.6954,12.9318]]]},"properties":{"name":"KATAMI NORTH","state":"33","code":"33/15/03"}},{"type":"Feature","geometry":{"type":"Polygon","coordinates":[[[4.7702,12.8608],[4.7751,12.8632],[4.7854,12.8714],[4.7866,12.8737],[4.7905,12.8728],[4.7939,12.8745],[4.7993,12.8742],[4.8049,12.8792],[4.8052,12.8845],[4.8062,12.8873],[4.8054,12.8951],[4.8008,12.9011],[4.7989,12.9055],[4.7966,12.9079],[4.7922,12.9168],[4.7858,12.9178],[4.7868,12.9229],[4.7888,12.9251],[4.7869,12.9284],[4.7877,12.9326],[4.7914,12.9382],[4.792,12.9433],[4.79,12.9444],[4.7813,12.9463],[4.7704,12.9458],[4.764,12.9491],[4.7592,12.9458],[4.7586,12.9439],[4.7541,12.9387],[4.7496,12.9351],[4.7432,12.9377],[4.7378,12.9419],[4.7351,12.9453],[4.7279,12.941],[4.7228,12.9432],[4.72,12.9458],[4.7163,12.9423],[4.7141,12.9339],[4.71,12.9331],[4.7002,12.933],[4.6954,12.9318],[4.698,12.9267],[4.6979,12.9234],[4.7014,12.918],[4.7063,12.9124],[4.7126,12.9075],[4.7405,12.8933],[4.7449,12.8888],[4.7592,12.8744],[4.7702,12.8608]]]},"properties":{"name":"KATAMI SOUTH","state":"33","code":"33/15/04"}},{"type":"Feature","geometry":{"type":"Polygon","coordinates":[[[4.9702,13.0831],[4.9703,13.0772],[4.9682,13.0702],[4.9676,13.0598],[4.9692,13.0568],[4.9718,13.0483],[4.9704,13.0433],[4.9682,13.0405],[4.9671,13.0366],[4.9635,13.033],[4.9628,13.0255],[4.9667,13.0222],[4.9685,13.0221],[4.9699,13.0259],[4.9724,13.0262],[4.9741,13.0233],[4.9803,13.0234],[4.9835,13.0209],[4.9853,13.019],[4.9904,13.0191],[4.9933,13.0166],[4.996,13.0177],[4.9996,13.0164],[5.0016,13.0172],[5.0018,13.022],[5.0042,13.0235],[5.0063,13.0223],[5.0099,13.023],[5.0127,13.02],[5.0141,13.0243],[5.0173,13.0258],[5.02,13.0348],[5.0269,13.0356],[5.0291,13.0374],[5.0235,13.0441],[5.0235,13.0487],[5.0212,13.055],[5.0174,13.058],[5.0151,13.0626],[5.0119,13.0648],[5.0133,13.0705],[5.0167,13.0773],[5.0122,13.0772],[5.0086,13.0791],[5.0063,13.0827],[4.9946,13.0937],[4.9913,13.0911],[4.9804,13.0918],[4.9766,13.0905],[4.9702,13.0831]]]},"properties":{"name":"KUBODU NORTH","state":"33","code":"33/15/05"}},{"type":"Feature","geometry":{"type":"Polygon","coordinates":[[[4.764,12.9491],[4.7704,12.9458],[4.7813,12.9463],[4.79,12.9444],[4.792,12.9433],[4.7914,12.9382],[4.7877,12.9326],[4.7869,12.9284],[4.7888,12.9251],[4.7868,12.9229],[4.7858,12.9178],[4.7922,12.9168],[4.7966,12.9079],[4.7989,12.9055],[4.8008,12.9011],[4.8054,12.8951],[4.8062,12.8873],[4.8052,12.8845],[4.8049,12.8792],[4.8115,12.8793],[4.8197,12.8768],[4.8223,12.8746],[4.8269,12.8743],[4.834,12.8712],[4.8425,12.871],[4.8482,12.8721],[4.8577,12.8761],[4.8598,12.8761],[4.8683,12.8817],[4.8694,12.8854],[4.8714,12.8879],[4.872,12.8911],[4.8702,12.8996],[4.8711,12.9067],[4.8699,12.9123],[4.873,12.9144],[4.8762,12.9123],[4.8814,12.9153],[4.8845,12.9181],[4.8873,12.9182],[4.8905,12.9161],[4.8946,12.9164],[4.8999,12.9206],[4.9065,12.9241],[4.9104,12.924],[4.9106,12.9271],[4.9171,12.9356],[4.9166,12.9416],[4.9176,12.9448],[4.9244,12.9521],[4.9239,12.96],[4.9165,12.9663],[4.9105,12.9741],[4.9058,12.9736],[4.905,12.9694],[4.9017,12.9644],[4.8988,12.9627],[4.8888,12.9541],[4.8872,12.9542],[4.8775,12.9508],[4.8742,12.9517],[4.8696,12.9505],[4.864,12.9517],[4.8629,12.9596],[4.8683,12.9678],[4.8697,12.9723],[4.866,12.9746],[4.8639,12.9783],[4.8631,12.9834],[4.8604,12.9861],[4.8592,12.9896],[4.8561,12.9933],[4.8545,12.9991],[4.8507,13.0007],[4.846,12.9991],[4.8398,13.001],[4.8366,12.9944],[4.8333,12.9918],[4.828,12.9861],[4.8244,12.9786],[4.8148,12.9829],[4.8125,12.9752],[4.8125,12.9658],[4.8104,12.9618],[4.8128,12.9587],[4.8139,12.9509],[4.8094,12.9505],[4.8057,12.9543],[4.8039,12.9607],[4.8007,12.967],[4.7903,12.9706],[4.788,12.9709],[4.7836,12.9682],[4.7805,12.9675],[4.7746,12.9685],[4.7724,12.9653],[4.7676,12.9611],[4.7662,12.9582],[4.7664,12.9552],[4.764,12.9491]]]},"properties":{"name":"LABANI","state":"33","code":"33/15/07"}},{"type":"Feature","geometry":{"type":"Polygon","coordinates":[[[4.7755,13.0536],[4.7741,13.0509],[4.7664,13.0458],[4.7669,13.042],[4.7686,13.0408],[4.7658,13.0375],[4.7676,13.0307],[4.7667,13.0274],[4.7638,13.0258],[4.7674,13.0208],[4.7665,13.0129],[4.7695,13.0081],[4.7661,13.0074],[4.7639,13.002],[4.7607,13.0007],[4.76,12.9983],[4.7629,12.9961],[4.77,12.9943],[4.7734,12.9921],[4.7758,12.989],[4.7733,12.9823],[4.7691,12.977],[4.7698,12.9739],[4.7746,12.9685],[4.7805,12.9675],[4.7836,12.9682],[4.788,12.9709],[4.7903,12.9706],[4.8007,12.967],[4.8039,12.9607],[4.8057,12.9543],[4.8094,12.9505],[4.8139,12.9509],[4.8128,12.9587],[4.8104,12.9618],[4.8125,12.9658],[4.8125,12.9752],[4.8148,12.9829],[4.8244,12.9786],[4.828,12.9861],[4.8333,12.9918],[4.8366,12.9944],[4.8398,13.001],[4.8375,13.0029],[4.8328,13.0039],[4.8291,13.0024],[4.8192,13.0015],[4.8065,13.0024],[4.8027,13.0038],[4.7998,13.0068],[4.7991,13.0104],[4.8024,13.0173],[4.8054,13.0195],[4.8108,13.0212],[4.8154,13.0242],[4.825,13.0281],[4.8284,13.0316],[4.8286,13.0368],[4.8177,13.043],[4.8172,13.0446],[4.8105,13.0457],[4.8081,13.0472],[4.8016,13.0495],[4.7973,13.0547],[4.791,13.0565],[4.7887,13.0584],[4.7844,13.0571],[4.7858,13.0529],[4.7821,13.0522],[4.7755,13.0536]]]},"properties":{"name":"MARAFA EAST","state":"33","code":"33/15/08"}},{"type":"Feature","geometry":{"type":"Polygon","coordinates":[[[4.7887,13.0584],[4.791,13.0565],[4.7973,13.0547],[4.8016,13.0495],[4.8081,13.0472],[4.8105,13.0457],[4.8172,13.0446],[4.8177,13.043],[4.8286,13.0368],[4.8284,13.0316],[4.825,13.0281],[4.8154,13.0242],[4.8108,13.0212],[4.8054,13.0195],[4.8024,13.0173],[4.7991,13.0104],[4.7998,13.0068],[4.8027,13.0038],[4.8065,13.0024],[4.8192,13.0015],[4.8291,13.0024],[4.8328,13.0039],[4.8375,13.0029],[4.8398,13.001],[4.846,12.9991],[4.8507,13.0007],[4.8545,12.9991],[4.8561,12.9933],[4.8592,12.9896],[4.8604,12.9861],[4.8631,12.9834],[4.8639,12.9783],[4.866,12.9746],[4.8697,12.9723],[4.8683,12.9678],[4.8629,12.9596],[4.864,12.9517],[4.8696,12.9505],[4.8742,12.9517],[4.8775,12.9508],[4.8872,12.9542],[4.8888,12.9541],[4.8988,12.9627],[4.9017,12.9644],[4.905,12.9694],[4.9058,12.9736],[4.8985,12.9776],[4.8975,12.977],[4.8895,12.9779],[4.881,12.9848],[4.8759,12.9924],[4.8741,12.9974],[4.8675,13.0083],[4.8766,13.0163],[4.8785,13.0199],[4.8764,13.019],[4.8707,13.0209],[4.8687,13.0246],[4.8641,13.0245],[4.8589,13.0297],[4.855,13.0306],[4.8559,13.0329],[4.8544,13.036],[4.8494,13.042],[4.8447,13.0534],[4.8447,13.0565],[4.8421,13.0602],[4.8333,13.0612],[4.8328,13.0577],[4.8295,13.0578],[4.8268,13.0601],[4.8244,13.0603],[4.8191,13.0631],[4.8144,13.0634],[4.8136,13.0613],[4.8078,13.0635],[4.8076,13.0664],[4.7985,13.0621],[4.7952,13.0633],[4.795,13.0593],[4.791,13.0597],[4.7887,13.0584]]]},"properties":{"name":"SILAME","state":"33","code":"33/15/10"}},{"type":"Feature","geometry":{"type":"Polygon","coordinates":[[[5.2458,13.083],[5.2429,13.0791],[5.2385,13.0776],[5.2405,13.0757],[5.2454,13.078],[5.2459,13.0723],[5.2473,13.0678],[5.2552,13.0748],[5.2609,13.0776],[5.2628,13.0788],[5.2603,13.0866],[5.2573,13.0895],[5.2563,13.0861],[5.2523,13.0867],[5.249,13.0859],[5.2458,13.083]]]},"properties":{"name":"WAZIRI 'A'","state":"33","code":"33/16/01"}},{"type":"Feature","geometry":{"type":"Polygon","coordinates":[[[5.2473,13.0678],[5.2472,13.0671],[5.2477,13.0656],[5.2559,13.0659],[5.2551,13.0695],[5.2552,13.0748],[5.2473,13.0678]]]},"properties":{"name":"WAZIRI 'B'","state":"33","code":"33/16/02"}},{"type":"Feature","geometry":{"type":"Polygon","coordinates":[[[5.2609,13.0776],[5.2552,13.0748],[5.2551,13.0695],[5.2559,13.0659],[5.2611,13.0653],[5.2644,13.0662],[5.2643,13.0664],[5.2623,13.0688],[5.2609,13.0776]]]},"properties":{"name":"WAZIRI 'C'","state":"33","code":"33/16/03"}},{"type":"Feature","geometry":{"type":"Polygon","coordinates":[[[5.2385,13.0776],[5.2346,13.0774],[5.2384,13.0721],[5.2389,13.066],[5.2402,13.0651],[5.2455,13.0663],[5.2472,13.0671],[5.2473,13.0678],[5.2459,13.0723],[5.2454,13.078],[5.2405,13.0757],[5.2385,13.0776]]]},"properties":{"name":"MAGAJIN GARI 'A'","state":"33","code":"33/16/04"}},{"type":"Feature","geometry":{"type":"Polygon","coordinates":[[[5.2346,13.0774],[5.2327,13.0796],[5.2301,13.0798],[5.2214,13.0878],[5.2161,13.0846],[5.2142,13.0847],[5.2173,13.0755],[5.2211,13.0735],[5.2224,13.069],[5.2256,13.0666],[5.2258,13.064],[5.2279,13.0652],[5.2379,13.0654],[5.2399,13.0649],[5.2402,13.0651],[5.2389,13.066],[5.2384,13.0721],[5.2346,13.0774]]]},"properties":{"name":"MAGAJIN GARI B","state":"33","code":"33/16/05"}},{"type":"Feature","geometry":{"type":"Polygon","coordinates":[[[5.2142,13.0847],[5.2122,13.0907],[5.206,13.1033],[5.202,13.1017],[5.1974,13.1014],[5.1968,13.0991],[5.1924,13.095],[5.1895,13.0907],[5.1891,13.0874],[5.1863,13.0867],[5.1761,13.0881],[5.1735,13.0827],[5.1707,13.0822],[5.1688,13.0837],[5.166,13.0826],[5.1666,13.0786],[5.1713,13.0762],[5.1733,13.0723],[5.1762,13.0724],[5.1797,13.0703],[5.1844,13.0707],[5.1889,13.0725],[5.1921,13.0758],[5.1927,13.0717],[5.197,13.0683],[5.2013,13.0629],[5.2088,13.0586],[5.21,13.0606],[5.2157,13.0618],[5.2176,13.0652],[5.2173,13.0755],[5.2142,13.0847]]]},"properties":{"name":"S/ADAR/G/IGWAI","state":"33","code":"33/16/06"}},{"type":"Feature","geometry":{"type":"Polygon","coordinates":[[[5.2477,13.0656],[5.2482,13.0624],[5.2495,13.0589],[5.2552,13.0637],[5.2559,13.0659],[5.2477,13.0656]]]},"properties":{"name":"MAGAJIN RAFI 'A'","state":"33","code":"33/16/07"}},{"type":"Feature","geometry":{"type":"Polygon","coordinates":[[[5.2482,13.0624],[5.2444,13.0629],[5.2394,13.0601],[5.2397,13.0571],[5.2403,13.0553],[5.2493,13.0586],[5.2495,13.0589],[5.2482,13.0624]]]},"properties":{"name":"MAGAJIN RAFI 'B'","state":"33","code":"33/16/08"}},{"type":"Feature","geometry":{"type":"Polygon","coordinates":[[[5.2472,13.0671],[5.2455,13.0663],[5.2444,13.0629],[5.2482,13.0624],[5.2477,13.0656],[5.2472,13.0671]]]},"properties":{"name":"S/MUSULMI 'A'","state":"33","code":"33/16/09"}},{"type":"Feature","geometry":{"type":"Polygon","coordinates":[[[5.2402,13.0651],[5.2399,13.0649],[5.2355,13.0632],[5.2386,13.0632],[5.2394,13.0601],[5.2444,13.0629],[5.2455,13.0663],[5.2402,13.0651]]]},"properties":{"name":"S/MUSULMI 'B'","state":"33","code":"33/16/10"}},{"type":"Feature","geometry":{"type":"Polygon","coordinates":[[[5.2173,13.0755],[5.2176,13.0652],[5.2157,13.0618],[5.21,13.0606],[5.2088,13.0586],[5.2119,13.0547],[5.2178,13.0498],[5.2181,13.0454],[5.2219,13.0438],[5.2251,13.0514],[5.2268,13.0555],[5.2247,13.0594],[5.2258,13.064],[5.2256,13.0666],[5.2224,13.069],[5.2211,13.0735],[5.2173,13.0755]]]},"properties":{"name":"S/ADAR GANDU","state":"33","code":"33/16/11"}},{"type":"Feature","geometry":{"type":"Polygon","coordinates":[[[5.2644,13.0662],[5.2611,13.0653],[5.2559,13.0659],[5.2552,13.0637],[5.2495,13.0589],[5.2493,13.0586],[5.2474,13.0543],[5.2504,13.0537],[5.2511,13.0572],[5.2567,13.0562],[5.268,13.0562],[5.2674,13.0623],[5.2644,13.0662]]]},"properties":{"name":"T/WADA 'A'","state":"33","code":"33/17/03"}},{"type":"Feature","geometry":{"type":"Polygon","coordinates":[[[5.2474,13.0543],[5.2456,13.0433],[5.2438,13.0397],[5.2454,13.037],[5.2484,13.0376],[5.2492,13.0441],[5.2501,13.0444],[5.2591,13.0427],[5.2607,13.0432],[5.2603,13.0479],[5.2586,13.0479],[5.2567,13.0562],[5.2511,13.0572],[5.2504,13.0537],[5.2474,13.0543]]]},"properties":{"name":"T/WADA 'B'","state":"33","code":"33/17/04"}},{"type":"Feature","geometry":{"type":"Polygon","coordinates":[[[5.2397,13.0571],[5.2363,13.0559],[5.2372,13.051],[5.2409,13.0528],[5.2403,13.0553],[5.2397,13.0571]]]},"properties":{"name":"S/ZAMFARA 'A'","state":"33","code":"33/17/05"}},{"type":"Feature","geometry":{"type":"Polygon","coordinates":[[[5.2219,13.0438],[5.2296,13.0403],[5.2272,13.0365],[5.2333,13.036],[5.2372,13.0336],[5.2346,13.0415],[5.2372,13.0427],[5.2377,13.0454],[5.2364,13.0493],[5.2372,13.051],[5.2363,13.0559],[5.2328,13.056],[5.2274,13.05],[5.2251,13.0514],[5.2219,13.0438]]]},"properties":{"name":"S/ZAMFARA 'B'","state":"33","code":"33/17/06"}},{"type":"Feature","geometry":{"type":"Polygon","coordinates":[[[5.2925,13.0272],[5.2928,13.0336],[5.2918,13.0354],[5.2917,13.0407],[5.2941,13.0444],[5.298,13.0468],[5.2988,13.0489],[5.2976,13.053],[5.2968,13.0553],[5.289,13.0568],[5.2782,13.058],[5.2723,13.0575],[5.268,13.0562],[5.2567,13.0562],[5.2586,13.0479],[5.2603,13.0479],[5.2607,13.0432],[5.2591,13.0427],[5.2593,13.038],[5.2655,13.0388],[5.2669,13.0378],[5.2669,13.0287],[5.2657,13.021],[5.2651,13.0188],[5.2737,13.0164],[5.2784,13.0183],[5.2787,13.0226],[5.2802,13.0262],[5.2854,13.0298],[5.2925,13.0272]]]},"properties":{"name":"GAGI 'A'","state":"33","code":"33/17/07"}},{"type":"Feature","geometry":{"type":"Polygon","coordinates":[[[5.2601,13.0091],[5.2638,13.0138],[5.2651,13.0188],[5.2657,13.021],[5.2647,13.0218],[5.2576,13.0189],[5.2525,13.0216],[5.2497,13.0263],[5.2507,13.0283],[5.246,13.0311],[5.244,13.0285],[5.2402,13.0263],[5.2445,13.017],[5.2475,13.0137],[5.2513,13.0056],[5.2601,13.0091]]]},"properties":{"name":"GAGI 'B'","state":"33","code":"33/17/08"}},{"type":"Feature","geometry":{"type":"Polygon","coordinates":[[[5.2454,13.037],[5.247,13.0327],[5.246,13.0311],[5.2507,13.0283],[5.2497,13.0263],[5.2525,13.0216],[5.2576,13.0189],[5.2647,13.0218],[5.2657,13.021],[5.2669,13.0287],[5.2669,13.0378],[5.2655,13.0388],[5.2593,13.038],[5.2591,13.0427],[5.2501,13.0444],[5.2492,13.0441],[5.2484,13.0376],[5.2454,13.037]]]},"properties":{"name":"GAGI 'C'","state":"33","code":"33/17/09"}},{"type":"Feature","geometry":{"type":"Polygon","coordinates":[[[5.2258,13.064],[5.2247,13.0594],[5.2268,13.0555],[5.2251,13.0514],[5.2274,13.05],[5.2328,13.056],[5.2328,13.0607],[5.2355,13.0632],[5.2399,13.0649],[5.2379,13.0654],[5.2279,13.0652],[5.2258,13.064]]]},"properties":{"name":"SARKIN ADAR KWANNI","state":"33","code":"33/17/10"}},{"type":"Feature","geometry":{"type":"Polygon","coordinates":[[[4.6684,12.1729],[4.6664,12.1717],[4.662,12.174],[4.6611,12.1787],[4.6579,12.1757],[4.6579,12.1727],[4.6554,12.1706],[4.6506,12.1721],[4.649,12.1737],[4.649,12.178],[4.6465,12.1777],[4.6397,12.1796],[4.6366,12.186],[4.6406,12.19],[4.6462,12.19],[4.6499,12.1883],[4.6584,12.189],[4.6605,12.1951],[4.6653,12.2004],[4.6703,12.2091],[4.6787,12.2135],[4.6757,12.2177],[4.6701,12.2167],[4.6669,12.2172],[4.6651,12.2233],[4.6653,12.2259],[4.6624,12.2357],[4.6659,12.2384],[4.6676,12.2411],[4.667,12.2459],[4.6699,12.2555],[4.6701,12.2581],[4.6736,12.2605],[4.6643,12.265],[4.6619,12.2671],[4.6552,12.2684],[4.6529,12.2705],[4.6483,12.2708],[4.6445,12.2739],[4.6441,12.2794],[4.6405,12.283],[4.6354,12.2816],[4.6265,12.2771],[4.6198,12.2709],[4.6175,12.27],[4.6109,12.2641],[4.6068,12.2635],[4.6005,12.2641],[4.5988,12.2652],[4.5992,12.2634],[4.5969,12.2564],[4.5952,12.2546],[4.5927,12.2475],[4.5881,12.2411],[4.5852,12.234],[4.5867,12.2281],[4.5849,12.2224],[4.5894,12.2235],[4.5956,12.2192],[4.5996,12.2204],[4.6035,12.2186],[4.6075,12.2131],[4.6105,12.2054],[4.6118,12.2034],[4.6101,12.1995],[4.6051,12.1981],[4.6003,12.1936],[4.5968,12.1858],[4.5976,12.1765],[4.5989,12.1737],[4.5983,12.1656],[4.5988,12.1612],[4.5962,12.1582],[4.5958,12.1554],[4.5979,12.1509],[4.5989,12.1452],[4.6368,12.1342],[4.6431,12.1327],[4.6472,12.1354],[4.6493,12.144],[4.6548,12.1498],[4.6554,12.1524],[4.6583,12.1558],[4.6587,12.1596],[4.662,12.1651],[4.6684,12.1729]]]},"properties":{"name":"ROMON SARKI","state":"33","code":"33/18/01"}},{"type":"Feature","geometry":{"type":"Polygon","coordinates":[[[4.5282,12.242],[4.5303,12.2396],[4.5621,12.23],[4.5559,12.2129],[4.5528,12.1595],[4.5523,12.1584],[4.5528,12.1579],[4.5509,12.1318],[4.5515,12.1186],[4.5506,12.1145],[4.5517,12.113],[4.5523,12.0977],[4.5748,12.0747],[4.5789,12.0658],[4.5853,12.0471],[4.5908,12.0477],[4.5935,12.0504],[4.596,12.0507],[4.5988,12.0533],[4.602,12.0533],[4.6059,12.0566],[4.6111,12.0593],[4.6167,12.0641],[4.6252,12.068],[4.6278,12.0686],[4.6314,12.072],[4.6338,12.0722],[4.6431,12.0754],[4.6466,12.0794],[4.6463,12.0825],[4.6384,12.0899],[4.6351,12.0924],[4.6325,12.0959],[4.6367,12.0999],[4.6386,12.1078],[4.6383,12.1115],[4.6389,12.1221],[4.6416,12.1248],[4.6431,12.1327],[4.6368,12.1342],[4.5989,12.1452],[4.5979,12.1509],[4.5958,12.1554],[4.5962,12.1582],[4.5988,12.1612],[4.5983,12.1656],[4.5989,12.1737],[4.5976,12.1765],[4.5968,12.1858],[4.6003,12.1936],[4.6051,12.1981],[4.6101,12.1995],[4.6118,12.2034],[4.6105,12.2054],[4.6075,12.2131],[4.6035,12.2186],[4.5996,12.2204],[4.5956,12.2192],[4.5894,12.2235],[4.5849,12.2224],[4.5867,12.2281],[4.5852,12.234],[4.5881,12.2411],[4.5927,12.2475],[4.5952,12.2546],[4.5969,12.2564],[4.5992,12.2634],[4.5988,12.2652],[4.5947,12.2679],[4.5879,12.2672],[4.5825,12.2645],[4.5705,12.265],[4.563,12.2663],[4.5615,12.2706],[4.5615,12.274],[4.563,12.2779],[4.5651,12.2918],[4.563,12.2947],[4.5577,12.2945],[4.5548,12.293],[4.5571,12.2898],[4.552,12.2842],[4.5504,12.2692],[4.5492,12.2508],[4.5237,12.2558],[4.5211,12.2514],[4.5233,12.2504],[4.525,12.2458],[4.5282,12.242]]]},"properties":{"name":"BAKAYA/SABON BIRNI","state":"33","code":"33/18/02"}},{"type":"Feature","geometry":{"type":"Polygon","coordinates":[[[4.7132,12.3636],[4.7135,12.3598],[4.7121,12.3528],[4.7134,12.3499],[4.7161,12.3497],[4.7217,12.3471],[4.7254,12.3422],[4.7237,12.3386],[4.7164,12.3389],[4.713,12.3373],[4.7067,12.3326],[4.7011,12.3307],[4.6957,12.3266],[4.6911,12.3277],[4.6861,12.3275],[4.6805,12.3284],[4.6771,12.3359],[4.6752,12.3449],[4.6729,12.3475],[4.6683,12.3496],[4.6638,12.3531],[4.6658,12.3597],[4.6655,12.3671],[4.6628,12.3654],[4.6597,12.3666],[4.6546,12.364],[4.6516,12.364],[4.6464,12.3657],[4.6448,12.3596],[4.6453,12.3556],[4.6418,12.3458],[4.6427,12.338],[4.6415,12.3361],[4.6369,12.3361],[4.6347,12.3345],[4.6275,12.3324],[4.6216,12.3324],[4.6205,12.328],[4.6183,12.324],[4.6204,12.3165],[4.6219,12.3141],[4.6218,12.3083],[4.6233,12.3046],[4.6236,12.2972],[4.621,12.2926],[4.6171,12.2786],[4.6175,12.27],[4.6198,12.2709],[4.6265,12.2771],[4.6354,12.2816],[4.6405,12.283],[4.6441,12.2794],[4.6445,12.2739],[4.6483,12.2708],[4.6529,12.2705],[4.6552,12.2684],[4.6619,12.2671],[4.6643,12.265],[4.6736,12.2605],[4.6794,12.2618],[4.6864,12.2689],[4.6948,12.2711],[4.6968,12.2804],[4.7008,12.2863],[4.7066,12.283],[4.7098,12.2746],[4.7121,12.2715],[4.7155,12.2714],[4.719,12.2692],[4.7295,12.2645],[4.7288,12.2781],[4.7313,12.2824],[4.7331,12.2889],[4.7317,12.2931],[4.7351,12.3025],[4.7408,12.3084],[4.7453,12.3157],[4.7537,12.3201],[4.7561,12.3193],[4.7585,12.3208],[4.7639,12.3202],[4.7655,12.3212],[4.7639,12.3253],[4.7603,12.3279],[4.7612,12.3323],[4.7616,12.3414],[4.7675,12.3465],[4.765,12.3512],[4.7597,12.3568],[4.7583,12.3599],[4.7539,12.3639],[4.7398,12.3656],[4.736,12.3638],[4.7221,12.3632],[4.7132,12.3636]]]},"properties":{"name":"BASHIRE/MAIKADA","state":"33","code":"33/18/03"}},{"type":"Feature","geometry":{"type":"Polygon","coordinates":[[[4.6901,12.1588],[4.696,12.1632],[4.6986,12.1668],[4.7006,12.1711],[4.6995,12.1736],[4.703,12.1815],[4.7072,12.1863],[4.7069,12.1887],[4.7003,12.1955],[4.699,12.1989],[4.6967,12.2008],[4.6966,12.2083],[4.6977,12.2105],[4.6979,12.2158],[4.6999,12.2176],[4.7038,12.2173],[4.708,12.2191],[4.7166,12.2198],[4.723,12.2187],[4.7265,12.2195],[4.7311,12.227],[4.7387,12.2325],[4.7425,12.2341],[4.7438,12.2366],[4.7475,12.2373],[4.7516,12.2412],[4.7554,12.2415],[4.7658,12.2402],[4.7684,12.2409],[4.7769,12.2503],[4.7863,12.2525],[4.7892,12.2513],[4.7922,12.252],[4.7975,12.2518],[4.8002,12.2503],[4.8071,12.2501],[4.8088,12.2492],[4.8146,12.2495],[4.8179,12.248],[4.8238,12.2493],[4.8314,12.2435],[4.8378,12.2394],[4.8484,12.2356],[4.8542,12.2345],[4.8594,12.2355],[4.8627,12.2344],[4.8634,12.2324],[4.8672,12.2301],[4.8765,12.2314],[4.8779,12.2298],[4.9336,12.2307],[4.9504,12.2313],[4.9527,12.3078],[4.9442,12.3088],[4.9327,12.3112],[4.9186,12.3136],[4.9134,12.3152],[4.9091,12.3146],[4.9039,12.3175],[4.8933,12.3187],[4.8891,12.3212],[4.8838,12.3213],[4.8762,12.3231],[4.8706,12.3237],[4.8674,12.3232],[4.8556,12.3238],[4.8511,12.3196],[4.8473,12.3193],[4.8412,12.3172],[4.8334,12.3166],[4.8232,12.3178],[4.8188,12.3178],[4.8141,12.3149],[4.8077,12.3168],[4.8052,12.3221],[4.8055,12.3285],[4.8018,12.3363],[4.7988,12.3385],[4.7933,12.3339],[4.7877,12.331],[4.7811,12.3333],[4.7757,12.3375],[4.7723,12.3441],[4.7675,12.3465],[4.7616,12.3414],[4.7612,12.3323],[4.7603,12.3279],[4.7639,12.3253],[4.7655,12.3212],[4.7639,12.3202],[4.7585,12.3208],[4.7561,12.3193],[4.7537,12.3201],[4.7453,12.3157],[4.7408,12.3084],[4.7351,12.3025],[4.7317,12.2931],[4.7331,12.2889],[4.7313,12.2824],[4.7288,12.2781],[4.7295,12.2645],[4.719,12.2692],[4.7155,12.2714],[4.7121,12.2715],[4.7098,12.2746],[4.7066,12.283],[4.7008,12.2863],[4.6968,12.2804],[4.6948,12.2711],[4.6864,12.2689],[4.6794,12.2618],[4.6736,12.2605],[4.6701,12.2581],[4.6699,12.2555],[4.667,12.2459],[4.6676,12.2411],[4.6659,12.2384],[4.6624,12.2357],[4.6653,12.2259],[4.6651,12.2233],[4.6669,12.2172],[4.6701,12.2167],[4.6757,12.2177],[4.6787,12.2135],[4.6703,12.2091],[4.6653,12.2004],[4.6605,12.1951],[4.6584,12.189],[4.6499,12.1883],[4.6462,12.19],[4.6406,12.19],[4.6366,12.186],[4.6397,12.1796],[4.6465,12.1777],[4.649,12.178],[4.649,12.1737],[4.6506,12.1721],[4.6554,12.1706],[4.6579,12.1727],[4.6579,12.1757],[4.6611,12.1787],[4.662,12.174],[4.6664,12.1717],[4.6684,12.1729],[4.6689,12.1737],[4.676,12.1749],[4.6801,12.1798],[4.6832,12.1808],[4.6854,12.1793],[4.6831,12.1721],[4.6848,12.168],[4.6875,12.1652],[4.6884,12.1606],[4.6901,12.1588]]]},"properties":{"name":"BAGIDA/LUKKINGO","state":"33","code":"33/18/04"}},{"type":"Feature","geometry":{"type":"Polygon","coordinates":[[[4.6004,12.4019],[4.603,12.3989],[4.6038,12.3941],[4.6023,12.3882],[4.604,12.3836],[4.619,12.3771],[4.6227,12.3759],[4.6208,12.372],[4.6173,12.3703],[4.6146,12.3643],[4.6156,12.3612],[4.6233,12.357],[4.6245,12.3539],[4.6175,12.3476],[4.6104,12.3434],[4.6092,12.3383],[4.6123,12.3351],[4.6155,12.3349],[4.6216,12.3324],[4.6275,12.3324],[4.6347,12.3345],[4.6369,12.3361],[4.6415,12.3361],[4.6427,12.338],[4.6418,12.3458],[4.6453,12.3556],[4.6448,12.3596],[4.6464,12.3657],[4.6516,12.364],[4.6546,12.364],[4.6597,12.3666],[4.6628,12.3654],[4.6655,12.3671],[4.6658,12.3597],[4.6638,12.3531],[4.6683,12.3496],[4.6729,12.3475],[4.6752,12.3449],[4.6771,12.3359],[4.6805,12.3284],[4.6861,12.3275],[4.6911,12.3277],[4.6957,12.3266],[4.7011,12.3307],[4.7067,12.3326],[4.713,12.3373],[4.7164,12.3389],[4.7237,12.3386],[4.7254,12.3422],[4.7217,12.3471],[4.7161,12.3497],[4.7134,12.3499],[4.7121,12.3528],[4.7135,12.3598],[4.7132,12.3636],[4.7092,12.3649],[4.703,12.3797],[4.703,12.3839],[4.691,12.3999],[4.6812,12.3966],[4.6721,12.4066],[4.6657,12.4113],[4.6564,12.4169],[4.6434,12.4256],[4.6298,12.4329],[4.612,12.4138],[4.608,12.4109],[4.6004,12.4019]]]},"properties":{"name":"TAMBUWAL/SHINFIRI","state":"33","code":"33/18/05"}},{"type":"Feature","geometry":{"type":"Polygon","coordinates":[[[4.5548,12.293],[4.5577,12.2945],[4.563,12.2947],[4.5651,12.2918],[4.563,12.2779],[4.5615,12.274],[4.5615,12.2706],[4.563,12.2663],[4.5705,12.265],[4.5825,12.2645],[4.5879,12.2672],[4.5947,12.2679],[4.5988,12.2652],[4.6005,12.2641],[4.6068,12.2635],[4.6109,12.2641],[4.6175,12.27],[4.6171,12.2786],[4.621,12.2926],[4.6236,12.2972],[4.6233,12.3046],[4.6218,12.3083],[4.6219,12.3141],[4.6204,12.3165],[4.6183,12.324],[4.6205,12.328],[4.6216,12.3324],[4.6155,12.3349],[4.6123,12.3351],[4.6092,12.3383],[4.6104,12.3434],[4.6175,12.3476],[4.6245,12.3539],[4.6233,12.357],[4.6156,12.3612],[4.6146,12.3643],[4.6173,12.3703],[4.6208,12.372],[4.6227,12.3759],[4.619,12.3771],[4.604,12.3836],[4.6023,12.3882],[4.6038,12.3941],[4.603,12.3989],[4.6004,12.4019],[4.5967,12.4028],[4.5908,12.3981],[4.5878,12.3959],[4.5858,12.3889],[4.5864,12.3807],[4.5902,12.3638],[4.5925,12.3468],[4.5765,12.333],[4.5599,12.3048],[4.5492,12.3017],[4.5548,12.293]]]},"properties":{"name":"FAGA/ALASAN","state":"33","code":"33/18/06"}},{"type":"Feature","geometry":{"type":"Polygon","coordinates":[[[4.7872,12.4779],[4.7875,12.4726],[4.7893,12.4683],[4.788,12.464],[4.7901,12.4584],[4.7907,12.4535],[4.7896,12.45],[4.796,12.4438],[4.8005,12.4404],[4.8056,12.4334],[4.808,12.4246],[4.8153,12.4262],[4.8217,12.4252],[4.8238,12.4167],[4.8249,12.4074],[4.8194,12.4124],[4.8162,12.4108],[4.8173,12.4058],[4.8236,12.3991],[4.8244,12.3962],[4.8307,12.395],[4.834,12.3928],[4.8421,12.392],[4.8446,12.3902],[4.8486,12.3912],[4.8509,12.3902],[4.8568,12.3898],[4.8651,12.3905],[4.8707,12.3882],[4.8727,12.3852],[4.8795,12.3827],[4.8859,12.3829],[4.889,12.3818],[4.8943,12.3825],[4.9041,12.3826],[4.9132,12.3868],[4.9166,12.3889],[4.923,12.3879],[4.9264,12.3883],[4.9319,12.3876],[4.9391,12.3899],[4.9438,12.3886],[4.9473,12.3898],[4.9457,12.3961],[4.9427,12.3969],[4.9365,12.404],[4.9333,12.406],[4.9263,12.4138],[4.9217,12.4162],[4.9171,12.4201],[4.9155,12.4203],[4.9092,12.4256],[4.9064,12.4269],[4.9036,12.4312],[4.9023,12.4353],[4.8969,12.4436],[4.8953,12.4448],[4.8969,12.4482],[4.8963,12.4528],[4.8909,12.4609],[4.8906,12.4641],[4.8859,12.4719],[4.8863,12.476],[4.8933,12.4828],[4.8929,12.4861],[4.8862,12.4893],[4.8829,12.4918],[4.8836,12.4981],[4.8794,12.4993],[4.8704,12.5059],[4.8707,12.5113],[4.8732,12.5134],[4.8745,12.5176],[4.8702,12.5264],[4.8642,12.5328],[4.8668,12.5384],[4.8685,12.5464],[4.8718,12.5523],[4.8673,12.5566],[4.8636,12.5636],[4.8602,12.5679],[4.8592,12.5708],[4.8569,12.5724],[4.855,12.5757],[4.8524,12.5767],[4.8457,12.5729],[4.8398,12.5733],[4.8295,12.5676],[4.821,12.5661],[4.8187,12.5663],[4.8148,12.5643],[4.8137,12.5621],[4.8041,12.5576],[4.7951,12.556],[4.7959,12.5124],[4.8119,12.5036],[4.8031,12.4852],[4.7872,12.4779]]]},"properties":{"name":"DOGONDAJI/SALA","state":"33","code":"33/18/07"}},{"type":"Feature","geometry":{"type":"Polygon","coordinates":[[[4.8846,12.6977],[4.8844,12.6999],[4.8816,12.7027],[4.8779,12.7089],[4.8794,12.7125],[4.8791,12.7178],[4.8803,12.7231],[4.8742,12.7229],[4.8622,12.7263],[4.8531,12.7226],[4.8483,12.7221],[4.8431,12.72],[4.8444,12.7183],[4.8418,12.7126],[4.8428,12.7064],[4.8482,12.7034],[4.8505,12.698],[4.8563,12.6963],[4.8644,12.6924],[4.869,12.689],[4.8723,12.6854],[4.8788,12.6847],[4.8807,12.6858],[4.8814,12.6929],[4.8846,12.6977]]]},"properties":{"name":"SANYINNA","state":"33","code":"33/18/08"}},{"type":"Feature","geometry":{"type":"Polygon","coordinates":[[[4.7562,12.4449],[4.7498,12.421],[4.7518,12.3927],[4.7509,12.3894],[4.7538,12.3695],[4.7539,12.3639],[4.7583,12.3599],[4.7597,12.3568],[4.765,12.3512],[4.7675,12.3465],[4.7723,12.3441],[4.7757,12.3375],[4.7811,12.3333],[4.7877,12.331],[4.7933,12.3339],[4.7988,12.3385],[4.8018,12.3363],[4.8055,12.3285],[4.8052,12.3221],[4.8077,12.3168],[4.8141,12.3149],[4.8188,12.3178],[4.8232,12.3178],[4.8334,12.3166],[4.8412,12.3172],[4.8473,12.3193],[4.8511,12.3196],[4.8556,12.3238],[4.8674,12.3232],[4.8706,12.3237],[4.8762,12.3231],[4.8838,12.3213],[4.8891,12.3212],[4.8933,12.3187],[4.9039,12.3175],[4.9091,12.3146],[4.9134,12.3152],[4.9186,12.3136],[4.9327,12.3112],[4.9442,12.3088],[4.9527,12.3078],[4.9535,12.3141],[4.9525,12.3185],[4.9495,12.3215],[4.9485,12.3248],[4.9449,12.3309],[4.9434,12.3356],[4.9373,12.3424],[4.9334,12.3492],[4.9307,12.3552],[4.9292,12.3602],[4.9244,12.3689],[4.9165,12.3801],[4.9132,12.3868],[4.9041,12.3826],[4.8943,12.3825],[4.889,12.3818],[4.8859,12.3829],[4.8795,12.3827],[4.8727,12.3852],[4.8707,12.3882],[4.8651,12.3905],[4.8568,12.3898],[4.8509,12.3902],[4.8486,12.3912],[4.8446,12.3902],[4.8421,12.392],[4.834,12.3928],[4.8307,12.395],[4.8244,12.3962],[4.8236,12.3991],[4.8173,12.4058],[4.8162,12.4108],[4.8194,12.4124],[4.8249,12.4074],[4.8238,12.4167],[4.8217,12.4252],[4.8153,12.4262],[4.808,12.4246],[4.8056,12.4334],[4.8005,12.4404],[4.796,12.4438],[4.7896,12.45],[4.7907,12.4535],[4.7901,12.4584],[4.788,12.464],[4.7893,12.4683],[4.7875,12.4726],[4.7872,12.4779],[4.7694,12.4696],[4.7575,12.4496],[4.7562,12.4449]]]},"properties":{"name":"BARKEJI/NABAGUDA","state":"33","code":"33/18/09"}},{"type":"Feature","geometry":{"type":"Polygon","coordinates":[[[5.0111,12.531],[5.0028,12.5286],[4.9926,12.5267],[4.9832,12.5236],[4.9755,12.5193],[4.969,12.5194],[4.9591,12.5239],[4.957,12.5237],[4.9559,12.5171],[4.9536,12.5091],[4.9533,12.5052],[4.9508,12.4999],[4.9562,12.4936],[4.95,12.483],[4.9516,12.4803],[4.9516,12.4774],[4.954,12.4745],[4.9532,12.4722],[4.9562,12.4684],[4.9558,12.463],[4.9487,12.4639],[4.948,12.4629],[4.9502,12.4559],[4.954,12.4512],[4.9573,12.4452],[4.9581,12.442],[4.9626,12.4336],[4.9632,12.4296],[4.9585,12.4221],[4.9585,12.4169],[4.9527,12.4084],[4.9522,12.4056],[4.9497,12.4029],[4.9469,12.4019],[4.9457,12.3961],[4.9473,12.3898],[4.9438,12.3886],[4.9391,12.3899],[4.9319,12.3876],[4.9264,12.3883],[4.923,12.3879],[4.9166,12.3889],[4.9132,12.3868],[4.9165,12.3801],[4.9244,12.3689],[4.9292,12.3602],[4.9307,12.3552],[4.9334,12.3492],[4.9373,12.3424],[4.9434,12.3356],[4.9449,12.3309],[4.9485,12.3248],[4.9495,12.3215],[4.9525,12.3185],[4.9535,12.3141],[4.9668,12.3079],[4.9976,12.3007],[5.0384,12.2983],[5.0644,12.2974],[5.0849,12.2939],[5.1021,12.2849],[5.1163,12.2834],[5.126,12.2857],[5.1264,12.2869],[5.1219,12.2904],[5.117,12.2929],[5.1143,12.2974],[5.115,12.3051],[5.1139,12.3108],[5.1117,12.313],[5.1115,12.3157],[5.1146,12.3185],[5.1222,12.3191],[5.1282,12.3214],[5.1285,12.3247],[5.125,12.3258],[5.1241,12.3291],[5.1182,12.3334],[5.1125,12.3412],[5.1172,12.345],[5.118,12.3499],[5.1201,12.3569],[5.1168,12.37],[5.1114,12.3792],[5.108,12.3889],[5.1003,12.39],[5.0984,12.3888],[5.0932,12.3898],[5.0814,12.3971],[5.0791,12.3992],[5.0784,12.4019],[5.072,12.4073],[5.0725,12.4089],[5.0681,12.4137],[5.0689,12.43],[5.0639,12.44],[5.0652,12.4464],[5.0628,12.4509],[5.0646,12.4561],[5.0664,12.4662],[5.0687,12.4693],[5.0679,12.4732],[5.0656,12.4777],[5.0624,12.4809],[5.0591,12.4875],[5.0583,12.4906],[5.0494,12.4954],[5.0418,12.5013],[5.0364,12.5047],[5.0279,12.5064],[5.0195,12.5069],[5.0182,12.5151],[5.0187,12.5201],[5.0176,12.5252],[5.0151,12.5291],[5.0111,12.531]]]},"properties":{"name":"JABO/KAGARA","state":"33","code":"33/18/10"}},{"type":"Feature","geometry":{"type":"Polygon","coordinates":[[[4.7528,12.6433],[4.7575,12.637],[4.7615,12.6304],[4.7947,12.5754],[4.7951,12.556],[4.8041,12.5576],[4.8137,12.5621],[4.8148,12.5643],[4.8187,12.5663],[4.821,12.5661],[4.8295,12.5676],[4.828,12.5817],[4.8279,12.5879],[4.8294,12.6138],[4.8325,12.6136],[4.8367,12.6115],[4.8433,12.6116],[4.8498,12.6177],[4.8528,12.6195],[4.8554,12.6245],[4.861,12.631],[4.8642,12.6377],[4.8663,12.6379],[4.8642,12.6437],[4.866,12.6481],[4.8704,12.6505],[4.876,12.6593],[4.8756,12.6675],[4.8764,12.6709],[4.8761,12.6756],[4.8776,12.6827],[4.8788,12.6847],[4.8723,12.6854],[4.869,12.689],[4.8644,12.6924],[4.8563,12.6963],[4.8505,12.698],[4.8482,12.7034],[4.8428,12.7064],[4.8418,12.7126],[4.8444,12.7183],[4.8431,12.72],[4.8364,12.7301],[4.8351,12.7355],[4.8331,12.7396],[4.8309,12.7409],[4.8266,12.7412],[4.8211,12.7381],[4.8157,12.7374],[4.8127,12.7394],[4.8102,12.749],[4.8061,12.7462],[4.8004,12.7445],[4.7973,12.7423],[4.794,12.7463],[4.7946,12.7501],[4.7926,12.7546],[4.7899,12.7545],[4.7869,12.7567],[4.7776,12.7553],[4.7733,12.7528],[4.7626,12.7508],[4.754,12.7453],[4.7518,12.7421],[4.7465,12.7432],[4.7436,12.7373],[4.74,12.727],[4.7364,12.7181],[4.7316,12.7066],[4.7303,12.7018],[4.7319,12.6721],[4.7528,12.6433]]]},"properties":{"name":"SAIDA/GOSHE","state":"33","code":"33/18/11"}},{"type":"Feature","geometry":{"type":"Polygon","coordinates":[[[4.8524,13.3337],[4.8619,13.3382],[4.8661,13.3412],[4.8698,13.3419],[4.8712,13.3386],[4.8738,13.3364],[4.8851,13.3352],[4.8887,13.3344],[4.8931,13.3315],[4.8955,13.3326],[4.9056,13.3332],[4.9083,13.335],[4.9174,13.3352],[4.9275,13.3338],[4.9316,13.3316],[4.9204,13.3265],[4.9175,13.3229],[4.9224,13.3204],[4.9349,13.319],[4.9356,13.3147],[4.9409,13.3132],[4.9452,13.3133],[4.9542,13.3183],[4.9551,13.3257],[4.9532,13.3276],[4.9513,13.3328],[4.948,13.3384],[4.9495,13.344],[4.9533,13.3502],[4.9578,13.3538],[4.964,13.3526],[4.9703,13.354],[4.971,13.3581],[4.971,13.3659],[4.9783,13.369],[4.9823,13.3714],[4.9831,13.3749],[4.9887,13.3792],[4.9925,13.3864],[4.9947,13.3877],[4.9992,13.3933],[5.0094,13.3917],[5.0197,13.3871],[5.0196,13.3824],[5.0182,13.3773],[5.0262,13.3793],[5.0355,13.3787],[5.0398,13.3793],[5.0541,13.379],[5.0597,13.3759],[5.0594,13.3795],[5.0566,13.3862],[5.0561,13.3975],[5.0527,13.4004],[5.0478,13.4016],[5.0451,13.4039],[5.0414,13.4097],[5.038,13.4129],[5.0379,13.4195],[5.0336,13.4247],[5.029,13.4277],[5.026,13.4327],[5.0251,13.4383],[5.0236,13.4398],[5.018,13.4422],[5.0166,13.4439],[5.0102,13.447],[5.0046,13.4483],[4.9983,13.4458],[4.9918,13.4462],[4.9819,13.442],[4.978,13.4371],[4.9751,13.4348],[4.9734,13.4282],[4.9698,13.4247],[4.9647,13.4237],[4.9599,13.4237],[4.9528,13.4251],[4.9449,13.4281],[4.9414,13.4321],[4.9366,13.4334],[4.9336,13.4329],[4.93,13.4354],[4.9281,13.4354],[4.9221,13.4311],[4.9153,13.431],[4.9093,13.4297],[4.9009,13.4297],[4.8917,13.4267],[4.8884,13.4304],[4.8846,13.4326],[4.877,13.441],[4.8743,13.4433],[4.8733,13.4489],[4.875,13.455],[4.867,13.4629],[4.8633,13.4651],[4.8625,13.468],[4.8572,13.4732],[4.8538,13.4756],[4.8484,13.4771],[4.8461,13.4805],[4.8449,13.485],[4.8421,13.4877],[4.8388,13.4878],[4.8342,13.4858],[4.8273,13.4819],[4.8216,13.4817],[4.8172,13.4801],[4.812,13.4807],[4.8086,13.483],[4.8118,13.4856],[4.814,13.4936],[4.8132,13.4962],[4.8079,13.504],[4.8078,13.5075],[4.8097,13.5094],[4.8052,13.5138],[4.8005,13.514],[4.7896,13.5107],[4.788,13.5084],[4.7896,13.506],[4.7944,13.5056],[4.7956,13.5027],[4.7912,13.5021],[4.7888,13.5001],[4.7788,13.5001],[4.7736,13.4991],[4.7745,13.4963],[4.7705,13.4918],[4.7672,13.4962],[4.7649,13.4973],[4.7617,13.4941],[4.7581,13.4974],[4.7535,13.4981],[4.7528,13.4928],[4.7579,13.4893],[4.758,13.4829],[4.7601,13.4801],[4.7587,13.4656],[4.7575,13.4631],[4.758,13.457],[4.7575,13.4528],[4.7601,13.449],[4.7641,13.44],[4.767,13.4362],[4.7669,13.429],[4.7662,13.4271],[4.7676,13.4231],[4.7671,13.4199],[4.7686,13.4165],[4.7682,13.4125],[4.7652,13.4089],[4.7642,13.4048],[4.7599,13.3972],[4.7564,13.3943],[4.7537,13.3893],[4.751,13.3869],[4.7451,13.3864],[4.7419,13.3883],[4.738,13.3864],[4.7322,13.3854],[4.7314,13.3885],[4.7279,13.3882],[4.7235,13.3898],[4.7217,13.3924],[4.7195,13.3919],[4.7137,13.3939],[4.7073,13.3944],[4.7036,13.3954],[4.7003,13.3951],[4.6994,13.3925],[4.6969,13.3915],[4.6947,13.3886],[4.686,13.3856],[4.676,13.3799],[4.673,13.3775],[4.6705,13.3782],[4.6675,13.3736],[4.6671,13.3639],[4.6694,13.3602],[4.6668,13.358],[4.6689,13.3547],[4.6695,13.3518],[4.6749,13.3466],[4.6782,13.3411],[4.6793,13.3369],[4.6783,13.3327],[4.6801,13.3288],[4.6867,13.3233],[4.6898,13.3234],[4.6964,13.3198],[4.7005,13.3202],[4.7092,13.3194],[4.7094,13.3146],[4.7208,13.3114],[4.7244,13.3099],[4.728,13.3104],[4.7342,13.3155],[4.7384,13.3158],[4.7449,13.3141],[4.754,13.3226],[4.7589,13.3253],[4.7645,13.325],[4.7689,13.3276],[4.7747,13.3294],[4.7794,13.3322],[4.7867,13.3328],[4.7897,13.3362],[4.7935,13.3354],[4.7999,13.3377],[4.8013,13.3367],[4.8125,13.3361],[4.8166,13.334],[4.8353,13.3319],[4.8405,13.33],[4.8447,13.3334],[4.8482,13.3324],[4.8524,13.3337]]]},"properties":{"name":"TANGAZA","state":"33","code":"33/19/01"}},{"type":"Feature","geometry":{"type":"Polygon","coordinates":[[[4.8063,13.7177],[4.8089,13.7138],[4.8143,13.7092],[4.8171,13.7059],[4.8187,13.7024],[4.822,13.6991],[4.8254,13.6982],[4.8275,13.6949],[4.831,13.6926],[4.8337,13.6895],[4.8343,13.6836],[4.8384,13.6812],[4.8434,13.675],[4.8468,13.6729],[4.8494,13.6677],[4.8564,13.6574],[4.8631,13.6557],[4.876,13.6583],[4.8835,13.6587],[4.9022,13.6615],[4.9088,13.6637],[4.9123,13.6696],[4.9127,13.6726],[4.9176,13.6733],[4.9216,13.6696],[4.9167,13.6659],[4.9199,13.6601],[4.9277,13.6539],[4.9315,13.6523],[4.9346,13.6548],[4.936,13.6583],[4.9429,13.6631],[4.9554,13.6634],[4.9648,13.6685],[4.9677,13.6723],[4.9685,13.676],[4.9718,13.6809],[4.9727,13.6842],[4.9749,13.6853],[4.9787,13.6831],[4.9856,13.6807],[4.9922,13.6848],[4.9932,13.688],[4.9951,13.689],[4.9993,13.6937],[5.0025,13.7019],[5.0056,13.7063],[5.0108,13.7051],[5.0166,13.7029],[5.0193,13.7],[5.0243,13.6967],[5.0253,13.6923],[5.0314,13.6903],[5.0366,13.684],[5.0417,13.6815],[5.0488,13.6744],[5.0508,13.6646],[5.0526,13.66],[5.0574,13.6526],[5.0601,13.6564],[5.0653,13.6565],[5.0693,13.6553],[5.073,13.6527],[5.0794,13.6541],[5.0867,13.6514],[5.0941,13.6495],[5.0967,13.6478],[5.1042,13.6469],[5.1115,13.6442],[5.1155,13.6397],[5.1187,13.6409],[5.1223,13.6382],[5.1237,13.6356],[5.1271,13.6334],[5.1282,13.6301],[5.1317,13.628],[5.1388,13.6261],[5.1399,13.6356],[5.1417,13.6427],[5.1418,13.6501],[5.1391,13.6553],[5.1408,13.6623],[5.136,13.6703],[5.13,13.679],[5.1284,13.6882],[5.1299,13.6932],[5.1325,13.6976],[5.1332,13.7071],[5.1386,13.7074],[5.1416,13.7045],[5.1456,13.7063],[5.1492,13.7059],[5.1538,13.709],[5.1582,13.7108],[5.162,13.7111],[5.163,13.7208],[5.1646,13.7224],[5.1678,13.7291],[5.1603,13.7399],[5.1586,13.7435],[5.1234,13.7459],[5.0768,13.7512],[5.0044,13.7357],[4.9496,13.7345],[4.9095,13.7454],[4.8738,13.781],[4.8397,13.768],[4.8123,13.7619],[4.8118,13.7597],[4.8149,13.7518],[4.8146,13.745],[4.8131,13.7423],[4.8121,13.7373],[4.8093,13.7294],[4.8089,13.72],[4.8063,13.7177]]]},"properties":{"name":"RUWA-WURI","state":"33","code":"33/19/02"}},{"type":"Feature","geometry":{"type":"Polygon","coordinates":[[[5.1797,13.4286],[5.1731,13.4419],[5.1716,13.4424],[5.1722,13.4487],[5.1743,13.4534],[5.1734,13.4593],[5.1742,13.4648],[5.1768,13.4753],[5.1757,13.4797],[5.1785,13.4823],[5.1795,13.4854],[5.1753,13.4862],[5.1675,13.4892],[5.162,13.4925],[5.1528,13.4865],[5.1499,13.4865],[5.148,13.4806],[5.1475,13.4681],[5.1407,13.464],[5.1367,13.4638],[5.1298,13.4665],[5.1233,13.4679],[5.1196,13.4673],[5.1122,13.4729],[5.1111,13.4758],[5.1055,13.4745],[5.1027,13.4762],[5.0937,13.4755],[5.0878,13.4758],[5.0868,13.4718],[5.0824,13.4664],[5.0815,13.4592],[5.0782,13.4562],[5.0784,13.4518],[5.0771,13.4446],[5.0699,13.4419],[5.0659,13.4385],[5.0593,13.4395],[5.0567,13.4387],[5.0482,13.4401],[5.0419,13.4405],[5.0355,13.4396],[5.0279,13.4371],[5.0251,13.4383],[5.026,13.4327],[5.029,13.4277],[5.0336,13.4247],[5.0379,13.4195],[5.038,13.4129],[5.0414,13.4097],[5.0451,13.4039],[5.0478,13.4016],[5.0527,13.4004],[5.0561,13.3975],[5.0566,13.3862],[5.0594,13.3795],[5.0597,13.3759],[5.0651,13.3725],[5.0694,13.3737],[5.0785,13.3727],[5.081,13.3734],[5.0875,13.372],[5.0918,13.375],[5.0937,13.378],[5.1035,13.3812],[5.1067,13.3833],[5.1113,13.3847],[5.1137,13.3872],[5.1174,13.3891],[5.1203,13.3849],[5.1243,13.3851],[5.1299,13.3803],[5.1326,13.3793],[5.1386,13.3745],[5.1465,13.3737],[5.151,13.3792],[5.1512,13.3845],[5.1523,13.3881],[5.155,13.3898],[5.1558,13.3954],[5.1514,13.3989],[5.1436,13.403],[5.1398,13.4036],[5.1346,13.4011],[5.1303,13.4017],[5.1246,13.3988],[5.1239,13.3974],[5.1194,13.3972],[5.1179,13.4013],[5.1151,13.4039],[5.1138,13.4098],[5.1144,13.414],[5.1172,13.4139],[5.122,13.4111],[5.1233,13.4141],[5.12,13.418],[5.1202,13.4242],[5.1231,13.4274],[5.1279,13.4308],[5.1328,13.429],[5.1371,13.4234],[5.1425,13.4216],[5.1473,13.4243],[5.1499,13.4244],[5.1538,13.4286],[5.1556,13.429],[5.1618,13.4277],[5.166,13.428],[5.1698,13.4263],[5.1764,13.4257],[5.1797,13.4286]]]},"properties":{"name":"RAKA","state":"33","code":"33/19/03"}},{"type":"Feature","geometry":{"type":"Polygon","coordinates":[[[5.1781,13.5288],[5.1721,13.5294],[5.169,13.5285],[5.1661,13.5305],[5.1609,13.53],[5.1564,13.5317],[5.1487,13.5399],[5.1448,13.5469],[5.1423,13.548],[5.141,13.5522],[5.1381,13.5566],[5.1406,13.5655],[5.1423,13.5675],[5.1427,13.5714],[5.1414,13.5761],[5.1423,13.5833],[5.1399,13.5908],[5.1421,13.5965],[5.1408,13.6019],[5.1405,13.6154],[5.142,13.6208],[5.1397,13.6257],[5.1388,13.6261],[5.1317,13.628],[5.1282,13.6301],[5.1271,13.6334],[5.1237,13.6356],[5.1223,13.6382],[5.1187,13.6409],[5.1155,13.6397],[5.1115,13.6442],[5.1042,13.6469],[5.0967,13.6478],[5.0941,13.6495],[5.0867,13.6514],[5.0794,13.6541],[5.073,13.6527],[5.0693,13.6553],[5.0653,13.6565],[5.0601,13.6564],[5.0574,13.6526],[5.0536,13.6443],[5.049,13.6399],[5.0478,13.637],[5.0508,13.6308],[5.0532,13.6279],[5.0523,13.623],[5.0536,13.6162],[5.0521,13.6105],[5.0519,13.606],[5.0506,13.6026],[5.0522,13.5999],[5.0511,13.5946],[5.0479,13.5895],[5.0492,13.5855],[5.0451,13.5783],[5.0471,13.5731],[5.049,13.5694],[5.0524,13.5691],[5.0586,13.5662],[5.0603,13.5639],[5.0646,13.5621],[5.0678,13.5554],[5.0715,13.5532],[5.0777,13.5474],[5.0792,13.5423],[5.0787,13.5361],[5.0817,13.5317],[5.0846,13.5306],[5.0866,13.5271],[5.0858,13.5239],[5.0885,13.5182],[5.0854,13.5091],[5.083,13.5057],[5.0783,13.5053],[5.0749,13.506],[5.0729,13.5082],[5.0701,13.5085],[5.0584,13.5041],[5.0492,13.5036],[5.0402,13.5048],[5.0373,13.5047],[5.0338,13.5063],[5.0311,13.5056],[5.0235,13.5064],[5.0242,13.5045],[5.03,13.4992],[5.0319,13.4914],[5.0375,13.4791],[5.0378,13.4757],[5.0344,13.4697],[5.0344,13.4666],[5.031,13.4548],[5.0291,13.4521],[5.0284,13.4482],[5.0238,13.4418],[5.0236,13.4398],[5.0251,13.4383],[5.0279,13.4371],[5.0355,13.4396],[5.0419,13.4405],[5.0482,13.4401],[5.0567,13.4387],[5.0593,13.4395],[5.0659,13.4385],[5.0699,13.4419],[5.0771,13.4446],[5.0784,13.4518],[5.0782,13.4562],[5.0815,13.4592],[5.0824,13.4664],[5.0868,13.4718],[5.0878,13.4758],[5.0937,13.4755],[5.1027,13.4762],[5.1055,13.4745],[5.1111,13.4758],[5.1122,13.4729],[5.1196,13.4673],[5.1233,13.4679],[5.1298,13.4665],[5.1367,13.4638],[5.1407,13.464],[5.1475,13.4681],[5.148,13.4806],[5.1499,13.4865],[5.1528,13.4865],[5.162,13.4925],[5.1675,13.4892],[5.1753,13.4862],[5.1795,13.4854],[5.1865,13.4873],[5.1885,13.4896],[5.1924,13.49],[5.1944,13.4919],[5.1894,13.4966],[5.1906,13.5012],[5.1899,13.5037],[5.187,13.5058],[5.1862,13.509],[5.1828,13.5152],[5.1834,13.5181],[5.1808,13.5262],[5.1781,13.5288]]]},"properties":{"name":"SALEWA","state":"33","code":"33/19/04"}},{"type":"Feature","geometry":{"type":"Polygon","coordinates":[[[4.9655,13.2362],[4.9699,13.2393],[4.9715,13.2423],[4.974,13.2436],[4.9826,13.2525],[4.989,13.2614],[4.9882,13.2648],[4.986,13.268],[4.9867,13.2732],[4.9844,13.2797],[4.98,13.2875],[4.9835,13.2893],[4.9911,13.2914],[4.9927,13.2967],[4.9956,13.2982],[5.004,13.2972],[5.0067,13.2958],[5.014,13.2958],[5.0157,13.2974],[5.0154,13.305],[5.0175,13.3065],[5.0225,13.3041],[5.0347,13.2996],[5.0371,13.2995],[5.0474,13.3035],[5.0561,13.305],[5.0589,13.3077],[5.0587,13.3117],[5.0576,13.3144],[5.0503,13.3156],[5.0495,13.3141],[5.0399,13.3109],[5.0339,13.3107],[5.0289,13.3095],[5.0265,13.3135],[5.0277,13.3199],[5.0291,13.3225],[5.0339,13.3254],[5.0348,13.3318],[5.034,13.336],[5.0371,13.3398],[5.0365,13.343],[5.0427,13.3449],[5.0574,13.3471],[5.0596,13.3487],[5.0551,13.3539],[5.0548,13.3616],[5.0453,13.3641],[5.04,13.362],[5.0359,13.3621],[5.0275,13.3599],[5.0232,13.3544],[5.0146,13.3543],[5.0107,13.3511],[5.0027,13.3504],[5.0011,13.3435],[5.0029,13.3313],[5.0005,13.3265],[4.9974,13.3239],[4.988,13.3204],[4.9816,13.3172],[4.9766,13.3155],[4.9747,13.3135],[4.9677,13.311],[4.9666,13.3069],[4.9564,13.3065],[4.9518,13.302],[4.9503,13.2975],[4.9521,13.294],[4.9628,13.2892],[4.9632,13.2855],[4.95,13.2738],[4.9445,13.2639],[4.9456,13.261],[4.9464,13.2537],[4.9496,13.251],[4.952,13.2476],[4.9605,13.2461],[4.9642,13.2425],[4.9655,13.2362]]]},"properties":{"name":"GIDAN MADI","state":"33","code":"33/19/05"}},{"type":"Feature","geometry":{"type":"Polygon","coordinates":[[[4.8615,13.3045],[4.8727,13.3075],[4.8761,13.3103],[4.8805,13.3125],[4.893,13.3151],[4.9038,13.3144],[4.907,13.3126],[4.9135,13.3053],[4.9145,13.303],[4.9184,13.3013],[4.9224,13.3009],[4.9247,13.302],[4.9371,13.2908],[4.9416,13.2923],[4.9482,13.2916],[4.9521,13.294],[4.9503,13.2975],[4.9518,13.302],[4.9564,13.3065],[4.9666,13.3069],[4.9677,13.311],[4.9747,13.3135],[4.9766,13.3155],[4.9816,13.3172],[4.988,13.3204],[4.9974,13.3239],[5.0005,13.3265],[5.0029,13.3313],[5.0011,13.3435],[5.0027,13.3504],[5.0107,13.3511],[5.0146,13.3543],[5.0232,13.3544],[5.0275,13.3599],[5.0359,13.3621],[5.04,13.362],[5.0453,13.3641],[5.0548,13.3616],[5.0551,13.3539],[5.0596,13.3487],[5.0574,13.3471],[5.0427,13.3449],[5.0365,13.343],[5.0371,13.3398],[5.034,13.336],[5.0348,13.3318],[5.0339,13.3254],[5.0291,13.3225],[5.0277,13.3199],[5.0265,13.3135],[5.0289,13.3095],[5.0339,13.3107],[5.0399,13.3109],[5.0495,13.3141],[5.0503,13.3156],[5.0576,13.3144],[5.0587,13.3117],[5.0676,13.3178],[5.0661,13.3251],[5.0674,13.3311],[5.0705,13.3341],[5.0711,13.3389],[5.0781,13.339],[5.0922,13.3358],[5.0982,13.3319],[5.1029,13.3306],[5.1073,13.327],[5.1148,13.3287],[5.1208,13.3291],[5.1245,13.3316],[5.1265,13.3388],[5.126,13.3427],[5.1235,13.3449],[5.1223,13.3482],[5.1228,13.3556],[5.1239,13.3583],[5.1217,13.3602],[5.1152,13.3603],[5.1131,13.3622],[5.1103,13.3695],[5.1085,13.371],[5.107,13.3761],[5.1041,13.3785],[5.1035,13.3812],[5.0937,13.378],[5.0918,13.375],[5.0875,13.372],[5.081,13.3734],[5.0785,13.3727],[5.0694,13.3737],[5.0651,13.3725],[5.0597,13.3759],[5.0541,13.379],[5.0398,13.3793],[5.0355,13.3787],[5.0262,13.3793],[5.0182,13.3773],[5.0196,13.3824],[5.0197,13.3871],[5.0094,13.3917],[4.9992,13.3933],[4.9947,13.3877],[4.9925,13.3864],[4.9887,13.3792],[4.9831,13.3749],[4.9823,13.3714],[4.9783,13.369],[4.971,13.3659],[4.971,13.3581],[4.9703,13.354],[4.964,13.3526],[4.9578,13.3538],[4.9533,13.3502],[4.9495,13.344],[4.948,13.3384],[4.9513,13.3328],[4.9532,13.3276],[4.9551,13.3257],[4.9542,13.3183],[4.9452,13.3133],[4.9409,13.3132],[4.9356,13.3147],[4.9349,13.319],[4.9224,13.3204],[4.9175,13.3229],[4.9204,13.3265],[4.9316,13.3316],[4.9275,13.3338],[4.9174,13.3352],[4.9083,13.335],[4.9056,13.3332],[4.8955,13.3326],[4.8931,13.3315],[4.8887,13.3344],[4.8851,13.3352],[4.8738,13.3364],[4.8712,13.3386],[4.8698,13.3419],[4.8661,13.3412],[4.8619,13.3382],[4.8524,13.3337],[4.8511,13.3275],[4.8548,13.3194],[4.8585,13.3156],[4.862,13.3094],[4.8615,13.3045]]]},"properties":{"name":"SUTTI","state":"33","code":"33/19/06"}},{"type":"Feature","geometry":{"type":"Polygon","coordinates":[[[5.0152,13.1876],[5.0177,13.1861],[5.0227,13.1856],[5.0261,13.1831],[5.0305,13.1811],[5.0338,13.1813],[5.0418,13.1777],[5.0459,13.1786],[5.0511,13.1772],[5.0611,13.1781],[5.0694,13.1757],[5.0733,13.1785],[5.0785,13.18],[5.0839,13.1747],[5.0869,13.1727],[5.094,13.1714],[5.0992,13.1684],[5.102,13.1641],[5.1053,13.1625],[5.1127,13.162],[5.113,13.1658],[5.1144,13.1674],[5.1143,13.1734],[5.1199,13.1781],[5.1228,13.1818],[5.1249,13.1893],[5.1234,13.1931],[5.1231,13.2092],[5.1249,13.2155],[5.1277,13.2216],[5.1274,13.225],[5.1249,13.2289],[5.1189,13.235],[5.115,13.2364],[5.1098,13.2366],[5.1059,13.2352],[5.0889,13.2348],[5.0836,13.2331],[5.0766,13.2354],[5.0677,13.2368],[5.065,13.2396],[5.06,13.2405],[5.0579,13.2418],[5.0557,13.247],[5.0474,13.2466],[5.0438,13.2451],[5.0363,13.2464],[5.0274,13.2469],[5.0284,13.2535],[5.0282,13.2599],[5.0248,13.2617],[5.0228,13.2644],[5.0183,13.2654],[5.0169,13.2641],[5.011,13.2624],[5.0059,13.2591],[5.0035,13.2599],[4.995,13.2586],[4.989,13.2614],[4.9826,13.2525],[4.974,13.2436],[4.9715,13.2423],[4.9699,13.2393],[4.9655,13.2362],[4.9648,13.2348],[4.9672,13.2305],[4.9687,13.2241],[4.976,13.2246],[4.9793,13.2209],[4.9799,13.2158],[4.9789,13.2099],[4.9805,13.2058],[4.9834,13.2032],[4.9884,13.2006],[4.9973,13.2001],[5.0042,13.1968],[5.0093,13.1956],[5.0152,13.1876]]]},"properties":{"name":"KWACCE-HURU","state":"33","code":"33/19/07"}},{"type":"Feature","geometry":{"type":"Polygon","coordinates":[[[5.0676,13.3178],[5.0587,13.3117],[5.0589,13.3077],[5.0561,13.305],[5.0474,13.3035],[5.0371,13.2995],[5.0347,13.2996],[5.0225,13.3041],[5.0175,13.3065],[5.0154,13.305],[5.0157,13.2974],[5.014,13.2958],[5.0067,13.2958],[5.004,13.2972],[4.9956,13.2982],[4.9927,13.2967],[4.9911,13.2914],[4.9835,13.2893],[4.98,13.2875],[4.9844,13.2797],[4.9867,13.2732],[4.986,13.268],[4.9882,13.2648],[4.989,13.2614],[4.995,13.2586],[5.0035,13.2599],[5.0059,13.2591],[5.011,13.2624],[5.0169,13.2641],[5.0183,13.2654],[5.0228,13.2644],[5.0248,13.2617],[5.0282,13.2599],[5.0284,13.2535],[5.0274,13.2469],[5.0363,13.2464],[5.0438,13.2451],[5.0474,13.2466],[5.0557,13.247],[5.0579,13.2418],[5.06,13.2405],[5.065,13.2396],[5.0677,13.2368],[5.0766,13.2354],[5.0836,13.2331],[5.0889,13.2348],[5.1059,13.2352],[5.1098,13.2366],[5.115,13.2364],[5.1141,13.2402],[5.1143,13.2456],[5.1163,13.2561],[5.1139,13.2666],[5.1084,13.2718],[5.0999,13.2816],[5.099,13.2842],[5.1007,13.2941],[5.0986,13.3011],[5.0901,13.304],[5.0852,13.3041],[5.0793,13.3066],[5.0711,13.3085],[5.0676,13.3178]]]},"properties":{"name":"KALANJENI","state":"33","code":"33/19/08"}},{"type":"Feature","geometry":{"type":"Polygon","coordinates":[[[4.7736,13.4991],[4.7788,13.5001],[4.7888,13.5001],[4.7912,13.5021],[4.7956,13.5027],[4.7944,13.5056],[4.7896,13.506],[4.788,13.5084],[4.7896,13.5107],[4.8005,13.514],[4.8052,13.5138],[4.8097,13.5094],[4.8078,13.5075],[4.8079,13.504],[4.8132,13.4962],[4.814,13.4936],[4.8118,13.4856],[4.8086,13.483],[4.812,13.4807],[4.8172,13.4801],[4.8216,13.4817],[4.8273,13.4819],[4.8342,13.4858],[4.8388,13.4878],[4.8421,13.4877],[4.8449,13.485],[4.8461,13.4805],[4.8484,13.4771],[4.8538,13.4756],[4.8572,13.4732],[4.8625,13.468],[4.8633,13.4651],[4.867,13.4629],[4.875,13.455],[4.8733,13.4489],[4.8743,13.4433],[4.877,13.441],[4.8846,13.4326],[4.8884,13.4304],[4.8917,13.4267],[4.9009,13.4297],[4.9093,13.4297],[4.9153,13.431],[4.9221,13.4311],[4.9281,13.4354],[4.93,13.4354],[4.9336,13.4329],[4.9366,13.4334],[4.9414,13.4321],[4.9449,13.4281],[4.9528,13.4251],[4.9599,13.4237],[4.9647,13.4237],[4.9698,13.4247],[4.9734,13.4282],[4.9751,13.4348],[4.978,13.4371],[4.9819,13.442],[4.9918,13.4462],[4.9983,13.4458],[5.0046,13.4483],[5.0102,13.447],[5.0166,13.4439],[5.018,13.4422],[5.0236,13.4398],[5.0238,13.4418],[5.0284,13.4482],[5.0291,13.4521],[5.031,13.4548],[5.0344,13.4666],[5.0344,13.4697],[5.0378,13.4757],[5.0375,13.4791],[5.0319,13.4914],[5.03,13.4992],[5.0242,13.5045],[5.0235,13.5064],[5.0311,13.5056],[5.0338,13.5063],[5.0373,13.5047],[5.0402,13.5048],[5.0492,13.5036],[5.0584,13.5041],[5.0701,13.5085],[5.0729,13.5082],[5.0749,13.506],[5.0783,13.5053],[5.083,13.5057],[5.0854,13.5091],[5.0885,13.5182],[5.0858,13.5239],[5.0866,13.5271],[5.0846,13.5306],[5.0817,13.5317],[5.0787,13.5361],[5.0792,13.5423],[5.0777,13.5474],[5.0715,13.5532],[5.0678,13.5554],[5.0646,13.5621],[5.0603,13.5639],[5.0586,13.5662],[5.0524,13.5691],[5.049,13.5694],[5.0471,13.5731],[5.0384,13.5694],[5.0326,13.5656],[5.0253,13.5642],[5.0231,13.563],[5.0116,13.5648],[5.0062,13.5648],[5.0012,13.5635],[4.9961,13.5603],[4.9895,13.5601],[4.9856,13.5586],[4.9787,13.5576],[4.9742,13.5586],[4.9729,13.5564],[4.9724,13.5484],[4.9699,13.5395],[4.9658,13.5345],[4.963,13.5276],[4.9549,13.5234],[4.9508,13.5199],[4.9446,13.5164],[4.9432,13.514],[4.9384,13.5152],[4.9307,13.5248],[4.9216,13.5323],[4.9147,13.5351],[4.9124,13.5368],[4.9078,13.5424],[4.9037,13.5455],[4.9038,13.5485],[4.9069,13.5514],[4.9086,13.555],[4.9075,13.5602],[4.9098,13.5636],[4.9086,13.5678],[4.9137,13.578],[4.9133,13.5796],[4.915,13.5865],[4.9123,13.5852],[4.9088,13.5856],[4.8995,13.5846],[4.8869,13.582],[4.8818,13.58],[4.8772,13.5813],[4.8707,13.5814],[4.8666,13.5822],[4.8568,13.5868],[4.8539,13.5865],[4.8479,13.588],[4.8425,13.5907],[4.8368,13.5894],[4.8338,13.5866],[4.8338,13.5844],[4.8306,13.5797],[4.8322,13.5709],[4.8307,13.5672],[4.8319,13.5637],[4.8339,13.5631],[4.8337,13.5596],[4.8369,13.5559],[4.8361,13.5518],[4.8372,13.5491],[4.8356,13.5464],[4.836,13.5433],[4.831,13.5417],[4.8227,13.5477],[4.8201,13.5505],[4.8144,13.5517],[4.8086,13.5549],[4.8004,13.5565],[4.7916,13.5605],[4.785,13.5624],[4.7798,13.5657],[4.7766,13.5722],[4.7716,13.5798],[4.7646,13.5839],[4.7626,13.5888],[4.7561,13.5956],[4.7506,13.592],[4.7473,13.5888],[4.7417,13.586],[4.7367,13.5791],[4.7362,13.5763],[4.733,13.571],[4.7323,13.5661],[4.73,13.5618],[4.7296,13.5572],[4.7274,13.5552],[4.7269,13.5514],[4.7244,13.5487],[4.7224,13.542],[4.72,13.5405],[4.7252,13.5304],[4.7255,13.5239],[4.7272,13.5176],[4.7377,13.5163],[4.7425,13.5174],[4.7547,13.518],[4.7609,13.5171],[4.764,13.5129],[4.7698,13.5097],[4.7705,13.5036],[4.7736,13.4991]]]},"properties":{"name":"MAGONHO","state":"33","code":"33/19/09"}},{"type":"Feature","geometry":{"type":"Polygon","coordinates":[[[4.7561,13.5956],[4.7626,13.5888],[4.7646,13.5839],[4.7716,13.5798],[4.7766,13.5722],[4.7798,13.5657],[4.785,13.5624],[4.7916,13.5605],[4.8004,13.5565],[4.8086,13.5549],[4.8144,13.5517],[4.8201,13.5505],[4.8227,13.5477],[4.831,13.5417],[4.836,13.5433],[4.8356,13.5464],[4.8372,13.5491],[4.8361,13.5518],[4.8369,13.5559],[4.8337,13.5596],[4.8339,13.5631],[4.8319,13.5637],[4.8307,13.5672],[4.8322,13.5709],[4.8306,13.5797],[4.8338,13.5844],[4.8338,13.5866],[4.8368,13.5894],[4.8425,13.5907],[4.8479,13.588],[4.8539,13.5865],[4.8568,13.5868],[4.8666,13.5822],[4.8707,13.5814],[4.8772,13.5813],[4.8818,13.58],[4.8869,13.582],[4.8995,13.5846],[4.9088,13.5856],[4.9123,13.5852],[4.915,13.5865],[4.9133,13.5796],[4.9137,13.578],[4.9086,13.5678],[4.9098,13.5636],[4.9075,13.5602],[4.9086,13.555],[4.9069,13.5514],[4.9038,13.5485],[4.9037,13.5455],[4.9078,13.5424],[4.9124,13.5368],[4.9147,13.5351],[4.9216,13.5323],[4.9307,13.5248],[4.9384,13.5152],[4.9432,13.514],[4.9446,13.5164],[4.9508,13.5199],[4.9549,13.5234],[4.963,13.5276],[4.9658,13.5345],[4.9699,13.5395],[4.9724,13.5484],[4.9729,13.5564],[4.9742,13.5586],[4.9787,13.5576],[4.9856,13.5586],[4.9895,13.5601],[4.9961,13.5603],[5.0012,13.5635],[5.0062,13.5648],[5.0116,13.5648],[5.0231,13.563],[5.0253,13.5642],[5.0326,13.5656],[5.0384,13.5694],[5.0471,13.5731],[5.0451,13.5783],[5.0492,13.5855],[5.0479,13.5895],[5.0511,13.5946],[5.0522,13.5999],[5.0506,13.6026],[5.0519,13.606],[5.0521,13.6105],[5.0536,13.6162],[5.0523,13.623],[5.0532,13.6279],[5.0508,13.6308],[5.0478,13.637],[5.049,13.6399],[5.0536,13.6443],[5.0574,13.6526],[5.0526,13.66],[5.0508,13.6646],[5.0488,13.6744],[5.0417,13.6815],[5.0366,13.684],[5.0314,13.6903],[5.0253,13.6923],[5.0243,13.6967],[5.0193,13.7],[5.0166,13.7029],[5.0108,13.7051],[5.0056,13.7063],[5.0025,13.7019],[4.9993,13.6937],[4.9951,13.689],[4.9932,13.688],[4.9922,13.6848],[4.9856,13.6807],[4.9787,13.6831],[4.9749,13.6853],[4.9727,13.6842],[4.9718,13.6809],[4.9685,13.676],[4.9677,13.6723],[4.9648,13.6685],[4.9554,13.6634],[4.9429,13.6631],[4.936,13.6583],[4.9346,13.6548],[4.9315,13.6523],[4.9277,13.6539],[4.9199,13.6601],[4.9167,13.6659],[4.9216,13.6696],[4.9176,13.6733],[4.9127,13.6726],[4.9123,13.6696],[4.9088,13.6637],[4.9022,13.6615],[4.8835,13.6587],[4.876,13.6583],[4.8631,13.6557],[4.8564,13.6574],[4.8494,13.6677],[4.8468,13.6729],[4.8434,13.675],[4.8384,13.6812],[4.8343,13.6836],[4.8337,13.6895],[4.831,13.6926],[4.8275,13.6949],[4.8254,13.6982],[4.822,13.6991],[4.8187,13.7024],[4.8171,13.7059],[4.8143,13.7092],[4.8089,13.7138],[4.8063,13.7177],[4.7994,13.7144],[4.7931,13.7155],[4.7901,13.7126],[4.7825,13.7086],[4.7784,13.7045],[4.7714,13.7025],[4.7657,13.7],[4.7635,13.6951],[4.7569,13.6937],[4.7474,13.6869],[4.7414,13.6848],[4.7369,13.6796],[4.735,13.674],[4.7325,13.6715],[4.73,13.6659],[4.7297,13.6628],[4.728,13.6592],[4.7234,13.6546],[4.7204,13.6484],[4.721,13.6475],[4.7309,13.6425],[4.7392,13.6414],[4.7432,13.6416],[4.749,13.6406],[4.7515,13.6323],[4.7515,13.6279],[4.7501,13.6229],[4.7504,13.6129],[4.751,13.6101],[4.7559,13.6042],[4.7546,13.6004],[4.7561,13.5956]]]},"properties":{"name":"SAKKWAI","state":"33","code":"33/19/10"}},{"type":"Feature","geometry":{"type":"Polygon","coordinates":[[[5.2776,12.6311],[5.2788,12.6249],[5.2775,12.6185],[5.2727,12.6125],[5.2713,12.6064],[5.2699,12.5966],[5.2711,12.5888],[5.2694,12.5873],[5.2711,12.5822],[5.2733,12.572],[5.268,12.5691],[5.2614,12.5636],[5.2581,12.5574],[5.2645,12.5575],[5.2686,12.5598],[5.2725,12.5588],[5.2731,12.5543],[5.2711,12.5517],[5.2693,12.5438],[5.2633,12.5365],[5.2596,12.5356],[5.2575,12.5314],[5.2578,12.5289],[5.2636,12.5285],[5.2672,12.5299],[5.2726,12.53],[5.2756,12.528],[5.2776,12.5285],[5.2825,12.527],[5.2865,12.5271],[5.2891,12.5284],[5.2924,12.5283],[5.2939,12.5257],[5.2936,12.5226],[5.2905,12.5183],[5.2896,12.5131],[5.2872,12.5086],[5.2863,12.5039],[5.2842,12.4996],[5.2832,12.4951],[5.2868,12.4922],[5.2932,12.4891],[5.2944,12.4855],[5.297,12.4819],[5.3022,12.4772],[5.3144,12.4716],[5.3208,12.4677],[5.3254,12.467],[5.3277,12.4655],[5.3338,12.465],[5.3373,12.4674],[5.3401,12.4675],[5.3446,12.4648],[5.3512,12.4686],[5.3529,12.4705],[5.3595,12.4713],[5.3615,12.4731],[5.3645,12.4734],[5.3699,12.4777],[5.3808,12.4807],[5.3847,12.484],[5.385,12.4884],[5.3841,12.4917],[5.3848,12.4963],[5.3882,12.5042],[5.3885,12.5089],[5.3875,12.5173],[5.3885,12.5209],[5.3867,12.529],[5.3843,12.5319],[5.3847,12.5438],[5.3845,12.5507],[5.3823,12.5565],[5.3811,12.5639],[5.379,12.5698],[5.3797,12.5743],[5.3759,12.584],[5.3784,12.5876],[5.3792,12.5915],[5.3782,12.5969],[5.3801,12.6035],[5.3776,12.6091],[5.3772,12.6124],[5.3788,12.6153],[5.378,12.6236],[5.3762,12.6255],[5.3714,12.6272],[5.3683,12.6308],[5.366,12.6318],[5.3603,12.6288],[5.3518,12.6195],[5.3501,12.6192],[5.345,12.6146],[5.3396,12.6117],[5.3359,12.6107],[5.3327,12.612],[5.329,12.611],[5.3209,12.6112],[5.3237,12.615],[5.316,12.6179],[5.3139,12.6206],[5.3158,12.623],[5.3064,12.6259],[5.3017,12.6252],[5.2978,12.6276],[5.2872,12.6268],[5.2839,12.6275],[5.2808,12.6301],[5.2776,12.6311]]]},"properties":{"name":"DUMA","state":"33","code":"33/20/01"}},{"type":"Feature","geometry":{"type":"Polygon","coordinates":[[[5.402,12.621],[5.403,12.6178],[5.4088,12.6168],[5.4089,12.6137],[5.4138,12.6117],[5.4112,12.6085],[5.4073,12.6079],[5.4067,12.6039],[5.4085,12.6027],[5.4105,12.5942],[5.4116,12.5927],[5.4166,12.5919],[5.4171,12.5852],[5.4162,12.5828],[5.4186,12.5789],[5.4166,12.5767],[5.4214,12.5684],[5.4242,12.5594],[5.4269,12.555],[5.4317,12.5497],[5.4345,12.5441],[5.4383,12.5505],[5.4413,12.5538],[5.4438,12.5542],[5.4463,12.5579],[5.4531,12.5598],[5.4583,12.5693],[5.461,12.5708],[5.4694,12.5693],[5.4734,12.5652],[5.4779,12.5681],[5.4783,12.5702],[5.4827,12.5707],[5.4779,12.5709],[5.4726,12.5737],[5.4736,12.5783],[5.4753,12.5792],[5.48,12.5777],[5.4811,12.5805],[5.4808,12.5881],[5.4777,12.592],[5.4723,12.5928],[5.4689,12.5902],[5.4647,12.5894],[5.4621,12.5921],[5.4578,12.5945],[5.4599,12.5999],[5.4602,12.6083],[5.4596,12.6107],[5.4615,12.6166],[5.4616,12.6218],[5.4535,12.6242],[5.4486,12.6234],[5.4446,12.6259],[5.4382,12.6257],[5.432,12.6273],[5.4278,12.6244],[5.4255,12.6256],[5.4186,12.6231],[5.4091,12.6238],[5.402,12.621]]]},"properties":{"name":"LOFA","state":"33","code":"33/20/02"}},{"type":"Feature","geometry":{"type":"Polygon","coordinates":[[[5.378,12.6236],[5.3788,12.6153],[5.3772,12.6124],[5.3776,12.6091],[5.3801,12.6035],[5.3782,12.5969],[5.3792,12.5915],[5.3784,12.5876],[5.3759,12.584],[5.3797,12.5743],[5.379,12.5698],[5.3811,12.5639],[5.3823,12.5565],[5.3845,12.5507],[5.3847,12.5438],[5.3843,12.5319],[5.3867,12.529],[5.3885,12.5209],[5.3875,12.5173],[5.3885,12.5089],[5.3882,12.5042],[5.3848,12.4963],[5.3841,12.4917],[5.385,12.4884],[5.3847,12.484],[5.3898,12.4861],[5.3974,12.4879],[5.4022,12.4861],[5.42,12.4893],[5.4263,12.4859],[5.4338,12.4869],[5.444,12.4816],[5.4481,12.4804],[5.4506,12.4758],[5.4607,12.4717],[5.4622,12.4706],[5.4672,12.471],[5.477,12.4694],[5.4809,12.4668],[5.4844,12.4657],[5.487,12.4635],[5.4983,12.4596],[5.5006,12.4566],[5.5055,12.4534],[5.5082,12.4541],[5.5087,12.4568],[5.5077,12.4651],[5.5097,12.4698],[5.5097,12.4726],[5.5112,12.4781],[5.5107,12.4814],[5.5128,12.4883],[5.5099,12.4936],[5.511,12.4975],[5.5043,12.5036],[5.5041,12.5083],[5.5025,12.5111],[5.5019,12.5156],[5.5005,12.5177],[5.5019,12.5217],[5.4988,12.5233],[5.4945,12.53],[5.4944,12.5326],[5.491,12.5359],[5.4913,12.5401],[5.4897,12.5407],[5.4879,12.5463],[5.4896,12.5494],[5.4881,12.5514],[5.488,12.5559],[5.4866,12.5574],[5.4891,12.5619],[5.4896,12.5654],[5.4861,12.5697],[5.4827,12.5707],[5.4783,12.5702],[5.4779,12.5681],[5.4734,12.5652],[5.4694,12.5693],[5.461,12.5708],[5.4583,12.5693],[5.4531,12.5598],[5.4463,12.5579],[5.4438,12.5542],[5.4413,12.5538],[5.4383,12.5505],[5.4345,12.5441],[5.4317,12.5497],[5.4269,12.555],[5.4242,12.5594],[5.4214,12.5684],[5.4166,12.5767],[5.4186,12.5789],[5.4162,12.5828],[5.4171,12.5852],[5.4166,12.5919],[5.4116,12.5927],[5.4105,12.5942],[5.4085,12.6027],[5.4067,12.6039],[5.4073,12.6079],[5.4112,12.6085],[5.4138,12.6117],[5.4089,12.6137],[5.4088,12.6168],[5.403,12.6178],[5.402,12.621],[5.3991,12.6224],[5.3922,12.6231],[5.3881,12.6225],[5.3823,12.6241],[5.378,12.6236]]]},"properties":{"name":"TSAMIYA","state":"33","code":"33/20/03"}},{"type":"Feature","geometry":{"type":"Polygon","coordinates":[[[5.4616,12.6218],[5.4615,12.6166],[5.4596,12.6107],[5.4602,12.6083],[5.4599,12.5999],[5.4578,12.5945],[5.4621,12.5921],[5.4647,12.5894],[5.4689,12.5902],[5.4723,12.5928],[5.4777,12.592],[5.4808,12.5881],[5.4811,12.5805],[5.48,12.5777],[5.4753,12.5792],[5.4736,12.5783],[5.4726,12.5737],[5.4779,12.5709],[5.4827,12.5707],[5.4861,12.5697],[5.4896,12.5654],[5.4891,12.5619],[5.4866,12.5574],[5.488,12.5559],[5.4881,12.5514],[5.4896,12.5494],[5.4879,12.5463],[5.4897,12.5407],[5.4913,12.5401],[5.491,12.5359],[5.4944,12.5326],[5.4945,12.53],[5.4988,12.5233],[5.5019,12.5217],[5.5005,12.5177],[5.5019,12.5156],[5.5025,12.5111],[5.5041,12.5083],[5.5043,12.5036],[5.511,12.4975],[5.5099,12.4936],[5.5128,12.4883],[5.5173,12.4901],[5.518,12.4932],[5.5204,12.497],[5.5212,12.5071],[5.5227,12.5145],[5.5249,12.5169],[5.5282,12.5253],[5.5284,12.5393],[5.5295,12.5482],[5.531,12.5523],[5.5325,12.5642],[5.5307,12.5655],[5.5252,12.5668],[5.5246,12.5709],[5.5194,12.5702],[5.5135,12.5778],[5.5123,12.5849],[5.5169,12.5899],[5.5229,12.5913],[5.5216,12.5954],[5.5162,12.6026],[5.515,12.6064],[5.5143,12.6182],[5.5119,12.6172],[5.5088,12.6187],[5.5051,12.6153],[5.5025,12.6178],[5.4985,12.6185],[5.4961,12.6207],[5.489,12.6186],[5.4869,12.6189],[5.4893,12.6248],[5.4857,12.6292],[5.4792,12.63],[5.4706,12.6246],[5.4651,12.6238],[5.4616,12.6218]]]},"properties":{"name":"FURA GIRKE","state":"33","code":"33/20/05"}},{"type":"Feature","geometry":{"type":"Polygon","coordinates":[[[5.5284,12.7761],[5.5286,12.7724],[5.526,12.7667],[5.5237,12.7566],[5.5205,12.7544],[5.5198,12.7497],[5.5157,12.7445],[5.5134,12.7367],[5.5103,12.7315],[5.51,12.7256],[5.5074,12.7254],[5.4981,12.7196],[5.4945,12.7158],[5.4957,12.7108],[5.4937,12.7078],[5.4899,12.7086],[5.4873,12.7153],[5.4823,12.7153],[5.4791,12.7123],[5.4799,12.706],[5.4797,12.7023],[5.488,12.6969],[5.4953,12.6902],[5.4941,12.6837],[5.4969,12.6779],[5.4946,12.6699],[5.5044,12.6648],[5.5085,12.6605],[5.5116,12.6595],[5.5149,12.6569],[5.5223,12.656],[5.5255,12.6545],[5.5284,12.6492],[5.5316,12.6459],[5.5333,12.6421],[5.5399,12.6404],[5.5441,12.6382],[5.5464,12.6387],[5.55,12.6366],[5.5546,12.6356],[5.5535,12.6294],[5.5545,12.627],[5.553,12.6217],[5.5535,12.6163],[5.5516,12.6126],[5.5598,12.6036],[5.566,12.5981],[5.567,12.5895],[5.5722,12.5875],[5.5763,12.5845],[5.5802,12.5842],[5.583,12.5824],[5.5888,12.5815],[5.5936,12.5821],[5.5949,12.5805],[5.6029,12.5799],[5.6073,12.5936],[5.6107,12.5941],[5.6136,12.5967],[5.6189,12.5961],[5.6233,12.5969],[5.625,12.5985],[5.6307,12.5995],[5.6338,12.599],[5.6408,12.6013],[5.6413,12.605],[5.6406,12.6095],[5.6415,12.6145],[5.6406,12.6191],[5.6376,12.6182],[5.6326,12.6199],[5.6328,12.6218],[5.6373,12.629],[5.6399,12.6321],[5.6397,12.6405],[5.6413,12.645],[5.6397,12.6475],[5.6418,12.6525],[5.6411,12.6561],[5.6435,12.6599],[5.6443,12.6659],[5.6482,12.6689],[5.648,12.6717],[5.6495,12.6812],[5.6489,12.6855],[5.6507,12.6929],[5.6485,12.6942],[5.6415,12.6952],[5.6317,12.6897],[5.6264,12.6896],[5.6217,12.687],[5.6176,12.6808],[5.6123,12.6793],[5.6087,12.6774],[5.6009,12.6718],[5.598,12.6726],[5.5937,12.6699],[5.5895,12.6754],[5.589,12.6787],[5.5848,12.6802],[5.577,12.6794],[5.5748,12.6903],[5.575,12.6925],[5.5784,12.7028],[5.5801,12.7055],[5.5777,12.7076],[5.5759,12.7127],[5.5765,12.719],[5.5821,12.7291],[5.5817,12.7317],[5.579,12.7355],[5.5806,12.7375],[5.5771,12.7434],[5.5802,12.7472],[5.582,12.7466],[5.5868,12.7491],[5.5867,12.7513],[5.5843,12.7574],[5.5805,12.7593],[5.5821,12.7626],[5.5767,12.7634],[5.5709,12.7651],[5.5666,12.7672],[5.5582,12.77],[5.5524,12.7726],[5.5445,12.773],[5.5354,12.7752],[5.5284,12.7761]]]},"properties":{"name":"LAMBAR TURETA","state":"33","code":"33/20/06"}},{"type":"Feature","geometry":{"type":"Polygon","coordinates":[[[5.4857,12.6292],[5.4893,12.6248],[5.4869,12.6189],[5.489,12.6186],[5.4961,12.6207],[5.4985,12.6185],[5.5025,12.6178],[5.5051,12.6153],[5.5088,12.6187],[5.5119,12.6172],[5.5143,12.6182],[5.515,12.6064],[5.5162,12.6026],[5.5216,12.5954],[5.5229,12.5913],[5.5169,12.5899],[5.5123,12.5849],[5.5135,12.5778],[5.5194,12.5702],[5.5246,12.5709],[5.5252,12.5668],[5.5307,12.5655],[5.5325,12.5642],[5.531,12.5523],[5.5295,12.5482],[5.5284,12.5393],[5.5282,12.5253],[5.5342,12.5301],[5.536,12.5329],[5.5402,12.5351],[5.5422,12.5434],[5.5428,12.551],[5.546,12.5572],[5.5467,12.5603],[5.5465,12.57],[5.5428,12.5703],[5.5443,12.5738],[5.5397,12.5775],[5.5435,12.5796],[5.5455,12.5824],[5.5498,12.583],[5.5566,12.582],[5.5597,12.5853],[5.5638,12.5869],[5.567,12.5895],[5.566,12.5981],[5.5598,12.6036],[5.5516,12.6126],[5.5535,12.6163],[5.553,12.6217],[5.5545,12.627],[5.5535,12.6294],[5.5546,12.6356],[5.55,12.6366],[5.5464,12.6387],[5.5441,12.6382],[5.5399,12.6404],[5.5333,12.6421],[5.5316,12.6459],[5.5284,12.6492],[5.5255,12.6545],[5.5223,12.656],[5.5149,12.6569],[5.5116,12.6595],[5.5085,12.6605],[5.5044,12.6648],[5.4946,12.6699],[5.4928,12.6688],[5.4931,12.6647],[5.4886,12.6617],[5.4831,12.6565],[5.4827,12.6511],[5.4838,12.6493],[5.4894,12.6471],[5.4906,12.6433],[5.4893,12.6404],[5.4917,12.6386],[5.4938,12.6332],[5.4857,12.6292]]]},"properties":{"name":"TURETA GARI","state":"33","code":"33/20/07"}},{"type":"Feature","geometry":{"type":"Polygon","coordinates":[[[5.7282,12.5508],[5.7258,12.5514],[5.7201,12.5501],[5.7182,12.5543],[5.7153,12.553],[5.7122,12.5558],[5.7082,12.5561],[5.7036,12.559],[5.6984,12.5671],[5.6929,12.5728],[5.6833,12.5745],[5.6687,12.5788],[5.6663,12.5771],[5.6615,12.5787],[5.6557,12.5757],[5.6506,12.5689],[5.6399,12.5672],[5.6369,12.5639],[5.6333,12.5585],[5.6317,12.5536],[5.6283,12.5482],[5.6262,12.5462],[5.6206,12.545],[5.6183,12.5412],[5.6127,12.537],[5.6108,12.5316],[5.6068,12.5312],[5.6059,12.525],[5.6024,12.5214],[5.601,12.5163],[5.5995,12.5144],[5.6019,12.5089],[5.6058,12.5067],[5.611,12.5055],[5.6126,12.5026],[5.6152,12.501],[5.6167,12.4958],[5.6145,12.4887],[5.6134,12.4875],[5.6138,12.4806],[5.6107,12.476],[5.6066,12.4751],[5.5956,12.4706],[5.5914,12.467],[5.585,12.4634],[5.5851,12.4599],[5.5797,12.4492],[5.5744,12.4433],[5.573,12.439],[5.5737,12.4351],[5.573,12.4323],[5.5739,12.4287],[5.5726,12.4256],[5.5748,12.4217],[5.5721,12.4163],[5.5726,12.4125],[5.5807,12.4052],[5.5786,12.4008],[5.5742,12.3952],[5.5729,12.3916],[5.5703,12.3884],[5.5696,12.3832],[5.5709,12.3811],[5.5701,12.3731],[5.5667,12.3673],[5.5675,12.3595],[5.5667,12.3573],[5.5672,12.3515],[5.5897,12.3506],[5.5879,12.3519],[5.5866,12.3566],[5.5861,12.3617],[5.5869,12.3647],[5.5899,12.3676],[5.5921,12.3741],[5.5978,12.3812],[5.6003,12.3827],[5.6045,12.3825],[5.6088,12.3869],[5.6133,12.3925],[5.616,12.3931],[5.6182,12.3964],[5.6314,12.409],[5.6369,12.4105],[5.637,12.4072],[5.6412,12.4073],[5.6477,12.4098],[5.6532,12.4183],[5.6559,12.4196],[5.6613,12.4204],[5.6673,12.4256],[5.6789,12.4291],[5.6847,12.4258],[5.6889,12.4223],[5.6949,12.4195],[5.7065,12.4156],[5.7046,12.413],[5.7055,12.4078],[5.7109,12.409],[5.7189,12.4081],[5.731,12.4094],[5.7355,12.406],[5.7389,12.407],[5.7424,12.41],[5.7526,12.4095],[5.7551,12.4127],[5.7611,12.4149],[5.7359,12.4486],[5.7233,12.4737],[5.7172,12.4869],[5.7282,12.5508]]]},"properties":{"name":"KURUWA","state":"33","code":"33/20/08"}},{"type":"Feature","geometry":{"type":"Polygon","coordinates":[[[5.6507,12.6929],[5.6489,12.6855],[5.6495,12.6812],[5.648,12.6717],[5.6482,12.6689],[5.6443,12.6659],[5.6435,12.6599],[5.6411,12.6561],[5.6418,12.6525],[5.6397,12.6475],[5.6413,12.645],[5.6397,12.6405],[5.6399,12.6321],[5.6373,12.629],[5.6328,12.6218],[5.6326,12.6199],[5.6376,12.6182],[5.6406,12.6191],[5.6415,12.6145],[5.6406,12.6095],[5.6413,12.605],[5.6408,12.6013],[5.6338,12.599],[5.6307,12.5995],[5.625,12.5985],[5.6233,12.5969],[5.6189,12.5961],[5.6136,12.5967],[5.6107,12.5941],[5.6073,12.5936],[5.6029,12.5799],[5.5949,12.5805],[5.5936,12.5821],[5.5888,12.5815],[5.583,12.5824],[5.5802,12.5842],[5.5763,12.5845],[5.5722,12.5875],[5.567,12.5895],[5.5638,12.5869],[5.5597,12.5853],[5.5566,12.582],[5.5498,12.583],[5.5455,12.5824],[5.5435,12.5796],[5.5397,12.5775],[5.5443,12.5738],[5.5428,12.5703],[5.5465,12.57],[5.5467,12.5603],[5.546,12.5572],[5.5428,12.551],[5.5422,12.5434],[5.5402,12.5351],[5.536,12.5329],[5.5342,12.5301],[5.5282,12.5253],[5.5249,12.5169],[5.5227,12.5145],[5.5212,12.5071],[5.5204,12.497],[5.518,12.4932],[5.5173,12.4901],[5.5128,12.4883],[5.5107,12.4814],[5.5112,12.4781],[5.5097,12.4726],[5.5097,12.4698],[5.5077,12.4651],[5.5087,12.4568],[5.5082,12.4541],[5.5115,12.4513],[5.5126,12.4424],[5.5169,12.436],[5.5174,12.4323],[5.521,12.4294],[5.5243,12.4223],[5.528,12.4237],[5.5323,12.4172],[5.5368,12.413],[5.5383,12.4095],[5.5465,12.4002],[5.5479,12.3959],[5.5507,12.3921],[5.5521,12.3882],[5.5565,12.3837],[5.5583,12.3785],[5.5639,12.3735],[5.5639,12.3708],[5.5667,12.3673],[5.5701,12.3731],[5.5709,12.3811],[5.5696,12.3832],[5.5703,12.3884],[5.5729,12.3916],[5.5742,12.3952],[5.5786,12.4008],[5.5807,12.4052],[5.5726,12.4125],[5.5721,12.4163],[5.5748,12.4217],[5.5726,12.4256],[5.5739,12.4287],[5.573,12.4323],[5.5737,12.4351],[5.573,12.439],[5.5744,12.4433],[5.5797,12.4492],[5.5851,12.4599],[5.585,12.4634],[5.5914,12.467],[5.5956,12.4706],[5.6066,12.4751],[5.6107,12.476],[5.6138,12.4806],[5.6134,12.4875],[5.6145,12.4887],[5.6167,12.4958],[5.6152,12.501],[5.6126,12.5026],[5.611,12.5055],[5.6058,12.5067],[5.6019,12.5089],[5.5995,12.5144],[5.601,12.5163],[5.6024,12.5214],[5.6059,12.525],[5.6068,12.5312],[5.6108,12.5316],[5.6127,12.537],[5.6183,12.5412],[5.6206,12.545],[5.6262,12.5462],[5.6283,12.5482],[5.6317,12.5536],[5.6333,12.5585],[5.6369,12.5639],[5.6399,12.5672],[5.6506,12.5689],[5.6557,12.5757],[5.6615,12.5787],[5.6663,12.5771],[5.6687,12.5788],[5.6833,12.5745],[5.6929,12.5728],[5.6984,12.5671],[5.7036,12.559],[5.7082,12.5561],[5.7122,12.5558],[5.7153,12.553],[5.7182,12.5543],[5.7201,12.5501],[5.7258,12.5514],[5.7282,12.5508],[5.7255,12.5765],[5.7231,12.6206],[5.69,12.6274],[5.6774,12.6319],[5.6941,12.6891],[5.6903,12.7012],[5.6841,12.6994],[5.6783,12.7028],[5.675,12.7016],[5.6739,12.6976],[5.6709,12.6958],[5.6693,12.6929],[5.6641,12.691],[5.6578,12.6905],[5.653,12.6909],[5.6507,12.6929]]]},"properties":{"name":"GIDAN KARE/BIMASA","state":"33","code":"33/20/09"}},{"type":"Feature","geometry":{"type":"Polygon","coordinates":[[[5.5897,12.3506],[5.6526,12.3483],[5.6915,12.3217],[5.7506,12.3239],[5.7551,12.331],[5.7538,12.3369],[5.7567,12.3388],[5.7726,12.3835],[5.7652,12.4095],[5.7611,12.4149],[5.7551,12.4127],[5.7526,12.4095],[5.7424,12.41],[5.7389,12.407],[5.7355,12.406],[5.731,12.4094],[5.7189,12.4081],[5.7109,12.409],[5.7055,12.4078],[5.7046,12.413],[5.7065,12.4156],[5.6949,12.4195],[5.6889,12.4223],[5.6847,12.4258],[5.6789,12.4291],[5.6673,12.4256],[5.6613,12.4204],[5.6559,12.4196],[5.6532,12.4183],[5.6477,12.4098],[5.6412,12.4073],[5.637,12.4072],[5.6369,12.4105],[5.6314,12.409],[5.6182,12.3964],[5.616,12.3931],[5.6133,12.3925],[5.6088,12.3869],[5.6045,12.3825],[5.6003,12.3827],[5.5978,12.3812],[5.5921,12.3741],[5.5899,12.3676],[5.5869,12.3647],[5.5861,12.3617],[5.5866,12.3566],[5.5879,12.3519],[5.5897,12.3506]]]},"properties":{"name":"KWARARE","state":"33","code":"33/20/10"}},{"type":"Feature","geometry":{"type":"Polygon","coordinates":[[[5.2475,13.0137],[5.2445,13.017],[5.2402,13.0263],[5.2372,13.0336],[5.2333,13.036],[5.2272,13.0365],[5.2296,13.0403],[5.2219,13.0438],[5.2181,13.0454],[5.2178,13.0498],[5.2119,13.0547],[5.2058,13.0518],[5.2069,13.0433],[5.2028,13.0417],[5.2055,13.0375],[5.2008,13.0331],[5.1958,13.0394],[5.1916,13.0358],[5.1796,13.0293],[5.183,13.0256],[5.1833,13.022],[5.1869,13.0234],[5.1869,13.0174],[5.1906,13.0113],[5.192,13.0126],[5.1924,13.0009],[5.2,13.0017],[5.2047,13.0031],[5.2064,13.0094],[5.2047,13.0137],[5.211,13.0186],[5.2167,13.0165],[5.2162,13.0129],[5.2201,13.0087],[5.2239,13.0028],[5.2265,12.9932],[5.2288,12.9931],[5.2312,12.996],[5.2343,12.9961],[5.2475,13.0137]]]},"properties":{"name":"ARKILLA","state":"33","code":"33/21/01"}},{"type":"Feature","geometry":{"type":"Polygon","coordinates":[[[5.1808,12.9557],[5.1877,12.9499],[5.1949,12.9487],[5.2026,12.9495],[5.2082,12.9468],[5.2132,12.9486],[5.2172,12.9542],[5.2155,12.9604],[5.2165,12.9664],[5.22,12.974],[5.2192,12.9797],[5.217,12.983],[5.217,12.9856],[5.2265,12.9932],[5.2239,13.0028],[5.2201,13.0087],[5.2162,13.0129],[5.2167,13.0165],[5.211,13.0186],[5.2047,13.0137],[5.2064,13.0094],[5.2047,13.0031],[5.2,13.0017],[5.1924,13.0009],[5.192,13.0126],[5.1906,13.0113],[5.1869,13.0174],[5.1869,13.0234],[5.1793,13.0152],[5.1745,13.0073],[5.1766,12.9985],[5.1764,12.991],[5.1726,12.9837],[5.1675,12.9836],[5.1694,12.9793],[5.1676,12.9751],[5.1793,12.9643],[5.1799,12.9575],[5.1808,12.9557]]]},"properties":{"name":"BADO/KASARAWA","state":"33","code":"33/21/02"}},{"type":"Feature","geometry":{"type":"Polygon","coordinates":[[[5.158,12.9884],[5.1631,12.9875],[5.1675,12.9836],[5.1726,12.9837],[5.1764,12.991],[5.1766,12.9985],[5.1745,13.0073],[5.1793,13.0152],[5.1869,13.0234],[5.1833,13.022],[5.183,13.0256],[5.1796,13.0293],[5.1751,13.0317],[5.1769,13.0349],[5.1784,13.0446],[5.1775,13.0498],[5.1713,13.0509],[5.1682,13.054],[5.167,13.0568],[5.1643,13.0562],[5.1562,13.0606],[5.1528,13.0681],[5.1513,13.073],[5.1531,13.0743],[5.1516,13.0782],[5.1426,13.077],[5.1442,13.0742],[5.1454,13.0658],[5.1458,13.0589],[5.1471,13.0573],[5.1487,13.0517],[5.1519,13.0494],[5.1508,13.0448],[5.1394,13.041],[5.1396,13.0372],[5.1379,13.0308],[5.1395,13.0269],[5.1385,13.0238],[5.1319,13.0195],[5.1306,13.0149],[5.1319,13.0076],[5.1258,13.001],[5.1257,12.996],[5.133,12.9959],[5.1362,12.9945],[5.1424,12.9959],[5.1457,12.9947],[5.1524,12.995],[5.1553,12.9905],[5.158,12.9884]]]},"properties":{"name":"GUMBI/WAJAKE","state":"33","code":"33/21/03"}},{"type":"Feature","geometry":{"type":"Polygon","coordinates":[[[5.166,13.0826],[5.163,13.0818],[5.163,13.0789],[5.1601,13.078],[5.1571,13.0814],[5.1539,13.0806],[5.1516,13.0782],[5.1531,13.0743],[5.1513,13.073],[5.1528,13.0681],[5.1562,13.0606],[5.1643,13.0562],[5.167,13.0568],[5.1682,13.054],[5.1713,13.0509],[5.1775,13.0498],[5.1784,13.0446],[5.1769,13.0349],[5.1751,13.0317],[5.1796,13.0293],[5.1916,13.0358],[5.1958,13.0394],[5.2008,13.0331],[5.2055,13.0375],[5.2028,13.0417],[5.2069,13.0433],[5.2058,13.0518],[5.2119,13.0547],[5.2088,13.0586],[5.2013,13.0629],[5.197,13.0683],[5.1927,13.0717],[5.1921,13.0758],[5.1889,13.0725],[5.1844,13.0707],[5.1797,13.0703],[5.1762,13.0724],[5.1733,13.0723],[5.1713,13.0762],[5.1666,13.0786],[5.166,13.0826]]]},"properties":{"name":"KALAMBAINA/GIRABSHI","state":"33","code":"33/21/04"}},{"type":"Feature","geometry":{"type":"Polygon","coordinates":[[[5.1719,13.2283],[5.1686,13.2271],[5.1658,13.2245],[5.1625,13.2239],[5.1577,13.219],[5.1535,13.2201],[5.1457,13.2209],[5.1404,13.2233],[5.1274,13.225],[5.1277,13.2216],[5.1249,13.2155],[5.1231,13.2092],[5.1234,13.1931],[5.1249,13.1893],[5.1228,13.1818],[5.1199,13.1781],[5.1143,13.1734],[5.1144,13.1674],[5.113,13.1658],[5.1127,13.162],[5.1145,13.1601],[5.1197,13.1579],[5.1229,13.1577],[5.1262,13.1541],[5.1337,13.1524],[5.1421,13.1479],[5.144,13.146],[5.1492,13.1445],[5.1551,13.1442],[5.1606,13.1426],[5.1624,13.1445],[5.1686,13.1472],[5.1714,13.1495],[5.1701,13.1528],[5.1723,13.1572],[5.1782,13.159],[5.1828,13.1556],[5.1848,13.1515],[5.188,13.1481],[5.194,13.1454],[5.1975,13.1404],[5.1972,13.1319],[5.1999,13.1302],[5.2016,13.1233],[5.2101,13.126],[5.206,13.136],[5.2117,13.1357],[5.2134,13.1389],[5.2129,13.1443],[5.2157,13.1466],[5.2165,13.1517],[5.2134,13.1561],[5.2138,13.158],[5.2103,13.1628],[5.2069,13.1631],[5.2056,13.1674],[5.2029,13.1678],[5.2017,13.1703],[5.2068,13.1741],[5.2045,13.1784],[5.2051,13.18],[5.2009,13.1852],[5.1973,13.1946],[5.1931,13.1969],[5.1883,13.2023],[5.1869,13.2107],[5.1853,13.215],[5.182,13.2166],[5.1732,13.2245],[5.1719,13.2283]]]},"properties":{"name":"G/HAMIDU/G/KAYA","state":"33","code":"33/21/05"}},{"type":"Feature","geometry":{"type":"Polygon","coordinates":[[[5.206,13.1033],[5.2115,13.1053],[5.2146,13.1046],[5.2168,13.1075],[5.2126,13.1139],[5.2184,13.1208],[5.2175,13.1249],[5.2115,13.1273],[5.2101,13.126],[5.2016,13.1233],[5.1999,13.1302],[5.1972,13.1319],[5.1975,13.1404],[5.194,13.1454],[5.188,13.1481],[5.1848,13.1515],[5.1828,13.1556],[5.1782,13.159],[5.1723,13.1572],[5.1701,13.1528],[5.1714,13.1495],[5.1686,13.1472],[5.1624,13.1445],[5.1606,13.1426],[5.1551,13.1442],[5.1492,13.1445],[5.144,13.146],[5.1453,13.1416],[5.1451,13.1358],[5.1477,13.1289],[5.1484,13.125],[5.1518,13.1204],[5.1604,13.1167],[5.1588,13.1137],[5.1546,13.1101],[5.1535,13.106],[5.1478,13.1004],[5.1471,13.0981],[5.1479,13.0927],[5.1433,13.088],[5.1383,13.0881],[5.1342,13.0898],[5.1321,13.0839],[5.135,13.0785],[5.1352,13.0756],[5.1395,13.0755],[5.1426,13.077],[5.1516,13.0782],[5.1539,13.0806],[5.1571,13.0814],[5.1601,13.078],[5.163,13.0789],[5.163,13.0818],[5.166,13.0826],[5.1688,13.0837],[5.1707,13.0822],[5.1735,13.0827],[5.1761,13.0881],[5.1863,13.0867],[5.1891,13.0874],[5.1895,13.0907],[5.1924,13.095],[5.1968,13.0991],[5.1974,13.1014],[5.202,13.1017],[5.206,13.1033]]]},"properties":{"name":"G/BUBU/G/YARO","state":"33","code":"33/21/06"}},{"type":"Feature","geometry":{"type":"Polygon","coordinates":[[[5.1394,13.041],[5.1377,13.0425],[5.133,13.0424],[5.1313,13.044],[5.1284,13.0433],[5.1266,13.0408],[5.1215,13.0389],[5.1144,13.0384],[5.1047,13.0355],[5.1004,13.0356],[5.1008,13.0395],[5.1041,13.0407],[5.103,13.0512],[5.1011,13.0526],[5.0973,13.0525],[5.0935,13.0508],[5.086,13.0498],[5.0823,13.052],[5.0797,13.0482],[5.0824,13.0462],[5.0821,13.0419],[5.0789,13.0364],[5.0725,13.0318],[5.0716,13.029],[5.0681,13.0274],[5.0707,13.0254],[5.0705,13.0222],[5.0683,13.0205],[5.0677,13.0173],[5.0636,13.0098],[5.0666,13.0056],[5.0691,13.0063],[5.0775,13.0084],[5.0809,13.0116],[5.0856,13.011],[5.0877,13.0145],[5.091,13.0152],[5.0943,13.0139],[5.1058,13.0174],[5.1169,13.0181],[5.1248,13.017],[5.1306,13.0149],[5.1319,13.0195],[5.1385,13.0238],[5.1395,13.0269],[5.1379,13.0308],[5.1396,13.0372],[5.1394,13.041]]]},"properties":{"name":"WAMAKKO","state":"33","code":"33/21/07"}},{"type":"Feature","geometry":{"type":"Polygon","coordinates":[[[5.1973,13.1946],[5.2009,13.1852],[5.2051,13.18],[5.2045,13.1784],[5.2068,13.1741],[5.2017,13.1703],[5.2029,13.1678],[5.2056,13.1674],[5.2069,13.1631],[5.2103,13.1628],[5.2138,13.158],[5.2134,13.1561],[5.2165,13.1517],[5.2157,13.1466],[5.2129,13.1443],[5.2134,13.1389],[5.2117,13.1357],[5.206,13.136],[5.2101,13.126],[5.2115,13.1273],[5.2175,13.1249],[5.2184,13.1208],[5.2126,13.1139],[5.2168,13.1075],[5.2146,13.1046],[5.2115,13.1053],[5.206,13.1033],[5.2122,13.0907],[5.2142,13.0847],[5.2161,13.0846],[5.2214,13.0878],[5.2301,13.0798],[5.2327,13.0796],[5.2346,13.0774],[5.2385,13.0776],[5.2429,13.0791],[5.2458,13.083],[5.2422,13.083],[5.242,13.0871],[5.2435,13.0971],[5.245,13.0984],[5.2416,13.102],[5.2407,13.1075],[5.2379,13.1102],[5.2381,13.1122],[5.2435,13.1151],[5.2474,13.116],[5.246,13.1189],[5.2464,13.1221],[5.249,13.1246],[5.2501,13.1276],[5.2518,13.1373],[5.2516,13.1424],[5.2575,13.1558],[5.2602,13.1635],[5.2627,13.1662],[5.2662,13.1719],[5.2651,13.1765],[5.2665,13.1794],[5.2653,13.1814],[5.2576,13.1838],[5.2525,13.1875],[5.2471,13.1856],[5.2449,13.1828],[5.238,13.1777],[5.2299,13.1778],[5.2273,13.1808],[5.2232,13.18],[5.2202,13.1776],[5.2184,13.1811],[5.2156,13.1809],[5.2136,13.1829],[5.2135,13.1905],[5.207,13.1929],[5.2044,13.1954],[5.1973,13.1946]]]},"properties":{"name":"DUNDAYE/GUMBURAWA","state":"33","code":"33/21/08"}},{"type":"Feature","geometry":{"type":"Polygon","coordinates":[[[5.0163,13.1316],[5.0193,13.1304],[5.0257,13.1294],[5.0276,13.1279],[5.0316,13.1275],[5.0366,13.1237],[5.0388,13.1193],[5.0414,13.1166],[5.0428,13.1133],[5.0492,13.1081],[5.0546,13.1063],[5.0553,13.0975],[5.0582,13.0935],[5.0627,13.0904],[5.0645,13.0775],[5.0704,13.0714],[5.0771,13.0679],[5.0788,13.0656],[5.0789,13.0606],[5.0803,13.0577],[5.0799,13.0545],[5.0823,13.052],[5.086,13.0498],[5.0935,13.0508],[5.0973,13.0525],[5.1011,13.0526],[5.103,13.0512],[5.1041,13.0407],[5.1008,13.0395],[5.1004,13.0356],[5.1047,13.0355],[5.1144,13.0384],[5.1215,13.0389],[5.1266,13.0408],[5.1284,13.0433],[5.1313,13.044],[5.133,13.0424],[5.1377,13.0425],[5.1394,13.041],[5.1508,13.0448],[5.1519,13.0494],[5.1487,13.0517],[5.1471,13.0573],[5.1458,13.0589],[5.1454,13.0658],[5.1442,13.0742],[5.1426,13.077],[5.1395,13.0755],[5.1352,13.0756],[5.135,13.0785],[5.1321,13.0839],[5.1342,13.0898],[5.1383,13.0881],[5.1433,13.088],[5.1479,13.0927],[5.1471,13.0981],[5.1478,13.1004],[5.1535,13.106],[5.1546,13.1101],[5.1588,13.1137],[5.1604,13.1167],[5.1518,13.1204],[5.1484,13.125],[5.1477,13.1289],[5.1451,13.1358],[5.1453,13.1416],[5.144,13.146],[5.1421,13.1479],[5.1337,13.1524],[5.1262,13.1541],[5.1229,13.1577],[5.1197,13.1579],[5.1145,13.1601],[5.1127,13.162],[5.1053,13.1625],[5.102,13.1641],[5.0992,13.1684],[5.094,13.1714],[5.0869,13.1727],[5.0839,13.1747],[5.0785,13.18],[5.0733,13.1785],[5.0694,13.1757],[5.0696,13.1727],[5.0657,13.1697],[5.0635,13.166],[5.061,13.1642],[5.0601,13.1616],[5.0529,13.158],[5.0478,13.1546],[5.0429,13.1542],[5.0417,13.1504],[5.0383,13.1451],[5.0307,13.1458],[5.0272,13.147],[5.0242,13.141],[5.0163,13.1316]]]},"properties":{"name":"K/KIMBA/GEDEWA","state":"33","code":"33/21/09"}},{"type":"Feature","geometry":{"type":"Polygon","coordinates":[[[4.973,13.1355],[4.9698,13.1348],[4.9658,13.1318],[4.9642,13.1259],[4.9625,13.124],[4.9635,13.1199],[4.962,13.1164],[4.9609,13.1104],[4.9616,13.1055],[4.9636,13.1033],[4.9701,13.0991],[4.9734,13.0961],[4.9746,13.0922],[4.9766,13.0905],[4.9804,13.0918],[4.9913,13.0911],[4.9946,13.0937],[5.0063,13.0827],[5.0086,13.0791],[5.0122,13.0772],[5.0167,13.0773],[5.0133,13.0705],[5.0119,13.0648],[5.0151,13.0626],[5.0174,13.058],[5.0212,13.055],[5.0235,13.0487],[5.0235,13.0441],[5.0291,13.0374],[5.0269,13.0356],[5.02,13.0348],[5.0173,13.0258],[5.0141,13.0243],[5.0127,13.02],[5.0166,13.0189],[5.0192,13.0201],[5.0257,13.0198],[5.0265,13.0168],[5.0308,13.0168],[5.0333,13.0197],[5.0395,13.0111],[5.0401,13.0091],[5.0482,13.0017],[5.046,12.9967],[5.0462,12.9922],[5.0497,12.9909],[5.058,12.9938],[5.0636,12.9938],[5.0647,12.9969],[5.0709,13.0017],[5.0691,13.0063],[5.0666,13.0056],[5.0636,13.0098],[5.0677,13.0173],[5.0683,13.0205],[5.0705,13.0222],[5.0707,13.0254],[5.0681,13.0274],[5.0716,13.029],[5.0725,13.0318],[5.0789,13.0364],[5.0821,13.0419],[5.0824,13.0462],[5.0797,13.0482],[5.0823,13.052],[5.0799,13.0545],[5.0803,13.0577],[5.0789,13.0606],[5.0788,13.0656],[5.0771,13.0679],[5.0704,13.0714],[5.0645,13.0775],[5.0627,13.0904],[5.0582,13.0935],[5.0553,13.0975],[5.0546,13.1063],[5.0492,13.1081],[5.0428,13.1133],[5.0414,13.1166],[5.0388,13.1193],[5.0366,13.1237],[5.0316,13.1275],[5.0276,13.1279],[5.0257,13.1294],[5.0193,13.1304],[5.0163,13.1316],[5.0136,13.1311],[5.0131,13.1274],[5.0114,13.1248],[4.9992,13.1299],[4.9959,13.1329],[4.989,13.132],[4.9836,13.1305],[4.9801,13.1284],[4.973,13.1355]]]},"properties":{"name":"GWAMATSE","state":"33","code":"33/21/10"}},{"type":"Feature","geometry":{"type":"MultiPolygon","coordinates":[[[[5.1257,12.996],[5.1258,13.001],[5.1319,13.0076],[5.1306,13.0149],[5.1248,13.017],[5.1169,13.0181],[5.1058,13.0174],[5.0943,13.0139],[5.091,13.0152],[5.0877,13.0145],[5.0856,13.011],[5.0809,13.0116],[5.0775,13.0084],[5.0691,13.0063],[5.0709,13.0017],[5.0647,12.9969],[5.0636,12.9938],[5.058,12.9938],[5.0497,12.9909],[5.0462,12.9922],[5.046,12.9967],[5.0482,13.0017],[5.0401,13.0091],[5.0395,13.0111],[5.0333,13.0197],[5.0308,13.0168],[5.0265,13.0168],[5.0257,13.0198],[5.0192,13.0201],[5.0166,13.0189],[5.0127,13.02],[5.0099,13.023],[5.0063,13.0223],[5.0042,13.0235],[5.0018,13.022],[5.0016,13.0172],[4.9996,13.0164],[4.996,13.0177],[4.9933,13.0166],[4.9904,13.0191],[4.9853,13.019],[4.9835,13.0209],[4.9778,13.0141],[4.9808,13.005],[4.9805,13],[4.9817,12.9979],[4.983,12.9918],[4.9816,12.9864],[4.9819,12.9826],[4.9851,12.9789],[4.9874,12.9746],[4.9915,12.9725],[4.9952,12.9684],[5.0024,12.9686],[5.0051,12.9651],[5.0056,12.9607],[5.0084,12.9474],[5.0075,12.9441],[5.0088,12.9366],[5.0045,12.933],[5.0086,12.9328],[5.0199,12.9334],[5.0265,12.9343],[5.0285,12.9334],[5.0339,12.9333],[5.0442,12.9386],[5.048,12.9398],[5.0518,12.9448],[5.059,12.9461],[5.0732,12.9493],[5.0787,12.951],[5.0865,12.9513],[5.0926,12.9546],[5.1,12.9708],[5.1091,12.9693],[5.1111,12.9702],[5.1167,12.9691],[5.1191,12.9696],[5.1205,12.9772],[5.1174,12.9799],[5.1172,12.9887],[5.1193,12.9943],[5.1223,12.9975],[5.1257,12.996]]],[[[5.1376,12.8288],[5.1285,12.8268],[5.1254,12.8252],[5.1211,12.826],[5.1121,12.8249],[5.0943,12.8295],[5.0925,12.8249],[5.0929,12.8176],[5.0937,12.8146],[5.0891,12.8139],[5.084,12.8105],[5.0729,12.8097],[5.0712,12.8084],[5.0662,12.808],[5.0648,12.8025],[5.0585,12.7949],[5.0527,12.7906],[5.0509,12.7875],[5.0568,12.7869],[5.0599,12.7858],[5.0641,12.7859],[5.0729,12.7811],[5.0858,12.7791],[5.0937,12.7812],[5.0975,12.7859],[5.0995,12.7869],[5.1158,12.7981],[5.1224,12.8012],[5.1248,12.8048],[5.1268,12.8034],[5.1369,12.8021],[5.147,12.8062],[5.1441,12.8102],[5.1427,12.8207],[5.1368,12.8266],[5.1376,12.8288]]]]},"properties":{"name":"KAMMATA","state":"33","code":"33/21/11"}},{"type":"Feature","geometry":{"type":"Polygon","coordinates":[[[5.4483,13.3019],[5.4424,13.3054],[5.44,13.3052],[5.4352,13.3075],[5.4285,13.3075],[5.4301,13.3042],[5.4294,13.3001],[5.4301,13.2963],[5.4282,13.2936],[5.4237,13.291],[5.4218,13.2922],[5.4224,13.2953],[5.4183,13.2958],[5.4189,13.2893],[5.4168,13.2879],[5.42,13.2788],[5.422,13.2769],[5.4273,13.278],[5.4277,13.2818],[5.4331,13.2877],[5.4331,13.2906],[5.4376,13.2919],[5.4421,13.2898],[5.448,13.2937],[5.4471,13.296],[5.4483,13.3019]]]},"properties":{"name":"MARAFA","state":"33","code":"33/22/01"}},{"type":"Feature","geometry":{"type":"Polygon","coordinates":[[[5.4001,13.2983],[5.4077,13.2932],[5.4168,13.2879],[5.4189,13.2893],[5.4183,13.2958],[5.4224,13.2953],[5.4218,13.2922],[5.4237,13.291],[5.4282,13.2936],[5.4301,13.2963],[5.4294,13.3001],[5.4301,13.3042],[5.4285,13.3075],[5.4264,13.3103],[5.4246,13.3092],[5.4218,13.3124],[5.4168,13.3034],[5.4083,13.304],[5.4001,13.2983]]]},"properties":{"name":"MAGARYA","state":"33","code":"33/22/02"}},{"type":"Feature","geometry":{"type":"Polygon","coordinates":[[[5.3654,13.2518],[5.3646,13.2502],[5.3656,13.2462],[5.368,13.2418],[5.3718,13.2446],[5.3744,13.2453],[5.3831,13.2425],[5.3848,13.2388],[5.3919,13.2321],[5.3941,13.2265],[5.4002,13.228],[5.4027,13.2275],[5.4072,13.229],[5.406,13.2373],[5.404,13.2421],[5.4041,13.2499],[5.4069,13.2496],[5.4165,13.2526],[5.419,13.2525],[5.4229,13.2545],[5.4337,13.2537],[5.4401,13.2548],[5.4422,13.2607],[5.4461,13.2652],[5.4501,13.2707],[5.4519,13.2755],[5.4475,13.2795],[5.4415,13.2872],[5.4421,13.2898],[5.4376,13.2919],[5.4331,13.2906],[5.4331,13.2877],[5.4277,13.2818],[5.4273,13.278],[5.422,13.2769],[5.42,13.2788],[5.4168,13.2879],[5.4077,13.2932],[5.4001,13.2983],[5.3925,13.2942],[5.391,13.2874],[5.388,13.2843],[5.3868,13.2711],[5.3843,13.2649],[5.3781,13.2632],[5.3724,13.2547],[5.3654,13.2518]]]},"properties":{"name":"DANKEMU","state":"33","code":"33/22/03"}},{"type":"Feature","geometry":{"type":"Polygon","coordinates":[[[5.4829,13.364],[5.4811,13.3645],[5.4759,13.3633],[5.4696,13.3591],[5.4631,13.358],[5.4586,13.3546],[5.4541,13.3542],[5.4501,13.3515],[5.4481,13.3487],[5.4493,13.3455],[5.4522,13.3437],[5.4514,13.3405],[5.4486,13.3358],[5.4451,13.3321],[5.4444,13.3279],[5.4472,13.3228],[5.4345,13.3152],[5.4304,13.3167],[5.4283,13.3148],[5.4222,13.3183],[5.4218,13.3124],[5.4246,13.3092],[5.4264,13.3103],[5.4285,13.3075],[5.4352,13.3075],[5.44,13.3052],[5.4424,13.3054],[5.4483,13.3019],[5.4516,13.301],[5.4559,13.3029],[5.4585,13.3054],[5.4635,13.3058],[5.4652,13.3098],[5.4642,13.313],[5.4693,13.3155],[5.4713,13.318],[5.4744,13.3188],[5.4753,13.3229],[5.4784,13.3217],[5.4793,13.3248],[5.4822,13.3257],[5.4833,13.3207],[5.4866,13.321],[5.4892,13.3195],[5.4906,13.3142],[5.496,13.3158],[5.4965,13.3182],[5.5029,13.319],[5.5052,13.3162],[5.5077,13.3157],[5.5093,13.3214],[5.5101,13.3242],[5.5083,13.3282],[5.5054,13.3316],[5.5038,13.3366],[5.4975,13.3372],[5.4939,13.3412],[5.4889,13.3484],[5.4888,13.3514],[5.4854,13.3552],[5.4826,13.3603],[5.4829,13.364]]]},"properties":{"name":"DIMBISO","state":"33","code":"33/22/04"}},{"type":"Feature","geometry":{"type":"Polygon","coordinates":[[[5.4906,13.3142],[5.4892,13.3195],[5.4866,13.321],[5.4833,13.3207],[5.4822,13.3257],[5.4793,13.3248],[5.4784,13.3217],[5.4753,13.3229],[5.4744,13.3188],[5.4713,13.318],[5.4693,13.3155],[5.4642,13.313],[5.4652,13.3098],[5.4635,13.3058],[5.4585,13.3054],[5.4559,13.3029],[5.4516,13.301],[5.4483,13.3019],[5.4471,13.296],[5.448,13.2937],[5.4421,13.2898],[5.4415,13.2872],[5.4475,13.2795],[5.4519,13.2755],[5.4501,13.2707],[5.4461,13.2652],[5.4492,13.2652],[5.4589,13.2625],[5.4615,13.2584],[5.4659,13.2549],[5.4678,13.2506],[5.4691,13.2451],[5.4738,13.2471],[5.4756,13.2503],[5.4807,13.2531],[5.483,13.2569],[5.4856,13.2581],[5.493,13.2531],[5.4934,13.2502],[5.4956,13.2479],[5.4961,13.2435],[5.4977,13.2389],[5.4984,13.2342],[5.5014,13.2326],[5.5116,13.2351],[5.5167,13.2341],[5.5207,13.2348],[5.5274,13.234],[5.5296,13.2388],[5.5307,13.2472],[5.5343,13.2537],[5.5389,13.2522],[5.5453,13.2528],[5.5513,13.2524],[5.5532,13.2552],[5.5578,13.2594],[5.5616,13.2659],[5.5628,13.2694],[5.5659,13.2731],[5.5683,13.2726],[5.573,13.2737],[5.5781,13.2734],[5.5812,13.2746],[5.5845,13.274],[5.5895,13.2761],[5.591,13.282],[5.5901,13.287],[5.5872,13.2908],[5.5804,13.2944],[5.5745,13.2984],[5.5697,13.304],[5.5673,13.3097],[5.5642,13.3088],[5.5615,13.3027],[5.5569,13.3024],[5.5547,13.3044],[5.551,13.304],[5.5476,13.3055],[5.541,13.3055],[5.5355,13.3013],[5.5312,13.3013],[5.5261,13.2979],[5.5264,13.2942],[5.5245,13.2914],[5.5206,13.289],[5.5077,13.2898],[5.5026,13.2854],[5.499,13.2869],[5.4943,13.2855],[5.4893,13.2883],[5.4871,13.292],[5.4874,13.2943],[5.4912,13.3009],[5.4923,13.3042],[5.4906,13.306],[5.4917,13.3087],[5.4906,13.3142]]]},"properties":{"name":"KWARGABA","state":"33","code":"33/22/05"}},{"type":"Feature","geometry":{"type":"Polygon","coordinates":[[[5.5901,13.287],[5.591,13.282],[5.5895,13.2761],[5.5845,13.274],[5.5812,13.2746],[5.5781,13.2734],[5.573,13.2737],[5.5683,13.2726],[5.5659,13.2731],[5.5628,13.2694],[5.5616,13.2659],[5.5578,13.2594],[5.5532,13.2552],[5.5513,13.2524],[5.5453,13.2528],[5.5389,13.2522],[5.5343,13.2537],[5.5307,13.2472],[5.5296,13.2388],[5.5274,13.234],[5.5207,13.2348],[5.5167,13.2341],[5.5116,13.2351],[5.5014,13.2326],[5.4984,13.2342],[5.4977,13.2389],[5.4961,13.2435],[5.4956,13.2479],[5.4934,13.2502],[5.493,13.2531],[5.4856,13.2581],[5.483,13.2569],[5.4807,13.2531],[5.4756,13.2503],[5.4738,13.2471],[5.4691,13.2451],[5.4724,13.2371],[5.4731,13.2275],[5.4697,13.2243],[5.4652,13.2103],[5.4569,13.2065],[5.4549,13.2048],[5.4506,13.2137],[5.4463,13.2141],[5.4348,13.2184],[5.4286,13.2154],[5.4273,13.2135],[5.4282,13.2014],[5.4266,13.1919],[5.4289,13.1885],[5.4375,13.1809],[5.4412,13.1758],[5.4392,13.1735],[5.4339,13.1703],[5.4311,13.1669],[5.4272,13.1648],[5.4192,13.1646],[5.4165,13.1616],[5.4115,13.158],[5.4126,13.1546],[5.4132,13.1453],[5.4191,13.1426],[5.4265,13.1433],[5.4353,13.1431],[5.438,13.1412],[5.4466,13.1462],[5.4469,13.1482],[5.4522,13.1499],[5.4546,13.1521],[5.46,13.1547],[5.4614,13.1623],[5.4662,13.1641],[5.4676,13.1657],[5.4739,13.1687],[5.4773,13.173],[5.4817,13.1712],[5.4853,13.1715],[5.4937,13.1701],[5.5025,13.1706],[5.5059,13.1752],[5.5127,13.1825],[5.5167,13.1846],[5.5208,13.1856],[5.53,13.1899],[5.5335,13.19],[5.5417,13.1954],[5.5507,13.1917],[5.5547,13.1929],[5.5678,13.1916],[5.57,13.1871],[5.5703,13.1824],[5.5741,13.1816],[5.576,13.1775],[5.5735,13.1736],[5.5758,13.1716],[5.5803,13.1742],[5.5839,13.1801],[5.5883,13.1818],[5.5929,13.1812],[5.5944,13.1827],[5.6,13.1838],[5.6059,13.1836],[5.6097,13.1868],[5.6148,13.1887],[5.6159,13.1911],[5.6206,13.1946],[5.6188,13.1965],[5.6145,13.1986],[5.6117,13.2016],[5.6106,13.206],[5.6115,13.2098],[5.614,13.2127],[5.6139,13.2163],[5.6165,13.2177],[5.6153,13.2232],[5.6165,13.2254],[5.6159,13.2288],[5.6181,13.2349],[5.6168,13.2383],[5.6186,13.2431],[5.6337,13.2432],[5.6426,13.2422],[5.6455,13.2445],[5.652,13.247],[5.6613,13.2492],[5.6674,13.2529],[5.6752,13.2506],[5.6835,13.2443],[5.6909,13.2412],[5.7057,13.2477],[5.7101,13.2501],[5.7162,13.2439],[5.723,13.2429],[5.7263,13.2399],[5.73,13.2391],[5.7337,13.2419],[5.7361,13.2396],[5.7382,13.2389],[5.7482,13.2425],[5.7555,13.243],[5.7607,13.2448],[5.7697,13.2433],[5.7744,13.2439],[5.7786,13.2421],[5.7818,13.2445],[5.7861,13.25],[5.7886,13.2506],[5.801,13.246],[5.8085,13.2444],[5.8165,13.2391],[5.8197,13.2345],[5.8197,13.2317],[5.8164,13.2287],[5.8181,13.2249],[5.8236,13.219],[5.8306,13.2198],[5.84,13.2237],[5.8449,13.2264],[5.8543,13.2281],[5.8584,13.2268],[5.864,13.2313],[5.8653,13.235],[5.8673,13.2367],[5.8681,13.2399],[5.8709,13.2434],[5.867,13.2509],[5.8646,13.2566],[5.8594,13.2628],[5.8559,13.2711],[5.8575,13.2758],[5.862,13.2808],[5.8589,13.2817],[5.8549,13.2883],[5.8503,13.2919],[5.8488,13.2955],[5.8424,13.2997],[5.8379,13.2952],[5.8347,13.2943],[5.8312,13.2893],[5.8241,13.289],[5.815,13.2847],[5.8117,13.2839],[5.8069,13.2849],[5.8042,13.2866],[5.7921,13.3022],[5.7891,13.3073],[5.7752,13.3078],[5.7683,13.3034],[5.7527,13.2994],[5.7403,13.2973],[5.7324,13.293],[5.723,13.2897],[5.7086,13.2831],[5.6975,13.2829],[5.6876,13.2854],[5.6796,13.2811],[5.6727,13.2828],[5.6636,13.2889],[5.6602,13.2919],[5.656,13.2935],[5.6466,13.2983],[5.6421,13.2958],[5.6396,13.2923],[5.6334,13.2868],[5.6294,13.2899],[5.6174,13.2962],[5.614,13.2995],[5.6126,13.3055],[5.6116,13.306],[5.6023,13.3023],[5.5994,13.298],[5.6048,13.296],[5.6046,13.2939],[5.5984,13.2939],[5.593,13.2923],[5.5901,13.287]]]},"properties":{"name":"CHACHO/MARNONA","state":"33","code":"33/22/06"}},{"type":"Feature","geometry":{"type":"Polygon","coordinates":[[[5.4072,13.229],[5.4099,13.2267],[5.4068,13.2207],[5.406,13.2153],[5.4037,13.2135],[5.4017,13.2097],[5.3954,13.2066],[5.3929,13.1992],[5.3945,13.1953],[5.3998,13.1953],[5.4063,13.1939],[5.41,13.1939],[5.4127,13.1926],[5.4176,13.1882],[5.424,13.1896],[5.4266,13.1919],[5.4282,13.2014],[5.4273,13.2135],[5.4286,13.2154],[5.4348,13.2184],[5.4463,13.2141],[5.4506,13.2137],[5.4549,13.2048],[5.4569,13.2065],[5.4652,13.2103],[5.4697,13.2243],[5.4731,13.2275],[5.4724,13.2371],[5.4691,13.2451],[5.4678,13.2506],[5.4659,13.2549],[5.4615,13.2584],[5.4589,13.2625],[5.4492,13.2652],[5.4461,13.2652],[5.4422,13.2607],[5.4401,13.2548],[5.4337,13.2537],[5.4229,13.2545],[5.419,13.2525],[5.4165,13.2526],[5.4069,13.2496],[5.4041,13.2499],[5.404,13.2421],[5.406,13.2373],[5.4072,13.229]]]},"properties":{"name":"DINAWA","state":"33","code":"33/22/07"}},{"type":"Feature","geometry":{"type":"Polygon","coordinates":[[[5.4266,13.1919],[5.424,13.1896],[5.4176,13.1882],[5.419,13.1849],[5.414,13.1784],[5.4093,13.1765],[5.4071,13.1771],[5.3973,13.1771],[5.3923,13.1764],[5.3887,13.1792],[5.382,13.1782],[5.3807,13.1725],[5.3772,13.1646],[5.3775,13.163],[5.3828,13.1595],[5.3864,13.1557],[5.3865,13.1526],[5.3919,13.1514],[5.3965,13.1492],[5.4036,13.1472],[5.4061,13.1455],[5.4132,13.1453],[5.4126,13.1546],[5.4115,13.158],[5.4165,13.1616],[5.4192,13.1646],[5.4272,13.1648],[5.4311,13.1669],[5.4339,13.1703],[5.4392,13.1735],[5.4412,13.1758],[5.4375,13.1809],[5.4289,13.1885],[5.4266,13.1919]]]},"properties":{"name":"ACHIDA","state":"33","code":"33/22/08"}},{"type":"Feature","geometry":{"type":"Polygon","coordinates":[[[5.3609,13.1114],[5.3628,13.1145],[5.3697,13.117],[5.3752,13.1211],[5.3763,13.1144],[5.3809,13.1078],[5.3828,13.1078],[5.3858,13.1126],[5.389,13.1149],[5.3974,13.1185],[5.3992,13.1227],[5.4005,13.128],[5.4025,13.13],[5.4015,13.1387],[5.4072,13.1398],[5.4093,13.138],[5.4108,13.1242],[5.4172,13.1205],[5.421,13.1193],[5.4244,13.1198],[5.4299,13.1276],[5.4258,13.1324],[5.4248,13.1355],[5.4204,13.1396],[5.4191,13.1426],[5.4132,13.1453],[5.4061,13.1455],[5.4036,13.1472],[5.3965,13.1492],[5.3919,13.1514],[5.3865,13.1526],[5.3864,13.1557],[5.3828,13.1595],[5.3775,13.163],[5.3707,13.1609],[5.3629,13.1536],[5.358,13.1504],[5.3528,13.1508],[5.3428,13.1471],[5.3419,13.1476],[5.3396,13.144],[5.3399,13.1408],[5.3267,13.1311],[5.3259,13.1263],[5.3266,13.1208],[5.324,13.1159],[5.3312,13.1119],[5.3342,13.1087],[5.3444,13.1047],[5.3496,13.1048],[5.3565,13.1065],[5.3578,13.1101],[5.3609,13.1114]]]},"properties":{"name":"ALKAMMU/GYELGYEL","state":"33","code":"33/22/09"}},{"type":"Feature","geometry":{"type":"Polygon","coordinates":[[[5.3378,13.2036],[5.3386,13.2012],[5.342,13.201],[5.3477,13.1967],[5.348,13.1936],[5.346,13.1884],[5.3473,13.1847],[5.3507,13.1798],[5.3587,13.1784],[5.3605,13.1765],[5.3658,13.1795],[5.3695,13.1858],[5.3709,13.1913],[5.3694,13.1955],[5.3713,13.1975],[5.3724,13.2014],[5.3775,13.2033],[5.3835,13.204],[5.3847,13.2106],[5.3865,13.2142],[5.3875,13.2204],[5.3867,13.2238],[5.3941,13.2265],[5.3919,13.2321],[5.3848,13.2388],[5.3831,13.2425],[5.3744,13.2453],[5.3718,13.2446],[5.368,13.2418],[5.3656,13.2462],[5.3646,13.2502],[5.3654,13.2518],[5.367,13.2542],[5.3676,13.2594],[5.3673,13.2686],[5.3651,13.2711],[5.3633,13.2696],[5.3555,13.267],[5.3527,13.2667],[5.35,13.2616],[5.3461,13.2564],[5.3399,13.2428],[5.3385,13.2406],[5.3367,13.2286],[5.3352,13.2261],[5.3371,13.2178],[5.3391,13.2128],[5.3378,13.2036]]]},"properties":{"name":"LAHODU/G/BANGO","state":"33","code":"33/22/10"}},{"type":"Feature","geometry":{"type":"Polygon","coordinates":[[[5.328,13.1526],[5.3321,13.1512],[5.3371,13.1521],[5.34,13.151],[5.3419,13.1476],[5.3428,13.1471],[5.3528,13.1508],[5.358,13.1504],[5.3629,13.1536],[5.3707,13.1609],[5.3775,13.163],[5.3772,13.1646],[5.3807,13.1725],[5.382,13.1782],[5.3887,13.1792],[5.3923,13.1764],[5.3973,13.1771],[5.4071,13.1771],[5.4093,13.1765],[5.414,13.1784],[5.419,13.1849],[5.4176,13.1882],[5.4127,13.1926],[5.41,13.1939],[5.4063,13.1939],[5.3998,13.1953],[5.3945,13.1953],[5.3929,13.1992],[5.3954,13.2066],[5.4017,13.2097],[5.4037,13.2135],[5.406,13.2153],[5.4068,13.2207],[5.4099,13.2267],[5.4072,13.229],[5.4027,13.2275],[5.4002,13.228],[5.3941,13.2265],[5.3867,13.2238],[5.3875,13.2204],[5.3865,13.2142],[5.3847,13.2106],[5.3835,13.204],[5.3775,13.2033],[5.3724,13.2014],[5.3713,13.1975],[5.3694,13.1955],[5.3709,13.1913],[5.3695,13.1858],[5.3658,13.1795],[5.3605,13.1765],[5.3587,13.1784],[5.3507,13.1798],[5.3454,13.1763],[5.3421,13.1716],[5.3431,13.1688],[5.3369,13.1669],[5.3297,13.1629],[5.3279,13.1593],[5.328,13.1526]]]},"properties":{"name":"KWASARE/SISAWA","state":"33","code":"33/22/11"}},{"type":"Feature","geometry":{"type":"Polygon","coordinates":[[[4.9354,12.6485],[4.9364,12.6504],[4.9342,12.6546],[4.9394,12.6574],[4.9402,12.6612],[4.9441,12.6642],[4.9441,12.6697],[4.9466,12.677],[4.9485,12.68],[4.945,12.6864],[4.9361,12.6859],[4.9273,12.6879],[4.9268,12.6899],[4.93,12.6982],[4.9255,12.7054],[4.9218,12.7089],[4.9195,12.7099],[4.9178,12.7089],[4.9114,12.6986],[4.904,12.6977],[4.9018,12.7026],[4.8943,12.6996],[4.8846,12.6977],[4.8814,12.6929],[4.8807,12.6858],[4.8788,12.6847],[4.8776,12.6827],[4.8761,12.6756],[4.8764,12.6709],[4.8756,12.6675],[4.876,12.6593],[4.8704,12.6505],[4.866,12.6481],[4.8642,12.6437],[4.8663,12.6379],[4.8735,12.633],[4.8751,12.6336],[4.8803,12.6309],[4.8848,12.6297],[4.8979,12.6287],[4.9036,12.6309],[4.9086,12.6357],[4.9153,12.6405],[4.9234,12.6428],[4.9272,12.6396],[4.931,12.6436],[4.9323,12.6461],[4.9354,12.6485]]]},"properties":{"name":"FAKKA","state":"33","code":"33/23/01"}},{"type":"Feature","geometry":{"type":"Polygon","coordinates":[[[5.0035,12.6734],[5.0024,12.6779],[4.9987,12.6838],[4.9986,12.6926],[4.9917,12.6942],[4.989,12.6968],[4.9834,12.6999],[4.9842,12.7031],[4.9837,12.7069],[4.9779,12.7111],[4.9749,12.7111],[4.9718,12.713],[4.9698,12.7208],[4.9678,12.7256],[4.9653,12.7279],[4.9731,12.7378],[4.9742,12.7468],[4.9709,12.7523],[4.9708,12.7589],[4.9692,12.762],[4.9644,12.7674],[4.9642,12.7694],[4.9596,12.7718],[4.9526,12.7704],[4.946,12.7702],[4.9432,12.7687],[4.938,12.7687],[4.9326,12.7677],[4.921,12.7691],[4.9171,12.7663],[4.9114,12.7643],[4.9049,12.7636],[4.9051,12.7611],[4.9103,12.7568],[4.9135,12.748],[4.9132,12.7461],[4.9162,12.7404],[4.9148,12.7338],[4.9157,12.7259],[4.9215,12.7194],[4.9198,12.7149],[4.9195,12.7099],[4.9218,12.7089],[4.9255,12.7054],[4.93,12.6982],[4.9268,12.6899],[4.9273,12.6879],[4.9361,12.6859],[4.945,12.6864],[4.9485,12.68],[4.9466,12.677],[4.9441,12.6697],[4.9441,12.6642],[4.9402,12.6612],[4.9394,12.6574],[4.9342,12.6546],[4.9364,12.6504],[4.9354,12.6485],[4.9369,12.6463],[4.9397,12.6457],[4.9436,12.6412],[4.943,12.6318],[4.9463,12.6244],[4.9459,12.6221],[4.9504,12.6121],[4.9568,12.6087],[4.9585,12.61],[4.9585,12.6178],[4.9615,12.6304],[4.9643,12.6341],[4.968,12.6374],[4.9703,12.6413],[4.9699,12.6521],[4.9729,12.6563],[4.976,12.6568],[4.9781,12.6594],[4.9821,12.6592],[4.9916,12.6623],[5.0022,12.668],[5.0035,12.6734]]]},"properties":{"name":"BINGAJE","state":"33","code":"33/23/02"}},{"type":"Feature","geometry":{"type":"Polygon","coordinates":[[[4.8036,12.8031],[4.8084,12.8],[4.8124,12.7901],[4.8177,12.7827],[4.8202,12.7819],[4.8227,12.7758],[4.8288,12.7746],[4.8326,12.7757],[4.8374,12.7753],[4.8407,12.778],[4.845,12.7797],[4.8489,12.7788],[4.8544,12.7802],[4.86,12.7799],[4.8633,12.7786],[4.8733,12.779],[4.8785,12.7776],[4.8817,12.7752],[4.887,12.7757],[4.8903,12.7729],[4.8945,12.7719],[4.9002,12.7656],[4.9049,12.7636],[4.9114,12.7643],[4.9171,12.7663],[4.921,12.7691],[4.9206,12.7736],[4.9217,12.7756],[4.9241,12.7865],[4.9233,12.7925],[4.9238,12.7981],[4.9219,12.8044],[4.9145,12.8158],[4.9119,12.8183],[4.9068,12.8205],[4.9064,12.8251],[4.9124,12.8354],[4.9146,12.8341],[4.919,12.8289],[4.9227,12.8273],[4.9253,12.8316],[4.9216,12.8352],[4.9203,12.8396],[4.9179,12.8431],[4.9184,12.8483],[4.9155,12.853],[4.9154,12.8584],[4.9118,12.8587],[4.9087,12.8632],[4.9069,12.8705],[4.9047,12.874],[4.9054,12.8777],[4.9021,12.8795],[4.8964,12.8866],[4.8873,12.887],[4.8803,12.888],[4.8744,12.8913],[4.872,12.8911],[4.8714,12.8879],[4.8694,12.8854],[4.8683,12.8817],[4.8598,12.8761],[4.8577,12.8761],[4.8482,12.8721],[4.8425,12.871],[4.834,12.8712],[4.8269,12.8743],[4.8223,12.8746],[4.8197,12.8768],[4.8115,12.8793],[4.8049,12.8792],[4.7993,12.8742],[4.7939,12.8745],[4.7905,12.8728],[4.7866,12.8737],[4.7854,12.8714],[4.7751,12.8632],[4.7702,12.8608],[4.7743,12.8557],[4.8068,12.8195],[4.8063,12.8042],[4.8036,12.8031]]]},"properties":{"name":"BINJI","state":"33","code":"33/23/03"}},{"type":"Feature","geometry":{"type":"Polygon","coordinates":[[[4.7702,12.7891],[4.7603,12.7725],[4.7572,12.7646],[4.7529,12.7567],[4.7465,12.7432],[4.7518,12.7421],[4.754,12.7453],[4.7626,12.7508],[4.7733,12.7528],[4.7776,12.7553],[4.7869,12.7567],[4.7899,12.7545],[4.7926,12.7546],[4.7946,12.7501],[4.794,12.7463],[4.7973,12.7423],[4.8004,12.7445],[4.8061,12.7462],[4.8102,12.749],[4.8127,12.7394],[4.8157,12.7374],[4.8211,12.7381],[4.8266,12.7412],[4.8309,12.7409],[4.8331,12.7396],[4.8351,12.7355],[4.8364,12.7301],[4.8431,12.72],[4.8483,12.7221],[4.8531,12.7226],[4.8622,12.7263],[4.8742,12.7229],[4.8803,12.7231],[4.8791,12.7178],[4.8794,12.7125],[4.8779,12.7089],[4.8816,12.7027],[4.8844,12.6999],[4.8846,12.6977],[4.8943,12.6996],[4.9018,12.7026],[4.904,12.6977],[4.9114,12.6986],[4.9178,12.7089],[4.9195,12.7099],[4.9198,12.7149],[4.9215,12.7194],[4.9157,12.7259],[4.9148,12.7338],[4.9162,12.7404],[4.9132,12.7461],[4.9135,12.748],[4.9103,12.7568],[4.9051,12.7611],[4.9049,12.7636],[4.9002,12.7656],[4.8945,12.7719],[4.8903,12.7729],[4.887,12.7757],[4.8817,12.7752],[4.8785,12.7776],[4.8733,12.779],[4.8633,12.7786],[4.86,12.7799],[4.8544,12.7802],[4.8489,12.7788],[4.845,12.7797],[4.8407,12.778],[4.8374,12.7753],[4.8326,12.7757],[4.8288,12.7746],[4.8227,12.7758],[4.8202,12.7819],[4.8177,12.7827],[4.8124,12.7901],[4.8084,12.8],[4.8036,12.8031],[4.7884,12.7969],[4.7758,12.7903],[4.7702,12.7891]]]},"properties":{"name":"TORANKAWA","state":"33","code":"33/23/04"}},{"type":"Feature","geometry":{"type":"Polygon","coordinates":[[[5.0858,12.7791],[5.0729,12.7811],[5.0641,12.7859],[5.0599,12.7858],[5.0568,12.7869],[5.0509,12.7875],[5.0442,12.7831],[5.0379,12.7818],[5.0332,12.7781],[5.0294,12.7766],[5.031,12.7709],[5.0284,12.7613],[5.0296,12.7517],[5.0276,12.7468],[5.0258,12.7449],[5.0253,12.741],[5.0278,12.7375],[5.0354,12.7217],[5.0333,12.7191],[5.0427,12.713],[5.0437,12.7091],[5.0463,12.7052],[5.0461,12.7024],[5.0491,12.6987],[5.0464,12.6961],[5.0467,12.6929],[5.0446,12.6882],[5.0468,12.6859],[5.0544,12.6822],[5.0584,12.6791],[5.062,12.6724],[5.0715,12.6698],[5.0757,12.6654],[5.0791,12.6675],[5.0813,12.6673],[5.0858,12.6692],[5.0906,12.667],[5.0958,12.6681],[5.0951,12.6732],[5.0944,12.6764],[5.0977,12.6808],[5.0978,12.6857],[5.0941,12.6896],[5.0852,12.6925],[5.0818,12.6943],[5.082,12.6973],[5.0791,12.7077],[5.0761,12.714],[5.0783,12.7217],[5.0818,12.7231],[5.0827,12.7302],[5.0856,12.7347],[5.088,12.7354],[5.0918,12.7339],[5.0932,12.7362],[5.0997,12.7365],[5.102,12.7383],[5.101,12.7408],[5.0982,12.7434],[5.0972,12.7464],[5.0914,12.7471],[5.0907,12.7509],[5.0968,12.7526],[5.0956,12.7562],[5.0931,12.7586],[5.0878,12.7591],[5.0845,12.764],[5.0842,12.7702],[5.0857,12.7748],[5.0858,12.7791]]]},"properties":{"name":"RUGGAR IYA","state":"33","code":"33/23/05"}},{"type":"Feature","geometry":{"type":"Polygon","coordinates":[[[5.0446,12.6882],[5.0467,12.6929],[5.0464,12.6961],[5.0491,12.6987],[5.0461,12.7024],[5.0463,12.7052],[5.0437,12.7091],[5.0427,12.713],[5.0333,12.7191],[5.0354,12.7217],[5.0278,12.7375],[5.0253,12.741],[5.0258,12.7449],[5.0276,12.7468],[5.0296,12.7517],[5.009,12.7465],[5.0075,12.7459],[5.0073,12.7385],[5.0081,12.7298],[5.0078,12.7244],[5.0053,12.7257],[4.9981,12.725],[4.9959,12.7204],[5.0038,12.7195],[5.0136,12.7204],[5.0158,12.7212],[5.021,12.7204],[5.0235,12.7178],[5.0234,12.7135],[5.0167,12.7105],[5.0088,12.7086],[5.0069,12.7053],[5.0062,12.7003],[5.0005,12.6971],[4.9986,12.6926],[4.9987,12.6838],[5.0024,12.6779],[5.0035,12.6734],[5.0095,12.6731],[5.0137,12.6711],[5.0225,12.6703],[5.0264,12.667],[5.0304,12.6654],[5.0354,12.6652],[5.0396,12.6641],[5.0417,12.6665],[5.0411,12.6721],[5.043,12.6782],[5.0431,12.6826],[5.0446,12.6882]]]},"properties":{"name":"YABO 'A'","state":"33","code":"33/23/06"}},{"type":"Feature","geometry":{"type":"Polygon","coordinates":[[[4.9986,12.6926],[5.0005,12.6971],[5.0062,12.7003],[5.0069,12.7053],[5.0088,12.7086],[5.0167,12.7105],[5.0234,12.7135],[5.0235,12.7178],[5.021,12.7204],[5.0158,12.7212],[5.0136,12.7204],[5.0038,12.7195],[4.9959,12.7204],[4.9981,12.725],[5.0053,12.7257],[5.0078,12.7244],[5.0081,12.7298],[5.0073,12.7385],[5.0075,12.7459],[5.009,12.7465],[5.0296,12.7517],[5.0284,12.7613],[5.031,12.7709],[5.0294,12.7766],[5.0207,12.7793],[5.016,12.7821],[5.0108,12.7823],[5.0022,12.7806],[4.993,12.7816],[4.9874,12.7799],[4.9786,12.7782],[4.9733,12.7784],[4.9684,12.7719],[4.9642,12.7694],[4.9644,12.7674],[4.9692,12.762],[4.9708,12.7589],[4.9709,12.7523],[4.9742,12.7468],[4.9731,12.7378],[4.9653,12.7279],[4.9678,12.7256],[4.9698,12.7208],[4.9718,12.713],[4.9749,12.7111],[4.9779,12.7111],[4.9837,12.7069],[4.9842,12.7031],[4.9834,12.6999],[4.989,12.6968],[4.9917,12.6942],[4.9986,12.6926]]]},"properties":{"name":"YABO 'B'","state":"33","code":"33/23/07"}},{"type":"Feature","geometry":{"type":"Polygon","coordinates":[[[5.0661,12.8373],[5.0336,12.8475],[5.0362,12.8509],[5.0375,12.8574],[5.0288,12.8596],[5.0255,12.8623],[5.0227,12.8662],[5.0181,12.8653],[5.0107,12.862],[5.0071,12.8616],[5.0064,12.8586],[5.0039,12.8567],[5.0031,12.8533],[4.9999,12.8513],[4.9973,12.8537],[4.9919,12.8513],[4.9914,12.8492],[4.993,12.8464],[4.9942,12.8414],[4.9915,12.8409],[4.9843,12.8427],[4.9807,12.8427],[4.978,12.8452],[4.9718,12.8416],[4.9668,12.8366],[4.9623,12.8354],[4.9557,12.836],[4.9503,12.8343],[4.9498,12.8295],[4.9523,12.8231],[4.9558,12.8203],[4.9561,12.8152],[4.961,12.8094],[4.9641,12.8071],[4.965,12.8025],[4.9647,12.7939],[4.9697,12.7886],[4.9725,12.783],[4.9733,12.7784],[4.9786,12.7782],[4.9874,12.7799],[4.993,12.7816],[5.0022,12.7806],[5.0108,12.7823],[5.016,12.7821],[5.0207,12.7793],[5.0294,12.7766],[5.0332,12.7781],[5.0379,12.7818],[5.0442,12.7831],[5.0509,12.7875],[5.0527,12.7906],[5.0585,12.7949],[5.0648,12.8025],[5.0662,12.808],[5.0653,12.8135],[5.0668,12.8168],[5.067,12.8215],[5.0618,12.8302],[5.0651,12.8338],[5.0661,12.8373]]]},"properties":{"name":"KILGORI","state":"33","code":"33/23/08"}},{"type":"Feature","geometry":{"type":"Polygon","coordinates":[[[5.1045,12.8526],[5.1025,12.8572],[5.1003,12.8595],[5.0995,12.8633],[5.094,12.861],[5.0886,12.8665],[5.0844,12.8747],[5.08,12.8791],[5.0797,12.8835],[5.0821,12.8861],[5.086,12.8927],[5.086,12.8946],[5.0864,12.8979],[5.0836,12.904],[5.0778,12.9075],[5.0643,12.9138],[5.0576,12.9161],[5.0509,12.9211],[5.0466,12.923],[5.0458,12.9265],[5.0377,12.9305],[5.0387,12.921],[5.0377,12.9186],[5.0379,12.9138],[5.0368,12.9081],[5.038,12.9011],[5.0368,12.8986],[5.0369,12.8929],[5.0361,12.8898],[5.0367,12.8857],[5.0342,12.8733],[5.0376,12.8698],[5.0365,12.8639],[5.0387,12.8587],[5.0375,12.8574],[5.0362,12.8509],[5.0336,12.8475],[5.0661,12.8373],[5.067,12.8397],[5.0731,12.8419],[5.0762,12.8448],[5.0801,12.8451],[5.0847,12.8438],[5.09,12.8452],[5.0935,12.8482],[5.0965,12.8494],[5.0997,12.8475],[5.1045,12.8526]]]},"properties":{"name":"BIRNIRUWA","state":"33","code":"33/23/09"}},{"type":"Feature","geometry":{"type":"Polygon","coordinates":[[[5.0339,12.9333],[5.0285,12.9334],[5.0265,12.9343],[5.0199,12.9334],[5.0086,12.9328],[5.0045,12.933],[5.0029,12.9331],[4.9875,12.9307],[4.9807,12.929],[4.9699,12.9301],[4.9603,12.9327],[4.9547,12.9335],[4.9485,12.9336],[4.9437,12.933],[4.939,12.9333],[4.9315,12.9364],[4.926,12.937],[4.9171,12.9356],[4.9106,12.9271],[4.9104,12.924],[4.9065,12.9241],[4.8999,12.9206],[4.8946,12.9164],[4.8905,12.9161],[4.8873,12.9182],[4.8845,12.9181],[4.8814,12.9153],[4.8762,12.9123],[4.873,12.9144],[4.8699,12.9123],[4.8711,12.9067],[4.8702,12.8996],[4.872,12.8911],[4.8744,12.8913],[4.8803,12.888],[4.8873,12.887],[4.8964,12.8866],[4.9021,12.8795],[4.9054,12.8777],[4.9047,12.874],[4.9069,12.8705],[4.9087,12.8632],[4.9118,12.8587],[4.9154,12.8584],[4.9155,12.853],[4.9184,12.8483],[4.9179,12.8431],[4.9203,12.8396],[4.9216,12.8352],[4.9253,12.8316],[4.9227,12.8273],[4.919,12.8289],[4.9146,12.8341],[4.9124,12.8354],[4.9064,12.8251],[4.9068,12.8205],[4.9119,12.8183],[4.9145,12.8158],[4.9219,12.8044],[4.9238,12.7981],[4.9233,12.7925],[4.9241,12.7865],[4.9217,12.7756],[4.9206,12.7736],[4.921,12.7691],[4.9326,12.7677],[4.938,12.7687],[4.9432,12.7687],[4.946,12.7702],[4.9526,12.7704],[4.9596,12.7718],[4.9642,12.7694],[4.9684,12.7719],[4.9733,12.7784],[4.9725,12.783],[4.9697,12.7886],[4.9647,12.7939],[4.965,12.8025],[4.9641,12.8071],[4.961,12.8094],[4.9561,12.8152],[4.9558,12.8203],[4.9523,12.8231],[4.9498,12.8295],[4.9503,12.8343],[4.9557,12.836],[4.9623,12.8354],[4.9668,12.8366],[4.9718,12.8416],[4.978,12.8452],[4.9807,12.8427],[4.9843,12.8427],[4.9915,12.8409],[4.9942,12.8414],[4.993,12.8464],[4.9914,12.8492],[4.9919,12.8513],[4.9973,12.8537],[4.9999,12.8513],[5.0031,12.8533],[5.0039,12.8567],[5.0064,12.8586],[5.0071,12.8616],[5.0107,12.862],[5.0181,12.8653],[5.0227,12.8662],[5.0255,12.8623],[5.0288,12.8596],[5.0375,12.8574],[5.0387,12.8587],[5.0365,12.8639],[5.0376,12.8698],[5.0342,12.8733],[5.0367,12.8857],[5.0361,12.8898],[5.0369,12.8929],[5.0368,12.8986],[5.038,12.9011],[5.0368,12.9081],[5.0379,12.9138],[5.0377,12.9186],[5.0387,12.921],[5.0377,12.9305],[5.0339,12.9333]]]},"properties":{"name":"BAKALE","state":"33","code":"33/23/10"}}]}