{"type":"FeatureCollection","features":[{"type":"Feature","geometry":{"type":"Polygon","coordinates":[[[5.9724,11.9909],[5.9388,12.0102],[5.9225,12.0026],[5.9223,12.003],[5.9214,12.002],[5.9205,11.9958],[5.9228,11.9923],[5.9219,11.9892],[5.9194,11.9892],[5.9187,11.9825],[5.8986,11.9681],[5.8935,11.966],[5.8853,11.9636],[5.8626,11.96],[5.837,11.9588],[5.8402,11.9446],[5.843,11.9339],[5.8511,11.8959],[5.8547,11.8878],[5.8673,11.87],[5.8796,11.8581],[5.884,11.8544],[5.8908,11.8412],[5.8959,11.8306],[5.9091,11.8113],[5.9415,11.7815],[5.9427,11.7817],[5.9538,11.787],[5.9748,11.7883],[6.0541,11.7926],[6.0642,11.8097],[6.0669,11.8121],[6.08,11.8121],[6.0849,11.8082],[6.0969,11.8067],[6.1124,11.8072],[6.1206,11.8087],[6.129,11.8121],[6.1321,11.8124],[6.1347,11.8092],[6.1337,11.8045],[6.1347,11.802],[6.1346,11.797],[6.1366,11.7937],[6.1418,11.7905],[6.1504,11.7882],[6.1581,11.7873],[6.1622,11.7875],[6.1688,11.7867],[6.1751,11.7852],[6.1785,11.7834],[6.1891,11.7797],[6.2057,11.7746],[6.2189,11.7793],[6.242,11.7786],[6.2605,11.7778],[6.2754,11.7791],[6.2836,11.7818],[6.2884,11.7858],[6.2906,11.7892],[6.2904,11.7911],[6.2926,11.7948],[6.2984,11.7994],[6.3056,11.7996],[6.3081,11.8028],[6.3063,11.8063],[6.3066,11.8111],[6.3053,11.8142],[6.3021,11.8159],[6.298,11.8236],[6.2977,11.8295],[6.2918,11.8342],[6.2898,11.8426],[6.2779,11.8567],[6.277,11.8604],[6.2736,11.8652],[6.2748,11.8698],[6.2746,11.8737],[6.2719,11.8769],[6.2644,11.8803],[6.2583,11.889],[6.2503,11.8906],[6.2481,11.8979],[6.2454,11.8988],[6.241,11.903],[6.24,11.9055],[6.2355,11.9117],[6.232,11.9193],[6.2314,11.9237],[6.2329,11.9303],[6.2307,11.9359],[6.2305,11.9385],[6.2269,11.9417],[6.2215,11.9446],[6.2197,11.9487],[6.2154,11.9507],[6.2128,11.9581],[6.2127,11.9629],[6.2139,11.9685],[6.2148,11.9792],[6.2144,11.9824],[6.2123,11.9857],[6.2121,11.9856],[6.0891,11.9435],[6.0857,11.9448],[6.0783,11.9463],[6.0727,11.9484],[6.0614,11.9592],[6.0418,11.9594],[6.0163,11.958],[5.9918,11.9584],[5.9724,11.9909]]]},"properties":{"name":"BAGEGA","state":"36","code":"36/01/01"}},{"type":"Feature","geometry":{"type":"Polygon","coordinates":[[[5.7709,12.2678],[5.7599,12.2818],[5.7562,12.2854],[5.7496,12.2889],[5.749,12.2726],[5.7518,12.254],[5.739,12.2486],[5.7225,12.2427],[5.7258,12.2228],[5.7247,12.2077],[5.7231,12.1806],[5.7211,12.1603],[5.7189,12.1594],[5.7142,12.1498],[5.7082,12.143],[5.7047,12.1406],[5.698,12.1375],[5.6957,12.1372],[5.6857,12.1427],[5.6788,12.141],[5.6819,12.1305],[5.6875,12.1247],[5.6941,12.1211],[5.6939,12.0889],[5.7083,12.0891],[5.7127,12.1182],[5.7185,12.1217],[5.7418,12.1322],[5.7438,12.1334],[5.7512,12.129],[5.7596,12.1264],[5.7679,12.1244],[5.7709,12.1265],[5.78,12.1297],[5.7913,12.1306],[5.7977,12.1303],[5.8019,12.1322],[5.8079,12.1313],[5.8091,12.144],[5.7945,12.1717],[5.7915,12.1904],[5.7859,12.2159],[5.7849,12.2363],[5.7835,12.2376],[5.7794,12.2375],[5.7715,12.2482],[5.7804,12.2527],[5.7709,12.2678]]]},"properties":{"name":"BARAYAR-ZAKI","state":"36","code":"36/01/02"}},{"type":"Feature","geometry":{"type":"Polygon","coordinates":[[[5.9223,12.003],[5.9243,12.014],[5.9178,12.0189],[5.9162,12.0228],[5.9174,12.0239],[5.9178,12.0317],[5.9162,12.0333],[5.9177,12.0383],[5.9179,12.0424],[5.9164,12.0447],[5.9176,12.0478],[5.9169,12.0576],[5.9179,12.0621],[5.9173,12.0644],[5.9195,12.0694],[5.9199,12.0725],[5.9227,12.0777],[5.9256,12.0805],[5.9252,12.0843],[5.928,12.0907],[5.931,12.0952],[5.9296,12.1012],[5.9296,12.1047],[5.9317,12.1064],[5.9311,12.1087],[5.9279,12.1081],[5.9258,12.1142],[5.9235,12.1157],[5.9229,12.1172],[5.9183,12.1183],[5.9157,12.1168],[5.9126,12.1175],[5.906,12.1133],[5.9041,12.114],[5.9012,12.0988],[5.8963,12.0896],[5.895,12.0857],[5.8899,12.0784],[5.8788,12.0684],[5.8754,12.0649],[5.8728,12.0606],[5.8744,12.0556],[5.8705,12.055],[5.8674,12.0485],[5.8611,12.0204],[5.8588,12.0167],[5.839,12.0013],[5.8345,11.9994],[5.8246,12.0002],[5.8343,11.9672],[5.837,11.9588],[5.8626,11.96],[5.8853,11.9636],[5.8935,11.966],[5.8986,11.9681],[5.9187,11.9825],[5.9194,11.9892],[5.9219,11.9892],[5.9228,11.9923],[5.9205,11.9958],[5.9214,12.002],[5.9223,12.003]]]},"properties":{"name":"DAN GALADIMA","state":"36","code":"36/01/03"}},{"type":"Feature","geometry":{"type":"Polygon","coordinates":[[[5.9235,12.1157],[5.9301,12.1182],[5.9356,12.1153],[5.9404,12.1166],[5.9483,12.1161],[5.9534,12.1216],[5.9566,12.1198],[5.9585,12.1214],[5.9583,12.1262],[5.9547,12.1288],[5.9524,12.1276],[5.9446,12.1276],[5.9412,12.1318],[5.9334,12.1383],[5.9297,12.1403],[5.927,12.1435],[5.9177,12.1405],[5.9135,12.1381],[5.9105,12.138],[5.911,12.1478],[5.9118,12.1521],[5.9074,12.1594],[5.9078,12.1658],[5.9038,12.1778],[5.9023,12.1837],[5.9007,12.1868],[5.9009,12.1958],[5.8966,12.2148],[5.8973,12.2252],[5.8966,12.2314],[5.8938,12.2343],[5.8924,12.2434],[5.8925,12.2489],[5.8891,12.2638],[5.8899,12.2692],[5.8888,12.2816],[5.8878,12.287],[5.8863,12.3139],[5.8676,12.3164],[5.8656,12.3169],[5.8651,12.3157],[5.841,12.2931],[5.8315,12.2728],[5.8235,12.2625],[5.8291,12.245],[5.8336,12.2244],[5.8386,12.2219],[5.8414,12.2189],[5.8353,12.21],[5.8392,12.2043],[5.8413,12.1978],[5.846,12.1924],[5.845,12.1887],[5.8474,12.1785],[5.8491,12.1754],[5.852,12.1664],[5.8552,12.1635],[5.8582,12.1567],[5.8668,12.1449],[5.8707,12.1409],[5.8711,12.139],[5.8762,12.1378],[5.8798,12.1348],[5.8887,12.1295],[5.8914,12.1269],[5.8969,12.1198],[5.9041,12.114],[5.906,12.1133],[5.9126,12.1175],[5.9157,12.1168],[5.9183,12.1183],[5.9229,12.1172],[5.9235,12.1157]]]},"properties":{"name":"GALADIMA","state":"36","code":"36/01/04"}},{"type":"Feature","geometry":{"type":"Polygon","coordinates":[[[5.9724,11.9909],[5.9929,12.0115],[5.9979,12.0144],[6.0018,12.0184],[6.0085,12.0329],[6.0201,12.0756],[6.0221,12.0774],[6.0191,12.0783],[6.0197,12.0823],[6.0173,12.0886],[6.0102,12.0983],[6.0055,12.0996],[5.9975,12.107],[5.9808,12.1126],[5.9754,12.1134],[5.9691,12.1125],[5.964,12.1153],[5.9625,12.1208],[5.9585,12.1214],[5.9566,12.1198],[5.9534,12.1216],[5.9483,12.1161],[5.9404,12.1166],[5.9356,12.1153],[5.9301,12.1182],[5.9235,12.1157],[5.9258,12.1142],[5.9279,12.1081],[5.9311,12.1087],[5.9317,12.1064],[5.9296,12.1047],[5.9296,12.1012],[5.931,12.0952],[5.928,12.0907],[5.9252,12.0843],[5.9256,12.0805],[5.9227,12.0777],[5.9199,12.0725],[5.9195,12.0694],[5.9173,12.0644],[5.9179,12.0621],[5.9169,12.0576],[5.9176,12.0478],[5.9164,12.0447],[5.9179,12.0424],[5.9177,12.0383],[5.9162,12.0333],[5.9178,12.0317],[5.9174,12.0239],[5.9162,12.0228],[5.9178,12.0189],[5.9243,12.014],[5.9223,12.003],[5.9225,12.0026],[5.9388,12.0102],[5.9724,11.9909]]]},"properties":{"name":"MAGAJI","state":"36","code":"36/01/05"}},{"type":"Feature","geometry":{"type":"Polygon","coordinates":[[[5.7083,12.0891],[5.7377,12.088],[5.7392,12.0822],[5.7381,12.07],[5.74,12.0632],[5.7397,12.0597],[5.7436,12.0497],[5.7471,12.0461],[5.7651,12.0344],[5.7755,12.0319],[5.8034,12.0235],[5.819,12.0193],[5.8246,12.0002],[5.8345,11.9994],[5.839,12.0013],[5.8588,12.0167],[5.8611,12.0204],[5.8674,12.0485],[5.8705,12.055],[5.8744,12.0556],[5.8728,12.0606],[5.8754,12.0649],[5.8788,12.0684],[5.8899,12.0784],[5.895,12.0857],[5.8963,12.0896],[5.8916,12.09],[5.8832,12.0919],[5.8777,12.0973],[5.8642,12.1143],[5.8605,12.116],[5.8433,12.1209],[5.8338,12.1255],[5.8268,12.128],[5.8226,12.1312],[5.8191,12.1294],[5.8079,12.1313],[5.8019,12.1322],[5.7977,12.1303],[5.7913,12.1306],[5.78,12.1297],[5.7709,12.1265],[5.7679,12.1244],[5.7596,12.1264],[5.7512,12.129],[5.7438,12.1334],[5.7418,12.1322],[5.7185,12.1217],[5.7127,12.1182],[5.7083,12.0891]]]},"properties":{"name":"MATSERI","state":"36","code":"36/01/06"}},{"type":"Feature","geometry":{"type":"Polygon","coordinates":[[[5.9427,11.7817],[5.9421,11.781],[5.9487,11.7684],[5.9448,11.7628],[5.9427,11.731],[5.9211,11.6957],[5.9144,11.677],[5.9121,11.6661],[5.912,11.6587],[5.9109,11.6514],[5.9113,11.6445],[5.9129,11.6355],[5.9176,11.6388],[5.9219,11.6388],[5.9319,11.642],[5.935,11.6416],[5.94,11.6429],[5.9531,11.6366],[5.9582,11.6403],[5.961,11.6405],[5.967,11.6386],[5.9727,11.634],[5.9779,11.6416],[5.9798,11.6431],[5.9832,11.6407],[5.9857,11.6409],[5.9843,11.6457],[5.9819,11.6485],[5.9799,11.6526],[5.9803,11.6556],[5.9831,11.6559],[5.9833,11.6586],[5.986,11.6603],[5.9896,11.6642],[5.9919,11.6697],[5.9934,11.6708],[5.9989,11.6667],[6.0026,11.6663],[6.0042,11.6684],[6.0104,11.6658],[6.0115,11.6718],[6.0141,11.6725],[6.0155,11.6704],[6.0143,11.6666],[6.0168,11.6653],[6.0201,11.6603],[6.024,11.6629],[6.0256,11.6661],[6.0297,11.6623],[6.0343,11.6638],[6.0428,11.6644],[6.047,11.6669],[6.052,11.6719],[6.0554,11.6721],[6.0594,11.6709],[6.0605,11.6665],[6.068,11.6561],[6.0736,11.6526],[6.0763,11.6539],[6.0783,11.6521],[6.0808,11.654],[6.0821,11.6516],[6.0852,11.6522],[6.0929,11.65],[6.0965,11.6482],[6.1014,11.6513],[6.1041,11.649],[6.1033,11.6467],[6.1038,11.6416],[6.1018,11.6387],[6.1023,11.6366],[6.1068,11.6352],[6.1093,11.6362],[6.114,11.6359],[6.1144,11.6402],[6.1169,11.6418],[6.1209,11.6405],[6.1233,11.6379],[6.123,11.6356],[6.1266,11.6318],[6.1287,11.6267],[6.1311,11.6278],[6.1339,11.631],[6.1361,11.6269],[6.1398,11.6254],[6.1381,11.6234],[6.1386,11.6204],[6.1424,11.6171],[6.1454,11.6165],[6.1451,11.6142],[6.1484,11.6131],[6.1544,11.6129],[6.1563,11.6114],[6.1625,11.6144],[6.1631,11.6179],[6.1623,11.6217],[6.1639,11.6263],[6.1675,11.6292],[6.168,11.632],[6.1749,11.6366],[6.1795,11.6416],[6.1866,11.6429],[6.1932,11.642],[6.1969,11.6424],[6.1981,11.6408],[6.2027,11.6415],[6.206,11.6383],[6.2082,11.639],[6.2137,11.6355],[6.2162,11.6385],[6.2163,11.6409],[6.2221,11.6448],[6.2248,11.6408],[6.2288,11.6404],[6.229,11.6454],[6.2307,11.6495],[6.2341,11.6486],[6.2401,11.6497],[6.2438,11.6528],[6.2466,11.6562],[6.2497,11.6527],[6.2534,11.6531],[6.2552,11.657],[6.2561,11.6594],[6.2443,11.6894],[6.2496,11.7167],[6.2667,11.7465],[6.2707,11.7554],[6.2735,11.7642],[6.2836,11.7818],[6.2754,11.7791],[6.2605,11.7778],[6.242,11.7786],[6.2189,11.7793],[6.2057,11.7746],[6.1891,11.7797],[6.1785,11.7834],[6.1751,11.7852],[6.1688,11.7867],[6.1622,11.7875],[6.1581,11.7873],[6.1504,11.7882],[6.1418,11.7905],[6.1366,11.7937],[6.1346,11.797],[6.1347,11.802],[6.1337,11.8045],[6.1347,11.8092],[6.1321,11.8124],[6.129,11.8121],[6.1206,11.8087],[6.1124,11.8072],[6.0969,11.8067],[6.0849,11.8082],[6.08,11.8121],[6.0669,11.8121],[6.0642,11.8097],[6.0541,11.7926],[5.9748,11.7883],[5.9538,11.787],[5.9427,11.7817]]]},"properties":{"name":"SABON BIRINI","state":"36","code":"36/01/07"}},{"type":"Feature","geometry":{"type":"Polygon","coordinates":[[[5.8079,12.1313],[5.8191,12.1294],[5.8226,12.1312],[5.8268,12.128],[5.8338,12.1255],[5.8433,12.1209],[5.8605,12.116],[5.8642,12.1143],[5.8777,12.0973],[5.8832,12.0919],[5.8916,12.09],[5.8963,12.0896],[5.9012,12.0988],[5.9041,12.114],[5.8969,12.1198],[5.8914,12.1269],[5.8887,12.1295],[5.8798,12.1348],[5.8762,12.1378],[5.8711,12.139],[5.8707,12.1409],[5.8668,12.1449],[5.8582,12.1567],[5.8552,12.1635],[5.852,12.1664],[5.8491,12.1754],[5.8474,12.1785],[5.845,12.1887],[5.846,12.1924],[5.8413,12.1978],[5.8392,12.2043],[5.8353,12.21],[5.8414,12.2189],[5.8386,12.2219],[5.8336,12.2244],[5.8291,12.245],[5.8236,12.2419],[5.8182,12.2419],[5.8081,12.2507],[5.7921,12.2591],[5.7822,12.27],[5.7797,12.2711],[5.7737,12.2695],[5.7709,12.2678],[5.7804,12.2527],[5.7715,12.2482],[5.7794,12.2375],[5.7835,12.2376],[5.7849,12.2363],[5.7859,12.2159],[5.7915,12.1904],[5.7945,12.1717],[5.8091,12.144],[5.8079,12.1313]]]},"properties":{"name":"WARAMU","state":"36","code":"36/01/08"}},{"type":"Feature","geometry":{"type":"Polygon","coordinates":[[[6.2123,11.9857],[6.2131,11.9914],[6.2126,11.9975],[6.2113,12.0009],[6.2065,12.005],[6.2009,12.0053],[6.199,12.0064],[6.1991,12.0131],[6.1973,12.016],[6.1892,12.0192],[6.1875,12.0221],[6.1873,12.0262],[6.1829,12.031],[6.187,12.0338],[6.1848,12.039],[6.1819,12.0428],[6.1845,12.0479],[6.1836,12.0512],[6.1784,12.055],[6.1697,12.0491],[6.1643,12.0492],[6.1584,12.0505],[6.1585,12.0579],[6.1578,12.0645],[6.1585,12.0736],[6.1631,12.0803],[6.1601,12.0797],[6.152,12.0823],[6.1493,12.0819],[6.1422,12.0837],[6.139,12.0808],[6.1349,12.0797],[6.1315,12.0754],[6.1266,12.0771],[6.1236,12.076],[6.1196,12.0762],[6.1156,12.0733],[6.1067,12.0785],[6.1015,12.0747],[6.0936,12.0773],[6.0911,12.0805],[6.0875,12.0819],[6.0873,12.0848],[6.0836,12.0887],[6.0803,12.0898],[6.0773,12.087],[6.0776,12.0843],[6.0699,12.0787],[6.0658,12.0771],[6.0538,12.077],[6.0506,12.0729],[6.0472,12.0731],[6.0427,12.0757],[6.0384,12.0757],[6.0359,12.0743],[6.0363,12.0719],[6.0312,12.0702],[6.0237,12.0738],[6.0221,12.0774],[6.0201,12.0756],[6.0085,12.0329],[6.0018,12.0184],[5.9979,12.0144],[5.9929,12.0115],[5.9724,11.9909],[5.9918,11.9584],[6.0163,11.958],[6.0418,11.9594],[6.0614,11.9592],[6.0727,11.9484],[6.0783,11.9463],[6.0857,11.9448],[6.0891,11.9435],[6.2121,11.9856],[6.2123,11.9857]]]},"properties":{"name":"WUYA","state":"36","code":"36/01/09"}},{"type":"Feature","geometry":{"type":"Polygon","coordinates":[[[5.9585,12.1214],[5.9625,12.1208],[5.964,12.1153],[5.9691,12.1125],[5.9754,12.1134],[5.9808,12.1126],[5.9975,12.107],[6.0055,12.0996],[6.0102,12.0983],[6.0173,12.0886],[6.0197,12.0823],[6.0191,12.0783],[6.0221,12.0774],[6.0237,12.0738],[6.0312,12.0702],[6.0363,12.0719],[6.0359,12.0743],[6.0384,12.0757],[6.0427,12.0757],[6.0472,12.0731],[6.0506,12.0729],[6.0538,12.077],[6.0658,12.0771],[6.0699,12.0787],[6.0776,12.0843],[6.0773,12.087],[6.0803,12.0898],[6.0836,12.0887],[6.0873,12.0848],[6.0875,12.0819],[6.0911,12.0805],[6.0936,12.0773],[6.1015,12.0747],[6.1067,12.0785],[6.1156,12.0733],[6.1196,12.0762],[6.1236,12.076],[6.1266,12.0771],[6.1315,12.0754],[6.1349,12.0797],[6.139,12.0808],[6.1422,12.0837],[6.1493,12.0819],[6.152,12.0823],[6.1601,12.0797],[6.1631,12.0803],[6.1668,12.0885],[6.173,12.0928],[6.1707,12.1004],[6.1655,12.1056],[6.1602,12.1088],[6.1462,12.1107],[6.1423,12.1128],[6.1345,12.1204],[6.1218,12.1252],[6.1144,12.1323],[6.1117,12.1371],[6.1096,12.1358],[6.1107,12.132],[6.1079,12.1301],[6.104,12.1247],[6.1022,12.1206],[6.0979,12.121],[6.0968,12.1228],[6.0937,12.1225],[6.0862,12.1231],[6.0827,12.1211],[6.0542,12.1211],[6.0535,12.1289],[6.0497,12.138],[6.03,12.159],[6.0139,12.1756],[5.999,12.1541],[5.9954,12.1537],[5.9902,12.1515],[5.9839,12.1537],[5.9769,12.1571],[5.9703,12.1556],[5.9696,12.1533],[5.9667,12.1521],[5.9623,12.1455],[5.9568,12.1414],[5.9514,12.1357],[5.9483,12.1356],[5.9462,12.1322],[5.9412,12.1318],[5.9446,12.1276],[5.9524,12.1276],[5.9547,12.1288],[5.9583,12.1262],[5.9585,12.1214]]]},"properties":{"name":"YAR'SABAYA","state":"36","code":"36/01/10"}},{"type":"Feature","geometry":{"type":"Polygon","coordinates":[[[5.8962,12.6996],[5.899,12.7008],[5.8989,12.7077],[5.8938,12.7175],[5.8909,12.7216],[5.8804,12.7253],[5.8769,12.7254],[5.8772,12.728],[5.8708,12.7289],[5.8673,12.727],[5.8672,12.7249],[5.8605,12.722],[5.8561,12.7235],[5.853,12.7261],[5.8515,12.7154],[5.8533,12.7064],[5.8557,12.6999],[5.8555,12.6949],[5.863,12.6805],[5.87,12.681],[5.8919,12.6976],[5.8962,12.6996]]]},"properties":{"name":"BAKURA","state":"36","code":"36/02/01"}},{"type":"Feature","geometry":{"type":"Polygon","coordinates":[[[5.9617,12.7547],[5.9473,12.7157],[5.9446,12.7104],[5.9538,12.706],[5.9614,12.709],[5.9686,12.7085],[5.9705,12.7072],[5.97,12.7015],[5.9707,12.6985],[5.9732,12.6984],[5.976,12.7008],[5.9791,12.7007],[5.9815,12.6982],[5.9808,12.6948],[5.9817,12.6902],[5.9835,12.6866],[5.9867,12.6845],[5.9901,12.6888],[5.9909,12.6923],[5.9959,12.6936],[6.0011,12.6895],[6.0025,12.6836],[6.0055,12.6803],[6.0116,12.6762],[6.0162,12.6745],[6.0185,12.6754],[6.0217,12.6743],[6.0263,12.6742],[6.0276,12.6704],[6.0242,12.667],[6.0239,12.6531],[6.027,12.6497],[6.0235,12.6396],[6.0157,12.632],[6.0186,12.623],[6.0253,12.6153],[6.0322,12.6105],[6.0577,12.6156],[6.0608,12.6245],[6.0568,12.6258],[6.0591,12.6341],[6.0636,12.6424],[6.0812,12.6462],[6.0919,12.6514],[6.0961,12.6521],[6.0955,12.6552],[6.0943,12.6689],[6.091,12.668],[6.0842,12.6707],[6.0817,12.6692],[6.0791,12.6707],[6.0731,12.6714],[6.0724,12.6735],[6.0725,12.681],[6.0692,12.6818],[6.0687,12.6769],[6.0646,12.6729],[6.0619,12.6748],[6.0625,12.6793],[6.0609,12.6809],[6.0561,12.6804],[6.0515,12.6826],[6.0449,12.6819],[6.0433,12.678],[6.0411,12.6759],[6.0383,12.6756],[6.0324,12.6784],[6.0326,12.6815],[6.0364,12.6874],[6.0342,12.6919],[6.0311,12.6939],[6.0316,12.6984],[6.0297,12.7029],[6.0268,12.7042],[6.0239,12.7211],[6.0227,12.7258],[6.0257,12.7364],[6.0258,12.7416],[6.0244,12.7488],[5.9861,12.7547],[5.9617,12.7547]]]},"properties":{"name":"BIRNIN TUDU","state":"36","code":"36/02/02"}},{"type":"Feature","geometry":{"type":"Polygon","coordinates":[[[5.7611,12.4149],[5.7652,12.4095],[5.7726,12.3835],[5.7875,12.3809],[5.8103,12.3728],[5.8375,12.3732],[5.8453,12.3598],[5.8654,12.3179],[5.8656,12.3169],[5.8676,12.3164],[5.8863,12.3139],[5.8991,12.3211],[5.8911,12.3286],[5.8847,12.3314],[5.8795,12.3411],[5.8765,12.3492],[5.8762,12.3553],[5.8779,12.362],[5.8914,12.3844],[5.9002,12.417],[5.9015,12.4246],[5.9031,12.448],[5.9131,12.4516],[5.9224,12.4616],[5.9335,12.4659],[5.9433,12.4688],[5.9443,12.4705],[5.9453,12.4878],[5.9359,12.4864],[5.932,12.4869],[5.9252,12.4914],[5.9196,12.4943],[5.8755,12.521],[5.8567,12.5395],[5.7411,12.5721],[5.7385,12.5737],[5.7355,12.5737],[5.7255,12.5765],[5.7282,12.5508],[5.7172,12.4869],[5.7233,12.4737],[5.7359,12.4486],[5.7611,12.4149]]]},"properties":{"name":"DAMRI","state":"36","code":"36/02/03"}},{"type":"Feature","geometry":{"type":"Polygon","coordinates":[[[5.836,12.8148],[5.8247,12.7971],[5.8466,12.7651],[5.8446,12.7612],[5.8468,12.7537],[5.8462,12.747],[5.847,12.7383],[5.8457,12.7367],[5.8464,12.7321],[5.8514,12.7267],[5.853,12.7261],[5.8561,12.7235],[5.8605,12.722],[5.8672,12.7249],[5.8673,12.727],[5.8708,12.7289],[5.8772,12.728],[5.8769,12.7254],[5.8804,12.7253],[5.8909,12.7216],[5.8938,12.7175],[5.8989,12.7077],[5.899,12.7008],[5.8962,12.6996],[5.8976,12.6958],[5.8979,12.6905],[5.8954,12.6877],[5.8952,12.6848],[5.8985,12.6794],[5.8967,12.6781],[5.8919,12.6716],[5.8964,12.6713],[5.917,12.6806],[5.9235,12.6837],[5.9376,12.6857],[5.94,12.6855],[5.9534,12.6721],[5.9563,12.6652],[5.968,12.6472],[5.9947,12.6342],[5.9975,12.6295],[6.0005,12.6189],[6.0065,12.6075],[6.007,12.5974],[6.0104,12.5979],[6.0125,12.5966],[6.0112,12.5934],[6.0134,12.5916],[6.0176,12.5932],[6.0189,12.591],[6.0265,12.5979],[6.0322,12.6105],[6.0253,12.6153],[6.0186,12.623],[6.0157,12.632],[6.0235,12.6396],[6.027,12.6497],[6.0239,12.6531],[6.0242,12.667],[6.0276,12.6704],[6.0263,12.6742],[6.0217,12.6743],[6.0185,12.6754],[6.0162,12.6745],[6.0116,12.6762],[6.0055,12.6803],[6.0025,12.6836],[6.0011,12.6895],[5.9959,12.6936],[5.9909,12.6923],[5.9901,12.6888],[5.9867,12.6845],[5.9835,12.6866],[5.9817,12.6902],[5.9808,12.6948],[5.9815,12.6982],[5.9791,12.7007],[5.976,12.7008],[5.9732,12.6984],[5.9707,12.6985],[5.97,12.7015],[5.9705,12.7072],[5.9686,12.7085],[5.9614,12.709],[5.9538,12.706],[5.9446,12.7104],[5.9473,12.7157],[5.9617,12.7547],[5.9613,12.7586],[5.9589,12.7608],[5.9507,12.7653],[5.9475,12.7725],[5.9288,12.7871],[5.9114,12.7997],[5.8833,12.8203],[5.8657,12.815],[5.852,12.8103],[5.8478,12.8105],[5.836,12.8148]]]},"properties":{"name":"DANKADU","state":"36","code":"36/02/04"}},{"type":"Feature","geometry":{"type":"Polygon","coordinates":[[[5.7255,12.5765],[5.7355,12.5737],[5.7385,12.5737],[5.7411,12.5721],[5.8567,12.5395],[5.8755,12.521],[5.9196,12.4943],[5.9252,12.4914],[5.932,12.4869],[5.9359,12.4864],[5.9453,12.4878],[5.9501,12.4887],[5.9548,12.4917],[5.9553,12.4944],[5.9577,12.4956],[5.9563,12.5024],[5.9575,12.5041],[5.9571,12.5098],[5.9549,12.5163],[5.9722,12.5307],[5.9804,12.5464],[5.9807,12.558],[5.9783,12.5626],[5.9787,12.5739],[5.9782,12.5789],[5.9749,12.5859],[5.9699,12.589],[5.9594,12.5881],[5.9497,12.5898],[5.9437,12.5871],[5.9408,12.5848],[5.9376,12.5875],[5.9358,12.5868],[5.9302,12.5873],[5.9362,12.5993],[5.942,12.6165],[5.9406,12.6184],[5.941,12.6225],[5.9394,12.6242],[5.9395,12.6277],[5.9366,12.6287],[5.9374,12.6315],[5.935,12.6312],[5.9311,12.634],[5.9287,12.6398],[5.9238,12.6431],[5.9224,12.6467],[5.9221,12.6513],[5.9205,12.653],[5.9134,12.6543],[5.9091,12.6529],[5.906,12.656],[5.9035,12.6558],[5.9002,12.6576],[5.9003,12.6598],[5.892,12.6675],[5.8919,12.6716],[5.8967,12.6781],[5.8985,12.6794],[5.8952,12.6848],[5.8954,12.6877],[5.8979,12.6905],[5.8976,12.6958],[5.8962,12.6996],[5.8919,12.6976],[5.87,12.681],[5.863,12.6805],[5.8555,12.6949],[5.8557,12.6999],[5.8533,12.7064],[5.8515,12.7154],[5.853,12.7261],[5.8514,12.7267],[5.8464,12.7321],[5.8457,12.7367],[5.847,12.7383],[5.8462,12.747],[5.8468,12.7537],[5.8446,12.7612],[5.8466,12.7651],[5.8247,12.7971],[5.8066,12.7782],[5.7503,12.7378],[5.7526,12.6991],[5.7449,12.6764],[5.6941,12.6891],[5.6774,12.6319],[5.69,12.6274],[5.7231,12.6206],[5.7255,12.5765]]]},"properties":{"name":"DAN MANAU","state":"36","code":"36/02/05"}},{"type":"Feature","geometry":{"type":"Polygon","coordinates":[[[5.8919,12.6716],[5.892,12.6675],[5.9003,12.6598],[5.9002,12.6576],[5.9035,12.6558],[5.906,12.656],[5.9091,12.6529],[5.9134,12.6543],[5.9205,12.653],[5.9221,12.6513],[5.9224,12.6467],[5.9238,12.6431],[5.9287,12.6398],[5.9311,12.634],[5.935,12.6312],[5.9374,12.6315],[5.9466,12.6303],[5.9513,12.6328],[5.9578,12.6378],[5.968,12.6472],[5.9563,12.6652],[5.9534,12.6721],[5.94,12.6855],[5.9376,12.6857],[5.9235,12.6837],[5.917,12.6806],[5.8964,12.6713],[5.8919,12.6716]]]},"properties":{"name":"YAR KUFOJI","state":"36","code":"36/02/06"}},{"type":"Feature","geometry":{"type":"Polygon","coordinates":[[[5.7506,12.3239],[5.7496,12.2889],[5.7562,12.2854],[5.7599,12.2818],[5.7709,12.2678],[5.7737,12.2695],[5.7797,12.2711],[5.7822,12.27],[5.7921,12.2591],[5.8081,12.2507],[5.8182,12.2419],[5.8236,12.2419],[5.8291,12.245],[5.8235,12.2625],[5.8315,12.2728],[5.841,12.2931],[5.8651,12.3157],[5.8656,12.3169],[5.8654,12.3179],[5.8453,12.3598],[5.8375,12.3732],[5.8103,12.3728],[5.7875,12.3809],[5.7726,12.3835],[5.7567,12.3388],[5.7538,12.3369],[5.7551,12.331],[5.7506,12.3239]]]},"properties":{"name":"DAKKO","state":"36","code":"36/02/07"}},{"type":"Feature","geometry":{"type":"Polygon","coordinates":[[[5.6903,12.7012],[5.6941,12.6891],[5.7449,12.6764],[5.7526,12.6991],[5.7503,12.7378],[5.8066,12.7782],[5.8247,12.7971],[5.836,12.8148],[5.8323,12.8194],[5.8131,12.8397],[5.8048,12.8378],[5.7713,12.8333],[5.734,12.8268],[5.6889,12.8565],[5.6817,12.8652],[5.6749,12.8679],[5.6347,12.8829],[5.6326,12.8771],[5.6261,12.8653],[5.6234,12.8599],[5.6119,12.8416],[5.5882,12.8041],[5.6204,12.7871],[5.6493,12.7689],[5.6745,12.7348],[5.6863,12.7139],[5.6903,12.7012]]]},"properties":{"name":"NASARAWA","state":"36","code":"36/02/08"}},{"type":"Feature","geometry":{"type":"Polygon","coordinates":[[[6.0244,12.7488],[6.0258,12.7416],[6.0257,12.7364],[6.0227,12.7258],[6.0239,12.7211],[6.0268,12.7042],[6.0297,12.7029],[6.0316,12.6984],[6.0311,12.6939],[6.0342,12.6919],[6.0364,12.6874],[6.0326,12.6815],[6.0324,12.6784],[6.0383,12.6756],[6.0411,12.6759],[6.0433,12.678],[6.0449,12.6819],[6.0515,12.6826],[6.0561,12.6804],[6.0609,12.6809],[6.0625,12.6793],[6.0619,12.6748],[6.0646,12.6729],[6.0687,12.6769],[6.0692,12.6818],[6.0725,12.681],[6.0724,12.6735],[6.0731,12.6714],[6.0791,12.6707],[6.0817,12.6692],[6.0842,12.6707],[6.091,12.668],[6.0943,12.6689],[6.1018,12.6698],[6.1053,12.6728],[6.1057,12.6813],[6.1054,12.6874],[6.0947,12.6941],[6.0909,12.707],[6.1016,12.7508],[6.0995,12.762],[6.1006,12.7713],[6.1,12.7797],[6.0341,12.7841],[6.0244,12.7488]]]},"properties":{"name":"RINI","state":"36","code":"36/02/09"}},{"type":"Feature","geometry":{"type":"Polygon","coordinates":[[[5.968,12.6472],[5.9578,12.6378],[5.9513,12.6328],[5.9466,12.6303],[5.9374,12.6315],[5.9366,12.6287],[5.9395,12.6277],[5.9394,12.6242],[5.941,12.6225],[5.9406,12.6184],[5.942,12.6165],[5.9362,12.5993],[5.9302,12.5873],[5.9358,12.5868],[5.9376,12.5875],[5.9408,12.5848],[5.9437,12.5871],[5.9497,12.5898],[5.9594,12.5881],[5.9699,12.589],[5.9749,12.5859],[5.9782,12.5789],[5.9787,12.5739],[5.9783,12.5626],[5.9807,12.558],[5.9804,12.5464],[5.9907,12.5505],[5.9947,12.5553],[5.9968,12.5553],[6.0006,12.5581],[6.0023,12.5648],[6.0069,12.5751],[6.0088,12.5819],[6.0127,12.5856],[6.0082,12.5907],[6.0064,12.5963],[6.007,12.5974],[6.0065,12.6075],[6.0005,12.6189],[5.9975,12.6295],[5.9947,12.6342],[5.968,12.6472]]]},"properties":{"name":"YAR GEDA","state":"36","code":"36/02/10"}},{"type":"Feature","geometry":{"type":"Polygon","coordinates":[[[6.8286,12.6115],[6.831,12.6143],[6.8347,12.614],[6.8424,12.6175],[6.8421,12.6245],[6.8477,12.6216],[6.8505,12.6192],[6.8544,12.6183],[6.8557,12.6136],[6.8602,12.6079],[6.8661,12.6017],[6.8742,12.5965],[6.874,12.5927],[6.8763,12.5888],[6.8734,12.5848],[6.8738,12.5818],[6.8779,12.5798],[6.8855,12.5817],[6.892,12.5808],[6.8946,12.5766],[6.899,12.5798],[6.9047,12.5794],[6.9132,12.5848],[6.9186,12.5875],[6.9211,12.5878],[6.9271,12.5927],[6.9276,12.5968],[6.9318,12.6096],[6.9349,12.6134],[6.9355,12.6175],[6.934,12.6187],[6.9343,12.6249],[6.9389,12.6279],[6.9412,12.6353],[6.9415,12.6442],[6.9413,12.6539],[6.9451,12.6621],[6.87,12.6427],[6.8501,12.6423],[6.8337,12.6438],[6.8325,12.645],[6.8311,12.643],[6.8273,12.6428],[6.8244,12.6446],[6.8225,12.643],[6.8128,12.6408],[6.8118,12.6374],[6.8044,12.6355],[6.8002,12.6311],[6.7975,12.6264],[6.7903,12.6253],[6.7878,12.6217],[6.7836,12.6194],[6.7826,12.6112],[6.7837,12.6103],[6.7934,12.6093],[6.7967,12.6105],[6.8044,12.609],[6.807,12.6072],[6.8136,12.6087],[6.821,12.6093],[6.8286,12.6115]]]},"properties":{"name":"BIRNIN MAGAJI","state":"36","code":"36/03/01"}},{"type":"Feature","geometry":{"type":"Polygon","coordinates":[[[7.0648,12.4407],[7.0599,12.4808],[7.0594,12.4886],[7.0537,12.5163],[7.0537,12.5293],[7.0512,12.5399],[7.0521,12.5534],[7.0502,12.5752],[7.0516,12.587],[7.046,12.6196],[7.0472,12.6377],[7.0463,12.65],[7.0445,12.6589],[7.0393,12.6587],[7.035,12.6614],[6.989,12.6734],[6.9451,12.6621],[6.9413,12.6539],[6.9415,12.6442],[6.9412,12.6353],[6.9389,12.6279],[6.9343,12.6249],[6.934,12.6187],[6.9355,12.6175],[6.9349,12.6134],[6.9318,12.6096],[6.9276,12.5968],[6.9271,12.5927],[6.9211,12.5878],[6.9186,12.5875],[6.9132,12.5848],[6.9047,12.5794],[6.899,12.5798],[6.8946,12.5766],[6.892,12.5808],[6.8855,12.5817],[6.8779,12.5798],[6.8738,12.5818],[6.8734,12.5848],[6.8763,12.5888],[6.874,12.5927],[6.8742,12.5965],[6.8661,12.6017],[6.8602,12.6079],[6.8557,12.6136],[6.8544,12.6183],[6.8505,12.6192],[6.8477,12.6216],[6.8421,12.6245],[6.8424,12.6175],[6.8347,12.614],[6.831,12.6143],[6.8286,12.6115],[6.8269,12.6019],[6.8249,12.5975],[6.8225,12.5946],[6.8218,12.5914],[6.8174,12.5875],[6.8155,12.5779],[6.8201,12.5733],[6.826,12.5706],[6.8321,12.5697],[6.8363,12.5659],[6.8339,12.5622],[6.8345,12.5572],[6.8369,12.5536],[6.8356,12.5484],[6.8382,12.5442],[6.8458,12.5388],[6.8502,12.5384],[6.8554,12.5339],[6.8576,12.5335],[6.8616,12.5352],[6.8643,12.5348],[6.8667,12.5368],[6.8701,12.5374],[6.8734,12.5467],[6.8727,12.5502],[6.8733,12.5536],[6.8798,12.5581],[6.881,12.561],[6.8842,12.5628],[6.8832,12.5665],[6.8879,12.5692],[6.893,12.5699],[6.8968,12.5725],[6.9035,12.5623],[6.9074,12.5537],[6.9079,12.5491],[6.9041,12.5452],[6.9051,12.5342],[6.9061,12.5309],[6.9265,12.5334],[6.9311,12.531],[6.938,12.5321],[6.9348,12.5285],[6.9397,12.5163],[6.9514,12.5133],[6.9541,12.5065],[6.9513,12.4954],[6.9472,12.4918],[6.9479,12.4895],[6.9524,12.492],[6.9561,12.4905],[6.962,12.4893],[6.9613,12.4842],[6.9636,12.4823],[6.9659,12.4835],[6.9697,12.4805],[6.9756,12.4771],[6.9802,12.4711],[6.9845,12.4703],[6.9948,12.4585],[7.0014,12.4549],[7.0078,12.4478],[7.0107,12.4461],[7.0162,12.4442],[7.0215,12.439],[7.0245,12.442],[7.0291,12.4431],[7.0331,12.4429],[7.0344,12.4413],[7.033,12.4349],[7.036,12.4326],[7.0335,12.4279],[7.0389,12.4272],[7.0419,12.4238],[7.0464,12.4231],[7.0483,12.4249],[7.0508,12.4198],[7.0543,12.4164],[7.059,12.4139],[7.0634,12.414],[7.0651,12.4166],[7.0676,12.4175],[7.0648,12.4407]]]},"properties":{"name":"DANFAMI SABON BIRINI","state":"36","code":"36/03/02"}},{"type":"Feature","geometry":{"type":"Polygon","coordinates":[[[6.7982,12.4789],[6.7748,12.5009],[6.7714,12.5034],[6.765,12.4846],[6.7459,12.4735],[6.7387,12.4724],[6.7257,12.4734],[6.7182,12.4709],[6.6917,12.4812],[6.6815,12.4735],[6.6696,12.468],[6.6688,12.4626],[6.6695,12.4556],[6.672,12.4529],[6.6756,12.4505],[6.6759,12.4439],[6.6784,12.4406],[6.6819,12.4386],[6.6872,12.4373],[6.6889,12.4323],[6.6848,12.4257],[6.6861,12.423],[6.6914,12.4219],[6.6938,12.4205],[6.6948,12.4169],[6.6929,12.4129],[6.7,12.4012],[6.7019,12.3958],[6.7053,12.3951],[6.7095,12.3945],[6.7148,12.3961],[6.7194,12.3941],[6.7298,12.396],[6.7428,12.3961],[6.7563,12.3914],[6.7655,12.3887],[6.7687,12.3935],[6.7742,12.395],[6.777,12.3987],[6.7847,12.4056],[6.7849,12.409],[6.788,12.4126],[6.7637,12.4434],[6.7671,12.4474],[6.7667,12.4501],[6.7822,12.464],[6.7889,12.4697],[6.7982,12.4789]]]},"properties":{"name":"GORA","state":"36","code":"36/03/03"}},{"type":"Feature","geometry":{"type":"Polygon","coordinates":[[[6.9512,12.3739],[6.9503,12.3756],[6.9512,12.3806],[6.9475,12.3867],[6.9425,12.389],[6.9387,12.3921],[6.9396,12.3938],[6.9328,12.3983],[6.9324,12.4001],[6.927,12.4041],[6.9241,12.407],[6.92,12.4084],[6.9174,12.4129],[6.9149,12.4147],[6.91,12.4215],[6.904,12.4272],[6.8976,12.4339],[6.8757,12.4112],[6.8446,12.4002],[6.8173,12.3956],[6.8242,12.3749],[6.8397,12.3589],[6.8515,12.347],[6.8725,12.3307],[6.896,12.347],[6.9427,12.3698],[6.9512,12.3739]]]},"properties":{"name":"GUSAMI GARI","state":"36","code":"36/03/04"}},{"type":"Feature","geometry":{"type":"Polygon","coordinates":[[[6.8173,12.3956],[6.7976,12.3751],[6.7902,12.3584],[6.7942,12.3575],[6.8094,12.352],[6.8137,12.349],[6.8166,12.3447],[6.815,12.3405],[6.8162,12.3376],[6.8196,12.3364],[6.8224,12.3337],[6.8277,12.3352],[6.8328,12.3349],[6.8376,12.278],[6.8434,12.2753],[6.8628,12.2697],[6.8738,12.2676],[6.8805,12.2671],[6.8838,12.2685],[6.8886,12.2677],[6.8895,12.2704],[6.8939,12.2725],[6.8965,12.2761],[6.8985,12.2762],[6.8975,12.2799],[6.8998,12.2851],[6.903,12.2876],[6.9031,12.2922],[6.9053,12.297],[6.9054,12.3019],[6.9075,12.3043],[6.9087,12.3109],[6.9068,12.3138],[6.91,12.3174],[6.912,12.3177],[6.9174,12.3153],[6.9194,12.3159],[6.9228,12.3197],[6.934,12.3133],[6.938,12.3156],[6.9418,12.3227],[6.9416,12.3258],[6.9456,12.3266],[6.9468,12.3336],[6.9443,12.3353],[6.9439,12.3394],[6.9412,12.3421],[6.9469,12.3461],[6.9435,12.3481],[6.9435,12.3565],[6.9415,12.3606],[6.9427,12.3698],[6.896,12.347],[6.8725,12.3307],[6.8515,12.347],[6.8397,12.3589],[6.8242,12.3749],[6.8173,12.3956]]]},"properties":{"name":"GUSAMI HAYI","state":"36","code":"36/03/05"}},{"type":"Feature","geometry":{"type":"Polygon","coordinates":[[[6.8201,12.5733],[6.8145,12.5724],[6.8084,12.5686],[6.8045,12.5722],[6.8035,12.5776],[6.8001,12.5805],[6.7967,12.588],[6.7868,12.5929],[6.7848,12.5948],[6.784,12.591],[6.7803,12.5889],[6.7716,12.5897],[6.7615,12.5877],[6.7603,12.5824],[6.755,12.582],[6.7507,12.5798],[6.7481,12.578],[6.7459,12.5743],[6.7433,12.5679],[6.7347,12.5648],[6.7252,12.5662],[6.7169,12.5648],[6.7145,12.5586],[6.7143,12.5503],[6.7176,12.5384],[6.7219,12.5313],[6.7269,12.5272],[6.7374,12.5229],[6.7392,12.5245],[6.7461,12.5225],[6.7488,12.5226],[6.754,12.5304],[6.7584,12.5327],[6.7659,12.5343],[6.7664,12.5386],[6.7713,12.5433],[6.7777,12.5451],[6.7823,12.5484],[6.7836,12.5468],[6.8018,12.5443],[6.8079,12.5481],[6.8093,12.5505],[6.8137,12.5519],[6.8155,12.554],[6.8233,12.5575],[6.8251,12.5597],[6.826,12.5635],[6.8363,12.5659],[6.8321,12.5697],[6.826,12.5706],[6.8201,12.5733]]]},"properties":{"name":"MODOMAWA EAST","state":"36","code":"36/03/07"}},{"type":"Feature","geometry":{"type":"Polygon","coordinates":[[[6.7714,12.5034],[6.7448,12.5047],[6.7419,12.5103],[6.7401,12.5217],[6.7374,12.5229],[6.7269,12.5272],[6.7219,12.5313],[6.7176,12.5384],[6.7143,12.5503],[6.7145,12.5586],[6.7169,12.5648],[6.7252,12.5662],[6.7347,12.5648],[6.7433,12.5679],[6.7459,12.5743],[6.7481,12.578],[6.7507,12.5798],[6.7432,12.5871],[6.7377,12.5866],[6.7325,12.5896],[6.7293,12.5893],[6.708,12.5805],[6.7051,12.5807],[6.7024,12.5839],[6.6983,12.592],[6.6826,12.5844],[6.6703,12.5768],[6.6779,12.5578],[6.6677,12.5567],[6.66,12.5547],[6.6569,12.5558],[6.6561,12.5524],[6.661,12.5431],[6.6646,12.5426],[6.668,12.5372],[6.6726,12.5258],[6.6696,12.5069],[6.6809,12.5035],[6.6917,12.4812],[6.7182,12.4709],[6.7257,12.4734],[6.7387,12.4724],[6.7459,12.4735],[6.765,12.4846],[6.7714,12.5034]]]},"properties":{"name":"MODOMAWA WEST","state":"36","code":"36/03/08"}},{"type":"Feature","geometry":{"type":"Polygon","coordinates":[[[6.8363,12.5659],[6.826,12.5635],[6.8251,12.5597],[6.8233,12.5575],[6.8233,12.5551],[6.8208,12.5492],[6.8213,12.542],[6.8207,12.5396],[6.8261,12.5349],[6.8281,12.5342],[6.8282,12.5301],[6.8256,12.5246],[6.8251,12.5212],[6.8263,12.519],[6.8255,12.5161],[6.8268,12.512],[6.83,12.5073],[6.8357,12.4988],[6.8357,12.4978],[6.8442,12.4837],[6.878,12.4509],[6.8976,12.4339],[6.904,12.4272],[6.91,12.4215],[6.9149,12.4147],[6.9174,12.4129],[6.92,12.4084],[6.9241,12.407],[6.927,12.4041],[6.9324,12.4001],[6.9328,12.3983],[6.9396,12.3938],[6.9387,12.3921],[6.9425,12.389],[6.9475,12.3867],[6.9512,12.3806],[6.9503,12.3756],[6.9512,12.3739],[6.9589,12.3677],[6.9765,12.372],[6.9785,12.3707],[6.9897,12.3673],[6.9983,12.3656],[7.0057,12.3651],[7.0115,12.3667],[7.0156,12.3688],[7.0214,12.3736],[7.0236,12.3779],[7.0305,12.3794],[7.0367,12.3916],[7.037,12.3941],[7.0417,12.3954],[7.0429,12.3988],[7.0425,12.4029],[7.0461,12.4074],[7.0471,12.4186],[7.0481,12.4219],[7.0464,12.4231],[7.0419,12.4238],[7.0389,12.4272],[7.0335,12.4279],[7.036,12.4326],[7.033,12.4349],[7.0344,12.4413],[7.0331,12.4429],[7.0291,12.4431],[7.0245,12.442],[7.0215,12.439],[7.0162,12.4442],[7.0107,12.4461],[7.0078,12.4478],[7.0014,12.4549],[6.9948,12.4585],[6.9845,12.4703],[6.9802,12.4711],[6.9756,12.4771],[6.9697,12.4805],[6.9659,12.4835],[6.9636,12.4823],[6.9613,12.4842],[6.962,12.4893],[6.9561,12.4905],[6.9524,12.492],[6.9479,12.4895],[6.9472,12.4918],[6.9513,12.4954],[6.9541,12.5065],[6.9514,12.5133],[6.9397,12.5163],[6.9348,12.5285],[6.938,12.5321],[6.9311,12.531],[6.9265,12.5334],[6.9061,12.5309],[6.9051,12.5342],[6.9041,12.5452],[6.9079,12.5491],[6.9074,12.5537],[6.9035,12.5623],[6.8968,12.5725],[6.893,12.5699],[6.8879,12.5692],[6.8832,12.5665],[6.8842,12.5628],[6.881,12.561],[6.8798,12.5581],[6.8733,12.5536],[6.8727,12.5502],[6.8734,12.5467],[6.8701,12.5374],[6.8667,12.5368],[6.8643,12.5348],[6.8616,12.5352],[6.8576,12.5335],[6.8554,12.5339],[6.8502,12.5384],[6.8458,12.5388],[6.8382,12.5442],[6.8356,12.5484],[6.8369,12.5536],[6.8345,12.5572],[6.8339,12.5622],[6.8363,12.5659]]]},"properties":{"name":"NASARAWA GODAL EAST","state":"36","code":"36/03/09"}},{"type":"Feature","geometry":{"type":"MultiPolygon","coordinates":[[[[6.7982,12.4789],[6.8206,12.492],[6.8272,12.4946],[6.8225,12.5025],[6.83,12.5073],[6.8268,12.512],[6.8255,12.5161],[6.8263,12.519],[6.8251,12.5212],[6.8256,12.5246],[6.8282,12.5301],[6.8281,12.5342],[6.8261,12.5349],[6.8207,12.5396],[6.8213,12.542],[6.8208,12.5492],[6.8233,12.5551],[6.8233,12.5575],[6.8155,12.554],[6.8137,12.5519],[6.8093,12.5505],[6.8079,12.5481],[6.8018,12.5443],[6.7836,12.5468],[6.7823,12.5484],[6.7777,12.5451],[6.7713,12.5433],[6.7664,12.5386],[6.7659,12.5343],[6.7584,12.5327],[6.754,12.5304],[6.7488,12.5226],[6.7461,12.5225],[6.7392,12.5245],[6.7374,12.5229],[6.7401,12.5217],[6.7419,12.5103],[6.7448,12.5047],[6.7714,12.5034],[6.7748,12.5009],[6.7982,12.4789]]],[[[6.7826,12.6112],[6.7821,12.6034],[6.7828,12.5965],[6.7848,12.5948],[6.7868,12.5929],[6.7967,12.588],[6.8001,12.5805],[6.8035,12.5776],[6.8045,12.5722],[6.8084,12.5686],[6.8145,12.5724],[6.8201,12.5733],[6.8155,12.5779],[6.8174,12.5875],[6.8218,12.5914],[6.8225,12.5946],[6.8249,12.5975],[6.8269,12.6019],[6.8286,12.6115],[6.821,12.6093],[6.8136,12.6087],[6.807,12.6072],[6.8044,12.609],[6.7967,12.6105],[6.7934,12.6093],[6.7837,12.6103],[6.7826,12.6112]]]]},"properties":{"name":"NASARAWA GODAL WEST","state":"36","code":"36/03/10"}},{"type":"Feature","geometry":{"type":"Polygon","coordinates":[[[5.705,11.688],[5.6866,11.6885],[5.6851,11.7005],[5.6867,11.7153],[5.6876,11.719],[5.6856,11.7211],[5.6864,11.7247],[5.6888,11.7299],[5.6911,11.7371],[5.6932,11.7405],[5.696,11.7491],[5.6985,11.752],[5.6988,11.7578],[5.7022,11.7681],[5.7062,11.7736],[5.7105,11.7823],[5.7128,11.7848],[5.7151,11.7907],[5.722,11.7993],[5.7223,11.8285],[5.7216,11.8377],[5.7224,11.859],[5.7202,11.8622],[5.7181,11.8617],[5.7163,11.8684],[5.7109,11.873],[5.71,11.8761],[5.7066,11.8822],[5.7028,11.8819],[5.7022,11.8867],[5.6989,11.8878],[5.6992,11.8919],[5.696,11.893],[5.6968,11.8956],[5.6947,11.899],[5.6952,11.9046],[5.6912,11.9132],[5.6906,11.9175],[5.6923,11.9204],[5.6908,11.9245],[5.691,11.9284],[5.6955,11.9302],[5.694,11.9356],[5.6907,11.9357],[5.6817,11.9389],[5.6797,11.9407],[5.6778,11.9382],[5.6756,11.9411],[5.6703,11.9436],[5.6683,11.9422],[5.664,11.9431],[5.6631,11.9462],[5.6572,11.9457],[5.6552,11.948],[5.6548,11.9513],[5.6493,11.956],[5.6493,11.9597],[5.6453,11.97],[5.636,11.9732],[5.6336,11.9786],[5.6272,11.9772],[5.6241,11.9776],[5.6232,11.9751],[5.6145,11.9799],[5.6132,11.9824],[5.6122,11.973],[5.5788,11.9664],[5.5428,11.9544],[5.5294,11.937],[5.5258,11.8787],[5.5341,11.8441],[5.5396,11.7959],[5.5378,11.7848],[5.5171,11.7387],[5.5083,11.7254],[5.5457,11.7019],[5.5641,11.6844],[5.5802,11.6754],[5.5962,11.6715],[5.6049,11.6686],[5.6394,11.6629],[5.6596,11.6627],[5.6697,11.6614],[5.691,11.6673],[5.6962,11.6706],[5.705,11.688]]]},"properties":{"name":"ADABKA","state":"36","code":"36/04/01"}},{"type":"Feature","geometry":{"type":"Polygon","coordinates":[[[5.5713,12.1953],[5.5688,12.2124],[5.5561,12.2432],[5.5411,12.2728],[5.5193,12.2606],[5.4758,12.2524],[5.4697,12.2526],[5.4404,12.1929],[5.4392,12.1747],[5.4399,12.1634],[5.433,12.1565],[5.4338,12.1459],[5.4393,12.1388],[5.4362,12.1349],[5.4337,12.1299],[5.4364,12.1272],[5.4377,12.1236],[5.4234,12.109],[5.4139,12.1023],[5.4111,12.0976],[5.4479,12.0925],[5.4564,12.0919],[5.4607,12.0977],[5.4676,12.1017],[5.4739,12.1],[5.4818,12.1029],[5.4849,12.1026],[5.5048,12.1077],[5.5106,12.1188],[5.5233,12.1481],[5.5305,12.1603],[5.5454,12.1755],[5.5487,12.178],[5.5489,12.1803],[5.5523,12.1807],[5.5713,12.1953]]]},"properties":{"name":"BUKKUYUM","state":"36","code":"36/04/02"}},{"type":"Feature","geometry":{"type":"Polygon","coordinates":[[[5.8195,11.6484],[5.833,11.6485],[5.8455,11.6443],[5.8481,11.6414],[5.853,11.6401],[5.8564,11.6411],[5.8616,11.6358],[5.8647,11.634],[5.8691,11.6331],[5.872,11.6269],[5.8752,11.6266],[5.8754,11.6238],[5.8705,11.6198],[5.8706,11.6178],[5.8747,11.616],[5.8812,11.6147],[5.8887,11.6181],[5.8968,11.6242],[5.8981,11.63],[5.9034,11.6334],[5.9072,11.6335],[5.9129,11.6355],[5.9113,11.6445],[5.9109,11.6514],[5.912,11.6587],[5.9121,11.6661],[5.9144,11.677],[5.9211,11.6957],[5.9427,11.731],[5.9448,11.7628],[5.9487,11.7684],[5.9421,11.781],[5.9427,11.7817],[5.9415,11.7815],[5.9091,11.8113],[5.8959,11.8306],[5.8908,11.8412],[5.884,11.8544],[5.8796,11.8581],[5.8673,11.87],[5.8547,11.8878],[5.8511,11.8959],[5.843,11.9339],[5.8402,11.9446],[5.837,11.9588],[5.8004,11.9707],[5.7885,11.9726],[5.778,11.9766],[5.7755,11.9745],[5.767,11.9729],[5.7626,11.9706],[5.7596,11.9674],[5.7517,11.9678],[5.7479,11.9696],[5.7436,11.97],[5.7403,11.9689],[5.7394,11.9662],[5.7351,11.9643],[5.7252,11.9586],[5.7248,11.9552],[5.7186,11.956],[5.7138,11.9532],[5.7087,11.9544],[5.708,11.9558],[5.7008,11.9582],[5.6988,11.9559],[5.6932,11.9544],[5.6907,11.9527],[5.6931,11.9483],[5.6938,11.9446],[5.694,11.9356],[5.6955,11.9302],[5.691,11.9284],[5.6908,11.9245],[5.6923,11.9204],[5.6906,11.9175],[5.6912,11.9132],[5.6952,11.9046],[5.6947,11.899],[5.6968,11.8956],[5.696,11.893],[5.6992,11.8919],[5.6989,11.8878],[5.7022,11.8867],[5.7028,11.8819],[5.7066,11.8822],[5.71,11.8761],[5.7109,11.873],[5.7163,11.8684],[5.7181,11.8617],[5.7202,11.8622],[5.7224,11.859],[5.7216,11.8377],[5.7223,11.8285],[5.722,11.7993],[5.7151,11.7907],[5.7128,11.7848],[5.7105,11.7823],[5.7062,11.7736],[5.7022,11.7681],[5.6988,11.7578],[5.6985,11.752],[5.696,11.7491],[5.6932,11.7405],[5.6911,11.7371],[5.6888,11.7299],[5.6864,11.7247],[5.6856,11.7211],[5.6876,11.719],[5.6867,11.7153],[5.6851,11.7005],[5.6866,11.6885],[5.705,11.688],[5.7207,11.6878],[5.7558,11.6863],[5.7607,11.6866],[5.7803,11.6839],[5.7878,11.6789],[5.8028,11.6642],[5.8195,11.6484]]]},"properties":{"name":"GWASHI","state":"36","code":"36/04/03"}},{"type":"Feature","geometry":{"type":"Polygon","coordinates":[[[5.3471,11.7321],[5.3527,11.7296],[5.3542,11.7245],[5.3559,11.7222],[5.355,11.7197],[5.3508,11.7155],[5.3501,11.713],[5.3499,11.7093],[5.3623,11.7101],[5.3655,11.7136],[5.3689,11.7144],[5.373,11.7125],[5.3759,11.7096],[5.3854,11.7121],[5.3944,11.7109],[5.397,11.712],[5.4013,11.7053],[5.4038,11.7034],[5.4113,11.7039],[5.4176,11.7061],[5.4199,11.7082],[5.4233,11.7087],[5.4279,11.7074],[5.4329,11.7074],[5.4402,11.7088],[5.4456,11.7046],[5.4541,11.6989],[5.4564,11.6951],[5.4602,11.6844],[5.4595,11.6781],[5.46,11.6731],[5.4664,11.6686],[5.4712,11.6638],[5.4813,11.6648],[5.4937,11.6572],[5.4972,11.6559],[5.5025,11.6582],[5.5047,11.6607],[5.5058,11.6631],[5.5141,11.6648],[5.5155,11.6705],[5.5205,11.6695],[5.522,11.6667],[5.5259,11.6641],[5.5275,11.6613],[5.5416,11.6657],[5.5515,11.6726],[5.5537,11.6767],[5.5641,11.6844],[5.5457,11.7019],[5.5083,11.7254],[5.5171,11.7387],[5.5378,11.7848],[5.5396,11.7959],[5.5341,11.8441],[5.5258,11.8787],[5.5294,11.937],[5.4754,11.9448],[5.4604,11.9497],[5.4328,11.9464],[5.4155,11.9454],[5.3924,11.9489],[5.3765,11.9555],[5.3725,11.9661],[5.3599,11.9798],[5.329,11.9729],[5.3205,11.9701],[5.3076,11.9634],[5.3076,11.9591],[5.3016,11.9531],[5.3017,11.9463],[5.3005,11.941],[5.2941,11.9342],[5.288,11.9308],[5.2829,11.9318],[5.2831,11.9258],[5.2821,11.9224],[5.2834,11.9194],[5.2832,11.9084],[5.2852,11.9075],[5.2865,11.8995],[5.2886,11.8931],[5.2892,11.8879],[5.2932,11.8838],[5.2959,11.8725],[5.2961,11.8647],[5.2931,11.8609],[5.2937,11.8515],[5.2854,11.8346],[5.2718,11.824],[5.2692,11.8169],[5.2673,11.8089],[5.2687,11.802],[5.271,11.7977],[5.2708,11.795],[5.2724,11.7908],[5.2729,11.7833],[5.2708,11.78],[5.2743,11.7759],[5.2849,11.7719],[5.2865,11.7693],[5.2951,11.7741],[5.3,11.7809],[5.3015,11.7908],[5.3027,11.7921],[5.3095,11.7937],[5.3158,11.7908],[5.3183,11.7849],[5.3175,11.7779],[5.3132,11.7723],[5.3058,11.7678],[5.2971,11.7607],[5.2961,11.7564],[5.2973,11.7549],[5.3071,11.7583],[5.314,11.7672],[5.3178,11.7699],[5.3202,11.7735],[5.3263,11.7731],[5.3302,11.7685],[5.3308,11.7654],[5.3347,11.7561],[5.3347,11.753],[5.3366,11.7495],[5.3358,11.7463],[5.3365,11.7396],[5.3408,11.7345],[5.3471,11.7321]]]},"properties":{"name":"KYARAM","state":"36","code":"36/04/04"}},{"type":"Feature","geometry":{"type":"Polygon","coordinates":[[[5.6788,12.141],[5.677,12.1398],[5.673,12.1408],[5.6583,12.1397],[5.6596,12.1289],[5.6593,12.1249],[5.6575,12.1157],[5.6565,12.1135],[5.6479,12.1123],[5.6012,12.1093],[5.5911,12.1096],[5.5862,12.1122],[5.5856,12.1274],[5.5839,12.1541],[5.5844,12.1581],[5.5789,12.1835],[5.5752,12.1924],[5.5713,12.1953],[5.5523,12.1807],[5.5489,12.1803],[5.5487,12.178],[5.5454,12.1755],[5.5305,12.1603],[5.5233,12.1481],[5.5106,12.1188],[5.5048,12.1077],[5.5195,12.0774],[5.5251,12.0675],[5.5319,12.0671],[5.5308,12.0607],[5.5309,12.0573],[5.5385,12.0439],[5.5818,12.0396],[5.6045,12.0292],[5.6135,12.0175],[5.6388,12.0157],[5.6544,12.013],[5.6606,12.0113],[5.6683,12.0365],[5.672,12.0865],[5.6939,12.0889],[5.6941,12.1211],[5.6875,12.1247],[5.6819,12.1305],[5.6788,12.141]]]},"properties":{"name":"MASAMA","state":"36","code":"36/04/05"}},{"type":"Feature","geometry":{"type":"Polygon","coordinates":[[[5.6939,12.0889],[5.672,12.0865],[5.6683,12.0365],[5.6606,12.0113],[5.6544,12.013],[5.6388,12.0157],[5.6135,12.0175],[5.6135,12.0108],[5.6148,11.9978],[5.6132,11.9824],[5.6145,11.9799],[5.6232,11.9751],[5.6241,11.9776],[5.6272,11.9772],[5.6336,11.9786],[5.636,11.9732],[5.6453,11.97],[5.6493,11.9597],[5.6493,11.956],[5.6548,11.9513],[5.6552,11.948],[5.6572,11.9457],[5.6631,11.9462],[5.664,11.9431],[5.6683,11.9422],[5.6703,11.9436],[5.6756,11.9411],[5.6778,11.9382],[5.6797,11.9407],[5.6817,11.9389],[5.6907,11.9357],[5.694,11.9356],[5.6938,11.9446],[5.6931,11.9483],[5.6907,11.9527],[5.6932,11.9544],[5.6988,11.9559],[5.7008,11.9582],[5.708,11.9558],[5.7087,11.9544],[5.7138,11.9532],[5.7186,11.956],[5.7248,11.9552],[5.7252,11.9586],[5.7351,11.9643],[5.7394,11.9662],[5.7403,11.9689],[5.7436,11.97],[5.7479,11.9696],[5.7517,11.9678],[5.7596,11.9674],[5.7626,11.9706],[5.767,11.9729],[5.7755,11.9745],[5.778,11.9766],[5.7885,11.9726],[5.8004,11.9707],[5.837,11.9588],[5.8343,11.9672],[5.8246,12.0002],[5.819,12.0193],[5.8034,12.0235],[5.7755,12.0319],[5.7651,12.0344],[5.7471,12.0461],[5.7436,12.0497],[5.7397,12.0597],[5.74,12.0632],[5.7381,12.07],[5.7392,12.0822],[5.7377,12.088],[5.7083,12.0891],[5.6939,12.0889]]]},"properties":{"name":"NASARAWA","state":"36","code":"36/04/06"}},{"type":"Feature","geometry":{"type":"Polygon","coordinates":[[[5.5672,12.3515],[5.5667,12.3515],[5.5411,12.2728],[5.5561,12.2432],[5.5688,12.2124],[5.5713,12.1953],[5.5752,12.1924],[5.6036,12.1953],[5.602,12.2215],[5.6585,12.2309],[5.6938,12.2398],[5.7225,12.2427],[5.739,12.2486],[5.7518,12.254],[5.749,12.2726],[5.7496,12.2889],[5.7506,12.3239],[5.6915,12.3217],[5.6526,12.3483],[5.5897,12.3506],[5.5672,12.3515]]]},"properties":{"name":"RUWAN JEMA","state":"36","code":"36/04/07"}},{"type":"Feature","geometry":{"type":"Polygon","coordinates":[[[5.7225,12.2427],[5.6938,12.2398],[5.6585,12.2309],[5.602,12.2215],[5.6036,12.1953],[5.5752,12.1924],[5.5789,12.1835],[5.5844,12.1581],[5.5839,12.1541],[5.5856,12.1274],[5.5862,12.1122],[5.5911,12.1096],[5.6012,12.1093],[5.6479,12.1123],[5.6565,12.1135],[5.6575,12.1157],[5.6593,12.1249],[5.6596,12.1289],[5.6583,12.1397],[5.673,12.1408],[5.677,12.1398],[5.6788,12.141],[5.6857,12.1427],[5.6957,12.1372],[5.698,12.1375],[5.7047,12.1406],[5.7082,12.143],[5.7142,12.1498],[5.7189,12.1594],[5.7211,12.1603],[5.7231,12.1806],[5.7247,12.2077],[5.7258,12.2228],[5.7225,12.2427]]]},"properties":{"name":"YASHI","state":"36","code":"36/04/08"}},{"type":"Feature","geometry":{"type":"Polygon","coordinates":[[[5.6132,11.9824],[5.6148,11.9978],[5.6135,12.0108],[5.6135,12.0175],[5.6045,12.0292],[5.5818,12.0396],[5.5385,12.0439],[5.5309,12.0573],[5.5308,12.0607],[5.5319,12.0671],[5.5251,12.0675],[5.5195,12.0774],[5.5048,12.1077],[5.4849,12.1026],[5.4818,12.1029],[5.4739,12.1],[5.4676,12.1017],[5.4607,12.0977],[5.4564,12.0919],[5.4479,12.0925],[5.4111,12.0976],[5.41,12.0954],[5.4069,12.0936],[5.4071,12.0902],[5.4014,12.0783],[5.3884,12.0782],[5.3774,12.0767],[5.3761,12.0783],[5.3701,12.078],[5.3671,12.0804],[5.3671,12.0778],[5.3703,12.0703],[5.3702,12.0654],[5.3656,12.0653],[5.359,12.0461],[5.3623,12.0372],[5.3673,12.0299],[5.3728,12.0238],[5.3738,12.0179],[5.3718,12.016],[5.371,12.0117],[5.3676,12.0086],[5.3675,12.0036],[5.3697,11.9983],[5.3697,11.9957],[5.3599,11.9798],[5.3725,11.9661],[5.3765,11.9555],[5.3924,11.9489],[5.4155,11.9454],[5.4328,11.9464],[5.4604,11.9497],[5.4754,11.9448],[5.5294,11.937],[5.5428,11.9544],[5.5788,11.9664],[5.6122,11.973],[5.6132,11.9824]]]},"properties":{"name":"ZARUMMAI","state":"36","code":"36/04/09"}},{"type":"Feature","geometry":{"type":"Polygon","coordinates":[[[5.4697,12.2526],[5.4651,12.2713],[5.4591,12.2843],[5.4542,12.2967],[5.4387,12.343],[5.4223,12.3533],[5.3965,12.3449],[5.3926,12.3295],[5.3845,12.3243],[5.3757,12.3283],[5.3601,12.3375],[5.3528,12.344],[5.348,12.3456],[5.3412,12.3424],[5.3335,12.3461],[5.3216,12.3492],[5.3173,12.3513],[5.3116,12.3558],[5.3093,12.3414],[5.3203,12.3214],[5.3274,12.3179],[5.3345,12.3099],[5.3376,12.3014],[5.3411,12.2938],[5.3482,12.2836],[5.3541,12.2785],[5.3618,12.276],[5.3805,12.2761],[5.3867,12.2768],[5.3927,12.2755],[5.4027,12.2665],[5.3977,12.2087],[5.3977,12.1968],[5.3937,12.1809],[5.3901,12.172],[5.381,12.1575],[5.347,12.1327],[5.3445,12.1318],[5.3495,12.1264],[5.3538,12.1151],[5.3496,12.1142],[5.3518,12.1096],[5.357,12.1068],[5.3589,12.0992],[5.3606,12.0955],[5.3632,12.0928],[5.3617,12.0909],[5.3639,12.0887],[5.3642,12.0821],[5.3671,12.0804],[5.3701,12.078],[5.3761,12.0783],[5.3774,12.0767],[5.3884,12.0782],[5.4014,12.0783],[5.4071,12.0902],[5.4069,12.0936],[5.41,12.0954],[5.4111,12.0976],[5.4139,12.1023],[5.4234,12.109],[5.4377,12.1236],[5.4364,12.1272],[5.4337,12.1299],[5.4362,12.1349],[5.4393,12.1388],[5.4338,12.1459],[5.433,12.1565],[5.4399,12.1634],[5.4392,12.1747],[5.4404,12.1929],[5.4697,12.2526]]]},"properties":{"name":"ZAUMA","state":"36","code":"36/04/10"}},{"type":"Feature","geometry":{"type":"Polygon","coordinates":[[[6.481,12.1491],[6.4801,12.1487],[6.4623,12.1523],[6.4526,12.147],[6.431,12.1274],[6.4265,12.1273],[6.4269,12.1252],[6.4229,12.1237],[6.4196,12.1205],[6.4185,12.1159],[6.4141,12.1141],[6.4101,12.1093],[6.4098,12.1062],[6.4074,12.1009],[6.4082,12.0953],[6.4069,12.0917],[6.4061,12.0856],[6.405,12.0844],[6.3998,12.0848],[6.3986,12.0801],[6.3956,12.0779],[6.3931,12.0745],[6.3827,12.0698],[6.3784,12.0672],[6.3758,12.0669],[6.374,12.0647],[6.3697,12.0603],[6.3688,12.0564],[6.3649,12.0502],[6.3623,12.0497],[6.3594,12.0435],[6.3558,12.0419],[6.3563,12.0393],[6.3749,12.0332],[6.3788,12.0324],[6.3903,12.0289],[6.395,12.0284],[6.4011,12.0262],[6.4139,12.023],[6.4212,12.0239],[6.4228,12.021],[6.4347,12.0189],[6.4444,12.0178],[6.4573,12.018],[6.4564,11.9893],[6.4623,11.9712],[6.4668,11.9627],[6.4728,11.9574],[6.4786,11.9535],[6.4824,11.9465],[6.4814,11.9347],[6.4874,11.9205],[6.4873,11.9154],[6.4892,11.9098],[6.504,11.8935],[6.5125,11.8914],[6.5298,11.8981],[6.5327,11.9094],[6.532,11.9138],[6.5328,11.917],[6.5354,11.9197],[6.5407,11.9211],[6.5447,11.918],[6.5482,11.9166],[6.5596,11.9153],[6.5819,11.9133],[6.589,11.9121],[6.5966,11.9147],[6.5979,11.9174],[6.597,11.9189],[6.6006,11.925],[6.5999,11.9287],[6.6011,11.931],[6.5994,11.9352],[6.5915,11.9454],[6.5846,11.9509],[6.5838,11.956],[6.5802,11.957],[6.5754,11.9621],[6.5755,11.9663],[6.5769,11.9675],[6.5733,12.0047],[6.5743,12.0111],[6.5747,12.0214],[6.5778,12.0362],[6.5772,12.0413],[6.5798,12.0463],[6.5817,12.056],[6.5777,12.0611],[6.5736,12.0741],[6.5709,12.0883],[6.5635,12.0904],[6.555,12.0968],[6.5539,12.0967],[6.5474,12.1012],[6.5379,12.1114],[6.5247,12.101],[6.5134,12.0984],[6.5114,12.1019],[6.5181,12.1211],[6.5152,12.1283],[6.5017,12.1346],[6.4881,12.1349],[6.4808,12.1477],[6.481,12.1491]]]},"properties":{"name":"BINGI NORTH","state":"36","code":"36/05/01"}},{"type":"Feature","geometry":{"type":"Polygon","coordinates":[[[6.504,11.8935],[6.4811,11.8693],[6.467,11.859],[6.4566,11.8506],[6.4483,11.8365],[6.4373,11.8201],[6.4312,11.8139],[6.4257,11.8112],[6.4172,11.8116],[6.412,11.8072],[6.4084,11.8094],[6.405,11.8097],[6.4031,11.8077],[6.4037,11.8054],[6.4027,11.7839],[6.4023,11.7402],[6.4073,11.7292],[6.4103,11.726],[6.4162,11.7241],[6.4198,11.7218],[6.4212,11.7187],[6.4195,11.7116],[6.4206,11.6963],[6.4286,11.6899],[6.4301,11.687],[6.4297,11.6819],[6.4271,11.6673],[6.4277,11.6641],[6.439,11.6376],[6.446,11.6283],[6.4504,11.6142],[6.4576,11.6014],[6.4587,11.5954],[6.4678,11.5949],[6.4711,11.5968],[6.4732,11.5959],[6.479,11.589],[6.4821,11.5834],[6.4913,11.5811],[6.4957,11.5873],[6.4969,11.5919],[6.4983,11.5943],[6.501,11.5935],[6.5001,11.5983],[6.5016,11.6004],[6.5125,11.6017],[6.5175,11.6035],[6.5202,11.607],[6.5209,11.6112],[6.5235,11.616],[6.5277,11.6192],[6.5488,11.6301],[6.5532,11.6376],[6.5633,11.6526],[6.5677,11.6679],[6.5671,11.6721],[6.5647,11.6728],[6.5638,11.6776],[6.5641,11.6814],[6.561,11.6831],[6.5608,11.6852],[6.5632,11.6875],[6.5639,11.6905],[6.5633,11.6948],[6.5604,11.6999],[6.5609,11.7064],[6.5597,11.7085],[6.5637,11.7129],[6.5606,11.7252],[6.5617,11.7297],[6.5645,11.7328],[6.5634,11.7364],[6.5647,11.7409],[6.5637,11.7427],[6.5665,11.7492],[6.5653,11.7519],[6.5654,11.7566],[6.5693,11.7591],[6.5722,11.7638],[6.5714,11.7682],[6.5733,11.7689],[6.5746,11.7734],[6.5796,11.7778],[6.5762,11.7869],[6.5726,11.7914],[6.5733,11.7932],[6.579,11.7925],[6.583,11.7941],[6.5827,11.803],[6.5866,11.8508],[6.5866,11.8552],[6.5877,11.8602],[6.5916,11.869],[6.5919,11.8717],[6.5957,11.8728],[6.5994,11.8784],[6.6034,11.8797],[6.6158,11.8863],[6.6172,11.8879],[6.6178,11.8888],[6.6164,11.8984],[6.6127,11.8997],[6.6091,11.9063],[6.6097,11.9115],[6.6035,11.9175],[6.5979,11.9174],[6.5966,11.9147],[6.589,11.9121],[6.5819,11.9133],[6.5596,11.9153],[6.5482,11.9166],[6.5447,11.918],[6.5407,11.9211],[6.5354,11.9197],[6.5328,11.917],[6.532,11.9138],[6.5327,11.9094],[6.5298,11.8981],[6.5125,11.8914],[6.504,11.8935]]]},"properties":{"name":"BINGI SOUTH","state":"36","code":"36/05/02"}},{"type":"Feature","geometry":{"type":"Polygon","coordinates":[[[6.6655,12.2723],[6.669,12.2748],[6.6685,12.2782],[6.6717,12.2835],[6.6702,12.2901],[6.6738,12.2958],[6.6673,12.2978],[6.6613,12.298],[6.6559,12.304],[6.656,12.3092],[6.6533,12.3129],[6.6462,12.3159],[6.6347,12.3147],[6.6306,12.3152],[6.6254,12.3174],[6.6144,12.3272],[6.6173,12.3373],[6.6173,12.3547],[6.6162,12.3576],[6.5953,12.3611],[6.591,12.3589],[6.5868,12.3583],[6.5879,12.3563],[6.5859,12.3498],[6.5844,12.3493],[6.5809,12.3439],[6.5833,12.34],[6.5749,12.3266],[6.5671,12.3266],[6.5711,12.3145],[6.5788,12.3049],[6.5815,12.294],[6.5767,12.2931],[6.5731,12.2934],[6.5672,12.2984],[6.5614,12.3049],[6.5592,12.3091],[6.552,12.3151],[6.5383,12.3139],[6.526,12.3106],[6.5156,12.3058],[6.5118,12.3029],[6.512,12.2987],[6.514,12.2848],[6.5149,12.2683],[6.5236,12.2669],[6.5276,12.2655],[6.534,12.2666],[6.5415,12.263],[6.5495,12.2633],[6.5561,12.2603],[6.5589,12.2554],[6.5619,12.2587],[6.5675,12.2597],[6.5701,12.2633],[6.5792,12.2654],[6.5857,12.2695],[6.5888,12.2775],[6.6177,12.293],[6.6254,12.2856],[6.6305,12.286],[6.6307,12.2828],[6.638,12.2769],[6.6482,12.2753],[6.6614,12.2697],[6.6655,12.2723]]]},"properties":{"name":"BUNGUDU","state":"36","code":"36/05/03"}},{"type":"Feature","geometry":{"type":"Polygon","coordinates":[[[6.5709,12.0883],[6.5751,12.0982],[6.5767,12.1032],[6.5711,12.1065],[6.5678,12.111],[6.5682,12.1188],[6.5713,12.1268],[6.5815,12.1401],[6.5821,12.1455],[6.5849,12.1576],[6.583,12.1774],[6.5865,12.1855],[6.591,12.1979],[6.5926,12.1989],[6.6045,12.1983],[6.6133,12.1987],[6.6208,12.1999],[6.6221,12.2031],[6.6243,12.2045],[6.6269,12.2036],[6.63,12.2062],[6.6294,12.2108],[6.6384,12.2189],[6.6431,12.2247],[6.645,12.2258],[6.6545,12.2236],[6.6595,12.2205],[6.6632,12.2213],[6.6655,12.2188],[6.67,12.2194],[6.6747,12.2245],[6.6727,12.2438],[6.6696,12.2449],[6.6712,12.2516],[6.6707,12.2546],[6.6671,12.2584],[6.6696,12.2593],[6.6711,12.2623],[6.6686,12.2681],[6.6655,12.2723],[6.6614,12.2697],[6.6482,12.2753],[6.638,12.2769],[6.6307,12.2828],[6.6305,12.286],[6.6254,12.2856],[6.6177,12.293],[6.5888,12.2775],[6.5857,12.2695],[6.5792,12.2654],[6.5701,12.2633],[6.5675,12.2597],[6.5619,12.2587],[6.5589,12.2554],[6.5561,12.2603],[6.5495,12.2633],[6.5415,12.263],[6.534,12.2666],[6.5276,12.2655],[6.5236,12.2669],[6.5149,12.2683],[6.5134,12.2547],[6.5149,12.2514],[6.5157,12.2422],[6.5138,12.2396],[6.5076,12.2237],[6.5092,12.2185],[6.5125,12.2115],[6.5119,12.206],[6.5084,12.1961],[6.5021,12.1906],[6.4989,12.1895],[6.4994,12.1833],[6.4981,12.1796],[6.4972,12.1735],[6.4931,12.1663],[6.4906,12.1607],[6.4864,12.1532],[6.481,12.1491],[6.4808,12.1477],[6.4881,12.1349],[6.5017,12.1346],[6.5152,12.1283],[6.5181,12.1211],[6.5114,12.1019],[6.5134,12.0984],[6.5247,12.101],[6.5379,12.1114],[6.5474,12.1012],[6.5539,12.0967],[6.555,12.0968],[6.5635,12.0904],[6.5709,12.0883]]]},"properties":{"name":"FURFURI/KWAI-KWAI","state":"36","code":"36/05/04"}},{"type":"Feature","geometry":{"type":"Polygon","coordinates":[[[6.481,12.1491],[6.4864,12.1532],[6.4906,12.1607],[6.4931,12.1663],[6.4972,12.1735],[6.4981,12.1796],[6.4994,12.1833],[6.4989,12.1895],[6.5021,12.1906],[6.5084,12.1961],[6.5119,12.206],[6.5125,12.2115],[6.5092,12.2185],[6.5076,12.2237],[6.5138,12.2396],[6.5157,12.2422],[6.5149,12.2514],[6.5134,12.2547],[6.5149,12.2683],[6.514,12.2848],[6.512,12.2987],[6.5118,12.3029],[6.5156,12.3058],[6.526,12.3106],[6.5383,12.3139],[6.536,12.3213],[6.5353,12.3274],[6.5279,12.3434],[6.525,12.3452],[6.522,12.3445],[6.522,12.342],[6.5152,12.3404],[6.5113,12.3388],[6.5057,12.3384],[6.4998,12.334],[6.4973,12.3348],[6.4919,12.3315],[6.4863,12.3302],[6.4839,12.3404],[6.4898,12.3483],[6.4893,12.3513],[6.4859,12.3551],[6.4861,12.3587],[6.4823,12.3594],[6.4793,12.3642],[6.48,12.3697],[6.4849,12.3793],[6.485,12.3821],[6.4786,12.3943],[6.4818,12.4032],[6.4877,12.4054],[6.5003,12.4129],[6.495,12.4305],[6.4804,12.4292],[6.4708,12.4122],[6.4675,12.4128],[6.4624,12.4107],[6.4602,12.4108],[6.4556,12.4081],[6.4548,12.401],[6.4536,12.3978],[6.4508,12.3956],[6.4481,12.3918],[6.4447,12.3887],[6.4449,12.3813],[6.4466,12.3751],[6.4456,12.3693],[6.4443,12.3684],[6.4494,12.3552],[6.4553,12.3536],[6.4554,12.3424],[6.4492,12.3322],[6.4462,12.3248],[6.4368,12.3189],[6.4386,12.3153],[6.4425,12.3145],[6.4425,12.3031],[6.4415,12.2961],[6.4413,12.2901],[6.4435,12.2814],[6.4438,12.2765],[6.4471,12.2715],[6.4446,12.2707],[6.4453,12.2643],[6.4355,12.2586],[6.439,12.2541],[6.4339,12.2502],[6.4332,12.2476],[6.4347,12.2457],[6.4344,12.2392],[6.4316,12.2355],[6.4335,12.2307],[6.4318,12.2258],[6.4288,12.2263],[6.4229,12.2242],[6.4242,12.2205],[6.4242,12.2159],[6.4316,12.2138],[6.4329,12.2074],[6.4359,12.2029],[6.437,12.1987],[6.4364,12.1962],[6.4383,12.1921],[6.4372,12.1896],[6.4385,12.1862],[6.4379,12.1831],[6.4308,12.1814],[6.4277,12.1786],[6.4167,12.1766],[6.4082,12.1707],[6.4046,12.1703],[6.4022,12.1686],[6.3983,12.1628],[6.3967,12.1586],[6.3848,12.1528],[6.3808,12.1398],[6.3769,12.1371],[6.3768,12.1314],[6.3757,12.1284],[6.3733,12.1261],[6.3738,12.1234],[6.3772,12.1182],[6.3738,12.1151],[6.3733,12.1103],[6.3688,12.1008],[6.3727,12.0879],[6.3741,12.0866],[6.3739,12.082],[6.3727,12.0797],[6.3748,12.0703],[6.3721,12.0654],[6.374,12.0647],[6.3758,12.0669],[6.3784,12.0672],[6.3827,12.0698],[6.3931,12.0745],[6.3956,12.0779],[6.3986,12.0801],[6.3998,12.0848],[6.405,12.0844],[6.4061,12.0856],[6.4069,12.0917],[6.4082,12.0953],[6.4074,12.1009],[6.4098,12.1062],[6.4101,12.1093],[6.4141,12.1141],[6.4185,12.1159],[6.4196,12.1205],[6.4229,12.1237],[6.4269,12.1252],[6.4265,12.1273],[6.431,12.1274],[6.4526,12.147],[6.4623,12.1523],[6.4801,12.1487],[6.481,12.1491]]]},"properties":{"name":"GADA / KARAKKAI","state":"36","code":"36/05/05"}},{"type":"Feature","geometry":{"type":"Polygon","coordinates":[[[6.5868,12.3583],[6.5852,12.3609],[6.5817,12.3603],[6.5818,12.3826],[6.5784,12.3947],[6.5765,12.4044],[6.573,12.4104],[6.5738,12.412],[6.5792,12.4152],[6.5763,12.4196],[6.5715,12.4453],[6.5639,12.4383],[6.5568,12.4371],[6.5449,12.4379],[6.5377,12.4425],[6.5322,12.447],[6.5288,12.4456],[6.5269,12.4474],[6.5178,12.4484],[6.5008,12.4465],[6.495,12.4305],[6.5003,12.4129],[6.4877,12.4054],[6.4818,12.4032],[6.4786,12.3943],[6.485,12.3821],[6.4849,12.3793],[6.48,12.3697],[6.4793,12.3642],[6.4823,12.3594],[6.4861,12.3587],[6.4859,12.3551],[6.4893,12.3513],[6.4898,12.3483],[6.4839,12.3404],[6.4863,12.3302],[6.4919,12.3315],[6.4973,12.3348],[6.4998,12.334],[6.5057,12.3384],[6.5113,12.3388],[6.5152,12.3404],[6.522,12.342],[6.522,12.3445],[6.525,12.3452],[6.5279,12.3434],[6.5353,12.3274],[6.536,12.3213],[6.5383,12.3139],[6.552,12.3151],[6.5592,12.3091],[6.5614,12.3049],[6.5672,12.2984],[6.5731,12.2934],[6.5767,12.2931],[6.5815,12.294],[6.5788,12.3049],[6.5711,12.3145],[6.5671,12.3266],[6.5749,12.3266],[6.5833,12.34],[6.5809,12.3439],[6.5844,12.3493],[6.5859,12.3498],[6.5879,12.3563],[6.5868,12.3583]]]},"properties":{"name":"NAHUCE","state":"36","code":"36/05/06"}},{"type":"Feature","geometry":{"type":"Polygon","coordinates":[[[6.8941,12.2029],[6.8936,12.2031],[6.8901,12.2177],[6.8828,12.2259],[6.8829,12.2301],[6.8811,12.2326],[6.8808,12.2381],[6.8823,12.24],[6.8812,12.2426],[6.8822,12.2468],[6.8843,12.2494],[6.8829,12.2483],[6.8638,12.2389],[6.8579,12.241],[6.8583,12.234],[6.8466,12.2234],[6.8358,12.182],[6.8319,12.1747],[6.8124,12.1535],[6.8124,12.1443],[6.8097,12.1404],[6.8125,12.1397],[6.8127,12.131],[6.8038,12.1238],[6.7843,12.1112],[6.7843,12.1033],[6.7829,12.1011],[6.7876,12.1007],[6.7873,12.0975],[6.7956,12.0974],[6.7972,12.0994],[6.7995,12.0972],[6.8103,12.0949],[6.8246,12.088],[6.8269,12.0774],[6.8591,12.0835],[6.8623,12.0764],[6.878,12.0789],[6.8697,12.0946],[6.8858,12.1052],[6.8965,12.1189],[6.8999,12.1316],[6.9049,12.1486],[6.9068,12.1597],[6.9042,12.1618],[6.9055,12.1647],[6.9014,12.1643],[6.8962,12.1687],[6.8967,12.1733],[6.8959,12.1818],[6.8988,12.184],[6.9003,12.1888],[6.8997,12.1915],[6.8953,12.1895],[6.8941,12.2029]]]},"properties":{"name":"KWATARKWASHI","state":"36","code":"36/05/07"}},{"type":"Feature","geometry":{"type":"Polygon","coordinates":[[[6.6655,12.2723],[6.6686,12.2681],[6.6711,12.2623],[6.6696,12.2593],[6.6671,12.2584],[6.6707,12.2546],[6.6712,12.2516],[6.6696,12.2449],[6.6727,12.2438],[6.6747,12.2245],[6.6774,12.2038],[6.68,12.2015],[6.684,12.1955],[6.6897,12.1943],[6.7016,12.1974],[6.7291,12.1995],[6.7422,12.2023],[6.7433,12.2037],[6.7416,12.2068],[6.7426,12.219],[6.7449,12.2198],[6.7471,12.2229],[6.7445,12.2296],[6.7424,12.2318],[6.741,12.2358],[6.7424,12.2376],[6.7407,12.2412],[6.7411,12.2497],[6.736,12.2549],[6.7308,12.2534],[6.7312,12.2589],[6.7327,12.2634],[6.7373,12.2721],[6.7338,12.2837],[6.7356,12.2868],[6.7352,12.2896],[6.738,12.294],[6.7367,12.2994],[6.7329,12.3041],[6.7354,12.3101],[6.7372,12.3113],[6.728,12.3134],[6.7263,12.3151],[6.7199,12.3164],[6.7137,12.3158],[6.7082,12.3151],[6.7064,12.3164],[6.7023,12.3165],[6.6993,12.3153],[6.69,12.3134],[6.6845,12.3133],[6.6753,12.3204],[6.6739,12.3246],[6.6749,12.3267],[6.6841,12.3299],[6.6834,12.3343],[6.6852,12.3415],[6.6841,12.3441],[6.6858,12.3464],[6.6795,12.3472],[6.6749,12.3462],[6.6705,12.3437],[6.6629,12.3428],[6.6606,12.3421],[6.6541,12.3374],[6.6497,12.3394],[6.6461,12.3387],[6.6427,12.3362],[6.639,12.337],[6.6385,12.3434],[6.6372,12.3453],[6.6385,12.3487],[6.6333,12.3526],[6.6284,12.3594],[6.6331,12.3677],[6.6301,12.3731],[6.6254,12.3844],[6.6229,12.3839],[6.6174,12.3896],[6.6076,12.4049],[6.6078,12.4217],[6.606,12.429],[6.5979,12.4475],[6.5898,12.4473],[6.5715,12.4453],[6.5763,12.4196],[6.5792,12.4152],[6.5738,12.412],[6.573,12.4104],[6.5765,12.4044],[6.5784,12.3947],[6.5818,12.3826],[6.5817,12.3603],[6.5852,12.3609],[6.5868,12.3583],[6.591,12.3589],[6.5953,12.3611],[6.6162,12.3576],[6.6173,12.3547],[6.6173,12.3373],[6.6144,12.3272],[6.6254,12.3174],[6.6306,12.3152],[6.6347,12.3147],[6.6462,12.3159],[6.6533,12.3129],[6.656,12.3092],[6.6559,12.304],[6.6613,12.298],[6.6673,12.2978],[6.6738,12.2958],[6.6702,12.2901],[6.6717,12.2835],[6.6685,12.2782],[6.669,12.2748],[6.6655,12.2723]]]},"properties":{"name":"RAWAYYA/ BELA","state":"36","code":"36/05/08"}},{"type":"Feature","geometry":{"type":"Polygon","coordinates":[[[6.7422,12.2023],[6.7412,12.1984],[6.7432,12.1912],[6.7479,12.181],[6.7604,12.1892],[6.7628,12.1914],[6.7792,12.1859],[6.7945,12.1844],[6.7947,12.1871],[6.7987,12.1972],[6.7931,12.2074],[6.7894,12.2161],[6.7831,12.2172],[6.7728,12.2375],[6.7716,12.243],[6.7691,12.2504],[6.773,12.2668],[6.7763,12.2834],[6.7835,12.2864],[6.7806,12.2952],[6.7756,12.2977],[6.7728,12.2971],[6.7712,12.3],[6.7547,12.3],[6.7538,12.3053],[6.744,12.3093],[6.7372,12.3113],[6.7354,12.3101],[6.7329,12.3041],[6.7367,12.2994],[6.738,12.294],[6.7352,12.2896],[6.7356,12.2868],[6.7338,12.2837],[6.7373,12.2721],[6.7327,12.2634],[6.7312,12.2589],[6.7308,12.2534],[6.736,12.2549],[6.7411,12.2497],[6.7407,12.2412],[6.7424,12.2376],[6.741,12.2358],[6.7424,12.2318],[6.7445,12.2296],[6.7471,12.2229],[6.7449,12.2198],[6.7426,12.219],[6.7416,12.2068],[6.7433,12.2037],[6.7422,12.2023]]]},"properties":{"name":"SAMAWA","state":"36","code":"36/05/09"}},{"type":"Feature","geometry":{"type":"Polygon","coordinates":[[[6.8319,12.1747],[6.8257,12.1772],[6.8186,12.1794],[6.8122,12.1788],[6.8052,12.1796],[6.7949,12.1784],[6.7945,12.1844],[6.7792,12.1859],[6.7628,12.1914],[6.7604,12.1892],[6.7479,12.181],[6.7537,12.1688],[6.7587,12.1606],[6.7597,12.1519],[6.7589,12.1414],[6.7567,12.1376],[6.7843,12.1112],[6.8038,12.1238],[6.8127,12.131],[6.8125,12.1397],[6.8097,12.1404],[6.8124,12.1443],[6.8124,12.1535],[6.8319,12.1747]]]},"properties":{"name":"SANKALAWA","state":"36","code":"36/05/10"}},{"type":"Feature","geometry":{"type":"Polygon","coordinates":[[[6.8376,12.278],[6.8328,12.2772],[6.8217,12.2786],[6.8083,12.2792],[6.8036,12.2791],[6.8003,12.2842],[6.7956,12.2858],[6.7835,12.2864],[6.7763,12.2834],[6.773,12.2668],[6.7691,12.2504],[6.7716,12.243],[6.7728,12.2375],[6.7831,12.2172],[6.7894,12.2161],[6.7931,12.2074],[6.7987,12.1972],[6.7947,12.1871],[6.7945,12.1844],[6.7949,12.1784],[6.8052,12.1796],[6.8122,12.1788],[6.8186,12.1794],[6.8257,12.1772],[6.8319,12.1747],[6.8358,12.182],[6.8466,12.2234],[6.8583,12.234],[6.8579,12.241],[6.8638,12.2389],[6.8829,12.2483],[6.8843,12.2494],[6.8852,12.2535],[6.8879,12.2547],[6.8892,12.258],[6.8932,12.2581],[6.8964,12.261],[6.8947,12.2667],[6.8985,12.2762],[6.8965,12.2761],[6.8939,12.2725],[6.8895,12.2704],[6.8886,12.2677],[6.8838,12.2685],[6.8805,12.2671],[6.8738,12.2676],[6.8628,12.2697],[6.8434,12.2753],[6.8376,12.278]]]},"properties":{"name":"TOFA","state":"36","code":"36/05/11"}},{"type":"Feature","geometry":{"type":"Polygon","coordinates":[[[5.2708,11.78],[5.2729,11.7833],[5.2724,11.7908],[5.2708,11.795],[5.271,11.7977],[5.2687,11.802],[5.2673,11.8089],[5.2692,11.8169],[5.2718,11.824],[5.2854,11.8346],[5.2937,11.8515],[5.2931,11.8609],[5.2961,11.8647],[5.2959,11.8725],[5.2932,11.8838],[5.2892,11.8879],[5.2886,11.8931],[5.2865,11.8995],[5.2825,11.8989],[5.2759,11.8959],[5.2711,11.8969],[5.2648,11.8936],[5.2611,11.8943],[5.2576,11.8964],[5.2538,11.8949],[5.2458,11.8935],[5.2417,11.8947],[5.2321,11.8948],[5.2248,11.9047],[5.2116,11.9211],[5.2039,11.9281],[5.2017,11.9429],[5.2013,11.9491],[5.1991,11.9558],[5.1931,11.9559],[5.1921,11.958],[5.1944,11.9636],[5.1936,11.9651],[5.1893,11.9656],[5.1871,11.9637],[5.1847,11.9592],[5.1823,11.9565],[5.1784,11.9571],[5.1751,11.9563],[5.1714,11.9574],[5.1715,11.9598],[5.168,11.9614],[5.1626,11.967],[5.159,11.9679],[5.156,11.967],[5.1496,11.9677],[5.148,11.9648],[5.1442,11.9626],[5.1424,11.9588],[5.1373,11.9555],[5.1328,11.9571],[5.1313,11.9608],[5.1325,11.9662],[5.1296,11.9693],[5.1254,11.9716],[5.1207,11.9725],[5.1133,11.9722],[5.1096,11.9747],[5.1056,11.9788],[5.1078,11.9812],[5.1103,11.9885],[5.1072,11.9917],[5.1023,11.9929],[5.0958,12.0021],[5.0935,12.0038],[5.0926,12.0077],[5.0899,12.0082],[5.0859,12.0109],[5.0815,12.0117],[5.0768,12.0152],[5.0736,12.0156],[5.0719,12.0184],[5.0692,12.0193],[5.0684,12.0217],[5.0728,12.0231],[5.0728,12.0265],[5.0697,12.0299],[5.0743,12.0307],[5.0762,12.0375],[5.0765,12.0454],[5.0776,12.0535],[5.08,12.0591],[5.0927,12.0716],[5.06,12.0876],[5.0416,12.085],[5.022,12.0843],[5.0006,12.0827],[4.9942,12.0839],[4.9896,12.083],[4.9863,12.0854],[4.9792,12.0869],[4.9686,12.0919],[4.967,12.0907],[4.9639,12.0986],[4.9611,12.1006],[4.9596,12.1037],[4.9566,12.1022],[4.9548,12.0984],[4.9349,12.1013],[4.9332,12.0931],[4.9316,12.0905],[4.9304,12.0735],[4.9524,12.0689],[4.9522,12.0348],[4.9498,11.9873],[4.9631,11.982],[4.9918,11.9483],[4.998,11.9357],[5.0104,11.9394],[5.0122,11.9375],[5.0126,11.9302],[5.0086,11.9244],[5.004,11.9202],[5.0015,11.9166],[4.9977,11.9171],[4.9897,11.9077],[4.9773,11.8952],[4.977,11.8886],[4.9682,11.8757],[4.953,11.8633],[4.9446,11.8551],[4.9381,11.8495],[4.9366,11.8492],[4.9313,11.8361],[4.9262,11.8202],[4.9264,11.8138],[4.9228,11.7972],[4.9231,11.7948],[4.9196,11.7899],[4.9293,11.7646],[4.941,11.7308],[4.9441,11.7323],[4.945,11.735],[4.9527,11.7393],[4.9603,11.7397],[4.9639,11.7385],[4.9661,11.736],[4.9737,11.7382],[4.9773,11.737],[4.9871,11.7407],[4.988,11.745],[4.9923,11.7466],[4.9953,11.7447],[5.0005,11.748],[5.0057,11.7466],[5.0088,11.7493],[5.01,11.7454],[5.0145,11.7442],[5.0228,11.7362],[5.0273,11.7336],[5.0285,11.731],[5.0272,11.7275],[5.0272,11.7231],[5.0303,11.7198],[5.0342,11.7195],[5.0381,11.7234],[5.0417,11.7245],[5.0516,11.7201],[5.0541,11.7155],[5.0578,11.7117],[5.0628,11.7081],[5.0655,11.7089],[5.0651,11.7114],[5.0712,11.7199],[5.0719,11.7248],[5.0784,11.7309],[5.0846,11.7324],[5.0948,11.7365],[5.103,11.7378],[5.1085,11.735],[5.1124,11.7346],[5.1249,11.7298],[5.1273,11.731],[5.1296,11.7289],[5.137,11.7308],[5.1404,11.7305],[5.145,11.7325],[5.1459,11.7369],[5.1512,11.7385],[5.1577,11.7372],[5.1589,11.7407],[5.1638,11.7433],[5.1682,11.7436],[5.1702,11.7422],[5.1774,11.7441],[5.1814,11.7503],[5.1818,11.7534],[5.184,11.7597],[5.1829,11.7673],[5.173,11.769],[5.168,11.7759],[5.1662,11.7799],[5.1704,11.7833],[5.1742,11.7834],[5.1773,11.7878],[5.1779,11.7924],[5.1825,11.792],[5.1858,11.7887],[5.1898,11.7866],[5.1906,11.7841],[5.1952,11.7836],[5.2023,11.7808],[5.2141,11.7751],[5.2153,11.7684],[5.2207,11.7655],[5.2193,11.7578],[5.2288,11.7564],[5.238,11.7559],[5.2538,11.7648],[5.2548,11.7673],[5.2517,11.7743],[5.2579,11.7735],[5.2638,11.7751],[5.2681,11.7791],[5.2708,11.78]]]},"properties":{"name":"BARDOKI","state":"36","code":"36/06/01"}},{"type":"Feature","geometry":{"type":"Polygon","coordinates":[[[5.3116,12.3558],[5.2762,12.342],[5.2645,12.2817],[5.2726,12.2614],[5.2778,12.2394],[5.2574,12.2295],[5.2477,12.223],[5.2213,12.2218],[5.2295,12.2036],[5.2333,12.1967],[5.2342,12.1929],[5.2388,12.1829],[5.2499,12.1658],[5.2618,12.149],[5.264,12.1469],[5.2673,12.1518],[5.273,12.1587],[5.2754,12.1589],[5.2825,12.1545],[5.2864,12.1588],[5.294,12.1614],[5.2976,12.1602],[5.3018,12.152],[5.3154,12.147],[5.3244,12.1452],[5.3262,12.1431],[5.3322,12.1403],[5.3331,12.1409],[5.3416,12.1361],[5.3445,12.1318],[5.347,12.1327],[5.381,12.1575],[5.3901,12.172],[5.3937,12.1809],[5.3977,12.1968],[5.3977,12.2087],[5.4027,12.2665],[5.3927,12.2755],[5.3867,12.2768],[5.3805,12.2761],[5.3618,12.276],[5.3541,12.2785],[5.3482,12.2836],[5.3411,12.2938],[5.3376,12.3014],[5.3345,12.3099],[5.3274,12.3179],[5.3203,12.3214],[5.3093,12.3414],[5.3116,12.3558]]]},"properties":{"name":"BIRNIN MAGAJI","state":"36","code":"36/06/02"}},{"type":"Feature","geometry":{"type":"Polygon","coordinates":[[[5.3599,11.9798],[5.3697,11.9957],[5.3697,11.9983],[5.3675,12.0036],[5.3676,12.0086],[5.371,12.0117],[5.3718,12.016],[5.3738,12.0179],[5.3728,12.0238],[5.3673,12.0299],[5.3623,12.0372],[5.359,12.0461],[5.3656,12.0653],[5.3702,12.0654],[5.3703,12.0703],[5.3671,12.0778],[5.3671,12.0804],[5.3642,12.0821],[5.3639,12.0887],[5.3617,12.0909],[5.3632,12.0928],[5.3606,12.0955],[5.3589,12.0992],[5.357,12.1068],[5.3518,12.1096],[5.3496,12.1142],[5.3538,12.1151],[5.3495,12.1264],[5.3445,12.1318],[5.3416,12.1361],[5.3331,12.1409],[5.3322,12.1403],[5.3262,12.1431],[5.3244,12.1452],[5.3154,12.147],[5.3018,12.152],[5.2976,12.1602],[5.294,12.1614],[5.2864,12.1588],[5.2825,12.1545],[5.2754,12.1589],[5.273,12.1587],[5.2673,12.1518],[5.264,12.1469],[5.2614,12.1427],[5.2578,12.1394],[5.2591,12.1367],[5.266,12.13],[5.2663,12.1227],[5.2632,12.1169],[5.255,12.1068],[5.2367,12.1142],[5.2336,12.1096],[5.2303,12.108],[5.2251,12.1072],[5.2217,12.1102],[5.216,12.1055],[5.2129,12.1052],[5.2082,12.1008],[5.209,12.0948],[5.2078,12.0882],[5.1947,12.0824],[5.1952,12.0601],[5.1781,12.0207],[5.1702,12.0179],[5.1711,12.016],[5.1748,12.0149],[5.179,12.009],[5.1808,12.0079],[5.1829,11.9977],[5.1867,11.9937],[5.194,11.9655],[5.1936,11.9651],[5.1944,11.9636],[5.1921,11.958],[5.1931,11.9559],[5.1991,11.9558],[5.2013,11.9491],[5.2017,11.9429],[5.2039,11.9281],[5.2116,11.9211],[5.2248,11.9047],[5.2321,11.8948],[5.2417,11.8947],[5.2458,11.8935],[5.2538,11.8949],[5.2576,11.8964],[5.2611,11.8943],[5.2648,11.8936],[5.2711,11.8969],[5.2759,11.8959],[5.2825,11.8989],[5.2865,11.8995],[5.2852,11.9075],[5.2832,11.9084],[5.2834,11.9194],[5.2821,11.9224],[5.2831,11.9258],[5.2829,11.9318],[5.288,11.9308],[5.2941,11.9342],[5.3005,11.941],[5.3017,11.9463],[5.3016,11.9531],[5.3076,11.9591],[5.3076,11.9634],[5.3205,11.9701],[5.329,11.9729],[5.3599,11.9798]]]},"properties":{"name":"BIRNIN TUDU","state":"36","code":"36/06/03"}},{"type":"Feature","geometry":{"type":"Polygon","coordinates":[[[5.2213,12.2218],[5.2166,12.2225],[5.208,12.218],[5.1975,12.2157],[5.1916,12.2135],[5.1818,12.2132],[5.1718,12.2065],[5.1691,12.2038],[5.1695,12.1987],[5.1648,12.1972],[5.1634,12.1952],[5.1663,12.1901],[5.1746,12.1862],[5.1867,12.1846],[5.1923,12.1821],[5.1936,12.1728],[5.1955,12.1653],[5.1984,12.1625],[5.1999,12.158],[5.2074,12.1536],[5.2083,12.149],[5.2019,12.1435],[5.1972,12.1405],[5.1948,12.1374],[5.1906,12.1358],[5.1939,12.12],[5.1947,12.0824],[5.2078,12.0882],[5.209,12.0948],[5.2082,12.1008],[5.2129,12.1052],[5.216,12.1055],[5.2217,12.1102],[5.2251,12.1072],[5.2303,12.108],[5.2336,12.1096],[5.2367,12.1142],[5.255,12.1068],[5.2632,12.1169],[5.2663,12.1227],[5.266,12.13],[5.2591,12.1367],[5.2578,12.1394],[5.2614,12.1427],[5.264,12.1469],[5.2618,12.149],[5.2499,12.1658],[5.2388,12.1829],[5.2342,12.1929],[5.2333,12.1967],[5.2295,12.2036],[5.2213,12.2218]]]},"properties":{"name":"FALALE","state":"36","code":"36/06/04"}},{"type":"Feature","geometry":{"type":"Polygon","coordinates":[[[5.126,12.2857],[5.1163,12.2834],[5.1021,12.2849],[5.0849,12.2939],[5.0991,12.2552],[5.1175,12.2484],[5.1259,12.2426],[5.1274,12.2358],[5.1266,12.2275],[5.1208,12.2269],[5.1195,12.2286],[5.1161,12.2278],[5.1102,12.2308],[5.1097,12.2284],[5.1127,12.2229],[5.1131,12.2197],[5.1088,12.2166],[5.1033,12.2144],[5.0975,12.2111],[5.1029,12.2027],[5.1067,12.1992],[5.1073,12.1967],[5.1125,12.1845],[5.1154,12.179],[5.1157,12.1739],[5.119,12.1706],[5.1227,12.1684],[5.1248,12.1724],[5.1244,12.1753],[5.1283,12.1752],[5.1281,12.1712],[5.1305,12.17],[5.1383,12.1745],[5.1456,12.1751],[5.1487,12.1734],[5.1527,12.1696],[5.1544,12.1662],[5.1553,12.1606],[5.1616,12.1558],[5.1629,12.1586],[5.1652,12.1598],[5.1689,12.159],[5.1712,12.1506],[5.1743,12.1483],[5.1783,12.1474],[5.1795,12.1457],[5.1815,12.1388],[5.185,12.1351],[5.1906,12.1358],[5.1948,12.1374],[5.1972,12.1405],[5.2019,12.1435],[5.2083,12.149],[5.2074,12.1536],[5.1999,12.158],[5.1984,12.1625],[5.1955,12.1653],[5.1936,12.1728],[5.1923,12.1821],[5.1867,12.1846],[5.1746,12.1862],[5.1663,12.1901],[5.1634,12.1952],[5.1648,12.1972],[5.1695,12.1987],[5.1691,12.2038],[5.1718,12.2065],[5.1818,12.2132],[5.1916,12.2135],[5.1975,12.2157],[5.208,12.218],[5.2166,12.2225],[5.2213,12.2218],[5.2477,12.223],[5.2574,12.2295],[5.2778,12.2394],[5.2726,12.2614],[5.2645,12.2817],[5.2762,12.342],[5.264,12.338],[5.248,12.3332],[5.2416,12.3313],[5.2036,12.3225],[5.1995,12.3229],[5.1886,12.3229],[5.1819,12.3225],[5.1775,12.3191],[5.1716,12.3202],[5.1602,12.3161],[5.1557,12.3128],[5.1525,12.3095],[5.1477,12.3065],[5.1379,12.2932],[5.1335,12.2888],[5.128,12.2857],[5.126,12.2857]]]},"properties":{"name":"FELFELDU / GAMO","state":"36","code":"36/06/05"}},{"type":"Feature","geometry":{"type":"Polygon","coordinates":[[[4.8663,12.1365],[4.8686,12.1329],[4.8746,12.1182],[4.8646,12.0909],[4.8646,12.0677],[4.8633,12.0594],[4.8607,12.0476],[4.8707,12.0286],[4.8671,11.9421],[4.8667,11.9327],[4.9444,11.8808],[4.9682,11.8757],[4.977,11.8886],[4.9773,11.8952],[4.9897,11.9077],[4.9977,11.9171],[5.0015,11.9166],[5.004,11.9202],[5.0086,11.9244],[5.0126,11.9302],[5.0122,11.9375],[5.0104,11.9394],[4.998,11.9357],[4.9918,11.9483],[4.9631,11.982],[4.9498,11.9873],[4.9522,12.0348],[4.9524,12.0689],[4.9304,12.0735],[4.9316,12.0905],[4.9332,12.0931],[4.9349,12.1013],[4.9548,12.0984],[4.9566,12.1022],[4.9564,12.105],[4.9545,12.1083],[4.9522,12.1094],[4.9532,12.1125],[4.9556,12.1138],[4.9572,12.1184],[4.9547,12.1189],[4.953,12.1263],[4.9514,12.1288],[4.9452,12.1318],[4.9386,12.1289],[4.9349,12.1298],[4.9327,12.132],[4.9261,12.1303],[4.924,12.1311],[4.923,12.1341],[4.9267,12.1359],[4.9268,12.1377],[4.9232,12.1421],[4.9245,12.1455],[4.9235,12.1478],[4.9194,12.1487],[4.9163,12.1524],[4.9109,12.1541],[4.9081,12.1567],[4.9054,12.1573],[4.9045,12.162],[4.9087,12.1636],[4.9075,12.1661],[4.9078,12.1772],[4.9123,12.1748],[4.9141,12.1788],[4.9178,12.1815],[4.9304,12.1805],[4.938,12.1811],[4.9436,12.1822],[4.9482,12.2098],[4.9504,12.2313],[4.9336,12.2307],[4.8779,12.2298],[4.875,12.2297],[4.8727,12.2082],[4.8617,12.1596],[4.8663,12.1365]]]},"properties":{"name":"GAYARI","state":"36","code":"36/06/06"}},{"type":"Feature","geometry":{"type":"Polygon","coordinates":[[[5.06,12.0876],[5.0548,12.0994],[5.0344,12.1083],[5.0236,12.1331],[5.0316,12.1357],[5.0363,12.141],[5.046,12.1498],[5.0419,12.1568],[5.0294,12.1715],[5.0272,12.1751],[5.0109,12.1666],[4.9923,12.1583],[4.9789,12.1543],[4.9685,12.1497],[4.9396,12.1341],[4.9349,12.1298],[4.9386,12.1289],[4.9452,12.1318],[4.9514,12.1288],[4.953,12.1263],[4.9547,12.1189],[4.9572,12.1184],[4.9556,12.1138],[4.9532,12.1125],[4.9522,12.1094],[4.9545,12.1083],[4.9564,12.105],[4.9566,12.1022],[4.9596,12.1037],[4.9611,12.1006],[4.9639,12.0986],[4.967,12.0907],[4.9686,12.0919],[4.9792,12.0869],[4.9863,12.0854],[4.9896,12.083],[4.9942,12.0839],[5.0006,12.0827],[5.022,12.0843],[5.0416,12.085],[5.06,12.0876]]]},"properties":{"name":"GYALANGE","state":"36","code":"36/06/07"}},{"type":"Feature","geometry":{"type":"Polygon","coordinates":[[[4.9504,12.2313],[4.9482,12.2098],[4.9436,12.1822],[4.938,12.1811],[4.9304,12.1805],[4.9178,12.1815],[4.9141,12.1788],[4.9123,12.1748],[4.9078,12.1772],[4.9075,12.1661],[4.9087,12.1636],[4.9045,12.162],[4.9054,12.1573],[4.9081,12.1567],[4.9109,12.1541],[4.9163,12.1524],[4.9194,12.1487],[4.9235,12.1478],[4.9245,12.1455],[4.9232,12.1421],[4.9268,12.1377],[4.9267,12.1359],[4.923,12.1341],[4.924,12.1311],[4.9261,12.1303],[4.9327,12.132],[4.9349,12.1298],[4.9396,12.1341],[4.9685,12.1497],[4.9789,12.1543],[4.9923,12.1583],[5.0109,12.1666],[5.0272,12.1751],[5.044,12.1873],[5.0439,12.1912],[5.0489,12.1934],[5.0536,12.1919],[5.0586,12.1931],[5.0613,12.1914],[5.066,12.1911],[5.0662,12.1935],[5.0734,12.1967],[5.0783,12.2021],[5.0891,12.2092],[5.0912,12.2091],[5.0975,12.2111],[5.1033,12.2144],[5.1088,12.2166],[5.1131,12.2197],[5.1127,12.2229],[5.1097,12.2284],[5.1102,12.2308],[5.1161,12.2278],[5.1195,12.2286],[5.1208,12.2269],[5.1266,12.2275],[5.1274,12.2358],[5.1259,12.2426],[5.1175,12.2484],[5.0991,12.2552],[5.0849,12.2939],[5.0644,12.2974],[5.0384,12.2983],[4.9976,12.3007],[4.9668,12.3079],[4.9535,12.3141],[4.9527,12.3078],[4.9504,12.2313]]]},"properties":{"name":"ILLELAR AWAL","state":"36","code":"36/06/08"}},{"type":"Feature","geometry":{"type":"Polygon","coordinates":[[[5.1936,11.9651],[5.194,11.9655],[5.1867,11.9937],[5.1829,11.9977],[5.1808,12.0079],[5.179,12.009],[5.1748,12.0149],[5.1711,12.016],[5.1702,12.0179],[5.1781,12.0207],[5.1952,12.0601],[5.1947,12.0824],[5.1939,12.12],[5.1906,12.1358],[5.185,12.1351],[5.1815,12.1388],[5.1795,12.1457],[5.1783,12.1474],[5.1743,12.1483],[5.1712,12.1506],[5.1689,12.159],[5.1652,12.1598],[5.1629,12.1586],[5.1616,12.1558],[5.1553,12.1606],[5.1544,12.1662],[5.1527,12.1696],[5.1487,12.1734],[5.1456,12.1751],[5.1383,12.1745],[5.1305,12.17],[5.1281,12.1712],[5.1283,12.1752],[5.1244,12.1753],[5.1248,12.1724],[5.1227,12.1684],[5.1207,12.1663],[5.119,12.1537],[5.1161,12.1511],[5.1169,12.1455],[5.1147,12.1422],[5.115,12.1393],[5.1031,12.1341],[5.101,12.1241],[5.1017,12.1176],[5.1003,12.1151],[5.0997,12.1094],[5.1008,12.1071],[5.1,12.1015],[5.0969,12.091],[5.0927,12.0716],[5.08,12.0591],[5.0776,12.0535],[5.0765,12.0454],[5.0762,12.0375],[5.0743,12.0307],[5.0697,12.0299],[5.0728,12.0265],[5.0728,12.0231],[5.0684,12.0217],[5.0692,12.0193],[5.0719,12.0184],[5.0736,12.0156],[5.0768,12.0152],[5.0815,12.0117],[5.0859,12.0109],[5.0899,12.0082],[5.0926,12.0077],[5.0935,12.0038],[5.0958,12.0021],[5.1023,11.9929],[5.1072,11.9917],[5.1103,11.9885],[5.1078,11.9812],[5.1056,11.9788],[5.1096,11.9747],[5.1133,11.9722],[5.1207,11.9725],[5.1254,11.9716],[5.1296,11.9693],[5.1325,11.9662],[5.1313,11.9608],[5.1328,11.9571],[5.1373,11.9555],[5.1424,11.9588],[5.1442,11.9626],[5.148,11.9648],[5.1496,11.9677],[5.156,11.967],[5.159,11.9679],[5.1626,11.967],[5.168,11.9614],[5.1715,11.9598],[5.1714,11.9574],[5.1751,11.9563],[5.1784,11.9571],[5.1823,11.9565],[5.1847,11.9592],[5.1871,11.9637],[5.1893,11.9656],[5.1936,11.9651]]]},"properties":{"name":"MAGAJIN GARI","state":"36","code":"36/06/09"}},{"type":"Feature","geometry":{"type":"Polygon","coordinates":[[[5.0927,12.0716],[5.0969,12.091],[5.1,12.1015],[5.1008,12.1071],[5.0997,12.1094],[5.1003,12.1151],[5.1017,12.1176],[5.101,12.1241],[5.1031,12.1341],[5.115,12.1393],[5.1147,12.1422],[5.1169,12.1455],[5.1145,12.1443],[5.1118,12.1461],[5.1067,12.1442],[5.1002,12.1431],[5.082,12.1416],[5.0743,12.1436],[5.0727,12.1478],[5.0706,12.1481],[5.0693,12.1446],[5.0604,12.1452],[5.046,12.1498],[5.0363,12.141],[5.0316,12.1357],[5.0236,12.1331],[5.0344,12.1083],[5.0548,12.0994],[5.06,12.0876],[5.0927,12.0716]]]},"properties":{"name":"SHIYAR RAFI","state":"36","code":"36/06/10"}},{"type":"Feature","geometry":{"type":"Polygon","coordinates":[[[5.0975,12.2111],[5.0912,12.2091],[5.0891,12.2092],[5.0783,12.2021],[5.0734,12.1967],[5.0662,12.1935],[5.066,12.1911],[5.0613,12.1914],[5.0586,12.1931],[5.0536,12.1919],[5.0489,12.1934],[5.0439,12.1912],[5.044,12.1873],[5.0272,12.1751],[5.0294,12.1715],[5.0419,12.1568],[5.046,12.1498],[5.0604,12.1452],[5.0693,12.1446],[5.0706,12.1481],[5.0727,12.1478],[5.0743,12.1436],[5.082,12.1416],[5.1002,12.1431],[5.1067,12.1442],[5.1118,12.1461],[5.1145,12.1443],[5.1169,12.1455],[5.1161,12.1511],[5.119,12.1537],[5.1207,12.1663],[5.1227,12.1684],[5.119,12.1706],[5.1157,12.1739],[5.1154,12.179],[5.1125,12.1845],[5.1073,12.1967],[5.1067,12.1992],[5.1029,12.2027],[5.0975,12.2111]]]},"properties":{"name":"UBANDAWAKI","state":"36","code":"36/06/11"}},{"type":"Feature","geometry":{"type":"Polygon","coordinates":[[[6.63,12.2062],[6.6326,12.2048],[6.6382,12.2052],[6.6447,12.2022],[6.644,12.1989],[6.6414,12.1983],[6.6441,12.1911],[6.6408,12.1897],[6.6423,12.1872],[6.6453,12.1888],[6.6485,12.1828],[6.6525,12.1796],[6.6518,12.1765],[6.6486,12.1764],[6.644,12.1798],[6.6417,12.183],[6.6387,12.1911],[6.6358,12.1908],[6.6342,12.1886],[6.6275,12.1901],[6.6287,12.1865],[6.6221,12.1832],[6.6217,12.1921],[6.6231,12.1949],[6.6208,12.1999],[6.6133,12.1987],[6.6045,12.1983],[6.5926,12.1989],[6.591,12.1979],[6.5865,12.1855],[6.583,12.1774],[6.5849,12.1576],[6.5962,12.1615],[6.5983,12.1639],[6.599,12.1671],[6.6026,12.1698],[6.6063,12.1705],[6.6086,12.1695],[6.611,12.1656],[6.6262,12.1657],[6.6529,12.1626],[6.6544,12.1646],[6.6593,12.1663],[6.6592,12.1702],[6.6616,12.1703],[6.6639,12.1704],[6.6673,12.174],[6.6704,12.1716],[6.675,12.173],[6.6754,12.1765],[6.678,12.1775],[6.6853,12.1776],[6.689,12.1785],[6.6885,12.1816],[6.6925,12.1829],[6.6916,12.1867],[6.6885,12.1917],[6.684,12.1955],[6.68,12.2015],[6.6774,12.2038],[6.6747,12.2245],[6.67,12.2194],[6.6655,12.2188],[6.6632,12.2213],[6.6595,12.2205],[6.6545,12.2236],[6.645,12.2258],[6.6431,12.2247],[6.6384,12.2189],[6.6294,12.2108],[6.63,12.2062]]]},"properties":{"name":"GALADIMA","state":"36","code":"36/07/01"}},{"type":"Feature","geometry":{"type":"MultiPolygon","coordinates":[[[[6.6208,12.1999],[6.6231,12.1949],[6.6217,12.1921],[6.6221,12.1832],[6.6287,12.1865],[6.6275,12.1901],[6.6342,12.1886],[6.6358,12.1908],[6.6387,12.1911],[6.6417,12.183],[6.644,12.1798],[6.6486,12.1764],[6.6518,12.1765],[6.6525,12.1796],[6.6485,12.1828],[6.6453,12.1888],[6.6423,12.1872],[6.6408,12.1897],[6.6441,12.1911],[6.6414,12.1983],[6.644,12.1989],[6.6447,12.2022],[6.6382,12.2052],[6.6326,12.2048],[6.63,12.2062],[6.6269,12.2036],[6.6243,12.2045],[6.6221,12.2031],[6.6208,12.1999]]],[[[6.6593,12.1663],[6.664,12.1655],[6.6635,12.1696],[6.6616,12.1703],[6.6592,12.1702],[6.6593,12.1663]]]]},"properties":{"name":"MADAWAKI","state":"36","code":"36/07/02"}},{"type":"Feature","geometry":{"type":"Polygon","coordinates":[[[6.8858,12.1052],[6.9063,12.0908],[6.9111,12.0872],[6.9149,12.0901],[6.9175,12.0893],[6.9242,12.08],[6.9258,12.0807],[6.9337,12.0794],[6.9457,12.081],[6.9505,12.0804],[6.9546,12.0778],[6.956,12.0738],[6.9587,12.0697],[6.9639,12.069],[6.9668,12.0667],[6.9966,12.0909],[7.0002,12.0969],[7.0079,12.1084],[7.0083,12.1108],[7.0134,12.1145],[7.0214,12.1389],[7.0158,12.1441],[6.9915,12.1703],[6.9872,12.1653],[6.9855,12.1644],[6.9794,12.1566],[6.9692,12.1515],[6.9581,12.144],[6.9501,12.1511],[6.9489,12.1547],[6.9466,12.1552],[6.9429,12.1587],[6.9405,12.1592],[6.9379,12.1633],[6.9381,12.1718],[6.9211,12.1668],[6.9103,12.1617],[6.9112,12.167],[6.9055,12.1647],[6.9042,12.1618],[6.9068,12.1597],[6.9049,12.1486],[6.8999,12.1316],[6.8965,12.1189],[6.8858,12.1052]]]},"properties":{"name":"MADA","state":"36","code":"36/07/03"}},{"type":"Feature","geometry":{"type":"Polygon","coordinates":[[[6.4969,11.5919],[6.5224,11.5893],[6.5251,11.5889],[6.5273,11.5837],[6.5276,11.5807],[6.5326,11.5792],[6.5356,11.5793],[6.5361,11.5763],[6.5412,11.572],[6.5446,11.5724],[6.5517,11.5711],[6.5544,11.5694],[6.5605,11.569],[6.5616,11.567],[6.5701,11.5653],[6.5749,11.5663],[6.5803,11.5645],[6.5839,11.5671],[6.5858,11.5667],[6.5911,11.5708],[6.5946,11.5704],[6.6013,11.5666],[6.6026,11.5674],[6.6058,11.5751],[6.6093,11.5789],[6.6155,11.5806],[6.6214,11.58],[6.6242,11.5772],[6.627,11.5724],[6.6334,11.5698],[6.6371,11.5648],[6.6494,11.5614],[6.6535,11.5615],[6.6567,11.5583],[6.664,11.5572],[6.668,11.5584],[6.6691,11.561],[6.6747,11.563],[6.6756,11.5669],[6.6823,11.5705],[6.6856,11.5685],[6.6953,11.5669],[6.6976,11.5679],[6.7016,11.5642],[6.7048,11.565],[6.7074,11.5685],[6.7096,11.5676],[6.7126,11.5757],[6.7111,11.5806],[6.7118,11.5894],[6.7141,11.5957],[6.7205,11.6189],[6.7319,11.6262],[6.7331,11.6314],[6.7371,11.6341],[6.7371,11.6375],[6.7383,11.641],[6.7416,11.6442],[6.7416,11.6513],[6.7401,11.6582],[6.7355,11.6579],[6.7317,11.6609],[6.7318,11.6666],[6.7205,11.6718],[6.7173,11.6791],[6.7154,11.6783],[6.7114,11.6867],[6.7043,11.6942],[6.6949,11.7028],[6.6914,11.7027],[6.6896,11.7077],[6.6819,11.7147],[6.691,11.758],[6.695,11.7755],[6.6987,11.7954],[6.704,11.8264],[6.6844,11.855],[6.6761,11.8768],[6.6648,11.8954],[6.6481,11.8935],[6.634,11.8895],[6.6172,11.8879],[6.6158,11.8863],[6.6034,11.8797],[6.5994,11.8784],[6.5957,11.8728],[6.5919,11.8717],[6.5916,11.869],[6.5877,11.8602],[6.5866,11.8552],[6.5866,11.8508],[6.5827,11.803],[6.583,11.7941],[6.579,11.7925],[6.5733,11.7932],[6.5726,11.7914],[6.5762,11.7869],[6.5796,11.7778],[6.5746,11.7734],[6.5733,11.7689],[6.5714,11.7682],[6.5722,11.7638],[6.5693,11.7591],[6.5654,11.7566],[6.5653,11.7519],[6.5665,11.7492],[6.5637,11.7427],[6.5647,11.7409],[6.5634,11.7364],[6.5645,11.7328],[6.5617,11.7297],[6.5606,11.7252],[6.5637,11.7129],[6.5597,11.7085],[6.5609,11.7064],[6.5604,11.6999],[6.5633,11.6948],[6.5639,11.6905],[6.5632,11.6875],[6.5608,11.6852],[6.561,11.6831],[6.5641,11.6814],[6.5638,11.6776],[6.5647,11.6728],[6.5671,11.6721],[6.5677,11.6679],[6.5633,11.6526],[6.5532,11.6376],[6.5488,11.6301],[6.5277,11.6192],[6.5235,11.616],[6.5209,11.6112],[6.5202,11.607],[6.5175,11.6035],[6.5125,11.6017],[6.5016,11.6004],[6.5001,11.5983],[6.501,11.5935],[6.4983,11.5943],[6.4969,11.5919]]]},"properties":{"name":"MAGAMI","state":"36","code":"36/07/04"}},{"type":"Feature","geometry":{"type":"Polygon","coordinates":[[[6.5767,12.1032],[6.5804,12.1049],[6.5831,12.1079],[6.588,12.1166],[6.593,12.1181],[6.6014,12.118],[6.6168,12.1101],[6.6183,12.1066],[6.6212,12.1053],[6.6289,12.0968],[6.6353,12.0884],[6.6426,12.0865],[6.6446,12.0838],[6.646,12.0893],[6.6486,12.0914],[6.6475,12.0948],[6.65,12.1044],[6.6524,12.1102],[6.6523,12.1148],[6.655,12.1163],[6.6565,12.123],[6.6585,12.1353],[6.6581,12.1414],[6.6627,12.1492],[6.6635,12.1522],[6.6687,12.151],[6.6693,12.1534],[6.67,12.1563],[6.6669,12.159],[6.664,12.1655],[6.6593,12.1663],[6.6544,12.1646],[6.6529,12.1626],[6.6262,12.1657],[6.611,12.1656],[6.6086,12.1695],[6.6063,12.1705],[6.6026,12.1698],[6.599,12.1671],[6.5983,12.1639],[6.5962,12.1615],[6.5849,12.1576],[6.5821,12.1455],[6.5815,12.1401],[6.5713,12.1268],[6.5682,12.1188],[6.5678,12.111],[6.5711,12.1065],[6.5767,12.1032]]]},"properties":{"name":"MAYANA","state":"36","code":"36/07/05"}},{"type":"Feature","geometry":{"type":"Polygon","coordinates":[[[6.6585,12.1353],[6.6631,12.1357],[6.6687,12.1327],[6.6792,12.1304],[6.6806,12.1287],[6.682,12.1215],[6.6831,12.1192],[6.6877,12.1136],[6.6913,12.1072],[6.6906,12.1012],[6.6918,12.0969],[6.6911,12.0928],[6.6939,12.0887],[6.6941,12.0847],[6.6967,12.0824],[6.6957,12.0768],[6.6962,12.0699],[6.6946,12.0608],[6.7016,12.0543],[6.7035,12.0552],[6.7084,12.0552],[6.7114,12.0564],[6.7179,12.0554],[6.7213,12.054],[6.7247,12.0485],[6.7294,12.0482],[6.7389,12.0455],[6.7384,12.0415],[6.7418,12.0364],[6.7447,12.0341],[6.7479,12.0295],[6.754,12.0186],[6.7544,12.0118],[6.7557,12.0041],[6.7585,12.0025],[6.7636,12.0028],[6.7695,12.0021],[6.77,12.0009],[6.7682,11.9957],[6.7729,11.992],[6.776,11.9872],[6.7854,11.9851],[6.7877,11.9902],[6.7877,11.9939],[6.7844,11.9953],[6.7779,11.9965],[6.7797,12.0011],[6.7819,12.0011],[6.7914,11.9973],[6.7968,12.0013],[6.8054,12.0028],[6.8082,12.0077],[6.8122,12.0175],[6.8109,12.0218],[6.8156,12.0465],[6.8187,12.0514],[6.7892,12.072],[6.7869,12.0739],[6.7859,12.0789],[6.7832,12.081],[6.78,12.0809],[6.7742,12.0847],[6.7238,12.1225],[6.7012,12.1408],[6.6986,12.1432],[6.6932,12.143],[6.6862,12.1471],[6.6808,12.1513],[6.6781,12.1531],[6.6765,12.1507],[6.6735,12.1547],[6.6693,12.1534],[6.6687,12.151],[6.6635,12.1522],[6.6627,12.1492],[6.6581,12.1414],[6.6585,12.1353]]]},"properties":{"name":"RIJIYA","state":"36","code":"36/07/06"}},{"type":"Feature","geometry":{"type":"Polygon","coordinates":[[[6.9055,12.1647],[6.9112,12.167],[6.9103,12.1617],[6.9211,12.1668],[6.9381,12.1718],[6.9379,12.1633],[6.9405,12.1592],[6.9429,12.1587],[6.9466,12.1552],[6.9489,12.1547],[6.9501,12.1511],[6.9581,12.144],[6.9692,12.1515],[6.9794,12.1566],[6.9855,12.1644],[6.9872,12.1653],[6.9915,12.1703],[6.9943,12.1733],[6.9966,12.1734],[7.0016,12.18],[7.0081,12.1808],[7.0094,12.1846],[7.0111,12.1934],[7.0065,12.1945],[7.0061,12.1967],[7.0079,12.1996],[7.0091,12.2047],[7.0092,12.2103],[7.005,12.2185],[7.0014,12.2183],[6.9995,12.2214],[6.991,12.2308],[6.9769,12.2264],[6.9603,12.2249],[6.958,12.2253],[6.9501,12.224],[6.9423,12.2239],[6.9409,12.2223],[6.9359,12.2229],[6.908,12.2108],[6.9015,12.2078],[6.8941,12.2029],[6.8953,12.1895],[6.8997,12.1915],[6.9003,12.1888],[6.8988,12.184],[6.8959,12.1818],[6.8967,12.1733],[6.8962,12.1687],[6.9014,12.1643],[6.9055,12.1647]]]},"properties":{"name":"RUWAN BORE","state":"36","code":"36/07/07"}},{"type":"Feature","geometry":{"type":"Polygon","coordinates":[[[6.6616,12.1703],[6.6635,12.1696],[6.664,12.1655],[6.6669,12.159],[6.67,12.1563],[6.6693,12.1534],[6.6735,12.1547],[6.6765,12.1507],[6.6781,12.1531],[6.6808,12.1513],[6.6858,12.1578],[6.6792,12.1621],[6.6766,12.1668],[6.6733,12.1657],[6.6685,12.1693],[6.6704,12.1716],[6.6673,12.174],[6.6639,12.1704],[6.6616,12.1703]]]},"properties":{"name":"SABON GARI","state":"36","code":"36/07/08"}},{"type":"Feature","geometry":{"type":"Polygon","coordinates":[[[6.7843,12.1112],[6.7567,12.1376],[6.7589,12.1414],[6.7597,12.1519],[6.7587,12.1606],[6.7537,12.1688],[6.7479,12.181],[6.7432,12.1912],[6.7412,12.1984],[6.7422,12.2023],[6.7291,12.1995],[6.7016,12.1974],[6.6897,12.1943],[6.684,12.1955],[6.6885,12.1917],[6.6916,12.1867],[6.6925,12.1829],[6.6885,12.1816],[6.689,12.1785],[6.6853,12.1776],[6.678,12.1775],[6.6754,12.1765],[6.675,12.173],[6.6704,12.1716],[6.6685,12.1693],[6.6733,12.1657],[6.6766,12.1668],[6.6792,12.1621],[6.6858,12.1578],[6.6808,12.1513],[6.6862,12.1471],[6.6932,12.143],[6.6986,12.1432],[6.7012,12.1408],[6.7238,12.1225],[6.7742,12.0847],[6.78,12.0809],[6.7832,12.081],[6.7859,12.0789],[6.7869,12.0739],[6.7892,12.072],[6.8187,12.0514],[6.8243,12.0669],[6.8269,12.0774],[6.8246,12.088],[6.8103,12.0949],[6.7995,12.0972],[6.7972,12.0994],[6.7956,12.0974],[6.7873,12.0975],[6.7876,12.1007],[6.7829,12.1011],[6.7843,12.1033],[6.7843,12.1112]]]},"properties":{"name":"TUDUN WADA","state":"36","code":"36/07/09"}},{"type":"Feature","geometry":{"type":"Polygon","coordinates":[[[6.5979,11.9174],[6.6035,11.9175],[6.6097,11.9115],[6.6091,11.9063],[6.6127,11.8997],[6.6164,11.8984],[6.6178,11.8888],[6.6172,11.8879],[6.634,11.8895],[6.6481,11.8935],[6.6648,11.8954],[6.7065,11.9188],[6.7276,11.9343],[6.7398,11.9497],[6.7432,11.9734],[6.7454,11.9995],[6.7523,12.0002],[6.7557,12.0041],[6.7544,12.0118],[6.754,12.0186],[6.7479,12.0295],[6.7447,12.0341],[6.7418,12.0364],[6.7384,12.0415],[6.7389,12.0455],[6.7294,12.0482],[6.7247,12.0485],[6.7213,12.054],[6.7179,12.0554],[6.7114,12.0564],[6.7084,12.0552],[6.7035,12.0552],[6.7016,12.0543],[6.6946,12.0608],[6.6962,12.0699],[6.6957,12.0768],[6.6967,12.0824],[6.6941,12.0847],[6.6939,12.0887],[6.6911,12.0928],[6.6918,12.0969],[6.6906,12.1012],[6.6913,12.1072],[6.6877,12.1136],[6.6831,12.1192],[6.682,12.1215],[6.6806,12.1287],[6.6792,12.1304],[6.6687,12.1327],[6.6631,12.1357],[6.6585,12.1353],[6.6565,12.123],[6.655,12.1163],[6.6523,12.1148],[6.6524,12.1102],[6.65,12.1044],[6.6475,12.0948],[6.6486,12.0914],[6.646,12.0893],[6.6446,12.0838],[6.6426,12.0865],[6.6353,12.0884],[6.6289,12.0968],[6.6212,12.1053],[6.6183,12.1066],[6.6168,12.1101],[6.6014,12.118],[6.593,12.1181],[6.588,12.1166],[6.5831,12.1079],[6.5804,12.1049],[6.5767,12.1032],[6.5751,12.0982],[6.5709,12.0883],[6.5736,12.0741],[6.5777,12.0611],[6.5817,12.056],[6.5798,12.0463],[6.5772,12.0413],[6.5778,12.0362],[6.5747,12.0214],[6.5743,12.0111],[6.5733,12.0047],[6.5769,11.9675],[6.5755,11.9663],[6.5754,11.9621],[6.5802,11.957],[6.5838,11.956],[6.5846,11.9509],[6.5915,11.9454],[6.5994,11.9352],[6.6011,11.931],[6.5999,11.9287],[6.6006,11.925],[6.597,11.9189],[6.5979,11.9174]]]},"properties":{"name":"WANKE","state":"36","code":"36/07/10"}},{"type":"Feature","geometry":{"type":"Polygon","coordinates":[[[7.1504,12.2302],[7.1483,12.2345],[7.1395,12.2432],[7.127,12.2532],[7.1188,12.2603],[7.1067,12.2714],[7.0991,12.2771],[7.0933,12.2826],[7.0866,12.3162],[7.0828,12.3294],[7.0833,12.3377],[7.0847,12.3475],[7.0747,12.375],[7.0683,12.4113],[7.0676,12.4175],[7.0651,12.4166],[7.0634,12.414],[7.059,12.4139],[7.0543,12.4164],[7.0508,12.4198],[7.0483,12.4249],[7.0464,12.4231],[7.0481,12.4219],[7.0471,12.4186],[7.0461,12.4074],[7.0425,12.4029],[7.0429,12.3988],[7.0417,12.3954],[7.037,12.3941],[7.0367,12.3916],[7.0305,12.3794],[7.0236,12.3779],[7.0214,12.3736],[7.0156,12.3688],[7.0115,12.3667],[7.0057,12.3651],[6.9983,12.3656],[6.9897,12.3673],[6.9785,12.3707],[6.9765,12.372],[6.9589,12.3677],[6.9512,12.3739],[6.9427,12.3698],[6.9415,12.3606],[6.9435,12.3565],[6.9435,12.3481],[6.9469,12.3461],[6.9412,12.3421],[6.9439,12.3394],[6.9443,12.3353],[6.9468,12.3336],[6.9456,12.3266],[6.9416,12.3258],[6.9418,12.3227],[6.938,12.3156],[6.934,12.3133],[6.9228,12.3197],[6.9194,12.3159],[6.9174,12.3153],[6.912,12.3177],[6.91,12.3174],[6.9068,12.3138],[6.9087,12.3109],[6.9075,12.3043],[6.9054,12.3019],[6.9053,12.297],[6.9031,12.2922],[6.903,12.2876],[6.8998,12.2851],[6.8975,12.2799],[6.8985,12.2762],[6.8947,12.2667],[6.8964,12.261],[6.8932,12.2581],[6.8892,12.258],[6.8879,12.2547],[6.8852,12.2535],[6.8843,12.2494],[6.8822,12.2468],[6.8812,12.2426],[6.8823,12.24],[6.8808,12.2381],[6.8811,12.2326],[6.8829,12.2301],[6.8828,12.2259],[6.8901,12.2177],[6.8936,12.2031],[6.8941,12.2029],[6.9015,12.2078],[6.908,12.2108],[6.9359,12.2229],[6.9409,12.2223],[6.9423,12.2239],[6.9501,12.224],[6.958,12.2253],[6.9603,12.2249],[6.9769,12.2264],[6.991,12.2308],[6.9995,12.2214],[7.0014,12.2183],[7.005,12.2185],[7.0092,12.2103],[7.0091,12.2047],[7.0079,12.1996],[7.0061,12.1967],[7.0065,12.1945],[7.0111,12.1934],[7.0094,12.1846],[7.0081,12.1808],[7.0016,12.18],[6.9966,12.1734],[6.9943,12.1733],[6.9915,12.1703],[7.0158,12.1441],[7.0214,12.1389],[7.0134,12.1145],[7.0083,12.1108],[7.0079,12.1084],[7.0002,12.0969],[7.0229,12.0933],[7.0346,12.0903],[7.041,12.0905],[7.0429,12.089],[7.0515,12.0878],[7.0546,12.0865],[7.0586,12.0877],[7.0726,12.0848],[7.0764,12.0863],[7.086,12.0865],[7.0971,12.0925],[7.1,12.0932],[7.1172,12.094],[7.1216,12.1014],[7.1261,12.1135],[7.1279,12.1245],[7.1351,12.1318],[7.1456,12.1472],[7.1506,12.1651],[7.1548,12.1775],[7.1568,12.1851],[7.15,12.207],[7.1504,12.2302]]]},"properties":{"name":"WONAKA","state":"36","code":"36/07/11"}},{"type":"Feature","geometry":{"type":"Polygon","coordinates":[[[6.6917,12.4812],[6.6809,12.5035],[6.6696,12.5069],[6.6726,12.5258],[6.668,12.5372],[6.6646,12.5426],[6.661,12.5431],[6.6561,12.5524],[6.6569,12.5558],[6.6476,12.5602],[6.6427,12.5598],[6.6354,12.561],[6.6262,12.5536],[6.6172,12.5435],[6.61,12.5359],[6.5999,12.5167],[6.5962,12.5169],[6.5882,12.5136],[6.5917,12.508],[6.5925,12.5034],[6.5956,12.4969],[6.6154,12.4775],[6.6316,12.469],[6.6346,12.4608],[6.6355,12.4566],[6.6434,12.4494],[6.6507,12.4473],[6.6611,12.449],[6.667,12.4521],[6.672,12.4529],[6.6695,12.4556],[6.6688,12.4626],[6.6696,12.468],[6.6815,12.4735],[6.6917,12.4812]]]},"properties":{"name":"BANGA","state":"36","code":"36/08/01"}},{"type":"Feature","geometry":{"type":"Polygon","coordinates":[[[6.7053,12.3951],[6.6889,12.382],[6.6889,12.3753],[6.6933,12.3757],[6.6989,12.3779],[6.7012,12.3762],[6.6991,12.3703],[6.6971,12.3703],[6.6943,12.3664],[6.6952,12.3626],[6.6906,12.3595],[6.688,12.3567],[6.689,12.352],[6.6896,12.3447],[6.7004,12.3425],[6.7047,12.3389],[6.7105,12.3194],[6.7137,12.3158],[6.7199,12.3164],[6.7263,12.3151],[6.728,12.3134],[6.7372,12.3113],[6.744,12.3093],[6.7538,12.3053],[6.7547,12.3],[6.7712,12.3],[6.7728,12.2971],[6.7756,12.2977],[6.7806,12.2952],[6.7835,12.2864],[6.7956,12.2858],[6.8003,12.2842],[6.8036,12.2791],[6.8083,12.2792],[6.8217,12.2786],[6.8328,12.2772],[6.8376,12.278],[6.8328,12.3349],[6.8277,12.3352],[6.8224,12.3337],[6.8196,12.3364],[6.8162,12.3376],[6.815,12.3405],[6.8166,12.3447],[6.8137,12.349],[6.8094,12.352],[6.7942,12.3575],[6.7902,12.3584],[6.7876,12.359],[6.7812,12.3637],[6.7757,12.3708],[6.7675,12.3732],[6.7715,12.3846],[6.7687,12.3876],[6.7655,12.3887],[6.7563,12.3914],[6.7428,12.3961],[6.7298,12.396],[6.7194,12.3941],[6.7148,12.3961],[6.7095,12.3945],[6.7053,12.3951]]]},"properties":{"name":"DAN - ISA","state":"36","code":"36/08/02"}},{"type":"Feature","geometry":{"type":"Polygon","coordinates":[[[6.7432,12.5871],[6.747,12.5992],[6.759,12.6106],[6.7629,12.6206],[6.7532,12.6369],[6.7484,12.6367],[6.7331,12.6295],[6.7291,12.6272],[6.7264,12.6271],[6.7205,12.6339],[6.7097,12.6438],[6.7042,12.6424],[6.6889,12.6429],[6.6675,12.6496],[6.6635,12.6516],[6.6583,12.643],[6.6507,12.6381],[6.6474,12.6253],[6.6487,12.603],[6.6502,12.595],[6.6489,12.5815],[6.6535,12.5723],[6.6605,12.5736],[6.6703,12.5768],[6.6826,12.5844],[6.6983,12.592],[6.7024,12.5839],[6.7051,12.5807],[6.708,12.5805],[6.7293,12.5893],[6.7325,12.5896],[6.7377,12.5866],[6.7432,12.5871]]]},"properties":{"name":"GABAKE","state":"36","code":"36/08/03"}},{"type":"Feature","geometry":{"type":"MultiPolygon","coordinates":[[[[6.6703,12.5768],[6.6605,12.5736],[6.6535,12.5723],[6.6489,12.5815],[6.6502,12.595],[6.641,12.5945],[6.6214,12.5929],[6.6163,12.5793],[6.6155,12.5731],[6.6267,12.5708],[6.6331,12.5674],[6.6331,12.5635],[6.6194,12.5605],[6.6105,12.5597],[6.6012,12.5557],[6.5959,12.5587],[6.5948,12.5524],[6.5971,12.5476],[6.5938,12.5438],[6.5944,12.5412],[6.5913,12.5395],[6.585,12.539],[6.583,12.5398],[6.5818,12.5357],[6.5797,12.5356],[6.5767,12.5311],[6.5713,12.5259],[6.5696,12.5256],[6.5683,12.5222],[6.5722,12.5188],[6.5739,12.5188],[6.579,12.5143],[6.5858,12.5149],[6.5882,12.5136],[6.5962,12.5169],[6.5999,12.5167],[6.61,12.5359],[6.6172,12.5435],[6.6262,12.5536],[6.6354,12.561],[6.6427,12.5598],[6.6476,12.5602],[6.6569,12.5558],[6.66,12.5547],[6.6677,12.5567],[6.6779,12.5578],[6.6703,12.5768]]],[[[6.5807,12.588],[6.5824,12.5899],[6.5816,12.5931],[6.5878,12.5933],[6.5884,12.5956],[6.585,12.5987],[6.5819,12.5986],[6.5819,12.595],[6.5744,12.5953],[6.5782,12.5884],[6.5807,12.588]]]]},"properties":{"name":"GALADIMA DAN GALADIMA","state":"36","code":"36/08/04"}},{"type":"Feature","geometry":{"type":"Polygon","coordinates":[[[6.6848,12.4257],[6.684,12.4262],[6.6578,12.4266],[6.6573,12.4208],[6.6572,12.4032],[6.6508,12.4026],[6.642,12.4036],[6.6419,12.3975],[6.6446,12.3926],[6.6453,12.387],[6.6417,12.384],[6.6477,12.3789],[6.6512,12.377],[6.6626,12.3526],[6.6645,12.3501],[6.6629,12.3428],[6.6705,12.3437],[6.6749,12.3462],[6.6795,12.3472],[6.6858,12.3464],[6.6841,12.3441],[6.6852,12.3415],[6.6834,12.3343],[6.6841,12.3299],[6.6749,12.3267],[6.6739,12.3246],[6.6753,12.3204],[6.6845,12.3133],[6.69,12.3134],[6.6993,12.3153],[6.7023,12.3165],[6.7064,12.3164],[6.7082,12.3151],[6.7137,12.3158],[6.7105,12.3194],[6.7047,12.3389],[6.7004,12.3425],[6.6896,12.3447],[6.689,12.352],[6.688,12.3567],[6.6906,12.3595],[6.6952,12.3626],[6.6943,12.3664],[6.6971,12.3703],[6.6991,12.3703],[6.7012,12.3762],[6.6989,12.3779],[6.6933,12.3757],[6.6889,12.3753],[6.6889,12.382],[6.7053,12.3951],[6.7019,12.3958],[6.7,12.4012],[6.6929,12.4129],[6.6948,12.4169],[6.6938,12.4205],[6.6914,12.4219],[6.6861,12.423],[6.6848,12.4257]]]},"properties":{"name":"KAGARA","state":"36","code":"36/08/05"}},{"type":"Feature","geometry":{"type":"Polygon","coordinates":[[[6.5959,12.5587],[6.5948,12.5641],[6.5889,12.5688],[6.5825,12.5705],[6.5845,12.5771],[6.5839,12.5828],[6.5807,12.588],[6.5782,12.5884],[6.5744,12.5953],[6.5758,12.5991],[6.5788,12.6005],[6.5769,12.6045],[6.5739,12.6058],[6.5712,12.6132],[6.5645,12.6129],[6.5629,12.6159],[6.5593,12.6175],[6.5573,12.6224],[6.5556,12.6301],[6.5565,12.6379],[6.555,12.6402],[6.5488,12.6398],[6.5399,12.6475],[6.5364,12.6487],[6.5321,12.6517],[6.531,12.6555],[6.5266,12.6561],[6.5205,12.6532],[6.4977,12.6509],[6.4272,12.6413],[6.4243,12.6361],[6.4248,12.634],[6.4224,12.6289],[6.4223,12.6244],[6.4208,12.6204],[6.4181,12.6171],[6.4199,12.5671],[6.4682,12.5407],[6.4776,12.5405],[6.4832,12.538],[6.4919,12.5425],[6.4952,12.542],[6.4976,12.5444],[6.503,12.5458],[6.5065,12.5506],[6.507,12.5554],[6.511,12.5611],[6.5144,12.5631],[6.5209,12.5631],[6.5249,12.564],[6.5263,12.5604],[6.5323,12.5601],[6.5309,12.5492],[6.5322,12.5471],[6.5379,12.5452],[6.5421,12.5423],[6.5478,12.5421],[6.5509,12.5452],[6.5543,12.5468],[6.5623,12.5466],[6.5676,12.5439],[6.5724,12.5437],[6.5762,12.5415],[6.5805,12.5415],[6.583,12.5398],[6.585,12.539],[6.5913,12.5395],[6.5944,12.5412],[6.5938,12.5438],[6.5971,12.5476],[6.5948,12.5524],[6.5959,12.5587]]]},"properties":{"name":"KUNGURKI","state":"36","code":"36/08/06"}},{"type":"Feature","geometry":{"type":"Polygon","coordinates":[[[6.5715,12.4453],[6.5653,12.4768],[6.5834,12.4868],[6.5956,12.4969],[6.5925,12.5034],[6.5917,12.508],[6.5882,12.5136],[6.5858,12.5149],[6.579,12.5143],[6.5739,12.5188],[6.5722,12.5188],[6.5683,12.5222],[6.5696,12.5256],[6.5585,12.5232],[6.5487,12.5195],[6.5339,12.5093],[6.5278,12.5002],[6.515,12.4926],[6.4988,12.4937],[6.4974,12.4915],[6.4946,12.4908],[6.4869,12.491],[6.4843,12.4937],[6.4785,12.4894],[6.4796,12.4864],[6.4773,12.4809],[6.472,12.479],[6.4681,12.4787],[6.466,12.474],[6.4615,12.4741],[6.4586,12.4732],[6.4628,12.4637],[6.4919,12.4589],[6.4954,12.455],[6.5008,12.4465],[6.5178,12.4484],[6.5269,12.4474],[6.5288,12.4456],[6.5322,12.447],[6.5377,12.4425],[6.5449,12.4379],[6.5568,12.4371],[6.5639,12.4383],[6.5715,12.4453]]]},"properties":{"name":"KURYA MADARO","state":"36","code":"36/08/07"}},{"type":"Feature","geometry":{"type":"Polygon","coordinates":[[[6.672,12.4529],[6.667,12.4521],[6.6611,12.449],[6.6507,12.4473],[6.6434,12.4494],[6.6355,12.4566],[6.6346,12.4608],[6.6316,12.469],[6.6154,12.4775],[6.5956,12.4969],[6.5834,12.4868],[6.5653,12.4768],[6.5715,12.4453],[6.5898,12.4473],[6.5979,12.4475],[6.606,12.429],[6.6078,12.4217],[6.6076,12.4049],[6.6174,12.3896],[6.6229,12.3839],[6.6254,12.3844],[6.6301,12.3731],[6.6331,12.3677],[6.6284,12.3594],[6.6333,12.3526],[6.6385,12.3487],[6.6372,12.3453],[6.6385,12.3434],[6.639,12.337],[6.6427,12.3362],[6.6461,12.3387],[6.6497,12.3394],[6.6541,12.3374],[6.6606,12.3421],[6.6629,12.3428],[6.6645,12.3501],[6.6626,12.3526],[6.6512,12.377],[6.6477,12.3789],[6.6417,12.384],[6.6453,12.387],[6.6446,12.3926],[6.6419,12.3975],[6.642,12.4036],[6.6508,12.4026],[6.6572,12.4032],[6.6573,12.4208],[6.6578,12.4266],[6.684,12.4262],[6.6848,12.4257],[6.6889,12.4323],[6.6872,12.4373],[6.6819,12.4386],[6.6784,12.4406],[6.6759,12.4439],[6.6756,12.4505],[6.672,12.4529]]]},"properties":{"name":"KYAM BARAWA","state":"36","code":"36/08/08"}},{"type":"Feature","geometry":{"type":"Polygon","coordinates":[[[6.583,12.5398],[6.5805,12.5415],[6.5762,12.5415],[6.5724,12.5437],[6.5676,12.5439],[6.5623,12.5466],[6.5543,12.5468],[6.5509,12.5452],[6.5478,12.5421],[6.5421,12.5423],[6.5379,12.5452],[6.5322,12.5471],[6.5309,12.5492],[6.5323,12.5601],[6.5263,12.5604],[6.5249,12.564],[6.5209,12.5631],[6.5144,12.5631],[6.511,12.5611],[6.507,12.5554],[6.5065,12.5506],[6.503,12.5458],[6.4976,12.5444],[6.4952,12.542],[6.4919,12.5425],[6.4832,12.538],[6.4776,12.5405],[6.4682,12.5407],[6.4199,12.5671],[6.4048,12.5365],[6.3925,12.5022],[6.3964,12.5032],[6.4068,12.4989],[6.4097,12.4992],[6.4136,12.5015],[6.4198,12.5021],[6.4235,12.5034],[6.4275,12.5026],[6.4342,12.4997],[6.4375,12.4991],[6.4486,12.4957],[6.4586,12.4732],[6.4615,12.4741],[6.466,12.474],[6.4681,12.4787],[6.472,12.479],[6.4773,12.4809],[6.4796,12.4864],[6.4785,12.4894],[6.4843,12.4937],[6.4869,12.491],[6.4946,12.4908],[6.4974,12.4915],[6.4988,12.4937],[6.515,12.4926],[6.5278,12.5002],[6.5339,12.5093],[6.5487,12.5195],[6.5585,12.5232],[6.5696,12.5256],[6.5713,12.5259],[6.5767,12.5311],[6.5797,12.5356],[6.5818,12.5357],[6.583,12.5398]]]},"properties":{"name":"SAKAJIKI","state":"36","code":"36/08/09"}},{"type":"Feature","geometry":{"type":"Polygon","coordinates":[[[6.6635,12.6516],[6.6464,12.6595],[6.6476,12.6469],[6.6393,12.646],[6.6316,12.646],[6.6236,12.6476],[6.6091,12.654],[6.5993,12.6386],[6.5925,12.6308],[6.5923,12.6269],[6.5573,12.6224],[6.5593,12.6175],[6.5629,12.6159],[6.5645,12.6129],[6.5712,12.6132],[6.5739,12.6058],[6.5769,12.6045],[6.5788,12.6005],[6.5758,12.5991],[6.5744,12.5953],[6.5819,12.595],[6.5819,12.5986],[6.585,12.5987],[6.5884,12.5956],[6.5878,12.5933],[6.5816,12.5931],[6.5824,12.5899],[6.5807,12.588],[6.5839,12.5828],[6.5845,12.5771],[6.5825,12.5705],[6.5889,12.5688],[6.5948,12.5641],[6.5959,12.5587],[6.6012,12.5557],[6.6105,12.5597],[6.6194,12.5605],[6.6331,12.5635],[6.6331,12.5674],[6.6267,12.5708],[6.6155,12.5731],[6.6163,12.5793],[6.6214,12.5929],[6.641,12.5945],[6.6502,12.595],[6.6487,12.603],[6.6474,12.6253],[6.6507,12.6381],[6.6583,12.643],[6.6635,12.6516]]]},"properties":{"name":"S/BAURA/S/MAFARA","state":"36","code":"36/08/10"}},{"type":"Feature","geometry":{"type":"Polygon","coordinates":[[[6.5573,12.6224],[6.5923,12.6269],[6.5925,12.6308],[6.5993,12.6386],[6.6091,12.654],[6.6236,12.6476],[6.6316,12.646],[6.6393,12.646],[6.6476,12.6469],[6.6464,12.6595],[6.6368,12.6633],[6.6023,12.6722],[6.5954,12.6734],[6.578,12.6754],[6.5683,12.6773],[6.5645,12.679],[6.5581,12.6789],[6.5539,12.6758],[6.551,12.6748],[6.551,12.6709],[6.5463,12.6688],[6.5424,12.6702],[6.5398,12.6655],[6.5329,12.6591],[6.531,12.6555],[6.5321,12.6517],[6.5364,12.6487],[6.5399,12.6475],[6.5488,12.6398],[6.555,12.6402],[6.5565,12.6379],[6.5556,12.6301],[6.5573,12.6224]]]},"properties":{"name":"YANKABA","state":"36","code":"36/08/11"}},{"type":"Feature","geometry":{"type":"Polygon","coordinates":[[[6.1603,12.5721],[6.1694,12.5948],[6.1696,12.5963],[6.1664,12.5943],[6.1605,12.5938],[6.1563,12.5915],[6.1515,12.5901],[6.1481,12.59],[6.1474,12.5711],[6.1455,12.5535],[6.1461,12.5452],[6.1413,12.5445],[6.1436,12.5409],[6.1448,12.5325],[6.1433,12.5151],[6.1408,12.5045],[6.1467,12.5042],[6.148,12.4869],[6.1481,12.4797],[6.149,12.4764],[6.1533,12.4751],[6.1534,12.4696],[6.1571,12.4685],[6.1589,12.4635],[6.1579,12.4602],[6.1611,12.4557],[6.164,12.4543],[6.1644,12.4504],[6.1665,12.4486],[6.168,12.4388],[6.1678,12.4344],[6.1939,12.4448],[6.2076,12.4497],[6.2203,12.4502],[6.2338,12.4363],[6.2395,12.4309],[6.2439,12.4293],[6.2523,12.4304],[6.2553,12.4296],[6.2599,12.4231],[6.265,12.419],[6.2689,12.4178],[6.2737,12.4183],[6.2756,12.4233],[6.2831,12.4228],[6.2856,12.418],[6.2835,12.4085],[6.2839,12.4065],[6.29,12.4021],[6.2953,12.401],[6.3021,12.4039],[6.3081,12.4016],[6.3097,12.4031],[6.3108,12.4075],[6.3152,12.4115],[6.3196,12.4171],[6.3271,12.4203],[6.3323,12.4243],[6.3353,12.4358],[6.335,12.4399],[6.337,12.4424],[6.3371,12.4459],[6.3397,12.4556],[6.3452,12.4657],[6.3489,12.4699],[6.3649,12.5014],[6.36,12.5039],[6.352,12.5057],[6.3504,12.508],[6.3449,12.5086],[6.3429,12.5105],[6.337,12.5085],[6.3314,12.5084],[6.3244,12.5093],[6.318,12.5136],[6.3102,12.517],[6.302,12.5232],[6.2935,12.5335],[6.2849,12.534],[6.2815,12.535],[6.263,12.5327],[6.2268,12.532],[6.1995,12.5365],[6.1788,12.5433],[6.1655,12.5447],[6.1633,12.5445],[6.1572,12.5481],[6.1577,12.5513],[6.1559,12.5532],[6.1548,12.5597],[6.1561,12.5614],[6.1603,12.5721]]]},"properties":{"name":"BIRNIN KAYA / DOSARA","state":"36","code":"36/09/01"}},{"type":"Feature","geometry":{"type":"Polygon","coordinates":[[[6.495,12.4305],[6.5008,12.4465],[6.4954,12.455],[6.4919,12.4589],[6.4628,12.4637],[6.4586,12.4732],[6.4486,12.4957],[6.4375,12.4991],[6.4342,12.4997],[6.4275,12.5026],[6.4235,12.5034],[6.4198,12.5021],[6.4136,12.5015],[6.4097,12.4992],[6.4068,12.4989],[6.3964,12.5032],[6.3925,12.5022],[6.3836,12.5026],[6.3799,12.5052],[6.3738,12.5039],[6.3726,12.5026],[6.3649,12.5014],[6.3489,12.4699],[6.3452,12.4657],[6.3397,12.4556],[6.3371,12.4459],[6.337,12.4424],[6.335,12.4399],[6.3353,12.4358],[6.3323,12.4243],[6.3271,12.4203],[6.3196,12.4171],[6.3152,12.4115],[6.3108,12.4075],[6.3097,12.4031],[6.3081,12.4016],[6.3113,12.4002],[6.3126,12.3955],[6.3151,12.3946],[6.319,12.3956],[6.3213,12.3992],[6.3289,12.4017],[6.3393,12.4012],[6.3603,12.3928],[6.3636,12.3861],[6.3672,12.383],[6.367,12.3794],[6.3695,12.3767],[6.3729,12.3766],[6.3794,12.3734],[6.3809,12.3716],[6.3824,12.3629],[6.3839,12.3613],[6.3902,12.362],[6.3946,12.3618],[6.3941,12.3584],[6.3968,12.3544],[6.4097,12.357],[6.4131,12.3545],[6.4182,12.3562],[6.4176,12.3584],[6.4337,12.3649],[6.437,12.3645],[6.4437,12.3663],[6.4443,12.3684],[6.4456,12.3693],[6.4466,12.3751],[6.4449,12.3813],[6.4447,12.3887],[6.4481,12.3918],[6.4508,12.3956],[6.4536,12.3978],[6.4548,12.401],[6.4556,12.4081],[6.4602,12.4108],[6.4624,12.4107],[6.4675,12.4128],[6.4708,12.4122],[6.4804,12.4292],[6.495,12.4305]]]},"properties":{"name":"DAMAGA / DAMAGIWA","state":"36","code":"36/09/02"}},{"type":"Feature","geometry":{"type":"Polygon","coordinates":[[[6.1112,13.0637],[6.102,13.0598],[6.0469,13.0312],[6.0502,13.0161],[6.0533,13.0086],[6.0561,12.9955],[6.0558,12.9909],[6.057,12.9884],[6.0572,12.9779],[6.0557,12.9722],[6.0554,12.9667],[6.0487,12.9483],[6.0439,12.938],[6.0374,12.9344],[6.0349,12.9331],[6.0391,12.9179],[6.0415,12.9166],[6.054,12.9057],[6.0565,12.884],[6.0704,12.8498],[6.0778,12.8413],[6.1019,12.8331],[6.1035,12.834],[6.111,12.8346],[6.116,12.8364],[6.1191,12.8355],[6.1285,12.8361],[6.1333,12.8345],[6.1391,12.8367],[6.1441,12.8373],[6.1474,12.8359],[6.1514,12.83],[6.1609,12.8306],[6.1688,12.8329],[6.1735,12.8309],[6.1717,12.8263],[6.1735,12.8204],[6.1815,12.8152],[6.1853,12.8153],[6.1896,12.8097],[6.1959,12.8064],[6.201,12.7986],[6.2072,12.7945],[6.2116,12.7872],[6.2104,12.7839],[6.2128,12.7804],[6.217,12.783],[6.2207,12.7816],[6.2234,12.7779],[6.2286,12.773],[6.2307,12.7676],[6.2327,12.766],[6.2337,12.7608],[6.2353,12.7589],[6.2359,12.7549],[6.2462,12.7478],[6.2496,12.7439],[6.2484,12.7391],[6.2514,12.7369],[6.2566,12.737],[6.2634,12.7281],[6.2654,12.7193],[6.2656,12.7143],[6.2609,12.7066],[6.2598,12.7003],[6.2612,12.6951],[6.2638,12.6942],[6.266,12.6887],[6.2644,12.6832],[6.2656,12.6814],[6.263,12.6779],[6.2654,12.6673],[6.2545,12.6572],[6.2518,12.6528],[6.2488,12.6497],[6.2408,12.6466],[6.2362,12.6464],[6.233,12.6431],[6.2314,12.6387],[6.2307,12.6313],[6.2312,12.6262],[6.24,12.5983],[6.2475,12.5981],[6.2533,12.5986],[6.2568,12.6],[6.2579,12.6021],[6.2786,12.6078],[6.2887,12.6079],[6.2947,12.6057],[6.2984,12.603],[6.3056,12.6033],[6.3127,12.6014],[6.317,12.6017],[6.32,12.6035],[6.3223,12.6078],[6.3429,12.6103],[6.4096,12.6459],[6.4055,12.651],[6.346,12.6681],[6.3364,12.6743],[6.3346,12.6957],[6.3337,12.7217],[6.3224,12.7705],[6.3341,12.776],[6.3338,12.7843],[6.3248,12.7837],[6.3182,12.7848],[6.3126,12.7831],[6.2924,12.7818],[6.2725,12.7811],[6.2649,12.7914],[6.2579,12.7977],[6.255,12.8027],[6.2522,12.8181],[6.2504,12.8363],[6.2474,12.8445],[6.2425,12.898],[6.2253,12.9045],[6.2225,12.9193],[6.2218,12.9246],[6.2174,12.9417],[6.2104,12.9561],[6.2058,12.9694],[6.2045,12.9813],[6.2079,12.9867],[6.2204,12.9931],[6.2372,12.9947],[6.246,13.0146],[6.2196,13.0152],[6.2106,13.018],[6.2024,13.0286],[6.1838,13.0455],[6.1444,13.079],[6.1112,13.0637]]]},"properties":{"name":"FARU / MAGAMI","state":"36","code":"36/09/03"}},{"type":"Feature","geometry":{"type":"Polygon","coordinates":[[[6.1018,12.6698],[6.1027,12.6657],[6.1049,12.6646],[6.1049,12.6534],[6.1056,12.6488],[6.1094,12.6387],[6.1276,12.6224],[6.1492,12.6162],[6.1593,12.6165],[6.1706,12.6156],[6.1701,12.6181],[6.1721,12.6207],[6.1731,12.6277],[6.1756,12.6335],[6.1756,12.6373],[6.1739,12.6406],[6.1646,12.6458],[6.1655,12.6487],[6.1719,12.6565],[6.1756,12.6582],[6.1751,12.6616],[6.1721,12.6653],[6.1717,12.6715],[6.1693,12.6782],[6.1631,12.6806],[6.1599,12.6831],[6.1584,12.6862],[6.1555,12.6875],[6.156,12.6914],[6.1602,12.6925],[6.1656,12.6972],[6.1697,12.6995],[6.1721,12.6976],[6.1789,12.7],[6.1797,12.7032],[6.1842,12.7053],[6.1814,12.7157],[6.1818,12.7171],[6.1671,12.7234],[6.1548,12.7457],[6.1373,12.766],[6.1132,12.7789],[6.1,12.7797],[6.1006,12.7713],[6.0995,12.762],[6.1016,12.7508],[6.0909,12.707],[6.0947,12.6941],[6.1054,12.6874],[6.1057,12.6813],[6.1053,12.6728],[6.1018,12.6698]]]},"properties":{"name":"GORA","state":"36","code":"36/09/04"}},{"type":"Feature","geometry":{"type":"Polygon","coordinates":[[[6.531,12.6555],[6.5329,12.6591],[6.5398,12.6655],[6.5424,12.6702],[6.5463,12.6688],[6.551,12.6709],[6.551,12.6748],[6.55,12.6792],[6.552,12.6817],[6.5517,12.6868],[6.5539,12.6885],[6.5554,12.6928],[6.5548,12.6947],[6.5568,12.6975],[6.5583,12.7029],[6.5585,12.7094],[6.5611,12.714],[6.5604,12.715],[6.5625,12.7212],[6.5642,12.7288],[6.5642,12.7319],[6.5674,12.739],[6.5439,12.7473],[6.5388,12.7496],[6.5134,12.7446],[6.5063,12.7389],[6.5018,12.7373],[6.4975,12.743],[6.4912,12.7496],[6.4814,12.7548],[6.4776,12.7538],[6.4754,12.7515],[6.4761,12.7464],[6.4735,12.7428],[6.4701,12.7411],[6.4666,12.7421],[6.4636,12.7381],[6.4597,12.7383],[6.4555,12.734],[6.4462,12.7265],[6.4403,12.7256],[6.429,12.7228],[6.421,12.7181],[6.4048,12.6796],[6.4055,12.651],[6.4096,12.6459],[6.4173,12.64],[6.4272,12.6413],[6.4977,12.6509],[6.5205,12.6532],[6.5266,12.6561],[6.531,12.6555]]]},"properties":{"name":"GIDAN GOGA","state":"36","code":"36/09/05"}},{"type":"Feature","geometry":{"type":"Polygon","coordinates":[[[6.0341,12.7841],[6.1,12.7797],[6.1132,12.7789],[6.1373,12.766],[6.1548,12.7457],[6.1671,12.7234],[6.1818,12.7171],[6.1814,12.7157],[6.1842,12.7053],[6.1797,12.7032],[6.1789,12.7],[6.1721,12.6976],[6.1697,12.6995],[6.1656,12.6972],[6.1602,12.6925],[6.156,12.6914],[6.1555,12.6875],[6.1584,12.6862],[6.1599,12.6831],[6.1631,12.6806],[6.1693,12.6782],[6.1717,12.6715],[6.1721,12.6653],[6.1751,12.6616],[6.1756,12.6582],[6.1719,12.6565],[6.1655,12.6487],[6.1646,12.6458],[6.1739,12.6406],[6.1767,12.6391],[6.1848,12.6375],[6.1902,12.6356],[6.1982,12.6357],[6.1996,12.6371],[6.212,12.6377],[6.2167,12.6368],[6.2222,12.6379],[6.2314,12.6387],[6.233,12.6431],[6.2362,12.6464],[6.2408,12.6466],[6.2488,12.6497],[6.2518,12.6528],[6.2545,12.6572],[6.2654,12.6673],[6.263,12.6779],[6.2656,12.6814],[6.2644,12.6832],[6.266,12.6887],[6.2638,12.6942],[6.2612,12.6951],[6.2598,12.7003],[6.2609,12.7066],[6.2656,12.7143],[6.2654,12.7193],[6.2634,12.7281],[6.2566,12.737],[6.2514,12.7369],[6.2484,12.7391],[6.2496,12.7439],[6.2462,12.7478],[6.2359,12.7549],[6.2353,12.7589],[6.2337,12.7608],[6.2327,12.766],[6.2307,12.7676],[6.2286,12.773],[6.2234,12.7779],[6.2207,12.7816],[6.217,12.783],[6.2128,12.7804],[6.2104,12.7839],[6.2116,12.7872],[6.2072,12.7945],[6.201,12.7986],[6.1959,12.8064],[6.1896,12.8097],[6.1853,12.8153],[6.1815,12.8152],[6.1735,12.8204],[6.1717,12.8263],[6.1735,12.8309],[6.1688,12.8329],[6.1609,12.8306],[6.1514,12.83],[6.1474,12.8359],[6.1441,12.8373],[6.1391,12.8367],[6.1333,12.8345],[6.1285,12.8361],[6.1191,12.8355],[6.116,12.8364],[6.111,12.8346],[6.1035,12.834],[6.1019,12.8331],[6.0778,12.8413],[6.0704,12.8498],[6.0565,12.884],[6.054,12.9057],[6.0415,12.9166],[6.0391,12.9179],[6.0349,12.9331],[6.0212,12.9261],[6.0058,12.9191],[6.0093,12.8798],[6.0302,12.7953],[6.0341,12.7841]]]},"properties":{"name":"JANBAKO","state":"36","code":"36/09/06"}},{"type":"Feature","geometry":{"type":"Polygon","coordinates":[[[6.4055,12.651],[6.4048,12.6796],[6.421,12.7181],[6.3904,12.72],[6.3751,12.7231],[6.376,12.7279],[6.3781,12.7314],[6.3777,12.736],[6.3801,12.7399],[6.3802,12.7429],[6.3837,12.7457],[6.384,12.7507],[6.3885,12.7523],[6.3925,12.757],[6.3963,12.7602],[6.3984,12.7605],[6.3999,12.7634],[6.4056,12.766],[6.4089,12.7664],[6.41,12.7692],[6.4152,12.7709],[6.4167,12.7739],[6.4219,12.7771],[6.426,12.7783],[6.4315,12.7824],[6.4464,12.7819],[6.4635,12.7823],[6.4858,12.7852],[6.4887,12.787],[6.4876,12.7959],[6.4827,12.8026],[6.4851,12.8142],[6.484,12.8204],[6.4728,12.8261],[6.4711,12.8284],[6.4694,12.843],[6.4686,12.8445],[6.4677,12.8462],[6.4564,12.8537],[6.4557,12.8568],[6.4555,12.8682],[6.4377,12.8692],[6.4357,12.856],[6.4332,12.8451],[6.4306,12.8435],[6.4298,12.8393],[6.4309,12.8358],[6.4255,12.8322],[6.4044,12.8323],[6.3772,12.8669],[6.3742,12.8707],[6.3422,12.9024],[6.3423,12.9027],[6.3475,12.9391],[6.3571,13.0126],[6.357,13.0202],[6.3514,13.0163],[6.3505,13.0178],[6.3107,13.0183],[6.246,13.0146],[6.2372,12.9947],[6.2204,12.9931],[6.2079,12.9867],[6.2045,12.9813],[6.2058,12.9694],[6.2104,12.9561],[6.2174,12.9417],[6.2218,12.9246],[6.2225,12.9193],[6.2253,12.9045],[6.2425,12.898],[6.2474,12.8445],[6.2504,12.8363],[6.2522,12.8181],[6.255,12.8027],[6.2579,12.7977],[6.2649,12.7914],[6.2725,12.7811],[6.2924,12.7818],[6.3126,12.7831],[6.3182,12.7848],[6.3248,12.7837],[6.3338,12.7843],[6.3341,12.776],[6.3224,12.7705],[6.3337,12.7217],[6.3346,12.6957],[6.3364,12.6743],[6.346,12.6681],[6.4055,12.651]]]},"properties":{"name":"KAYA","state":"36","code":"36/09/07"}},{"type":"Feature","geometry":{"type":"Polygon","coordinates":[[[6.4272,12.6413],[6.4173,12.64],[6.4096,12.6459],[6.3429,12.6103],[6.3223,12.6078],[6.32,12.6035],[6.317,12.6017],[6.3127,12.6014],[6.3056,12.6033],[6.2984,12.603],[6.2947,12.6057],[6.2887,12.6079],[6.2786,12.6078],[6.2579,12.6021],[6.2568,12.6],[6.2533,12.5986],[6.2475,12.5981],[6.24,12.5983],[6.2312,12.6262],[6.2307,12.6313],[6.2314,12.6387],[6.2222,12.6379],[6.2167,12.6368],[6.212,12.6377],[6.1996,12.6371],[6.1982,12.6357],[6.1902,12.6356],[6.1848,12.6375],[6.1767,12.6391],[6.1739,12.6406],[6.1756,12.6373],[6.1756,12.6335],[6.1731,12.6277],[6.1721,12.6207],[6.1701,12.6181],[6.1706,12.6156],[6.1705,12.6027],[6.1696,12.5963],[6.1694,12.5948],[6.1603,12.5721],[6.168,12.5619],[6.1686,12.5555],[6.1712,12.5562],[6.1812,12.5562],[6.1893,12.5554],[6.1918,12.5567],[6.189,12.572],[6.1898,12.5737],[6.1901,12.5845],[6.2043,12.5935],[6.212,12.5943],[6.2284,12.5881],[6.2835,12.5694],[6.2986,12.5639],[6.3013,12.564],[6.3052,12.5663],[6.3117,12.5683],[6.3119,12.5659],[6.3201,12.5617],[6.3285,12.5526],[6.3631,12.5276],[6.365,12.5017],[6.3649,12.5014],[6.3726,12.5026],[6.3738,12.5039],[6.3799,12.5052],[6.3836,12.5026],[6.3925,12.5022],[6.4048,12.5365],[6.4199,12.5671],[6.4181,12.6171],[6.4208,12.6204],[6.4223,12.6244],[6.4224,12.6289],[6.4248,12.634],[6.4243,12.6361],[6.4272,12.6413]]]},"properties":{"name":"MARADUN NORTH","state":"36","code":"36/09/08"}},{"type":"Feature","geometry":{"type":"Polygon","coordinates":[[[6.3649,12.5014],[6.365,12.5017],[6.3631,12.5276],[6.3285,12.5526],[6.3201,12.5617],[6.3119,12.5659],[6.3117,12.5683],[6.3052,12.5663],[6.3013,12.564],[6.2986,12.5639],[6.2835,12.5694],[6.2284,12.5881],[6.212,12.5943],[6.2043,12.5935],[6.1901,12.5845],[6.1898,12.5737],[6.189,12.572],[6.1918,12.5567],[6.1893,12.5554],[6.1812,12.5562],[6.1712,12.5562],[6.1686,12.5555],[6.168,12.5619],[6.1603,12.5721],[6.1561,12.5614],[6.1548,12.5597],[6.1559,12.5532],[6.1577,12.5513],[6.1572,12.5481],[6.1633,12.5445],[6.1655,12.5447],[6.1788,12.5433],[6.1995,12.5365],[6.2268,12.532],[6.263,12.5327],[6.2815,12.535],[6.2849,12.534],[6.2935,12.5335],[6.302,12.5232],[6.3102,12.517],[6.318,12.5136],[6.3244,12.5093],[6.3314,12.5084],[6.337,12.5085],[6.3429,12.5105],[6.3449,12.5086],[6.3504,12.508],[6.352,12.5057],[6.36,12.5039],[6.3649,12.5014]]]},"properties":{"name":"MARADUN SOUTH","state":"36","code":"36/09/09"}},{"type":"Feature","geometry":{"type":"Polygon","coordinates":[[[6.3423,12.9027],[6.347,12.906],[6.348,12.908],[6.3523,12.9097],[6.3607,12.9119],[6.3642,12.9121],[6.3748,12.9166],[6.3766,12.9158],[6.3814,12.9182],[6.3852,12.9176],[6.3877,12.9207],[6.3912,12.921],[6.4013,12.9244],[6.4078,12.9233],[6.4181,12.9261],[6.4227,12.9288],[6.4218,12.9326],[6.4218,12.9379],[6.4232,12.9393],[6.4197,12.9437],[6.4201,12.947],[6.405,12.9477],[6.3979,12.9432],[6.3958,12.9434],[6.3897,12.9482],[6.3835,12.9505],[6.3813,12.953],[6.3751,12.9534],[6.3703,12.9544],[6.3645,12.9774],[6.4197,12.9894],[6.4344,12.9933],[6.4333,13.0017],[6.4356,13.0152],[6.4362,13.0251],[6.4371,13.0286],[6.4364,13.033],[6.4317,13.0332],[6.3998,13.0307],[6.3744,13.0258],[6.3623,13.0225],[6.357,13.0202],[6.3571,13.0126],[6.3475,12.9391],[6.3423,12.9027]]]},"properties":{"name":"TSIBIRI","state":"36","code":"36/09/10"}},{"type":"Feature","geometry":{"type":"Polygon","coordinates":[[[6.2552,11.657],[6.2574,11.6559],[6.2583,11.6518],[6.2613,11.6523],[6.2636,11.6543],[6.269,11.6531],[6.2695,11.6435],[6.2723,11.6372],[6.2711,11.6329],[6.28,11.6288],[6.2819,11.6267],[6.2828,11.6222],[6.2861,11.6214],[6.2882,11.6195],[6.2901,11.6145],[6.2933,11.6114],[6.2929,11.6091],[6.3025,11.61],[6.3052,11.6071],[6.3082,11.6086],[6.3098,11.6059],[6.3122,11.6077],[6.3167,11.6065],[6.3215,11.6082],[6.3251,11.6073],[6.3263,11.6049],[6.3373,11.601],[6.3454,11.5968],[6.3685,11.5899],[6.3754,11.5886],[6.3793,11.584],[6.3849,11.579],[6.3898,11.5773],[6.3953,11.5743],[6.3976,11.5662],[6.4017,11.5473],[6.4422,11.5563],[6.4388,11.5624],[6.4412,11.5669],[6.4397,11.5697],[6.4411,11.5719],[6.4403,11.5774],[6.4366,11.5863],[6.4372,11.5883],[6.4334,11.592],[6.4434,11.5935],[6.4469,11.5946],[6.4587,11.5954],[6.4576,11.6014],[6.4504,11.6142],[6.446,11.6283],[6.439,11.6376],[6.4277,11.6641],[6.4271,11.6673],[6.4297,11.6819],[6.4301,11.687],[6.4286,11.6899],[6.4206,11.6963],[6.4195,11.7116],[6.4212,11.7187],[6.4198,11.7218],[6.4162,11.7241],[6.4103,11.726],[6.4073,11.7292],[6.4023,11.7402],[6.4027,11.7839],[6.4037,11.8054],[6.4031,11.8077],[6.4015,11.8056],[6.3674,11.8084],[6.3651,11.8078],[6.3651,11.8018],[6.3602,11.7975],[6.3528,11.7967],[6.3491,11.795],[6.3454,11.7905],[6.3301,11.7897],[6.3203,11.7807],[6.3099,11.7748],[6.3081,11.7707],[6.3028,11.7729],[6.2965,11.7763],[6.2927,11.7798],[6.2836,11.7818],[6.2735,11.7642],[6.2707,11.7554],[6.2667,11.7465],[6.2496,11.7167],[6.2443,11.6894],[6.2561,11.6594],[6.2552,11.657]]]},"properties":{"name":"BINDIN","state":"36","code":"36/10/01"}},{"type":"Feature","geometry":{"type":"Polygon","coordinates":[[[6.2836,11.7818],[6.2927,11.7798],[6.2965,11.7763],[6.3028,11.7729],[6.3081,11.7707],[6.3099,11.7748],[6.3203,11.7807],[6.3301,11.7897],[6.3454,11.7905],[6.3491,11.795],[6.3528,11.7967],[6.3602,11.7975],[6.3651,11.8018],[6.3651,11.8078],[6.3674,11.8084],[6.4015,11.8056],[6.4031,11.8077],[6.405,11.8097],[6.4084,11.8094],[6.412,11.8072],[6.4172,11.8116],[6.4257,11.8112],[6.4312,11.8139],[6.4373,11.8201],[6.4483,11.8365],[6.4566,11.8506],[6.467,11.859],[6.4811,11.8693],[6.504,11.8935],[6.4892,11.9098],[6.4873,11.9154],[6.4874,11.9205],[6.4814,11.9347],[6.4824,11.9465],[6.4786,11.9535],[6.4728,11.9574],[6.4668,11.9627],[6.4623,11.9712],[6.4564,11.9893],[6.4573,12.018],[6.4444,12.0178],[6.4347,12.0189],[6.4228,12.021],[6.4212,12.0239],[6.4139,12.023],[6.4011,12.0262],[6.395,12.0284],[6.3903,12.0289],[6.3788,12.0324],[6.3749,12.0332],[6.3563,12.0393],[6.3558,12.0419],[6.3594,12.0435],[6.3623,12.0497],[6.3649,12.0502],[6.3688,12.0564],[6.3697,12.0603],[6.374,12.0647],[6.3721,12.0654],[6.3748,12.0703],[6.3728,12.0713],[6.3631,12.0736],[6.3554,12.0699],[6.3182,12.0574],[6.2983,12.0522],[6.2874,12.0517],[6.2854,12.0286],[6.2786,12.0272],[6.2746,12.0308],[6.2695,12.0322],[6.2614,12.0414],[6.2571,12.0416],[6.2545,12.0397],[6.2515,12.0412],[6.2487,12.046],[6.2415,12.0463],[6.2388,12.0411],[6.2369,12.0401],[6.2326,12.0414],[6.2236,12.0407],[6.2163,12.0457],[6.2137,12.0382],[6.2155,12.0341],[6.2143,12.0292],[6.2108,12.0266],[6.2084,12.0271],[6.2034,12.0304],[6.2011,12.0306],[6.1974,12.0286],[6.194,12.029],[6.1885,12.0337],[6.187,12.0338],[6.1829,12.031],[6.1873,12.0262],[6.1875,12.0221],[6.1892,12.0192],[6.1973,12.016],[6.1991,12.0131],[6.199,12.0064],[6.2009,12.0053],[6.2065,12.005],[6.2113,12.0009],[6.2126,11.9975],[6.2131,11.9914],[6.2123,11.9857],[6.2144,11.9824],[6.2148,11.9792],[6.2139,11.9685],[6.2127,11.9629],[6.2128,11.9581],[6.2154,11.9507],[6.2197,11.9487],[6.2215,11.9446],[6.2269,11.9417],[6.2305,11.9385],[6.2307,11.9359],[6.2329,11.9303],[6.2314,11.9237],[6.232,11.9193],[6.2355,11.9117],[6.24,11.9055],[6.241,11.903],[6.2454,11.8988],[6.2481,11.8979],[6.2503,11.8906],[6.2583,11.889],[6.2644,11.8803],[6.2719,11.8769],[6.2746,11.8737],[6.2748,11.8698],[6.2736,11.8652],[6.277,11.8604],[6.2779,11.8567],[6.2898,11.8426],[6.2918,11.8342],[6.2977,11.8295],[6.298,11.8236],[6.3021,11.8159],[6.3053,11.8142],[6.3066,11.8111],[6.3063,11.8063],[6.3081,11.8028],[6.3056,11.7996],[6.2984,11.7994],[6.2926,11.7948],[6.2904,11.7911],[6.2906,11.7892],[6.2884,11.7858],[6.2836,11.7818]]]},"properties":{"name":"BINGI","state":"36","code":"36/10/02"}},{"type":"Feature","geometry":{"type":"Polygon","coordinates":[[[6.2009,11.39],[6.2106,11.3972],[6.241,11.4178],[6.2577,11.4279],[6.2703,11.4345],[6.2835,11.4399],[6.304,11.4472],[6.3355,11.4528],[6.3488,11.4574],[6.3565,11.4596],[6.3647,11.4642],[6.3666,11.4667],[6.37,11.4662],[6.3728,11.4675],[6.3763,11.471],[6.3787,11.4715],[6.3825,11.4789],[6.384,11.4883],[6.3913,11.5084],[6.4017,11.5473],[6.3976,11.5662],[6.3953,11.5743],[6.3898,11.5773],[6.3849,11.579],[6.3793,11.584],[6.3754,11.5886],[6.3685,11.5899],[6.3454,11.5968],[6.3373,11.601],[6.3263,11.6049],[6.3251,11.6073],[6.3215,11.6082],[6.3167,11.6065],[6.3122,11.6077],[6.3098,11.6059],[6.3082,11.6086],[6.3052,11.6071],[6.3025,11.61],[6.2929,11.6091],[6.2933,11.6114],[6.2901,11.6145],[6.2882,11.6195],[6.2861,11.6214],[6.2828,11.6222],[6.2819,11.6267],[6.28,11.6288],[6.2711,11.6329],[6.2723,11.6372],[6.2695,11.6435],[6.269,11.6531],[6.2636,11.6543],[6.2613,11.6523],[6.2583,11.6518],[6.2574,11.6559],[6.2552,11.657],[6.2534,11.6531],[6.2497,11.6527],[6.2466,11.6562],[6.2438,11.6528],[6.2401,11.6497],[6.2341,11.6486],[6.2307,11.6495],[6.229,11.6454],[6.2288,11.6404],[6.2248,11.6408],[6.2221,11.6448],[6.2163,11.6409],[6.2162,11.6385],[6.2137,11.6355],[6.2082,11.639],[6.206,11.6383],[6.2027,11.6415],[6.1981,11.6408],[6.1969,11.6424],[6.1932,11.642],[6.1866,11.6429],[6.1795,11.6416],[6.1749,11.6366],[6.168,11.632],[6.1675,11.6292],[6.1639,11.6263],[6.1623,11.6217],[6.1631,11.6179],[6.1625,11.6144],[6.1563,11.6114],[6.1544,11.6129],[6.1484,11.6131],[6.1451,11.6142],[6.1454,11.6165],[6.1424,11.6171],[6.1386,11.6204],[6.1381,11.6234],[6.1398,11.6254],[6.1361,11.6269],[6.1339,11.631],[6.1311,11.6278],[6.1287,11.6267],[6.1316,11.6013],[6.1382,11.5863],[6.1391,11.5799],[6.0862,11.5664],[6.0875,11.5366],[6.0976,11.536],[6.1005,11.5131],[6.1191,11.5116],[6.1196,11.5083],[6.119,11.5],[6.1087,11.483],[6.0956,11.4681],[6.0841,11.4615],[6.0797,11.4554],[6.0784,11.4491],[6.0656,11.4473],[6.0572,11.4453],[6.0415,11.4435],[6.0301,11.4436],[6.0388,11.4207],[6.0537,11.4008],[6.0796,11.3884],[6.0923,11.3863],[6.1245,11.3849],[6.1315,11.3839],[6.1543,11.383],[6.1776,11.384],[6.2009,11.39]]]},"properties":{"name":"DAN GULBI","state":"36","code":"36/10/03"}},{"type":"Feature","geometry":{"type":"Polygon","coordinates":[[[6.0301,11.4436],[6.0415,11.4435],[6.0572,11.4453],[6.0656,11.4473],[6.0784,11.4491],[6.0797,11.4554],[6.0841,11.4615],[6.0956,11.4681],[6.1087,11.483],[6.119,11.5],[6.1196,11.5083],[6.1191,11.5116],[6.1005,11.5131],[6.0976,11.536],[6.0875,11.5366],[6.0862,11.5664],[6.1391,11.5799],[6.1382,11.5863],[6.1316,11.6013],[6.1287,11.6267],[6.1266,11.6318],[6.123,11.6356],[6.1233,11.6379],[6.1209,11.6405],[6.1169,11.6418],[6.1144,11.6402],[6.114,11.6359],[6.1093,11.6362],[6.1068,11.6352],[6.1023,11.6366],[6.1018,11.6387],[6.1038,11.6416],[6.1033,11.6467],[6.1041,11.649],[6.1014,11.6513],[6.0965,11.6482],[6.0929,11.65],[6.0852,11.6522],[6.0821,11.6516],[6.0808,11.654],[6.0783,11.6521],[6.0763,11.6539],[6.0736,11.6526],[6.068,11.6561],[6.0605,11.6665],[6.0594,11.6709],[6.0554,11.6721],[6.052,11.6719],[6.047,11.6669],[6.0428,11.6644],[6.0343,11.6638],[6.0297,11.6623],[6.0256,11.6661],[6.024,11.6629],[6.0201,11.6603],[6.0168,11.6653],[6.0143,11.6666],[6.0155,11.6704],[6.0141,11.6725],[6.0115,11.6718],[6.0104,11.6658],[6.0042,11.6684],[6.0026,11.6663],[5.9989,11.6667],[5.9934,11.6708],[5.9919,11.6697],[5.9896,11.6642],[5.986,11.6603],[5.9833,11.6586],[5.9831,11.6559],[5.9803,11.6556],[5.9799,11.6526],[5.9819,11.6485],[5.9843,11.6457],[5.9857,11.6409],[5.9832,11.6407],[5.9798,11.6431],[5.9779,11.6416],[5.9727,11.634],[5.967,11.6386],[5.961,11.6405],[5.9582,11.6403],[5.9531,11.6366],[5.94,11.6429],[5.935,11.6416],[5.9319,11.642],[5.9219,11.6388],[5.9176,11.6388],[5.9129,11.6355],[5.9072,11.6335],[5.9034,11.6334],[5.8981,11.63],[5.8968,11.6242],[5.8887,11.6181],[5.8812,11.6147],[5.8747,11.616],[5.8706,11.6178],[5.8705,11.6198],[5.8754,11.6238],[5.8752,11.6266],[5.872,11.6269],[5.8691,11.6331],[5.8647,11.634],[5.8616,11.6358],[5.8564,11.6411],[5.853,11.6401],[5.8481,11.6414],[5.8455,11.6443],[5.833,11.6485],[5.8195,11.6484],[5.8223,11.6343],[5.8288,11.6248],[5.8299,11.5944],[5.8298,11.5917],[5.8266,11.5861],[5.8261,11.5792],[5.8214,11.5767],[5.82,11.5728],[5.8214,11.5663],[5.8193,11.5647],[5.8172,11.5601],[5.8179,11.5571],[5.816,11.5532],[5.8173,11.5479],[5.8159,11.5424],[5.8172,11.5368],[5.8164,11.5155],[5.8246,11.4985],[5.8237,11.4567],[5.826,11.4496],[5.8268,11.4443],[5.8302,11.4398],[5.8355,11.4354],[5.8442,11.4328],[5.8656,11.4378],[5.8761,11.4396],[5.8926,11.4403],[5.9338,11.4366],[5.9366,11.4438],[5.9463,11.4495],[5.9612,11.4541],[5.968,11.4669],[6.0095,11.4626],[6.0257,11.4449],[6.0301,11.4436]]]},"properties":{"name":"DAN KURMI","state":"36","code":"36/10/04"}},{"type":"Feature","geometry":{"type":"Polygon","coordinates":[[[6.6901,11.207],[6.6928,11.2163],[6.6976,11.228],[6.7034,11.239],[6.7112,11.2492],[6.7305,11.2582],[6.7537,11.2622],[6.7595,11.264],[6.7606,11.2671],[6.7643,11.2673],[6.7668,11.2722],[6.7665,11.2969],[6.7679,11.3082],[6.7706,11.3201],[6.774,11.3224],[6.7773,11.3222],[6.7871,11.3198],[6.8153,11.3081],[6.8195,11.3084],[6.821,11.3104],[6.8251,11.308],[6.8295,11.3072],[6.8357,11.31],[6.8368,11.3135],[6.8362,11.3161],[6.8399,11.3189],[6.8358,11.3277],[6.8334,11.3374],[6.8323,11.3473],[6.8329,11.352],[6.8376,11.3563],[6.8445,11.3604],[6.8589,11.3632],[6.8732,11.3647],[6.8792,11.3673],[6.8815,11.373],[6.8829,11.3742],[6.8878,11.3823],[6.8894,11.3836],[6.8876,11.3897],[6.8869,11.3962],[6.8861,11.4173],[6.8869,11.4312],[6.8934,11.4458],[6.9007,11.4587],[6.9073,11.4751],[6.9037,11.4851],[6.8959,11.5052],[6.9032,11.5198],[6.9073,11.5296],[6.904,11.5532],[6.8861,11.567],[6.8761,11.5744],[6.8674,11.5776],[6.8568,11.589],[6.8544,11.5952],[6.8505,11.5878],[6.8463,11.5825],[6.8354,11.5842],[6.8314,11.5916],[6.8202,11.5887],[6.8028,11.5831],[6.8005,11.5852],[6.796,11.5867],[6.7947,11.5887],[6.7912,11.5893],[6.7849,11.5866],[6.7823,11.5863],[6.7793,11.5838],[6.7695,11.5827],[6.7658,11.584],[6.7632,11.5815],[6.7602,11.5806],[6.7569,11.5771],[6.7526,11.576],[6.7504,11.573],[6.7434,11.5712],[6.7371,11.5719],[6.7326,11.5744],[6.7301,11.574],[6.7231,11.5765],[6.7126,11.5757],[6.7096,11.5676],[6.7074,11.5685],[6.7048,11.565],[6.7016,11.5642],[6.6976,11.5679],[6.6953,11.5669],[6.6856,11.5685],[6.6823,11.5705],[6.6756,11.5669],[6.6747,11.563],[6.6691,11.561],[6.668,11.5584],[6.664,11.5572],[6.6567,11.5583],[6.6535,11.5615],[6.6494,11.5614],[6.6371,11.5648],[6.6334,11.5698],[6.627,11.5724],[6.6242,11.5772],[6.6214,11.58],[6.6155,11.5806],[6.6093,11.5789],[6.6058,11.5751],[6.6026,11.5674],[6.6013,11.5666],[6.5946,11.5704],[6.5911,11.5708],[6.5858,11.5667],[6.5839,11.5671],[6.5803,11.5645],[6.5749,11.5663],[6.5701,11.5653],[6.5616,11.567],[6.5605,11.569],[6.5544,11.5694],[6.5517,11.5711],[6.5446,11.5724],[6.5412,11.572],[6.5361,11.5763],[6.5356,11.5793],[6.5326,11.5792],[6.5276,11.5807],[6.5273,11.5837],[6.5251,11.5889],[6.5224,11.5893],[6.4969,11.5919],[6.4957,11.5873],[6.4913,11.5811],[6.4821,11.5834],[6.479,11.589],[6.4732,11.5959],[6.4711,11.5968],[6.4678,11.5949],[6.4587,11.5954],[6.4469,11.5946],[6.4434,11.5935],[6.4334,11.592],[6.4372,11.5883],[6.4366,11.5863],[6.4403,11.5774],[6.4411,11.5719],[6.4397,11.5697],[6.4412,11.5669],[6.4388,11.5624],[6.4422,11.5563],[6.4017,11.5473],[6.3913,11.5084],[6.384,11.4883],[6.3825,11.4789],[6.3787,11.4715],[6.3763,11.471],[6.3728,11.4675],[6.37,11.4662],[6.3666,11.4667],[6.3647,11.4642],[6.3565,11.4596],[6.3488,11.4574],[6.3355,11.4528],[6.304,11.4472],[6.2835,11.4399],[6.2703,11.4345],[6.2577,11.4279],[6.241,11.4178],[6.2106,11.3972],[6.2009,11.39],[6.2044,11.3837],[6.1747,11.3594],[6.1906,11.3341],[6.2464,11.3466],[6.2534,11.3356],[6.2629,11.3316],[6.278,11.3305],[6.2872,11.3249],[6.3093,11.3094],[6.3235,11.3075],[6.3391,11.3082],[6.3715,11.319],[6.3836,11.3172],[6.4036,11.2956],[6.4068,11.2898],[6.4367,11.2997],[6.4452,11.3019],[6.4574,11.2946],[6.4639,11.289],[6.4609,11.2827],[6.4626,11.2809],[6.4517,11.2711],[6.4506,11.2644],[6.4558,11.2563],[6.4565,11.2524],[6.46,11.2533],[6.4642,11.2603],[6.4739,11.2637],[6.4872,11.2693],[6.5042,11.2745],[6.5068,11.2561],[6.511,11.2464],[6.5269,11.2452],[6.5413,11.2454],[6.5476,11.2429],[6.5683,11.225],[6.5892,11.2104],[6.6041,11.2041],[6.6861,11.1794],[6.6891,11.2036],[6.6901,11.207]]]},"properties":{"name":"DAN SADAU","state":"36","code":"36/10/05"}},{"type":"Feature","geometry":{"type":"Polygon","coordinates":[[[6.187,12.0338],[6.1885,12.0337],[6.194,12.029],[6.1974,12.0286],[6.2011,12.0306],[6.2034,12.0304],[6.2084,12.0271],[6.2108,12.0266],[6.2143,12.0292],[6.2155,12.0341],[6.2137,12.0382],[6.2163,12.0457],[6.2236,12.0407],[6.2326,12.0414],[6.2369,12.0401],[6.2388,12.0411],[6.2415,12.0463],[6.2487,12.046],[6.2515,12.0412],[6.2545,12.0397],[6.2571,12.0416],[6.2614,12.0414],[6.2695,12.0322],[6.2746,12.0308],[6.2786,12.0272],[6.2854,12.0286],[6.2874,12.0517],[6.2877,12.054],[6.2835,12.0844],[6.2854,12.0937],[6.2888,12.0913],[6.292,12.0912],[6.2973,12.0953],[6.308,12.0998],[6.3099,12.0984],[6.3151,12.0971],[6.3168,12.0955],[6.3227,12.0968],[6.3272,12.1043],[6.3335,12.1074],[6.34,12.108],[6.3437,12.1132],[6.3472,12.1144],[6.3483,12.1162],[6.3478,12.123],[6.3485,12.127],[6.3503,12.1279],[6.3534,12.134],[6.3571,12.1354],[6.3613,12.1415],[6.3613,12.1464],[6.3597,12.1598],[6.3605,12.1972],[6.3614,12.2029],[6.361,12.2084],[6.3637,12.2204],[6.3635,12.2296],[6.3644,12.2336],[6.3657,12.2392],[6.3642,12.2458],[6.3618,12.2771],[6.3551,12.2849],[6.3351,12.302],[6.3284,12.3037],[6.3156,12.3051],[6.2946,12.3115],[6.2881,12.312],[6.2869,12.3097],[6.2877,12.3053],[6.2854,12.3044],[6.2867,12.2958],[6.2839,12.2904],[6.2786,12.2885],[6.2405,12.289],[6.2327,12.2776],[6.2264,12.263],[6.1998,12.2668],[6.1945,12.2633],[6.1918,12.2578],[6.1887,12.2493],[6.1886,12.2472],[6.1855,12.2376],[6.1818,12.233],[6.1805,12.2251],[6.1786,12.2231],[6.178,12.2186],[6.173,12.2115],[6.1705,12.2062],[6.1816,12.2016],[6.179,12.1946],[6.1751,12.1877],[6.1634,12.1938],[6.1576,12.1895],[6.153,12.1842],[6.1458,12.1809],[6.1454,12.1778],[6.1376,12.1664],[6.135,12.1675],[6.1301,12.1655],[6.1306,12.16],[6.1285,12.1572],[6.1261,12.1567],[6.1241,12.1542],[6.1254,12.1484],[6.1198,12.1455],[6.1148,12.1385],[6.1117,12.1371],[6.1144,12.1323],[6.1218,12.1252],[6.1345,12.1204],[6.1423,12.1128],[6.1462,12.1107],[6.1602,12.1088],[6.1655,12.1056],[6.1707,12.1004],[6.173,12.0928],[6.1668,12.0885],[6.1631,12.0803],[6.1585,12.0736],[6.1578,12.0645],[6.1585,12.0579],[6.1584,12.0505],[6.1643,12.0492],[6.1697,12.0491],[6.1784,12.055],[6.1836,12.0512],[6.1845,12.0479],[6.1819,12.0428],[6.1848,12.039],[6.187,12.0338]]]},"properties":{"name":"KANOMA","state":"36","code":"36/10/06"}},{"type":"Feature","geometry":{"type":"Polygon","coordinates":[[[6.5217,11.0457],[6.5334,11.0479],[6.5516,11.0418],[6.5595,11.0362],[6.5647,11.0303],[6.5722,11.0245],[6.572,11.0221],[6.5773,11.0216],[6.5781,11.0253],[6.5846,11.0239],[6.5859,11.025],[6.5876,11.0309],[6.5988,11.0413],[6.5998,11.0447],[6.6055,11.0465],[6.6145,11.0473],[6.6227,11.047],[6.6242,11.0491],[6.6272,11.0481],[6.6308,11.0493],[6.643,11.0506],[6.6442,11.0488],[6.6491,11.0505],[6.6565,11.052],[6.6597,11.0554],[6.6638,11.0556],[6.6638,11.0615],[6.6686,11.0628],[6.6753,11.0564],[6.6792,11.0613],[6.6821,11.0628],[6.683,11.0676],[6.6817,11.0708],[6.6807,11.0779],[6.6826,11.0853],[6.6874,11.0917],[6.696,11.0936],[6.7009,11.0966],[6.707,11.0943],[6.7096,11.0966],[6.712,11.1015],[6.716,11.1062],[6.7142,11.111],[6.7105,11.1125],[6.702,11.1128],[6.6955,11.1159],[6.6909,11.1209],[6.6882,11.1279],[6.685,11.1515],[6.6861,11.1794],[6.6041,11.2041],[6.5892,11.2104],[6.5683,11.225],[6.5476,11.2429],[6.5413,11.2454],[6.5269,11.2452],[6.511,11.2464],[6.5068,11.2561],[6.5042,11.2745],[6.4872,11.2693],[6.4739,11.2637],[6.4642,11.2603],[6.46,11.2533],[6.4565,11.2524],[6.4558,11.2563],[6.4506,11.2644],[6.4517,11.2711],[6.4626,11.2809],[6.4609,11.2827],[6.4639,11.289],[6.4574,11.2946],[6.4452,11.3019],[6.4367,11.2997],[6.4068,11.2898],[6.4036,11.2956],[6.3836,11.3172],[6.3715,11.319],[6.3391,11.3082],[6.3235,11.3075],[6.3093,11.3094],[6.2872,11.3249],[6.278,11.3305],[6.2629,11.3316],[6.2534,11.3356],[6.2464,11.3466],[6.1906,11.3341],[6.1731,11.3179],[6.1478,11.3056],[6.1357,11.2954],[6.1218,11.2646],[6.118,11.2575],[6.1125,11.2453],[6.1098,11.2423],[6.1087,11.2384],[6.1091,11.2354],[6.1148,11.2271],[6.1173,11.2204],[6.1172,11.2074],[6.1128,11.1971],[6.1059,11.1833],[6.0957,11.1769],[6.0763,11.1687],[6.0693,11.1642],[6.0621,11.1629],[6.0468,11.1626],[6.0547,11.2016],[6.0659,11.2102],[6.0699,11.2271],[6.0591,11.2298],[6.0564,11.2229],[6.0552,11.2178],[6.0485,11.2097],[6.0415,11.199],[6.0328,11.1821],[6.0254,11.1717],[6.0159,11.138],[6.014,11.1297],[6.0167,11.1183],[6.0263,11.101],[6.0311,11.0841],[6.0327,11.0753],[6.0399,11.0665],[6.0464,11.0544],[6.066,11.055],[6.0778,11.0563],[6.0965,11.0593],[6.1127,11.0613],[6.12,11.0597],[6.1275,11.0539],[6.1612,11.0435],[6.1637,11.0422],[6.1961,11.0177],[6.2083,11.0048],[6.2235,10.9965],[6.2423,10.9886],[6.2665,10.9661],[6.2689,10.9666],[6.2732,10.9641],[6.2786,10.9635],[6.2813,10.9647],[6.2831,10.9684],[6.2825,10.9721],[6.284,10.9753],[6.287,10.9752],[6.2875,10.9794],[6.2927,10.9853],[6.2964,10.9926],[6.3004,10.9932],[6.3017,10.995],[6.3003,10.9978],[6.3042,11.0031],[6.3081,11.0047],[6.3131,11.0104],[6.3201,11.0102],[6.3222,11.0117],[6.3243,11.0177],[6.3268,11.0188],[6.3262,11.0227],[6.3242,11.0255],[6.3297,11.0272],[6.3347,11.0247],[6.337,11.0215],[6.3409,11.0211],[6.3435,11.024],[6.3468,11.0222],[6.35,11.0229],[6.3538,11.0223],[6.3563,11.0205],[6.3648,11.0177],[6.3718,11.0247],[6.374,11.0303],[6.3783,11.0305],[6.3841,11.033],[6.3865,11.0322],[6.3916,11.0338],[6.3975,11.0317],[6.4037,11.0329],[6.4069,11.0289],[6.4113,11.0311],[6.419,11.0277],[6.4201,11.0257],[6.4216,11.0178],[6.4263,11.0127],[6.4271,11.0095],[6.4318,11.0075],[6.437,11.0076],[6.4435,11.0099],[6.4527,11.0146],[6.4582,11.0159],[6.4791,11.0295],[6.4886,11.0327],[6.5108,11.0437],[6.5217,11.0457]]]},"properties":{"name":"KUYAN BANA","state":"36","code":"36/10/07"}},{"type":"Feature","geometry":{"type":"Polygon","coordinates":[[[6.4443,12.3684],[6.4437,12.3663],[6.437,12.3645],[6.4337,12.3649],[6.4176,12.3584],[6.4182,12.3562],[6.4131,12.3545],[6.4097,12.357],[6.3968,12.3544],[6.3941,12.3584],[6.3946,12.3618],[6.3902,12.362],[6.3839,12.3613],[6.3824,12.3629],[6.3809,12.3716],[6.3794,12.3734],[6.3729,12.3766],[6.3695,12.3767],[6.367,12.3794],[6.3672,12.383],[6.3636,12.3861],[6.3603,12.3928],[6.3393,12.4012],[6.3289,12.4017],[6.3213,12.3992],[6.319,12.3956],[6.3151,12.3946],[6.3126,12.3955],[6.3113,12.4002],[6.3081,12.4016],[6.3021,12.4039],[6.2953,12.401],[6.2969,12.3997],[6.3011,12.391],[6.3008,12.3876],[6.2976,12.3802],[6.2985,12.3757],[6.2922,12.3628],[6.2958,12.3581],[6.2948,12.3549],[6.2963,12.3511],[6.2957,12.3483],[6.2905,12.342],[6.2911,12.3379],[6.2868,12.3325],[6.2864,12.3262],[6.2856,12.3243],[6.2879,12.3191],[6.2873,12.3146],[6.2881,12.312],[6.2946,12.3115],[6.3156,12.3051],[6.3284,12.3037],[6.3351,12.302],[6.3551,12.2849],[6.3618,12.2771],[6.3642,12.2458],[6.3657,12.2392],[6.3644,12.2336],[6.3943,12.2349],[6.3957,12.2611],[6.3999,12.2639],[6.4109,12.2649],[6.4152,12.2661],[6.4212,12.2636],[6.4207,12.2681],[6.4253,12.268],[6.436,12.2688],[6.441,12.2727],[6.4446,12.2707],[6.4471,12.2715],[6.4438,12.2765],[6.4435,12.2814],[6.4413,12.2901],[6.4415,12.2961],[6.4425,12.3031],[6.4425,12.3145],[6.4386,12.3153],[6.4368,12.3189],[6.4462,12.3248],[6.4492,12.3322],[6.4554,12.3424],[6.4553,12.3536],[6.4494,12.3552],[6.4443,12.3684]]]},"properties":{"name":"MARU","state":"36","code":"36/10/08"}},{"type":"Feature","geometry":{"type":"Polygon","coordinates":[[[6.2835,12.4085],[6.2763,12.4051],[6.2705,12.4012],[6.2687,12.3966],[6.2667,12.3943],[6.2669,12.3914],[6.2643,12.39],[6.2615,12.384],[6.2614,12.3795],[6.2589,12.3785],[6.2581,12.3751],[6.2523,12.369],[6.2492,12.3671],[6.2438,12.3623],[6.2408,12.3555],[6.2418,12.3505],[6.2404,12.3447],[6.2418,12.3421],[6.2398,12.3339],[6.2367,12.3304],[6.2322,12.3297],[6.2287,12.3258],[6.2247,12.3234],[6.225,12.322],[6.2203,12.314],[6.2186,12.3082],[6.2071,12.2991],[6.2112,12.2913],[6.2062,12.2837],[6.2058,12.2792],[6.2026,12.2756],[6.1998,12.2668],[6.2264,12.263],[6.2327,12.2776],[6.2405,12.289],[6.2786,12.2885],[6.2839,12.2904],[6.2867,12.2958],[6.2854,12.3044],[6.2877,12.3053],[6.2869,12.3097],[6.2881,12.312],[6.2873,12.3146],[6.2879,12.3191],[6.2856,12.3243],[6.2864,12.3262],[6.2868,12.3325],[6.2911,12.3379],[6.2905,12.342],[6.2957,12.3483],[6.2963,12.3511],[6.2948,12.3549],[6.2958,12.3581],[6.2922,12.3628],[6.2985,12.3757],[6.2976,12.3802],[6.3008,12.3876],[6.3011,12.391],[6.2969,12.3997],[6.2953,12.401],[6.29,12.4021],[6.2839,12.4065],[6.2835,12.4085]]]},"properties":{"name":"MAYANCHI","state":"36","code":"36/10/09"}},{"type":"Feature","geometry":{"type":"Polygon","coordinates":[[[6.4446,12.2707],[6.441,12.2727],[6.436,12.2688],[6.4253,12.268],[6.4207,12.2681],[6.4212,12.2636],[6.4152,12.2661],[6.4109,12.2649],[6.3999,12.2639],[6.3957,12.2611],[6.3943,12.2349],[6.3644,12.2336],[6.3635,12.2296],[6.3637,12.2204],[6.361,12.2084],[6.3614,12.2029],[6.3605,12.1972],[6.3597,12.1598],[6.3613,12.1464],[6.3613,12.1415],[6.3571,12.1354],[6.3534,12.134],[6.3503,12.1279],[6.3485,12.127],[6.3478,12.123],[6.3483,12.1162],[6.3472,12.1144],[6.3437,12.1132],[6.34,12.108],[6.3335,12.1074],[6.3272,12.1043],[6.3227,12.0968],[6.3168,12.0955],[6.3151,12.0971],[6.3099,12.0984],[6.308,12.0998],[6.2973,12.0953],[6.292,12.0912],[6.2888,12.0913],[6.2854,12.0937],[6.2835,12.0844],[6.2877,12.054],[6.2874,12.0517],[6.2983,12.0522],[6.3182,12.0574],[6.3554,12.0699],[6.3631,12.0736],[6.3728,12.0713],[6.3748,12.0703],[6.3727,12.0797],[6.3739,12.082],[6.3741,12.0866],[6.3727,12.0879],[6.3688,12.1008],[6.3733,12.1103],[6.3738,12.1151],[6.3772,12.1182],[6.3738,12.1234],[6.3733,12.1261],[6.3757,12.1284],[6.3768,12.1314],[6.3769,12.1371],[6.3808,12.1398],[6.3848,12.1528],[6.3967,12.1586],[6.3983,12.1628],[6.4022,12.1686],[6.4046,12.1703],[6.4082,12.1707],[6.4167,12.1766],[6.4277,12.1786],[6.4308,12.1814],[6.4379,12.1831],[6.4385,12.1862],[6.4372,12.1896],[6.4383,12.1921],[6.4364,12.1962],[6.437,12.1987],[6.4359,12.2029],[6.4329,12.2074],[6.4316,12.2138],[6.4242,12.2159],[6.4242,12.2205],[6.4229,12.2242],[6.4288,12.2263],[6.4318,12.2258],[6.4335,12.2307],[6.4316,12.2355],[6.4344,12.2392],[6.4347,12.2457],[6.4332,12.2476],[6.4339,12.2502],[6.439,12.2541],[6.4355,12.2586],[6.4453,12.2643],[6.4446,12.2707]]]},"properties":{"name":"RUWAN DORAWA","state":"36","code":"36/10/10"}},{"type":"Feature","geometry":{"type":"Polygon","coordinates":[[[6.5362,13.049],[6.5282,13.0475],[6.5047,13.0456],[6.4875,13.0616],[6.4796,13.0675],[6.4753,13.0621],[6.4766,13.0574],[6.4782,13.054],[6.4807,13.0462],[6.4827,13.0441],[6.4808,13.0422],[6.4751,13.033],[6.4691,13.0284],[6.4642,13.0239],[6.4622,13.0202],[6.4604,13.0141],[6.4607,13.0105],[6.4963,12.9921],[6.4999,12.9935],[6.5027,12.9912],[6.5029,12.9884],[6.5184,12.9764],[6.5507,12.9614],[6.5625,12.9688],[6.5422,13.0049],[6.5422,13.0101],[6.5436,13.0223],[6.5513,13.0325],[6.546,13.0406],[6.5429,13.0442],[6.5362,13.049]]]},"properties":{"name":"BADARAWA","state":"36","code":"36/11/01"}},{"type":"Feature","geometry":{"type":"Polygon","coordinates":[[[6.405,12.9477],[6.4033,12.953],[6.404,12.9607],[6.4164,12.9611],[6.4217,12.9594],[6.4259,12.9631],[6.4281,12.9613],[6.4307,12.964],[6.4354,12.9661],[6.4403,12.9631],[6.4426,12.9545],[6.448,12.9528],[6.456,12.9487],[6.4607,12.9429],[6.4627,12.9378],[6.4636,12.9249],[6.469,12.9261],[6.4721,12.927],[6.4784,12.9252],[6.4836,12.9252],[6.486,12.9235],[6.4971,12.9263],[6.5248,12.9174],[6.5238,12.9194],[6.5254,12.9243],[6.5202,12.9458],[6.5179,12.95],[6.5122,12.9538],[6.5003,12.9579],[6.4759,12.9629],[6.4735,12.9638],[6.4649,12.9622],[6.4573,12.9588],[6.4544,12.9588],[6.4444,12.9684],[6.4385,12.9813],[6.4344,12.9933],[6.4197,12.9894],[6.3645,12.9774],[6.3703,12.9544],[6.3751,12.9534],[6.3813,12.953],[6.3835,12.9505],[6.3897,12.9482],[6.3958,12.9434],[6.3979,12.9432],[6.405,12.9477]]]},"properties":{"name":"BIRNIN YARO","state":"36","code":"36/11/02"}},{"type":"Feature","geometry":{"type":"Polygon","coordinates":[[[6.2265,13.1329],[6.1909,13.1008],[6.1444,13.079],[6.1838,13.0455],[6.2024,13.0286],[6.2106,13.018],[6.2196,13.0152],[6.246,13.0146],[6.3107,13.0183],[6.3505,13.0178],[6.3514,13.0163],[6.357,13.0202],[6.3623,13.0225],[6.3744,13.0258],[6.3998,13.0307],[6.4317,13.0332],[6.4364,13.033],[6.4371,13.0384],[6.435,13.0457],[6.4329,13.0504],[6.4306,13.0581],[6.4296,13.0634],[6.4309,13.0708],[6.4333,13.0746],[6.4338,13.0754],[6.4311,13.0764],[6.4065,13.0749],[6.4055,13.0755],[6.3936,13.0959],[6.39,13.0992],[6.3848,13.0994],[6.3819,13.0982],[6.3804,13.0948],[6.3806,13.0907],[6.3784,13.0899],[6.3766,13.0869],[6.3644,13.079],[6.3507,13.0838],[6.348,13.0858],[6.3495,13.0939],[6.3479,13.099],[6.3459,13.1011],[6.3331,13.0993],[6.3248,13.0948],[6.3162,13.0932],[6.3051,13.0922],[6.2888,13.0943],[6.2848,13.1134],[6.2822,13.1336],[6.2611,13.1358],[6.2294,13.1355],[6.2265,13.1329]]]},"properties":{"name":"GALADI","state":"36","code":"36/11/03"}},{"type":"Feature","geometry":{"type":"Polygon","coordinates":[[[6.4344,12.9933],[6.4385,12.9813],[6.4444,12.9684],[6.4544,12.9588],[6.4573,12.9588],[6.4649,12.9622],[6.4735,12.9638],[6.4759,12.9629],[6.5003,12.9579],[6.5122,12.9538],[6.5179,12.95],[6.5202,12.9458],[6.5254,12.9243],[6.5238,12.9194],[6.5248,12.9174],[6.5284,12.9155],[6.5328,12.9111],[6.5625,12.8904],[6.5762,12.8964],[6.5847,12.8993],[6.587,12.903],[6.5897,12.9047],[6.6007,12.9039],[6.5944,12.9239],[6.5507,12.9614],[6.5184,12.9764],[6.5029,12.9884],[6.5027,12.9912],[6.4999,12.9935],[6.4963,12.9921],[6.4607,13.0105],[6.4604,13.0141],[6.4622,13.0202],[6.4642,13.0239],[6.4691,13.0284],[6.4751,13.033],[6.4808,13.0422],[6.4827,13.0441],[6.4807,13.0462],[6.4782,13.054],[6.4766,13.0574],[6.4749,13.0519],[6.4727,13.0497],[6.4678,13.0472],[6.4656,13.0437],[6.463,13.0423],[6.4573,13.0468],[6.4371,13.0641],[6.4333,13.0746],[6.4309,13.0708],[6.4296,13.0634],[6.4306,13.0581],[6.4329,13.0504],[6.435,13.0457],[6.4371,13.0384],[6.4364,13.033],[6.4371,13.0286],[6.4362,13.0251],[6.4356,13.0152],[6.4333,13.0017],[6.4344,12.9933]]]},"properties":{"name":"JANGERU","state":"36","code":"36/11/04"}},{"type":"Feature","geometry":{"type":"Polygon","coordinates":[[[6.3303,13.1761],[6.3273,13.1796],[6.3,13.1825],[6.2583,13.1603],[6.2611,13.1358],[6.2822,13.1336],[6.2848,13.1134],[6.2888,13.0943],[6.3051,13.0922],[6.3162,13.0932],[6.3248,13.0948],[6.3331,13.0993],[6.3459,13.1011],[6.3479,13.099],[6.3495,13.0939],[6.348,13.0858],[6.3507,13.0838],[6.3644,13.079],[6.3766,13.0869],[6.3784,13.0899],[6.3806,13.0907],[6.3804,13.0948],[6.3819,13.0982],[6.3848,13.0994],[6.39,13.0992],[6.3936,13.0959],[6.4055,13.0755],[6.4065,13.0749],[6.4311,13.0764],[6.4338,13.0754],[6.4361,13.0767],[6.436,13.0811],[6.4394,13.0865],[6.4545,13.1007],[6.4532,13.1129],[6.4524,13.1169],[6.4505,13.1194],[6.4504,13.1221],[6.4523,13.1257],[6.4556,13.1237],[6.4609,13.1246],[6.4662,13.1306],[6.4634,13.1363],[6.4592,13.1389],[6.453,13.1388],[6.4508,13.1409],[6.4503,13.1462],[6.4516,13.1518],[6.4531,13.1543],[6.4527,13.1576],[6.4488,13.1584],[6.4371,13.1534],[6.4261,13.1465],[6.4126,13.138],[6.4026,13.1291],[6.3984,13.1301],[6.3913,13.1299],[6.359,13.1371],[6.3621,13.144],[6.3693,13.149],[6.3559,13.1641],[6.3479,13.1573],[6.3369,13.1686],[6.3303,13.1761]]]},"properties":{"name":"KATURU","state":"36","code":"36/11/05"}},{"type":"Feature","geometry":{"type":"Polygon","coordinates":[[[6.5513,13.0325],[6.5436,13.0223],[6.5422,13.0101],[6.5422,13.0049],[6.5625,12.9688],[6.5507,12.9614],[6.5944,12.9239],[6.6007,12.9039],[6.6131,12.9075],[6.6335,12.9176],[6.6392,12.9174],[6.6432,12.9181],[6.6448,12.9218],[6.6467,12.922],[6.6472,12.9321],[6.6452,12.9332],[6.6467,12.939],[6.646,12.9455],[6.6488,12.9523],[6.6501,12.9585],[6.6527,12.9606],[6.6502,12.9628],[6.634,12.987],[6.6229,12.9966],[6.6152,13.0023],[6.6009,13.0081],[6.5979,13.011],[6.5826,13.0224],[6.5813,13.0225],[6.574,13.0254],[6.5603,13.0277],[6.5513,13.0325]]]},"properties":{"name":"KWARE","state":"36","code":"36/11/06"}},{"type":"Feature","geometry":{"type":"Polygon","coordinates":[[[6.5813,13.0225],[6.5826,13.0224],[6.5979,13.011],[6.6009,13.0081],[6.6152,13.0023],[6.6229,12.9966],[6.634,12.987],[6.6502,12.9628],[6.6527,12.9606],[6.6501,12.9585],[6.6488,12.9523],[6.646,12.9455],[6.6467,12.939],[6.6452,12.9332],[6.6472,12.9321],[6.6467,12.922],[6.6448,12.9218],[6.6458,12.9196],[6.6492,12.9207],[6.6563,12.9189],[6.6604,12.9161],[6.6648,12.9164],[6.6689,12.9148],[6.6708,12.9121],[6.6761,12.9119],[6.6945,12.9284],[6.7352,12.93],[6.7475,12.935],[6.7461,12.943],[6.7479,12.9475],[6.7495,12.9536],[6.7489,12.9588],[6.7523,12.9744],[6.7491,12.9801],[6.7441,12.9786],[6.7413,12.9793],[6.7417,12.9885],[6.744,12.9909],[6.7444,12.9963],[6.7421,13.0018],[6.7389,13.0058],[6.7366,13.0057],[6.716,13.0141],[6.6754,13.0205],[6.6697,13.0254],[6.6669,13.0246],[6.6649,13.0271],[6.6603,13.0301],[6.657,13.0297],[6.6524,13.0311],[6.6496,13.0333],[6.6444,13.0337],[6.6453,13.0367],[6.6068,13.0466],[6.5813,13.0225]]]},"properties":{"name":"KURYA","state":"36","code":"36/11/07"}},{"type":"Feature","geometry":{"type":"Polygon","coordinates":[[[6.5194,13.0769],[6.5176,13.0767],[6.5136,13.0807],[6.5105,13.0821],[6.5053,13.0813],[6.5033,13.0823],[6.5018,13.0856],[6.4995,13.0866],[6.495,13.0866],[6.492,13.0851],[6.4901,13.0815],[6.4892,13.0754],[6.4819,13.071],[6.4796,13.0675],[6.4875,13.0616],[6.4942,13.0648],[6.4932,13.0692],[6.4962,13.0699],[6.4984,13.0683],[6.501,13.0712],[6.5076,13.0731],[6.5126,13.0723],[6.5173,13.0736],[6.5204,13.0728],[6.5194,13.0769]]]},"properties":{"name":"SHINKAFI NORTH","state":"36","code":"36/11/08"}},{"type":"Feature","geometry":{"type":"Polygon","coordinates":[[[6.5204,13.0728],[6.5173,13.0736],[6.5126,13.0723],[6.5076,13.0731],[6.501,13.0712],[6.4984,13.0683],[6.4962,13.0699],[6.4932,13.0692],[6.4942,13.0648],[6.4875,13.0616],[6.5047,13.0456],[6.5282,13.0475],[6.5362,13.049],[6.5289,13.0529],[6.5254,13.058],[6.5219,13.0666],[6.5204,13.0728]]]},"properties":{"name":"SHINKAFI SOUTH","state":"36","code":"36/11/09"}},{"type":"Feature","geometry":{"type":"Polygon","coordinates":[[[6.5165,13.1238],[6.5117,13.1294],[6.5087,13.1315],[6.4891,13.1229],[6.4818,13.1208],[6.4628,13.1169],[6.4524,13.1169],[6.4532,13.1129],[6.4545,13.1007],[6.4394,13.0865],[6.436,13.0811],[6.4361,13.0767],[6.4338,13.0754],[6.4333,13.0746],[6.4371,13.0641],[6.4573,13.0468],[6.463,13.0423],[6.4656,13.0437],[6.4678,13.0472],[6.4727,13.0497],[6.4749,13.0519],[6.4766,13.0574],[6.4753,13.0621],[6.4796,13.0675],[6.4819,13.071],[6.4892,13.0754],[6.4901,13.0815],[6.492,13.0851],[6.495,13.0866],[6.4995,13.0866],[6.5018,13.0856],[6.5033,13.0823],[6.5053,13.0813],[6.5105,13.0821],[6.5136,13.0807],[6.5176,13.0767],[6.5194,13.0769],[6.5251,13.0811],[6.5268,13.0852],[6.5252,13.087],[6.52,13.0897],[6.5187,13.0934],[6.5225,13.1],[6.5226,13.1061],[6.5193,13.1129],[6.5205,13.1172],[6.5205,13.1218],[6.5165,13.1238]]]},"properties":{"name":"SHANAWA","state":"36","code":"36/11/10"}},{"type":"Feature","geometry":{"type":"Polygon","coordinates":[[[6.1579,12.4602],[6.1594,12.4545],[6.1614,12.4507],[6.1593,12.4481],[6.1558,12.4487],[6.1537,12.4445],[6.1495,12.4421],[6.147,12.4446],[6.1329,12.4442],[6.125,12.4412],[6.1223,12.4409],[6.1181,12.4423],[6.1136,12.4413],[6.1022,12.4439],[6.0844,12.4491],[6.0794,12.4523],[6.0777,12.4448],[6.0766,12.4268],[6.0746,12.4171],[6.0733,12.4133],[6.0763,12.4022],[6.0748,12.3987],[6.078,12.3969],[6.078,12.3944],[6.0747,12.3773],[6.0762,12.3621],[6.0838,12.3626],[6.0934,12.3677],[6.101,12.366],[6.1033,12.3638],[6.1073,12.3625],[6.1111,12.3587],[6.1173,12.3582],[6.1234,12.3563],[6.1337,12.3548],[6.1335,12.357],[6.1275,12.3632],[6.1283,12.3771],[6.1316,12.3906],[6.1298,12.4021],[6.1476,12.4082],[6.164,12.4107],[6.1745,12.4134],[6.1724,12.4189],[6.1723,12.4249],[6.1681,12.4296],[6.1678,12.4344],[6.168,12.4388],[6.1665,12.4486],[6.1644,12.4504],[6.164,12.4543],[6.1611,12.4557],[6.1579,12.4602]]]},"properties":{"name":"GARBADU","state":"36","code":"36/12/01"}},{"type":"Feature","geometry":{"type":"Polygon","coordinates":[[[6.1117,12.1371],[6.1148,12.1385],[6.1198,12.1455],[6.1254,12.1484],[6.1241,12.1542],[6.1261,12.1567],[6.1285,12.1572],[6.1306,12.16],[6.1301,12.1655],[6.135,12.1675],[6.1376,12.1664],[6.1454,12.1778],[6.1458,12.1809],[6.153,12.1842],[6.1576,12.1895],[6.1634,12.1938],[6.1751,12.1877],[6.179,12.1946],[6.1816,12.2016],[6.1705,12.2062],[6.173,12.2115],[6.178,12.2186],[6.1786,12.2231],[6.1805,12.2251],[6.1818,12.233],[6.1855,12.2376],[6.1886,12.2472],[6.1887,12.2493],[6.1918,12.2578],[6.1945,12.2633],[6.1998,12.2668],[6.2026,12.2756],[6.2058,12.2792],[6.2062,12.2837],[6.2112,12.2913],[6.2071,12.2991],[6.1865,12.3163],[6.1445,12.3151],[6.1338,12.3135],[6.1335,12.3093],[6.1317,12.3064],[6.1272,12.291],[6.1223,12.2839],[6.1153,12.2755],[6.1116,12.269],[6.108,12.2665],[6.1067,12.2634],[6.1038,12.2589],[6.1021,12.2594],[6.0987,12.2518],[6.1,12.2489],[6.1008,12.2415],[6.1108,12.2251],[6.1022,12.1939],[6.1041,12.191],[6.1044,12.1852],[6.1033,12.1804],[6.1052,12.1741],[6.105,12.1723],[6.101,12.1687],[6.0962,12.156],[6.0955,12.1495],[6.0951,12.1329],[6.0921,12.1239],[6.0937,12.1225],[6.0968,12.1228],[6.0979,12.121],[6.1022,12.1206],[6.104,12.1247],[6.1079,12.1301],[6.1107,12.132],[6.1096,12.1358],[6.1117,12.1371]]]},"properties":{"name":"GWARAM","state":"36","code":"36/12/02"}},{"type":"Feature","geometry":{"type":"Polygon","coordinates":[[[6.0937,12.1225],[6.0921,12.1239],[6.0951,12.1329],[6.0955,12.1495],[6.0962,12.156],[6.101,12.1687],[6.105,12.1723],[6.1052,12.1741],[6.1033,12.1804],[6.1044,12.1852],[6.1041,12.191],[6.1022,12.1939],[6.1108,12.2251],[6.1008,12.2415],[6.1,12.2489],[6.0987,12.2518],[6.1021,12.2594],[6.1038,12.2589],[6.1067,12.2634],[6.0935,12.2658],[6.0761,12.2727],[6.0597,12.2594],[6.0538,12.2518],[6.0493,12.2565],[6.0432,12.2576],[6.0411,12.2507],[6.034,12.2498],[6.0311,12.2444],[6.0239,12.2439],[6.0266,12.2385],[6.0359,12.23],[6.0233,12.21],[6.0225,12.1987],[6.0319,12.1958],[6.028,12.1908],[6.0173,12.1799],[6.0139,12.1756],[6.03,12.159],[6.0497,12.138],[6.0535,12.1289],[6.0542,12.1211],[6.0827,12.1211],[6.0862,12.1231],[6.0937,12.1225]]]},"properties":{"name":"JANGEBE","state":"36","code":"36/12/03"}},{"type":"Feature","geometry":{"type":"Polygon","coordinates":[[[6.0762,12.3621],[6.0698,12.3605],[6.0683,12.3565],[6.0502,12.351],[6.0387,12.3511],[6.0352,12.348],[6.0342,12.3451],[6.036,12.3427],[6.0335,12.3393],[6.0411,12.3288],[6.0463,12.327],[6.0516,12.3283],[6.0579,12.3275],[6.0608,12.3229],[6.0572,12.317],[6.0521,12.311],[6.0515,12.3064],[6.0484,12.295],[6.0489,12.2916],[6.0467,12.2779],[6.0459,12.2755],[6.0432,12.2576],[6.0493,12.2565],[6.0538,12.2518],[6.0597,12.2594],[6.0761,12.2727],[6.0935,12.2658],[6.1067,12.2634],[6.108,12.2665],[6.1116,12.269],[6.1153,12.2755],[6.1223,12.2839],[6.1272,12.291],[6.1317,12.3064],[6.1335,12.3093],[6.1338,12.3135],[6.1342,12.3438],[6.1353,12.346],[6.1352,12.3505],[6.1337,12.3548],[6.1234,12.3563],[6.1173,12.3582],[6.1111,12.3587],[6.1073,12.3625],[6.1033,12.3638],[6.101,12.366],[6.0934,12.3677],[6.0838,12.3626],[6.0762,12.3621]]]},"properties":{"name":"KAGARA","state":"36","code":"36/12/04"}},{"type":"Feature","geometry":{"type":"Polygon","coordinates":[[[6.1678,12.4344],[6.1681,12.4296],[6.1723,12.4249],[6.1724,12.4189],[6.1745,12.4134],[6.164,12.4107],[6.1476,12.4082],[6.1298,12.4021],[6.1316,12.3906],[6.1283,12.3771],[6.1275,12.3632],[6.1335,12.357],[6.1337,12.3548],[6.1352,12.3505],[6.1353,12.346],[6.1342,12.3438],[6.1338,12.3135],[6.1445,12.3151],[6.1865,12.3163],[6.2071,12.2991],[6.2186,12.3082],[6.2203,12.314],[6.225,12.322],[6.2247,12.3234],[6.2287,12.3258],[6.2322,12.3297],[6.2367,12.3304],[6.2398,12.3339],[6.2418,12.3421],[6.2404,12.3447],[6.2418,12.3505],[6.2408,12.3555],[6.2438,12.3623],[6.2492,12.3671],[6.2523,12.369],[6.2581,12.3751],[6.2589,12.3785],[6.2614,12.3795],[6.2615,12.384],[6.2643,12.39],[6.2669,12.3914],[6.2667,12.3943],[6.2687,12.3966],[6.2705,12.4012],[6.2763,12.4051],[6.2835,12.4085],[6.2856,12.418],[6.2831,12.4228],[6.2756,12.4233],[6.2737,12.4183],[6.2689,12.4178],[6.265,12.419],[6.2599,12.4231],[6.2553,12.4296],[6.2523,12.4304],[6.2439,12.4293],[6.2395,12.4309],[6.2338,12.4363],[6.2203,12.4502],[6.2076,12.4497],[6.1939,12.4448],[6.1678,12.4344]]]},"properties":{"name":"MORAI","state":"36","code":"36/12/05"}},{"type":"Feature","geometry":{"type":"Polygon","coordinates":[[[5.9031,12.448],[5.9335,12.4465],[6.0062,12.4446],[6.0293,12.4614],[6.0227,12.4904],[6.0226,12.5044],[6.0247,12.5274],[6.027,12.5323],[6.032,12.5363],[6.0297,12.5389],[6.0303,12.5416],[6.0287,12.5436],[6.0253,12.5507],[6.0243,12.5557],[6.0211,12.5565],[6.0189,12.5529],[6.0146,12.5532],[6.0131,12.5559],[6.0087,12.5549],[6.0071,12.5525],[6.0035,12.5563],[6.0006,12.5581],[5.9968,12.5553],[5.9947,12.5553],[5.9907,12.5505],[5.9804,12.5464],[5.9722,12.5307],[5.9549,12.5163],[5.9571,12.5098],[5.9575,12.5041],[5.9563,12.5024],[5.9577,12.4956],[5.9553,12.4944],[5.9548,12.4917],[5.9501,12.4887],[5.9453,12.4878],[5.9443,12.4705],[5.9433,12.4688],[5.9335,12.4659],[5.9224,12.4616],[5.9131,12.4516],[5.9031,12.448]]]},"properties":{"name":"RUWAN BORE","state":"36","code":"36/12/06"}},{"type":"Feature","geometry":{"type":"Polygon","coordinates":[[[5.9412,12.1318],[5.9462,12.1322],[5.9483,12.1356],[5.9514,12.1357],[5.9568,12.1414],[5.9623,12.1455],[5.9667,12.1521],[5.9696,12.1533],[5.9703,12.1556],[5.9769,12.1571],[5.9839,12.1537],[5.9902,12.1515],[5.9954,12.1537],[5.999,12.1541],[6.0139,12.1756],[6.0173,12.1799],[6.028,12.1908],[6.0319,12.1958],[6.0225,12.1987],[6.0233,12.21],[6.0359,12.23],[6.0266,12.2385],[6.0239,12.2439],[6.0165,12.261],[6.0098,12.2674],[5.9868,12.2851],[5.935,12.3008],[5.9156,12.3045],[5.8991,12.3211],[5.8863,12.3139],[5.8878,12.287],[5.8888,12.2816],[5.8899,12.2692],[5.8891,12.2638],[5.8925,12.2489],[5.8924,12.2434],[5.8938,12.2343],[5.8966,12.2314],[5.8973,12.2252],[5.8966,12.2148],[5.9009,12.1958],[5.9007,12.1868],[5.9023,12.1837],[5.9038,12.1778],[5.9078,12.1658],[5.9074,12.1594],[5.9118,12.1521],[5.911,12.1478],[5.9105,12.138],[5.9135,12.1381],[5.9177,12.1405],[5.927,12.1435],[5.9297,12.1403],[5.9334,12.1383],[5.9412,12.1318]]]},"properties":{"name":"RUWAN GIZO","state":"36","code":"36/12/07"}},{"type":"Feature","geometry":{"type":"Polygon","coordinates":[[[5.8991,12.3211],[5.9156,12.3045],[5.935,12.3008],[5.9868,12.2851],[6.0098,12.2674],[6.0165,12.261],[6.0239,12.2439],[6.0311,12.2444],[6.034,12.2498],[6.0411,12.2507],[6.0432,12.2576],[6.0459,12.2755],[6.0467,12.2779],[6.0489,12.2916],[6.0484,12.295],[6.0515,12.3064],[6.0521,12.311],[6.0572,12.317],[6.0608,12.3229],[6.0579,12.3275],[6.0516,12.3283],[6.0463,12.327],[6.0411,12.3288],[6.0335,12.3393],[6.036,12.3427],[6.0342,12.3451],[6.0352,12.348],[6.0387,12.3511],[6.0502,12.351],[6.0683,12.3565],[6.0698,12.3605],[6.0762,12.3621],[6.0747,12.3773],[6.078,12.3944],[6.078,12.3969],[6.0748,12.3987],[6.0763,12.4022],[6.0733,12.4133],[6.0746,12.4171],[6.0766,12.4268],[6.0777,12.4448],[6.0624,12.4507],[6.039,12.4601],[6.0293,12.4614],[6.0062,12.4446],[5.9335,12.4465],[5.9031,12.448],[5.9015,12.4246],[5.9002,12.417],[5.8914,12.3844],[5.8779,12.362],[5.8762,12.3553],[5.8765,12.3492],[5.8795,12.3411],[5.8847,12.3314],[5.8911,12.3286],[5.8991,12.3211]]]},"properties":{"name":"SAUNA R/ GORA","state":"36","code":"36/12/08"}},{"type":"Feature","geometry":{"type":"Polygon","coordinates":[[[6.0322,12.6105],[6.0265,12.5979],[6.0189,12.591],[6.0176,12.5932],[6.0134,12.5916],[6.0112,12.5934],[6.0125,12.5966],[6.0104,12.5979],[6.007,12.5974],[6.0064,12.5963],[6.0082,12.5907],[6.0127,12.5856],[6.0088,12.5819],[6.0069,12.5751],[6.0023,12.5648],[6.0006,12.5581],[6.0035,12.5563],[6.0071,12.5525],[6.0087,12.5549],[6.0131,12.5559],[6.0146,12.5532],[6.0189,12.5529],[6.0211,12.5565],[6.0243,12.5557],[6.0253,12.5507],[6.0287,12.5436],[6.0303,12.5416],[6.0297,12.5389],[6.032,12.5363],[6.027,12.5323],[6.0247,12.5274],[6.0226,12.5044],[6.0227,12.4904],[6.0293,12.4614],[6.039,12.4601],[6.0624,12.4507],[6.0777,12.4448],[6.0794,12.4523],[6.0844,12.4491],[6.1022,12.4439],[6.1031,12.4503],[6.1021,12.4654],[6.1004,12.4682],[6.0988,12.4736],[6.0982,12.4836],[6.0965,12.492],[6.0962,12.4963],[6.0935,12.5065],[6.089,12.5131],[6.0852,12.5203],[6.0799,12.5329],[6.078,12.5413],[6.075,12.5458],[6.0721,12.5518],[6.0664,12.5521],[6.0642,12.56],[6.0647,12.5708],[6.0642,12.5773],[6.0607,12.5808],[6.0839,12.594],[6.0838,12.5959],[6.08,12.6023],[6.077,12.6044],[6.0736,12.6107],[6.0713,12.6109],[6.0577,12.6156],[6.0322,12.6105]]]},"properties":{"name":"SHIYAR GALADIMA","state":"36","code":"36/12/09"}},{"type":"Feature","geometry":{"type":"Polygon","coordinates":[[[6.0577,12.6156],[6.0713,12.6109],[6.0736,12.6107],[6.077,12.6044],[6.08,12.6023],[6.0838,12.5959],[6.0839,12.594],[6.0607,12.5808],[6.0642,12.5773],[6.0647,12.5708],[6.0642,12.56],[6.0664,12.5521],[6.0721,12.5518],[6.075,12.5458],[6.078,12.5413],[6.0934,12.5376],[6.1028,12.5395],[6.1196,12.5419],[6.1216,12.5439],[6.1169,12.5497],[6.1185,12.5546],[6.118,12.5578],[6.1158,12.561],[6.1137,12.5756],[6.1109,12.5869],[6.1147,12.5881],[6.122,12.5887],[6.142,12.5882],[6.1447,12.5859],[6.1481,12.59],[6.1515,12.5901],[6.1563,12.5915],[6.1605,12.5938],[6.1664,12.5943],[6.1696,12.5963],[6.1705,12.6027],[6.1706,12.6156],[6.1593,12.6165],[6.1492,12.6162],[6.1276,12.6224],[6.1094,12.6387],[6.1056,12.6488],[6.1049,12.6534],[6.1049,12.6646],[6.1027,12.6657],[6.1018,12.6698],[6.0943,12.6689],[6.0955,12.6552],[6.0961,12.6521],[6.0919,12.6514],[6.0812,12.6462],[6.0636,12.6424],[6.0591,12.6341],[6.0568,12.6258],[6.0608,12.6245],[6.0577,12.6156]]]},"properties":{"name":"SHIYAR KAYAYE/MATUSGI","state":"36","code":"36/12/10"}},{"type":"Feature","geometry":{"type":"Polygon","coordinates":[[[6.1481,12.59],[6.1447,12.5859],[6.142,12.5882],[6.122,12.5887],[6.1147,12.5881],[6.1109,12.5869],[6.1137,12.5756],[6.1158,12.561],[6.118,12.5578],[6.1185,12.5546],[6.1169,12.5497],[6.1216,12.5439],[6.1196,12.5419],[6.1028,12.5395],[6.0934,12.5376],[6.078,12.5413],[6.0799,12.5329],[6.0852,12.5203],[6.089,12.5131],[6.0935,12.5065],[6.0962,12.4963],[6.0965,12.492],[6.0982,12.4836],[6.0988,12.4736],[6.1004,12.4682],[6.1021,12.4654],[6.1031,12.4503],[6.1022,12.4439],[6.1136,12.4413],[6.1181,12.4423],[6.1223,12.4409],[6.125,12.4412],[6.1329,12.4442],[6.147,12.4446],[6.1495,12.4421],[6.1537,12.4445],[6.1558,12.4487],[6.1593,12.4481],[6.1614,12.4507],[6.1594,12.4545],[6.1579,12.4602],[6.1589,12.4635],[6.1571,12.4685],[6.1534,12.4696],[6.1533,12.4751],[6.149,12.4764],[6.1481,12.4797],[6.148,12.4869],[6.1467,12.5042],[6.1408,12.5045],[6.1433,12.5151],[6.1448,12.5325],[6.1436,12.5409],[6.1413,12.5445],[6.1461,12.5452],[6.1455,12.5535],[6.1474,12.5711],[6.1481,12.59]]]},"properties":{"name":"TAKE TSABA/MAKERA","state":"36","code":"36/12/11"}},{"type":"Feature","geometry":{"type":"Polygon","coordinates":[[[6.7557,12.0041],[6.7523,12.0002],[6.7454,11.9995],[6.7432,11.9734],[6.7398,11.9497],[6.7276,11.9343],[6.7239,11.9166],[6.7032,11.8907],[6.705,11.8838],[6.7112,11.8708],[6.7422,11.8716],[6.7563,11.8756],[6.7707,11.8789],[6.7839,11.8801],[6.7849,11.8754],[6.7915,11.8676],[6.7926,11.8648],[6.7868,11.8563],[6.7869,11.8502],[6.7908,11.8482],[6.7953,11.8484],[6.8022,11.8497],[6.8154,11.8552],[6.8194,11.8543],[6.8223,11.8557],[6.8238,11.8623],[6.8279,11.8644],[6.8283,11.8698],[6.8321,11.8726],[6.8369,11.87],[6.8408,11.8693],[6.8412,11.8721],[6.8412,11.8747],[6.846,11.8815],[6.845,11.8846],[6.842,11.885],[6.8395,11.8884],[6.8409,11.8923],[6.8407,11.8974],[6.8368,11.8962],[6.8337,11.8994],[6.8317,11.9035],[6.8336,11.9079],[6.8331,11.9225],[6.829,11.9251],[6.8248,11.924],[6.8234,11.9284],[6.8189,11.9369],[6.8138,11.9436],[6.8111,11.9455],[6.8083,11.9456],[6.8056,11.9495],[6.8056,11.9529],[6.8037,11.9555],[6.7988,11.9548],[6.7971,11.9576],[6.7929,11.9595],[6.7872,11.9591],[6.7793,11.9627],[6.7792,11.9662],[6.7834,11.9691],[6.7837,11.9757],[6.7858,11.9822],[6.7854,11.9851],[6.776,11.9872],[6.7729,11.992],[6.7682,11.9957],[6.77,12.0009],[6.7695,12.0021],[6.7636,12.0028],[6.7585,12.0025],[6.7557,12.0041]]]},"properties":{"name":"KWAREN GANUWA","state":"36","code":"36/13/01"}},{"type":"Feature","geometry":{"type":"Polygon","coordinates":[[[7.1172,12.094],[7.1,12.0932],[7.0971,12.0925],[7.1013,12.0846],[7.0967,12.0819],[7.0993,12.0783],[7.0992,12.0708],[7.0967,12.0691],[7.0977,12.0654],[7.1004,12.0634],[7.1034,12.0644],[7.1057,12.06],[7.1055,12.0564],[7.108,12.0532],[7.1127,12.0526],[7.1131,12.0468],[7.1148,12.0408],[7.1138,12.0364],[7.1092,12.0297],[7.1045,12.0254],[7.1034,12.0197],[7.0996,12.0168],[7.0999,12.013],[7.0986,12.0116],[7.0935,12.01],[7.0875,12.0047],[7.0886,12.0042],[7.0904,11.9974],[7.0945,11.9917],[7.0918,11.9872],[7.0917,11.9836],[7.0929,11.9797],[7.0928,11.9745],[7.0972,11.9656],[7.1029,11.9606],[7.1062,11.9594],[7.1138,11.9552],[7.1179,11.9555],[7.124,11.9592],[7.1321,11.9627],[7.145,11.965],[7.145,11.9672],[7.1488,11.9757],[7.1446,11.9787],[7.1456,11.9819],[7.1531,11.9813],[7.1576,11.99],[7.1559,11.9955],[7.1512,12.0011],[7.1512,12.0037],[7.1541,12.0059],[7.1572,12.0059],[7.1604,12.0084],[7.1612,12.0124],[7.1645,12.0163],[7.1642,12.0217],[7.16,12.022],[7.1539,12.0256],[7.1533,12.0296],[7.1487,12.033],[7.1503,12.039],[7.1473,12.0475],[7.1457,12.0568],[7.1435,12.064],[7.1414,12.0651],[7.1376,12.0619],[7.1317,12.0649],[7.1305,12.0679],[7.1366,12.0779],[7.1364,12.0856],[7.1333,12.0903],[7.1172,12.094]]]},"properties":{"name":"YAN KUZO \"B\"","state":"36","code":"36/13/02"}},{"type":"Feature","geometry":{"type":"Polygon","coordinates":[[[6.8269,12.0774],[6.8243,12.0669],[6.8187,12.0514],[6.8156,12.0465],[6.8109,12.0218],[6.8122,12.0175],[6.8082,12.0077],[6.8054,12.0028],[6.7968,12.0013],[6.7914,11.9973],[6.7819,12.0011],[6.7797,12.0011],[6.7779,11.9965],[6.7844,11.9953],[6.7877,11.9939],[6.7877,11.9902],[6.7854,11.9851],[6.7858,11.9822],[6.7837,11.9757],[6.7834,11.9691],[6.7792,11.9662],[6.7793,11.9627],[6.7872,11.9591],[6.7929,11.9595],[6.7971,11.9576],[6.7988,11.9548],[6.8037,11.9555],[6.8056,11.9529],[6.8081,11.9518],[6.8226,11.9584],[6.8254,11.9622],[6.8139,11.9831],[6.8146,11.9919],[6.8187,11.9941],[6.8386,12.001],[6.8551,12.0022],[6.8567,12.0034],[6.8625,12.0027],[6.8796,12.0019],[6.88,12.0064],[6.8745,12.0101],[6.8716,12.0134],[6.8632,12.0255],[6.87,12.0323],[6.8756,12.0298],[6.8827,12.0349],[6.8914,12.0403],[6.8886,12.0473],[6.8868,12.0535],[6.8969,12.0545],[6.9082,12.0626],[6.9103,12.0607],[6.918,12.0485],[6.9201,12.0486],[6.9318,12.0565],[6.9486,12.0603],[6.9506,12.0614],[6.9547,12.0611],[6.9572,12.0653],[6.9587,12.0697],[6.956,12.0738],[6.9546,12.0778],[6.9505,12.0804],[6.9457,12.081],[6.9337,12.0794],[6.9258,12.0807],[6.9242,12.08],[6.9175,12.0893],[6.9149,12.0901],[6.9111,12.0872],[6.9063,12.0908],[6.8858,12.1052],[6.8697,12.0946],[6.878,12.0789],[6.8623,12.0764],[6.8591,12.0835],[6.8269,12.0774]]]},"properties":{"name":"YANDOTON DAJI","state":"36","code":"36/13/03"}},{"type":"Feature","geometry":{"type":"Polygon","coordinates":[[[7.1407,11.8485],[7.145,11.859],[7.1462,11.8659],[7.1465,11.8825],[7.1447,11.8873],[7.1408,11.9113],[7.1396,11.9128],[7.1418,11.9169],[7.1415,11.9246],[7.1385,11.9278],[7.1404,11.9396],[7.1447,11.941],[7.1461,11.9459],[7.1429,11.9544],[7.1461,11.9591],[7.145,11.965],[7.1321,11.9627],[7.124,11.9592],[7.1179,11.9555],[7.1138,11.9552],[7.1062,11.9594],[7.1029,11.9606],[7.0972,11.9656],[7.0928,11.9745],[7.0929,11.9797],[7.0917,11.9836],[7.0918,11.9872],[7.0945,11.9917],[7.0904,11.9974],[7.0886,12.0042],[7.0875,12.0047],[7.0861,12.0016],[7.0884,11.997],[7.0874,11.9926],[7.0852,11.9905],[7.0828,11.9834],[7.0797,11.9782],[7.0795,11.9753],[7.0756,11.9731],[7.0649,11.9627],[7.0645,11.9545],[7.0655,11.9525],[7.0709,11.9513],[7.0697,11.9479],[7.0657,11.9434],[7.0632,11.9426],[7.0642,11.9368],[7.0596,11.9279],[7.0553,11.9263],[7.0549,11.9229],[7.0527,11.9191],[7.052,11.9126],[7.0542,11.909],[7.0615,11.9069],[7.0638,11.9037],[7.063,11.9012],[7.0668,11.894],[7.0641,11.8864],[7.0654,11.8836],[7.0642,11.8807],[7.065,11.8722],[7.067,11.8703],[7.0659,11.8664],[7.0693,11.8633],[7.0688,11.858],[7.0707,11.8558],[7.0691,11.8526],[7.0698,11.8457],[7.0659,11.8408],[7.0642,11.8361],[7.0598,11.8317],[7.0711,11.8289],[7.0739,11.8273],[7.0751,11.8241],[7.0794,11.818],[7.1008,11.8205],[7.1407,11.8485]]]},"properties":{"name":"YANKUZO \"A\"","state":"36","code":"36/13/04"}},{"type":"Feature","geometry":{"type":"Polygon","coordinates":[[[6.9022,11.7989],[6.8977,11.8018],[6.8921,11.8081],[6.8849,11.8148],[6.88,11.8172],[6.8768,11.8245],[6.877,11.8281],[6.8755,11.8313],[6.8763,11.8381],[6.875,11.8407],[6.8678,11.8449],[6.8675,11.8445],[6.8497,11.8436],[6.8386,11.8418],[6.8294,11.807],[6.8114,11.769],[6.7867,11.781],[6.7413,11.7888],[6.6987,11.7954],[6.695,11.7755],[6.691,11.758],[6.6819,11.7147],[6.6896,11.7077],[6.6914,11.7027],[6.6949,11.7028],[6.7043,11.6942],[6.7114,11.6867],[6.7154,11.6783],[6.7173,11.6791],[6.7205,11.6718],[6.7318,11.6666],[6.7317,11.6609],[6.7355,11.6579],[6.7401,11.6582],[6.7416,11.6513],[6.7416,11.6442],[6.7383,11.641],[6.7371,11.6375],[6.7371,11.6341],[6.7331,11.6314],[6.7319,11.6262],[6.7205,11.6189],[6.7141,11.5957],[6.7118,11.5894],[6.7111,11.5806],[6.7126,11.5757],[6.7231,11.5765],[6.7301,11.574],[6.7326,11.5744],[6.7371,11.5719],[6.7434,11.5712],[6.7504,11.573],[6.7526,11.576],[6.7569,11.5771],[6.7602,11.5806],[6.7632,11.5815],[6.7658,11.584],[6.7695,11.5827],[6.7793,11.5838],[6.7823,11.5863],[6.7849,11.5866],[6.7912,11.5893],[6.7947,11.5887],[6.796,11.5867],[6.8005,11.5852],[6.8028,11.5831],[6.8202,11.5887],[6.8314,11.5916],[6.8354,11.5842],[6.8463,11.5825],[6.8505,11.5878],[6.8544,11.5952],[6.852,11.6207],[6.8552,11.6419],[6.8658,11.663],[6.869,11.6785],[6.8691,11.6817],[6.8743,11.6868],[6.8744,11.6907],[6.8812,11.7056],[6.8808,11.7109],[6.884,11.7168],[6.8844,11.7256],[6.8855,11.7354],[6.884,11.7447],[6.8856,11.7482],[6.8858,11.7523],[6.8831,11.7554],[6.8825,11.7584],[6.8862,11.7613],[6.8897,11.7716],[6.892,11.7762],[6.8926,11.7797],[6.8954,11.7834],[6.8961,11.7875],[6.9022,11.789],[6.9004,11.7939],[6.9022,11.7989]]]},"properties":{"name":"DANJIBGA/KUNCHIN - KALGO","state":"36","code":"36/13/05"}},{"type":"Feature","geometry":{"type":"Polygon","coordinates":[[[7.2464,11.9324],[7.2438,11.9389],[7.2379,11.9455],[7.2255,11.9522],[7.2223,11.9496],[7.2198,11.9514],[7.2205,11.9609],[7.2139,11.9624],[7.2111,11.9642],[7.211,11.9699],[7.2095,11.9759],[7.2119,11.9797],[7.2108,11.9855],[7.2082,11.988],[7.1988,11.9902],[7.1976,11.9913],[7.1969,11.9984],[7.192,12.0015],[7.186,12.002],[7.1804,12.0079],[7.1765,12.0084],[7.1716,12.0143],[7.1705,12.0203],[7.1642,12.0217],[7.1645,12.0163],[7.1612,12.0124],[7.1604,12.0084],[7.1572,12.0059],[7.1541,12.0059],[7.1512,12.0037],[7.1512,12.0011],[7.1559,11.9955],[7.1576,11.99],[7.1531,11.9813],[7.1456,11.9819],[7.1446,11.9787],[7.1488,11.9757],[7.145,11.9672],[7.145,11.965],[7.1461,11.9591],[7.1429,11.9544],[7.1461,11.9459],[7.1447,11.941],[7.1404,11.9396],[7.1385,11.9278],[7.1415,11.9246],[7.1418,11.9169],[7.1396,11.9128],[7.1408,11.9113],[7.1458,11.9124],[7.165,11.909],[7.1714,11.9106],[7.1825,11.9095],[7.1916,11.9068],[7.191,11.9037],[7.1931,11.9007],[7.1998,11.9005],[7.206,11.9069],[7.2053,11.9085],[7.2171,11.9129],[7.2264,11.9135],[7.236,11.9215],[7.2464,11.9324]]]},"properties":{"name":"DAUKI","state":"36","code":"36/13/06"}},{"type":"Feature","geometry":{"type":"Polygon","coordinates":[[[6.6987,11.7954],[6.7413,11.7888],[6.7867,11.781],[6.8114,11.769],[6.8294,11.807],[6.8386,11.8418],[6.8497,11.8436],[6.8675,11.8445],[6.8678,11.8449],[6.8619,11.8496],[6.8599,11.8532],[6.8553,11.8585],[6.8528,11.8602],[6.8486,11.8667],[6.8412,11.8721],[6.8408,11.8693],[6.8369,11.87],[6.8321,11.8726],[6.8283,11.8698],[6.8279,11.8644],[6.8238,11.8623],[6.8223,11.8557],[6.8194,11.8543],[6.8154,11.8552],[6.8022,11.8497],[6.7953,11.8484],[6.7908,11.8482],[6.7869,11.8502],[6.7868,11.8563],[6.7926,11.8648],[6.7915,11.8676],[6.7849,11.8754],[6.7839,11.8801],[6.7707,11.8789],[6.7563,11.8756],[6.7422,11.8716],[6.7112,11.8708],[6.705,11.8838],[6.7032,11.8907],[6.7239,11.9166],[6.7276,11.9343],[6.7065,11.9188],[6.6648,11.8954],[6.6761,11.8768],[6.6844,11.855],[6.704,11.8264],[6.6987,11.7954]]]},"properties":{"name":"KETA/KIZARA","state":"36","code":"36/13/07"}},{"type":"Feature","geometry":{"type":"Polygon","coordinates":[[[6.8412,11.8721],[6.8486,11.8667],[6.8528,11.8602],[6.8553,11.8585],[6.8599,11.8532],[6.8619,11.8496],[6.8678,11.8449],[6.8708,11.8489],[6.8704,11.8537],[6.8745,11.8642],[6.8801,11.8738],[6.88,11.8761],[6.8823,11.8864],[6.8842,11.8896],[6.8866,11.8959],[6.8885,11.8962],[6.8945,11.9055],[6.8978,11.9148],[6.9001,11.9185],[6.9033,11.9256],[6.908,11.9376],[6.9131,11.9437],[6.919,11.9445],[6.9243,11.9466],[6.9297,11.9456],[6.9241,11.9534],[6.9249,11.9559],[6.9249,11.9639],[6.9266,11.9656],[6.9277,11.9755],[6.9263,11.9771],[6.9263,11.9817],[6.9246,11.9838],[6.9241,11.9889],[6.9206,11.9929],[6.9206,11.9962],[6.9166,12.0037],[6.9223,12.0222],[6.9221,12.025],[6.9245,12.0296],[6.9247,12.0331],[6.9231,12.0404],[6.9212,12.0438],[6.9201,12.0486],[6.918,12.0485],[6.9103,12.0607],[6.9082,12.0626],[6.8969,12.0545],[6.8868,12.0535],[6.8886,12.0473],[6.8914,12.0403],[6.8827,12.0349],[6.8756,12.0298],[6.87,12.0323],[6.8632,12.0255],[6.8716,12.0134],[6.8745,12.0101],[6.88,12.0064],[6.8796,12.0019],[6.8625,12.0027],[6.8567,12.0034],[6.8551,12.0022],[6.8386,12.001],[6.8187,11.9941],[6.8146,11.9919],[6.8139,11.9831],[6.8254,11.9622],[6.8226,11.9584],[6.8081,11.9518],[6.8056,11.9529],[6.8056,11.9495],[6.8083,11.9456],[6.8111,11.9455],[6.8138,11.9436],[6.8189,11.9369],[6.8234,11.9284],[6.8248,11.924],[6.829,11.9251],[6.8331,11.9225],[6.8336,11.9079],[6.8317,11.9035],[6.8337,11.8994],[6.8368,11.8962],[6.8407,11.8974],[6.8409,11.8923],[6.8395,11.8884],[6.842,11.885],[6.845,11.8846],[6.846,11.8815],[6.8412,11.8747],[6.8412,11.8721]]]},"properties":{"name":"TSAFE","state":"36","code":"36/13/08"}},{"type":"Feature","geometry":{"type":"Polygon","coordinates":[[[6.9587,12.0697],[6.9572,12.0653],[6.9547,12.0611],[6.9506,12.0614],[6.9486,12.0603],[6.9318,12.0565],[6.9201,12.0486],[6.9212,12.0438],[6.9231,12.0404],[6.9247,12.0331],[6.9245,12.0296],[6.9221,12.025],[6.9223,12.0222],[6.9166,12.0037],[6.9206,11.9962],[6.9206,11.9929],[6.9241,11.9889],[6.9246,11.9838],[6.9263,11.9817],[6.9263,11.9771],[6.9277,11.9755],[6.9266,11.9656],[6.9249,11.9639],[6.9249,11.9559],[6.9241,11.9534],[6.9297,11.9456],[6.9472,11.9357],[6.9516,11.9312],[6.9553,11.9198],[6.9658,11.9179],[6.9879,11.9011],[6.9886,11.9272],[6.9902,11.931],[6.9846,11.9547],[6.9852,11.9569],[6.9839,11.9602],[6.9785,11.9654],[6.9806,11.9692],[6.9847,11.9718],[6.9902,11.9732],[6.9967,11.9706],[7.0001,11.9706],[7.0078,11.9783],[7.0086,11.9881],[6.9972,12.0083],[6.9942,12.0115],[6.9733,12.0125],[6.9692,12.0176],[6.9785,12.04],[6.9787,12.0448],[6.9768,12.0516],[6.9701,12.0598],[6.9668,12.0667],[6.9639,12.069],[6.9587,12.0697]]]},"properties":{"name":"CHEDIYA","state":"36","code":"36/13/09"}},{"type":"Feature","geometry":{"type":"Polygon","coordinates":[[[6.9668,12.0667],[6.9701,12.0598],[6.9768,12.0516],[6.9787,12.0448],[6.9785,12.04],[6.9692,12.0176],[6.9733,12.0125],[6.9942,12.0115],[6.9972,12.0083],[7.0086,11.9881],[7.0078,11.9783],[7.0001,11.9706],[6.9967,11.9706],[6.9902,11.9732],[6.9847,11.9718],[6.9806,11.9692],[6.9785,11.9654],[6.9839,11.9602],[6.9852,11.9569],[6.9846,11.9547],[6.9902,11.931],[6.9886,11.9272],[6.9879,11.9011],[6.9911,11.8962],[6.9919,11.8757],[6.997,11.874],[7.0198,11.8639],[7.0204,11.8632],[7.0463,11.8428],[7.0508,11.8423],[7.0598,11.8317],[7.0642,11.8361],[7.0659,11.8408],[7.0698,11.8457],[7.0691,11.8526],[7.0707,11.8558],[7.0688,11.858],[7.0693,11.8633],[7.0659,11.8664],[7.067,11.8703],[7.065,11.8722],[7.0642,11.8807],[7.0654,11.8836],[7.0641,11.8864],[7.0668,11.894],[7.063,11.9012],[7.0638,11.9037],[7.0615,11.9069],[7.0542,11.909],[7.052,11.9126],[7.0527,11.9191],[7.0549,11.9229],[7.0553,11.9263],[7.0596,11.9279],[7.0642,11.9368],[7.0632,11.9426],[7.0657,11.9434],[7.0697,11.9479],[7.0709,11.9513],[7.0655,11.9525],[7.0645,11.9545],[7.0649,11.9627],[7.0756,11.9731],[7.0795,11.9753],[7.0797,11.9782],[7.0828,11.9834],[7.0852,11.9905],[7.0874,11.9926],[7.0884,11.997],[7.0861,12.0016],[7.0875,12.0047],[7.0935,12.01],[7.0986,12.0116],[7.0999,12.013],[7.0996,12.0168],[7.1034,12.0197],[7.1045,12.0254],[7.1092,12.0297],[7.1138,12.0364],[7.1148,12.0408],[7.1131,12.0468],[7.1127,12.0526],[7.108,12.0532],[7.1055,12.0564],[7.1057,12.06],[7.1034,12.0644],[7.1004,12.0634],[7.0977,12.0654],[7.0967,12.0691],[7.0992,12.0708],[7.0993,12.0783],[7.0967,12.0819],[7.1013,12.0846],[7.0971,12.0925],[7.086,12.0865],[7.0764,12.0863],[7.0726,12.0848],[7.0586,12.0877],[7.0546,12.0865],[7.0515,12.0878],[7.0429,12.089],[7.041,12.0905],[7.0346,12.0903],[7.0229,12.0933],[7.0002,12.0969],[6.9966,12.0909],[6.9668,12.0667]]]},"properties":{"name":"YAN WAREN DAJI","state":"36","code":"36/13/10"}},{"type":"Feature","geometry":{"type":"Polygon","coordinates":[[[7.0794,11.818],[7.0751,11.8241],[7.0739,11.8273],[7.0711,11.8289],[7.0598,11.8317],[7.0508,11.8423],[7.0463,11.8428],[7.0204,11.8632],[7.0198,11.8639],[6.997,11.874],[6.9919,11.8757],[6.9911,11.8962],[6.9879,11.9011],[6.9658,11.9179],[6.9553,11.9198],[6.9516,11.9312],[6.9472,11.9357],[6.9297,11.9456],[6.9243,11.9466],[6.919,11.9445],[6.9131,11.9437],[6.908,11.9376],[6.9033,11.9256],[6.9001,11.9185],[6.8978,11.9148],[6.8945,11.9055],[6.8885,11.8962],[6.8866,11.8959],[6.8842,11.8896],[6.8823,11.8864],[6.88,11.8761],[6.8801,11.8738],[6.8745,11.8642],[6.8704,11.8537],[6.8708,11.8489],[6.8678,11.8449],[6.875,11.8407],[6.8763,11.8381],[6.8755,11.8313],[6.877,11.8281],[6.8768,11.8245],[6.88,11.8172],[6.8849,11.8148],[6.8921,11.8081],[6.8977,11.8018],[6.9022,11.7989],[6.9099,11.7858],[6.9124,11.7853],[6.9174,11.7859],[6.9225,11.7874],[6.9253,11.791],[6.9286,11.7929],[6.9333,11.7934],[6.9344,11.7949],[6.9405,11.796],[6.9453,11.7994],[6.9457,11.8013],[6.9507,11.8024],[6.9527,11.8003],[6.9565,11.8026],[6.9636,11.8044],[6.9734,11.8032],[6.9777,11.8081],[6.9838,11.8102],[6.9857,11.8124],[6.9878,11.8102],[6.9937,11.811],[7.0012,11.8113],[7.0173,11.8156],[7.0214,11.8111],[7.0319,11.805],[7.0373,11.8009],[7.0426,11.7904],[7.0497,11.7885],[7.0551,11.7888],[7.06,11.7899],[7.0626,11.8045],[7.0724,11.8086],[7.0748,11.8175],[7.0794,11.818]]]},"properties":{"name":"BILBIS","state":"36","code":"36/13/11"}},{"type":"Feature","geometry":{"type":"Polygon","coordinates":[[[6.5674,12.739],[6.5715,12.741],[6.5781,12.7471],[6.5773,12.7518],[6.5753,12.7565],[6.5722,12.7602],[6.5732,12.7639],[6.5717,12.766],[6.5719,12.7709],[6.5654,12.7741],[6.556,12.7922],[6.5505,12.8078],[6.5451,12.818],[6.5452,12.8221],[6.5435,12.8225],[6.5425,12.8264],[6.5469,12.8428],[6.5426,12.8486],[6.5349,12.8468],[6.5271,12.8467],[6.5229,12.8447],[6.516,12.8381],[6.5025,12.837],[6.4973,12.8405],[6.4902,12.8431],[6.4686,12.8445],[6.4694,12.843],[6.4711,12.8284],[6.4728,12.8261],[6.484,12.8204],[6.4851,12.8142],[6.4827,12.8026],[6.4876,12.7959],[6.4887,12.787],[6.4858,12.7852],[6.4635,12.7823],[6.4464,12.7819],[6.4315,12.7824],[6.426,12.7783],[6.4219,12.7771],[6.4167,12.7739],[6.4152,12.7709],[6.41,12.7692],[6.4089,12.7664],[6.4056,12.766],[6.3999,12.7634],[6.3984,12.7605],[6.3963,12.7602],[6.3925,12.757],[6.3885,12.7523],[6.384,12.7507],[6.3837,12.7457],[6.3802,12.7429],[6.3801,12.7399],[6.3777,12.736],[6.3781,12.7314],[6.376,12.7279],[6.3751,12.7231],[6.3904,12.72],[6.421,12.7181],[6.429,12.7228],[6.4403,12.7256],[6.4462,12.7265],[6.4555,12.734],[6.4597,12.7383],[6.4636,12.7381],[6.4666,12.7421],[6.4701,12.7411],[6.4735,12.7428],[6.4761,12.7464],[6.4754,12.7515],[6.4776,12.7538],[6.4814,12.7548],[6.4912,12.7496],[6.4975,12.743],[6.5018,12.7373],[6.5063,12.7389],[6.5134,12.7446],[6.5388,12.7496],[6.5439,12.7473],[6.5674,12.739]]]},"properties":{"name":"BOKO","state":"36","code":"36/14/01"}},{"type":"Feature","geometry":{"type":"Polygon","coordinates":[[[6.8325,12.645],[6.8304,12.6494],[6.837,12.6602],[6.8342,12.6631],[6.8303,12.6617],[6.8262,12.6669],[6.8247,12.6733],[6.8255,12.6794],[6.8216,12.6844],[6.8164,12.6849],[6.8164,12.6908],[6.8133,12.6929],[6.811,12.6988],[6.8009,12.7028],[6.7961,12.7106],[6.7938,12.7175],[6.7959,12.7254],[6.7992,12.7267],[6.8031,12.7307],[6.8006,12.7389],[6.7979,12.7403],[6.7922,12.7394],[6.7845,12.7395],[6.7823,12.7426],[6.7855,12.7479],[6.7834,12.7532],[6.7792,12.7604],[6.7794,12.769],[6.7775,12.776],[6.7741,12.7741],[6.7679,12.7722],[6.7591,12.7725],[6.7553,12.7718],[6.7485,12.7726],[6.7493,12.7769],[6.7478,12.779],[6.7384,12.7795],[6.7326,12.775],[6.7277,12.775],[6.723,12.7714],[6.7223,12.7677],[6.7195,12.7637],[6.7156,12.7612],[6.7136,12.7611],[6.7105,12.7566],[6.7099,12.7535],[6.7075,12.7534],[6.7063,12.751],[6.6968,12.7441],[6.6872,12.7411],[6.6723,12.7381],[6.6752,12.7338],[6.6771,12.7282],[6.6726,12.7226],[6.6803,12.7102],[6.6871,12.703],[6.6868,12.6914],[6.6978,12.6818],[6.6984,12.6807],[6.7122,12.6728],[6.7125,12.6712],[6.7098,12.6534],[6.7097,12.6438],[6.7205,12.6339],[6.7264,12.6271],[6.7291,12.6272],[6.7331,12.6295],[6.7484,12.6367],[6.7532,12.6369],[6.7629,12.6206],[6.759,12.6106],[6.747,12.5992],[6.7432,12.5871],[6.7507,12.5798],[6.755,12.582],[6.7603,12.5824],[6.7615,12.5877],[6.7716,12.5897],[6.7803,12.5889],[6.784,12.591],[6.7848,12.5948],[6.7828,12.5965],[6.7821,12.6034],[6.7826,12.6112],[6.7836,12.6194],[6.7878,12.6217],[6.7903,12.6253],[6.7975,12.6264],[6.8002,12.6311],[6.8044,12.6355],[6.8118,12.6374],[6.8128,12.6408],[6.8225,12.643],[6.8244,12.6446],[6.8273,12.6428],[6.8311,12.643],[6.8325,12.645]]]},"properties":{"name":"DAURAN / BIRNIN-TSABA","state":"36","code":"36/14/02"}},{"type":"Feature","geometry":{"type":"Polygon","coordinates":[[[6.3772,12.8669],[6.4052,12.8829],[6.4185,12.8837],[6.4223,12.8835],[6.4301,12.8807],[6.4348,12.8806],[6.4434,12.8788],[6.4497,12.8802],[6.4531,12.8822],[6.4535,12.8891],[6.4629,12.8941],[6.4669,12.9021],[6.4649,12.9096],[6.47,12.9099],[6.4735,12.9072],[6.469,12.9261],[6.4636,12.9249],[6.4627,12.9378],[6.4607,12.9429],[6.456,12.9487],[6.448,12.9528],[6.4426,12.9545],[6.4403,12.9631],[6.4354,12.9661],[6.4307,12.964],[6.4281,12.9613],[6.4259,12.9631],[6.4217,12.9594],[6.4164,12.9611],[6.404,12.9607],[6.4033,12.953],[6.405,12.9477],[6.4201,12.947],[6.4197,12.9437],[6.4232,12.9393],[6.4218,12.9379],[6.4218,12.9326],[6.4227,12.9288],[6.4181,12.9261],[6.4078,12.9233],[6.4013,12.9244],[6.3912,12.921],[6.3877,12.9207],[6.3852,12.9176],[6.3814,12.9182],[6.3766,12.9158],[6.3748,12.9166],[6.3642,12.9121],[6.3607,12.9119],[6.3523,12.9097],[6.348,12.908],[6.347,12.906],[6.3423,12.9027],[6.3422,12.9024],[6.3742,12.8707],[6.3772,12.8669]]]},"properties":{"name":"DOLE","state":"36","code":"36/14/03"}},{"type":"Feature","geometry":{"type":"Polygon","coordinates":[[[6.4686,12.8445],[6.4902,12.8431],[6.4973,12.8405],[6.5025,12.837],[6.516,12.8381],[6.5229,12.8447],[6.5271,12.8467],[6.5349,12.8468],[6.5426,12.8486],[6.5452,12.8488],[6.5469,12.8515],[6.5564,12.8543],[6.5574,12.8586],[6.5628,12.8643],[6.5687,12.8651],[6.5714,12.864],[6.5739,12.861],[6.5785,12.8593],[6.5806,12.8627],[6.5792,12.8789],[6.5652,12.8892],[6.5625,12.8904],[6.5328,12.9111],[6.5284,12.9155],[6.5248,12.9174],[6.4971,12.9263],[6.486,12.9235],[6.4836,12.9252],[6.4784,12.9252],[6.4721,12.927],[6.469,12.9261],[6.4735,12.9072],[6.47,12.9099],[6.4649,12.9096],[6.4669,12.9021],[6.4629,12.8941],[6.4535,12.8891],[6.4531,12.8822],[6.4497,12.8802],[6.4434,12.8788],[6.4348,12.8806],[6.4301,12.8807],[6.4223,12.8835],[6.4185,12.8837],[6.4052,12.8829],[6.3772,12.8669],[6.4044,12.8323],[6.4255,12.8322],[6.4309,12.8358],[6.4298,12.8393],[6.4306,12.8435],[6.4332,12.8451],[6.4357,12.856],[6.4377,12.8692],[6.4555,12.8682],[6.4557,12.8568],[6.4564,12.8537],[6.4677,12.8462],[6.4686,12.8445]]]},"properties":{"name":"GALADIMA/YANRUWA","state":"36","code":"36/14/04"}},{"type":"Feature","geometry":{"type":"Polygon","coordinates":[[[6.7097,12.6438],[6.7098,12.6534],[6.7125,12.6712],[6.7122,12.6728],[6.6984,12.6807],[6.6978,12.6818],[6.6868,12.6914],[6.6871,12.703],[6.6803,12.7102],[6.6726,12.7226],[6.6771,12.7282],[6.6752,12.7338],[6.6723,12.7381],[6.6691,12.743],[6.6641,12.7467],[6.6564,12.7492],[6.651,12.754],[6.6511,12.7581],[6.6499,12.7617],[6.6388,12.7561],[6.6347,12.7581],[6.6306,12.7615],[6.63,12.7634],[6.6183,12.7661],[6.6134,12.7734],[6.6141,12.7808],[6.6121,12.7878],[6.6126,12.8019],[6.6084,12.8109],[6.5645,12.8097],[6.5505,12.8078],[6.556,12.7922],[6.5654,12.7741],[6.5719,12.7709],[6.5717,12.766],[6.5732,12.7639],[6.5722,12.7602],[6.5753,12.7565],[6.5773,12.7518],[6.5781,12.7471],[6.5715,12.741],[6.5674,12.739],[6.5642,12.7319],[6.5642,12.7288],[6.5625,12.7212],[6.5604,12.715],[6.5611,12.714],[6.5585,12.7094],[6.5583,12.7029],[6.5568,12.6975],[6.5548,12.6947],[6.5554,12.6928],[6.5539,12.6885],[6.5517,12.6868],[6.552,12.6817],[6.55,12.6792],[6.551,12.6748],[6.5539,12.6758],[6.5581,12.6789],[6.5645,12.679],[6.5683,12.6773],[6.578,12.6754],[6.5954,12.6734],[6.6023,12.6722],[6.6368,12.6633],[6.6464,12.6595],[6.6635,12.6516],[6.6675,12.6496],[6.6889,12.6429],[6.7042,12.6424],[6.7097,12.6438]]]},"properties":{"name":"KANWA","state":"36","code":"36/14/05"}},{"type":"Feature","geometry":{"type":"Polygon","coordinates":[[[7.05,13],[7.031,13],[6.995,13.0013],[6.9421,13.0035],[6.8634,13.0937],[6.8417,13.0776],[6.792,13.0425],[6.7559,13.0072],[6.7543,13.0036],[6.7421,13.0018],[6.7444,12.9963],[6.744,12.9909],[6.7417,12.9885],[6.7413,12.9793],[6.7441,12.9786],[6.7491,12.9801],[6.7523,12.9744],[6.7489,12.9588],[6.7495,12.9536],[6.7479,12.9475],[6.7461,12.943],[6.7475,12.935],[6.7482,12.9365],[6.7562,12.9418],[6.7667,12.9457],[6.7701,12.9496],[6.7738,12.9485],[6.7767,12.9463],[6.7829,12.9454],[6.7896,12.9471],[6.7916,12.9455],[6.7976,12.9456],[6.812,12.9422],[6.8185,12.9432],[6.8223,12.9431],[6.8282,12.9407],[6.8343,12.9397],[6.8408,12.9327],[6.8438,12.9316],[6.8472,12.9324],[6.8524,12.9382],[6.8564,12.9293],[6.8617,12.925],[6.8583,12.9172],[6.8552,12.9131],[6.8559,12.9073],[6.8594,12.8975],[6.8588,12.8923],[6.8561,12.8879],[6.855,12.8806],[6.8572,12.8803],[6.8658,12.8745],[6.8703,12.8686],[6.8729,12.8671],[6.9285,12.8574],[6.9673,12.8566],[6.9931,12.881],[7.0509,12.93],[7.051,12.9326],[7.0492,12.9347],[7.052,12.9382],[7.0509,12.9417],[7.0522,12.9433],[7.0562,12.9439],[7.0597,12.952],[7.0566,12.9555],[7.0493,12.9612],[7.0498,12.9646],[7.0487,12.9687],[7.0502,12.9703],[7.0505,12.9814],[7.049,12.9868],[7.0517,12.9896],[7.0513,12.9955],[7.05,13]]]},"properties":{"name":"KWASHBAWA","state":"36","code":"36/14/06"}},{"type":"Feature","geometry":{"type":"Polygon","coordinates":[[[6.6837,13.113],[6.6832,13.1072],[6.6572,13.0928],[6.6068,13.0466],[6.6453,13.0367],[6.6444,13.0337],[6.6496,13.0333],[6.6524,13.0311],[6.657,13.0297],[6.6603,13.0301],[6.6649,13.0271],[6.6669,13.0246],[6.6697,13.0254],[6.6754,13.0205],[6.716,13.0141],[6.7366,13.0057],[6.7389,13.0058],[6.7421,13.0018],[6.7543,13.0036],[6.7559,13.0072],[6.792,13.0425],[6.8417,13.0776],[6.8634,13.0937],[6.8201,13.1434],[6.8166,13.1491],[6.7928,13.1323],[6.7435,13.1185],[6.6877,13.1329],[6.6856,13.1277],[6.6837,13.113]]]},"properties":{"name":"MASHEM","state":"36","code":"36/14/07"}},{"type":"Feature","geometry":{"type":"Polygon","coordinates":[[[6.6708,12.9121],[6.6703,12.905],[6.6737,12.904],[6.6738,12.8915],[6.6814,12.8488],[6.7169,12.848],[6.7208,12.8525],[6.7257,12.8552],[6.7288,12.851],[6.7317,12.8496],[6.7333,12.8451],[6.7626,12.8428],[6.7907,12.8337],[6.7946,12.8322],[6.8,12.8351],[6.8021,12.8364],[6.8143,12.8386],[6.8213,12.8416],[6.8252,12.8418],[6.8325,12.8447],[6.8388,12.8455],[6.8503,12.8525],[6.8537,12.8552],[6.861,12.858],[6.864,12.8621],[6.8693,12.8666],[6.8703,12.8686],[6.8658,12.8745],[6.8572,12.8803],[6.855,12.8806],[6.8561,12.8879],[6.8588,12.8923],[6.8594,12.8975],[6.8559,12.9073],[6.8552,12.9131],[6.8583,12.9172],[6.8617,12.925],[6.8564,12.9293],[6.8524,12.9382],[6.8472,12.9324],[6.8438,12.9316],[6.8408,12.9327],[6.8343,12.9397],[6.8282,12.9407],[6.8223,12.9431],[6.8185,12.9432],[6.812,12.9422],[6.7976,12.9456],[6.7916,12.9455],[6.7896,12.9471],[6.7829,12.9454],[6.7767,12.9463],[6.7738,12.9485],[6.7701,12.9496],[6.7667,12.9457],[6.7562,12.9418],[6.7482,12.9365],[6.7475,12.935],[6.7352,12.93],[6.6945,12.9284],[6.6761,12.9119],[6.6708,12.9121]]]},"properties":{"name":"KUTURU/MAYASA","state":"36","code":"36/14/08"}},{"type":"Feature","geometry":{"type":"Polygon","coordinates":[[[7.0404,12.7174],[7.043,12.7196],[7.0607,12.7398],[7.0604,12.7617],[7.0664,12.8],[7.0665,12.8106],[7.0561,12.8233],[7.0619,12.827],[7.0686,12.8322],[7.0633,12.8381],[7.0634,12.8479],[7.0649,12.8595],[7.065,12.8772],[7.0664,12.8817],[7.0651,12.8857],[7.0662,12.8896],[7.0654,12.8975],[7.0639,12.9031],[7.0653,12.9057],[7.0654,12.9126],[7.0614,12.9128],[7.0621,12.9191],[7.0597,12.9191],[7.0551,12.9304],[7.051,12.9326],[7.0509,12.93],[6.9931,12.881],[6.9673,12.8566],[6.9285,12.8574],[6.8729,12.8671],[6.8703,12.8686],[6.8693,12.8666],[6.864,12.8621],[6.861,12.858],[6.8537,12.8552],[6.8503,12.8525],[6.8388,12.8455],[6.8325,12.8447],[6.8252,12.8418],[6.8213,12.8416],[6.8143,12.8386],[6.8021,12.8364],[6.8,12.8351],[6.8022,12.831],[6.8033,12.8237],[6.8055,12.8203],[6.8055,12.814],[6.81,12.8117],[6.8102,12.8086],[6.8043,12.8065],[6.8033,12.8027],[6.797,12.7999],[6.7929,12.793],[6.79,12.7903],[6.7912,12.7813],[6.7948,12.7802],[6.7952,12.7744],[6.794,12.7713],[6.7899,12.7722],[6.7838,12.7709],[6.7829,12.7684],[6.7794,12.769],[6.7792,12.7604],[6.7834,12.7532],[6.7855,12.7479],[6.7823,12.7426],[6.7845,12.7395],[6.7922,12.7394],[6.7979,12.7403],[6.8006,12.7389],[6.8031,12.7307],[6.7992,12.7267],[6.7959,12.7254],[6.7938,12.7175],[6.7961,12.7106],[6.8009,12.7028],[6.811,12.6988],[6.8133,12.6929],[6.8164,12.6908],[6.8164,12.6849],[6.8216,12.6844],[6.8255,12.6794],[6.8247,12.6733],[6.8262,12.6669],[6.8303,12.6617],[6.8342,12.6631],[6.837,12.6602],[6.8304,12.6494],[6.8325,12.645],[6.8337,12.6438],[6.8501,12.6423],[6.87,12.6427],[6.9451,12.6621],[6.989,12.6734],[7.0144,12.6957],[7.0197,12.7003],[7.0404,12.7174]]]},"properties":{"name":"RUKUDAWA","state":"36","code":"36/14/09"}},{"type":"Feature","geometry":{"type":"Polygon","coordinates":[[[6.5625,12.8904],[6.5652,12.8892],[6.5792,12.8789],[6.5806,12.8627],[6.5785,12.8593],[6.5739,12.861],[6.5714,12.864],[6.5687,12.8651],[6.5628,12.8643],[6.5574,12.8586],[6.5564,12.8543],[6.5469,12.8515],[6.5452,12.8488],[6.5426,12.8486],[6.5469,12.8428],[6.5425,12.8264],[6.5435,12.8225],[6.5452,12.8221],[6.5451,12.818],[6.5505,12.8078],[6.5645,12.8097],[6.6084,12.8109],[6.6126,12.8019],[6.6121,12.7878],[6.6141,12.7808],[6.6134,12.7734],[6.6183,12.7661],[6.63,12.7634],[6.6306,12.7615],[6.6347,12.7581],[6.6388,12.7561],[6.6499,12.7617],[6.6574,12.7756],[6.6667,12.7816],[6.6849,12.7877],[6.6916,12.7925],[6.7064,12.7909],[6.7138,12.795],[6.7146,12.7993],[6.7136,12.8085],[6.7035,12.815],[6.6977,12.8222],[6.6801,12.8342],[6.6814,12.8488],[6.6738,12.8915],[6.6737,12.904],[6.6703,12.905],[6.6708,12.9121],[6.6689,12.9148],[6.6648,12.9164],[6.6604,12.9161],[6.6563,12.9189],[6.6492,12.9207],[6.6458,12.9196],[6.6448,12.9218],[6.6432,12.9181],[6.6392,12.9174],[6.6335,12.9176],[6.6131,12.9075],[6.6007,12.9039],[6.5897,12.9047],[6.587,12.903],[6.5847,12.8993],[6.5762,12.8964],[6.5625,12.8904]]]},"properties":{"name":"YAN BUKI/ DUTSI","state":"36","code":"36/14/10"}},{"type":"Feature","geometry":{"type":"Polygon","coordinates":[[[6.7794,12.769],[6.7829,12.7684],[6.7838,12.7709],[6.7899,12.7722],[6.794,12.7713],[6.7952,12.7744],[6.7948,12.7802],[6.7912,12.7813],[6.79,12.7903],[6.7929,12.793],[6.797,12.7999],[6.8033,12.8027],[6.8043,12.8065],[6.8102,12.8086],[6.81,12.8117],[6.8055,12.814],[6.8055,12.8203],[6.8033,12.8237],[6.8022,12.831],[6.8,12.8351],[6.7946,12.8322],[6.7907,12.8337],[6.7626,12.8428],[6.7333,12.8451],[6.7317,12.8496],[6.7288,12.851],[6.7257,12.8552],[6.7208,12.8525],[6.7169,12.848],[6.6814,12.8488],[6.6801,12.8342],[6.6977,12.8222],[6.7035,12.815],[6.7136,12.8085],[6.7146,12.7993],[6.7138,12.795],[6.7064,12.7909],[6.6916,12.7925],[6.6849,12.7877],[6.6667,12.7816],[6.6574,12.7756],[6.6499,12.7617],[6.6511,12.7581],[6.651,12.754],[6.6564,12.7492],[6.6641,12.7467],[6.6691,12.743],[6.6723,12.7381],[6.6872,12.7411],[6.6968,12.7441],[6.7063,12.751],[6.7075,12.7534],[6.7099,12.7535],[6.7105,12.7566],[6.7136,12.7611],[6.7156,12.7612],[6.7195,12.7637],[6.7223,12.7677],[6.723,12.7714],[6.7277,12.775],[6.7326,12.775],[6.7384,12.7795],[6.7478,12.779],[6.7493,12.7769],[6.7485,12.7726],[6.7553,12.7718],[6.7591,12.7725],[6.7679,12.7722],[6.7741,12.7741],[6.7775,12.776],[6.7794,12.769]]]},"properties":{"name":"ZURMI","state":"36","code":"36/14/11"}}]}